timestamp,frame_idx,lm0_x,lm0_y,lm0_z,lm0_v,lm1_x,lm1_y,lm1_z,lm1_v,lm2_x,lm2_y,lm2_z,lm2_v,lm3_x,lm3_y,lm3_z,lm3_v,lm4_x,lm4_y,lm4_z,lm4_v,lm5_x,lm5_y,lm5_z,lm5_v,lm6_x,lm6_y,lm6_z,lm6_v,lm7_x,lm7_y,lm7_z,lm7_v,lm8_x,lm8_y,lm8_z,lm8_v,lm9_x,lm9_y,lm9_z,lm9_v,lm10_x,lm10_y,lm10_z,lm10_v,lm11_x,lm11_y,lm11_z,lm11_v,lm12_x,lm12_y,lm12_z,lm12_v,lm13_x,lm13_y,lm13_z,lm13_v,lm14_x,lm14_y,lm14_z,lm14_v,lm15_x,lm15_y,lm15_z,lm15_v,lm16_x,lm16_y,lm16_z,lm16_v,lm17_x,lm17_y,lm17_z,lm17_v,lm18_x,lm18_y,lm18_z,lm18_v,lm19_x,lm19_y,lm19_z,lm19_v,lm20_x,lm20_y,lm20_z,lm20_v,lm21_x,lm21_y,lm21_z,lm21_v,lm22_x,lm22_y,lm22_z,lm22_v,lm23_x,lm23_y,lm23_z,lm23_v,lm24_x,lm24_y,lm24_z,lm24_v,lm25_x,lm25_y,lm25_z,lm25_v,lm26_x,lm26_y,lm26_z,lm26_v,lm27_x,lm27_y,lm27_z,lm27_v,lm28_x,lm28_y,lm28_z,lm28_v,lm29_x,lm29_y,lm29_z,lm29_v,lm30_x,lm30_y,lm30_z,lm30_v,lm31_x,lm31_y,lm31_z,lm31_v,lm32_x,lm32_y,lm32_z,lm32_v
2026-04-30T18:49:35.117745,0,0.5558125972747803,0.08720438927412033,-1.1930147409439087,0.9998594522476196,0.5886096954345703,0.02823030948638916,-1.1688847541809082,0.9996334314346313,0.6063612699508667,0.028501927852630615,-1.1689287424087524,0.9996837377548218,0.6221669316291809,0.030086755752563477,-1.1692649126052856,0.9994944334030151,0.5266294479370117,0.028344035148620605,-1.1685655117034912,0.9996763467788696,0.5064314603805542,0.0279160737991333,-1.1687828302383423,0.9997498393058777,0.4903269410133362,0.0276908278465271,-1.1691153049468994,0.9996654987335205,0.6450492143630981,0.05168461799621582,-0.9526379704475403,0.9996528625488281,0.4660465717315674,0.0448879599571228,-0.9475613832473755,0.9997381567955017,0.5850858092308044,0.15181583166122437,-1.102210521697998,0.9999420642852783,0.5208977460861206,0.14314872026443481,-1.1008888483047485,0.9999630451202393,0.7436021566390991,0.27372631430625916,-0.7952293753623962,0.9990715980529785,0.379450261592865,0.2665805518627167,-0.7846041917800903,0.9993763566017151,0.7982295751571655,0.66633540391922,-0.7868047952651978,0.9922913908958435,0.35971158742904663,0.6397871375083923,-0.7738839983940125,0.9921191930770874,0.7859621644020081,1.007232666015625,-0.9533575773239136,0.8899006843566895,0.3991732895374298,0.8723499178886414,-0.919449508190155,0.9796894788742065,0.8064001202583313,1.1336325407028198,-1.037316083908081,0.8161807060241699,0.3823893666267395,0.9402903914451599,-0.9975876808166504,0.9608437418937683,0.7700208425521851,1.1205979585647583,-1.0945178270339966,0.8358197808265686,0.4248966574668884,0.9275369644165039,-1.0316791534423828,0.966041088104248,0.747631847858429,1.084089994430542,-0.9811767339706421,0.8559433817863464,0.4417532980442047,0.8993793725967407,-0.9350019693374634,0.9646254777908325,0.6480538249015808,0.7310142517089844,-0.028045451268553734,0.999409556388855,0.4689413011074066,0.7082805633544922,0.027957255020737648,0.9993347525596619,0.6717268824577332,1.0180906057357788,-0.2596625089645386,0.9148761034011841,0.3497585952281952,0.9980111718177795,-0.016883058473467827,0.9019633531570435,0.5873163342475891,1.0017356872558594,0.680745542049408,0.07637560367584229,0.445011705160141,0.9816572070121765,0.6919662952423096,0.14758728444576263,0.5761978626251221,0.9627241492271423,0.7783212065696716,0.08757419884204865,0.4731593132019043,0.9675275683403015,0.7689565420150757,0.12523970007896423,0.5569741725921631,1.10323965549469,0.7820967435836792,0.06852691620588303,0.42955559492111206,1.0874725580215454,0.7602518200874329,0.11506081372499466
2026-04-30T18:49:35.305822,1,0.5558034181594849,0.0874766930937767,-0.9215319752693176,0.999871551990509,0.5885273218154907,0.027998926118016243,-0.9106627702713013,0.9996607899665833,0.6060416102409363,0.02847127802670002,-0.910721480846405,0.9997074604034424,0.6214872002601624,0.030092528089880943,-0.9108274579048157,0.9995342493057251,0.5266167521476746,0.02821066416800022,-0.9048025012016296,0.9996996521949768,0.5069299340248108,0.02775481343269348,-0.9051843881607056,0.9997682571411133,0.4912465512752533,0.027297278866171837,-0.9054358601570129,0.9996902346611023,0.6438957452774048,0.0501713864505291,-0.7521514296531677,0.9996802806854248,0.4662558138370514,0.039731208235025406,-0.7261541485786438,0.9997600317001343,0.585078775882721,0.1500101089477539,-0.853436291217804,0.9999468922615051,0.5211799740791321,0.14273399114608765,-0.845345675945282,0.999966025352478,0.7399572134017944,0.2598937451839447,-0.6041907072067261,0.9991487264633179,0.3785005509853363,0.2663474977016449,-0.5946226119995117,0.9994311332702637,0.7969852089881897,0.6600889563560486,-0.47153106331825256,0.9926177263259888,0.3618795573711395,0.6377437114715576,-0.4866063594818115,0.9925265908241272,0.7586458921432495,1.0000271797180176,-0.4892142415046692,0.8993951082229614,0.4182882308959961,0.8645079135894775,-0.5558839440345764,0.9806334376335144,0.7697304487228394,1.1226078271865845,-0.5437002778053284,0.8315576910972595,0.4219851493835449,0.9355109333992004,-0.5935827493667603,0.9626426100730896,0.7416239976882935,1.1210063695907593,-0.581602931022644,0.8494797945022583,0.45377427339553833,0.9078671932220459,-0.635373055934906,0.9675079584121704,0.7165148258209229,1.0841107368469238,-0.504029393196106,0.8682576417922974,0.4574778974056244,0.8774540424346924,-0.571502149105072,0.9665312767028809,0.6484672427177429,0.7331680655479431,-0.02112681232392788,0.9990843534469604,0.46894460916519165,0.7212769389152527,0.02163548953831196,0.9991170167922974,0.6266535520553589,1.0866854190826416,0.009765023365616798,0.886511504650116,0.4281105399131775,0.9980135560035706,0.17233701050281525,0.8804655075073242,0.6170405149459839,1.2769826650619507,0.5947397947311401,0.08749227970838547,0.44492143392562866,1.2686556577682495,0.6346168518066406,0.15698310732841492,0.6146193146705627,1.2993597984313965,0.6400697827339172,0.11224617063999176,0.461125910282135,1.2969483137130737,0.6755411624908447,0.15273216366767883,0.621476411819458,1.4195603132247925,0.5078817009925842,0.07239528000354767,0.42916280031204224,1.4170762300491333,0.508995532989502,0.11745813488960266
2026-04-30T18:49:35.422820,2,0.5528457164764404,0.08779282122850418,-0.9963626861572266,0.9998787641525269,0.5822659730911255,0.028016071766614914,-0.9814866781234741,0.9996811151504517,0.5991814136505127,0.028491318225860596,-0.9815484285354614,0.9997212886810303,0.6135093569755554,0.030098771676421165,-0.9817920923233032,0.9995637536048889,0.5238574147224426,0.0281964223831892,-0.9755226373672485,0.9997190833091736,0.5061464309692383,0.027686674147844315,-0.9758610725402832,0.999781608581543,0.49063101410865784,0.02705473266541958,-0.9762111902236938,0.9997120499610901,0.633370041847229,0.0485055074095726,-0.7927486300468445,0.9996927380561829,0.4654013514518738,0.0365399532020092,-0.7647742033004761,0.9997759461402893,0.5817046165466309,0.14599676430225372,-0.9153000116348267,0.9999503493309021,0.5205756425857544,0.14189180731773376,-0.9070776104927063,0.9999682307243347,0.7289652228355408,0.2518448531627655,-0.6179945468902588,0.9992039799690247,0.378182590007782,0.2652679681777954,-0.623259425163269,0.9994767904281616,0.7816024422645569,0.6413470506668091,-0.4905758500099182,0.9925802946090698,0.36839163303375244,0.6267842650413513,-0.5281823873519897,0.9927211999893188,0.7310357689857483,0.9639393091201782,-0.5514398813247681,0.9049498438835144,0.4397702217102051,0.8622506260871887,-0.6084237694740295,0.979809582233429,0.7368156313896179,1.0806877613067627,-0.6078148484230042,0.84036785364151,0.4495175778865814,0.9341270923614502,-0.6558281779289246,0.9605976939201355,0.6935575604438782,1.0569428205490112,-0.6536938548088074,0.8575667142868042,0.47789543867111206,0.9073623418807983,-0.685989499092102,0.9656460881233215,0.6838496327400208,1.0083574056625366,-0.5683038830757141,0.8755111694335938,0.47744280099868774,0.8781007528305054,-0.6179446578025818,0.965289294719696,0.65067058801651,0.7331588268280029,-0.018387790769338608,0.998938262462616,0.4716387689113617,0.7260286808013916,0.018782196566462517,0.9990373253822327,0.6342153549194336,1.0492669343948364,-0.09316026419401169,0.8669387698173523,0.4669460654258728,0.9941138625144958,0.07299391180276871,0.8680095076560974,0.6331130266189575,1.1680268049240112,0.6268759965896606,0.09057407081127167,0.5003792643547058,1.1740182638168335,0.5900940299034119,0.16556411981582642,0.6366223096847534,1.162264108657837,0.6509402394294739,0.11659340560436249,0.5144020318984985,1.179046630859375,0.6477568745613098,0.16120538115501404,0.6331707835197449,1.2894153594970703,0.624660849571228,0.07566371560096741,0.4885775148868561,1.3072009086608887,0.55083167552948,0.12393283098936081
2026-04-30T18:49:35.536990,3,0.5492678880691528,0.10052387416362762,-1.048793077468872,0.9998685121536255,0.5782914161682129,0.03257721662521362,-1.034883737564087,0.9996575117111206,0.5944112539291382,0.032240256667137146,-1.0349462032318115,0.9996868371963501,0.6074320077896118,0.03298385813832283,-1.0352379083633423,0.9995388984680176,0.5225936770439148,0.03357791155576706,-1.0303738117218018,0.9997079968452454,0.5057255029678345,0.03130875527858734,-1.0307071208953857,0.9997674822807312,0.49016982316970825,0.0287619661539793,-1.0310580730438232,0.9997063875198364,0.6233909726142883,0.0484006293118,-0.8372480273246765,0.9996447563171387,0.46365660429000854,0.03573198989033699,-0.814350962638855,0.9997668862342834,0.5758239030838013,0.1489178091287613,-0.96198570728302,0.9999472498893738,0.5189956426620483,0.1483495980501175,-0.9549733400344849,0.9999669194221497,0.7185951471328735,0.24820299446582794,-0.6492802500724792,0.9992526173591614,0.3776848614215851,0.26449427008628845,-0.6508897542953491,0.9995176196098328,0.7644784450531006,0.6261703968048096,-0.5359231233596802,0.9923676252365112,0.3747471272945404,0.6201671957969666,-0.5624321699142456,0.9927368760108948,0.7102885842323303,0.9310913681983948,-0.6390717625617981,0.9087876677513123,0.4599302411079407,0.8566403985023499,-0.666744589805603,0.977340579032898,0.7182211875915527,1.0280327796936035,-0.6983130574226379,0.8466971516609192,0.4723507761955261,0.9267652630805969,-0.7183471322059631,0.9559942483901978,0.6821986436843872,1.0093027353286743,-0.7436833381652832,0.8633937835693359,0.4977118968963623,0.904007613658905,-0.7436606287956238,0.9613968133926392,0.6733861565589905,0.9680712819099426,-0.6553204655647278,0.880162239074707,0.4963526129722595,0.8758254647254944,-0.6736821532249451,0.9613441824913025,0.6524055600166321,0.7343636155128479,-0.00887717492878437,0.9985955357551575,0.4747393727302551,0.7371442317962646,0.009078928269445896,0.9988384246826172,0.6671996116638184,1.1290117502212524,-0.0956529825925827,0.8433271050453186,0.4668711721897125,1.0764635801315308,-0.09368866682052612,0.8554238080978394,0.6818537712097168,1.2170320749282837,0.6047875881195068,0.0910414382815361,0.5083866119384766,1.252498984336853,0.47610926628112793,0.17481161653995514,0.6817254424095154,1.2132916450500488,0.673005223274231,0.11781806498765945,0.520661473274231,1.2630256414413452,0.5347124338150024,0.1677010953426361,0.6863464117050171,1.3488965034484863,0.6122735142707825,0.077414870262146,0.5112363696098328,1.3947432041168213,0.4140702784061432,0.12951302528381348
2026-04-30T18:49:35.647088,4,0.539280116558075,0.08568546175956726,-0.8106969594955444,0.9998779892921448,0.5650240182876587,0.02011924609541893,-0.7877117395401001,0.9996804594993591,0.5810736417770386,0.020916851237416267,-0.7877920866012573,0.9997057318687439,0.5942226648330688,0.022614706307649612,-0.7879921197891235,0.9995712637901306,0.5154258608818054,0.02129381336271763,-0.7849451899528503,0.999729573726654,0.5005806684494019,0.02112463302910328,-0.7852880358695984,0.999783992767334,0.48574692010879517,0.02062792144715786,-0.7856720685958862,0.9997292160987854,0.6110346913337708,0.041453827172517776,-0.6042196750640869,0.9996591806411743,0.462534099817276,0.03242713212966919,-0.5895237922668457,0.9997828006744385,0.5665794014930725,0.13749445974826813,-0.7378028631210327,0.9999514222145081,0.512698769569397,0.13879211246967316,-0.7335143089294434,0.9999696612358093,0.7150663733482361,0.24858349561691284,-0.4793436527252197,0.9993101358413696,0.3760317265987396,0.26436638832092285,-0.5251537561416626,0.9995587468147278,0.7499050498008728,0.607446014881134,-0.4083452820777893,0.9921227097511292,0.37904301285743713,0.6091005206108093,-0.48372429609298706,0.9929333925247192,0.7049241662025452,0.9045799374580383,-0.5416063070297241,0.9120635986328125,0.46561750769615173,0.841131329536438,-0.6006228923797607,0.9774417281150818,0.7115145921707153,0.9933671355247498,-0.5937401056289673,0.8526418209075928,0.47372666001319885,0.9113082885742188,-0.6512506604194641,0.9563515186309814,0.6771914958953857,0.9810087084770203,-0.6402295827865601,0.8684917688369751,0.5000817775726318,0.8914335370063782,-0.6724769473075867,0.9616190195083618,0.6675862073898315,0.9445260763168335,-0.5597795248031616,0.8843157291412354,0.5003548264503479,0.8634914755821228,-0.6060879230499268,0.9615416526794434,0.6535750031471252,0.7344524264335632,0.003142340574413538,0.9986361861228943,0.4762517809867859,0.7370920181274414,-0.003002092009410262,0.9988809823989868,0.7162920236587524,1.1002562046051025,-0.2803743779659271,0.8359729051589966,0.49063605070114136,0.9758952260017395,-0.2519078552722931,0.8515838384628296,0.664168655872345,0.966090202331543,0.4503967761993408,0.08661308139562607,0.5174296498298645,1.12240731716156,0.26693955063819885,0.17649689316749573,0.653598427772522,0.9523120522499084,0.527451753616333,0.11199544370174408,0.5281625986099243,1.1266248226165771,0.32299718260765076,0.16542774438858032,0.6586820483207703,1.0621885061264038,0.5521567463874817,0.07430598139762878,0.5281210541725159,1.2301534414291382,0.2757702171802521,0.1319340020418167
2026-04-30T18:49:35.764306,5,0.5306798219680786,0.05589387193322182,-0.7689396142959595,0.9998833537101746,0.5501401424407959,0.003464126493781805,-0.7574101686477661,0.9996867775917053,0.5647417306900024,0.007428253069519997,-0.7572203874588013,0.9997087717056274,0.5774825811386108,0.01128652598708868,-0.7574273347854614,0.9995834231376648,0.5095009207725525,-0.003193849930539727,-0.7536256313323975,0.999739408493042,0.4973215162754059,-0.0033686235547065735,-0.7538145184516907,0.99979168176651,0.48458367586135864,-0.00296609615907073,-0.7540950179100037,0.9997431039810181,0.5933355093002319,0.038214635103940964,-0.591114342212677,0.9996556043624878,0.46417236328125,0.02614871971309185,-0.573022186756134,0.9997925758361816,0.5561448931694031,0.10568676143884659,-0.6978768110275269,0.9999540448188782,0.5085179209709167,0.1032189205288887,-0.6921764612197876,0.9999713897705078,0.6957089900970459,0.2309335321187973,-0.4229799211025238,0.9993607401847839,0.3799612820148468,0.2616264224052429,-0.45841240882873535,0.9995972514152527,0.743777871131897,0.5245054364204407,-0.2639026641845703,0.9926356673240662,0.37881234288215637,0.5567744374275208,-0.36745476722717285,0.9934676289558411,0.7145414352416992,0.8229928612709045,-0.3719809353351593,0.9190111756324768,0.4590592384338379,0.7696255445480347,-0.4859164357185364,0.9790858626365662,0.7270057201385498,0.9124110341072083,-0.43206414580345154,0.8627001643180847,0.4727244973182678,0.8453565239906311,-0.5394331812858582,0.9590619206428528,0.6936936378479004,0.9090749025344849,-0.47826871275901794,0.8775701522827148,0.4973369538784027,0.8206488490104675,-0.5749610066413879,0.9639859795570374,0.6794635653495789,0.8814864754676819,-0.38903623819351196,0.8924625515937805,0.49663668870925903,0.7969264984130859,-0.4972347617149353,0.9638030529022217,0.6533301472663879,0.7350373864173889,0.0072477892972528934,0.9982373714447021,0.4797915816307068,0.7441770434379578,-0.006805183831602335,0.9985322952270508,0.6868840456008911,1.1223926544189453,-0.11618711054325104,0.795265257358551,0.49555152654647827,1.1148574352264404,-0.010001463815569878,0.8046585917472839,0.6631336808204651,1.3856643438339233,0.49342408776283264,0.08113110065460205,0.5110198855400085,1.4107662439346313,0.43582504987716675,0.1644144505262375,0.6615702509880066,1.4251738786697388,0.5476129651069641,0.10611257702112198,0.520706057548523,1.4528049230575562,0.47860828042030334,0.15289808809757233,0.6577428579330444,1.527787685394287,0.3691259026527405,0.06906373798847198,0.5191428661346436,1.5436853170394897,0.2545775771141052,0.1216045692563057
2026-04-30T18:49:35.871720,6,0.5328866839408875,0.036647580564022064,-0.6289687156677246,0.9998891949653625,0.5547996759414673,-0.010779241099953651,-0.6086903810501099,0.9997029900550842,0.5699825882911682,-0.007370584644377232,-0.608594536781311,0.9997197985649109,0.5834974646568298,-0.003729034448042512,-0.6086874008178711,0.9996057152748108,0.5104623436927795,-0.01576969400048256,-0.6040422320365906,0.9997550845146179,0.49758991599082947,-0.014875885099172592,-0.6041222214698792,0.9998027682304382,0.4860362410545349,-0.013071130029857159,-0.6043217778205872,0.9997602701187134,0.6011050343513489,0.02284933067858219,-0.4288673996925354,0.9996654987335205,0.47239232063293457,0.015265215188264847,-0.4065399169921875,0.9998058676719666,0.559111475944519,0.08279094099998474,-0.557316243648529,0.9999564290046692,0.5088326930999756,0.07853547483682632,-0.5505399107933044,0.9999728202819824,0.6991180181503296,0.23200127482414246,-0.27410534024238586,0.9994014501571655,0.39503756165504456,0.26157146692276,-0.31374770402908325,0.9996291399002075,0.7489575743675232,0.5125652551651001,-0.10520277917385101,0.992993175983429,0.38123732805252075,0.5405934453010559,-0.288388192653656,0.9938555359840393,0.7172403335571289,0.7838371396064758,-0.1866157352924347,0.9254635572433472,0.45766130089759827,0.7398310899734497,-0.49642616510391235,0.9804200530052185,0.7280746698379517,0.8668857216835022,-0.23444585502147675,0.8724503517150879,0.46229153871536255,0.8149235844612122,-0.5557712316513062,0.9613019824028015,0.7120842933654785,0.8674147129058838,-0.2786546051502228,0.886158287525177,0.49533432722091675,0.794559121131897,-0.5964446663856506,0.9659149646759033,0.7007631659507751,0.8381478190422058,-0.20199938118457794,0.9002045392990112,0.49048328399658203,0.7693566679954529,-0.5130369067192078,0.9656323790550232,0.6490073204040527,0.7583895921707153,0.009190993383526802,0.9981142282485962,0.4804689288139343,0.7565733790397644,-0.008626223541796207,0.9983693957328796,0.6521707773208618,1.141831874847412,-0.08156608045101166,0.7731214165687561,0.489182710647583,1.1401013135910034,0.029703879728913307,0.7794786691665649,0.6543219685554504,1.438724398612976,0.4633854329586029,0.07666760683059692,0.5057098865509033,1.4498226642608643,0.4460262656211853,0.1527366191148758,0.6507893204689026,1.4805893898010254,0.5066934823989868,0.09984678775072098,0.5163918733596802,1.4908455610275269,0.48177284002304077,0.14080865681171417,0.6472762823104858,1.570092797279358,0.2958352267742157,0.06414109468460083,0.5248265266418457,1.5846195220947266,0.21929815411567688,0.11175508797168732
2026-04-30T18:49:35.986847,7,0.5532553195953369,0.04074467346072197,-0.4341298043727875,0.9998983144760132,0.5685664415359497,-0.00975663959980011,-0.4055880904197693,0.9997276663780212,0.5796347260475159,-0.006704212166368961,-0.4057087004184723,0.9997435212135315,0.5908789038658142,-0.002435306552797556,-0.4057799279689789,0.9996394515037537,0.5403948426246643,-0.011798142455518246,-0.4053547978401184,0.9997752904891968,0.530812680721283,-0.010731061920523643,-0.40535610914230347,0.999819278717041,0.5213432908058167,-0.009128942154347897,-0.4055544435977936,0.999780535697937,0.6064804792404175,0.02352849207818508,-0.2100377082824707,0.9996935129165649,0.5072266459465027,0.01579580083489418,-0.20945875346660614,0.9998228549957275,0.5703742504119873,0.08527873456478119,-0.35819506645202637,0.9999592304229736,0.5364025831222534,0.07778749614953995,-0.3581112027168274,0.999974250793457,0.6990276575088501,0.23281235992908478,-0.09286847710609436,0.999455988407135,0.4323084354400635,0.2560722529888153,-0.13495858013629913,0.9996609091758728,0.7491528987884521,0.4914817214012146,0.04557233303785324,0.9934858679771423,0.39364346861839294,0.4952128827571869,-0.09302012622356415,0.9943426251411438,0.7273542284965515,0.7470701336860657,-0.09605041146278381,0.9325792789459229,0.43611854314804077,0.698607861995697,-0.26830798387527466,0.9820904731750488,0.7354776859283447,0.8223055601119995,-0.15357030928134918,0.8845759034156799,0.4362492561340332,0.7714231014251709,-0.32990729808807373,0.9644969701766968,0.7164860963821411,0.8182271718978882,-0.21151824295520782,0.8969741463661194,0.45440229773521423,0.7599822282791138,-0.3886312246322632,0.9687222242355347,0.7118023633956909,0.7958427667617798,-0.11887083202600479,0.9096307158470154,0.45741143822669983,0.7380096912384033,-0.29305487871170044,0.9684398174285889,0.6454506516456604,0.7577581405639648,0.014472069218754768,0.9982612729072571,0.4868711829185486,0.7569199800491333,-0.014010201208293438,0.9984791874885559,0.6227668523788452,1.0992769002914429,-0.09949494153261185,0.7663305997848511,0.49112647771835327,1.1466692686080933,-0.0505339689552784,0.7696424722671509,0.6496813297271729,1.409013271331787,0.48750758171081543,0.07125507295131683,0.506743311882019,1.4139291048049927,0.44289788603782654,0.1401032954454422,0.6473139524459839,1.4397084712982178,0.5405265688896179,0.09248881787061691,0.5134345889091492,1.4445489645004272,0.49039560556411743,0.12913672626018524,0.6412779092788696,1.534423828125,0.3633679151535034,0.058613233268260956,0.5277923941612244,1.5287379026412964,0.2722083032131195,0.10149623453617096
2026-04-30T18:49:36.092194,8,0.5695085525512695,0.04524112120270729,-0.4137832224369049,0.9999050498008728,0.5847315788269043,0.004357942845672369,-0.3833376467227936,0.9997479915618896,0.5946063995361328,0.009606081992387772,-0.38347846269607544,0.9997624754905701,0.604699432849884,0.014883489347994328,-0.38361430168151855,0.9996675848960876,0.5579580068588257,-0.0059514120221138,-0.38577014207839966,0.9997918605804443,0.5480027198791504,-0.006886251736432314,-0.38580387830734253,0.9998323917388916,0.5382139682769775,-0.0062859561294317245,-0.3859918713569641,0.9997974038124084,0.6164703369140625,0.0350630059838295,-0.1744564324617386,0.9997159242630005,0.5212885737419128,0.018440987914800644,-0.1871536672115326,0.9998369812965393,0.5850430130958557,0.09272463619709015,-0.33174386620521545,0.9999608397483826,0.5518172979354858,0.08280408382415771,-0.33546894788742065,0.9999749064445496,0.6956483125686646,0.23452620208263397,-0.05179009586572647,0.9995033740997314,0.44731229543685913,0.24688321352005005,-0.0946962907910347,0.9996894598007202,0.7446237802505493,0.47230008244514465,0.09298694133758545,0.9936134219169617,0.3966253399848938,0.4695615768432617,-0.031810957938432693,0.9947378039360046,0.7295817732810974,0.6906124353408813,-0.06790297478437424,0.9386265873908997,0.41833314299583435,0.6696048378944397,-0.21081435680389404,0.9834982752799988,0.7301265001296997,0.7648154497146606,-0.1263921707868576,0.8948649168014526,0.41985243558883667,0.7391710877418518,-0.2719981074333191,0.9671616554260254,0.7148293852806091,0.7536637187004089,-0.18569865822792053,0.9061435461044312,0.43384331464767456,0.7306549549102783,-0.32519933581352234,0.9710687398910522,0.7106345891952515,0.7306355237960815,-0.09153969585895538,0.9174776077270508,0.43761783838272095,0.7094850540161133,-0.23336836695671082,0.970740556716919,0.6413605809211731,0.7574445009231567,0.015847768634557724,0.998374879360199,0.49022817611694336,0.7541881799697876,-0.015468975529074669,0.9985688328742981,0.6122820377349854,1.0494608879089355,-0.09327374398708344,0.7497292757034302,0.4914249777793884,1.0851982831954956,-0.07783547788858414,0.746769368648529,0.6432504057884216,1.3701177835464478,0.5117222666740417,0.06609481573104858,0.5073326826095581,1.372162103652954,0.44413337111473083,0.12855105102062225,0.6448302865028381,1.3948630094528198,0.5752604007720947,0.085917167365551,0.5119671821594238,1.3989765644073486,0.495553195476532,0.11847994476556778,0.6366442441940308,1.4917166233062744,0.43293100595474243,0.05374423786997795,0.5292484760284424,1.4780844449996948,0.2922263741493225,0.09240073710680008
2026-04-30T18:49:36.193551,9,0.5708576440811157,0.045974768698215485,-0.35958951711654663,0.9999123811721802,0.5878826379776001,0.006261282134801149,-0.32944512367248535,0.9997691512107849,0.5976935029029846,0.011668193154036999,-0.3295656144618988,0.9997827410697937,0.6074972152709961,0.016892530024051666,-0.32966408133506775,0.9996966123580933,0.5600948333740234,-0.00526523357257247,-0.331106573343277,0.9998088479042053,0.5499574542045593,-0.006457644049078226,-0.3311508893966675,0.9998459815979004,0.5399206876754761,-0.005862505175173283,-0.3313043713569641,0.999813973903656,0.6188306212425232,0.03726841136813164,-0.13392631709575653,0.9997401237487793,0.5241568684577942,0.018569523468613625,-0.1450004130601883,0.9998506307601929,0.5866395831108093,0.09037915617227554,-0.2838369607925415,0.9999626874923706,0.5526820421218872,0.07994784414768219,-0.28696364164352417,0.9999753832817078,0.6896374225616455,0.2353510856628418,-0.030264372006058693,0.9995476007461548,0.45145052671432495,0.24171799421310425,-0.05947845056653023,0.9997144937515259,0.7386702299118042,0.4674629271030426,0.10799281299114227,0.9938414692878723,0.39729079604148865,0.4626215100288391,0.05528023838996887,0.9950352907180786,0.719032883644104,0.6836251020431519,-0.031095687299966812,0.9443910121917725,0.3975781202316284,0.6545798778533936,-0.03703024983406067,0.9847779870033264,0.7143811583518982,0.75111985206604,-0.08395536988973618,0.9047157764434814,0.4035867154598236,0.7178583741188049,-0.07873223721981049,0.9696568250656128,0.6987194418907166,0.7392940521240234,-0.14089828729629517,0.9149195551872253,0.41877037286758423,0.7067190408706665,-0.13344669342041016,0.9732552766799927,0.6959456205368042,0.7189604043960571,-0.052893828600645065,0.925061821937561,0.42136675119400024,0.6869257688522339,-0.058075375854969025,0.9729294776916504,0.6352035999298096,0.7488958835601807,0.017953967675566673,0.9985025525093079,0.48981666564941406,0.74861741065979,-0.01760641112923622,0.9986792206764221,0.6070107817649841,1.023942232131958,-0.06162957102060318,0.73995441198349,0.48818716406822205,1.0767290592193604,-0.09730472415685654,0.7314624786376953,0.6215730905532837,1.3470836877822876,0.5205603241920471,0.06165340542793274,0.5050129890441895,1.355991005897522,0.4130563735961914,0.11779167503118515,0.6200181245803833,1.3703856468200684,0.5799943804740906,0.08020847290754318,0.5076752305030823,1.3822860717773438,0.46325168013572693,0.10844004154205322,0.6164587736129761,1.4697024822235107,0.439148485660553,0.049445874989032745,0.5217772126197815,1.4577968120574951,0.2744407653808594,0.08406702429056168
2026-04-30T18:49:36.297658,10,0.5739014148712158,0.05502403527498245,-0.30225396156311035,0.9999069571495056,0.5910276174545288,0.028675498440861702,-0.27161282300949097,0.9997656345367432,0.6003135442733765,0.03338317200541496,-0.2717566192150116,0.999779462814331,0.60951167345047,0.03767552599310875,-0.27185744047164917,0.9996989965438843,0.5650727152824402,0.016350634396076202,-0.2797500789165497,0.9998049736022949,0.5558863878250122,0.013732624240219593,-0.2797788977622986,0.999841034412384,0.5466358661651611,0.012395147234201431,-0.27994608879089355,0.9998111724853516,0.6190364360809326,0.05461176484823227,-0.08643019944429398,0.9997337460517883,0.5291124582290649,0.03246714547276497,-0.12597420811653137,0.9998481273651123,0.5881299376487732,0.09093190729618073,-0.23129034042358398,0.9999520182609558,0.5560587644577026,0.08361110836267471,-0.24240100383758545,0.9999651312828064,0.677225649356842,0.24413429200649261,0.009242959320545197,0.9995702505111694,0.4514710307121277,0.24228404462337494,-0.07888703048229218,0.9997278451919556,0.7208614349365234,0.46414294838905334,0.16907647252082825,0.9927920699119568,0.3957560658454895,0.46581581234931946,-0.030571987852454185,0.9952911138534546,0.711259126663208,0.6663340926170349,0.09105196595191956,0.9485625624656677,0.38721364736557007,0.6557005047798157,-0.15616834163665771,0.9857910871505737,0.7044981718063354,0.7292823195457458,0.051287226378917694,0.9118354320526123,0.3947523832321167,0.7190201878547668,-0.2052370011806488,0.9715489745140076,0.6911872625350952,0.7173028588294983,-0.0018310577142983675,0.9211905002593994,0.4108010232448578,0.7074728012084961,-0.25495654344558716,0.9749074578285217,0.6889781951904297,0.6985241770744324,0.07017102837562561,0.9302898049354553,0.4127936363220215,0.6871357560157776,-0.17747455835342407,0.9745729565620422,0.6246753931045532,0.7465773224830627,0.02261081151664257,0.9985589385032654,0.48743826150894165,0.7484289407730103,-0.02221279963850975,0.9987318515777588,0.6043373942375183,1.0092949867248535,-0.04028492420911789,0.7317841053009033,0.48208993673324585,1.0498876571655273,-0.08980163186788559,0.719323992729187,0.6166996955871582,1.3246219158172607,0.47923731803894043,0.060181502252817154,0.4942084848880768,1.333969235420227,0.39600175619125366,0.11055970937013626,0.6129146814346313,1.3457927703857422,0.5271897912025452,0.07733561843633652,0.4943206310272217,1.3580775260925293,0.44051146507263184,0.10075493156909943,0.6149675250053406,1.4470810890197754,0.3851390779018402,0.047084592282772064,0.5106179118156433,1.4392000436782837,0.2583846151828766,0.07783415168523788
2026-04-30T18:49:36.401311,11,0.5734943151473999,0.06460373848676682,-0.22929461300373077,0.999911904335022,0.5856555700302124,0.04228055104613304,-0.20040938258171082,0.9997810125350952,0.5921456217765808,0.045041680335998535,-0.2005542516708374,0.9997934699058533,0.5987870693206787,0.047590695321559906,-0.200740784406662,0.9997208118438721,0.5601785778999329,0.03454817086458206,-0.20558059215545654,0.9998169541358948,0.5504516363143921,0.03244219347834587,-0.20551903545856476,0.9998496174812317,0.541628360748291,0.03070286102592945,-0.2056432068347931,0.9998230934143066,0.6040499210357666,0.0623043067753315,-0.03807852417230606,0.9997496604919434,0.524817705154419,0.046550605446100235,-0.0643366351723671,0.9998564720153809,0.5812234282493591,0.09226756542921066,-0.1676759570837021,0.999952495098114,0.5525327324867249,0.08694995194673538,-0.1750267893075943,0.9999642372131348,0.6611742973327637,0.24691124260425568,0.022547155618667603,0.9996045827865601,0.44430893659591675,0.2426985800266266,-0.033705614507198334,0.9997462034225464,0.7009090781211853,0.45898646116256714,0.15168239176273346,0.9921143651008606,0.39458680152893066,0.4689149558544159,0.009542832151055336,0.9954831004142761,0.6997479200363159,0.6619733572006226,0.08298120647668839,0.9526339173316956,0.37543269991874695,0.6653627753257751,-0.0998917669057846,0.9867758750915527,0.6916821002960205,0.7204685211181641,0.039917271584272385,0.9187716245651245,0.3840431272983551,0.7283135056495667,-0.14848437905311584,0.9734262824058533,0.6799871325492859,0.712838888168335,-0.009025762788951397,0.9273104071617126,0.39980947971343994,0.7145976424217224,-0.19787050783634186,0.9765433073043823,0.6781803369522095,0.6947904229164124,0.06304072588682175,0.9354482293128967,0.401420921087265,0.6951988339424133,-0.12197396904230118,0.9762004613876343,0.6060160994529724,0.7405880689620972,0.02034716308116913,0.9986571669578552,0.47605475783348083,0.7382277250289917,-0.019963202998042107,0.9988092184066772,0.5916593074798584,1.0053142309188843,-0.049101896584033966,0.7287798523902893,0.47557497024536133,1.0290638208389282,-0.0790058895945549,0.7097908854484558,0.5876752138137817,1.313677430152893,0.4774731695652008,0.05850157514214516,0.47744321823120117,1.3285595178604126,0.4171321988105774,0.10327082127332687,0.5825152397155762,1.3300422430038452,0.528735876083374,0.07397034019231796,0.47980108857154846,1.350964903831482,0.466517835855484,0.09337962418794632,0.5839635729789734,1.4336053133010864,0.4103216528892517,0.04497727379202843,0.4874404966831207,1.4224722385406494,0.30123963952064514,0.07200174778699875
2026-04-30T18:49:36.509768,12,0.556843101978302,0.07628069818019867,-0.25270330905914307,0.9999156594276428,0.5670514106750488,0.0515022911131382,-0.22627505660057068,0.9997939467430115,0.5734727382659912,0.05272543430328369,-0.22641059756278992,0.9998053908348083,0.5798231959342957,0.05390087887644768,-0.22661176323890686,0.9997400641441345,0.5469743013381958,0.048191383481025696,-0.22919222712516785,0.9998258948326111,0.5398231744766235,0.04721646010875702,-0.22907774150371552,0.9998548626899719,0.5332169532775879,0.04649064689874649,-0.2291610687971115,0.999830961227417,0.5834448933601379,0.06748916208744049,-0.0681958943605423,0.9997645020484924,0.5212827920913696,0.060591619461774826,-0.08249957114458084,0.9998610615730286,0.5651379227638245,0.09865549206733704,-0.1924402117729187,0.9999528527259827,0.5391075015068054,0.09604281932115555,-0.19619016349315643,0.999962568283081,0.6450763940811157,0.253017783164978,-0.008951821364462376,0.9996362924575806,0.44364866614341736,0.2473602443933487,-0.04887547716498375,0.9997583031654358,0.6889494061470032,0.46535736322402954,0.10028184950351715,0.9913240671157837,0.39079347252845764,0.4686943590641022,-0.017795179039239883,0.9953769445419312,0.6813405156135559,0.6672270894050598,0.022374171763658524,0.9560486674308777,0.36386269330978394,0.6671637296676636,-0.1281011402606964,0.9870041012763977,0.6760522127151489,0.7245082855224609,-0.025596747174859047,0.9244589805603027,0.36675888299942017,0.7296760082244873,-0.17932423949241638,0.9738442897796631,0.6635531187057495,0.7184913754463196,-0.072645403444767,0.9323171973228455,0.38171711564064026,0.7165103554725647,-0.23297837376594543,0.9768806099891663,0.6601077318191528,0.7007827162742615,0.002103089354932308,0.9395455121994019,0.3849923014640808,0.6965200901031494,-0.15367625653743744,0.9765304327011108,0.5895617008209229,0.7380725741386414,0.020007694140076637,0.9987152218818665,0.4604240357875824,0.7309988141059875,-0.019625188782811165,0.998843789100647,0.5836225748062134,0.998306930065155,-0.007621186785399914,0.7281134724617004,0.46388059854507446,1.0163158178329468,-0.022930312901735306,0.7021968364715576,0.5809462070465088,1.3115695714950562,0.4669770300388336,0.06047750636935234,0.46056708693504333,1.319224238395691,0.3978358805179596,0.0998910441994667,0.5753415822982788,1.3226726055145264,0.5117261409759521,0.07362611591815948,0.4627815783023834,1.3483527898788452,0.43891602754592896,0.0881822258234024,0.5798944234848022,1.4237449169158936,0.37795859575271606,0.04497453570365906,0.46810775995254517,1.402408480644226,0.27541810274124146,0.06817664951086044
2026-04-30T18:49:36.616109,13,0.5208937525749207,0.08353493362665176,-0.37807825207710266,0.999911367893219,0.5348503589630127,0.05764477699995041,-0.3527281582355499,0.9997818470001221,0.5426021218299866,0.058510471135377884,-0.35286980867385864,0.9997962713241577,0.5501261949539185,0.05930589139461517,-0.35300809144973755,0.9997348189353943,0.5149379372596741,0.055457647889852524,-0.350689172744751,0.9998102188110352,0.5094481706619263,0.054947737604379654,-0.35063445568084717,0.9998378157615662,0.504141628742218,0.054702501744031906,-0.3508121371269226,0.9998120665550232,0.5595204830169678,0.07315114140510559,-0.18004117906093597,0.9997488260269165,0.5004437565803528,0.07015788555145264,-0.17134122550487518,0.9998343586921692,0.5322816967964172,0.10463078320026398,-0.31145069003105164,0.9999436140060425,0.5077935457229614,0.10458200424909592,-0.3088611960411072,0.9999503493309021,0.6233758330345154,0.25447651743888855,-0.0852949470281601,0.9996575117111206,0.42620325088500977,0.2584804892539978,-0.09246175736188889,0.9997615814208984,0.6658378839492798,0.467454731464386,0.04772387817502022,0.9907127618789673,0.3843310475349426,0.47492292523384094,-0.033172059804201126,0.9947894215583801,0.6650541424751282,0.66862952709198,-0.057545602321624756,0.9587467908859253,0.35898271203041077,0.6671645641326904,-0.16228744387626648,0.9861744046211243,0.6650627255439758,0.7266088724136353,-0.10821934044361115,0.9288705587387085,0.3608327805995941,0.7291088104248047,-0.21317705512046814,0.9724459052085876,0.6515482664108276,0.7238451838493347,-0.16308341920375824,0.9362150430679321,0.37371766567230225,0.7187309861183167,-0.27876704931259155,0.9756225347518921,0.6456923484802246,0.7065476179122925,-0.08103945851325989,0.9425771832466125,0.37738126516342163,0.698246419429779,-0.19260860979557037,0.9753519892692566,0.5800561308860779,0.7270060777664185,0.012191054411232471,0.9985660314559937,0.45191478729248047,0.721358060836792,-0.01165502704679966,0.9987131357192993,0.5805805921554565,0.9768718481063843,-0.004111886490136385,0.7281848192214966,0.45768141746520996,0.9939153790473938,0.02528683841228485,0.6981284022331238,0.579165518283844,1.2784186601638794,0.44196420907974243,0.06828582286834717,0.45432695746421814,1.2868306636810303,0.377058207988739,0.1053895428776741,0.5722516775131226,1.3043140172958374,0.4798785150051117,0.08054874837398529,0.45660167932510376,1.3271090984344482,0.40857577323913574,0.0905693918466568,0.5803600549697876,1.3850691318511963,0.31526413559913635,0.048289597034454346,0.45734351873397827,1.3734831809997559,0.20715391635894775,0.06917700916528702
2026-04-30T18:49:36.722662,14,0.5026277899742126,0.09057334810495377,-0.42046070098876953,0.9998674392700195,0.5178006887435913,0.06545908749103546,-0.39605072140693665,0.9996764063835144,0.526243269443512,0.06608886271715164,-0.39615553617477417,0.9997124075889587,0.5341209173202515,0.06650737673044205,-0.396311491727829,0.9996403455734253,0.4966380000114441,0.06322013586759567,-0.39545533061027527,0.9997067451477051,0.49043411016464233,0.062641441822052,-0.39545121788978577,0.9997475743293762,0.4842386245727539,0.062330927699804306,-0.3956226706504822,0.9997051954269409,0.5440025329589844,0.08000420778989792,-0.20754015445709229,0.999630331993103,0.4817100465297699,0.07868398725986481,-0.21159203350543976,0.9997288584709167,0.514883279800415,0.11255951225757599,-0.35215750336647034,0.9998953938484192,0.4900493621826172,0.11281681060791016,-0.35208648443222046,0.9998916387557983,0.6109542846679688,0.2573213279247284,-0.07040079683065414,0.9996508955955505,0.4112531244754791,0.27331045269966125,-0.11645666509866714,0.9997515082359314,0.6440548896789551,0.46839508414268494,0.08632524311542511,0.9898344874382019,0.37797269225120544,0.4805045425891876,-0.039795756340026855,0.9946631789207458,0.6473233699798584,0.6649953722953796,-0.06381966173648834,0.9603796005249023,0.35987892746925354,0.673292338848114,-0.18800196051597595,0.9861360192298889,0.6496573090553284,0.7199856638908386,-0.11849083751440048,0.931885302066803,0.36248934268951416,0.7365990281105042,-0.24405083060264587,0.9723725318908691,0.6378873586654663,0.7197499871253967,-0.18413576483726501,0.9389124512672424,0.3761318325996399,0.7264177203178406,-0.3105829954147339,0.975521445274353,0.6312131881713867,0.7035532593727112,-0.09321717917919159,0.944568395614624,0.379264771938324,0.7058525681495667,-0.21816512942314148,0.9752060770988464,0.5714529752731323,0.7258895635604858,0.012890150770545006,0.998424768447876,0.4454280436038971,0.7220954895019531,-0.012316547334194183,0.9985935091972351,0.57725989818573,0.9844624400138855,-0.040144436061382294,0.722685694694519,0.4526657164096832,1.0007853507995605,-0.025129806250333786,0.6936983466148376,0.585455060005188,1.2913833856582642,0.3750489354133606,0.06684363633394241,0.4501006007194519,1.2997297048568726,0.34742408990859985,0.10022348910570145,0.5793632864952087,1.3220797777175903,0.41138410568237305,0.07799667865037918,0.45068255066871643,1.3366553783416748,0.38141363859176636,0.08535681664943695,0.5825667977333069,1.3925433158874512,0.2107066661119461,0.046397242695093155,0.4603830873966217,1.384995937347412,0.15127214789390564,0.06487243622541428
2026-04-30T18:49:36.828443,15,0.5007439851760864,0.09891223162412643,-0.4108559191226959,0.999843180179596,0.515558123588562,0.07263336330652237,-0.38562995195388794,0.9996195435523987,0.5234789848327637,0.07277128100395203,-0.3858126103878021,0.9996676445007324,0.5309950709342957,0.07282496243715286,-0.38598310947418213,0.9995931386947632,0.49336010217666626,0.07134261727333069,-0.3857914209365845,0.9996438026428223,0.4866405129432678,0.07088004797697067,-0.3857614994049072,0.9996899962425232,0.4804881513118744,0.07060211151838303,-0.38595154881477356,0.9996362328529358,0.5396619439125061,0.0857098177075386,-0.19852355122566223,0.9995756149291992,0.47507181763648987,0.0863962471485138,-0.20066654682159424,0.999660849571228,0.5128821134567261,0.1221507340669632,-0.3387560248374939,0.9998666644096375,0.486234575510025,0.12296667695045471,-0.3388962745666504,0.9998557567596436,0.6070231199264526,0.26399195194244385,-0.07352194935083389,0.9996611475944519,0.40626102685928345,0.2768111526966095,-0.1042199358344078,0.9997513890266418,0.6366671323776245,0.4675072729587555,0.06582982838153839,0.9887992143630981,0.37553703784942627,0.4821074604988098,-0.03213798254728317,0.9942799806594849,0.6435760855674744,0.6604622006416321,-0.08081851899623871,0.9618400931358337,0.3579193949699402,0.6780093908309937,-0.17046867311000824,0.9853565692901611,0.6457544565200806,0.715605616569519,-0.13679984211921692,0.934527575969696,0.36033907532691956,0.7407696843147278,-0.22417668998241425,0.9711084365844727,0.6335190534591675,0.712885320186615,-0.20045945048332214,0.941271185874939,0.37478500604629517,0.7314853072166443,-0.2902514934539795,0.9743335843086243,0.6270996332168579,0.6958068609237671,-0.10963676124811172,0.9461972713470459,0.37769949436187744,0.7106871008872986,-0.2009059488773346,0.974070131778717,0.5666880011558533,0.7151389718055725,0.012721337378025055,0.99828040599823,0.44242769479751587,0.7125513553619385,-0.012081926688551903,0.9984908103942871,0.5769117474555969,0.9841369986534119,-0.04691999405622482,0.7213382720947266,0.44969868659973145,0.9926004409790039,-0.022173414006829262,0.6948720216751099,0.5882197618484497,1.2783222198486328,0.37433600425720215,0.06862565875053406,0.44657406210899353,1.285955786705017,0.2944052815437317,0.10188145190477371,0.581557035446167,1.3130158185958862,0.4101182818412781,0.07857855409383774,0.4480021893978119,1.329100489616394,0.3204958736896515,0.08446475863456726,0.58343905210495,1.3794779777526855,0.22338899970054626,0.04618647322058678,0.45349177718162537,1.372219443321228,0.09273798018693924,0.06376199424266815
2026-04-30T18:49:36.933919,16,0.4996679723262787,0.11978945136070251,-0.3888414800167084,0.9997783899307251,0.5131965279579163,0.09297087788581848,-0.3630067706108093,0.9994577765464783,0.5202274322509766,0.09266798943281174,-0.3632144331932068,0.9995296001434326,0.5271403789520264,0.09223321080207825,-0.3634492754936218,0.9994537234306335,0.49401164054870605,0.09189624339342117,-0.3629659116268158,0.9994674324989319,0.4878789484500885,0.09112118184566498,-0.36290109157562256,0.9995192885398865,0.48229503631591797,0.09037474542856216,-0.3631153702735901,0.9994514584541321,0.5348032712936401,0.10062550008296967,-0.1744128167629242,0.9993900060653687,0.47554102540016174,0.10003764182329178,-0.17407020926475525,0.9994359016418457,0.5106717944145203,0.1436096876859665,-0.3152586817741394,0.9998037219047546,0.4858194887638092,0.14083409309387207,-0.3149277865886688,0.9997679591178894,0.6040172576904297,0.2700275182723999,-0.04731890559196472,0.9996535778045654,0.4063273072242737,0.27705949544906616,-0.07781125605106354,0.9997369050979614,0.6284627318382263,0.4630626142024994,0.0800146609544754,0.9859663248062134,0.37473323941230774,0.47866350412368774,-0.00815525557845831,0.9935430288314819,0.6428135633468628,0.6548395752906799,-0.08394987881183624,0.9610770344734192,0.35790324211120605,0.6697895526885986,-0.15294338762760162,0.9835876822471619,0.6451202034950256,0.7094806432723999,-0.1416308581829071,0.9338334202766418,0.3608718514442444,0.7291202545166016,-0.20698043704032898,0.9681627154350281,0.6347400546073914,0.7061087489128113,-0.2065538913011551,0.9405941367149353,0.37441226840019226,0.7237770557403564,-0.27240467071533203,0.9715992212295532,0.6289650201797485,0.687840461730957,-0.11431875079870224,0.9444180130958557,0.3772583305835724,0.7040604948997498,-0.1837778389453888,0.9712495803833008,0.5634875297546387,0.7131451964378357,0.011799318715929985,0.9980038404464722,0.4423156678676605,0.7091922163963318,-0.011150000616908073,0.9982928037643433,0.5761974453926086,0.9786316156387329,-0.048998989164829254,0.7228902578353882,0.4468841552734375,0.9881725907325745,-0.061279941350221634,0.6991768479347229,0.5819892883300781,1.2601970434188843,0.3661119341850281,0.07357752323150635,0.44261831045150757,1.2681326866149902,0.26507478952407837,0.10467986762523651,0.5735840797424316,1.2923882007598877,0.40233689546585083,0.08123569190502167,0.4440605044364929,1.3068784475326538,0.2939067482948303,0.08370883762836456,0.5846089124679565,1.3607343435287476,0.2181159257888794,0.048427995294332504,0.44894999265670776,1.3539334535598755,0.07743381708860397,0.06396345794200897
2026-04-30T18:49:37.041189,17,0.5026365518569946,0.12530232965946198,-0.36287447810173035,0.999775230884552,0.5171397924423218,0.10024754703044891,-0.33550137281417847,0.9994416832923889,0.5243167877197266,0.10041364282369614,-0.3357205092906952,0.999522864818573,0.5312334299087524,0.10048113018274307,-0.33591198921203613,0.9994463324546814,0.49729403853416443,0.09845816344022751,-0.3352387845516205,0.9994403719902039,0.4909648001194,0.09756331145763397,-0.3352068066596985,0.9994969367980957,0.4850307106971741,0.0969105064868927,-0.33539265394210815,0.999419629573822,0.5385329723358154,0.10960250347852707,-0.155186727643013,0.9993796944618225,0.477496862411499,0.10799507796764374,-0.15507856011390686,0.9993981122970581,0.5140324831008911,0.14869002997875214,-0.29410818219184875,0.9997930526733398,0.4891483783721924,0.1455816775560379,-0.29374778270721436,0.9997506737709045,0.604890763759613,0.2745598256587982,-0.06339731067419052,0.9996716380119324,0.40705665946006775,0.2807866334915161,-0.06412901729345322,0.9997328519821167,0.6330901384353638,0.46066176891326904,0.03542812541127205,0.9858693480491638,0.3747817277908325,0.47789669036865234,-0.009787743911147118,0.9931426644325256,0.6444333791732788,0.6516036987304688,-0.18746444582939148,0.9628137350082397,0.35877305269241333,0.6610473394393921,-0.1530923843383789,0.9827293753623962,0.6467899680137634,0.7034785151481628,-0.259110689163208,0.9368710517883301,0.3622516989707947,0.7123910188674927,-0.2076696902513504,0.9668082594871521,0.6352805495262146,0.7014139890670776,-0.31993910670280457,0.9433162212371826,0.3748386800289154,0.7096264958381653,-0.27425819635391235,0.9703892469406128,0.6299120783805847,0.6842262148857117,-0.2185492068529129,0.9466449618339539,0.3772916793823242,0.6922376155853271,-0.1851361095905304,0.9703071117401123,0.5650728940963745,0.7135244011878967,0.006433283444494009,0.9979903697967529,0.44465166330337524,0.7071293592453003,-0.00576603040099144,0.9982483983039856,0.5695488452911377,0.9713454842567444,-0.049387164413928986,0.7256410121917725,0.4472060799598694,0.9804061055183411,-0.036607686430215836,0.6986761093139648,0.5740805864334106,1.2443734407424927,0.3957178294658661,0.07590746134519577,0.4453573226928711,1.2439461946487427,0.31134653091430664,0.10544054955244064,0.5667276382446289,1.2729194164276123,0.43620362877845764,0.08325137943029404,0.44697895646095276,1.279331922531128,0.34354108572006226,0.08409222215414047,0.5775778889656067,1.3436557054519653,0.26577943563461304,0.04870960861444473,0.4519132971763611,1.3273364305496216,0.14102992415428162,0.06313023716211319
2026-04-30T18:49:37.151997,18,0.5063055753707886,0.13445593416690826,-0.31960761547088623,0.9997501373291016,0.5181179046630859,0.10961198806762695,-0.29384511709213257,0.9993842244148254,0.5266526341438293,0.10986797511577606,-0.29406824707984924,0.999484658241272,0.5354477167129517,0.11013161391019821,-0.29430001974105835,0.9993975162506104,0.5054670572280884,0.1083909124135971,-0.29537418484687805,0.9993811249732971,0.5005500912666321,0.10793346911668777,-0.2953241169452667,0.9994491338729858,0.495963990688324,0.10782826691865921,-0.29548072814941406,0.9993645548820496,0.5456290245056152,0.11835264414548874,-0.11398160457611084,0.9993450045585632,0.49012741446495056,0.1172824278473854,-0.11946885287761688,0.9993663430213928,0.5149704813957214,0.15801113843917847,-0.24941404163837433,0.9997532963752747,0.4980790615081787,0.1553305983543396,-0.2505994439125061,0.9997100234031677,0.6133112907409668,0.2782593071460724,-0.020831361413002014,0.9996740221977234,0.4238673746585846,0.2874349057674408,-0.027935251593589783,0.9997296333312988,0.6434141993522644,0.454912394285202,0.05854490399360657,0.9843875169754028,0.38878992199897766,0.47189149260520935,0.026357457041740417,0.9931777715682983,0.6418173909187317,0.6450070142745972,-0.15167950093746185,0.9611414670944214,0.36147719621658325,0.6517347693443298,-0.11071376502513885,0.9826518297195435,0.6386343836784363,0.6920357942581177,-0.24075841903686523,0.9353657960891724,0.36496108770370483,0.7018860578536987,-0.16265305876731873,0.966733455657959,0.6254385113716125,0.6908479928970337,-0.28464406728744507,0.9417977929115295,0.37706300616264343,0.6968919038772583,-0.22461195290088654,0.9703068733215332,0.6216151118278503,0.6748866438865662,-0.18281422555446625,0.9449785947799683,0.38003793358802795,0.680077314376831,-0.14021003246307373,0.9703512191772461,0.5686370134353638,0.7114785313606262,0.004803550895303488,0.9978241324424744,0.4475995600223541,0.7057332396507263,-0.0040443046018481255,0.9980949759483337,0.5725159049034119,0.9633824229240417,-0.10073946416378021,0.726891279220581,0.44810622930526733,0.9772942662239075,-0.05579842999577522,0.6988236308097839,0.5776916742324829,1.2400583028793335,0.2931444048881531,0.07523439079523087,0.4487522542476654,1.239691138267517,0.22617404162883759,0.1026422306895256,0.5706764459609985,1.2685519456863403,0.327095091342926,0.08251087367534637,0.4501813054084778,1.2752721309661865,0.2508391737937927,0.0822044312953949,0.5801841616630554,1.3395441770553589,0.15768595039844513,0.04693709313869476,0.4531135559082031,1.3230727910995483,0.048412710428237915,0.060083869844675064
2026-04-30T18:49:37.268589,19,0.5153309106826782,0.13898412883281708,-0.37210074067115784,0.9993187189102173,0.5286887884140015,0.1152939423918724,-0.34640368819236755,0.9984018802642822,0.5358123183250427,0.11623405665159225,-0.346645325422287,0.9985507130622864,0.5434654951095581,0.1173541396856308,-0.34698623418807983,0.998480498790741,0.5157403945922852,0.11347579956054688,-0.34652286767959595,0.9985136389732361,0.5111426115036011,0.11294446885585785,-0.3464395999908447,0.9986169338226318,0.5065974593162537,0.1127222403883934,-0.3467101454734802,0.9986218214035034,0.5537683367729187,0.1274290531873703,-0.12334465980529785,0.9981532096862793,0.5023088455200195,0.12269826978445053,-0.13269643485546112,0.9984164834022522,0.5260730385780334,0.16295963525772095,-0.28857964277267456,0.9993871450424194,0.5087190866470337,0.15893572568893433,-0.28592199087142944,0.9992913007736206,0.6154893636703491,0.29202261567115784,-0.0440540686249733,0.9993506669998169,0.43650275468826294,0.2911624610424042,-0.06656547635793686,0.9996674656867981,0.6483176946640015,0.44850268959999084,0.08578400313854218,0.9673353433609009,0.40082770586013794,0.463514506816864,0.019215954467654228,0.9915189743041992,0.639570415019989,0.6406683325767517,-0.05666901916265488,0.9208425283432007,0.3824448883533478,0.6413439512252808,-0.10177387297153473,0.9747686982154846,0.6312973499298096,0.6868161559104919,-0.1112181544303894,0.8888271450996399,0.3829403519630432,0.6894386410713196,-0.14870014786720276,0.9548284411430359,0.6167119145393372,0.6815418601036072,-0.16383405029773712,0.8965815305709839,0.39069005846977234,0.6869220733642578,-0.20920030772686005,0.959348738193512,0.6139987707138062,0.6670473217964172,-0.08401255309581757,0.8998205065727234,0.39472705125808716,0.6713867783546448,-0.13014540076255798,0.9593698978424072,0.5715782046318054,0.7119846940040588,0.005908756982535124,0.9958135485649109,0.45310091972351074,0.7068232297897339,-0.005204891785979271,0.9969186186790466,0.575088620185852,0.9664477705955505,-0.1046099066734314,0.7270872592926025,0.4502107501029968,0.9805298447608948,-0.08764375001192093,0.7078183889389038,0.5878013372421265,1.2398990392684937,0.28977707028388977,0.08312933146953583,0.44893819093704224,1.2443770170211792,0.20048567652702332,0.10776620358228683,0.5797719955444336,1.267950177192688,0.32086944580078125,0.08609218150377274,0.45099836587905884,1.278158187866211,0.22419774532318115,0.08264024555683136,0.5953288674354553,1.3398648500442505,0.12218378484249115,0.05083359777927399,0.45368990302085876,1.3311572074890137,-0.00401755515486002,0.06184622645378113
2026-04-30T18:49:37.382029,20,0.5278120040893555,0.14476269483566284,-0.3978244960308075,0.9991530179977417,0.5422860383987427,0.1213483139872551,-0.3713098466396332,0.9980588555335999,0.5492768883705139,0.12259937077760696,-0.37156280875205994,0.9981951117515564,0.5562695860862732,0.12415789812803268,-0.3718707859516144,0.9981415867805481,0.5262766480445862,0.11952074617147446,-0.37270981073379517,0.9982156753540039,0.5209667086601257,0.11911579966545105,-0.37265366315841675,0.9983057379722595,0.5159618258476257,0.11903680115938187,-0.3728901445865631,0.9983503818511963,0.566738486289978,0.13514389097690582,-0.1388903111219406,0.9977636337280273,0.5118040442466736,0.1281110793352127,-0.15411783754825592,0.9981297850608826,0.5404322743415833,0.16899965703487396,-0.31264519691467285,0.9992812871932983,0.5202631950378418,0.16484472155570984,-0.3124399781227112,0.9991804361343384,0.6243772506713867,0.2964252531528473,-0.05665164440870285,0.999282956123352,0.4443330764770508,0.2936987280845642,-0.0744585171341896,0.9996435642242432,0.6664899587631226,0.44119271636009216,0.0740678533911705,0.9628176689147949,0.4081544280052185,0.4634246230125427,0.04809445142745972,0.9905757308006287,0.6423693895339966,0.6279115676879883,-0.12887316942214966,0.9046719074249268,0.39236706495285034,0.6423372030258179,-0.040756113827228546,0.9710344672203064,0.6288905143737793,0.6844139695167542,-0.1963861882686615,0.8657364845275879,0.3915841281414032,0.6884968876838684,-0.08366203308105469,0.9487917423248291,0.6145209074020386,0.6773139834403992,-0.2417803704738617,0.874340832233429,0.39953142404556274,0.6859973669052124,-0.1474900096654892,0.9539637565612793,0.613943338394165,0.6602546572685242,-0.15388371050357819,0.8770374655723572,0.4041194021701813,0.6713387370109558,-0.06920607388019562,0.9540101885795593,0.5723598599433899,0.7121013402938843,0.005746745970100164,0.994675874710083,0.4589405953884125,0.7075287103652954,-0.005045849364250898,0.9961442351341248,0.5754969716072083,0.9659349918365479,-0.12185297906398773,0.7241490483283997,0.4506320357322693,0.9839218258857727,-0.07643376290798187,0.7099547982215881,0.597134530544281,1.2369458675384521,0.29530447721481323,0.08689083158969879,0.4495147168636322,1.2425113916397095,0.22027626633644104,0.11235091835260391,0.5888547897338867,1.2652592658996582,0.3291414976119995,0.08838097751140594,0.45156821608543396,1.2775115966796875,0.24301965534687042,0.08438687771558762,0.6074857711791992,1.3348718881607056,0.12856848537921906,0.05222427472472191,0.45570436120033264,1.3276094198226929,0.005288627464324236,0.06308052688837051
2026-04-30T18:49:37.490535,21,0.5351414084434509,0.14351394772529602,-0.397872656583786,0.9991371035575867,0.5504847764968872,0.1202206239104271,-0.37230175733566284,0.9980248212814331,0.557536780834198,0.12175054848194122,-0.3725281357765198,0.9981536269187927,0.5643032789230347,0.12358466535806656,-0.37277740240097046,0.9980994462966919,0.5321057438850403,0.11782463639974594,-0.37383729219436646,0.9981921911239624,0.5261022448539734,0.11750558018684387,-0.3738034665584564,0.9982744455337524,0.5203322172164917,0.11743387579917908,-0.3740246593952179,0.9983235001564026,0.5752779841423035,0.13610155880451202,-0.1593775451183319,0.9977195858955383,0.5148243308067322,0.12846919894218445,-0.16477635502815247,0.9981129169464111,0.5487605333328247,0.16954857110977173,-0.31927216053009033,0.9992719292640686,0.5256628394126892,0.16448314487934113,-0.3197716176509857,0.9991822242736816,0.6297685503959656,0.2984156012535095,-0.06281852722167969,0.9992798566818237,0.4458750784397125,0.2959720194339752,-0.07916751503944397,0.999640166759491,0.667580246925354,0.4455569088459015,0.05121409893035889,0.9608455300331116,0.4105408787727356,0.4655507504940033,0.0301513634622097,0.989872932434082,0.645009458065033,0.6379273533821106,-0.1547323316335678,0.8996447324752808,0.3935411274433136,0.6465300917625427,-0.06636087596416473,0.9688208103179932,0.6337771415710449,0.6938114166259766,-0.22096474468708038,0.8575291037559509,0.3938908874988556,0.6953303217887878,-0.10995002090930939,0.9452068209648132,0.6199160218238831,0.6871812343597412,-0.2694532573223114,0.8665229678153992,0.40260443091392517,0.6913919448852539,-0.17389115691184998,0.95075923204422,0.618538498878479,0.6705811023712158,-0.1798136681318283,0.8683920502662659,0.406766802072525,0.6758727431297302,-0.09459158778190613,0.9507628679275513,0.572762131690979,0.7138597965240479,0.004917680285871029,0.9941381812095642,0.4624651372432709,0.7081260681152344,-0.0042424979619681835,0.995785117149353,0.576795220375061,0.9660807847976685,-0.11795878410339355,0.7252464890480042,0.4520547389984131,0.9859432578086853,-0.051195573061704636,0.7113484740257263,0.596833348274231,1.2318973541259766,0.3154265582561493,0.09442725777626038,0.45056599378585815,1.2383637428283691,0.23986783623695374,0.12105610966682434,0.5885065793991089,1.2598721981048584,0.34924930334091187,0.09540325403213501,0.4528321325778961,1.2740113735198975,0.2629009485244751,0.08981794863939285,0.6065373420715332,1.329467535018921,0.16438612341880798,0.05603347718715668,0.45309561491012573,1.3217453956604004,0.0392104908823967,0.06675328314304352
2026-04-30T18:49:37.603340,22,0.535499095916748,0.15056534111499786,-0.3874945044517517,0.9991377592086792,0.5506839156150818,0.12780418992042542,-0.36130258440971375,0.9980415105819702,0.557567834854126,0.12905097007751465,-0.3615301251411438,0.9981617331504822,0.5643473863601685,0.13050787150859833,-0.36176633834838867,0.9980976581573486,0.5320555567741394,0.12418725341558456,-0.3651813566684723,0.9982209205627441,0.525894284248352,0.12311126291751862,-0.36516857147216797,0.998301088809967,0.519879937171936,0.12227566540241241,-0.3653950095176697,0.9983566999435425,0.5749979615211487,0.1410052478313446,-0.16543425619602203,0.9977059364318848,0.5137817859649658,0.1326981484889984,-0.1761612445116043,0.9981783628463745,0.5486373901367188,0.17467635869979858,-0.31203609704971313,0.9992656707763672,0.5247527360916138,0.16946695744991302,-0.31593695282936096,0.9992010593414307,0.6300324201583862,0.29935595393180847,-0.05018981546163559,0.9992402195930481,0.4443034529685974,0.30104491114616394,-0.08351405709981918,0.9996481537818909,0.6522924304008484,0.456186443567276,0.05127086117863655,0.9527610540390015,0.4097836911678314,0.47750386595726013,0.0042464956641197205,0.9899169206619263,0.6468067169189453,0.6406096816062927,-0.1477031111717224,0.8863759636878967,0.39245831966400146,0.6488714814186096,-0.13482162356376648,0.9690701961517334,0.6355398893356323,0.6973766684532166,-0.21123619377613068,0.8429006934165955,0.39343252778053284,0.6984700560569763,-0.1856834590435028,0.945354163646698,0.6266836524009705,0.6877804398536682,-0.2643393874168396,0.8526859879493713,0.4026046395301819,0.6933811902999878,-0.24439430236816406,0.9508811235427856,0.6230015158653259,0.6731488108634949,-0.17464151978492737,0.8545827269554138,0.406716912984848,0.6766611933708191,-0.16147327423095703,0.9506028890609741,0.5741533041000366,0.7159417271614075,0.004972115159034729,0.993819534778595,0.46318477392196655,0.7103859782218933,-0.004298301413655281,0.9956487417221069,0.5777341723442078,0.9677972793579102,-0.11574147641658783,0.725537121295929,0.45261654257774353,0.9875257611274719,-0.05433163046836853,0.7112440466880798,0.5967795252799988,1.2343333959579468,0.28043586015701294,0.09837827831506729,0.45065703988075256,1.2409557104110718,0.2160501778125763,0.12703311443328857,0.5886226296424866,1.261962652206421,0.3113451600074768,0.0976979061961174,0.4533308148384094,1.2758471965789795,0.23713462054729462,0.09146769344806671,0.6056634187698364,1.3324635028839111,0.12572549283504486,0.05785701796412468,0.4543382525444031,1.3251385688781738,0.010508266277611256,0.06887070834636688
2026-04-30T18:49:37.710149,23,0.5360363721847534,0.1479155719280243,-0.38945722579956055,0.9992124438285828,0.5506340265274048,0.12557072937488556,-0.36082759499549866,0.9982065558433533,0.5574436783790588,0.12708495557308197,-0.36103206872940063,0.9983205199241638,0.5642348527908325,0.12858358025550842,-0.36120355129241943,0.9982563853263855,0.5317060947418213,0.12124297022819519,-0.3669368624687195,0.9983689188957214,0.5251205563545227,0.120033860206604,-0.3669242262840271,0.998446524143219,0.5189053416252136,0.1190679594874382,-0.3671165406703949,0.9984902739524841,0.5738506317138672,0.14040446281433105,-0.1655333787202835,0.997900664806366,0.512473464012146,0.13107214868068695,-0.18815667927265167,0.9983345866203308,0.5483261346817017,0.17348064482212067,-0.31447967886924744,0.9993243217468262,0.5238744020462036,0.16751843690872192,-0.319476455450058,0.9992671608924866,0.6251859068870544,0.2981426417827606,-0.04653342440724373,0.9993018507957458,0.4429844319820404,0.2993600070476532,-0.09499984234571457,0.9996675848960876,0.6461551189422607,0.47397762537002563,0.08160649985074997,0.9560936093330383,0.40828657150268555,0.4820314645767212,-0.04986727237701416,0.9903956651687622,0.647101879119873,0.6489211320877075,-0.08328507840633392,0.8960325717926025,0.39163583517074585,0.6548622250556946,-0.21220140159130096,0.970849335193634,0.6471071243286133,0.707205593585968,-0.14070360362529755,0.8555880784988403,0.3933280110359192,0.7072950601577759,-0.26819974184036255,0.9482393264770508,0.6393277049064636,0.7000244855880737,-0.20358407497406006,0.8647302389144897,0.4024490416049957,0.7006795406341553,-0.32957154512405396,0.9534739255905151,0.6324552297592163,0.6827557682991028,-0.11334381252527237,0.8663572669029236,0.40665602684020996,0.6846011281013489,-0.2401701956987381,0.9531735181808472,0.574951171875,0.7101638317108154,0.005980684421956539,0.9942288994789124,0.4631505608558655,0.7070236802101135,-0.005280279088765383,0.9958981871604919,0.5764784216880798,0.9650589823722839,-0.040023840963840485,0.7333518266677856,0.4536963105201721,0.9749534130096436,-0.02101578190922737,0.7134478688240051,0.5957688093185425,1.2202057838439941,0.38746631145477295,0.10091089457273483,0.4543045461177826,1.2235255241394043,0.27300387620925903,0.13146032392978668,0.5880488157272339,1.2467182874679565,0.422907292842865,0.10151971876621246,0.45611757040023804,1.2574286460876465,0.2960645854473114,0.09518146514892578,0.604591965675354,1.3171683549880981,0.25917738676071167,0.05840529501438141,0.4566457271575928,1.3061021566390991,0.08164452016353607,0.06998411566019058
2026-04-30T18:49:37.827856,24,0.5314995050430298,0.15233325958251953,-0.3871653974056244,0.9992691278457642,0.5448809862136841,0.1299576610326767,-0.3583058714866638,0.9983259439468384,0.5508630871772766,0.1307109296321869,-0.35849130153656006,0.9984392523765564,0.5566561818122864,0.1313541829586029,-0.35865259170532227,0.9983711242675781,0.5273039937019348,0.12638956308364868,-0.3639677166938782,0.9984710216522217,0.5214904546737671,0.12492188811302185,-0.363953173160553,0.9985508918762207,0.5160205960273743,0.12357185035943985,-0.3641248345375061,0.9985790848731995,0.5619122982025146,0.14216658473014832,-0.16613464057445526,0.9980395436286926,0.5070752501487732,0.13502471148967743,-0.18960104882717133,0.9984430074691772,0.5409551858901978,0.17544960975646973,-0.31321612000465393,0.9993659257888794,0.5184438228607178,0.17053967714309692,-0.31940773129463196,0.9993136525154114,0.6152392625808716,0.3002780079841614,-0.040181756019592285,0.9993497729301453,0.4406423568725586,0.30028489232063293,-0.09623558819293976,0.9996818900108337,0.6317249536514282,0.481841504573822,0.09179238975048065,0.958290159702301,0.4035367965698242,0.4851782023906708,-0.05655656009912491,0.9906548857688904,0.6480979919433594,0.6567772626876831,-0.0628514289855957,0.9040671586990356,0.3821667432785034,0.6592552065849304,-0.21587912738323212,0.9718987345695496,0.6525368690490723,0.7211305499076843,-0.1156511902809143,0.865953266620636,0.3772713541984558,0.7170701622962952,-0.27067238092422485,0.9498029947280884,0.6459008455276489,0.7185671925544739,-0.18257315456867218,0.8746618032455444,0.3885488212108612,0.7124679088592529,-0.331818550825119,0.9548736214637756,0.6373814940452576,0.6993997097015381,-0.09447191655635834,0.8759167790412903,0.3940311372280121,0.6948699951171875,-0.24446351826190948,0.9545360803604126,0.5698632597923279,0.7047268748283386,0.008847502991557121,0.9945670962333679,0.46153920888900757,0.700700044631958,-0.008218947798013687,0.9961193203926086,0.5727647542953491,0.9622430801391602,-0.02727811597287655,0.7395574450492859,0.4539785385131836,0.9699922800064087,-0.022135969251394272,0.7190293669700623,0.5852853655815125,1.2139369249343872,0.4018874168395996,0.10496535897254944,0.4546505808830261,1.2182282209396362,0.27394023537635803,0.13602107763290405,0.5772078037261963,1.2394663095474243,0.43783774971961975,0.10426751524209976,0.4563901424407959,1.2497187852859497,0.2975512444972992,0.09599478542804718,0.5938326120376587,1.3104865550994873,0.26860538125038147,0.0604076124727726,0.45802053809165955,1.3028150796890259,0.08285118639469147,0.07184043526649475
2026-04-30T18:49:37.932690,25,0.523520290851593,0.15313689410686493,-0.34530603885650635,0.9993242621421814,0.5351978540420532,0.12912528216838837,-0.3200088441371918,0.9984481930732727,0.5411292314529419,0.12922793626785278,-0.32014888525009155,0.9985552430152893,0.5468668937683105,0.1292707473039627,-0.32029038667678833,0.9984897971153259,0.5181189775466919,0.12700556218624115,-0.32544368505477905,0.998577356338501,0.5123668909072876,0.12581509351730347,-0.32539036870002747,0.9986516237258911,0.506834089756012,0.12468208372592926,-0.3255484998226166,0.9986703395843506,0.5507360696792603,0.13929010927677155,-0.1490442454814911,0.9981801509857178,0.49705377221107483,0.13530834019184113,-0.17526090145111084,0.9985433220863342,0.5326501131057739,0.17663004994392395,-0.2792542278766632,0.9994116425514221,0.5105007886886597,0.17296287417411804,-0.286459743976593,0.999363124370575,0.6047717332839966,0.3006070852279663,-0.03701696917414665,0.9993982911109924,0.4316958487033844,0.30015385150909424,-0.09410634636878967,0.999695360660553,0.6202940344810486,0.4863533675670624,0.09296645224094391,0.9596614837646484,0.3953097462654114,0.4900016188621521,-0.05130252242088318,0.9905419945716858,0.6461249589920044,0.661664605140686,-0.03586532920598984,0.911454975605011,0.3733275830745697,0.6729799509048462,-0.20753486454486847,0.9723565578460693,0.6528514623641968,0.7267641425132751,-0.0812927633523941,0.8753817677497864,0.36887311935424805,0.7368656396865845,-0.2617236077785492,0.9503728747367859,0.6459190249443054,0.7247952818870544,-0.1452692449092865,0.8836635947227478,0.38213253021240234,0.7326651215553284,-0.3113139271736145,0.9553577303886414,0.6373812556266785,0.7063633799552917,-0.06497782468795776,0.8844195604324341,0.38737761974334717,0.7169644236564636,-0.24079318344593048,0.9548969268798828,0.5647947192192078,0.6981754899024963,0.009419048205018044,0.9947583079338074,0.4575624465942383,0.6991607546806335,-0.00882324855774641,0.9962469339370728,0.5694676041603088,0.9600831270217896,-0.02701536938548088,0.7454447150230408,0.4529973566532135,0.9673620462417603,-0.025163332000374794,0.7215527296066284,0.5790106058120728,1.199190378189087,0.3844580352306366,0.1163218766450882,0.45198526978492737,1.2089263200759888,0.2606869339942932,0.14935852587223053,0.5707005858421326,1.2228319644927979,0.4128154218196869,0.11156343668699265,0.4527986943721771,1.2401537895202637,0.28310224413871765,0.10119571536779404,0.5855106115341187,1.2997370958328247,0.261019229888916,0.06732381880283356,0.454692542552948,1.2952426671981812,0.07672224938869476,0.07919951528310776
2026-04-30T18:49:38.042157,26,0.511258602142334,0.1546514928340912,-0.3475063443183899,0.9993731379508972,0.5212998986244202,0.12915588915348053,-0.3208884596824646,0.9985568523406982,0.52705979347229,0.12887616455554962,-0.3211023211479187,0.9986592531204224,0.5326548218727112,0.12854668498039246,-0.3213323950767517,0.9985952973365784,0.5044072866439819,0.1278558373451233,-0.3335699737071991,0.998669445514679,0.4985257089138031,0.12696759402751923,-0.3335089087486267,0.9987397193908691,0.4931352138519287,0.12620888650417328,-0.3336341679096222,0.9987471103668213,0.5364054441452026,0.1381581872701645,-0.15484923124313354,0.9983041882514954,0.4830760061740875,0.13720664381980896,-0.19625155627727509,0.9986268281936646,0.5195668339729309,0.17909295856952667,-0.28557467460632324,0.9994544982910156,0.4977455139160156,0.17783118784427643,-0.30064958333969116,0.9994077682495117,0.5943177342414856,0.3071932792663574,-0.040205612778663635,0.9994404911994934,0.4161922037601471,0.30508512258529663,-0.11433162540197372,0.9997027516365051,0.6097644567489624,0.49498575925827026,0.08512286841869354,0.9607099294662476,0.38800203800201416,0.50520259141922,-0.06704451888799667,0.9903011918067932,0.6351791024208069,0.6638109683990479,-0.04917440563440323,0.917724072933197,0.3703742027282715,0.6849679350852966,-0.20749643445014954,0.9723854064941406,0.6430314779281616,0.7275806665420532,-0.10469982773065567,0.883287250995636,0.36574581265449524,0.7459422945976257,-0.26071897149086,0.9503377079963684,0.635641872882843,0.7256081104278564,-0.14749203622341156,0.8912675976753235,0.37932485342025757,0.7429535984992981,-0.31753408908843994,0.9552789926528931,0.6284804344177246,0.7071061730384827,-0.0701395571231842,0.8914528489112854,0.38436707854270935,0.7293854355812073,-0.23635880649089813,0.9546349048614502,0.5598470568656921,0.6972752809524536,0.009632297791540623,0.9949570894241333,0.45053568482398987,0.6997745633125305,-0.009045415557920933,0.9963549971580505,0.5666697025299072,0.9605608582496643,-0.03654918447136879,0.755095899105072,0.4500656723976135,0.968405544757843,-0.026466086506843567,0.7284464836120605,0.5778532028198242,1.197462797164917,0.3865683376789093,0.13279880583286285,0.44211921095848083,1.2059988975524902,0.2818731367588043,0.1670156717300415,0.5698563456535339,1.2208573818206787,0.41963595151901245,0.12377670407295227,0.44271254539489746,1.2363511323928833,0.308226078748703,0.10940500348806381,0.5852223634719849,1.2981610298156738,0.2559603452682495,0.07799061387777328,0.4437163770198822,1.2922279834747314,0.1003938540816307,0.08962815254926682
2026-04-30T18:49:38.147546,27,0.5057243704795837,0.15455664694309235,-0.35599198937416077,0.9994245171546936,0.5153697729110718,0.12914176285266876,-0.329122394323349,0.9986752271652222,0.5215332508087158,0.12883473932743073,-0.3292969763278961,0.9987711906433105,0.5274243950843811,0.12848053872585297,-0.3294619619846344,0.998711109161377,0.4977915287017822,0.12845535576343536,-0.3352099061012268,0.9987732172012329,0.49170559644699097,0.1279955953359604,-0.3351646959781647,0.9988384246826172,0.48618823289871216,0.12770286202430725,-0.3353009819984436,0.9988403916358948,0.5314249396324158,0.1385021060705185,-0.1591574102640152,0.9984420537948608,0.4770137667655945,0.14060983061790466,-0.18604575097560883,0.9987293481826782,0.5153080821037292,0.17891259491443634,-0.2918878197669983,0.9994989633560181,0.49244385957717896,0.17771293222904205,-0.30006229877471924,0.9994549751281738,0.5926424860954285,0.3102860450744629,-0.04463808983564377,0.9994814991950989,0.4137929379940033,0.31011632084846497,-0.11255031824111938,0.9997118711471558,0.6063705086708069,0.49871161580085754,0.05059429258108139,0.9618985056877136,0.3878083825111389,0.5144641995429993,-0.06791627407073975,0.9902413487434387,0.625767707824707,0.6705535054206848,-0.10482263565063477,0.9234413504600525,0.3707359731197357,0.6927710771560669,-0.20663046836853027,0.9724766612052917,0.6339214444160461,0.7329960465431213,-0.1604052484035492,0.8905157446861267,0.36731916666030884,0.7529646158218384,-0.2593061625957489,0.9503271579742432,0.6254940629005432,0.7310543656349182,-0.21799221634864807,0.8981368541717529,0.38015082478523254,0.7494214773178101,-0.31583449244499207,0.9551911950111389,0.618320882320404,0.7145007252693176,-0.13231700658798218,0.8978519439697266,0.38467222452163696,0.7364113926887512,-0.23399536311626434,0.954498291015625,0.5579958558082581,0.6972861886024475,0.009487933479249477,0.9951563477516174,0.44983792304992676,0.7001002430915833,-0.008903240785002708,0.9964808225631714,0.5657455325126648,0.9615547060966492,-0.04077043756842613,0.7642709016799927,0.45009851455688477,0.9707018733024597,-0.027307648211717606,0.7379571795463562,0.576894998550415,1.1942402124404907,0.34602755308151245,0.152450829744339,0.4428165555000305,1.203992486000061,0.23406276106834412,0.18855009973049164,0.569213330745697,1.218234896659851,0.3747480511665344,0.13611944019794464,0.44364768266677856,1.234637975692749,0.25436967611312866,0.11809346824884415,0.5846078395843506,1.2928524017333984,0.2066199779510498,0.08951076865196228,0.4447970390319824,1.2905457019805908,0.046090926975011826,0.10153588652610779
2026-04-30T18:49:38.252325,28,0.5066159963607788,0.15981246531009674,-0.3536319136619568,0.9994658827781677,0.5165461301803589,0.13397595286369324,-0.3266031742095947,0.9987718462944031,0.5228002071380615,0.13331356644630432,-0.32675620913505554,0.9988630414009094,0.5286853909492493,0.13255596160888672,-0.32688024640083313,0.9988056421279907,0.4983994960784912,0.13369609415531158,-0.3321792483329773,0.998857855796814,0.4923194348812103,0.13313353061676025,-0.332161009311676,0.9989187717437744,0.486621230840683,0.1327405571937561,-0.33232706785202026,0.9989151954650879,0.5326257944107056,0.14129506051540375,-0.15626928210258484,0.9985507726669312,0.4774843752384186,0.14474131166934967,-0.18217985332012177,0.9988107681274414,0.5169627070426941,0.18308871984481812,-0.2888004779815674,0.9995338320732117,0.49361711740493774,0.1816125363111496,-0.2960800528526306,0.9994922876358032,0.5954567193984985,0.3143772482872009,-0.04691023379564285,0.9995084404945374,0.4149340093135834,0.31629496812820435,-0.1133357509970665,0.9997150301933289,0.6061416268348694,0.5080025792121887,0.04963821545243263,0.9618659019470215,0.39607152342796326,0.5241308808326721,-0.06918419152498245,0.9900074601173401,0.6219386458396912,0.6852143406867981,-0.10439814627170563,0.9276595711708069,0.37759682536125183,0.6981171369552612,-0.1995527595281601,0.9726610779762268,0.6288222074508667,0.7442694902420044,-0.15733274817466736,0.8958483934402466,0.37213367223739624,0.755657434463501,-0.2513501048088074,0.9506783485412598,0.6191884875297546,0.7412809729576111,-0.21597521007061005,0.9032363891601562,0.3832775354385376,0.7512505650520325,-0.3093404173851013,0.9554877877235413,0.6126386523246765,0.7284775376319885,-0.1321018636226654,0.9025209546089172,0.38866356015205383,0.7385620474815369,-0.2266460657119751,0.9546141624450684,0.5592071413993835,0.7015869617462158,0.0099522415548563,0.9953411817550659,0.4502912163734436,0.7031630277633667,-0.009391240775585175,0.9966022372245789,0.5657496452331543,0.9622312188148499,-0.043767355382442474,0.7676987648010254,0.4507765769958496,0.9719972610473633,-0.02021908387541771,0.7374155521392822,0.5752522945404053,1.1933802366256714,0.33407604694366455,0.16021306812763214,0.44393831491470337,1.2022802829742432,0.25486141443252563,0.197477787733078,0.5684154629707336,1.2171231508255005,0.364054799079895,0.1419861614704132,0.44492167234420776,1.233022689819336,0.27486759424209595,0.12127500027418137,0.5818135142326355,1.2906981706619263,0.19730371236801147,0.0944891944527626,0.44624462723731995,1.2870030403137207,0.07613278180360794,0.1067146360874176
2026-04-30T18:49:38.364417,29,0.5080017447471619,0.15894715487957,-0.31524738669395447,0.999507486820221,0.5183320045471191,0.1337302029132843,-0.29079774022102356,0.998867392539978,0.5245758295059204,0.13330717384815216,-0.29093921184539795,0.9989530444145203,0.5304650664329529,0.13288246095180511,-0.2910507321357727,0.9988992214202881,0.5000370740890503,0.13344192504882812,-0.29341307282447815,0.9989413022994995,0.49404987692832947,0.13303051888942719,-0.2933935523033142,0.9989974498748779,0.48843422532081604,0.1328374296426773,-0.2935415208339691,0.9989901185035706,0.5354795455932617,0.14304271340370178,-0.13322193920612335,0.9986610412597656,0.4793218970298767,0.14553211629390717,-0.1460103690624237,0.9988906383514404,0.5187472105026245,0.18262074887752533,-0.25490134954452515,0.9995683431625366,0.4951878488063812,0.18052411079406738,-0.25824886560440063,0.9995286464691162,0.5977909564971924,0.31286191940307617,-0.04467097669839859,0.9995425343513489,0.41607537865638733,0.3150572180747986,-0.09165242314338684,0.9997254610061646,0.6108315587043762,0.5048967599868774,0.03857042267918587,0.9628218412399292,0.40466737747192383,0.5209799408912659,-0.06174487620592117,0.989734947681427,0.6253675818443298,0.6890233159065247,-0.11208828538656235,0.9323948621749878,0.38602983951568604,0.7005278468132019,-0.17500032484531403,0.972760796546936,0.6314125061035156,0.7496249079704285,-0.16305458545684814,0.9020121693611145,0.3780243992805481,0.7573457956314087,-0.2223786562681198,0.950933575630188,0.6209315657615662,0.7466718554496765,-0.2211320698261261,0.9090259075164795,0.38668012619018555,0.7531899213790894,-0.2771961987018585,0.9557046890258789,0.6151170134544373,0.7338778376579285,-0.13931581377983093,0.9080602526664734,0.39296039938926697,0.7398957014083862,-0.20088782906532288,0.9547953009605408,0.5602278113365173,0.7019341588020325,0.009734047576785088,0.9956218600273132,0.4512476921081543,0.7033097147941589,-0.009212490171194077,0.9968053102493286,0.5661261677742004,0.9603114724159241,-0.03633745759725571,0.7721628546714783,0.45358482003211975,0.9708703756332397,-0.020049942657351494,0.7408396601676941,0.5760383605957031,1.1818273067474365,0.33578553795814514,0.16890692710876465,0.4499545991420746,1.1939324140548706,0.25492754578590393,0.20884130895137787,0.568954586982727,1.2043654918670654,0.3677527606487274,0.14724873006343842,0.4510890543460846,1.2244590520858765,0.27655792236328125,0.1248677596449852,0.5824765563011169,1.2789347171783447,0.21676412224769592,0.10001815855503082,0.45129790902137756,1.2769259214401245,0.07694533467292786,0.11292365193367004
2026-04-30T18:49:38.473092,30,0.5104131698608398,0.16071297228336334,-0.32113856077194214,0.9995456337928772,0.5189381241798401,0.13522134721279144,-0.29448091983795166,0.9989553093910217,0.525797963142395,0.13495710492134094,-0.29456275701522827,0.9990354776382446,0.5320566892623901,0.13475173711776733,-0.2945033013820648,0.9989844560623169,0.5010784268379211,0.13461992144584656,-0.3018372356891632,0.9990185499191284,0.4950721859931946,0.13415083289146423,-0.3018966615200043,0.999070405960083,0.48991841077804565,0.13394752144813538,-0.30203965306282043,0.9990593194961548,0.5374889969825745,0.1446462720632553,-0.1361999809741974,0.9987617135047913,0.479708194732666,0.14658823609352112,-0.1589294821023941,0.99896639585495,0.5206758379936218,0.1845882683992386,-0.2577720880508423,0.9996007084846497,0.49781903624534607,0.18169569969177246,-0.2671118378639221,0.9995635151863098,0.5991664528846741,0.31482401490211487,-0.04597904905676842,0.9995734691619873,0.41880685091018677,0.314790815114975,-0.10252761840820312,0.9997362494468689,0.6140215396881104,0.5094742774963379,0.039679624140262604,0.9637916684150696,0.40886253118515015,0.5185388326644897,-0.06468458473682404,0.9895604252815247,0.6259024143218994,0.6913508176803589,-0.11287081241607666,0.9368802905082703,0.38857921957969666,0.6999427080154419,-0.1918216496706009,0.9727789759635925,0.6345765590667725,0.7527104616165161,-0.16481970250606537,0.9078197479248047,0.37959569692611694,0.7571784853935242,-0.2416047751903534,0.9509663581848145,0.6266273856163025,0.7501431107521057,-0.22679761052131653,0.9145511388778687,0.38783395290374756,0.7529497146606445,-0.30044427514076233,0.9557459354400635,0.6199626326560974,0.7365240454673767,-0.14181989431381226,0.9132822155952454,0.3946135640144348,0.739629328250885,-0.21916070580482483,0.9547113180160522,0.5605917572975159,0.7022139430046082,0.011875955387949944,0.9958643913269043,0.45257988572120667,0.7033523321151733,-0.011387057602405548,0.996981143951416,0.566298246383667,0.9602586627006531,-0.026225557550787926,0.7780656218528748,0.45473164319992065,0.9716008305549622,-0.02066163718700409,0.7470417618751526,0.5764902234077454,1.179299235343933,0.37963759899139404,0.1810065060853958,0.4499146044254303,1.192013144493103,0.2758411169052124,0.22411923110485077,0.569577157497406,1.2018078565597534,0.4138055741786957,0.15702177584171295,0.4509010314941406,1.2223052978515625,0.2995983958244324,0.1306077241897583,0.5840311646461487,1.2751963138580322,0.25064074993133545,0.10882568359375,0.4515003263950348,1.2748452425003052,0.09148261696100235,0.12238790094852448
2026-04-30T18:49:38.581427,31,0.5110294222831726,0.15785565972328186,-0.32465893030166626,0.9995771646499634,0.520262598991394,0.134932279586792,-0.29951393604278564,0.9990270137786865,0.5270268321037292,0.13477550446987152,-0.29963627457618713,0.9991027116775513,0.5332299470901489,0.1343274861574173,-0.2996799647808075,0.9990553259849548,0.5021476745605469,0.13440199196338654,-0.3011701703071594,0.9990800023078918,0.4960384964942932,0.1339266002178192,-0.30118876695632935,0.9991271495819092,0.4906519949436188,0.13358385860919952,-0.30136850476264954,0.999112606048584,0.5375994443893433,0.14396962523460388,-0.14021563529968262,0.9988430142402649,0.4805942177772522,0.14551232755184174,-0.1461978554725647,0.9990183115005493,0.5214928388595581,0.1821717768907547,-0.26329490542411804,0.9996269941329956,0.4984230101108551,0.17875917255878448,-0.26559025049209595,0.9995896220207214,0.6027389764785767,0.31410664319992065,-0.046753205358982086,0.999600887298584,0.42117395997047424,0.3142491281032562,-0.09260307252407074,0.9997435212135315,0.6200916171073914,0.510157585144043,0.03472141548991203,0.9655758142471313,0.41109499335289,0.5181558728218079,-0.0538378544151783,0.9893065094947815,0.6305001974105835,0.6935720443725586,-0.11181740462779999,0.9417471289634705,0.38971930742263794,0.6983241438865662,-0.1694621592760086,0.9731707572937012,0.6428300142288208,0.754963219165802,-0.16384275257587433,0.9143792390823364,0.38079145550727844,0.7557173371315002,-0.21544590592384338,0.9516632556915283,0.6334459185600281,0.7526189684867859,-0.2242150753736496,0.9206745624542236,0.38829636573791504,0.7516191005706787,-0.2736823260784149,0.9563978314399719,0.626215934753418,0.739596426486969,-0.1407357007265091,0.9192859530448914,0.39521265029907227,0.7380334734916687,-0.19650520384311676,0.9553204774856567,0.5611178874969482,0.704695463180542,0.01180453971028328,0.9961305260658264,0.45296573638916016,0.7037792205810547,-0.011318440549075603,0.9971743226051331,0.5666085481643677,0.9605478644371033,-0.02864043414592743,0.780643880367279,0.4547301232814789,0.9716702699661255,-0.019332244992256165,0.750113844871521,0.5781293511390686,1.1825239658355713,0.37590524554252625,0.1848517656326294,0.44982510805130005,1.1945534944534302,0.28811919689178467,0.23035553097724915,0.5716266632080078,1.2053039073944092,0.41018128395080566,0.15947453677654266,0.45082908868789673,1.224818468093872,0.3138914108276367,0.13081572949886322,0.5870076417922974,1.2782362699508667,0.24839214980602264,0.11141412705183029,0.45147114992141724,1.277733564376831,0.11518405377864838,0.1252952516078949
2026-04-30T18:49:38.691367,32,0.5148527026176453,0.15638498961925507,-0.3311620056629181,0.9996098279953003,0.5243479013442993,0.13384808599948883,-0.3059001564979553,0.9991021156311035,0.5306552648544312,0.1339011937379837,-0.30605000257492065,0.9991727471351624,0.5367838740348816,0.13377955555915833,-0.3061557114124298,0.999128520488739,0.5059336423873901,0.13403044641017914,-0.30940258502960205,0.9991477727890015,0.49911123514175415,0.13350632786750793,-0.3093947470188141,0.9991909265518188,0.4931871294975281,0.13280363380908966,-0.30957576632499695,0.9991744756698608,0.5421360731124878,0.14346137642860413,-0.15014147758483887,0.9989318251609802,0.4830629229545593,0.14458425343036652,-0.14963287115097046,0.9990854859352112,0.5262137055397034,0.18142938613891602,-0.2678046226501465,0.9996556043624878,0.5017824172973633,0.1782809942960739,-0.26669394969940186,0.9996199607849121,0.608921468257904,0.3153879940509796,-0.06933566927909851,0.9996257424354553,0.4233897626399994,0.31427764892578125,-0.10162606090307236,0.9997512102127075,0.6239544153213501,0.5151085257530212,0.016930965706706047,0.9671791195869446,0.41226425766944885,0.5187928080558777,-0.059887439012527466,0.9890718460083008,0.6340041756629944,0.69866943359375,-0.12004175037145615,0.9457563757896423,0.3898693919181824,0.6974063515663147,-0.1712518036365509,0.9733326435089111,0.6471417546272278,0.7599761486053467,-0.16816434264183044,0.919688880443573,0.3808125853538513,0.7546957731246948,-0.2168520987033844,0.9520082473754883,0.6375347375869751,0.7579243183135986,-0.2270108461380005,0.9256489872932434,0.3883396089076996,0.7504733800888062,-0.2740255892276764,0.9567488431930542,0.6303654909133911,0.7441739439964294,-0.1468053013086319,0.924161970615387,0.3951474726200104,0.7366616129875183,-0.19888663291931152,0.9556522369384766,0.5623852014541626,0.7073562145233154,0.010554841719567776,0.9963632822036743,0.4553099274635315,0.7055255174636841,-0.010145402513444424,0.9973378777503967,0.5672240257263184,0.9605093598365784,-0.021277206018567085,0.7842228412628174,0.45613861083984375,0.9689723253250122,0.0005722169880755246,0.7525660395622253,0.5784134268760681,1.1803361177444458,0.3848629295825958,0.19183214008808136,0.45286741852760315,1.191132664680481,0.30644744634628296,0.2387404888868332,0.5718104839324951,1.203424096107483,0.4192078709602356,0.16552229225635529,0.4548657536506653,1.2215522527694702,0.3321182131767273,0.13489669561386108,0.5871133208274841,1.2733592987060547,0.2644365429878235,0.1158033236861229,0.4517301619052887,1.2718806266784668,0.1402314156293869,0.12985548377037048
2026-04-30T18:49:38.803934,33,0.5212074518203735,0.15630818903446198,-0.4023827910423279,0.9996393322944641,0.5297224521636963,0.13306878507137299,-0.3730735182762146,0.9991702437400818,0.5355830788612366,0.13315583765506744,-0.37321847677230835,0.999235987663269,0.5415011048316956,0.1331157237291336,-0.37330788373947144,0.9991939663887024,0.5114990472793579,0.13303060829639435,-0.3793877363204956,0.9992097020149231,0.5043615102767944,0.13260070979595184,-0.37939947843551636,0.9992498159408569,0.49762487411499023,0.13214723765850067,-0.3795599639415741,0.9992311000823975,0.5463000535964966,0.14335258305072784,-0.1915738731622696,0.9990121722221375,0.48613277077674866,0.14464935660362244,-0.21925076842308044,0.9991487264633179,0.5323454141616821,0.1817454993724823,-0.3328217566013336,0.9996825456619263,0.5079894661903381,0.1785830706357956,-0.34053170680999756,0.9996492862701416,0.612160325050354,0.3172822594642639,-0.085662342607975,0.9996486902236938,0.4247232973575592,0.31547078490257263,-0.13598522543907166,0.9997580647468567,0.6269171237945557,0.519397497177124,0.01692289486527443,0.9686127305030823,0.41306930780410767,0.5200345516204834,-0.08613763749599457,0.988768994808197,0.637107789516449,0.7013736367225647,-0.13488607108592987,0.9491023421287537,0.39057302474975586,0.6965650320053101,-0.2223755568265915,0.9728085398674011,0.6496107578277588,0.7618704438209534,-0.18625596165657043,0.9238705039024353,0.38111528754234314,0.7539635896682739,-0.27336063981056213,0.951289176940918,0.6397957801818848,0.7601754665374756,-0.24761471152305603,0.9296432137489319,0.3884252905845642,0.7497217655181885,-0.3361172378063202,0.9561397433280945,0.632998526096344,0.7463371753692627,-0.16295266151428223,0.9279438257217407,0.3952408730983734,0.7358850836753845,-0.25154614448547363,0.9549193978309631,0.5643367171287537,0.7075968384742737,0.010530645027756691,0.9964630603790283,0.4578704833984375,0.706284761428833,-0.010119140148162842,0.9973971247673035,0.5691537261009216,0.96073979139328,-0.006205178797245026,0.7896449565887451,0.4568702280521393,0.9694262742996216,-0.005189655814319849,0.7586280703544617,0.5790270566940308,1.1789811849594116,0.4057994782924652,0.2042706310749054,0.45152586698532104,1.190386414527893,0.299602210521698,0.254036545753479,0.5727118849754333,1.2027547359466553,0.4392392635345459,0.17623290419578552,0.45339879393577576,1.2207984924316406,0.32520201802253723,0.1432463526725769,0.5879639387130737,1.269683837890625,0.27699193358421326,0.12377935647964478,0.44911569356918335,1.270465612411499,0.13678905367851257,0.13892917335033417
2026-04-30T18:49:38.918524,34,0.5226534008979797,0.15517504513263702,-0.4031910300254822,0.9996650218963623,0.5325648784637451,0.13241508603096008,-0.3738255500793457,0.9992292523384094,0.5386203527450562,0.13282707333564758,-0.3739807605743408,0.9992907047271729,0.5447149872779846,0.13300248980522156,-0.3740846514701843,0.9992512464523315,0.5138838887214661,0.1317424327135086,-0.3785253167152405,0.9992620348930359,0.506725549697876,0.13130228221416473,-0.37853461503982544,0.9992991089820862,0.4997946321964264,0.13085970282554626,-0.37869971990585327,0.9992780089378357,0.5496119260787964,0.14310528337955475,-0.1948411613702774,0.9990819096565247,0.4882306158542633,0.1442042887210846,-0.21725651621818542,0.9991998076438904,0.5335265398025513,0.1811911016702652,-0.33558186888694763,0.9997062683105469,0.508640468120575,0.17761512100696564,-0.3417401909828186,0.9996742606163025,0.6138702630996704,0.317698210477829,-0.09256097674369812,0.9996703863143921,0.4257081151008606,0.31677788496017456,-0.13448455929756165,0.9997597336769104,0.628165602684021,0.51968914270401,0.01201530359685421,0.9700992703437805,0.41419607400894165,0.522024929523468,-0.08381801843643188,0.9882490634918213,0.6381077766418457,0.7015780806541443,-0.1370672732591629,0.9523527026176453,0.3918032944202423,0.6965597867965698,-0.21742680668830872,0.9722508192062378,0.6500206589698792,0.7626226544380188,-0.18819566071033478,0.9280984997749329,0.3826994299888611,0.7537623047828674,-0.26812395453453064,0.9505676627159119,0.640151858329773,0.7608010768890381,-0.24851533770561218,0.9336196184158325,0.3895232081413269,0.7494322061538696,-0.3302961587905884,0.9555085897445679,0.6335142850875854,0.7466733455657959,-0.1642996221780777,0.9317978024482727,0.396282821893692,0.7357609868049622,-0.2461838275194168,0.9541905522346497,0.565593421459198,0.7088865041732788,0.009313687682151794,0.9966456890106201,0.4592965245246887,0.7080884575843811,-0.008912301622331142,0.9974951148033142,0.5710203647613525,0.9613332748413086,-0.014359625056385994,0.7924724221229553,0.4575398862361908,0.9682310819625854,0.0029226522892713547,0.759337842464447,0.5792187452316284,1.1766209602355957,0.40992408990859985,0.20929723978042603,0.4522975981235504,1.1828712224960327,0.33327731490135193,0.2599925398826599,0.5727846026420593,1.2003201246261597,0.4452594220638275,0.18149635195732117,0.4546188712120056,1.2129502296447754,0.36081668734550476,0.14751340448856354,0.588031530380249,1.266532063484192,0.2847934067249298,0.1269751638174057,0.4493490159511566,1.261788249015808,0.16477583348751068,0.1428333967924118
2026-04-30T18:49:39.029536,35,0.5275611281394958,0.15500348806381226,-0.39598900079727173,0.9996882677078247,0.5364094376564026,0.1319994181394577,-0.36887112259864807,0.9992825984954834,0.5421737432479858,0.13236014544963837,-0.36902517080307007,0.999340295791626,0.5478057861328125,0.13255000114440918,-0.3691469132900238,0.9993025660514832,0.518304705619812,0.1313844621181488,-0.3711116909980774,0.9993102550506592,0.5113312602043152,0.13093407452106476,-0.37111303210258484,0.9993447661399841,0.5043519735336304,0.1305014193058014,-0.371281236410141,0.9993216395378113,0.5511861443519592,0.1431053727865219,-0.19339272379875183,0.9991445541381836,0.4907296597957611,0.14379288256168365,-0.2104157656431198,0.9992493987083435,0.5371972322463989,0.18110516667366028,-0.3288331627845764,0.9997272491455078,0.5130011439323425,0.17756180465221405,-0.33306485414505005,0.9996968507766724,0.6142183542251587,0.3177676796913147,-0.09127537161111832,0.9996898174285889,0.4263004660606384,0.3172721564769745,-0.13369403779506683,0.9997634887695312,0.6282662153244019,0.5180883407592773,0.012570254504680634,0.9713183641433716,0.4150286614894867,0.5228919982910156,-0.08785536885261536,0.9882814884185791,0.6383147239685059,0.7008101940155029,-0.13569113612174988,0.9553574919700623,0.3935070037841797,0.6967602968215942,-0.21586866676807404,0.9726200103759766,0.6504078507423401,0.7612306475639343,-0.18475231528282166,0.9319871664047241,0.3840874433517456,0.7537866234779358,-0.26634153723716736,0.9511333107948303,0.6406580805778503,0.7593356966972351,-0.24336664378643036,0.9372885227203369,0.39133745431900024,0.7492619752883911,-0.3273640275001526,0.9560361504554749,0.6338208913803101,0.744960367679596,-0.1618070751428604,0.9353729486465454,0.39815473556518555,0.7356407642364502,-0.24392738938331604,0.9546421766281128,0.5659665465354919,0.7093760371208191,0.010379267856478691,0.9968175888061523,0.4597989022731781,0.7085793614387512,-0.009977079927921295,0.9976033568382263,0.5726337432861328,0.9607722163200378,-0.018334051594138145,0.7974968552589417,0.45765256881713867,0.9679416418075562,0.0012905419571325183,0.7625388503074646,0.5811811685562134,1.1758837699890137,0.40501952171325684,0.21663786470890045,0.4526870846748352,1.183314561843872,0.32055288553237915,0.2680191695690155,0.5746862888336182,1.1994743347167969,0.44024115800857544,0.18808767199516296,0.4550023078918457,1.2133269309997559,0.3472174406051636,0.1511724293231964,0.5915707945823669,1.2662129402160645,0.27925440669059753,0.13152861595153809,0.4493924081325531,1.2626579999923706,0.14691472053527832,0.1474805623292923
2026-04-30T18:49:39.141662,36,0.526645302772522,0.15417586266994476,-0.380903422832489,0.9997134208679199,0.5362027287483215,0.13164784014225006,-0.3542877733707428,0.9993396401405334,0.5420276522636414,0.1322280764579773,-0.3544372320175171,0.9993926882743835,0.5477535724639893,0.132398784160614,-0.35450074076652527,0.9993577003479004,0.5181008577346802,0.1305408626794815,-0.3529277741909027,0.9993627071380615,0.5112054944038391,0.1300627589225769,-0.35292473435401917,0.9993939995765686,0.5043231248855591,0.12960311770439148,-0.35308611392974854,0.9993706345558167,0.5523597002029419,0.14297975599765778,-0.18954885005950928,0.9992106556892395,0.4913294315338135,0.143405944108963,-0.1935032159090042,0.9993022084236145,0.5368610620498657,0.18057875335216522,-0.3222857415676117,0.9997492432594299,0.5118148326873779,0.17682425677776337,-0.3207082152366638,0.9997207522392273,0.6149787306785583,0.3180587589740753,-0.09165342152118683,0.9997122883796692,0.4268203675746918,0.3170890510082245,-0.12805691361427307,0.9997714161872864,0.6286150217056274,0.5173794627189636,-0.0005193838151171803,0.9731413722038269,0.415860116481781,0.5236188173294067,-0.08335473388433456,0.988192617893219,0.6383857131004333,0.7014449834823608,-0.14154016971588135,0.9589056372642517,0.3949289917945862,0.6985654234886169,-0.21145081520080566,0.9731094241142273,0.6505547165870667,0.7613245844841003,-0.19157718122005463,0.936959445476532,0.38585907220840454,0.7548490762710571,-0.2620795667171478,0.9519913792610168,0.6406050324440002,0.7594913840293884,-0.24791619181632996,0.9418920278549194,0.3943043053150177,0.7497673034667969,-0.32237404584884644,0.9568274617195129,0.6337950229644775,0.7455180883407593,-0.1664527803659439,0.9400062561035156,0.4010412096977234,0.7363331317901611,-0.23933084309101105,0.95549476146698,0.5670056939125061,0.7093940377235413,0.009136653505265713,0.9970204830169678,0.4607981741428375,0.708631157875061,-0.008766870945692062,0.9977386593818665,0.5735816955566406,0.9595994353294373,-0.018698476254940033,0.8016026020050049,0.45801621675491333,0.9666761755943298,0.0023902817629277706,0.7674668431282043,0.5818074941635132,1.1729145050048828,0.4003848433494568,0.2232789546251297,0.4550148844718933,1.1796116828918457,0.3142819106578827,0.27702242136001587,0.5753803253173828,1.1968162059783936,0.4353213906288147,0.19395919144153595,0.4579070210456848,1.2094244956970215,0.3404200077056885,0.15626977384090424,0.5925723910331726,1.2633739709854126,0.27844947576522827,0.13526567816734314,0.4502560496330261,1.2593896389007568,0.1455315351486206,0.1524256467819214
2026-04-30T18:49:39.256003,37,0.5278323888778687,0.15325315296649933,-0.37323087453842163,0.9997329115867615,0.5383738875389099,0.13083197176456451,-0.3458455204963684,0.9993842840194702,0.5442670583724976,0.13168743252754211,-0.346005916595459,0.9994332194328308,0.5499489903450012,0.13213007152080536,-0.34608742594718933,0.9994009137153625,0.5200728178024292,0.12878014147281647,-0.3467978835105896,0.9994025826454163,0.5132386684417725,0.1281336098909378,-0.3467904329299927,0.999430775642395,0.5064310431480408,0.1275869756937027,-0.34695854783058167,0.9994068741798401,0.5543313026428223,0.14289580285549164,-0.18398503959178925,0.999261200428009,0.49326157569885254,0.14269475638866425,-0.19158488512039185,0.9993416666984558,0.5378032922744751,0.17990367114543915,-0.31442949175834656,0.9997668862342834,0.5127634406089783,0.17528875172138214,-0.3152370750904083,0.9997398853302002,0.6160911321640015,0.3178563416004181,-0.087517648935318,0.9997321367263794,0.4277377724647522,0.31691884994506836,-0.12606242299079895,0.9997759461402893,0.6295472383499146,0.516910195350647,0.005582123063504696,0.9747225046157837,0.41610580682754517,0.5239614248275757,-0.08387377113103867,0.9883333444595337,0.6390511989593506,0.7007258534431458,-0.1378166675567627,0.9621015191078186,0.3957665264606476,0.6997767686843872,-0.20946399867534637,0.9739721417427063,0.651137113571167,0.7610414624214172,-0.18867257237434387,0.941439688205719,0.38672566413879395,0.7553892731666565,-0.25978410243988037,0.9533969163894653,0.6406563520431519,0.7591845393180847,-0.245292067527771,0.9460548162460327,0.39583003520965576,0.750015377998352,-0.320321261882782,0.9581336975097656,0.6337818503379822,0.7452638745307922,-0.16313891112804413,0.9441958069801331,0.4025503993034363,0.7366300821304321,-0.23724861443042755,0.9567973017692566,0.5686395168304443,0.7097294330596924,0.00923791341483593,0.9972195625305176,0.46193408966064453,0.7092846632003784,-0.008878793567419052,0.9978715777397156,0.5741906762123108,0.9593448042869568,-0.015145815908908844,0.8020613193511963,0.4584284722805023,0.9667125940322876,0.0022755437530577183,0.7655305862426758,0.5843634605407715,1.1718754768371582,0.42321521043777466,0.22164984047412872,0.4550022482872009,1.1793532371520996,0.3245408535003662,0.27599915862083435,0.5782934427261353,1.1953723430633545,0.4608216881752014,0.1929163932800293,0.4578218460083008,1.2092270851135254,0.35215383768081665,0.1548909842967987,0.5947314500808716,1.2624984979629517,0.31003209948539734,0.13399749994277954,0.45059046149253845,1.25841224193573,0.16060742735862732,0.15124031901359558
2026-04-30T18:49:39.372084,38,0.5360050797462463,0.15177054703235626,-0.37018123269081116,0.9997528195381165,0.5447165369987488,0.1291576772928238,-0.3411940038204193,0.9994310140609741,0.5498720407485962,0.13009408116340637,-0.34136489033699036,0.9994760155677795,0.5547648072242737,0.13072021305561066,-0.3414573073387146,0.9994461536407471,0.5273263454437256,0.1267724633216858,-0.3449649214744568,0.999445378780365,0.520410418510437,0.125990092754364,-0.34495609998703003,0.999470591545105,0.5135690569877625,0.12537331879138947,-0.34512269496917725,0.99944669008255,0.5562005043029785,0.14214441180229187,-0.17514589428901672,0.9993161559104919,0.49821704626083374,0.14108774065971375,-0.19207146763801575,0.9993865489959717,0.5427877306938171,0.17791520059108734,-0.3098960816860199,0.9997852444648743,0.5192686319351196,0.1735142022371292,-0.3142891526222229,0.9997599124908447,0.617992639541626,0.3177839517593384,-0.08521280437707901,0.9997522830963135,0.4290037155151367,0.3168185353279114,-0.12536434829235077,0.9997804760932922,0.6302618980407715,0.5167262554168701,0.002669262234121561,0.9762800931930542,0.4163350462913513,0.5240868330001831,-0.08624039590358734,0.9886172413825989,0.6396559476852417,0.7002876400947571,-0.15695615112781525,0.9651163220405579,0.3963030278682709,0.7001123428344727,-0.21182504296302795,0.9750266671180725,0.6517514586448669,0.7605727910995483,-0.21280507743358612,0.9457060098648071,0.3873801529407501,0.7557628750801086,-0.2623361349105835,0.9550867676734924,0.6407792568206787,0.7586368918418884,-0.2689879238605499,0.9500201940536499,0.39717337489128113,0.7501721978187561,-0.3240516185760498,0.9596915245056152,0.6338174343109131,0.744658350944519,-0.1826137900352478,0.9481939673423767,0.40383610129356384,0.7367315292358398,-0.23981133103370667,0.9583419561386108,0.5699078440666199,0.7097459435462952,0.009165337309241295,0.9974046945571899,0.46273207664489746,0.7092970013618469,-0.008810165338218212,0.9979868531227112,0.5750588178634644,0.9594312906265259,-0.017902521416544914,0.8028500080108643,0.45892199873924255,0.9658950567245483,0.0005807518609799445,0.7619394063949585,0.5850182771682739,1.1723374128341675,0.4191572666168213,0.22043859958648682,0.45538759231567383,1.1784476041793823,0.33002787828445435,0.27427998185157776,0.5791715979576111,1.1958965063095093,0.4565531611442566,0.19280116260051727,0.4581475257873535,1.2084349393844604,0.3581278920173645,0.1539265215396881,0.5953923463821411,1.2630198001861572,0.30239686369895935,0.13312527537345886,0.4513479769229889,1.257040023803711,0.1637791097164154,0.15038222074508667
2026-04-30T18:49:39.477756,39,0.5397970080375671,0.15154682099819183,-0.3701329231262207,0.9997687935829163,0.5476560592651367,0.12891227006912231,-0.34107130765914917,0.9994692802429199,0.5525146722793579,0.12989214062690735,-0.34124428033828735,0.9995111227035522,0.5571331977844238,0.13059750199317932,-0.3413415849208832,0.9994832873344421,0.5307873487472534,0.12644632160663605,-0.34522655606269836,0.999479353427887,0.5238743424415588,0.12564368546009064,-0.34521767497062683,0.9995020627975464,0.5170392394065857,0.12500908970832825,-0.3453848361968994,0.9994773864746094,0.5578409433364868,0.1420714408159256,-0.1741856187582016,0.9993619322776794,0.5004479885101318,0.14089570939540863,-0.19729602336883545,0.9994217157363892,0.5457736253738403,0.1776295304298401,-0.3095838129520416,0.9998006820678711,0.5230222940444946,0.17341600358486176,-0.3143101632595062,0.9997765421867371,0.6189203858375549,0.31760987639427185,-0.08424290269613266,0.9997696876525879,0.4298263490200043,0.3167971670627594,-0.12879428267478943,0.9997823238372803,0.6310036778450012,0.5162990689277649,0.003482521278783679,0.9776056408882141,0.41725629568099976,0.5244951844215393,-0.09205711632966995,0.9888615012168884,0.6403404474258423,0.6990498304367065,-0.15598048269748688,0.9677694439888,0.3974742293357849,0.7000986337661743,-0.2181696891784668,0.9759893417358398,0.652461051940918,0.7603305578231812,-0.21171601116657257,0.9494619369506836,0.3884320557117462,0.7558437585830688,-0.2699339687824249,0.9566937685012817,0.6410002112388611,0.7583237886428833,-0.2682381868362427,0.9535216689109802,0.39798763394355774,0.7502438426017761,-0.3312930166721344,0.961182177066803,0.6339191198348999,0.7442305684089661,-0.18176504969596863,0.9517267346382141,0.40468716621398926,0.7367338538169861,-0.2460358589887619,0.9598109722137451,0.5712658166885376,0.7098180055618286,0.009214202873408794,0.9975765943527222,0.4636184275150299,0.7093466520309448,-0.008860480040311813,0.9980952143669128,0.5753716826438904,0.9591425061225891,-0.016004079952836037,0.802055299282074,0.4590166211128235,0.965118944644928,0.0034470404498279095,0.7562319040298462,0.5866634249687195,1.170654296875,0.4512771666049957,0.21517565846443176,0.45529747009277344,1.1775487661361694,0.3518870770931244,0.26863759756088257,0.5813317894935608,1.193434476852417,0.4922608435153961,0.1890401989221573,0.4578395485877991,1.2071582078933716,0.38222092390060425,0.1505112200975418,0.596037745475769,1.2614151239395142,0.34016966819763184,0.12975366413593292,0.4520443379878998,1.255723237991333,0.18706174194812775,0.14684318006038666
2026-04-30T18:49:39.585681,40,0.5382288694381714,0.15154989063739777,-0.3679276704788208,0.9997864365577698,0.5472567081451416,0.12879222631454468,-0.3388647437095642,0.9995099306106567,0.5525252223014832,0.12979044020175934,-0.3390294313430786,0.9995480179786682,0.5575298070907593,0.13059931993484497,-0.33912864327430725,0.99952232837677,0.5296949744224548,0.1263207495212555,-0.34339553117752075,0.9995176196098328,0.5227426886558533,0.12554731965065002,-0.3433852791786194,0.9995379447937012,0.5158793926239014,0.12494324892759323,-0.34354278445243835,0.9995137453079224,0.5601823329925537,0.14261628687381744,-0.17265699803829193,0.9994092583656311,0.5001230239868164,0.1407560557126999,-0.19696561992168427,0.9994623064994812,0.5453287363052368,0.1779821515083313,-0.3071865439414978,0.9998162388801575,0.5218803286552429,0.17381705343723297,-0.3127290606498718,0.9997937679290771,0.6194254159927368,0.3177661597728729,-0.08356855809688568,0.9997853636741638,0.4304195046424866,0.31674569845199585,-0.12774895131587982,0.9997878670692444,0.6316145658493042,0.5158362984657288,0.005832991562783718,0.9788057804107666,0.41755223274230957,0.5243523120880127,-0.08953500539064407,0.9889250993728638,0.6414493918418884,0.6976726055145264,-0.14109238982200623,0.9701777696609497,0.3983069360256195,0.7000492215156555,-0.21730056405067444,0.976618230342865,0.6531408429145813,0.7601824998855591,-0.19343167543411255,0.9528477191925049,0.3894365131855011,0.7558597922325134,-0.26976436376571655,0.9577160477638245,0.6413743495941162,0.7582017183303833,-0.2471836805343628,0.9566593170166016,0.39884623885154724,0.7503367066383362,-0.330321729183197,0.9621328115463257,0.6342711448669434,0.7439853549003601,-0.16489525139331818,0.9548866152763367,0.40545159578323364,0.736735463142395,-0.24560467898845673,0.9607964754104614,0.5726232528686523,0.7098360061645508,0.00918579287827015,0.997718095779419,0.464124858379364,0.7095350623130798,-0.008837088011205196,0.9981881976127625,0.5756983757019043,0.9585998058319092,-0.007557192351669073,0.8045194149017334,0.4590458273887634,0.9639772176742554,0.010576874949038029,0.7561371326446533,0.5866748094558716,1.1668843030929565,0.4484725892543793,0.21595034003257751,0.4560188353061676,1.174823522567749,0.3491395115852356,0.27056390047073364,0.5813047289848328,1.1895886659622192,0.487619549036026,0.1898694932460785,0.4587671160697937,1.2041822671890259,0.37812283635139465,0.15161395072937012,0.5959824919700623,1.2571961879730225,0.34052854776382446,0.12994258105754852,0.45229315757751465,1.2528269290924072,0.18828155100345612,0.14795458316802979
2026-04-30T18:49:39.694889,41,0.537709653377533,0.15149664878845215,-0.36914581060409546,0.9997957348823547,0.547122061252594,0.12866833806037903,-0.33985650539398193,0.9995320439338684,0.5524130463600159,0.1296471804380417,-0.34002596139907837,0.9995685815811157,0.557450532913208,0.13047051429748535,-0.34013375639915466,0.9995446801185608,0.5294704437255859,0.12623316049575806,-0.344093918800354,0.9995349049568176,0.5226444005966187,0.1254802644252777,-0.34408628940582275,0.9995532631874084,0.5159376859664917,0.12489277869462967,-0.3442564904689789,0.9995275735855103,0.5601035356521606,0.1426110863685608,-0.17316283285617828,0.9994351267814636,0.5012273788452148,0.14068134129047394,-0.19680729508399963,0.9994780421257019,0.5449962615966797,0.1778036504983902,-0.30789223313331604,0.9998263716697693,0.5216638445854187,0.17368954420089722,-0.3132210373878479,0.9998039603233337,0.6203308701515198,0.3182048797607422,-0.0862160176038742,0.9997972249984741,0.43195486068725586,0.31669941544532776,-0.12723949551582336,0.9997857809066772,0.632099449634552,0.5162948966026306,-0.0007939261267893016,0.9798158407211304,0.41842684149742126,0.5242177248001099,-0.08821611106395721,0.9889927506446838,0.6422010660171509,0.6975394487380981,-0.15356875956058502,0.9722438454627991,0.3993469774723053,0.7007126212120056,-0.21562978625297546,0.9772328734397888,0.6536861658096313,0.7600639462471008,-0.20800313353538513,0.9558252096176147,0.39025750756263733,0.7567050457000732,-0.2674161493778229,0.9587385058403015,0.6415628790855408,0.7580702900886536,-0.2634763717651367,0.9594249725341797,0.4001370966434479,0.7514961361885071,-0.3280681371688843,0.96307772397995,0.6344385743141174,0.7440441846847534,-0.1782979667186737,0.9576765298843384,0.4069384038448334,0.7377176284790039,-0.24397972226142883,0.9617404937744141,0.5736914873123169,0.7104933857917786,0.009232310578227043,0.9978646636009216,0.4647309184074402,0.7100604772567749,-0.008886070922017097,0.9982805252075195,0.5758403539657593,0.9587466716766357,-0.018842589110136032,0.8006511330604553,0.4598727822303772,0.9627633690834045,0.010725848376750946,0.7473472356796265,0.584267795085907,1.1665301322937012,0.4465290606021881,0.2076079249382019,0.4610111713409424,1.1716121435165405,0.38137778639793396,0.25975051522254944,0.5791651606559753,1.1886743307113647,0.4874359965324402,0.18410643935203552,0.4634225368499756,1.199996829032898,0.4145764708518982,0.14638350903987885,0.5914217233657837,1.256636381149292,0.33663854002952576,0.12479808181524277,0.4604511260986328,1.2494194507598877,0.2273005247116089,0.14201369881629944
2026-04-30T18:49:39.804577,42,0.5401427149772644,0.15072736144065857,-0.3765161335468292,0.9998068809509277,0.5486346483230591,0.1283073127269745,-0.34532028436660767,0.9995595216751099,0.5537185072898865,0.1293351650238037,-0.3455033600330353,0.9995934963226318,0.5585442781448364,0.1302315592765808,-0.3456132113933563,0.9995711445808411,0.5311025381088257,0.12572568655014038,-0.3516652584075928,0.9995594620704651,0.5241830945014954,0.12493093311786652,-0.3516666889190674,0.9995759725570679,0.5174142718315125,0.12430845946073532,-0.35184794664382935,0.9995501041412354,0.5602365732192993,0.1425309181213379,-0.1730964630842209,0.9994662404060364,0.5023859143257141,0.14060331881046295,-0.1999768763780594,0.999504804611206,0.5462042093276978,0.176607146859169,-0.31150001287460327,0.9998375773429871,0.5239648222923279,0.1726849377155304,-0.31937867403030396,0.9998161196708679,0.6210049390792847,0.3183000683784485,-0.08145961165428162,0.999809205532074,0.43245214223861694,0.31685924530029297,-0.13176238536834717,0.9997863173484802,0.6325951814651489,0.5162651538848877,0.004090770613402128,0.9807847142219543,0.41888028383255005,0.5246788859367371,-0.09395815432071686,0.9892971515655518,0.6425482034683228,0.697397768497467,-0.15242354571819305,0.9741092920303345,0.4004366397857666,0.7009891271591187,-0.226039856672287,0.978073239326477,0.6539788246154785,0.7599304914474487,-0.20816631615161896,0.9584561586380005,0.3914903700351715,0.7572230100631714,-0.28023359179496765,0.9600570201873779,0.6417322754859924,0.7580145001411438,-0.26541557908058167,0.9618842601776123,0.40157240629196167,0.7523980736732483,-0.34120824933052063,0.9642843008041382,0.6345840692520142,0.7440812587738037,-0.17822816967964172,0.9601761698722839,0.4083564877510071,0.7384549379348755,-0.25374481081962585,0.9629136919975281,0.5738807320594788,0.7105624079704285,0.011320190504193306,0.9980014562606812,0.4647759795188904,0.7100776433944702,-0.010956952348351479,0.9983636736869812,0.5761348009109497,0.9602461457252502,-0.035267941653728485,0.7972294688224792,0.46014204621315,0.9628322720527649,-0.002044921275228262,0.7412405014038086,0.5850775837898254,1.170160174369812,0.439898818731308,0.1998579353094101,0.4609542489051819,1.172624945640564,0.37159213423728943,0.249749094247818,0.5800238251686096,1.1924713850021362,0.47888341546058655,0.17804820835590363,0.46314382553100586,1.2012975215911865,0.40450844168663025,0.14101238548755646,0.5926245450973511,1.259848952293396,0.3354704976081848,0.11990846693515778,0.46201467514038086,1.2507659196853638,0.2096116840839386,0.13653942942619324
2026-04-30T18:49:39.908839,43,0.5394137501716614,0.1505410373210907,-0.37203270196914673,0.9998188018798828,0.5485106706619263,0.12826018035411835,-0.34123724699020386,0.9995879530906677,0.553806722164154,0.12926168739795685,-0.34141385555267334,0.9996193647384644,0.5588823556900024,0.13013441860675812,-0.3415300250053406,0.9995989203453064,0.5307579040527344,0.125440314412117,-0.34691518545150757,0.9995851516723633,0.5238484144210815,0.12459183484315872,-0.34691092371940613,0.9995996952056885,0.517048180103302,0.12391837686300278,-0.34708645939826965,0.9995740652084351,0.5616339445114136,0.14263905584812164,-0.1705966740846634,0.9994997382164001,0.5023160576820374,0.14054857194423676,-0.19590772688388824,0.9995317459106445,0.546058714389801,0.1765737533569336,-0.3081088066101074,0.9998487234115601,0.5234770178794861,0.1726343333721161,-0.31545490026474,0.999828040599823,0.6215064525604248,0.31929534673690796,-0.08136250078678131,0.9998211860656738,0.43301063776016235,0.31682780385017395,-0.1315809041261673,0.9997881650924683,0.6328402757644653,0.5169935822486877,0.0044206189922988415,0.9817370772361755,0.4189344048500061,0.52445387840271,-0.09233367443084717,0.9894399046897888,0.6428749561309814,0.6975644826889038,-0.1506405621767044,0.9759426116943359,0.4010719358921051,0.7009808421134949,-0.22459065914154053,0.9786455631256104,0.6541288495063782,0.7603594660758972,-0.20573179423809052,0.9611119031906128,0.39197006821632385,0.7572637796401978,-0.2781056761741638,0.9609515070915222,0.6417275071144104,0.7584942579269409,-0.26275044679641724,0.964346706867218,0.4023347795009613,0.7525445818901062,-0.3371356129646301,0.9651079773902893,0.6345800161361694,0.7445106506347656,-0.17629694938659668,0.9626665115356445,0.4093167185783386,0.7384679913520813,-0.251282274723053,0.9637402892112732,0.5740397572517395,0.711682915687561,0.011293253861367702,0.998123288154602,0.4649643301963806,0.7115079164505005,-0.010929463431239128,0.9984403252601624,0.5764075517654419,0.9605408906936646,-0.034005023539066315,0.7927027344703674,0.4603849947452545,0.9629074335098267,-0.0021010451018810272,0.7340458631515503,0.5850287675857544,1.1706712245941162,0.43866056203842163,0.1930452585220337,0.4608047902584076,1.1733148097991943,0.36266228556632996,0.2413749098777771,0.5800196528434753,1.192782998085022,0.47834545373916626,0.1725064516067505,0.46306267380714417,1.2021607160568237,0.3941708207130432,0.1364159882068634,0.5921799540519714,1.26010262966156,0.32930201292037964,0.11554092168807983,0.4616881310939789,1.2517621517181396,0.20202478766441345,0.1317814588546753
2026-04-30T18:49:40.021842,44,0.5389682650566101,0.14993137121200562,-0.3808369040489197,0.9998288750648499,0.5482592582702637,0.12778030335903168,-0.350466787815094,0.9996110200881958,0.5535221099853516,0.12891611456871033,-0.3506403863430023,0.9996404051780701,0.5586366653442383,0.12992985546588898,-0.3507547676563263,0.9996214509010315,0.530642569065094,0.12460563331842422,-0.3545970320701599,0.9996053576469421,0.5237528681755066,0.1237042024731636,-0.3545911908149719,0.9996178150177002,0.5169724225997925,0.12307465821504593,-0.3547699451446533,0.9995916485786438,0.5619543790817261,0.1425691694021225,-0.1761150062084198,0.9995267391204834,0.502163290977478,0.14024175703525543,-0.19656118750572205,0.9995509386062622,0.5458762049674988,0.17604413628578186,-0.3155434727668762,0.9998583793640137,0.5233711004257202,0.1719408929347992,-0.3209601938724518,0.9998381733894348,0.6220159530639648,0.3192509114742279,-0.08458349108695984,0.9998317360877991,0.4336494505405426,0.31680288910865784,-0.13141390681266785,0.9997900128364563,0.6329934000968933,0.5174874663352966,-9.2336478701327e-05,0.982542872428894,0.4192078113555908,0.5243743658065796,-0.08919251710176468,0.9893470406532288,0.6430079340934753,0.6974747776985168,-0.16561277210712433,0.977498471736908,0.4016091227531433,0.700969398021698,-0.2234637290239334,0.9788453578948975,0.6542578935623169,0.7603427171707153,-0.22309406101703644,0.9633089303970337,0.3927428424358368,0.7572316527366638,-0.2757492661476135,0.9612434506416321,0.641758382320404,0.7585128545761108,-0.28040367364883423,0.9663839340209961,0.4029541611671448,0.7525433301925659,-0.333999365568161,0.9653781652450562,0.634599506855011,0.7446024417877197,-0.1915753185749054,0.9646791815757751,0.40982165932655334,0.7384390234947205,-0.24959294497966766,0.9639628529548645,0.5749711394309998,0.7117490172386169,0.010894937440752983,0.9982066750526428,0.46560630202293396,0.7119766473770142,-0.010538528673350811,0.9984863996505737,0.5769414305686951,0.9609271883964539,-0.033402495086193085,0.7944176197052002,0.4611959457397461,0.9629884362220764,0.0007059901836328208,0.7343639135360718,0.5851839780807495,1.1709187030792236,0.4370424151420593,0.19469186663627625,0.4655705392360687,1.1738765239715576,0.36664390563964844,0.24231582880020142,0.5801414251327515,1.1929912567138672,0.4763856530189514,0.17395156621932983,0.46853604912757874,1.2027744054794312,0.39773863554000854,0.1373787671327591,0.5925754904747009,1.2605717182159424,0.32428139448165894,0.11645081639289856,0.4649280607700348,1.2524428367614746,0.20171943306922913,0.1330321729183197
2026-04-30T18:49:40.131293,45,0.5386294722557068,0.14992652833461761,-0.3801479637622833,0.9998354911804199,0.5483173131942749,0.12770231068134308,-0.3500380516052246,0.9996272325515747,0.5536781549453735,0.12883087992668152,-0.35021013021469116,0.9996548295021057,0.5588353276252747,0.12985765933990479,-0.35032179951667786,0.999637246131897,0.5305241346359253,0.12456175684928894,-0.35412460565567017,0.999618649482727,0.523621678352356,0.1236790269613266,-0.35411781072616577,0.9996292591094971,0.5168198347091675,0.12305723130702972,-0.35429447889328003,0.9996021389961243,0.5620722770690918,0.142548069357872,-0.1758214682340622,0.9995445609092712,0.502261757850647,0.1401739865541458,-0.19705869257450104,0.9995622038841248,0.5458402037620544,0.17602390050888062,-0.3148762881755829,0.9998654127120972,0.5230828523635864,0.17191991209983826,-0.3203621208667755,0.9998452067375183,0.622002124786377,0.31987902522087097,-0.08459442853927612,0.9998392462730408,0.434011310338974,0.3167794346809387,-0.13058505952358246,0.9997884631156921,0.6329092383384705,0.5173966288566589,0.0006170672713778913,0.9830846786499023,0.4192720353603363,0.5243366956710815,-0.0889224261045456,0.9892827868461609,0.6430225372314453,0.6974562406539917,-0.15945911407470703,0.978812575340271,0.40190571546554565,0.700933575630188,-0.2187715768814087,0.9791192412376404,0.6542485952377319,0.7604259848594666,-0.2133127748966217,0.9651778936386108,0.3931448459625244,0.7571555972099304,-0.2693856358528137,0.9616913199424744,0.6417254209518433,0.758691132068634,-0.2708803415298462,0.9681227207183838,0.40301886200904846,0.7524697184562683,-0.3277888894081116,0.965781569480896,0.6345566511154175,0.7448092103004456,-0.1848914921283722,0.9664085507392883,0.40981540083885193,0.7384198307991028,-0.24478404223918915,0.9643353819847107,0.5750923156738281,0.7119473218917847,0.010261515155434608,0.9982919692993164,0.4656588137149811,0.7120242714881897,-0.009914017282426357,0.9985330104827881,0.576979398727417,0.9609410166740417,-0.0372629389166832,0.7920159697532654,0.4611595571041107,0.9628124833106995,0.0006586747476831079,0.7295319437980652,0.5850943326950073,1.1711325645446777,0.42935919761657715,0.19046373665332794,0.4650405943393707,1.1727579832077026,0.37226852774620056,0.23632191121578217,0.5800613760948181,1.1933144330978394,0.4688718318939209,0.17116425931453705,0.4678768217563629,1.201235055923462,0.40494030714035034,0.13491185009479523,0.5924991965293884,1.2609025239944458,0.3205961287021637,0.11403520405292511,0.46467962861061096,1.250672698020935,0.218711256980896,0.13013678789138794
2026-04-30T18:49:40.237483,46,0.5379132032394409,0.14954987168312073,-0.381418913602829,0.9998436570167542,0.5482329726219177,0.12720157206058502,-0.3517303466796875,0.9996460676193237,0.5535317063331604,0.12838275730609894,-0.35190218687057495,0.999671995639801,0.5587013363838196,0.12950561940670013,-0.35201722383499146,0.9996559023857117,0.5303177237510681,0.12397376447916031,-0.35503003001213074,0.9996343851089478,0.5233214497566223,0.12309931963682175,-0.3550238311290741,0.9996429681777954,0.5163980722427368,0.12252041697502136,-0.35519900918006897,0.9996151924133301,0.5625738501548767,0.14252178370952606,-0.18021240830421448,0.9995675086975098,0.5022189617156982,0.14010553061962128,-0.19711638987064362,0.9995747208595276,0.5457889437675476,0.1760081797838211,-0.31729990243911743,0.9998733997344971,0.5225710868835449,0.17185263335704803,-0.3216409981250763,0.9998530745506287,0.6221956610679626,0.32077500224113464,-0.09543579816818237,0.999847948551178,0.43414801359176636,0.316782683134079,-0.1289646476507187,0.9997872710227966,0.6331319212913513,0.5175462961196899,-0.012151171453297138,0.9838000535964966,0.419900119304657,0.5242795348167419,-0.08390592038631439,0.9889177680015564,0.6430951356887817,0.6974278688430786,-0.17125079035758972,0.9801048040390015,0.40217989683151245,0.7000766396522522,-0.21548709273338318,0.978983998298645,0.6542525887489319,0.7605118155479431,-0.22637149691581726,0.9670554399490356,0.3937038779258728,0.7557325959205627,-0.2662558853626251,0.961579442024231,0.6417223215103149,0.7588080167770386,-0.2838907241821289,0.9698522686958313,0.4031684994697571,0.750727117061615,-0.3268035054206848,0.9656875133514404,0.6345545649528503,0.7449795007705688,-0.19680562615394592,0.9681392312049866,0.4098517894744873,0.7364559769630432,-0.24294209480285645,0.964237630367279,0.5752138495445251,0.7121871113777161,0.007357450667768717,0.9983733296394348,0.4657091200351715,0.7118246555328369,-0.007015114184468985,0.9985752105712891,0.5770682692527771,0.9607908725738525,-0.03970085829496384,0.7933905124664307,0.46117034554481506,0.9617583155632019,0.012108488008379936,0.7299591898918152,0.5846096277236938,1.169450044631958,0.4256982207298279,0.19042734801769257,0.46530580520629883,1.1686078310012817,0.38721394538879395,0.2362772673368454,0.5795866847038269,1.1917985677719116,0.4649595618247986,0.17084839940071106,0.4685530662536621,1.1970969438552856,0.41976481676101685,0.13594843447208405,0.5918280482292175,1.259445071220398,0.3141581416130066,0.11388499289751053,0.46445783972740173,1.2464661598205566,0.23369500041007996,0.13062068819999695
2026-04-30T18:49:40.341979,47,0.5377893447875977,0.14996975660324097,-0.4187440872192383,0.9998522996902466,0.5482646822929382,0.12741641700267792,-0.3870576024055481,0.9996650815010071,0.5536590814590454,0.1285850703716278,-0.38723447918891907,0.9996898174285889,0.5588992238044739,0.12971791625022888,-0.3873298168182373,0.9996740221977234,0.5302619934082031,0.12419652938842773,-0.392123281955719,0.9996514320373535,0.5232862234115601,0.12332240492105484,-0.3921288847923279,0.9996590614318848,0.5163432955741882,0.12273620814085007,-0.3923044204711914,0.9996300339698792,0.5628112554550171,0.14273664355278015,-0.20103725790977478,0.9995900392532349,0.5021874904632568,0.14012473821640015,-0.22520871460437775,0.9995905756950378,0.5458887815475464,0.17640142142772675,-0.3491346538066864,0.9998816251754761,0.5224770307540894,0.17229148745536804,-0.3558962941169739,0.9998618960380554,0.6221679449081421,0.3211180865764618,-0.10077116638422012,0.9998562335968018,0.43417781591415405,0.31707584857940674,-0.13749034702777863,0.9997856020927429,0.6331691741943359,0.5177764296531677,-0.011134572327136993,0.9843530654907227,0.42055758833885193,0.5250239968299866,-0.08692755550146103,0.988548219203949,0.6432397961616516,0.6973389387130737,-0.18655723333358765,0.981050968170166,0.4020985960960388,0.7000341415405273,-0.23268333077430725,0.9784038066864014,0.6543460488319397,0.7603954076766968,-0.24442732334136963,0.9683074951171875,0.3936477303504944,0.7555633783340454,-0.2876506447792053,0.9607205390930176,0.6417884230613708,0.758680522441864,-0.3055639863014221,0.9710310101509094,0.4026918411254883,0.7506915330886841,-0.35225528478622437,0.9649213552474976,0.634597659111023,0.7449518442153931,-0.2141927033662796,0.9692488312721252,0.4092055857181549,0.7364886403083801,-0.26214587688446045,0.9633798003196716,0.5752288103103638,0.7121958136558533,0.0066609508357942104,0.9984090924263,0.46578449010849,0.7118165493011475,-0.006279421504586935,0.9985524415969849,0.5770679116249084,0.9612592458724976,-0.0490633025765419,0.8003438711166382,0.46118372678756714,0.9612789750099182,0.011744371615350246,0.735059916973114,0.5846146941184998,1.1695157289505005,0.397744357585907,0.20174536108970642,0.4650426506996155,1.1678204536437988,0.40164145827293396,0.2433994859457016,0.5796278715133667,1.1920253038406372,0.4335881769657135,0.179343581199646,0.46816331148147583,1.1958434581756592,0.4349924623966217,0.14212067425251007,0.5915755033493042,1.2597140073776245,0.2647325098514557,0.1213463693857193,0.4640873372554779,1.2464760541915894,0.24104729294776917,0.1364898830652237
2026-04-30T18:49:40.461168,48,0.5376193523406982,0.14995217323303223,-0.4075867235660553,0.9998610615730286,0.5481342077255249,0.12743081152439117,-0.3768447935581207,0.9996848106384277,0.5535606145858765,0.12860801815986633,-0.37701791524887085,0.9997084140777588,0.5588240623474121,0.1297617256641388,-0.3771204948425293,0.9996932148933411,0.5300930738449097,0.124205581843853,-0.38172656297683716,0.9996693730354309,0.5231311321258545,0.12333943694829941,-0.38172808289527893,0.9996763467788696,0.5162304639816284,0.122770756483078,-0.3819018006324768,0.9996469020843506,0.5628325343132019,0.1429172158241272,-0.19624516367912292,0.9996141791343689,0.5021673440933228,0.14013656973838806,-0.21916763484477997,0.9996088147163391,0.5457948446273804,0.17646045982837677,-0.3399605453014374,0.9998894333839417,0.5223153829574585,0.17237378656864166,-0.3464546501636505,0.9998700618743896,0.6218461394309998,0.32195013761520386,-0.0969030037522316,0.9998643398284912,0.4342523217201233,0.31706681847572327,-0.136020690202713,0.9997894763946533,0.6331489086151123,0.5184557437896729,-0.006610854063183069,0.9847968220710754,0.42108774185180664,0.5248407125473022,-0.08497221767902374,0.9883914589881897,0.6442219018936157,0.6945471167564392,-0.17980578541755676,0.9820051789283752,0.3996067941188812,0.699454128742218,-0.22842486202716827,0.9784577488899231,0.6556046009063721,0.7586675882339478,-0.23689714074134827,0.9696290493011475,0.3889583945274353,0.7555672526359558,-0.2823125123977661,0.9608722925186157,0.6433008909225464,0.7565830945968628,-0.29757630825042725,0.972282350063324,0.39643046259880066,0.7508957386016846,-0.34641727805137634,0.9650806784629822,0.6356378793716431,0.743043065071106,-0.20747080445289612,0.9704575538635254,0.4025668501853943,0.7366954684257507,-0.2576477825641632,0.9635310173034668,0.5750836730003357,0.7115156054496765,0.007489790674299002,0.9984527230262756,0.4657732844352722,0.7108520865440369,-0.007108052261173725,0.9985697865486145,0.5770562887191772,0.9612668752670288,-0.04672631621360779,0.8047937154769897,0.46161866188049316,0.9613090753555298,-0.00477349478751421,0.7404215931892395,0.5849635004997253,1.1694988012313843,0.4008403420448303,0.2088346779346466,0.4649110734462738,1.1682628393173218,0.37042170763015747,0.24796642363071442,0.5801781415939331,1.1920384168624878,0.4366530776023865,0.18230974674224854,0.46769267320632935,1.1961156129837036,0.40136632323265076,0.14417338371276855,0.5914604663848877,1.2597763538360596,0.26980921626091003,0.1253477782011032,0.46373599767684937,1.2470144033432007,0.20185551047325134,0.139971524477005
2026-04-30T18:49:40.567532,49,0.5379089117050171,0.15019020438194275,-0.4021242558956146,0.9998701810836792,0.5482049584388733,0.12770529091358185,-0.3695259392261505,0.9997068643569946,0.5536326766014099,0.12880486249923706,-0.3697080612182617,0.9997289776802063,0.5588906407356262,0.12989822030067444,-0.3698371648788452,0.9997148513793945,0.5301274061203003,0.12476972490549088,-0.37691980600357056,0.999690592288971,0.5231456756591797,0.12404398620128632,-0.37688499689102173,0.9996965527534485,0.5161817073822021,0.12359150499105453,-0.3770260214805603,0.9996676445007324,0.5628184080123901,0.14302890002727509,-0.18233901262283325,0.9996418356895447,0.5021138191223145,0.14045828580856323,-0.21509304642677307,0.9996325373649597,0.5460027456283569,0.17662400007247925,-0.33111900091171265,0.9998974204063416,0.5226917266845703,0.1730228066444397,-0.3409518003463745,0.9998782873153687,0.6213656067848206,0.32323306798934937,-0.07412257790565491,0.9998719096183777,0.4347183108329773,0.3170213997364044,-0.12734177708625793,0.9997934103012085,0.6343473196029663,0.5205280184745789,0.03167570382356644,0.9853734970092773,0.42109036445617676,0.5219919085502625,-0.05868471786379814,0.9881929755210876,0.662745475769043,0.693755567073822,-0.13530008494853973,0.983023464679718,0.3820938169956207,0.6909351348876953,-0.203679159283638,0.9789004325866699,0.6740649342536926,0.7552096247673035,-0.18676994740962982,0.9711352586746216,0.3626179099082947,0.7461583018302917,-0.2534312605857849,0.9617752432823181,0.6654918789863586,0.7538278698921204,-0.2513808608055115,0.9737199544906616,0.36489683389663696,0.7438758611679077,-0.327426016330719,0.965964674949646,0.6583809852600098,0.7415947318077087,-0.16497015953063965,0.9719472527503967,0.3759027123451233,0.7296397686004639,-0.23761403560638428,0.9644486308097839,0.5747829675674438,0.7112359404563904,0.01086629182100296,0.9985094666481018,0.46573877334594727,0.7096664309501648,-0.010476433672010899,0.9985971450805664,0.5760388374328613,0.961569607257843,-0.04771220684051514,0.8055119514465332,0.4621800482273102,0.9616703391075134,-0.04747702553868294,0.7439337372779846,0.5849213600158691,1.1741000413894653,0.36675459146499634,0.20420369505882263,0.4647592604160309,1.1711219549179077,0.35070663690567017,0.2364870309829712,0.5801789164543152,1.1973206996917725,0.3993159532546997,0.1768028736114502,0.4663723111152649,1.196290373802185,0.38492822647094727,0.13723832368850708,0.5908603072166443,1.2623893022537231,0.23405757546424866,0.12178418040275574,0.4639364182949066,1.2494139671325684,0.19764718413352966,0.13311874866485596
2026-04-30T18:49:40.677142,50,0.5378843545913696,0.1501053124666214,-0.35511574149131775,0.9998804330825806,0.5481563806533813,0.12786729633808136,-0.32760608196258545,0.9997305274009705,0.5535958409309387,0.12903083860874176,-0.3277980089187622,0.9997509717941284,0.5588637590408325,0.13021975755691528,-0.3279307782649994,0.9997375011444092,0.5300723314285278,0.12493260949850082,-0.33466413617134094,0.9997158646583557,0.5230734348297119,0.12428083270788193,-0.33463993668556213,0.9997210502624512,0.5160897970199585,0.12392804771661758,-0.3347517251968384,0.9996938109397888,0.5627788305282593,0.14354299008846283,-0.16230010986328125,0.9996709823608398,0.5020701885223389,0.14088325202465057,-0.1963549703359604,0.9996625781059265,0.5459452867507935,0.17640836536884308,-0.29360562562942505,0.999904990196228,0.5226513147354126,0.17269006371498108,-0.3026685118675232,0.9998874664306641,0.6205765604972839,0.3224865198135376,-0.0655307024717331,0.9998746514320374,0.43520766496658325,0.31701576709747314,-0.12252090126276016,0.9998049139976501,0.6436878442764282,0.5176396369934082,0.02663043700158596,0.9850614666938782,0.41769909858703613,0.5206643342971802,-0.0629655122756958,0.987856388092041,0.7336934208869934,0.6269845366477966,-0.13702525198459625,0.9833230972290039,0.32502686977386475,0.6416046023368835,-0.23414325714111328,0.9797294735908508,0.773281991481781,0.6622985005378723,-0.18248839676380157,0.9714304804801941,0.2923721671104431,0.6712333559989929,-0.2784878611564636,0.9635496139526367,0.7783088088035583,0.6573218703269958,-0.2514096796512604,0.9742477536201477,0.28634828329086304,0.6678415536880493,-0.36155325174331665,0.9676875472068787,0.7652655839920044,0.6461074352264404,-0.16855235397815704,0.9727327227592468,0.2989581227302551,0.6604501605033875,-0.2751847505569458,0.9662896990776062,0.5747140049934387,0.7108508944511414,0.012708736583590508,0.998160183429718,0.4658132493495941,0.7097208499908447,-0.012233274057507515,0.9982562065124512,0.5758995413780212,0.9613621234893799,-0.04026978462934494,0.8063840866088867,0.4632682800292969,0.9641398191452026,-0.041980843991041183,0.7512584328651428,0.5814911723136902,1.1930161714553833,0.23516514897346497,0.21023885905742645,0.4669889807701111,1.1882702112197876,0.30732861161231995,0.2352890819311142,0.5761098265647888,1.221061110496521,0.2512880265712738,0.18192502856254578,0.4688440263271332,1.2119271755218506,0.33173471689224243,0.13756398856639862,0.5889881253242493,1.2789275646209717,0.088006392121315,0.1256241798400879,0.46634945273399353,1.271714448928833,0.15642473101615906,0.13286159932613373
2026-04-30T18:49:40.785056,51,0.5378989577293396,0.15005820989608765,-0.3489285111427307,0.9998884797096252,0.5481098294258118,0.12789349257946014,-0.32136085629463196,0.9997480511665344,0.5535531044006348,0.12902729213237762,-0.3215813934803009,0.9997673034667969,0.5588250756263733,0.1302076131105423,-0.3217330276966095,0.9997532963752747,0.5300120711326599,0.1252535879611969,-0.3254125416278839,0.9997356534004211,0.523027777671814,0.12479473650455475,-0.32541900873184204,0.9997403621673584,0.5160854458808899,0.12463155388832092,-0.3255305588245392,0.9997140169143677,0.5625377893447876,0.14353998005390167,-0.15715345740318298,0.999693751335144,0.5022908449172974,0.1414778083562851,-0.17683646082878113,0.9996888041496277,0.5461156368255615,0.1755877286195755,-0.2879136800765991,0.9999098777770996,0.5226961374282837,0.17233072221279144,-0.29264944791793823,0.9998940229415894,0.6205190420150757,0.3191823363304138,-0.06127065420150757,0.9998766779899597,0.4356367588043213,0.31630024313926697,-0.0983249619603157,0.9998158812522888,0.6666675806045532,0.5038831830024719,0.027920689433813095,0.984840452671051,0.3969363272190094,0.5106157660484314,-0.04513338953256607,0.9880838990211487,0.7999234795570374,0.5448216199874878,-0.1381576657295227,0.9837839007377625,0.27088087797164917,0.5801995992660522,-0.2303311824798584,0.9808328151702881,0.852033793926239,0.5583208203315735,-0.18782253563404083,0.9719972610473633,0.22885334491729736,0.59112948179245,-0.2739357352256775,0.9654946327209473,0.8594335317611694,0.5441421270370483,-0.2545713186264038,0.9750590324401855,0.22387142479419708,0.584783673286438,-0.3538321256637573,0.9695734977722168,0.8419514894485474,0.5391270518302917,-0.17895790934562683,0.9738763570785522,0.23802471160888672,0.5823144912719727,-0.269426554441452,0.968363344669342,0.5748987197875977,0.7108548283576965,0.01047990657389164,0.9975654482841492,0.4662590026855469,0.7103021144866943,-0.009883732534945011,0.9977710247039795,0.5761108994483948,0.962555468082428,-0.038891084492206573,0.8074464797973633,0.46322622895240784,0.9709459543228149,-0.009687558747828007,0.7617248296737671,0.5804136991500854,1.200988531112671,0.23603972792625427,0.2187349796295166,0.4626190662384033,1.1957337856292725,0.31388190388679504,0.23934617638587952,0.5754954218864441,1.2302439212799072,0.2537437379360199,0.19051556289196014,0.46618571877479553,1.219933271408081,0.33854928612709045,0.14363892376422882,0.5883140563964844,1.2867333889007568,0.09554173052310944,0.13040582835674286,0.45481181144714355,1.2837245464324951,0.1654917448759079,0.13557836413383484
2026-04-30T18:49:40.899948,52,0.5375772714614868,0.15170283615589142,-0.3759136199951172,0.9998946785926819,0.5477855801582336,0.12949122488498688,-0.3445383608341217,0.9997586607933044,0.5533129572868347,0.1304456889629364,-0.34480926394462585,0.9997771978378296,0.5586514472961426,0.13150592148303986,-0.34497278928756714,0.9997610449790955,0.5294076204299927,0.1272299587726593,-0.34676918387413025,0.999748945236206,0.5222873687744141,0.12686900794506073,-0.346834272146225,0.9997534155845642,0.5153578519821167,0.12670466303825378,-0.3469105362892151,0.9997260570526123,0.5625173449516296,0.14410248398780823,-0.16653284430503845,0.99970942735672,0.5018081665039062,0.14258238673210144,-0.1786937266588211,0.9997091889381409,0.5460964441299438,0.17705728113651276,-0.3111249506473541,0.9999111890792847,0.5223484635353088,0.17374102771282196,-0.31361114978790283,0.9998971223831177,0.6215031147003174,0.3187929391860962,-0.0643514022231102,0.999878466129303,0.4353349208831787,0.316295325756073,-0.1014557033777237,0.9998201727867126,0.7017412185668945,0.47428733110427856,-0.009236200712621212,0.98564612865448,0.3583696186542511,0.49720117449760437,-0.04867737740278244,0.988516092300415,0.8561142086982727,0.485230416059494,-0.18915030360221863,0.9846454858779907,0.22133967280387878,0.5274214148521423,-0.24001792073249817,0.9815316200256348,0.9048364758491516,0.48989179730415344,-0.2259649783372879,0.9728110432624817,0.17679086327552795,0.5277666449546814,-0.27389222383499146,0.966183602809906,0.9117067456245422,0.47466129064559937,-0.29237526655197144,0.9760054349899292,0.1703205704689026,0.5179749131202698,-0.3555067479610443,0.9704573154449463,0.893566906452179,0.4725140929222107,-0.22796794772148132,0.9751784801483154,0.18569853901863098,0.5207046270370483,-0.28235453367233276,0.9696112871170044,0.5749028325080872,0.7125996351242065,0.006347613874822855,0.9967256188392639,0.4670387804508209,0.7133206725120544,-0.005643684882670641,0.9970158934593201,0.5760082006454468,0.9628247618675232,-0.010824565775692463,0.8005957007408142,0.46309715509414673,0.974461555480957,0.014976173639297485,0.7651787400245667,0.5803850889205933,1.1990317106246948,0.2849518656730652,0.22200080752372742,0.44961071014404297,1.1963820457458496,0.3208380341529846,0.24176867306232452,0.5755993127822876,1.227699875831604,0.3065597712993622,0.2018955945968628,0.4534119963645935,1.2217680215835571,0.3456876873970032,0.15272796154022217,0.588826060295105,1.2844798564910889,0.14950984716415405,0.1332177370786667,0.43722057342529297,1.2826870679855347,0.16839733719825745,0.13797596096992493
2026-04-30T18:49:41.008232,53,0.5358394980430603,0.15596123039722443,-0.488675594329834,0.9998965859413147,0.5468175411224365,0.13247732818126678,-0.45892539620399475,0.9997516870498657,0.5526261925697327,0.1331537663936615,-0.45915430784225464,0.9997733235359192,0.5581651926040649,0.13402552902698517,-0.4592919945716858,0.9997512102127075,0.5280576944351196,0.1309073567390442,-0.4583517611026764,0.9997484087944031,0.5210891962051392,0.130585715174675,-0.4584445059299469,0.9997541904449463,0.5145804286003113,0.13038145005702972,-0.45856165885925293,0.9997209310531616,0.5624972581863403,0.145815908908844,-0.2816103398799896,0.9997085332870483,0.501787543296814,0.1448180228471756,-0.27989497780799866,0.9997108578681946,0.5459812879562378,0.18124379217624664,-0.42436128854751587,0.9999040365219116,0.5216630697250366,0.17747043073177338,-0.4228626787662506,0.9998892545700073,0.6220664381980896,0.318948894739151,-0.19017937779426575,0.9998732805252075,0.4352060854434967,0.31635597348213196,-0.17360524833202362,0.9998075366020203,0.7381027340888977,0.4448920488357544,-0.16773268580436707,0.9867821335792542,0.3333342671394348,0.4718347489833832,-0.1623954325914383,0.9889825582504272,0.8878677487373352,0.45768311619758606,-0.36388614773750305,0.9855644702911377,0.1993713080883026,0.487248033285141,-0.36246296763420105,0.9823164343833923,0.9401787519454956,0.45511358976364136,-0.40269413590431213,0.9736485481262207,0.15416020154953003,0.4852495789527893,-0.39335182309150696,0.9669151902198792,0.9460751414299011,0.44166094064712524,-0.4691521227359772,0.9769604206085205,0.15159130096435547,0.47700321674346924,-0.4722473621368408,0.9713460206985474,0.9288243055343628,0.444816917181015,-0.4013490676879883,0.9765317440032959,0.1647900938987732,0.4805627167224884,-0.4038635790348053,0.9707830548286438,0.5748999714851379,0.7137424349784851,-0.008982690051198006,0.9947711825370789,0.4673546850681305,0.7150613069534302,0.009634213522076607,0.9951617121696472,0.5759681463241577,0.9626323580741882,-0.007117555942386389,0.7844899296760559,0.46308207511901855,0.9743464589118958,0.0395965501666069,0.7597779035568237,0.5804429650306702,1.197534203529358,0.2920227646827698,0.22250258922576904,0.45053958892822266,1.194750189781189,0.3223536014556885,0.24344046413898468,0.576647162437439,1.224800944328308,0.31215545535087585,0.21023446321487427,0.4543167054653168,1.2205466032028198,0.3446609377861023,0.16278725862503052,0.5888940095901489,1.2762948274612427,0.15288662910461426,0.1351422816514969,0.43756669759750366,1.2807049751281738,0.16723565757274628,0.1412927657365799
2026-04-30T18:49:41.125545,54,0.536601185798645,0.15640242397785187,-0.5178816318511963,0.9998951554298401,0.5468471646308899,0.13296754658222198,-0.48417243361473083,0.9997379779815674,0.5526111125946045,0.1336076259613037,-0.48440805077552795,0.9997650384902954,0.5581427216529846,0.13443215191364288,-0.484586626291275,0.9997376799583435,0.5280857086181641,0.13161076605319977,-0.4885953962802887,0.9997388124465942,0.5210784673690796,0.13146942853927612,-0.4886971116065979,0.9997460842132568,0.5145606398582458,0.13143588602542877,-0.4888096749782562,0.9997017979621887,0.5619190335273743,0.14606516063213348,-0.29381853342056274,0.9997061491012573,0.5016080737113953,0.14600561559200287,-0.3152475357055664,0.9997028112411499,0.5470381379127502,0.1819026619195938,-0.44890132546424866,0.9998934864997864,0.5223429799079895,0.178388774394989,-0.4541543126106262,0.9998739957809448,0.6223262548446655,0.31700173020362854,-0.20157289505004883,0.9998711347579956,0.43410438299179077,0.3163534998893738,-0.20897512137889862,0.9997612237930298,0.7445364594459534,0.41722577810287476,-0.1835472285747528,0.9879183769226074,0.31309017539024353,0.44109487533569336,-0.21588876843452454,0.9895117282867432,0.8925571441650391,0.41843053698539734,-0.37534064054489136,0.9867037534713745,0.16883587837219238,0.44879403710365295,-0.4247516095638275,0.9829092621803284,0.9461382627487183,0.41501617431640625,-0.41581088304519653,0.9752511382102966,0.12712520360946655,0.44158801436424255,-0.45928889513015747,0.9672970175743103,0.951346755027771,0.4041679799556732,-0.4831492304801941,0.9784734845161438,0.1255829632282257,0.4326992630958557,-0.5403958559036255,0.9719708561897278,0.9324607849121094,0.4067715108394623,-0.4131857752799988,0.9782320857048035,0.1386605054140091,0.4361347258090973,-0.4677759110927582,0.9716854095458984,0.5749163031578064,0.7140975594520569,-0.008711232803761959,0.992626965045929,0.46803003549575806,0.7158715724945068,0.009363994002342224,0.9923787117004395,0.5758695602416992,0.9626303911209106,-0.03116973116993904,0.7708821892738342,0.46307507157325745,0.9749691486358643,0.032346732914447784,0.7502596378326416,0.5793670415878296,1.1995635032653809,0.24344345927238464,0.22103556990623474,0.4512948989868164,1.199729084968567,0.2952272891998291,0.239010751247406,0.5759891867637634,1.2282980680465698,0.26052147150039673,0.2148497998714447,0.4548274874687195,1.2263554334640503,0.3146694302558899,0.1657601296901703,0.5880559682846069,1.2762011289596558,0.09219479560852051,0.136037215590477,0.4401931166648865,1.2820409536361694,0.13151293992996216,0.1402735412120819
2026-04-30T18:49:41.234592,55,0.536589503288269,0.15632261335849762,-0.48632270097732544,0.9998897314071655,0.546728253364563,0.13321679830551147,-0.45177823305130005,0.9997094869613647,0.5524135828018188,0.13387571275234222,-0.4520189166069031,0.9997456073760986,0.5578235387802124,0.13470765948295593,-0.452198326587677,0.999711275100708,0.5280545949935913,0.1318872720003128,-0.45654430985450745,0.9997153878211975,0.5210517048835754,0.131788969039917,-0.4566194415092468,0.9997240304946899,0.5145496129989624,0.1318114548921585,-0.4567299485206604,0.9996612668037415,0.5612435340881348,0.1465841382741928,-0.26397019624710083,0.999687910079956,0.5015892386436462,0.14683213829994202,-0.2868831157684326,0.999672532081604,0.5470293760299683,0.1819821298122406,-0.4184858202934265,0.9998748898506165,0.5223117470741272,0.17838312685489655,-0.42427319288253784,0.9998466372489929,0.6223899722099304,0.31558018922805786,-0.1809978038072586,0.9998645186424255,0.43351125717163086,0.31645089387893677,-0.1878557652235031,0.9996828436851501,0.744894802570343,0.40464264154434204,-0.17641668021678925,0.9889490604400635,0.3083699643611908,0.42316722869873047,-0.18827392160892487,0.9897843599319458,0.8879795074462891,0.4063255488872528,-0.3793620467185974,0.9877422451972961,0.16720016300678253,0.42674559354782104,-0.3907753825187683,0.9831461906433105,0.9415156245231628,0.4039342701435089,-0.42324551939964294,0.9767548441886902,0.12611064314842224,0.42407843470573425,-0.4257623553276062,0.9671687483787537,0.9478165507316589,0.3929116427898407,-0.4902600646018982,0.9798733592033386,0.12418463081121445,0.41746819019317627,-0.5068293213844299,0.9721677303314209,0.927315890789032,0.3958745300769806,-0.41768407821655273,0.9797883629798889,0.13732236623764038,0.4200063645839691,-0.4338158071041107,0.9722334742546082,0.5749359130859375,0.715182363986969,-0.009373584762215614,0.9911255240440369,0.4683518409729004,0.7170493006706238,0.010019233450293541,0.9901453852653503,0.5758835077285767,0.9633388519287109,-0.063628189265728,0.7648871541023254,0.4629581570625305,0.9765034914016724,0.03125544264912605,0.7448768019676208,0.5799477696418762,1.2031482458114624,0.19949325919151306,0.22333256900310516,0.4493204951286316,1.201184868812561,0.30557262897491455,0.23612849414348602,0.5765644311904907,1.2329380512237549,0.21531884372234344,0.22247794270515442,0.4533708095550537,1.2281469106674194,0.32778117060661316,0.1700250506401062,0.5902083516120911,1.2776352167129517,0.044575974345207214,0.14043660461902618,0.43774938583374023,1.2810066938400269,0.14582416415214539,0.14018741250038147
2026-04-30T18:49:41.388509,56,0.5364794731140137,0.15628977119922638,-0.5298442244529724,0.999882161617279,0.546518087387085,0.1334010511636734,-0.49538475275039673,0.9996740221977234,0.5521438121795654,0.13412652909755707,-0.4956262707710266,0.9997196793556213,0.5574773550033569,0.13500449061393738,-0.49584341049194336,0.9996777772903442,0.5279332995414734,0.13195952773094177,-0.4991913437843323,0.9996830224990845,0.5209124684333801,0.13185817003250122,-0.49928364157676697,0.9996941685676575,0.5144203305244446,0.13187749683856964,-0.4993816316127777,0.9996110796928406,0.5606728792190552,0.1471058577299118,-0.3016490340232849,0.9996643662452698,0.5014822483062744,0.14708352088928223,-0.32054561376571655,0.9996301531791687,0.5470020174980164,0.1822538524866104,-0.45970550179481506,0.9998560547828674,0.5222717523574829,0.17851418256759644,-0.46424999833106995,0.9998193979263306,0.6224089860916138,0.314456969499588,-0.21523070335388184,0.999855637550354,0.4329999089241028,0.3158363997936249,-0.20828652381896973,0.9995985627174377,0.7490164041519165,0.40117648243904114,-0.2191655933856964,0.989901602268219,0.30614906549453735,0.40928778052330017,-0.20672285556793213,0.9900364279747009,0.8921521902084351,0.3986869156360626,-0.4286383092403412,0.9886497259140015,0.16484777629375458,0.4143446087837219,-0.4121936857700348,0.9831884503364563,0.944301962852478,0.3936508595943451,-0.4766365885734558,0.9779619574546814,0.12415064871311188,0.40819528698921204,-0.44955024123191833,0.9665856957435608,0.9502221941947937,0.3834700286388397,-0.5438085794448853,0.9810208678245544,0.12263679504394531,0.4035118520259857,-0.5304104089736938,0.9719809293746948,0.9312898516654968,0.3868178427219391,-0.4675987660884857,0.9810992479324341,0.13629938662052155,0.4082031548023224,-0.4556879997253418,0.9724021553993225,0.5748080015182495,0.7161179184913635,-0.010810820385813713,0.9894517660140991,0.46841293573379517,0.7174311280250549,0.011434759013354778,0.9878753423690796,0.5759046673774719,0.9633403420448303,-0.05636901408433914,0.75676029920578,0.4628888666629791,0.9763841032981873,0.027318501845002174,0.7391471862792969,0.580934464931488,1.2015858888626099,0.24452202022075653,0.22350552678108215,0.44829511642456055,1.1999766826629639,0.3254657983779907,0.23562508821487427,0.577666699886322,1.230741024017334,0.26657599210739136,0.22705808281898499,0.4525783658027649,1.226912021636963,0.3475742042064667,0.175210103392601,0.5916393995285034,1.2764972448349,0.10414351522922516,0.14309506118297577,0.43724948167800903,1.2796984910964966,0.15946045517921448,0.14166101813316345
2026-04-30T18:49:41.495074,57,0.5364695191383362,0.15776284039020538,-0.5436235070228577,0.9998724460601807,0.5464605689048767,0.13502652943134308,-0.5088509917259216,0.9996296763420105,0.5520439743995667,0.13572975993156433,-0.5091012716293335,0.9996882677078247,0.5573195219039917,0.13656023144721985,-0.509329080581665,0.9996374249458313,0.5278921723365784,0.13357850909233093,-0.5124061703681946,0.9996398091316223,0.5208247900009155,0.13348761200904846,-0.5124999284744263,0.9996548891067505,0.5142692923545837,0.13350993394851685,-0.5125960111618042,0.9995436072349548,0.5602813959121704,0.1484723687171936,-0.3131401836872101,0.9996371269226074,0.5010360479354858,0.14875827729701996,-0.3300676941871643,0.9995667338371277,0.5470643639564514,0.1840994954109192,-0.47247567772865295,0.9998329877853394,0.5222517251968384,0.180527925491333,-0.476571649312973,0.9997835755348206,0.6224368214607239,0.3138764202594757,-0.2266119420528412,0.9998476505279541,0.4319915771484375,0.3154972195625305,-0.21160681545734406,0.9994753003120422,0.7521003484725952,0.39631396532058716,-0.23422172665596008,0.9908028244972229,0.30306121706962585,0.4009954333305359,-0.20611217617988586,0.9901934862136841,0.9015644192695618,0.39308398962020874,-0.44534000754356384,0.9895337224006653,0.16287197172641754,0.4060392677783966,-0.4140073359012604,0.9831274747848511,0.9526441693305969,0.38784846663475037,-0.49456658959388733,0.9792220592498779,0.12369249761104584,0.39861395955085754,-0.4513440728187561,0.9659304022789001,0.9576529264450073,0.37784937024116516,-0.5616080164909363,0.9821829795837402,0.12203673273324966,0.3938773274421692,-0.5335077047348022,0.9717273116111755,0.9419204592704773,0.38095420598983765,-0.4844110608100891,0.9823862314224243,0.13594231009483337,0.399501234292984,-0.45797500014305115,0.9724855422973633,0.5746647119522095,0.717078447341919,-0.015122461132705212,0.9879428744316101,0.4683772623538971,0.7184088826179504,0.015736954286694527,0.9854493141174316,0.5757443308830261,0.9633236527442932,-0.07013390213251114,0.7512388229370117,0.4627898633480072,0.9763858914375305,0.030610952526330948,0.7307708263397217,0.5808743238449097,1.2018134593963623,0.24857065081596375,0.22379794716835022,0.4493734836578369,1.1999602317810059,0.3429248631000519,0.23409326374530792,0.5775256156921387,1.2304937839508057,0.27054309844970703,0.23241594433784485,0.4543219208717346,1.2272706031799316,0.36580294370651245,0.1809387058019638,0.5914226174354553,1.2768515348434448,0.09497055411338806,0.14657321572303772,0.4384269714355469,1.278921127319336,0.1743869185447693,0.14259900152683258
2026-04-30T18:49:41.601042,58,0.5384051203727722,0.1588517725467682,-0.5214911103248596,0.9998491406440735,0.5469123125076294,0.13639220595359802,-0.4863826632499695,0.9995414614677429,0.5522350072860718,0.13705898821353912,-0.48663392663002014,0.9996271133422852,0.5573423504829407,0.13783453404903412,-0.4868631958961487,0.9995559453964233,0.528769314289093,0.1349274218082428,-0.4926442503929138,0.999555230140686,0.5216616988182068,0.13480393588542938,-0.492730051279068,0.9995827078819275,0.5149484872817993,0.13481946289539337,-0.49282383918762207,0.9994158744812012,0.5594624280929565,0.14956599473953247,-0.29391470551490784,0.9995852112770081,0.5010321736335754,0.1499911993741989,-0.323589950799942,0.9994635581970215,0.5481828451156616,0.18515309691429138,-0.45156732201576233,0.9997886419296265,0.5235574841499329,0.18128804862499237,-0.45938682556152344,0.9997171759605408,0.6223167181015015,0.31319659948349,-0.21726222336292267,0.9998393058776855,0.430889368057251,0.3155088722705841,-0.21582448482513428,0.9993154406547546,0.7500211000442505,0.3915548622608185,-0.23274485766887665,0.9916036128997803,0.30070120096206665,0.39727386832237244,-0.24824759364128113,0.989987850189209,0.8995774388313293,0.38671937584877014,-0.43718963861465454,0.9903454184532166,0.16262683272361755,0.3998461961746216,-0.4870969355106354,0.9826939702033997,0.9519230723381042,0.38005226850509644,-0.48616093397140503,0.9804537296295166,0.12080490589141846,0.3912438452243805,-0.5278686285018921,0.9651433825492859,0.956932544708252,0.3696187138557434,-0.5507687926292419,0.9832979440689087,0.11871969699859619,0.3868536353111267,-0.6083846092224121,0.9713542461395264,0.9409130215644836,0.3738938868045807,-0.4756419062614441,0.983598530292511,0.1333140879869461,0.3926057517528534,-0.5316517949104309,0.9725122451782227,0.5746580362319946,0.7177947163581848,-0.0167294442653656,0.9865691065788269,0.46848931908607483,0.7191788554191589,0.01733170449733734,0.9835032820701599,0.5755061507225037,0.9633734226226807,-0.06301947683095932,0.7494205236434937,0.46260350942611694,0.9762633442878723,0.03575049340724945,0.7229442000389099,0.5818180441856384,1.199431300163269,0.2597620189189911,0.22818279266357422,0.44916826486587524,1.1998788118362427,0.341450035572052,0.23771658539772034,0.578455924987793,1.22751784324646,0.28199702501296997,0.24192436039447784,0.45428189635276794,1.2267123460769653,0.3654865622520447,0.19216285645961761,0.5931035280227661,1.2720192670822144,0.11031682789325714,0.15412317216396332,0.43758803606033325,1.2749066352844238,0.17311200499534607,0.14690257608890533
2026-04-30T18:49:41.710911,59,0.538381040096283,0.1611732691526413,-0.5525786280632019,0.9998428821563721,0.5466949343681335,0.13818521797657013,-0.5169955492019653,0.9995207786560059,0.5519943833351135,0.13882684707641602,-0.5172547101974487,0.999609649181366,0.5571008920669556,0.1395779550075531,-0.5174976587295532,0.9995352625846863,0.5285433530807495,0.13665172457695007,-0.5230973958969116,0.9995357394218445,0.5213191509246826,0.13652433454990387,-0.5231886506080627,0.9995627999305725,0.5145100355148315,0.13656477630138397,-0.5232712030410767,0.9993829727172852,0.5591738224029541,0.15082520246505737,-0.31425341963768005,0.9995728135108948,0.5000714659690857,0.15138773620128632,-0.3430105447769165,0.999437689781189,0.5481644868850708,0.18793506920337677,-0.4783397316932678,0.999774694442749,0.5235215425491333,0.1840166300535202,-0.4858075678348541,0.9996947646141052,0.6217864751815796,0.3125327229499817,-0.22630074620246887,0.999833881855011,0.43000560998916626,0.31563252210617065,-0.22279080748558044,0.9992046356201172,0.7475684881210327,0.38561126589775085,-0.23869960010051727,0.9923152327537537,0.29795747995376587,0.3965420722961426,-0.24542000889778137,0.9901257753372192,0.8956583142280579,0.3837720453739166,-0.4480288028717041,0.9910204410552979,0.15912935137748718,0.39776167273521423,-0.4810345768928528,0.982410728931427,0.9463121294975281,0.37671053409576416,-0.4990045130252838,0.9813304543495178,0.11770329624414444,0.3885764181613922,-0.5216830968856812,0.9641562104225159,0.9527736902236938,0.3664763271808624,-0.5634113550186157,0.9841203093528748,0.11492379009723663,0.38366004824638367,-0.604752242565155,0.9707976579666138,0.9359310865402222,0.37095004320144653,-0.48654991388320923,0.9845477342605591,0.1297730803489685,0.38995349407196045,-0.5261141061782837,0.9723020792007446,0.5745982527732849,0.7183093428611755,-0.01842360943555832,0.9855096340179443,0.4685792028903961,0.7200639843940735,0.019057955592870712,0.9815935492515564,0.5753818154335022,0.9636917114257812,-0.07475554943084717,0.7470722198486328,0.46248069405555725,0.9763524532318115,0.04498171806335449,0.7162113785743713,0.5820063948631287,1.1996957063674927,0.24589352309703827,0.2302107959985733,0.4492877125740051,1.199326753616333,0.3710842430591583,0.23531487584114075,0.5787119269371033,1.2279168367385864,0.26707980036735535,0.24677279591560364,0.4544298052787781,1.226325273513794,0.39612507820129395,0.19687235355377197,0.5934299230575562,1.272262692451477,0.08864004164934158,0.15678516030311584,0.4378477931022644,1.2746737003326416,0.20575197041034698,0.14648357033729553
2026-04-30T18:49:41.817725,60,0.5383721590042114,0.16103599965572357,-0.5422500371932983,0.9998283386230469,0.5466784834861755,0.1381315141916275,-0.5066808462142944,0.9994636178016663,0.5519669651985168,0.13875390589237213,-0.5069335699081421,0.9995673894882202,0.5569765567779541,0.1394720822572708,-0.5071738958358765,0.9994814991950989,0.5285497903823853,0.13657155632972717,-0.5125448703765869,0.9994827508926392,0.5213227272033691,0.13641110062599182,-0.5126327872276306,0.9995161890983582,0.5145014524459839,0.13642720878124237,-0.5127160549163818,0.9993069171905518,0.558414101600647,0.1507129967212677,-0.3089975416660309,0.9995336532592773,0.5000689625740051,0.15129496157169342,-0.33632323145866394,0.9993767738342285,0.5481513738632202,0.1877729445695877,-0.4703473150730133,0.9997453093528748,0.5234987735748291,0.18391598761081696,-0.4774034917354584,0.9996507167816162,0.6217162609100342,0.3112546503543854,-0.2256222516298294,0.9998260140419006,0.42963480949401855,0.31551674008369446,-0.22396805882453918,0.9990943670272827,0.749436616897583,0.38110053539276123,-0.23817870020866394,0.9929510354995728,0.29521963000297546,0.3958722651004791,-0.24652066826820374,0.9902037382125854,0.8983743786811829,0.3800913393497467,-0.4417521357536316,0.9916117787361145,0.15238526463508606,0.39538130164146423,-0.4713979661464691,0.9821305871009827,0.9486747980117798,0.37237539887428284,-0.49019932746887207,0.9820910096168518,0.1117752194404602,0.38561686873435974,-0.5099056959152222,0.9633684158325195,0.9551132321357727,0.36224859952926636,-0.5545281171798706,0.9848328828811646,0.10849668830633163,0.37990427017211914,-0.592266321182251,0.9703735113143921,0.9388826489448547,0.3670039176940918,-0.4800872802734375,0.9853910207748413,0.12347569316625595,0.3861220180988312,-0.5160228610038757,0.9722618460655212,0.5745944976806641,0.7183514833450317,-0.01846493035554886,0.9847506284713745,0.4686659276485443,0.7201403975486755,0.01906765066087246,0.9803067445755005,0.575310230255127,0.964472234249115,-0.0712401419878006,0.7444607019424438,0.4624704420566559,0.9771144390106201,0.040226712822914124,0.709907591342926,0.5821765661239624,1.199344515800476,0.25483644008636475,0.2329983413219452,0.44877228140830994,1.198907732963562,0.36561447381973267,0.23517858982086182,0.5788613557815552,1.227575421333313,0.276539146900177,0.25268375873565674,0.45414239168167114,1.2259681224822998,0.39056396484375,0.20292691886425018,0.5942418575286865,1.272055983543396,0.1028866171836853,0.16186238825321198,0.4375430643558502,1.2745413780212402,0.20229792594909668,0.1479853391647339
2026-04-30T18:49:41.927010,61,0.5389891862869263,0.16015616059303284,-0.5353603959083557,0.9998036026954651,0.5468787550926208,0.13766899704933167,-0.49970680475234985,0.9993571043014526,0.5520534515380859,0.13829489052295685,-0.4999631345272064,0.9994909167289734,0.5569931268692017,0.1390092819929123,-0.5002052187919617,0.9993834495544434,0.528882622718811,0.13628938794136047,-0.5057852268218994,0.9993798136711121,0.5216344594955444,0.13623467087745667,-0.5058656334877014,0.999424934387207,0.5147348642349243,0.13634532690048218,-0.5059595704078674,0.9991564750671387,0.5582770705223083,0.15063722431659698,-0.3035081923007965,0.9994622468948364,0.5001113414764404,0.15123267471790314,-0.3312949538230896,0.9992557168006897,0.5485196709632874,0.18729212880134583,-0.46395841240882874,0.9996970891952515,0.5239216089248657,0.1833793967962265,-0.4711996018886566,0.9995728731155396,0.6217105984687805,0.3104906380176544,-0.2200966775417328,0.999813973903656,0.42945337295532227,0.3152323365211487,-0.2211182862520218,0.9989302158355713,0.753426194190979,0.3793160021305084,-0.2292199581861496,0.9935106635093689,0.2954043447971344,0.3924903869628906,-0.23131756484508514,0.9901377558708191,0.9029672741889954,0.376627117395401,-0.43261975049972534,0.992119312286377,0.1536456048488617,0.39361512660980225,-0.4386516213417053,0.9815122485160828,0.950360894203186,0.36957767605781555,-0.47831764817237854,0.982693612575531,0.11314225196838379,0.38654616475105286,-0.47672605514526367,0.9619372487068176,0.9579278826713562,0.35960817337036133,-0.5438708066940308,0.9854121208190918,0.1096513420343399,0.3817923367023468,-0.5578216910362244,0.9694457650184631,0.9422298669815063,0.3640572428703308,-0.47119569778442383,0.986103892326355,0.1250898689031601,0.3871675729751587,-0.48231688141822815,0.971789538860321,0.5746043920516968,0.7186996340751648,-0.017745064571499825,0.983696460723877,0.4687032103538513,0.7203851342201233,0.01833324320614338,0.9785592555999756,0.5752338767051697,0.9661941528320312,-0.07420109212398529,0.7408567070960999,0.4624575078487396,0.9790701270103455,0.028906935825943947,0.7037286758422852,0.5821503400802612,1.2018078565597534,0.2592046558856964,0.2336989939212799,0.44898754358291626,1.2026984691619873,0.36065852642059326,0.2337406426668167,0.578782320022583,1.229409098625183,0.28066182136535645,0.2564980387687683,0.454573392868042,1.2294540405273438,0.3853338360786438,0.20661324262619019,0.5942268371582031,1.275022268295288,0.10925505310297012,0.16488607227802277,0.4384598731994629,1.2783886194229126,0.1990731656551361,0.1481921523809433
2026-04-30T18:49:42.037250,62,0.5397210717201233,0.16008518636226654,-0.5268412828445435,0.9997894167900085,0.5472015142440796,0.13758844137191772,-0.491325706243515,0.9992974400520325,0.5522265434265137,0.1382201462984085,-0.49157577753067017,0.9994468092918396,0.5570461750030518,0.13894420862197876,-0.49181047081947327,0.9993273615837097,0.5294727087020874,0.13618643581867218,-0.4979739189147949,0.9993265271186829,0.5222757458686829,0.13612176477909088,-0.4980495870113373,0.99937903881073,0.5152904987335205,0.13622525334358215,-0.4981384873390198,0.9990790486335754,0.5580831170082092,0.1506052017211914,-0.2965586483478546,0.9994247555732727,0.5002622604370117,0.15117841958999634,-0.3278209865093231,0.9991922974586487,0.5488038659095764,0.1871875822544098,-0.45591235160827637,0.9996687173843384,0.5245429277420044,0.1832663118839264,-0.46414822340011597,0.9995303750038147,0.6215500235557556,0.3101690709590912,-0.21496045589447021,0.9998077154159546,0.42909377813339233,0.31508246064186096,-0.2200625240802765,0.9988248348236084,0.7554212808609009,0.37764057517051697,-0.22531256079673767,0.9940294623374939,0.29621753096580505,0.3910140097141266,-0.2442975789308548,0.990046501159668,0.9043139219284058,0.37812888622283936,-0.4273550510406494,0.9925936460494995,0.15494182705879211,0.3929732143878937,-0.45941218733787537,0.9808768630027771,0.9520940780639648,0.37165579199790955,-0.47367700934410095,0.983269989490509,0.1145196408033371,0.3860320448875427,-0.49603205919265747,0.9606382250785828,0.9589022397994995,0.3615005314350128,-0.5376394987106323,0.985958993434906,0.111264169216156,0.38168245553970337,-0.5776485204696655,0.9685946106910706,0.9434525370597839,0.3661399185657501,-0.4655066430568695,0.9867613315582275,0.1266317367553711,0.3871136009693146,-0.5036693215370178,0.971352219581604,0.5746387243270874,0.7193920016288757,-0.017391454428434372,0.9828218221664429,0.46883606910705566,0.7207003831863403,0.017967909574508667,0.9772869348526001,0.5752608180046082,0.966338038444519,-0.07159426808357239,0.7390760183334351,0.4623097777366638,0.9794043302536011,0.028836961835622787,0.6982951760292053,0.5831666588783264,1.2019628286361694,0.2617538273334503,0.2367667704820633,0.44623351097106934,1.2047603130340576,0.34420573711395264,0.23724602162837982,0.5796545743942261,1.2293425798416138,0.2836783230304718,0.2624936103820801,0.4516794681549072,1.2326794862747192,0.3656998872756958,0.2139080911874771,0.5956595540046692,1.275226354598999,0.11193372309207916,0.17010784149169922,0.4353608191013336,1.27945077419281,0.16852456331253052,0.15152376890182495
2026-04-30T18:49:42.142113,63,0.5406283140182495,0.1591230183839798,-0.5224549770355225,0.9997749924659729,0.5475931763648987,0.13713113963603973,-0.4891664981842041,0.9992262721061707,0.5524700880050659,0.13777144253253937,-0.4893963932991028,0.99940025806427,0.5571673512458801,0.138484388589859,-0.48959484696388245,0.9992634057998657,0.5300207138061523,0.13582178950309753,-0.49383601546287537,0.9992577433586121,0.5227888822555542,0.13582158088684082,-0.4939122200012207,0.9993199110031128,0.5156784057617188,0.13599784672260284,-0.49401503801345825,0.9989681839942932,0.5579094290733337,0.15043561160564423,-0.2942622900009155,0.9993849992752075,0.5002802610397339,0.15114456415176392,-0.32239222526550293,0.9991067051887512,0.5494204163551331,0.18646733462810516,-0.45200103521347046,0.9996414184570312,0.5253032445907593,0.182651549577713,-0.45897039771080017,0.9994812607765198,0.6215347051620483,0.3100000321865082,-0.21038122475147247,0.9998031854629517,0.4284718632698059,0.31508123874664307,-0.21576246619224548,0.9987012147903442,0.7571367621421814,0.3782713711261749,-0.21835127472877502,0.9945153594017029,0.29552239179611206,0.3905293345451355,-0.23150265216827393,0.9900070428848267,0.9051910638809204,0.37964996695518494,-0.42032814025878906,0.9930731654167175,0.15412475168704987,0.3925139605998993,-0.44492411613464355,0.9805259108543396,0.95269775390625,0.372604638338089,-0.46554550528526306,0.9839778542518616,0.11389236152172089,0.38476625084877014,-0.4889777600765228,0.9599004983901978,0.9593501091003418,0.3624780476093292,-0.5305948853492737,0.9865986704826355,0.11027195304632187,0.38011831045150757,-0.5655865669250488,0.9681578278541565,0.9447042346000671,0.36720213294029236,-0.45873555541038513,0.9874667525291443,0.12605012953281403,0.38584911823272705,-0.4871447682380676,0.9712224006652832,0.5746806859970093,0.7196333408355713,-0.01729842834174633,0.98227858543396,0.4688655734062195,0.7211705446243286,0.017865266650915146,0.9761483073234558,0.5754665732383728,0.9671171307563782,-0.075871542096138,0.7412493824958801,0.4622320532798767,0.9800694584846497,0.02510838210582733,0.6959879994392395,0.5835487842559814,1.2040493488311768,0.2604137063026428,0.2400386482477188,0.449354350566864,1.2053536176681519,0.35606521368026733,0.23766811192035675,0.5797608494758606,1.2314889430999756,0.2832917869091034,0.26880937814712524,0.45558229088783264,1.2329212427139282,0.3810558021068573,0.21892420947551727,0.5970779657363892,1.2781981229782104,0.10870776325464249,0.17599447071552277,0.4393981993198395,1.2796839475631714,0.19017185270786285,0.15309318900108337
2026-04-30T18:49:42.246054,64,0.5408145189285278,0.1580735146999359,-0.5379550457000732,0.9997650384902954,0.5476608276367188,0.13641390204429626,-0.5033866167068481,0.9991797804832458,0.5525028705596924,0.1371137499809265,-0.5036184191703796,0.9993699193000793,0.5571703910827637,0.1378590166568756,-0.5038570761680603,0.9992234110832214,0.5301215648651123,0.13497215509414673,-0.5100880861282349,0.9992102384567261,0.5228946208953857,0.13497409224510193,-0.5101640224456787,0.9992803335189819,0.5157694220542908,0.13519106805324554,-0.5102473497390747,0.9988965392112732,0.5577085018157959,0.14993567764759064,-0.3106788694858551,0.9993583559989929,0.5003159642219543,0.15063856542110443,-0.3433443605899811,0.999045193195343,0.549579918384552,0.18539610505104065,-0.4678305685520172,0.9996184706687927,0.5254449844360352,0.1814843714237213,-0.4763619899749756,0.9994418025016785,0.6213151216506958,0.30919399857521057,-0.23457348346710205,0.9998025894165039,0.42833757400512695,0.31432250142097473,-0.2338472306728363,0.9986236095428467,0.7547372579574585,0.37780433893203735,-0.2458677738904953,0.9949524998664856,0.2941530644893646,0.3902468681335449,-0.24446120858192444,0.9899471402168274,0.9021648168563843,0.3817750811576843,-0.4451015591621399,0.9935314059257507,0.1522701531648636,0.39301398396492004,-0.44172340631484985,0.9802051782608032,0.9513009190559387,0.37408536672592163,-0.491769015789032,0.9847062230110168,0.11241457611322403,0.384497731924057,-0.4791663587093353,0.9592074751853943,0.9573284387588501,0.3636537194252014,-0.5570381879806519,0.9872509837150574,0.10864372551441193,0.379848450422287,-0.560165524482727,0.9677479267120361,0.9416201710700989,0.3690209686756134,-0.48371148109436035,0.9881616830825806,0.12416167557239532,0.38562214374542236,-0.4855266213417053,0.9711230397224426,0.5750014185905457,0.7192928194999695,-0.017746999859809875,0.981718897819519,0.46938982605934143,0.7208911776542664,0.018297718837857246,0.9754424691200256,0.5754607319831848,0.9669082164764404,-0.060831524431705475,0.7399260997772217,0.46212077140808105,0.9795491695404053,0.029735717922449112,0.6925918459892273,0.584445595741272,1.1999140977859497,0.2962352931499481,0.24297143518924713,0.4460202753543854,1.2044485807418823,0.35495761036872864,0.24264270067214966,0.5808058977127075,1.2262192964553833,0.3216307759284973,0.27406421303749084,0.4519203305244446,1.2324297428131104,0.38045579195022583,0.22641266882419586,0.5977466702461243,1.2732008695602417,0.14849811792373657,0.18087829649448395,0.4338838458061218,1.278205156326294,0.18699213862419128,0.15727432072162628
2026-04-30T18:49:42.356004,65,0.5413855910301208,0.15776951611042023,-0.5314897894859314,0.9997512698173523,0.5480682253837585,0.13620918989181519,-0.4965740740299225,0.9991303086280823,0.55286705493927,0.13691236078739166,-0.4968132972717285,0.9993329644203186,0.5574816465377808,0.13765916228294373,-0.49705106019973755,0.9991803765296936,0.5304854512214661,0.13483314216136932,-0.5032632350921631,0.9991598129272461,0.5231936573982239,0.13487449288368225,-0.5033373832702637,0.9992346167564392,0.5159564018249512,0.13513000309467316,-0.5034215450286865,0.9988238215446472,0.5577281713485718,0.14990435540676117,-0.3041476011276245,0.9993270635604858,0.5003255605697632,0.15060992538928986,-0.33523115515708923,0.9989836812019348,0.550143301486969,0.18530158698558807,-0.46118608117103577,0.9995924234390259,0.5258592367172241,0.18144813179969788,-0.46954742074012756,0.9993994832038879,0.6213089823722839,0.3090614080429077,-0.22560015320777893,0.9997984766960144,0.42833107709884644,0.31423312425613403,-0.22714999318122864,0.998516321182251,0.7542845010757446,0.3781113028526306,-0.2322201430797577,0.9953293800354004,0.29488062858581543,0.39016827940940857,-0.23923492431640625,0.9898226857185364,0.9059898257255554,0.38053953647613525,-0.43121767044067383,0.9938880801200867,0.15245279669761658,0.39328277111053467,-0.43977513909339905,0.9794251918792725,0.9553716778755188,0.3736626207828522,-0.47772932052612305,0.9851759672164917,0.1126934066414833,0.3842843174934387,-0.4757431447505951,0.9575883746147156,0.961920440196991,0.3633771538734436,-0.5429419279098511,0.9876915812492371,0.10862851142883301,0.379923939704895,-0.5576711893081665,0.966594398021698,0.9471206665039062,0.368135541677475,-0.46956467628479004,0.9886716604232788,0.12408338487148285,0.3860478401184082,-0.48389434814453125,0.9703454971313477,0.5750341415405273,0.7192320227622986,-0.017618075013160706,0.980833113193512,0.4694514870643616,0.7208313345909119,0.018166836351156235,0.9739301204681396,0.5753093957901001,0.9669193625450134,-0.061088692396879196,0.7333412170410156,0.462108850479126,0.9795015454292297,0.022202029824256897,0.6852061152458191,0.582694947719574,1.1996498107910156,0.28598567843437195,0.24005089700222015,0.4462567865848541,1.204161524772644,0.32488855719566345,0.23995395004749298,0.5787362456321716,1.225864052772522,0.31004172563552856,0.2736223340034485,0.4520541727542877,1.2320829629898071,0.34702420234680176,0.22682605683803558,0.5950101613998413,1.2729442119598389,0.14071205258369446,0.18020009994506836,0.43445128202438354,1.27780282497406,0.15794023871421814,0.15625466406345367
2026-04-30T18:49:42.469006,66,0.5422390103340149,0.15772278606891632,-0.5090711712837219,0.9997429251670837,0.5485001802444458,0.13615183532238007,-0.4718911647796631,0.999091625213623,0.5531907081604004,0.1368497908115387,-0.472154438495636,0.9993089437484741,0.5576986074447632,0.1375921666622162,-0.4724014401435852,0.9991453289985657,0.5310958623886108,0.1348099410533905,-0.48077693581581116,0.9991225600242615,0.5237733721733093,0.1348421424627304,-0.4808477759361267,0.9992039203643799,0.5164476633071899,0.13508401811122894,-0.4809306561946869,0.9987600445747375,0.5577259063720703,0.14988771080970764,-0.2781291604042053,0.9993109107017517,0.5004636645317078,0.15058134496212006,-0.31950587034225464,0.9989397525787354,0.5507560968399048,0.1852583885192871,-0.43907588720321655,0.9995766282081604,0.5266925096511841,0.1813950091600418,-0.4503369927406311,0.9993753433227539,0.6212901473045349,0.30917444825172424,-0.20818611979484558,0.9997949600219727,0.42804986238479614,0.314231276512146,-0.2194691002368927,0.9984161853790283,0.7545632719993591,0.38027068972587585,-0.2306247055530548,0.9956802725791931,0.2951102554798126,0.3909638524055481,-0.2373749315738678,0.9896017909049988,0.9074431657791138,0.3826819062232971,-0.42539119720458984,0.9942634701728821,0.15289205312728882,0.3932165801525116,-0.45098137855529785,0.9789120554924011,0.9570766687393188,0.376946359872818,-0.47335323691368103,0.9858039617538452,0.11231814324855804,0.3848758041858673,-0.48676472902297974,0.9568567276000977,0.9633293151855469,0.3671976923942566,-0.5383814573287964,0.9882493019104004,0.10822157561779022,0.3801861107349396,-0.5685017704963684,0.9661577939987183,0.948037326335907,0.37125030159950256,-0.46327000856399536,0.989246129989624,0.1240168958902359,0.38591477274894714,-0.495358943939209,0.9701663255691528,0.5750160813331604,0.7206383943557739,-0.01753990352153778,0.9797876477241516,0.46938610076904297,0.7219803333282471,0.018092047423124313,0.9724079966545105,0.5752966403961182,0.9676364064216614,-0.06349629163742065,0.7329713106155396,0.46209508180618286,0.9799221158027649,0.020768648013472557,0.6793856024742126,0.5827091932296753,1.2035205364227295,0.2739998698234558,0.24039550125598907,0.44686001539230347,1.2121145725250244,0.3209735155105591,0.24132443964481354,0.5787509083747864,1.2299518585205078,0.2972274720668793,0.2772738039493561,0.45248228311538696,1.241125226020813,0.34240859746932983,0.231599822640419,0.5949255228042603,1.2779278755187988,0.12407749891281128,0.18305933475494385,0.43639811873435974,1.2849420309066772,0.14723214507102966,0.15768367052078247
2026-04-30T18:49:42.574388,67,0.5422495007514954,0.15595123171806335,-0.5113593339920044,0.9997444152832031,0.548533022403717,0.1350807547569275,-0.47429710626602173,0.9990969300270081,0.5532253384590149,0.13580647110939026,-0.4745623469352722,0.9993146657943726,0.5577282309532166,0.13663597404956818,-0.47480902075767517,0.9991534948348999,0.5311007499694824,0.13394959270954132,-0.4816202223300934,0.9991234540939331,0.5237742066383362,0.13410387933254242,-0.48169493675231934,0.9992031455039978,0.5164468884468079,0.13449138402938843,-0.48177748918533325,0.9987567067146301,0.5577656030654907,0.1494283676147461,-0.2815803289413452,0.9993172883987427,0.5005961656570435,0.1504199057817459,-0.31812548637390137,0.9989283084869385,0.5508275628089905,0.1831853687763214,-0.44219380617141724,0.9995781183242798,0.5267996788024902,0.17988762259483337,-0.4512248635292053,0.999372661113739,0.6213416457176208,0.30960944294929504,-0.2133522480726242,0.9997963309288025,0.42920780181884766,0.3140868842601776,-0.2138279229402542,0.998403012752533,0.7535139322280884,0.3880738615989685,-0.22850990295410156,0.9959858655929565,0.2959649860858917,0.3924500048160553,-0.21665599942207336,0.9894853830337524,0.9036237597465515,0.3839491307735443,-0.43152832984924316,0.9945780634880066,0.15591837465763092,0.39765506982803345,-0.41715431213378906,0.9785578846931458,0.953609824180603,0.3817940056324005,-0.47940582036972046,0.9863024353981018,0.11554708331823349,0.390540212392807,-0.45192474126815796,0.9559260010719299,0.9595772624015808,0.37228184938430786,-0.5454732179641724,0.9887060523033142,0.11178991943597794,0.3854120373725891,-0.5349375009536743,0.9655099511146545,0.9434868097305298,0.3739794194698334,-0.4700396955013275,0.9897257089614868,0.1271085888147354,0.3907495439052582,-0.46226710081100464,0.9697690606117249,0.5750135183334351,0.7200851440429688,-0.01779375784099102,0.9789605736732483,0.4694307744503021,0.7210361957550049,0.01835305616259575,0.9714921712875366,0.575407087802887,0.9670940637588501,-0.04538197070360184,0.7273324131965637,0.46208375692367554,0.978561520576477,0.02709987200796604,0.6751077175140381,0.5836719274520874,1.2003216743469238,0.27719253301620483,0.23887181282043457,0.4468877911567688,1.2088990211486816,0.3238251805305481,0.24147272109985352,0.5803564786911011,1.2274330854415894,0.29926609992980957,0.2770397365093231,0.45243048667907715,1.238849401473999,0.3451935648918152,0.23326490819454193,0.5952816605567932,1.2731634378433228,0.12688665091991425,0.18244369328022003,0.4353093206882477,1.2804372310638428,0.15206237137317657,0.15841896831989288
2026-04-30T18:49:42.678335,68,0.5422290563583374,0.15593722462654114,-0.5405372381210327,0.9997535943984985,0.5487098693847656,0.1350153386592865,-0.5067937970161438,0.9991356730461121,0.5534674525260925,0.13573573529720306,-0.507038414478302,0.9993410706520081,0.5580353736877441,0.1365707963705063,-0.507219135761261,0.999189019203186,0.5311167240142822,0.13391081988811493,-0.5106602907180786,0.9991599321365356,0.5237737894058228,0.1340530961751938,-0.5107787847518921,0.999232828617096,0.5164435505867004,0.13443349301815033,-0.5109079480171204,0.9988097548484802,0.5580606460571289,0.14933815598487854,-0.31343916058540344,0.9993440508842468,0.5006868243217468,0.15039381384849548,-0.33471864461898804,0.9989688992500305,0.5508617758750916,0.18313834071159363,-0.4705990254878998,0.9995958805084229,0.52677321434021,0.17985613644123077,-0.47559794783592224,0.9993976950645447,0.6215806603431702,0.31396082043647766,-0.2249247133731842,0.9998025298118591,0.4293786883354187,0.3146229386329651,-0.2180088460445404,0.9984981417655945,0.7474857568740845,0.4245031177997589,-0.22824497520923615,0.9961620569229126,0.3020528256893158,0.4132280945777893,-0.21452617645263672,0.9897501468658447,0.8993730545043945,0.44247421622276306,-0.42770928144454956,0.9947454333305359,0.16192616522312164,0.43597424030303955,-0.41624632477760315,0.9788141846656799,0.952917218208313,0.4454396963119507,-0.4741783142089844,0.9864367842674255,0.11681558191776276,0.4400240182876587,-0.44995036721229553,0.9558557868003845,0.9592623710632324,0.4295676648616791,-0.5412877798080444,0.9889044165611267,0.11310096830129623,0.43290331959724426,-0.5333828330039978,0.9655433297157288,0.9409129023551941,0.4314133822917938,-0.46635279059410095,0.9899716377258301,0.12731584906578064,0.4325975179672241,-0.46094197034835815,0.9697974920272827,0.5754795670509338,0.7188092470169067,-0.01581808552145958,0.9776164293289185,0.46991878747940063,0.7199254631996155,0.016399359330534935,0.9706495404243469,0.5754183530807495,0.9670611023902893,-0.04589454457163811,0.711534857749939,0.4627974033355713,0.9787452220916748,-0.002175085013732314,0.6699327230453491,0.5825866460800171,1.2046252489089966,0.2686460614204407,0.23068001866340637,0.44869691133499146,1.211598515510559,0.2848067879676819,0.23320592939853668,0.5798794031143188,1.233100414276123,0.2886541187763214,0.26880261301994324,0.45330390334129333,1.2399075031280518,0.3050766587257385,0.22490017116069794,0.5915330648422241,1.2772899866104126,0.11491656303405762,0.17525246739387512,0.44075602293014526,1.2878496646881104,0.11355408281087875,0.15322434902191162
2026-04-30T18:49:42.784618,69,0.5417155623435974,0.15664438903331757,-0.4885619282722473,0.9997729063034058,0.5486921668052673,0.1352258324623108,-0.4557715952396393,0.9992084503173828,0.5534699559211731,0.13589252531528473,-0.4560074806213379,0.9993938207626343,0.5580595135688782,0.1366870403289795,-0.4561612010002136,0.9992549419403076,0.5310118794441223,0.1340847909450531,-0.46216830611228943,0.9992316365242004,0.5236141085624695,0.13414780795574188,-0.46226781606674194,0.9992971420288086,0.5162327885627747,0.13444791734218597,-0.462378591299057,0.9989134073257446,0.5583062767982483,0.1493198424577713,-0.2626555860042572,0.9993939399719238,0.5006662011146545,0.1503267139196396,-0.2973833382129669,0.9990592002868652,0.5504573583602905,0.18324296176433563,-0.4178885519504547,0.9996283054351807,0.52614426612854,0.1800464242696762,-0.4267919063568115,0.9994490742683411,0.620193600654602,0.3162981867790222,-0.14842811226844788,0.999811053276062,0.42977458238601685,0.3150581121444702,-0.19201290607452393,0.9986321926116943,0.7111659646034241,0.4581700265407562,-0.0782134011387825,0.9957095384597778,0.31846126914024353,0.4491117596626282,-0.16872748732566833,0.9902180433273315,0.8490599393844604,0.5339192748069763,-0.2741917669773102,0.9944031238555908,0.18995343148708344,0.5152243971824646,-0.3608352541923523,0.9798641800880432,0.9003788232803345,0.559417188167572,-0.3137153089046478,0.9855955839157104,0.14974941313266754,0.5419846177101135,-0.3982439339160919,0.9577931761741638,0.90788733959198,0.5504255294799805,-0.3878515660762787,0.9882992506027222,0.147603839635849,0.5370837450027466,-0.48005276918411255,0.9670165777206421,0.8916203379631042,0.5444279909133911,-0.31382325291633606,0.9894976019859314,0.1584107130765915,0.5311217904090881,-0.40294933319091797,0.9710378646850586,0.5754862427711487,0.7162144780158997,-0.004333786200731993,0.9785506725311279,0.4699460566043854,0.7183535099029541,0.005015619099140167,0.9723882079124451,0.5753869414329529,0.9670261740684509,-0.016200443729758263,0.7061755657196045,0.4627489447593689,0.9788124561309814,0.0025364963803440332,0.6744758486747742,0.5813584327697754,1.204495906829834,0.26253023743629456,0.2268703728914261,0.44829607009887695,1.2114888429641724,0.2985835671424866,0.22955314815044403,0.5780699253082275,1.2331541776657104,0.2793738842010498,0.2654661536216736,0.45228442549705505,1.2384610176086426,0.3200826346874237,0.21863266825675964,0.591273844242096,1.2794848680496216,0.112651526927948,0.1710493117570877,0.43977102637290955,1.2896894216537476,0.12659449875354767,0.15048931539058685
2026-04-30T18:49:42.889274,70,0.5377640724182129,0.15686073899269104,-0.398570716381073,0.9997940063476562,0.5467203855514526,0.13529308140277863,-0.3723262846469879,0.9992843866348267,0.5520681142807007,0.13596303761005402,-0.37249284982681274,0.9994512796401978,0.5571592450141907,0.13676998019218445,-0.3726341724395752,0.9993259906768799,0.5281500816345215,0.1341652274131775,-0.3745771050453186,0.9993053674697876,0.5207371711730957,0.13421693444252014,-0.37457406520843506,0.9993642568588257,0.5139439702033997,0.1345074474811554,-0.3746858239173889,0.9990186095237732,0.5583034753799438,0.14930076897144318,-0.19976182281970978,0.9994509816169739,0.49970173835754395,0.1503095179796219,-0.2128961980342865,0.9991502165794373,0.5477277040481567,0.18331649899482727,-0.33350640535354614,0.9996641874313354,0.5226104855537415,0.18025268614292145,-0.3366248607635498,0.9995028376579285,0.6201454401016235,0.317300021648407,-0.09661748260259628,0.999826192855835,0.4328335225582123,0.3160937428474426,-0.1285559982061386,0.9987645745277405,0.6770495176315308,0.49378904700279236,-0.02314392477273941,0.995539665222168,0.35271042585372925,0.48586252331733704,-0.09594745188951492,0.9905951023101807,0.7731986045837402,0.6248994469642639,-0.1968511939048767,0.9943692088127136,0.2517108619213104,0.620101809501648,-0.27372586727142334,0.9809985756874084,0.8042184710502625,0.6747196912765503,-0.24353131651878357,0.9855853915214539,0.22340020537376404,0.6643632054328918,-0.31781435012817383,0.9601674675941467,0.8028391003608704,0.6746887564659119,-0.31150686740875244,0.9883033633232117,0.22428853809833527,0.6628755927085876,-0.39961615204811096,0.9688249230384827,0.7918200492858887,0.6562753915786743,-0.23098862171173096,0.9893959164619446,0.23267486691474915,0.651311457157135,-0.3144049048423767,0.972484827041626,0.5748878717422485,0.7171372175216675,0.011065319180488586,0.9802989363670349,0.468771368265152,0.7197827696800232,-0.010588605888187885,0.9748059511184692,0.5750137567520142,0.9706275463104248,-0.024279262870550156,0.7120327949523926,0.4625307619571686,0.982361912727356,-0.04258850961923599,0.6861805319786072,0.5827776789665222,1.2213422060012817,0.26356008648872375,0.2232847511768341,0.4481983184814453,1.231515884399414,0.2391895055770874,0.22707681357860565,0.5789412260055542,1.2497576475143433,0.2815552055835724,0.25405988097190857,0.45081859827041626,1.2584208250045776,0.25935375690460205,0.20609451830387115,0.5913488268852234,1.3051304817199707,0.11271671950817108,0.16475191712379456,0.44594740867614746,1.3169820308685303,0.05250432342290878,0.1456782966852188
2026-04-30T18:49:43.001457,71,0.5369873046875,0.15942955017089844,-0.3095833361148834,0.9998114109039307,0.546299159526825,0.13654227554798126,-0.2832176983356476,0.999350368976593,0.5516189932823181,0.1370745599269867,-0.2833884060382843,0.9995010495185852,0.5567232370376587,0.1377316117286682,-0.2835295498371124,0.9993883371353149,0.5280326008796692,0.1354481279850006,-0.28694048523902893,0.9993685483932495,0.5207045674324036,0.13537293672561646,-0.28687888383865356,0.9994210600852966,0.5139250755310059,0.13549035787582397,-0.2870195806026459,0.9991092085838318,0.5582761168479919,0.1497914046049118,-0.12365112453699112,0.9994999170303345,0.4996703565120697,0.15072201192378998,-0.14028048515319824,0.9992278814315796,0.5464193224906921,0.18471159040927887,-0.24930116534233093,0.9996955394744873,0.5220845937728882,0.18226280808448792,-0.25393128395080566,0.999549388885498,0.620048999786377,0.3204006552696228,-0.03914465755224228,0.9998396039009094,0.4347984790802002,0.3163853883743286,-0.08459354937076569,0.9988784193992615,0.651905357837677,0.514033317565918,0.03501489758491516,0.9954004287719727,0.38500311970710754,0.5036380887031555,-0.04065651446580887,0.9907382726669312,0.7004861235618591,0.6772394776344299,-0.11889827251434326,0.9943996071815491,0.3241521120071411,0.6571891903877258,-0.17475846409797668,0.9818753004074097,0.7144759893417358,0.7391495108604431,-0.16664595901966095,0.985870897769928,0.308146595954895,0.7099162340164185,-0.21970415115356445,0.9621496796607971,0.7080172896385193,0.7406899929046631,-0.22887058556079865,0.9884865880012512,0.3104783296585083,0.7096312642097473,-0.2948516011238098,0.9702432155609131,0.7022469639778137,0.7268272638320923,-0.14823070168495178,0.9894521236419678,0.316742867231369,0.6941229104995728,-0.21033474802970886,0.9735131859779358,0.572445809841156,0.7147470712661743,0.017362866550683975,0.9821726679801941,0.46315449476242065,0.7166149020195007,-0.016929995268583298,0.9772147536277771,0.5724653005599976,0.9701845645904541,-0.046625517308712006,0.7124847769737244,0.4611612856388092,0.9808696508407593,-0.04484907537698746,0.6876530647277832,0.5828241109848022,1.2210232019424438,0.25149261951446533,0.2095085233449936,0.4492551386356354,1.2283427715301514,0.2681392431259155,0.21197621524333954,0.5789352059364319,1.2487716674804688,0.27297261357307434,0.2358606904745102,0.45083993673324585,1.2560573816299438,0.2905663251876831,0.18913806974887848,0.5909488201141357,1.307786464691162,0.10511454194784164,0.15291357040405273,0.4530178904533386,1.3110591173171997,0.08065392076969147,0.1347309798002243
2026-04-30T18:49:43.107659,72,0.5365058183670044,0.158110573887825,-0.2695843577384949,0.9998249411582947,0.5457683801651001,0.13547661900520325,-0.24348600208759308,0.9994047284126282,0.5510497689247131,0.13597725331783295,-0.24363882839679718,0.999541163444519,0.5560797452926636,0.13659048080444336,-0.24376371502876282,0.9994397163391113,0.527724027633667,0.13440613448619843,-0.245946004986763,0.9994195699691772,0.5204508900642395,0.13434281945228577,-0.24594125151634216,0.999466598033905,0.513756275177002,0.13449956476688385,-0.24608692526817322,0.9991850852966309,0.5575565099716187,0.14859075844287872,-0.09057272225618362,0.9995375871658325,0.4996514320373535,0.14966632425785065,-0.10102750360965729,0.9992908835411072,0.5451958179473877,0.18254946172237396,-0.2117415964603424,0.9997214078903198,0.521593451499939,0.18070338666439056,-0.21470674872398376,0.9995879530906677,0.619673490524292,0.32213741540908813,-0.01908903941512108,0.9998496770858765,0.43604493141174316,0.31599754095077515,-0.058029692620038986,0.9989798665046692,0.6317098140716553,0.5163621306419373,0.059255726635456085,0.9946391582489014,0.4063047468662262,0.5113732814788818,-0.016056302934885025,0.9908499121665955,0.653275728225708,0.6883007287979126,-0.07022006809711456,0.9940221905708313,0.369773268699646,0.682909369468689,-0.12169186770915985,0.9825694561004639,0.6650227308273315,0.7525169253349304,-0.11438051611185074,0.9855810403823853,0.36065974831581116,0.7424237132072449,-0.16558018326759338,0.9637284278869629,0.6560986042022705,0.7510976791381836,-0.16793404519557953,0.9881014823913574,0.37131381034851074,0.7396978735923767,-0.2252938449382782,0.9712681770324707,0.6480313539505005,0.7366441488265991,-0.09399421513080597,0.9888743758201599,0.37715113162994385,0.7236026525497437,-0.1492202877998352,0.9741586446762085,0.5716838836669922,0.7141494750976562,0.014746120199561119,0.9839046001434326,0.46239352226257324,0.7145538926124573,-0.014417256228625774,0.9794420003890991,0.5727299451828003,0.9700738191604614,-0.05134548619389534,0.7201316356658936,0.4602673649787903,0.9761859178543091,-0.050775639712810516,0.694198727607727,0.584464430809021,1.2093946933746338,0.3399277627468109,0.2010953724384308,0.44928106665611267,1.2076586484909058,0.27871060371398926,0.20315617322921753,0.58057701587677,1.2322694063186646,0.37483346462249756,0.22042511403560638,0.4507826864719391,1.233519196510315,0.3167908787727356,0.1759587973356247,0.5910000801086426,1.3069591522216797,0.22547852993011475,0.14425235986709595,0.45232534408569336,1.2891850471496582,0.1475229561328888,0.12780527770519257
2026-04-30T18:49:43.214155,73,0.5314043760299683,0.16080765426158905,-0.3571760058403015,0.9998310208320618,0.5427515506744385,0.13716088235378265,-0.32803237438201904,0.9994400143623352,0.5485380291938782,0.1376233696937561,-0.3282250165939331,0.9995644688606262,0.5540400147438049,0.1381799429655075,-0.3283810615539551,0.9994722008705139,0.5239408016204834,0.13610409200191498,-0.3311421871185303,0.9994486570358276,0.5169858932495117,0.13593342900276184,-0.3311583995819092,0.9994901418685913,0.5109057426452637,0.13602320849895477,-0.3313044309616089,0.9992342591285706,0.5571908950805664,0.1493978053331375,-0.15685485303401947,0.999548614025116,0.49852505326271057,0.15012243390083313,-0.1679292470216751,0.999325692653656,0.5417739748954773,0.18411673605442047,-0.2931939959526062,0.9997400641441345,0.5173207521438599,0.1820594221353531,-0.2963874340057373,0.9996184706687927,0.6194560527801514,0.3243493139743805,-0.07022929936647415,0.9998545050621033,0.43637698888778687,0.3161534368991852,-0.09810395538806915,0.9990634918212891,0.6241694688796997,0.5253389477729797,-0.01325273048132658,0.9931646585464478,0.41863584518432617,0.5235931873321533,-0.07116372883319855,0.9903688430786133,0.6348215937614441,0.6886326670646667,-0.19108788669109344,0.9930942058563232,0.39920368790626526,0.7015577554702759,-0.22368362545967102,0.9814242720603943,0.6453830599784851,0.7513410449028015,-0.21252760291099548,0.9843950867652893,0.3945671319961548,0.7600893378257751,-0.2721450924873352,0.962133526802063,0.6381427049636841,0.7494709491729736,-0.27871355414390564,0.9869338274002075,0.4044491648674011,0.7565406560897827,-0.3379409909248352,0.9694249033927917,0.6305760741233826,0.7353665828704834,-0.22306938469409943,0.9873414635658264,0.4090682566165924,0.7419114708900452,-0.2538948357105255,0.9718925356864929,0.5717536807060242,0.7126023769378662,0.012242387980222702,0.9853736758232117,0.4625965654850006,0.7116089463233948,-0.011867081746459007,0.981368362903595,0.572756290435791,0.9675048589706421,-0.04368637874722481,0.7285614609718323,0.4604702591896057,0.9693607687950134,-0.041474875062704086,0.7039762735366821,0.5837498307228088,1.1851800680160522,0.38539373874664307,0.2034672349691391,0.4508307874202728,1.18045973777771,0.3148236870765686,0.21064862608909607,0.5791048407554626,1.207964539527893,0.4204280376434326,0.2165336012840271,0.4524179995059967,1.2083351612091064,0.3471154272556305,0.17382605373859406,0.5902455449104309,1.279654860496521,0.2544367015361786,0.14290782809257507,0.451979398727417,1.2613271474838257,0.15531402826309204,0.13061906397342682
2026-04-30T18:49:43.325970,74,0.5317004919052124,0.16049262881278992,-0.334121972322464,0.9998382329940796,0.5429155230522156,0.13700874149799347,-0.30579009652137756,0.9994743466377258,0.5486142635345459,0.13747934997081757,-0.3059862554073334,0.999589741230011,0.5540590286254883,0.1380518525838852,-0.3061029314994812,0.9995046257972717,0.5243991613388062,0.13592524826526642,-0.3098554313182831,0.9994778037071228,0.5174087285995483,0.13575515151023865,-0.3098803758621216,0.999517023563385,0.5112197995185852,0.13585345447063446,-0.31005722284317017,0.99928218126297,0.5569844841957092,0.14935249090194702,-0.1370275765657425,0.9995661973953247,0.49854952096939087,0.14998537302017212,-0.15496477484703064,0.9993656873703003,0.5420297384262085,0.1834314912557602,-0.2705147862434387,0.9997557401657104,0.517536461353302,0.18154577910900116,-0.27549874782562256,0.9996442198753357,0.6184504628181458,0.3240443170070648,-0.05104935169219971,0.9998595714569092,0.43705543875694275,0.31600043177604675,-0.09961625933647156,0.9991399049758911,0.6187161207199097,0.5195927023887634,0.007768924348056316,0.9921918511390686,0.4216024875640869,0.522921621799469,-0.08107908070087433,0.9905910491943359,0.6284617185592651,0.6905330419540405,-0.17444854974746704,0.9927075505256653,0.40905866026878357,0.7023963332176208,-0.218099445104599,0.9818707704544067,0.639480710029602,0.7525095343589783,-0.2294754981994629,0.984178900718689,0.40365514159202576,0.7601852416992188,-0.27090638875961304,0.9632275700569153,0.6308792233467102,0.7512914538383484,-0.2886348068714142,0.9866382479667664,0.4136725962162018,0.7571117281913757,-0.3263165354728699,0.9700491428375244,0.6232327222824097,0.7376250624656677,-0.20252501964569092,0.9868820309638977,0.41901499032974243,0.7426775097846985,-0.24342045187950134,0.9722374677658081,0.5718024969100952,0.7119120359420776,0.01241050474345684,0.9867677688598633,0.4631264805793762,0.7100279331207275,-0.012030620127916336,0.9831680059432983,0.5731824636459351,0.9652750492095947,-0.03513731434941292,0.7341517806053162,0.46067410707473755,0.9649965167045593,-0.027316108345985413,0.7077822685241699,0.5836642384529114,1.1759122610092163,0.41576656699180603,0.19552281498908997,0.45517683029174805,1.1740061044692993,0.32428187131881714,0.2068955898284912,0.5789519548416138,1.198392629623413,0.4540514051914215,0.2059963047504425,0.4564042091369629,1.2029556035995483,0.3544699251651764,0.1665838360786438,0.5901376008987427,1.2674636840820312,0.2999612092971802,0.13499613106250763,0.45580625534057617,1.253232717514038,0.16172578930854797,0.12637461721897125
2026-04-30T18:49:43.430956,75,0.5340578556060791,0.16040849685668945,-0.3255009353160858,0.9998449087142944,0.5439863801002502,0.1369818150997162,-0.2962278127670288,0.9995068311691284,0.549280047416687,0.1374547928571701,-0.2964347004890442,0.9996134638786316,0.5543928146362305,0.13802902400493622,-0.29655665159225464,0.9995355010032654,0.5261715650558472,0.13589484989643097,-0.30118244886398315,0.9995061159133911,0.5190035700798035,0.13572831451892853,-0.3012186288833618,0.9995425343513489,0.512317419052124,0.13582955300807953,-0.3014028072357178,0.9993279576301575,0.5567405819892883,0.14935748279094696,-0.12411607801914215,0.9995831251144409,0.49856701493263245,0.14997917413711548,-0.14636489748954773,0.999403178691864,0.5421897768974304,0.18342165648937225,-0.260649710893631,0.9997701048851013,0.5184446573257446,0.18153996765613556,-0.26686716079711914,0.9996678829193115,0.6174719333648682,0.32396459579467773,-0.038723722100257874,0.9998638033866882,0.43711528182029724,0.31603682041168213,-0.09324846416711807,0.9992085099220276,0.6178203821182251,0.5185014009475708,0.014951209537684917,0.9910485148429871,0.4203015863895416,0.5252211689949036,-0.07542870193719864,0.9907293319702148,0.6290587782859802,0.6900549530982971,-0.1770355999469757,0.9921291470527649,0.4100201725959778,0.7025231122970581,-0.21272997558116913,0.9820666313171387,0.6395730972290039,0.7526211142539978,-0.23723244667053223,0.9836316108703613,0.4038794934749603,0.7593958377838135,-0.266754686832428,0.9638366103172302,0.6312838792800903,0.7513371706008911,-0.29612717032432556,0.9860591292381287,0.41353312134742737,0.756447970867157,-0.32160091400146484,0.9702849388122559,0.6237949132919312,0.7380111217498779,-0.2054234743118286,0.9861219525337219,0.41913947463035583,0.7419828772544861,-0.23786011338233948,0.9721996188163757,0.5718401074409485,0.7115016579627991,0.012668190523982048,0.9880128502845764,0.46335506439208984,0.7097340822219849,-0.01228841207921505,0.9847804307937622,0.5733238458633423,0.9638426899909973,-0.03665253520011902,0.7406031489372253,0.4606965184211731,0.9651519060134888,-0.026814550161361694,0.7127959132194519,0.5836094617843628,1.1740361452102661,0.41361722350120544,0.1898457407951355,0.45683640241622925,1.173545241355896,0.32365357875823975,0.20376762747764587,0.5788630247116089,1.1966544389724731,0.4523378312587738,0.1972365379333496,0.4580713212490082,1.2019164562225342,0.3537779450416565,0.15981082618236542,0.5901538729667664,1.2646342515945435,0.29921644926071167,0.12889817357063293,0.4575437903404236,1.2525899410247803,0.1628706306219101,0.12293722480535507
2026-04-30T18:49:43.542275,76,0.5340970158576965,0.16017624735832214,-0.34195905923843384,0.9998520612716675,0.5438539981842041,0.13689841330051422,-0.31311342120170593,0.9995384216308594,0.5491315126419067,0.13739344477653503,-0.3133147358894348,0.9996368885040283,0.5542072057723999,0.1379844844341278,-0.3134361207485199,0.9995653033256531,0.5260627269744873,0.1357870250940323,-0.3171025812625885,0.999534010887146,0.5188567042350769,0.1356479674577713,-0.31713464856147766,0.9995679259300232,0.5121861696243286,0.13578206300735474,-0.31731554865837097,0.999371349811554,0.5564327836036682,0.14934085309505463,-0.14107342064380646,0.9996017217636108,0.49825143814086914,0.14997278153896332,-0.15920290350914001,0.9994389414787292,0.5422447919845581,0.18315744400024414,-0.2772495448589325,0.9997850656509399,0.5184443593025208,0.18133041262626648,-0.2821728587150574,0.9996911883354187,0.6167864203453064,0.32411110401153564,-0.053179431706666946,0.9998680949211121,0.43711042404174805,0.3162061870098114,-0.10232298076152802,0.9992700815200806,0.6180582046508789,0.5188028216362,-0.00013101955119054765,0.990196168422699,0.42240452766418457,0.5274144411087036,-0.08345241844654083,0.9907598495483398,0.6301812529563904,0.6894128918647766,-0.19283261895179749,0.9916670918464661,0.40992340445518494,0.7054578065872192,-0.22393664717674255,0.9821107983589172,0.6403030157089233,0.7523555159568787,-0.25273165106773376,0.9831965565681458,0.4041246771812439,0.7612364888191223,-0.2776525020599365,0.9641906023025513,0.6319813132286072,0.7509201169013977,-0.311887264251709,0.9855915904045105,0.41318902373313904,0.7585340142250061,-0.33441635966300964,0.9703304171562195,0.6246134638786316,0.7368013262748718,-0.22152182459831238,0.9854967594146729,0.4182254672050476,0.7441463470458984,-0.25026825070381165,0.9720181226730347,0.5718696713447571,0.7102586627006531,0.012716482393443584,0.9891312718391418,0.46363338828086853,0.7092704176902771,-0.012341955676674843,0.9862273335456848,0.5733486413955688,0.9604122042655945,-0.03200111538171768,0.744238555431366,0.4610428810119629,0.9627218842506409,-0.02598220482468605,0.7144433259963989,0.5828856229782104,1.169317364692688,0.41999420523643494,0.18397250771522522,0.45948725938796997,1.1704970598220825,0.32620421051979065,0.20028215646743774,0.5781935453414917,1.191506028175354,0.45847582817077637,0.1892472803592682,0.4605695307254791,1.1985530853271484,0.35596081614494324,0.15338803827762604,0.5887501239776611,1.2593244314193726,0.30396533012390137,0.12331243604421616,0.4609830975532532,1.249243140220642,0.16434751451015472,0.1196376234292984
2026-04-30T18:49:43.647165,77,0.5335237383842468,0.16011659801006317,-0.3319798409938812,0.9998586177825928,0.5435987114906311,0.13686473667621613,-0.30365273356437683,0.9995668530464172,0.5489565134048462,0.13736480474472046,-0.30385133624076843,0.9996576309204102,0.5540896654129028,0.13796165585517883,-0.3039744794368744,0.9995920658111572,0.5255689024925232,0.13575191795825958,-0.3064504861831665,0.999558687210083,0.5183003544807434,0.1356162428855896,-0.30646663904190063,0.9995899200439453,0.5117012858390808,0.1357518881559372,-0.30664050579071045,0.9994098544120789,0.5564171671867371,0.14935459196567535,-0.1362730860710144,0.9996187686920166,0.4978298246860504,0.15000414848327637,-0.148972287774086,0.9994698762893677,0.541892409324646,0.18315237760543823,-0.2690649628639221,0.9997989535331726,0.5177829265594482,0.1813146322965622,-0.27247297763824463,0.9997122287750244,0.6167516112327576,0.3245773911476135,-0.05379541963338852,0.9998735189437866,0.4371654987335205,0.31638580560684204,-0.09170815348625183,0.9993252158164978,0.6208292841911316,0.5175117254257202,0.00040725889266468585,0.9895780682563782,0.42189764976501465,0.528667688369751,-0.06994446367025375,0.9907053709030151,0.6302164793014526,0.6891944408416748,-0.18626925349235535,0.9913991093635559,0.4099147319793701,0.7049440741539001,-0.20687691867351532,0.9822380542755127,0.6397200226783752,0.7518951892852783,-0.24678924679756165,0.983019232749939,0.4036160111427307,0.7609173059463501,-0.2610227167606354,0.964662492275238,0.6310077905654907,0.7501546740531921,-0.3039464056491852,0.9853455424308777,0.4131213128566742,0.7581298351287842,-0.3157567083835602,0.970483660697937,0.6238318681716919,0.7356153130531311,-0.21350786089897156,0.9851085543632507,0.4185313284397125,0.7435085773468018,-0.23218600451946259,0.9719436764717102,0.571892261505127,0.7103017568588257,0.011649241670966148,0.9901479482650757,0.4637841284275055,0.7092161178588867,-0.011311798356473446,0.9875311851501465,0.5733603239059448,0.9605211615562439,-0.036174774169921875,0.7499985694885254,0.46089011430740356,0.9626481533050537,-0.024512384086847305,0.718055009841919,0.582775354385376,1.171812653541565,0.40426892042160034,0.18099015951156616,0.45924216508865356,1.171035647392273,0.3292739987373352,0.199159175157547,0.5781857371330261,1.1944501399993896,0.4418792128562927,0.18252897262573242,0.46057289838790894,1.1991647481918335,0.35928523540496826,0.14887508749961853,0.5878585577011108,1.2613157033920288,0.28829020261764526,0.11911635845899582,0.4599662721157074,1.2497557401657104,0.17283573746681213,0.1177709549665451
2026-04-30T18:49:43.754972,78,0.5330585241317749,0.15962901711463928,-0.3292059600353241,0.9998661279678345,0.5434419512748718,0.1367897391319275,-0.30080410838127136,0.9995954036712646,0.5488333106040955,0.13733555376529694,-0.3010117709636688,0.9996798634529114,0.5539780259132385,0.13794729113578796,-0.3011210858821869,0.9996192455291748,0.5254736542701721,0.13556219637393951,-0.3039817214012146,0.9995850324630737,0.5182687044143677,0.13541719317436218,-0.3040193021297455,0.9996150732040405,0.5117114186286926,0.13555684685707092,-0.3041937053203583,0.9994491338729858,0.5563593506813049,0.14941293001174927,-0.13508933782577515,0.9996397495269775,0.4978393614292145,0.14999432861804962,-0.1493762731552124,0.9995048642158508,0.5413333773612976,0.18260794878005981,-0.26717638969421387,0.9998124241828918,0.5174322724342346,0.18048158288002014,-0.2711242735385895,0.9997321963310242,0.6165564656257629,0.324537068605423,-0.055893462151288986,0.9998800754547119,0.4371957778930664,0.3167484402656555,-0.09435516595840454,0.9993775486946106,0.6235322952270508,0.5154935717582703,-0.0006792267085984349,0.9898484945297241,0.4213198721408844,0.5279005765914917,-0.07183677703142166,0.9910786747932434,0.6321640610694885,0.6895685195922852,-0.1845308393239975,0.9916619062423706,0.41101256012916565,0.7054581046104431,-0.2062951773405075,0.9830349683761597,0.6411381363868713,0.7527122497558594,-0.24535033106803894,0.9837005734443665,0.4045470356941223,0.7616473436355591,-0.2599697709083557,0.9662889242172241,0.631538987159729,0.7508266568183899,-0.30178797245025635,0.9858980774879456,0.41430822014808655,0.7592396140098572,-0.3147669732570648,0.971721351146698,0.6243800520896912,0.7362352013587952,-0.21118168532848358,0.985636830329895,0.4200291037559509,0.7441955804824829,-0.23130583763122559,0.9730408191680908,0.5720996260643005,0.7101719379425049,0.011229978874325752,0.9910910725593567,0.4645066261291504,0.7092796564102173,-0.010880088433623314,0.9887301921844482,0.573827862739563,0.959875762462616,-0.0401822030544281,0.7464795708656311,0.4608904719352722,0.9621793031692505,-0.021024368703365326,0.7126043438911438,0.5829271078109741,1.1736043691635132,0.40043672919273376,0.16864436864852905,0.459520161151886,1.1721938848495483,0.3389517664909363,0.18705731630325317,0.5786668658256531,1.1967720985412598,0.4388298988342285,0.17023658752441406,0.4607985019683838,1.200331449508667,0.37054216861724854,0.1397656351327896,0.5878971219062805,1.2622401714324951,0.29046836495399475,0.1100081279873848,0.4606326222419739,1.250260829925537,0.1910897046327591,0.10981854796409607
2026-04-30T18:49:43.861697,79,0.5332697629928589,0.15949375927448273,-0.3292541205883026,0.9998720288276672,0.5435025095939636,0.13647840917110443,-0.30083146691322327,0.9996200203895569,0.548863410949707,0.13702163100242615,-0.30102604627609253,0.9996978640556335,0.5539854168891907,0.13764648139476776,-0.3011500835418701,0.9996426701545715,0.525540292263031,0.13527850806713104,-0.30473822355270386,0.9996066093444824,0.5183060765266418,0.13516122102737427,-0.3047560751438141,0.9996339678764343,0.5117278099060059,0.1353357583284378,-0.3049192428588867,0.9994813799858093,0.5562241673469543,0.14922240376472473,-0.1347247064113617,0.9996562600135803,0.4978411793708801,0.14990657567977905,-0.1521795690059662,0.9995309710502625,0.541371762752533,0.18253019452095032,-0.26688632369041443,0.9998246431350708,0.5175033211708069,0.1804574877023697,-0.27174410223960876,0.9997500777244568,0.6165381669998169,0.32468101382255554,-0.05374481528997421,0.9998849630355835,0.43720072507858276,0.3169142007827759,-0.09827498346567154,0.9994212985038757,0.6241515278816223,0.5172272324562073,0.006554222200065851,0.9893732070922852,0.42268043756484985,0.5282208323478699,-0.07648427039384842,0.99100661277771,0.6310853958129883,0.6946889758110046,-0.16956326365470886,0.9914911389350891,0.40979117155075073,0.7046641111373901,-0.2076423615217209,0.9829729199409485,0.6405513286590576,0.7570368647575378,-0.2289450615644455,0.9835683107376099,0.40363988280296326,0.761724054813385,-0.2608742415904999,0.9663952589035034,0.6312897205352783,0.7553241848945618,-0.2849559485912323,0.9857182502746582,0.4139038920402527,0.7590449452400208,-0.3156486749649048,0.9716066122055054,0.6243326663970947,0.7408536672592163,-0.19587396085262299,0.9853381514549255,0.41952094435691833,0.7440675497055054,-0.23284435272216797,0.9727264046669006,0.5721032619476318,0.7104362845420837,0.011156830005347729,0.9919217228889465,0.4645865857601166,0.7093257308006287,-0.010806763544678688,0.9897938370704651,0.5741252303123474,0.9599285125732422,-0.03602130338549614,0.7497066259384155,0.4609275460243225,0.9624613523483276,-0.014656363055109978,0.7144882678985596,0.5826635360717773,1.1729506254196167,0.42428073287010193,0.1661761999130249,0.4593595564365387,1.1707202196121216,0.3440755605697632,0.18708334863185883,0.5782557725906372,1.195562481880188,0.4640854299068451,0.16575317084789276,0.4607068598270416,1.1986560821533203,0.37525391578674316,0.1364460587501526,0.5878483057022095,1.2620619535446167,0.3149891197681427,0.10680808871984482,0.4604214131832123,1.2494428157806396,0.19195550680160522,0.10884812474250793
2026-04-30T18:49:43.966735,80,0.5326698422431946,0.15689420700073242,-0.3311064839363098,0.9998799562454224,0.5432509183883667,0.1351892352104187,-0.30265873670578003,0.9996473789215088,0.5487032532691956,0.13606615364551544,-0.30284926295280457,0.9997187852859497,0.553892195224762,0.13697341084480286,-0.3029616177082062,0.9996684193611145,0.524795651435852,0.13327057659626007,-0.30576640367507935,0.9996325969696045,0.5174068808555603,0.13309775292873383,-0.30577099323272705,0.9996577501296997,0.5108007192611694,0.13328704237937927,-0.30591851472854614,0.9995177984237671,0.5562639832496643,0.14905185997486115,-0.137704536318779,0.9996772408485413,0.4974329471588135,0.14879897236824036,-0.15250016748905182,0.9995622634887695,0.5411258935928345,0.18112438917160034,-0.2695944309234619,0.9998376965522766,0.516884446144104,0.17866966128349304,-0.27355095744132996,0.9997689723968506,0.6162844300270081,0.3239520788192749,-0.05795971304178238,0.9998912811279297,0.4372779428958893,0.3169171214103699,-0.0991644561290741,0.9994628429412842,0.6254498362541199,0.515562891960144,-5.1592225645435974e-05,0.9894776940345764,0.42367929220199585,0.528691828250885,-0.07880613952875137,0.9910524487495422,0.6316159963607788,0.6936826109886169,-0.1762978732585907,0.9916667938232422,0.41145333647727966,0.7061532139778137,-0.21225962042808533,0.9831002354621887,0.6411566734313965,0.7560738325119019,-0.23574694991111755,0.983980655670166,0.4049057960510254,0.7627094984054565,-0.2654113471508026,0.9668005704879761,0.6314383745193481,0.7543274760246277,-0.29152315855026245,0.9860358238220215,0.4149204194545746,0.76005619764328,-0.32072150707244873,0.9717766046524048,0.6244296431541443,0.7399384379386902,-0.20255079865455627,0.9856054782867432,0.4206772446632385,0.7454111576080322,-0.23778946697711945,0.9727857708930969,0.5721709728240967,0.7098377346992493,0.010918289422988892,0.9926853179931641,0.46504679322242737,0.7087132930755615,-0.010560286231338978,0.9907623529434204,0.5742777585983276,0.9599586725234985,-0.034838587045669556,0.7510192394256592,0.4616437554359436,0.9612931609153748,-0.008772246539592743,0.71489018201828,0.5821493864059448,1.1731452941894531,0.41246718168258667,0.16132481396198273,0.46002310514450073,1.1673237085342407,0.3435206115245819,0.183135524392128,0.5777329206466675,1.195934772491455,0.4503193795681,0.16010211408138275,0.4613846242427826,1.1948169469833374,0.3741825819015503,0.1321997493505478,0.5875280499458313,1.262046456336975,0.30117303133010864,0.1021859347820282,0.4603758454322815,1.2463220357894897,0.19380293786525726,0.10556226968765259
2026-04-30T18:49:44.077957,81,0.5322166681289673,0.15631911158561707,-0.347140371799469,0.9998859763145447,0.5429040193557739,0.13507971167564392,-0.3196735382080078,0.999668538570404,0.5484639406204224,0.13601599633693695,-0.31985265016555786,0.9997348189353943,0.5537212491035461,0.13695403933525085,-0.31993722915649414,0.9996883273124695,0.5241917967796326,0.13300959765911102,-0.3202664256095886,0.999652087688446,0.51679927110672,0.13284660875797272,-0.3202555775642395,0.9996753931045532,0.5102846622467041,0.13304507732391357,-0.32041919231414795,0.9995458722114563,0.5563161373138428,0.14905403554439545,-0.15395806729793549,0.9996923208236694,0.49731534719467163,0.14868469536304474,-0.15745726227760315,0.9995856285095215,0.54106205701828,0.18095612525939941,-0.2852650284767151,0.999848484992981,0.516567587852478,0.17845383286476135,-0.28593769669532776,0.9997850656509399,0.6164003610610962,0.32322457432746887,-0.0690448135137558,0.9998962879180908,0.43766170740127563,0.3167055547237396,-0.10197390615940094,0.9994998574256897,0.6262575387954712,0.5151246786117554,-0.0020958776585757732,0.9896551966667175,0.42250412702560425,0.5268484950065613,-0.08017276972532272,0.991060197353363,0.6315093040466309,0.693731427192688,-0.18067678809165955,0.9918484687805176,0.40984025597572327,0.7042223811149597,-0.21728920936584473,0.9829932451248169,0.6411165595054626,0.7568491101264954,-0.23916280269622803,0.984362006187439,0.4039675295352936,0.7608450055122375,-0.26769375801086426,0.9667262434959412,0.6316941976547241,0.7553936839103699,-0.2920878529548645,0.9863317608833313,0.4141724109649658,0.7579967379570007,-0.3261416554450989,0.9715352058410645,0.6246320009231567,0.7408707737922668,-0.20918461680412292,0.9858279228210449,0.4197041392326355,0.7433812618255615,-0.24433653056621552,0.9724287390708923,0.5723020434379578,0.7097704410552979,0.0107115488499403,0.9933539628982544,0.46533435583114624,0.7086026668548584,-0.010349541902542114,0.991621196269989,0.5745192766189575,0.958544909954071,-0.017595402896404266,0.757095456123352,0.4617446959018707,0.9603798985481262,0.00859575904905796,0.720901608467102,0.5821648240089417,1.1702589988708496,0.43790459632873535,0.16186338663101196,0.46042925119400024,1.16707444190979,0.35368773341178894,0.18688730895519257,0.5777219533920288,1.1932820081710815,0.47646284103393555,0.15930838882923126,0.46205154061317444,1.1952259540557861,0.3834449052810669,0.13238507509231567,0.5878041982650757,1.2588107585906982,0.3227953612804413,0.100682333111763,0.4600508213043213,1.2457751035690308,0.1954604685306549,0.1062958836555481
2026-04-30T18:49:44.183402,82,0.5322452783584595,0.1566278338432312,-0.3448638916015625,0.9998922348022461,0.5429632067680359,0.13531838357448578,-0.31693893671035767,0.9996906518936157,0.5485450029373169,0.13622233271598816,-0.3171183466911316,0.9997512698173523,0.5538564324378967,0.13715200126171112,-0.31722328066825867,0.9997090697288513,0.5242063999176025,0.1332789808511734,-0.31830623745918274,0.9996734261512756,0.5168307423591614,0.13308392465114594,-0.318299800157547,0.9996942281723022,0.5103094577789307,0.13324621319770813,-0.3184584379196167,0.9995759129524231,0.5570199489593506,0.14923621714115143,-0.15167608857154846,0.9997085332870483,0.4972008168697357,0.14873844385147095,-0.1581157147884369,0.9996108412742615,0.5411245822906494,0.18130305409431458,-0.2830432057380676,0.9998593926429749,0.5165858268737793,0.17904993891716003,-0.28464382886886597,0.9998009204864502,0.6166520118713379,0.3239731788635254,-0.06867063790559769,0.999900758266449,0.4376921057701111,0.31675639748573303,-0.10197951644659042,0.9995348453521729,0.625198483467102,0.5163397789001465,-0.004717518575489521,0.9893964529037476,0.42274779081344604,0.5269280076026917,-0.07959692180156708,0.991023063659668,0.6314646005630493,0.6935885548591614,-0.18160183727741241,0.9917396903038025,0.41099604964256287,0.7058601379394531,-0.2160356342792511,0.9829850196838379,0.6406962275505066,0.7569049596786499,-0.2405339926481247,0.9842785000801086,0.4050092101097107,0.7619991898536682,-0.2686164975166321,0.9668082594871521,0.6312241554260254,0.7548786401748657,-0.295856237411499,0.9862004518508911,0.4155065417289734,0.7587854862213135,-0.32505810260772705,0.9714348912239075,0.6244367361068726,0.7397825717926025,-0.20881709456443787,0.9855867624282837,0.4211602210998535,0.7443650364875793,-0.24200963973999023,0.9721546173095703,0.5723198652267456,0.7099130749702454,0.009622272104024887,0.9939614534378052,0.4656423032283783,0.7086391448974609,-0.009276731871068478,0.9923950433731079,0.5746235847473145,0.9588658213615417,-0.031624000519514084,0.7617128491401672,0.46174541115760803,0.9601232409477234,0.0060430108569562435,0.7240204811096191,0.5820158123970032,1.1709128618240356,0.43581223487854004,0.16209854185581207,0.4603284001350403,1.164773941040039,0.35778364539146423,0.187444269657135,0.5775057673454285,1.193946361541748,0.47278541326522827,0.15703634917736053,0.46212491393089294,1.1925550699234009,0.3890419602394104,0.13068045675754547,0.5877354741096497,1.2595422267913818,0.310636430978775,0.0996868908405304,0.459320068359375,1.2434895038604736,0.21012556552886963,0.10632825642824173
2026-04-30T18:49:44.290328,83,0.5320473909378052,0.1566256880760193,-0.3472181260585785,0.9998969435691833,0.5428465008735657,0.1353112906217575,-0.31981390714645386,0.9997086524963379,0.5484729409217834,0.1362151801586151,-0.3199823498725891,0.9997640252113342,0.5538233518600464,0.1371459811925888,-0.3200949728488922,0.9997258186340332,0.5239598155021667,0.13327589631080627,-0.32040703296661377,0.9996899962425232,0.5165629386901855,0.13308085501194,-0.32037729024887085,0.9997081756591797,0.5100347995758057,0.13324306905269623,-0.3205341100692749,0.9995998740196228,0.5572459101676941,0.14923276007175446,-0.15592387318611145,0.9997204542160034,0.4971836507320404,0.14870788156986237,-0.1588737666606903,0.9996294975280762,0.5411630868911743,0.18131960928440094,-0.28591686487197876,0.9998689889907837,0.5165554285049438,0.17911796271800995,-0.28647464513778687,0.9998148083686829,0.6171549558639526,0.32394441962242126,-0.07068916410207748,0.9999043941497803,0.438001811504364,0.3167407810688019,-0.10384932905435562,0.9995646476745605,0.6256166696548462,0.5171741843223572,-0.006523431278765202,0.9888993501663208,0.4234735071659088,0.5264932513237,-0.08064243197441101,0.9907202124595642,0.6326547861099243,0.6934767961502075,-0.18012914061546326,0.9914617538452148,0.4114874005317688,0.705935537815094,-0.21852615475654602,0.9824289679527283,0.6414481401443481,0.7573497891426086,-0.23859402537345886,0.983830451965332,0.4045324921607971,0.7622674703598022,-0.2709466218948364,0.9659437537193298,0.6318740248680115,0.7558159232139587,-0.29501083493232727,0.9857458472251892,0.4148426651954651,0.7593716382980347,-0.32808634638786316,0.9705005288124084,0.6251556277275085,0.7408689856529236,-0.2068534791469574,0.9849817156791687,0.42070212960243225,0.7446365356445312,-0.24488647282123566,0.971040666103363,0.5724672675132751,0.708987832069397,0.009482290595769882,0.9944936037063599,0.4664410948753357,0.7080680727958679,-0.009143024682998657,0.9930769801139832,0.5747215151786804,0.9583973288536072,-0.03212316334247589,0.7666040062904358,0.46244749426841736,0.9590778946876526,0.005109196063131094,0.7278770804405212,0.5816857814788818,1.1648099422454834,0.42108288407325745,0.16693322360515594,0.46123361587524414,1.157912015914917,0.35582175850868225,0.19248852133750916,0.5769711136817932,1.186829686164856,0.45803022384643555,0.15844222903251648,0.46340212225914,1.184441328048706,0.38706547021865845,0.1311851292848587,0.5873223543167114,1.255205512046814,0.30231350660324097,0.10201729089021683,0.4593985974788666,1.2377896308898926,0.20831091701984406,0.10936494916677475
2026-04-30T18:49:44.403875,84,0.5313674211502075,0.15597102046012878,-0.2814962565898895,0.999903678894043,0.5425481796264648,0.1350477635860443,-0.2552897334098816,0.9997299909591675,0.548302173614502,0.13606031239032745,-0.2554531395435333,0.9997810125350952,0.5537181496620178,0.13705934584140778,-0.2555326521396637,0.9997459053993225,0.5232428908348083,0.13276726007461548,-0.2554418742656708,0.9997117519378662,0.5158388018608093,0.13258609175682068,-0.2554604113101959,0.9997288584709167,0.509330689907074,0.13276587426662445,-0.2556072771549225,0.9996298551559448,0.5575409531593323,0.14923128485679626,-0.10488186031579971,0.9997389316558838,0.4971756935119629,0.14838342368602753,-0.1052229031920433,0.9996572732925415,0.541022777557373,0.18092918395996094,-0.22525978088378906,0.9998782873153687,0.5162175297737122,0.17881222069263458,-0.22520622611045837,0.9998282790184021,0.6180738210678101,0.3231852352619171,-0.03553500026464462,0.999908983707428,0.43849605321884155,0.3166365325450897,-0.07110952585935593,0.9995979070663452,0.625467836856842,0.5168372392654419,0.026026349514722824,0.9891535043716431,0.42351073026657104,0.5257570743560791,-0.04933934286236763,0.9911393523216248,0.632544755935669,0.6937326192855835,-0.11733187735080719,0.991762638092041,0.41102471947669983,0.7036012411117554,-0.16355828940868378,0.9834179282188416,0.6412443518638611,0.7577465176582336,-0.16825325787067413,0.9844951629638672,0.404235303401947,0.760701596736908,-0.2114124298095703,0.9677924513816833,0.6316472291946411,0.7565346956253052,-0.22014465928077698,0.9863008260726929,0.41420793533325195,0.7575260996818542,-0.2622531056404114,0.9720439314842224,0.6249815225601196,0.7417306900024414,-0.14068450033664703,0.9855773448944092,0.41991281509399414,0.742715060710907,-0.18658797442913055,0.9725351929664612,0.5725045204162598,0.708666980266571,0.009854789823293686,0.9950208067893982,0.4665403962135315,0.7074186205863953,-0.009540600702166557,0.9937428832054138,0.5747300386428833,0.9584484696388245,-0.047866590321063995,0.7664814591407776,0.4624466001987457,0.958117663860321,-0.007485357578843832,0.7277222275733948,0.5817022323608398,1.1675026416778564,0.3900328576564789,0.15814003348350525,0.46181344985961914,1.159489393234253,0.35377463698387146,0.18271879851818085,0.5770890116691589,1.189225435256958,0.4284272789955139,0.14967261254787445,0.46361008286476135,1.1864806413650513,0.38514792919158936,0.12385478615760803,0.5873315334320068,1.2589106559753418,0.29389628767967224,0.09561359882354736,0.4616739749908447,1.238961100578308,0.21007855236530304,0.10305310040712357
2026-04-30T18:49:44.510335,85,0.5312916040420532,0.15590979158878326,-0.3031614422798157,0.9999079704284668,0.5424991846084595,0.13502739369869232,-0.27586260437965393,0.9997456669807434,0.5482612252235413,0.13604603707790375,-0.2760482728481293,0.9997923970222473,0.5537074208259583,0.13705281913280487,-0.27615365386009216,0.9997603893280029,0.5231137871742249,0.13274584710597992,-0.2781049311161041,0.9997267127037048,0.5156830549240112,0.13256509602069855,-0.27812695503234863,0.9997420310974121,0.5091514587402344,0.13274584710597992,-0.278277188539505,0.999651312828064,0.5578406453132629,0.14925217628479004,-0.11650319397449493,0.9997498989105225,0.4971140921115875,0.1483801305294037,-0.12557347118854523,0.999675452709198,0.541022002696991,0.18091335892677307,-0.24312274158000946,0.999886155128479,0.5161669850349426,0.17881980538368225,-0.24596257507801056,0.999839723110199,0.6183909177780151,0.32381904125213623,-0.04267103224992752,0.9999120831489563,0.4386630654335022,0.3166758716106415,-0.07978589832782745,0.9996241331100464,0.6258622407913208,0.5173625349998474,0.015309402719140053,0.9889929294586182,0.4233521521091461,0.526292085647583,-0.058807373046875,0.9911564588546753,0.6326630711555481,0.6931418776512146,-0.14407221972942352,0.9917120337486267,0.4112280309200287,0.7041789293289185,-0.18371443450450897,0.9835261702537537,0.6414288282394409,0.7578310370445251,-0.19852983951568604,0.9844805598258972,0.40434545278549194,0.7606719136238098,-0.23250004649162292,0.968021810054779,0.6318784356117249,0.756565272808075,-0.2535575032234192,0.9862400889396667,0.41453975439071655,0.7573629021644592,-0.28750401735305786,0.9721280336380005,0.6252220273017883,0.7415306568145752,-0.1695774495601654,0.9854638576507568,0.42025476694107056,0.7426547408103943,-0.2089906632900238,0.9725373387336731,0.572522759437561,0.7090100646018982,0.009788996540009975,0.9954726099967957,0.46658748388290405,0.7074331641197205,-0.00947022158652544,0.9943172931671143,0.5747576355934143,0.9590128064155579,-0.04793085902929306,0.7696663737297058,0.46242547035217285,0.9582404494285583,-0.007887326180934906,0.7309005856513977,0.5815876722335815,1.168294072151184,0.39787212014198303,0.15746277570724487,0.4617437720298767,1.1601940393447876,0.35869520902633667,0.18175148963928223,0.576926589012146,1.1902576684951782,0.4369591772556305,0.1467493623495102,0.4635462760925293,1.1867257356643677,0.39156651496887207,0.12147606164216995,0.5872759222984314,1.2592225074768066,0.2939833700656891,0.09411486983299255,0.46144694089889526,1.239984393119812,0.21711602807044983,0.10213881731033325
2026-04-30T18:49:44.617543,86,0.5319420099258423,0.15642693638801575,-0.31424298882484436,0.9999117851257324,0.542962908744812,0.13532093167304993,-0.28651630878448486,0.9997596144676208,0.5486775636672974,0.1363002508878708,-0.2866996228694916,0.999803364276886,0.5541104078292847,0.1372791826725006,-0.28680992126464844,0.9997738599777222,0.5238524675369263,0.13312023878097534,-0.2886154055595398,0.9997393488883972,0.5163769125938416,0.13293610513210297,-0.28863316774368286,0.9997537136077881,0.5097459554672241,0.133083313703537,-0.28878259658813477,0.9996691942214966,0.5583680868148804,0.14937998354434967,-0.1249053105711937,0.9997614026069641,0.49721559882164,0.14849846065044403,-0.1338614672422409,0.9996913075447083,0.5415459275245667,0.1815255582332611,-0.2536359131336212,0.9998928904533386,0.5166996717453003,0.17961543798446655,-0.2562216520309448,0.9998490810394287,0.6186915040016174,0.32397228479385376,-0.04804934188723564,0.9999160766601562,0.4386870265007019,0.31677278876304626,-0.0840497761964798,0.9996458292007446,0.6261247992515564,0.5183624625205994,0.01029626838862896,0.9892712831497192,0.42349773645401,0.5263946652412415,-0.06252852827310562,0.9912893772125244,0.6324857473373413,0.6950903534889221,-0.15439584851264954,0.992004930973053,0.41096049547195435,0.7048784494400024,-0.1924445480108261,0.9838834404945374,0.6410380601882935,0.7591537237167358,-0.21008546650409698,0.9850611090660095,0.4038647711277008,0.7611076235771179,-0.2416626662015915,0.968747615814209,0.6315051317214966,0.7579416036605835,-0.26588261127471924,0.9867425560951233,0.4146549105644226,0.7573813199996948,-0.29806649684906006,0.9726956486701965,0.6249977946281433,0.7428869009017944,-0.1803324967622757,0.9859628081321716,0.42057570815086365,0.742592453956604,-0.21850040555000305,0.9730306267738342,0.5725365281105042,0.7100058197975159,0.009750657714903355,0.995887041091919,0.4666263163089752,0.7081100344657898,-0.009430712088942528,0.9948396682739258,0.5746551752090454,0.9592122435569763,-0.04450612515211105,0.7690495252609253,0.4616628587245941,0.9585713744163513,-0.007791959680616856,0.7289644479751587,0.5811718702316284,1.16995370388031,0.4165521562099457,0.15184947848320007,0.45879822969436646,1.1612342596054077,0.3573281168937683,0.17607076466083527,0.5767572522163391,1.1918604373931885,0.4569876790046692,0.14141437411308289,0.45997506380081177,1.1877535581588745,0.3900262117385864,0.11706993728876114,0.5862604975700378,1.260087490081787,0.31213364005088806,0.08982803672552109,0.4592432379722595,1.240415096282959,0.21417224407196045,0.09820934385061264
2026-04-30T18:49:44.723343,87,0.5324283242225647,0.15636232495307922,-0.3163487911224365,0.999916136264801,0.5432361364364624,0.13530157506465912,-0.2883464992046356,0.9997743964195251,0.5489135980606079,0.1362857222557068,-0.2885279953479767,0.9998146891593933,0.5543466210365295,0.13726790249347687,-0.28864315152168274,0.9997879266738892,0.5242719054222107,0.13307029008865356,-0.29031023383140564,0.9997536540031433,0.516814649105072,0.1328752189874649,-0.2903110086917877,0.9997664093971252,0.510178804397583,0.13301841914653778,-0.2904549837112427,0.9996883869171143,0.558688223361969,0.14938054978847504,-0.12690703570842743,0.9997739195823669,0.49751657247543335,0.14848822355270386,-0.13565221428871155,0.9997076988220215,0.5419508218765259,0.18150153756141663,-0.25610071420669556,0.9998999238014221,0.5171765685081482,0.17955416440963745,-0.25847214460372925,0.9998587965965271,0.619053304195404,0.32397034764289856,-0.05100508779287338,0.9999198913574219,0.4390107989311218,0.31677788496017456,-0.08653130382299423,0.9996660351753235,0.6264413595199585,0.5183117389678955,0.007573795970529318,0.9894500374794006,0.4234315752983093,0.5260534286499023,-0.06567875295877457,0.9913058876991272,0.6325743198394775,0.6956585645675659,-0.1588834822177887,0.9922018647193909,0.41073814034461975,0.7048396468162537,-0.19584590196609497,0.9839411973953247,0.6411285400390625,0.7596345543861389,-0.21548578143119812,0.9854118824005127,0.40358829498291016,0.7615705132484436,-0.2467285841703415,0.9688763618469238,0.6311177015304565,0.7584228515625,-0.2710076868534088,0.9870312809944153,0.41467195749282837,0.7578538060188293,-0.302480012178421,0.972712516784668,0.6246964335441589,0.7433409094810486,-0.18456925451755524,0.9862183928489685,0.4205513596534729,0.7427588701248169,-0.2215331345796585,0.9729694724082947,0.572468101978302,0.7100919485092163,0.009708913043141365,0.9962529540061951,0.46662840247154236,0.7081281542778015,-0.009387043304741383,0.9953028559684753,0.5746819972991943,0.9593387842178345,-0.04573943465948105,0.7691311836242676,0.46127405762672424,0.9597153067588806,-0.010139177553355694,0.7290430068969727,0.5811581015586853,1.1728659868240356,0.40342646837234497,0.15011310577392578,0.45699626207351685,1.1624382734298706,0.3398910164833069,0.17501334846019745,0.5766897201538086,1.1954383850097656,0.44185870885849,0.13885948061943054,0.45840150117874146,1.1896593570709229,0.3705242872238159,0.11494419723749161,0.5865222215652466,1.262420415878296,0.2954510748386383,0.08779516071081161,0.45514950156211853,1.2411763668060303,0.1932193785905838,0.09697823226451874
2026-04-30T18:49:44.833556,88,0.5333518385887146,0.1553649753332138,-0.3200627565383911,0.9999184012413025,0.5435575246810913,0.13437268137931824,-0.29193589091300964,0.9997841119766235,0.5491635203361511,0.13532927632331848,-0.29211947321891785,0.9998216032981873,0.5545362830162048,0.13635128736495972,-0.2922336757183075,0.9997971653938293,0.5247493982315063,0.13242290914058685,-0.2939980626106262,0.9997622966766357,0.5172616243362427,0.13233283162117004,-0.2940017282962799,0.9997737407684326,0.5105544924736023,0.13258394598960876,-0.2941493093967438,0.9997010231018066,0.558722972869873,0.14905215799808502,-0.12860488891601562,0.9997810125350952,0.4976418912410736,0.14840663969516754,-0.13678614795207977,0.9997177124023438,0.5426642298698425,0.18097807466983795,-0.2590826749801636,0.9999051690101624,0.5183070302009583,0.17919786274433136,-0.26168495416641235,0.9998660087585449,0.6193751096725464,0.32396188378334045,-0.056391119956970215,0.9999220371246338,0.43931499123573303,0.3167206943035126,-0.0937284529209137,0.9996833205223083,0.626579225063324,0.51814866065979,0.007249432150274515,0.9894133806228638,0.42385023832321167,0.5258028507232666,-0.07285911589860916,0.9912970662117004,0.632507860660553,0.6949627995491028,-0.1581636667251587,0.992210865020752,0.41063037514686584,0.7041612267494202,-0.19812913239002228,0.9839535355567932,0.6409725546836853,0.7590588927268982,-0.21398663520812988,0.9854465126991272,0.4034556448459625,0.7610591053962708,-0.2490852326154709,0.9689484238624573,0.6311728954315186,0.7577897906303406,-0.26863232254981995,0.9870348572731018,0.4145122468471527,0.757289469242096,-0.3056635558605194,0.9726852178573608,0.6247272491455078,0.7425191402435303,-0.18320491909980774,0.9861864447593689,0.4203811585903168,0.7423213124275208,-0.22420816123485565,0.9728714823722839,0.5724910497665405,0.7100781202316284,0.009685610421001911,0.9965821504592896,0.46679434180259705,0.7081139087677002,-0.009361297823488712,0.9957217574119568,0.5749011039733887,0.9588687419891357,-0.04109073057770729,0.7686264514923096,0.4612610936164856,0.9595376253128052,-0.00479058688506484,0.7284408211708069,0.5816589593887329,1.1712948083877563,0.4113613963127136,0.14817804098129272,0.45701757073402405,1.1613247394561768,0.3490161597728729,0.17397454380989075,0.5770261287689209,1.1936277151107788,0.4504052698612213,0.13674980401992798,0.45849084854125977,1.1884111166000366,0.3806053698062897,0.113112673163414,0.5880264639854431,1.2608306407928467,0.3060568571090698,0.08612219244241714,0.45505785942077637,1.2401275634765625,0.2067958116531372,0.09591907262802124
2026-04-30T18:49:44.940012,89,0.5336106419563293,0.15536566078662872,-0.31975772976875305,0.9999197125434875,0.5437382459640503,0.13443787395954132,-0.2915380299091339,0.9997915029525757,0.5493141412734985,0.13541336357593536,-0.29171591997146606,0.9998266696929932,0.5546423196792603,0.13645894825458527,-0.2918332815170288,0.9998044967651367,0.5249959826469421,0.13250412046909332,-0.29391026496887207,0.9997681975364685,0.5174953937530518,0.1324356347322464,-0.2939050495624542,0.9997783303260803,0.5107743740081787,0.13271009922027588,-0.294056236743927,0.9997102618217468,0.5587230324745178,0.14944784343242645,-0.12888282537460327,0.9997852444648743,0.49769845604896545,0.14903703331947327,-0.13863064348697662,0.9997236132621765,0.5427993535995483,0.18097473680973053,-0.2590806782245636,0.9999092817306519,0.5184241533279419,0.17918895184993744,-0.26196351647377014,0.999871551990509,0.6193901300430298,0.3245426416397095,-0.0535673089325428,0.9999239444732666,0.43952709436416626,0.3169823884963989,-0.09385751187801361,0.9996972680091858,0.6266840696334839,0.5181023478507996,0.011695055291056633,0.9893893599510193,0.4240146279335022,0.5261748433113098,-0.07273708283901215,0.9912812113761902,0.6321240067481995,0.6951467394828796,-0.15011577308177948,0.9922773838043213,0.41069087386131287,0.7039769887924194,-0.19802840054035187,0.9841099381446838,0.6403854489326477,0.7593979239463806,-0.20649492740631104,0.9855769872665405,0.4033994674682617,0.7608301043510437,-0.24999132752418518,0.9692768454551697,0.6306419968605042,0.7581695914268494,-0.2608739137649536,0.9871339797973633,0.41456207633018494,0.7570570111274719,-0.30580487847328186,0.9729050397872925,0.6243096590042114,0.7428963780403137,-0.1749679297208786,0.9862436652183533,0.42055416107177734,0.7419666051864624,-0.22365625202655792,0.9729713201522827,0.5723970532417297,0.7102257609367371,0.009940272197127342,0.9968780875205994,0.4667898714542389,0.7082043886184692,-0.0096196960657835,0.996096134185791,0.574862539768219,0.9589250087738037,-0.046225883066654205,0.7672710418701172,0.46065443754196167,0.9613273739814758,-0.011005785316228867,0.7263006567955017,0.5817767381668091,1.1746772527694702,0.4036833345890045,0.14591579139232635,0.4538203775882721,1.1636829376220703,0.34348994493484497,0.17171519994735718,0.5771895051002502,1.1970980167388916,0.44226232171058655,0.1335419863462448,0.4547944962978363,1.191046953201294,0.3749295175075531,0.11004818975925446,0.5880560278892517,1.2636635303497314,0.29079705476760864,0.08415035903453827,0.45224976539611816,1.2418497800827026,0.19610971212387085,0.09423164278268814
2026-04-30T18:49:45.044972,90,0.5342016816139221,0.15531158447265625,-0.35546964406967163,0.9999163746833801,0.5440300703048706,0.13428513705730438,-0.3256548047065735,0.999788761138916,0.5494958758354187,0.1352565735578537,-0.3258413076400757,0.9998224377632141,0.5547388792037964,0.1363191455602646,-0.32596611976623535,0.9998022317886353,0.525452733039856,0.1324150413274765,-0.32939019799232483,0.9997621774673462,0.5179327726364136,0.13236702978610992,-0.32938382029533386,0.9997705817222595,0.5111271739006042,0.13266541063785553,-0.3295607566833496,0.9997051358222961,0.5586118698120117,0.14944379031658173,-0.15114234387874603,0.999775767326355,0.4978195130825043,0.14911633729934692,-0.16725581884384155,0.999713659286499,0.5430361032485962,0.18096569180488586,-0.2902899384498596,0.9999098777770996,0.5189019441604614,0.17917586863040924,-0.294802725315094,0.9998725652694702,0.6192810535430908,0.32482901215553284,-0.05946209281682968,0.9999221563339233,0.43953078985214233,0.31744787096977234,-0.11216263473033905,0.999702513217926,0.6266337633132935,0.5179506540298462,0.010323580354452133,0.9889182448387146,0.424119770526886,0.5270110964775085,-0.08656139671802521,0.9909415245056152,0.6312556862831116,0.6957361102104187,-0.15844960510730743,0.9919237494468689,0.4107409119606018,0.7037321925163269,-0.21878664195537567,0.9832847118377686,0.6394631862640381,0.7604435086250305,-0.21767809987068176,0.9849186539649963,0.4036712646484375,0.7604683041572571,-0.27389922738075256,0.9678775072097778,0.6298214197158813,0.7594983577728271,-0.274411141872406,0.986528754234314,0.41457611322402954,0.7567997574806213,-0.33105045557022095,0.9715710878372192,0.62350994348526,0.7442505359649658,-0.18456938862800598,0.9855058193206787,0.4205109477043152,0.7416045665740967,-0.24498793482780457,0.9714671969413757,0.5724049210548401,0.710303544998169,0.011395448818802834,0.9971023797988892,0.46676105260849,0.708214521408081,-0.01106320507824421,0.9963966012001038,0.5748714208602905,0.9588192105293274,-0.03279037028551102,0.7689235806465149,0.4598442018032074,0.961338222026825,-0.012251561507582664,0.7285993695259094,0.5817984938621521,1.174216389656067,0.4292375445365906,0.14929835498332977,0.4539121985435486,1.1639602184295654,0.3441925346851349,0.17592544853687286,0.5771620273590088,1.1967830657958984,0.46812328696250916,0.13520565629005432,0.45490914583206177,1.1913982629776,0.3755291700363159,0.11029105633497238,0.5886669158935547,1.262744426727295,0.3072265684604645,0.0859973132610321,0.4525419771671295,1.242170810699463,0.18930132687091827,0.09671968221664429
2026-04-30T18:49:45.152921,91,0.535936713218689,0.15503178536891937,-0.35093170404434204,0.9999185800552368,0.5449622869491577,0.1337718963623047,-0.32157450914382935,0.9997974038124084,0.5502899885177612,0.13469989597797394,-0.32176047563552856,0.9998290538787842,0.5553844571113586,0.1357586532831192,-0.3218822479248047,0.9998102784156799,0.5265597105026245,0.1319676786661148,-0.32493939995765686,0.9997707009315491,0.5189663767814636,0.13189001381397247,-0.3249373435974121,0.999778687953949,0.5118791460990906,0.13219644129276276,-0.3251059651374817,0.9997172355651855,0.5586165189743042,0.1492180973291397,-0.1501961648464203,0.9997827410697937,0.4979028105735779,0.14891961216926575,-0.16614684462547302,0.9997246265411377,0.5439823269844055,0.18079210817813873,-0.28724825382232666,0.9999139904975891,0.5202052593231201,0.1790751963853836,-0.29152750968933105,0.9998785853385925,0.6192559003829956,0.32516714930534363,-0.06253276765346527,0.9999234676361084,0.43936625123023987,0.3176403343677521,-0.11371046304702759,0.9997137784957886,0.6267105340957642,0.5178670287132263,0.006701568607240915,0.9890642166137695,0.4240500330924988,0.5279134511947632,-0.0920088067650795,0.9911139607429504,0.6311081051826477,0.6964362859725952,-0.1601644903421402,0.9919906854629517,0.4103754162788391,0.704408586025238,-0.2252373993396759,0.9835789203643799,0.6390324234962463,0.7603934407234192,-0.21923339366912842,0.9850571751594543,0.4032770097255707,0.7609508037567139,-0.27999985218048096,0.9684274792671204,0.629271388053894,0.759304404258728,-0.274954229593277,0.9866406321525574,0.41428661346435547,0.7571375370025635,-0.3359934985637665,0.9720228314399719,0.6230450868606567,0.7443552613258362,-0.18563729524612427,0.9856327772140503,0.4201947748661041,0.741959273815155,-0.2509235441684723,0.9718777537345886,0.5723477005958557,0.7105509042739868,0.011370228603482246,0.9973435401916504,0.4666714668273926,0.7086614966392517,-0.01103934459388256,0.9966998100280762,0.5749601721763611,0.9586920142173767,-0.03357268124818802,0.7673486471176147,0.4593421518802643,0.9613455533981323,-0.01215833704918623,0.7264694571495056,0.5829244256019592,1.1753486394882202,0.4231041967868805,0.14493428170681,0.4539145827293396,1.165756106376648,0.3442021906375885,0.17184896767139435,0.5786206126213074,1.19801926612854,0.46149396896362305,0.1311078518629074,0.454937219619751,1.1934642791748047,0.3755365014076233,0.10718385875225067,0.5895758867263794,1.2639789581298828,0.304464727640152,0.0828804224729538,0.45258527994155884,1.2437732219696045,0.18983525037765503,0.09385792911052704
2026-04-30T18:49:45.263899,92,0.5366223454475403,0.15502947568893433,-0.34867721796035767,0.9999173283576965,0.5452404618263245,0.1337222158908844,-0.3195195496082306,0.9997991323471069,0.5504814386367798,0.13463416695594788,-0.31970417499542236,0.9998289346694946,0.5555070042610168,0.13568797707557678,-0.31982123851776123,0.9998120069503784,0.5269699096679688,0.13194790482521057,-0.3224855959415436,0.999771237373352,0.5193623304367065,0.13187158107757568,-0.322485089302063,0.9997777938842773,0.5121909976005554,0.13218197226524353,-0.3226497173309326,0.9997199773788452,0.558489978313446,0.1491660475730896,-0.14974497258663177,0.9997803568840027,0.49791988730430603,0.14891885221004486,-0.1647825539112091,0.999725341796875,0.5443522930145264,0.1807815432548523,-0.2857961654663086,0.9999154806137085,0.5208477973937988,0.1790751814842224,-0.28942275047302246,0.9998813271522522,0.6191142201423645,0.3250809907913208,-0.061767660081386566,0.9999224543571472,0.4393382668495178,0.31768566370010376,-0.11351560056209564,0.9997208118438721,0.6266564130783081,0.5175525546073914,0.006493009626865387,0.9886194467544556,0.42392975091934204,0.5278480052947998,-0.09223465621471405,0.991043746471405,0.6305133104324341,0.696574866771698,-0.15923331677913666,0.9916468262672424,0.410064697265625,0.7041053771972656,-0.22344174981117249,0.9832741618156433,0.6383345723152161,0.7603551745414734,-0.21720394492149353,0.98444664478302,0.40294599533081055,0.7606140375137329,-0.2777459919452667,0.9678633213043213,0.6285518407821655,0.7591515779495239,-0.27223771810531616,0.9860728979110718,0.413865327835083,0.7567862272262573,-0.3341594934463501,0.9714654088020325,0.6223318576812744,0.7443522810935974,-0.18456295132637024,0.9849938750267029,0.4197651445865631,0.741641104221344,-0.24927189946174622,0.9712105393409729,0.572296142578125,0.7105578184127808,0.012103905901312828,0.9975326657295227,0.4665115773677826,0.7087148427963257,-0.011773052625358105,0.9969509243965149,0.5749692320823669,0.9583443403244019,-0.03350994735956192,0.76666259765625,0.4591817259788513,0.9613465070724487,-0.014659690670669079,0.7259691953659058,0.5832253694534302,1.1748547554016113,0.4197678565979004,0.14487983286380768,0.4540069103240967,1.166036605834961,0.332510769367218,0.17269682884216309,0.5787954926490784,1.197538137435913,0.45804113149642944,0.13012275099754333,0.4550851285457611,1.1936982870101929,0.3626583218574524,0.10569613426923752,0.5903943777084351,1.2635983228683472,0.30275216698646545,0.08261703699827194,0.4530063569545746,1.2443993091583252,0.17433126270771027,0.09403730183839798
2026-04-30T18:49:45.368375,93,0.5351940989494324,0.1567530781030655,-0.3732321858406067,0.9999172687530518,0.5446083545684814,0.1342930942773819,-0.3434932827949524,0.9998036623001099,0.5499477982521057,0.13519412279129028,-0.3436850309371948,0.999830961227417,0.5550578832626343,0.13621433079242706,-0.3438090980052948,0.999815821647644,0.5260347127914429,0.13252882659435272,-0.3468429446220398,0.999774694442749,0.5185333490371704,0.13244491815567017,-0.3468345105648041,0.999779224395752,0.5115709900856018,0.1327207386493683,-0.3470095992088318,0.9997252225875854,0.5582735538482666,0.14934642612934113,-0.16560813784599304,0.9997810125350952,0.4974566400051117,0.14909332990646362,-0.1811869889497757,0.9997289776802063,0.543772280216217,0.18222565948963165,-0.3065575957298279,0.999918520450592,0.5195823907852173,0.18067003786563873,-0.31074586510658264,0.9998860955238342,0.6186476945877075,0.3255278170108795,-0.06705259531736374,0.9999227523803711,0.4386935234069824,0.3178656995296478,-0.11978912353515625,0.9997279644012451,0.6264868974685669,0.5175856947898865,0.00620004627853632,0.9882888197898865,0.42246779799461365,0.5277879238128662,-0.0963556244969368,0.9909271001815796,0.6303302645683289,0.6974896192550659,-0.1708410233259201,0.9914758801460266,0.40980806946754456,0.7038869261741638,-0.2398771494626999,0.9829437732696533,0.6383217573165894,0.7604725360870361,-0.23183676600456238,0.9841070771217346,0.40280136466026306,0.7604376077651978,-0.2970889210700989,0.9672266244888306,0.628581702709198,0.7592615485191345,-0.2897346615791321,0.9857557415962219,0.41380566358566284,0.7566236853599548,-0.353416383266449,0.970837414264679,0.622273862361908,0.7447356581687927,-0.19752520322799683,0.9845743179321289,0.4196276068687439,0.74151211977005,-0.26574641466140747,0.9704034924507141,0.5721498727798462,0.7107809782028198,0.012297013774514198,0.9977041482925415,0.4660227298736572,0.7092376351356506,-0.011955572292208672,0.9971723556518555,0.5752177238464355,0.9585227370262146,-0.03387542814016342,0.7674626708030701,0.4583866000175476,0.9617686867713928,-0.015012879855930805,0.728285551071167,0.5838388204574585,1.1753157377243042,0.4220291078090668,0.14713354408740997,0.45291465520858765,1.1674646139144897,0.3403570353984833,0.17586258053779602,0.579318642616272,1.1981048583984375,0.46058616042137146,0.13103251159191132,0.45398396253585815,1.1947224140167236,0.3717935085296631,0.10539160668849945,0.59134840965271,1.264086127281189,0.3016055226325989,0.08406618982553482,0.45279064774513245,1.24677312374115,0.1767638623714447,0.09564913064241409
2026-04-30T18:49:45.492484,94,0.5325362682342529,0.15675798058509827,-0.34614938497543335,0.9999178647994995,0.5429837703704834,0.13434913754463196,-0.3166220784187317,0.9998086094856262,0.5485786199569702,0.13525986671447754,-0.3168089985847473,0.999834418296814,0.5538078546524048,0.13629361987113953,-0.3169246315956116,0.999820351600647,0.5237783789634705,0.13259340822696686,-0.319637656211853,0.9997795820236206,0.5165940523147583,0.13251954317092896,-0.3196600675582886,0.9997838139533997,0.5099921822547913,0.1328032910823822,-0.31983429193496704,0.999733030796051,0.557269811630249,0.14948533475399017,-0.14240145683288574,0.9997837543487549,0.4968586564064026,0.14911900460720062,-0.15579745173454285,0.9997371435165405,0.5421286821365356,0.18229033052921295,-0.28066620230674744,0.9999207258224487,0.5171501040458679,0.18069317936897278,-0.284421443939209,0.9998896718025208,0.6172707676887512,0.3260016143321991,-0.048599887639284134,0.9999231696128845,0.4372040629386902,0.3185707926750183,-0.10318367183208466,0.9997373819351196,0.6261069774627686,0.5173940062522888,0.021972883492708206,0.9883469939231873,0.4211803376674652,0.5278056859970093,-0.07424114644527435,0.9911401867866516,0.6300894021987915,0.6972389817237854,-0.1462656855583191,0.9915000200271606,0.40961846709251404,0.7038410902023315,-0.2006317675113678,0.9833632111549377,0.6384666562080383,0.7601818442344666,-0.20355837047100067,0.9842230081558228,0.4027097821235657,0.7606863379478455,-0.2532161474227905,0.9679154753684998,0.6286988854408264,0.7589590549468994,-0.25861355662345886,0.9858484864234924,0.4139682352542877,0.7568995952606201,-0.30649977922439575,0.9714271426200867,0.6221863627433777,0.7444303035736084,-0.17165015637874603,0.9846891760826111,0.41976243257522583,0.7417830228805542,-0.22460225224494934,0.9709770083427429,0.5716596245765686,0.7116323113441467,0.013717444613575935,0.9978917241096497,0.4649435579776764,0.709625244140625,-0.013389105908572674,0.9974064230918884,0.5752907395362854,0.9602357745170593,-0.05882483720779419,0.7617777585983276,0.45768865942955017,0.9622856378555298,-0.03947912156581879,0.7230509519577026,0.5837547183036804,1.1795705556869507,0.40738552808761597,0.13936834037303925,0.4523778557777405,1.1702706813812256,0.3388913869857788,0.1665794998407364,0.5792914032936096,1.2020615339279175,0.447808176279068,0.12401407957077026,0.4529007077217102,1.1963988542556763,0.3716326057910919,0.09938342869281769,0.5909279584884644,1.2685328722000122,0.29073822498321533,0.07928011566400528,0.45352721214294434,1.2493929862976074,0.17729054391384125,0.09029727429151535
2026-04-30T18:49:45.596421,95,0.5319453477859497,0.15675073862075806,-0.33085185289382935,0.9999163746833801,0.5423368215560913,0.1342363953590393,-0.30135124921798706,0.9998078942298889,0.5479069948196411,0.13513845205307007,-0.30156248807907104,0.9998340010643005,0.5531041622161865,0.13619384169578552,-0.30168667435646057,0.9998204112052917,0.5235574841499329,0.13255958259105682,-0.3042075037956238,0.9997772574424744,0.5164968967437744,0.1325046867132187,-0.30423876643180847,0.9997822046279907,0.5099688768386841,0.13279934227466583,-0.3044184744358063,0.9997323155403137,0.5559579730033875,0.14945769309997559,-0.13139836490154266,0.9997812509536743,0.49679550528526306,0.14909283816814423,-0.14349696040153503,0.9997368454933167,0.5411590337753296,0.18196836113929749,-0.26727190613746643,0.9999200105667114,0.5168221592903137,0.180372953414917,-0.2707211375236511,0.9998886585235596,0.6155065298080444,0.3259996175765991,-0.04733347147703171,0.9999231100082397,0.43600478768348694,0.3185848891735077,-0.09583885967731476,0.9997419118881226,0.6255813837051392,0.5173541307449341,0.019786164164543152,0.9885398745536804,0.4209728240966797,0.5277614593505859,-0.070360466837883,0.9913065433502197,0.6281642913818359,0.6977642774581909,-0.14663973450660706,0.991553783416748,0.4087788462638855,0.7049564123153687,-0.1940060555934906,0.9837090373039246,0.6372796297073364,0.7603606581687927,-0.2052212953567505,0.9844711422920227,0.4026258885860443,0.7622291445732117,-0.24639630317687988,0.9685894250869751,0.6263522505760193,0.7588914036750793,-0.2598366141319275,0.986066997051239,0.4139316976070404,0.7584608197212219,-0.30007410049438477,0.9720133543014526,0.619681715965271,0.7443994283676147,-0.17245452105998993,0.9849740266799927,0.41945329308509827,0.7435862421989441,-0.2182711809873581,0.9716113209724426,0.5711519718170166,0.7120383977890015,0.013670663349330425,0.998065710067749,0.4637008607387543,0.7096908688545227,-0.013344094157218933,0.997620165348053,0.5741292238235474,0.9613918662071228,-0.06826043874025345,0.7537956237792969,0.45708900690078735,0.9622913599014282,-0.03626786917448044,0.7157482504844666,0.58348548412323,1.186509370803833,0.38935568928718567,0.1304052174091339,0.45194751024246216,1.1735316514968872,0.33902454376220703,0.15630216896533966,0.5792834162712097,1.209547519683838,0.42910298705101013,0.11619342863559723,0.4521113932132721,1.2001075744628906,0.37219032645225525,0.09350889921188354,0.5895518064498901,1.2751187086105347,0.27521082758903503,0.07374853640794754,0.4535529613494873,1.251632571220398,0.18545252084732056,0.08438756316900253
2026-04-30T18:49:45.702562,96,0.5310132503509521,0.1570558398962021,-0.35704660415649414,0.9999138712882996,0.5405522584915161,0.13429509103298187,-0.32870060205459595,0.9998050332069397,0.546143114566803,0.13515043258666992,-0.3289121985435486,0.9998300075531006,0.5513210296630859,0.13619229197502136,-0.32905343174934387,0.9998183250427246,0.5218020081520081,0.13302694261074066,-0.33134379982948303,0.9997720718383789,0.5150251388549805,0.13320861756801605,-0.33132368326187134,0.9997738003730774,0.5086311101913452,0.1337474137544632,-0.33149367570877075,0.9997257590293884,0.5539351105690002,0.14945413172245026,-0.1606539785861969,0.9997737407684326,0.4951968193054199,0.14942139387130737,-0.17198996245861053,0.999725341796875,0.5404237508773804,0.18206383287906647,-0.29403701424598694,0.9999200701713562,0.5162267684936523,0.18092533946037292,-0.29703956842422485,0.9998895525932312,0.6136294603347778,0.32587629556655884,-0.08167197555303574,0.9999225735664368,0.4342588782310486,0.3185880780220032,-0.11031222343444824,0.9997373819351196,0.6226937770843506,0.5169861316680908,-0.03433554619550705,0.9878088235855103,0.41973963379859924,0.5277306437492371,-0.09271137416362762,0.9905455112457275,0.624634861946106,0.6988452672958374,-0.2204708755016327,0.9909083247184753,0.406258761882782,0.7052122950553894,-0.22872237861156464,0.9815002679824829,0.6340721845626831,0.7610048651695251,-0.2843828797340393,0.9834085702896118,0.40142446756362915,0.7623386383056641,-0.28435856103897095,0.9650371074676514,0.6228935718536377,0.7592005133628845,-0.3399485945701599,0.9850713014602661,0.41304558515548706,0.7585229277610779,-0.3400591313838959,0.9687440991401672,0.6162722706794739,0.7448408007621765,-0.24698734283447266,0.9838242530822754,0.4180850088596344,0.7437314987182617,-0.25485771894454956,0.9683722853660583,0.570245087146759,0.7119740843772888,0.009597305208444595,0.9981305599212646,0.4627766013145447,0.7093287706375122,-0.009191097691655159,0.9977132081985474,0.5731146931648254,0.96091228723526,-0.03894854336977005,0.7588862776756287,0.45708879828453064,0.9605992436408997,0.018307354301214218,0.718585193157196,0.5823221206665039,1.1783064603805542,0.38455072045326233,0.13961246609687805,0.4541935324668884,1.1680583953857422,0.350659042596817,0.16619673371315002,0.578136146068573,1.2017509937286377,0.41882652044296265,0.12146805971860886,0.45608949661254883,1.1963742971420288,0.3794805407524109,0.09925318509340286,0.5874709486961365,1.2687908411026,0.25771063566207886,0.07882791012525558,0.4534028470516205,1.2472854852676392,0.1908847838640213,0.09043411910533905
2026-04-30T18:49:45.813384,97,0.5268030166625977,0.15709270536899567,-0.3941750228404999,0.9999104142189026,0.5366319417953491,0.13415463268756866,-0.3664700984954834,0.9997996687889099,0.5424102544784546,0.13491922616958618,-0.3666688799858093,0.9998237490653992,0.5477489829063416,0.1358788013458252,-0.3667907118797302,0.9998131990432739,0.5181732177734375,0.13296538591384888,-0.3683394491672516,0.9997645616531372,0.5117830634117126,0.1331271082162857,-0.36832156777381897,0.999764084815979,0.5055060386657715,0.13364319503307343,-0.36849355697631836,0.9997168183326721,0.5506249666213989,0.14895156025886536,-0.1969306319952011,0.9997625946998596,0.4930244982242584,0.1489102840423584,-0.20614734292030334,0.9997113943099976,0.5365114808082581,0.18207477033138275,-0.33070987462997437,0.9999200701713562,0.513084352016449,0.18093964457511902,-0.33297136425971985,0.9998906850814819,0.6100766658782959,0.32509148120880127,-0.10989631712436676,0.9999209642410278,0.4305313527584076,0.318697988986969,-0.1363581120967865,0.9997329711914062,0.619977593421936,0.5168164968490601,-0.05274580046534538,0.987382709980011,0.417350709438324,0.5282666683197021,-0.11682572215795517,0.9897761940956116,0.62241131067276,0.7010636925697327,-0.23627281188964844,0.9904040098190308,0.4034358859062195,0.7065507173538208,-0.25943082571029663,0.9790926575660706,0.6306753754615784,0.7617777585983276,-0.2997093200683594,0.9825032949447632,0.4000449776649475,0.7631383538246155,-0.31653469800949097,0.9612792730331421,0.6191292405128479,0.759516716003418,-0.3561680018901825,0.9842419624328613,0.41223400831222534,0.7592366933822632,-0.3725523352622986,0.9653157591819763,0.6130844354629517,0.7454977035522461,-0.26282641291618347,0.9828757643699646,0.416853666305542,0.7446076273918152,-0.2858964800834656,0.9649706482887268,0.5692545771598816,0.7114125490188599,0.008747677318751812,0.9981909394264221,0.46103429794311523,0.7084972858428955,-0.00831959955394268,0.997803807258606,0.5707888603210449,0.9594005942344666,-0.00431219395250082,0.7601251006126404,0.457113116979599,0.9581525921821594,0.03312814235687256,0.7197506427764893,0.5790165662765503,1.1680353879928589,0.4089144170284271,0.14678877592086792,0.4551422595977783,1.161604404449463,0.36494705080986023,0.17490926384925842,0.5746169686317444,1.1913968324661255,0.44179338216781616,0.1286812424659729,0.4574435353279114,1.1898303031921387,0.3930519223213196,0.10502836108207703,0.5846495032310486,1.258311152458191,0.2811564803123474,0.08366497606039047,0.45342880487442017,1.2417353391647339,0.20389814674854279,0.09536454826593399
2026-04-30T18:49:45.918469,98,0.5225543975830078,0.15704509615898132,-0.39626345038414,0.9999103546142578,0.5323055386543274,0.13334302604198456,-0.36802470684051514,0.999801754951477,0.5387228727340698,0.1338959038257599,-0.3682181239128113,0.9998247623443604,0.5444375276565552,0.1346939355134964,-0.36833927035331726,0.9998148679733276,0.5125997066497803,0.13259419798851013,-0.37042319774627686,0.9997656941413879,0.5060869455337524,0.13285155594348907,-0.37040942907333374,0.9997641444206238,0.49970316886901855,0.1334758847951889,-0.3705825209617615,0.9997183084487915,0.5478535890579224,0.1475146859884262,-0.19607239961624146,0.9997623562812805,0.4892449975013733,0.14859849214553833,-0.20740409195423126,0.9997116327285767,0.5338011384010315,0.18212217092514038,-0.33173564076423645,0.9999221563339233,0.5097322463989258,0.18119236826896667,-0.3346427083015442,0.9998943209648132,0.607803463935852,0.32481566071510315,-0.10453297197818756,0.9999209642410278,0.4278663098812103,0.3191867470741272,-0.14149203896522522,0.9997333884239197,0.6159331202507019,0.5167743563652039,-0.04418019950389862,0.9870331883430481,0.41558417677879333,0.5297449827194214,-0.12709267437458038,0.9894641637802124,0.6206362247467041,0.7018210887908936,-0.228208988904953,0.9902486801147461,0.4024338722229004,0.7085016369819641,-0.2761390805244446,0.9782037138938904,0.6286581158638,0.7622787952423096,-0.29136666655540466,0.9821802973747253,0.3994377553462982,0.7647736072540283,-0.33521848917007446,0.959744930267334,0.6173408627510071,0.7596718668937683,-0.34866681694984436,0.983955979347229,0.4121156334877014,0.7608077526092529,-0.38892072439193726,0.963894248008728,0.6114413738250732,0.7457099556922913,-0.25513243675231934,0.9825129508972168,0.41659975051879883,0.7459637522697449,-0.3015748858451843,0.9634711146354675,0.5686479210853577,0.7112553119659424,0.008741745725274086,0.9982630014419556,0.4604080617427826,0.7085735201835632,-0.008314305916428566,0.9979031085968018,0.5693870782852173,0.9583320021629333,0.006602258887141943,0.7608485221862793,0.4571383595466614,0.9580028653144836,0.035658325999975204,0.7188887000083923,0.5785989761352539,1.165907621383667,0.4383113980293274,0.15186665952205658,0.4566897451877594,1.1619468927383423,0.3739323019981384,0.18079029023647308,0.5744869112968445,1.188954472541809,0.47393885254859924,0.1336379498243332,0.45909595489501953,1.1898419857025146,0.40265583992004395,0.1079736202955246,0.5836039781570435,1.256182312965393,0.3122176229953766,0.08752579987049103,0.45639076828956604,1.2421457767486572,0.21011297404766083,0.09886974096298218
2026-04-30T18:49:46.024956,99,0.5199858546257019,0.15686766803264618,-0.38796716928482056,0.9999123811721802,0.5301197171211243,0.13286685943603516,-0.35922345519065857,0.9998076558113098,0.5367433428764343,0.13337785005569458,-0.3594203591346741,0.9998289942741394,0.5425301790237427,0.13415680825710297,-0.3595467209815979,0.9998200535774231,0.5098997354507446,0.13220001757144928,-0.361499160528183,0.999771773815155,0.5032954216003418,0.1324663907289505,-0.36148691177368164,0.999769389629364,0.49678412079811096,0.13314016163349152,-0.3616558909416199,0.9997262954711914,0.5463247299194336,0.14702603220939636,-0.18848465383052826,0.9997670650482178,0.48696598410606384,0.14816704392433167,-0.19947050511837006,0.9997177124023438,0.5317771434783936,0.18212513625621796,-0.32415032386779785,0.9999253153800964,0.5071022510528564,0.18123658001422882,-0.3270066976547241,0.9998990893363953,0.6052645444869995,0.32482463121414185,-0.1035931259393692,0.9999215602874756,0.4255438446998596,0.31940558552742004,-0.13522455096244812,0.9997347593307495,0.6144715547561646,0.5170230865478516,-0.04680251702666283,0.9868288040161133,0.4129122197628021,0.5302534699440002,-0.11814018338918686,0.9891611933708191,0.6202316284179688,0.7027393579483032,-0.23356294631958008,0.9900593757629395,0.40008339285850525,0.7093632817268372,-0.263679563999176,0.9775311946868896,0.6279439330101013,0.7627431750297546,-0.29721492528915405,0.9818265438079834,0.3977157473564148,0.765575647354126,-0.3209725022315979,0.958598256111145,0.6164989471435547,0.7598304748535156,-0.3532828688621521,0.983627200126648,0.4107973575592041,0.761307954788208,-0.3747064173221588,0.9628297686576843,0.6106547713279724,0.7459108233451843,-0.2599564790725708,0.9821406006813049,0.4149605631828308,0.7463115453720093,-0.28895673155784607,0.962381899356842,0.5680371522903442,0.711283802986145,0.004578767344355583,0.9983291625976562,0.45941123366355896,0.7086751461029053,-0.004167462699115276,0.9979847073554993,0.5685427188873291,0.9583479166030884,0.0049813431687653065,0.7615932822227478,0.4570092558860779,0.9580583572387695,0.02823951467871666,0.7174015641212463,0.578222393989563,1.1666115522384644,0.43042317032814026,0.15476730465888977,0.4569636881351471,1.1623815298080444,0.36925235390663147,0.18498475849628448,0.5745262503623962,1.1896374225616455,0.4665183126926422,0.13551566004753113,0.45950061082839966,1.1903232336044312,0.3985823392868042,0.1103607788681984,0.5817023515701294,1.2565712928771973,0.3069123923778534,0.08945302665233612,0.45661234855651855,1.2434769868850708,0.20813782513141632,0.10128212720155716
2026-04-30T18:49:46.133782,100,0.520706057548523,0.15726447105407715,-0.3997114300727844,0.9999094605445862,0.5302774310112,0.13287842273712158,-0.36991408467292786,0.9998044967651367,0.5365110039710999,0.1333785504102707,-0.37011951208114624,0.999825119972229,0.5419467687606812,0.1341511756181717,-0.37025973200798035,0.9998170733451843,0.5105735063552856,0.13228030502796173,-0.3751487135887146,0.9997661709785461,0.5039106011390686,0.13256676495075226,-0.37513840198516846,0.9997622966766357,0.4973531663417816,0.13324421644210815,-0.3753090798854828,0.9997192621231079,0.5445788502693176,0.14691567420959473,-0.1901555359363556,0.9997613430023193,0.4860728681087494,0.1481514275074005,-0.2138543426990509,0.9997093677520752,0.5317474007606506,0.18251046538352966,-0.3317640423774719,0.9999256134033203,0.507506251335144,0.1821228712797165,-0.33843913674354553,0.9998999238014221,0.6026349663734436,0.32388874888420105,-0.09830059856176376,0.9999209642410278,0.4239935278892517,0.3194109797477722,-0.14180058240890503,0.9997304081916809,0.6127933263778687,0.516644299030304,-0.043801285326480865,0.9862644076347351,0.41208967566490173,0.5303965210914612,-0.12127236276865005,0.9887115955352783,0.6195918321609497,0.7025993466377258,-0.2234082967042923,0.9896222352981567,0.39954012632369995,0.7092947363853455,-0.26927608251571655,0.9760286808013916,0.6272579431533813,0.7626942992210388,-0.28662532567977905,0.9810073971748352,0.39716285467147827,0.7655521035194397,-0.32793742418289185,0.9561743140220642,0.6154772043228149,0.7597871422767639,-0.3441632390022278,0.982909619808197,0.41005581617355347,0.7613420486450195,-0.38299956917762756,0.9606325626373291,0.6095775961875916,0.745871901512146,-0.2503054141998291,0.9812911152839661,0.41414132714271545,0.7463791966438293,-0.29508376121520996,0.9600495100021362,0.56784588098526,0.7108451128005981,0.005840998142957687,0.998354434967041,0.4590180814266205,0.7086465954780579,-0.005394977517426014,0.9980297088623047,0.5683960914611816,0.9573544263839722,-0.001307725440710783,0.7621861100196838,0.4565519392490387,0.957699716091156,0.023693585768342018,0.7164753079414368,0.5782285928726196,1.1665518283843994,0.4429178237915039,0.15849758684635162,0.45659440755844116,1.162732481956482,0.36701372265815735,0.1902984380722046,0.5744861364364624,1.189526915550232,0.48022913932800293,0.1389339119195938,0.4590412974357605,1.1907672882080078,0.3947660028934479,0.1124722957611084,0.5818620324134827,1.2566128969192505,0.3160262703895569,0.09226421266794205,0.45660632848739624,1.2443444728851318,0.1910971850156784,0.10447916388511658
2026-04-30T18:49:46.245757,101,0.5203914642333984,0.15714304149150848,-0.39838913083076477,0.999906063079834,0.5298398733139038,0.1328582614660263,-0.36864230036735535,0.9997994303703308,0.5359295010566711,0.13336379826068878,-0.36884716153144836,0.9998193979263306,0.5413011312484741,0.1341429501771927,-0.36898353695869446,0.9998119473457336,0.5105382204055786,0.13225291669368744,-0.37349703907966614,0.9997600317001343,0.5039105415344238,0.13254223763942719,-0.37349560856819153,0.999755322933197,0.4974415898323059,0.13322441279888153,-0.3736741542816162,0.9997133016586304,0.5441285371780396,0.14691616594791412,-0.18872150778770447,0.9997515082359314,0.4854939579963684,0.14814776182174683,-0.21102938055992126,0.999701201915741,0.5308114290237427,0.18238075077533722,-0.3305603861808777,0.9999248385429382,0.5068352222442627,0.18198759853839874,-0.336790531873703,0.9999001622200012,0.6019548773765564,0.3237091600894928,-0.09542455524206161,0.9999186992645264,0.4231792092323303,0.3195817768573761,-0.140046164393425,0.9997292160987854,0.6125985980033875,0.5159480571746826,-0.04292295128107071,0.9856597781181335,0.41108065843582153,0.5309340357780457,-0.11910226196050644,0.9883943200111389,0.6193897724151611,0.7024878263473511,-0.21836352348327637,0.9889479875564575,0.39882892370224,0.7096366882324219,-0.26552101969718933,0.9747059941291809,0.6268748044967651,0.7626401782035828,-0.28079259395599365,0.9797829985618591,0.39654505252838135,0.7657711505889893,-0.3232651352882385,0.9539266228675842,0.6153791546821594,0.7595768570899963,-0.3378323018550873,0.9818210601806641,0.40952038764953613,0.7615541815757751,-0.3785577118396759,0.9586127996444702,0.60958331823349,0.7456932067871094,-0.245011568069458,0.9800556302070618,0.41362205147743225,0.7466463446617126,-0.2913089990615845,0.957920491695404,0.5670536756515503,0.7104817628860474,0.00698190787807107,0.9983481764793396,0.4583981931209564,0.7089225649833679,-0.00653045391663909,0.9980484247207642,0.5682013630867004,0.9554902911186218,-0.007264093495905399,0.7621908783912659,0.45650187134742737,0.9578746557235718,0.011008596047759056,0.7159633040428162,0.5791376829147339,1.166892170906067,0.43644481897354126,0.1619919240474701,0.4563674032688141,1.1648057699203491,0.33754903078079224,0.1953405886888504,0.5752459168434143,1.1898740530014038,0.4740568697452545,0.14150872826576233,0.45865875482559204,1.193113088607788,0.36410704255104065,0.11413412541151047,0.5838369131088257,1.2568625211715698,0.31371721625328064,0.09476073831319809,0.4568142294883728,1.246126651763916,0.15880689024925232,0.1075461208820343
2026-04-30T18:49:46.351476,102,0.5206279158592224,0.15713725984096527,-0.38165444135665894,0.9999067187309265,0.5302212238311768,0.1327098160982132,-0.352737158536911,0.9998025894165039,0.5362545847892761,0.1332116574048996,-0.35292848944664,0.9998214840888977,0.5414973497390747,0.1339903175830841,-0.35306453704833984,0.9998147487640381,0.5107365846633911,0.1321139931678772,-0.3591846823692322,0.999764084815979,0.5041825175285339,0.13240666687488556,-0.3591892123222351,0.9997589588165283,0.4977095127105713,0.13309712707996368,-0.35936278104782104,0.9997192025184631,0.5436508655548096,0.14677949249744415,-0.17903025448322296,0.999753475189209,0.4856663644313812,0.14809608459472656,-0.20972076058387756,0.9997068047523499,0.5311077833175659,0.18238332867622375,-0.31608742475509644,0.9999262690544128,0.5069845914840698,0.1820135861635208,-0.32461458444595337,0.9999030232429504,0.6021014451980591,0.32368481159210205,-0.09285817295312881,0.99991774559021,0.42333120107650757,0.31961503624916077,-0.1395283341407776,0.9997310042381287,0.612745463848114,0.5151789784431458,-0.041065771132707596,0.9852456450462341,0.41070669889450073,0.5309759378433228,-0.11847208440303802,0.9884474277496338,0.6190858483314514,0.702417254447937,-0.21179041266441345,0.9886722564697266,0.39851897954940796,0.709591269493103,-0.25033801794052124,0.9745609164237976,0.626828670501709,0.7624544501304626,-0.2722570300102234,0.9792796969413757,0.3962610065937042,0.7657371163368225,-0.3036555051803589,0.9535351395606995,0.6153539419174194,0.7592278718948364,-0.32656747102737427,0.9813648462295532,0.40929311513900757,0.7615324854850769,-0.3542715311050415,0.958250105381012,0.6094477772712708,0.7453720569610596,-0.23716993629932404,0.9795345067977905,0.41333502531051636,0.7466110587120056,-0.27357813715934753,0.9574909210205078,0.5668896436691284,0.7104493379592896,0.007069475948810577,0.9983740448951721,0.45826810598373413,0.7089430689811707,-0.006621663924306631,0.9981026649475098,0.567491888999939,0.9548215270042419,-0.010182627476751804,0.7612104415893555,0.45615720748901367,0.9580658078193665,0.009645013138651848,0.7126855254173279,0.5783658623695374,1.1670880317687988,0.42827755212783813,0.16312967240810394,0.45454859733581543,1.1675447225570679,0.3236789107322693,0.19714544713497162,0.574698805809021,1.1900346279144287,0.46455317735671997,0.14251847565174103,0.4564233720302582,1.1958972215652466,0.34986042976379395,0.113907590508461,0.5824183225631714,1.2570570707321167,0.31140607595443726,0.09576413780450821,0.4559102952480316,1.2487283945083618,0.15373139083385468,0.10837363451719284
2026-04-30T18:49:46.456856,103,0.5201890468597412,0.1571374088525772,-0.36272498965263367,0.999907374382019,0.5299719572067261,0.13286766409873962,-0.3351621925830841,0.9998047351837158,0.5359662175178528,0.13338859379291534,-0.33534660935401917,0.9998226761817932,0.5412330627441406,0.13420654833316803,-0.3354859948158264,0.9998166561126709,0.5105005502700806,0.13232944905757904,-0.33843666315078735,0.9997662305831909,0.5039128065109253,0.13267076015472412,-0.33843907713890076,0.999760627746582,0.4975226819515228,0.13340924680233002,-0.3386187255382538,0.999722957611084,0.5436758995056152,0.1471090018749237,-0.16843736171722412,0.9997541308403015,0.4855378568172455,0.14841826260089874,-0.18453727662563324,0.9997093081474304,0.5307819843292236,0.18238912522792816,-0.29964298009872437,0.999927282333374,0.5065231919288635,0.1820150911808014,-0.3039811849594116,0.9999048113822937,0.6023994088172913,0.32366424798965454,-0.0863078311085701,0.9999180436134338,0.42354249954223633,0.319587767124176,-0.12082990258932114,0.9997351169586182,0.6129616498947144,0.5149068236351013,-0.027431022375822067,0.9851343035697937,0.4104865491390228,0.5308513045310974,-0.09792696684598923,0.988449215888977,0.6191026568412781,0.701660692691803,-0.18913093209266663,0.9887287020683289,0.39840424060821533,0.7094228267669678,-0.22330768406391144,0.9748544692993164,0.627106785774231,0.7623606324195862,-0.24665670096874237,0.9793716073036194,0.39603522419929504,0.7656709551811218,-0.2744497060775757,0.9539040923118591,0.6157017946243286,0.7592108845710754,-0.30015891790390015,0.9814300537109375,0.4090397357940674,0.7608522176742554,-0.3257244825363159,0.9585617184638977,0.6097201108932495,0.7453056573867798,-0.21354714035987854,0.9795680642127991,0.4130958616733551,0.7458286285400391,-0.24658899009227753,0.9577362537384033,0.5666525363922119,0.7104611992835999,0.0069311512634158134,0.9984332919120789,0.4582902789115906,0.709102213382721,-0.006516042165458202,0.9981816411018372,0.5674309134483337,0.9548856019973755,-0.021971922367811203,0.7602203488349915,0.4561464190483093,0.9580844044685364,0.005001057405024767,0.7088008522987366,0.5782684087753296,1.16709566116333,0.4206011891365051,0.16299040615558624,0.4551372528076172,1.1676970720291138,0.32677778601646423,0.19705535471439362,0.5746815800666809,1.1898666620254517,0.45798030495643616,0.14190731942653656,0.4571159780025482,1.195996642112732,0.35444343090057373,0.11296653747558594,0.582126796245575,1.2571839094161987,0.309579461812973,0.09587841480970383,0.4564971327781677,1.2487934827804565,0.16207772493362427,0.10854937136173248
2026-04-30T18:49:46.567406,104,0.523263692855835,0.1581922322511673,-0.352580726146698,0.9999092817306519,0.5318542718887329,0.13328610360622406,-0.32525157928466797,0.9998103976249695,0.5373334884643555,0.13371747732162476,-0.32544171810150146,0.9998270869255066,0.5424035787582397,0.1344253420829773,-0.3255865275859833,0.9998216032981873,0.5130917429924011,0.13294832408428192,-0.3292078375816345,0.9997726082801819,0.5058692693710327,0.13335159420967102,-0.3291957676410675,0.99976646900177,0.49902811646461487,0.1340983510017395,-0.3293593227863312,0.9997309446334839,0.5442156195640564,0.14711041748523712,-0.15882845222949982,0.9997603893280029,0.4857613146305084,0.1486182063817978,-0.1775130182504654,0.9997183084487915,0.5323556661605835,0.1830110251903534,-0.2891975939273834,0.9999292492866516,0.5084765553474426,0.18313440680503845,-0.29436928033828735,0.999907910823822,0.6036816239356995,0.32370465993881226,-0.07723746448755264,0.9999191761016846,0.4245058000087738,0.31852152943611145,-0.11657072603702545,0.9997408986091614,0.6135973930358887,0.5148246884346008,-0.01655113324522972,0.9849143624305725,0.4108673632144928,0.5298269391059875,-0.09816483408212662,0.9886500835418701,0.619186520576477,0.7014490962028503,-0.18005433678627014,0.9888278841972351,0.3990437388420105,0.7090651988983154,-0.22671246528625488,0.9755328297615051,0.6273162364959717,0.7622687220573425,-0.23816493153572083,0.9795593023300171,0.3961319029331207,0.7656267285346985,-0.27935680747032166,0.9549890160560608,0.6159524917602539,0.7591500878334045,-0.2922336459159851,0.981583297252655,0.40912842750549316,0.7604337334632874,-0.3317561447620392,0.9595211148262024,0.6099339723587036,0.745182454586029,-0.20477494597434998,0.9797110557556152,0.4133707582950592,0.7454056143760681,-0.2507103383541107,0.9586129784584045,0.566624104976654,0.7104758024215698,0.006932644639164209,0.9985043406486511,0.45834580063819885,0.7091044783592224,-0.006526722107082605,0.9982699155807495,0.5674505829811096,0.9552515149116516,-0.024686885997653008,0.7579622864723206,0.4562796950340271,0.9581009149551392,0.005114186089485884,0.7037551403045654,0.5780540704727173,1.1672066450119019,0.41476330161094666,0.16095265746116638,0.45595043897628784,1.1680353879928589,0.32674717903137207,0.1961042582988739,0.5744928121566772,1.1899691820144653,0.45224231481552124,0.14082908630371094,0.4579278826713562,1.196549654006958,0.35442158579826355,0.11187418550252914,0.5820886492729187,1.2572647333145142,0.30784931778907776,0.09472735971212387,0.4567790627479553,1.248849630355835,0.16433554887771606,0.10779931396245956
2026-04-30T18:49:46.676110,105,0.5262404680252075,0.1582549661397934,-0.32925814390182495,0.9999110698699951,0.5339953303337097,0.13362158834934235,-0.30090731382369995,0.999815821647644,0.5390383005142212,0.1340978592634201,-0.30109721422195435,0.9998315572738647,0.5438432097434998,0.13480035960674286,-0.30123063921928406,0.9998266696929932,0.5161948800086975,0.1331031620502472,-0.3058207035064697,0.9997787475585938,0.5086928606033325,0.13345244526863098,-0.3058163523674011,0.9997726082801819,0.5014471411705017,0.13415826857089996,-0.30596724152565,0.999738872051239,0.5447742938995361,0.1473579853773117,-0.1349794566631317,0.9997667670249939,0.4871154725551605,0.14871563017368317,-0.1573571264743805,0.9997275471687317,0.5339066386222839,0.18305309116840363,-0.2666776478290558,0.9999310374259949,0.5107365250587463,0.18312758207321167,-0.2729035019874573,0.9999102354049683,0.6047202348709106,0.32383525371551514,-0.05390143394470215,0.9999210834503174,0.4263308048248291,0.3185296952724457,-0.1084471344947815,0.9997474551200867,0.6167791485786438,0.514824628829956,0.008687982335686684,0.9850677251815796,0.41240614652633667,0.5296564698219299,-0.09360767155885696,0.9889097213745117,0.6198723912239075,0.6997761130332947,-0.15246060490608215,0.9890685081481934,0.40022268891334534,0.7091295719146729,-0.22150146961212158,0.9762662053108215,0.628250002861023,0.7608600854873657,-0.20930269360542297,0.9799665212631226,0.3966241180896759,0.765712320804596,-0.27434173226356506,0.9561780095100403,0.6170932054519653,0.757784903049469,-0.2627184987068176,0.9819477796554565,0.40953484177589417,0.7604086995124817,-0.32672107219696045,0.9605909585952759,0.6109157800674438,0.7438223958015442,-0.17700956761837006,0.9801191091537476,0.414011150598526,0.7454016804695129,-0.24545326828956604,0.959657609462738,0.5666517019271851,0.7105653285980225,0.009447370655834675,0.9985947012901306,0.458766371011734,0.7091134786605835,-0.009078207425773144,0.9983738660812378,0.5677146315574646,0.9580753445625305,-0.03202877566218376,0.7520511150360107,0.4568975865840912,0.9591854810714722,-0.011125441640615463,0.6964957118034363,0.5783160924911499,1.1709465980529785,0.4045940935611725,0.1550419181585312,0.45594581961631775,1.1690319776535034,0.3175325393676758,0.18937495350837708,0.5746465921401978,1.1937445402145386,0.44198498129844666,0.1360476016998291,0.45777764916419983,1.1971653699874878,0.3460924029350281,0.10769786685705185,0.583159327507019,1.2601394653320312,0.29560142755508423,0.09092975407838821,0.4570181965827942,1.249504804611206,0.159969761967659,0.1038646325469017
2026-04-30T18:49:46.790900,106,0.5262101888656616,0.15887197852134705,-0.31806647777557373,0.9999135136604309,0.5341874361038208,0.13455989956855774,-0.29075759649276733,0.9998214840888977,0.5393317341804504,0.13506610691547394,-0.29094481468200684,0.999836802482605,0.5443354249000549,0.1357337087392807,-0.29107385873794556,0.9998320937156677,0.5162191987037659,0.1338062435388565,-0.29293617606163025,0.9997848272323608,0.5087009072303772,0.1340889185667038,-0.292932391166687,0.9997789859771729,0.5014907121658325,0.13469281792640686,-0.2930840253829956,0.999746561050415,0.5466182231903076,0.147874116897583,-0.12905950844287872,0.9997745752334595,0.4875343441963196,0.14922115206718445,-0.13898414373397827,0.9997368454933167,0.5340394973754883,0.18381235003471375,-0.2571254074573517,0.9999329447746277,0.5107414126396179,0.1833886057138443,-0.259787917137146,0.9999122619628906,0.6073285341262817,0.3244633376598358,-0.050565797835588455,0.9999233484268188,0.4281924366950989,0.3185192346572876,-0.09070926904678345,0.999755322933197,0.6188468337059021,0.5148137807846069,0.01122145913541317,0.9855388402938843,0.41343873739242554,0.5293388962745667,-0.06971960514783859,0.9892069101333618,0.6217949390411377,0.6979736089706421,-0.1495019793510437,0.9894909262657166,0.40173405408859253,0.7088382244110107,-0.19461488723754883,0.9771894216537476,0.6305597424507141,0.7599523067474365,-0.20590314269065857,0.9807499051094055,0.39706534147262573,0.7656916379928589,-0.24575074017047882,0.9577311277389526,0.619567334651947,0.7570885419845581,-0.25896307826042175,0.982639729976654,0.41026249527931213,0.7603947520256042,-0.29801714420318604,0.9619762897491455,0.6130532026290894,0.7431497573852539,-0.17358478903770447,0.9808897376060486,0.4155008792877197,0.7453731298446655,-0.21839454770088196,0.9610874056816101,0.5666639804840088,0.7112264037132263,0.009446201846003532,0.9986881613731384,0.4587854743003845,0.709202229976654,-0.009079656563699245,0.9984808564186096,0.5677388906478882,0.9601327180862427,-0.04682258144021034,0.7504313588142395,0.4567987024784088,0.9592588543891907,-0.020227773115038872,0.6957939863204956,0.5782257318496704,1.1725374460220337,0.40069395303726196,0.1490592658519745,0.4559798836708069,1.1690800189971924,0.3197898268699646,0.1815166026353836,0.5746294260025024,1.1951122283935547,0.4392785131931305,0.1305822879076004,0.45778971910476685,1.1970155239105225,0.34883248805999756,0.10335240513086319,0.583102285861969,1.2615530490875244,0.2945546805858612,0.0866464376449585,0.4572381377220154,1.2495235204696655,0.1782785952091217,0.09906021505594254
2026-04-30T18:49:46.894706,107,0.5274526476860046,0.1588616520166397,-0.30628496408462524,0.9999164938926697,0.535611629486084,0.13464610278606415,-0.2772793173789978,0.9998284578323364,0.5407820343971252,0.13516952097415924,-0.27746638655662537,0.9998435974121094,0.5459011793136597,0.1358463019132614,-0.27757102251052856,0.9998385310173035,0.5175284147262573,0.13383342325687408,-0.28112298250198364,0.9997931122779846,0.5098602771759033,0.13410158455371857,-0.2811444401741028,0.9997884631156921,0.5025999546051025,0.13469862937927246,-0.28129416704177856,0.9997571706771851,0.5483938455581665,0.14803671836853027,-0.11021462827920914,0.9997838735580444,0.48853230476379395,0.14943446218967438,-0.12682488560676575,0.9997501969337463,0.535369873046875,0.18381436169147491,-0.24374179542064667,0.9999346733093262,0.5119906067848206,0.18336600065231323,-0.24841170012950897,0.9999144673347473,0.6090505123138428,0.32529741525650024,-0.02709003910422325,0.9999251365661621,0.4300207495689392,0.31867629289627075,-0.08571937680244446,0.9997652769088745,0.6193785667419434,0.5148043036460876,0.03629954904317856,0.9860588908195496,0.41455021500587463,0.5293325781822205,-0.06665802747011185,0.9898226857185364,0.6236931681632996,0.6959616541862488,-0.12598150968551636,0.9899234175682068,0.40366801619529724,0.7082024216651917,-0.19150491058826447,0.978651762008667,0.6327903866767883,0.7587339878082275,-0.18159742653369904,0.9815734624862671,0.39791572093963623,0.76545649766922,-0.2439262568950653,0.9602363109588623,0.6224960088729858,0.7562552094459534,-0.23489825427532196,0.9833787679672241,0.4108462929725647,0.760299563407898,-0.2952161133289337,0.9642288684844971,0.6157510876655579,0.7425329089164734,-0.1505085676908493,0.9817483425140381,0.416498601436615,0.7452515959739685,-0.21469709277153015,0.9633836150169373,0.566696047782898,0.7127218246459961,0.01376962661743164,0.9987918138504028,0.45923978090286255,0.7106700539588928,-0.013448260724544525,0.9986001253128052,0.5697845816612244,0.962897002696991,-0.055357884615659714,0.7477346658706665,0.45679014921188354,0.9629275798797607,-0.03432846441864967,0.6947736740112305,0.5830128788948059,1.1836081743240356,0.4015822410583496,0.14030402898788452,0.45591092109680176,1.1767445802688599,0.3263077437877655,0.1708049476146698,0.5797575116157532,1.2060784101486206,0.4403153359889984,0.12282788753509521,0.4571327269077301,1.2028815746307373,0.3610937297344208,0.09705231338739395,0.5891882181167603,1.2720621824264526,0.29374179244041443,0.08098980784416199,0.4594030976295471,1.256231427192688,0.18632902204990387,0.0927695631980896
2026-04-30T18:49:47.009152,108,0.5278311967849731,0.15840847790241241,-0.3185083568096161,0.9999186396598816,0.5363115072250366,0.13464203476905823,-0.28958696126937866,0.9998337030410767,0.5415624380111694,0.1351744681596756,-0.2897852063179016,0.9998480081558228,0.5467881560325623,0.13586972653865814,-0.2899082899093628,0.9998432993888855,0.5181673169136047,0.13371971249580383,-0.29368430376052856,0.9997988343238831,0.5105363726615906,0.13393138349056244,-0.29369786381721497,0.9997942447662354,0.503368616104126,0.13449840247631073,-0.29385215044021606,0.9997643828392029,0.5499811768531799,0.14818590879440308,-0.12061302363872528,0.9997894167900085,0.4896392226219177,0.1494268923997879,-0.1388942301273346,0.9997575283050537,0.5359679460525513,0.18358206748962402,-0.2552066743373871,0.9999368190765381,0.5124574303627014,0.1828036904335022,-0.2603565454483032,0.9999170899391174,0.6107065081596375,0.32550662755966187,-0.03870868682861328,0.9999264478683472,0.4320652484893799,0.3186839818954468,-0.09079331159591675,0.9997715353965759,0.6206510663032532,0.5153169631958008,0.025889649987220764,0.9863347411155701,0.4156867563724518,0.5293251276016235,-0.07197122275829315,0.9901013970375061,0.625278651714325,0.6959672570228577,-0.13777317106723785,0.9902821183204651,0.40515008568763733,0.7077455520629883,-0.1993493288755417,0.979515016078949,0.6345024108886719,0.7587481141090393,-0.1942606270313263,0.9821668267250061,0.39862877130508423,0.7644675374031067,-0.2521178424358368,0.9616585969924927,0.6241346001625061,0.756312906742096,-0.24851691722869873,0.9839128255844116,0.4110461175441742,0.7596036195755005,-0.30452844500541687,0.9655086994171143,0.6173416376113892,0.7425727248191833,-0.16257500648498535,0.9823176860809326,0.41678300499916077,0.744472324848175,-0.22314994037151337,0.9646289944648743,0.5672438144683838,0.7127161622047424,0.0153771061450243,0.9988664388656616,0.4598485827445984,0.7104980945587158,-0.015079309232532978,0.9986885190010071,0.5704408288002014,0.9628700613975525,-0.051496051251888275,0.7486360669136047,0.4566578269004822,0.9629208445549011,-0.03354774788022041,0.6974912285804749,0.582879900932312,1.1827753782272339,0.40436822175979614,0.1384783685207367,0.4527512192726135,1.1765003204345703,0.3276098370552063,0.16845643520355225,0.5797105431556702,1.2054024934768677,0.44430357217788696,0.12079336494207382,0.45311641693115234,1.202793836593628,0.3614686131477356,0.09418261796236038,0.5894557237625122,1.2713539600372314,0.2943447232246399,0.0796947106719017,0.4580513536930084,1.2561283111572266,0.1827661693096161,0.09105968475341797
2026-04-30T18:49:47.117565,109,0.5278222560882568,0.15840965509414673,-0.33295121788978577,0.9999194741249084,0.536652147769928,0.1350235491991043,-0.3040387034416199,0.9998357892036438,0.5420461297035217,0.13571058213710785,-0.3042195439338684,0.9998497366905212,0.5474672317504883,0.1365460753440857,-0.30432775616645813,0.9998450875282288,0.5182598233222961,0.13386036455631256,-0.30635711550712585,0.9998008012771606,0.5106192231178284,0.13403810560703278,-0.30636805295944214,0.9997961521148682,0.5034899115562439,0.13457733392715454,-0.3065427839756012,0.9997668862342834,0.5522996187210083,0.14941619336605072,-0.13068747520446777,0.999791145324707,0.4904478192329407,0.14967398345470428,-0.13966387510299683,0.9997602701187134,0.5361983776092529,0.18371523916721344,-0.2681475579738617,0.9999377727508545,0.5124778151512146,0.18280869722366333,-0.2708321213722229,0.9999181628227234,0.6123497486114502,0.32627737522125244,-0.042619723826646805,0.9999269247055054,0.4338347911834717,0.31865203380584717,-0.09116050601005554,0.9997775554656982,0.6211807727813721,0.5159302353858948,0.02030547335743904,0.9864726066589355,0.41685542464256287,0.5286740660667419,-0.07482622563838959,0.990253210067749,0.6258295178413391,0.695458710193634,-0.13997523486614227,0.9904494285583496,0.40652328729629517,0.7063018679618835,-0.19968175888061523,0.9800053834915161,0.6348687410354614,0.7584370374679565,-0.2005283087491989,0.9824487566947937,0.39950576424598694,0.7632582187652588,-0.2542392611503601,0.9624171853065491,0.6246995329856873,0.7562093138694763,-0.25790661573410034,0.9841637015342712,0.411569744348526,0.7586833238601685,-0.3111135959625244,0.9661760330200195,0.6179741621017456,0.7424684166908264,-0.16668905317783356,0.9825584888458252,0.4174209535121918,0.7434642910957336,-0.2251158058643341,0.9652613997459412,0.5675864219665527,0.7128092050552368,0.015593945980072021,0.9989237785339355,0.46059197187423706,0.7105280756950378,-0.015289423055946827,0.9987608194351196,0.5714053511619568,0.9627804160118103,-0.04985998570919037,0.7510581612586975,0.4567728042602539,0.962898313999176,-0.0291939415037632,0.7021564245223999,0.5830212235450745,1.182585597038269,0.40975743532180786,0.13889147341251373,0.45166391134262085,1.1760879755020142,0.3311094045639038,0.1688161939382553,0.5795466899871826,1.205324411392212,0.4492965638637543,0.12055643647909164,0.4520528316497803,1.20246422290802,0.3647262454032898,0.09340270608663559,0.5902997255325317,1.2705254554748535,0.29447585344314575,0.07953836768865585,0.4554062485694885,1.2552684545516968,0.1826592981815338,0.09107676148414612
2026-04-30T18:49:47.224787,110,0.5278261303901672,0.15910345315933228,-0.32967811822891235,0.9999222755432129,0.5369758605957031,0.1356392651796341,-0.30194562673568726,0.9998409152030945,0.54240483045578,0.13636817038059235,-0.30212104320526123,0.9998548030853271,0.5478295087814331,0.13719496130943298,-0.3022221624851227,0.9998498558998108,0.5184587836265564,0.13431282341480255,-0.30375853180885315,0.9998067617416382,0.510832667350769,0.13444028794765472,-0.30377376079559326,0.9998031854629517,0.5037848949432373,0.13490994274616241,-0.3039419949054718,0.9997745752334595,0.5527888536453247,0.14985862374305725,-0.13394197821617126,0.999798059463501,0.4913112223148346,0.14993725717067719,-0.1435125172138214,0.9997687339782715,0.5362975597381592,0.18446692824363708,-0.26747041940689087,0.999939501285553,0.512550413608551,0.1833091825246811,-0.26966774463653564,0.9999204277992249,0.6129154562950134,0.3276006579399109,-0.04486759006977081,0.9999287128448486,0.43439382314682007,0.3186565637588501,-0.09440479427576065,0.9997861981391907,0.6216453313827515,0.5172601342201233,0.01759103685617447,0.9869260191917419,0.41779786348342896,0.528384268283844,-0.07646709680557251,0.9905700087547302,0.6267225742340088,0.6954317688941956,-0.14672958850860596,0.9908460974693298,0.4072504937648773,0.7056958675384521,-0.20213225483894348,0.9808739423751831,0.6356754302978516,0.7583979368209839,-0.20562532544136047,0.9831677675247192,0.4000050127506256,0.7623816728591919,-0.25707128643989563,0.963936984539032,0.6256486177444458,0.7561948299407959,-0.2615155577659607,0.9848120808601379,0.4119846224784851,0.7577842473983765,-0.3137059807777405,0.9675379395484924,0.6189740896224976,0.7424269318580627,-0.17260897159576416,0.983273983001709,0.41796034574508667,0.7425090074539185,-0.22783228754997253,0.9666481018066406,0.5677543878555298,0.712834894657135,0.015372810885310173,0.998988926410675,0.46110835671424866,0.7105247378349304,-0.015079006552696228,0.9988393783569336,0.5715554356575012,0.9621517658233643,-0.0394262932240963,0.752246081829071,0.45699959993362427,0.9624325037002563,-0.016363652423024178,0.7042593955993652,0.5812064409255981,1.1778777837753296,0.4224979877471924,0.13642732799053192,0.4524296224117279,1.1735502481460571,0.33559855818748474,0.16713398694992065,0.5775741338729858,1.1997445821762085,0.4627208709716797,0.11895012110471725,0.45282453298568726,1.1999191045761108,0.36813661456108093,0.09251473844051361,0.5873817205429077,1.2657477855682373,0.31536900997161865,0.07780303061008453,0.45592623949050903,1.2526724338531494,0.18754127621650696,0.08980073034763336
2026-04-30T18:49:47.336297,111,0.5293289422988892,0.15827329456806183,-0.3174140751361847,0.9999246001243591,0.5383181571960449,0.13506478071212769,-0.2900428771972656,0.9998453855514526,0.5437701940536499,0.1357952505350113,-0.2902168333530426,0.9998590350151062,0.5491335988044739,0.1366426944732666,-0.2903197407722473,0.9998539686203003,0.5196241140365601,0.13372278213500977,-0.2915719151496887,0.999812126159668,0.5119388699531555,0.1338210105895996,-0.29158687591552734,0.9998093247413635,0.5047971606254578,0.13430558145046234,-0.29174309968948364,0.9997816681861877,0.5535101890563965,0.14955854415893555,-0.12953220307826996,0.9998037815093994,0.4922133982181549,0.14971047639846802,-0.13709434866905212,0.9997765421867371,0.5376332998275757,0.18363259732723236,-0.2578129470348358,0.9999406337738037,0.5142098665237427,0.18266375362873077,-0.25960487127304077,0.9999219179153442,0.6140433549880981,0.32760244607925415,-0.04731123894453049,0.9999294281005859,0.43573421239852905,0.3185657262802124,-0.09297709167003632,0.9997930526733398,0.6216980218887329,0.5172849297523499,0.015759114176034927,0.9871453046798706,0.41879862546920776,0.5275367498397827,-0.07575845718383789,0.9908204078674316,0.6268130540847778,0.6954334378242493,-0.14313018321990967,0.9910639524459839,0.4082745611667633,0.7049782276153564,-0.2003479301929474,0.9816107153892517,0.6358045339584351,0.7583987712860107,-0.1990782916545868,0.9836037158966064,0.40089303255081177,0.7613134384155273,-0.25277531147003174,0.9652211666107178,0.6258548498153687,0.7561894059181213,-0.2527141571044922,0.9851935505867004,0.41247910261154175,0.7565869688987732,-0.3056061267852783,0.9686735272407532,0.6192375421524048,0.7423965334892273,-0.1677142083644867,0.9837198257446289,0.41846996545791626,0.7411827445030212,-0.22452744841575623,0.9678221344947815,0.5682359337806702,0.7128374576568604,0.014717970974743366,0.9990551471710205,0.46180862188339233,0.7102271914482117,-0.014448629692196846,0.9989177584648132,0.5716345310211182,0.9620528817176819,-0.03861440718173981,0.75320965051651,0.4573499262332916,0.9623511433601379,-0.010431930422782898,0.7068750262260437,0.5811301469802856,1.1771587133407593,0.42225131392478943,0.13421760499477386,0.4525397717952728,1.1715295314788818,0.3400706648826599,0.16557317972183228,0.5774984955787659,1.1989341974258423,0.46226128935813904,0.11701128631830215,0.4530554711818695,1.1980069875717163,0.37230387330055237,0.09168364107608795,0.5873271822929382,1.2649292945861816,0.3165813982486725,0.07594136148691177,0.45535364747047424,1.2505332231521606,0.1952715665102005,0.08854013681411743
2026-04-30T18:49:47.448244,112,0.5293091535568237,0.15838651359081268,-0.3202611804008484,0.9999265074729919,0.5383183360099792,0.13536016643047333,-0.29429036378860474,0.9998483061790466,0.543775200843811,0.1361139416694641,-0.2944485545158386,0.9998615384101868,0.5491458177566528,0.13698075711727142,-0.29454150795936584,0.9998565912246704,0.5196174383163452,0.13404305279254913,-0.29388266801834106,0.9998155832290649,0.5119325518608093,0.13417090475559235,-0.2938811480998993,0.9998127818107605,0.5048041939735413,0.13465715944766998,-0.2940276265144348,0.999785840511322,0.5536146759986877,0.14985008537769318,-0.1377919614315033,0.9998067617416382,0.4924302101135254,0.149875670671463,-0.13926608860492706,0.9997799396514893,0.5376636981964111,0.18378978967666626,-0.2625598907470703,0.999941885471344,0.5141979455947876,0.18286441266536713,-0.2621631622314453,0.9999236464500427,0.6140627861022949,0.32730329036712646,-0.055339884012937546,0.9999303221702576,0.43624645471572876,0.31855159997940063,-0.09447850286960602,0.999798059463501,0.621811032295227,0.5170655846595764,0.009879911318421364,0.98719322681427,0.41945385932922363,0.5271196365356445,-0.07674045860767365,0.9907453060150146,0.6273213028907776,0.6943418979644775,-0.1492883861064911,0.991186797618866,0.4087145924568176,0.7042149305343628,-0.2019699066877365,0.9816304445266724,0.6361675262451172,0.7579148411750793,-0.2043832242488861,0.9837695360183716,0.40137606859207153,0.7602999806404114,-0.2536843419075012,0.9652225375175476,0.6263521313667297,0.7558019757270813,-0.2594241797924042,0.9853300452232361,0.41261497139930725,0.7558084726333618,-0.30742669105529785,0.9686378836631775,0.6198248267173767,0.7418403029441833,-0.17425018548965454,0.9838312864303589,0.41856813430786133,0.7404349446296692,-0.2267538607120514,0.9677677154541016,0.5687588453292847,0.7119044065475464,0.012915191240608692,0.9990785717964172,0.46311044692993164,0.7089816927909851,-0.012637721374630928,0.9989545941352844,0.5716965198516846,0.9599712491035461,-0.030561696738004684,0.7609792351722717,0.4579080045223236,0.9617189764976501,-0.0008244804921559989,0.7155016660690308,0.5806045532226562,1.1691268682479858,0.4188196659088135,0.145407035946846,0.45577889680862427,1.1671499013900757,0.3363781273365021,0.1789674311876297,0.5764766931533813,1.1913150548934937,0.4563223719596863,0.12487070262432098,0.457732617855072,1.1942287683486938,0.36557650566101074,0.09853330254554749,0.5871091485023499,1.2577649354934692,0.30877506732940674,0.08239174634218216,0.45560088753700256,1.2472232580184937,0.1837914139032364,0.09658745676279068
2026-04-30T18:49:47.555935,113,0.5294597744941711,0.15770483016967773,-0.30934029817581177,0.9999265074729919,0.5385480523109436,0.13530467450618744,-0.2822687029838562,0.9998472332954407,0.5439773797988892,0.13609670102596283,-0.2824363112449646,0.999860942363739,0.5492997765541077,0.1369810551404953,-0.2825346291065216,0.9998559951782227,0.5201134085655212,0.1338665783405304,-0.28364479541778564,0.9998143911361694,0.5126540064811707,0.1339675933122635,-0.2836523652076721,0.9998123049736023,0.5057977437973022,0.13443857431411743,-0.28380680084228516,0.9997852444648743,0.553622841835022,0.1500140130519867,-0.12545089423656464,0.9998053908348083,0.4934314787387848,0.14988082647323608,-0.1319771409034729,0.9997784495353699,0.5377935171127319,0.18328405916690826,-0.25104790925979614,0.9999409317970276,0.5145405530929565,0.18189167976379395,-0.25259360671043396,0.9999220967292786,0.6140880584716797,0.3272973895072937,-0.04725080356001854,0.9999299049377441,0.43668651580810547,0.3185589909553528,-0.09044123440980911,0.9998015761375427,0.6218683123588562,0.5170570015907288,0.015649667009711266,0.9872875809669495,0.42062416672706604,0.5270686745643616,-0.07406996190547943,0.9907755851745605,0.6274441480636597,0.6943299174308777,-0.1413889229297638,0.9912604689598083,0.4093242585659027,0.7041524052619934,-0.19925859570503235,0.9818390011787415,0.636205792427063,0.7576656341552734,-0.1962302178144455,0.9839049577713013,0.4020461142063141,0.7602081298828125,-0.25076356530189514,0.9656051397323608,0.6265110373497009,0.7555290460586548,-0.2501527667045593,0.9854485392570496,0.41303572058677673,0.7557265162467957,-0.3041054308414459,0.9689616560935974,0.620090901851654,0.7415679693222046,-0.1660488396883011,0.9839766025543213,0.4189329147338867,0.7403072714805603,-0.22378835082054138,0.9681088924407959,0.5687662363052368,0.7115447521209717,0.012914955615997314,0.999117910861969,0.4634658396244049,0.7084177136421204,-0.012634990736842155,0.9990061521530151,0.5718144178390503,0.9598883986473083,-0.03077067993581295,0.7627964615821838,0.45833420753479004,0.961745023727417,-0.0020027023274451494,0.7187489867210388,0.5802148580551147,1.1693485975265503,0.4064961373806,0.14623025059700012,0.4563026428222656,1.1674282550811768,0.32271715998649597,0.1809447854757309,0.5757688283920288,1.1917017698287964,0.44274264574050903,0.12528002262115479,0.45814090967178345,1.1948256492614746,0.3504292070865631,0.09905753284692764,0.5870883464813232,1.2578736543655396,0.2928161323070526,0.0824144035577774,0.45574602484703064,1.2474218606948853,0.16551536321640015,0.09737974405288696
2026-04-30T18:49:47.656486,114,0.5294462442398071,0.1575719714164734,-0.343840628862381,0.9999290108680725,0.5387566089630127,0.1353064328432083,-0.31505146622657776,0.9998518228530884,0.5442788004875183,0.13611570000648499,-0.3152293860912323,0.9998655915260315,0.5496746301651001,0.1370319426059723,-0.3153155446052551,0.9998602867126465,0.5201843976974487,0.13382075726985931,-0.31607550382614136,0.9998194575309753,0.5127422213554382,0.13390231132507324,-0.3160828948020935,0.9998181462287903,0.5059274435043335,0.13435253500938416,-0.3162402808666229,0.9997910261154175,0.5542529225349426,0.15020032227039337,-0.14842666685581207,0.9998116493225098,0.49370497465133667,0.14988358318805695,-0.15330861508846283,0.9997843503952026,0.5379699468612671,0.18327787518501282,-0.2820199429988861,0.9999427795410156,0.5145503282546997,0.18178647756576538,-0.2832401692867279,0.9999242424964905,0.6144652962684631,0.3273366093635559,-0.06371144950389862,0.9999315142631531,0.4368099570274353,0.318708598613739,-0.0994805097579956,0.9998046159744263,0.6222949028015137,0.5172778367996216,0.0013340174918994308,0.9877734780311584,0.42084431648254395,0.5274574160575867,-0.07755251973867416,0.9908695816993713,0.6281260251998901,0.6943480372428894,-0.17156608402729034,0.9915716052055359,0.4093996584415436,0.703555166721344,-0.21320214867591858,0.9822132587432861,0.6367390155792236,0.757684051990509,-0.23098555207252502,0.9844509363174438,0.40217795968055725,0.7594971060752869,-0.2674053907394409,0.9662931561470032,0.6269484162330627,0.7556264400482178,-0.28638070821762085,0.9859442114830017,0.41306909918785095,0.7550627589225769,-0.3229677379131317,0.9695815443992615,0.6206027865409851,0.7415950894355774,-0.19705694913864136,0.9845191836357117,0.41895318031311035,0.7397363185882568,-0.23872628808021545,0.9687474370002747,0.5687631368637085,0.7119016647338867,0.012665999121963978,0.9991630911827087,0.46357783675193787,0.7085228562355042,-0.012383275665342808,0.9990555047988892,0.5719190835952759,0.9599559307098389,-0.030809039250016212,0.7661890983581543,0.45834845304489136,0.961737334728241,-0.0027219769544899464,0.7238358855247498,0.5802031755447388,1.169416069984436,0.4293111264705658,0.14639531075954437,0.4557749330997467,1.1671422719955444,0.3447478413581848,0.18190541863441467,0.5757859945297241,1.1917904615402222,0.46923762559890747,0.12576356530189514,0.4573860764503479,1.1944299936294556,0.37611424922943115,0.10002776980400085,0.5870110392570496,1.2580105066299438,0.3166918158531189,0.08189550787210464,0.4551927447319031,1.246703863143921,0.18990862369537354,0.09743636101484299
2026-04-30T18:49:47.763539,115,0.5290559530258179,0.15760788321495056,-0.34292733669281006,0.9999302625656128,0.538754403591156,0.13545118272304535,-0.3145563006401062,0.9998536705970764,0.5442934632301331,0.1363401561975479,-0.3147340714931488,0.9998672008514404,0.5497151613235474,0.1373414397239685,-0.3148256242275238,0.9998618960380554,0.5201384425163269,0.13383175432682037,-0.3154955506324768,0.9998215436935425,0.5127187967300415,0.1339016705751419,-0.31550243496894836,0.9998204112052917,0.5059259533882141,0.13434018194675446,-0.31566187739372253,0.9997937679290771,0.5544430613517761,0.1506282389163971,-0.14986519515514374,0.9998135566711426,0.4938267767429352,0.14987964928150177,-0.15335354208946228,0.9997865557670593,0.5378472805023193,0.18332678079605103,-0.2815018892288208,0.9999436140060425,0.5142747163772583,0.18176977336406708,-0.28260332345962524,0.9999253153800964,0.6147390604019165,0.3274507522583008,-0.06669805943965912,0.9999322295188904,0.4369787275791168,0.3186803162097931,-0.09955646842718124,0.9998078346252441,0.6231570839881897,0.5174620151519775,0.0012152745621278882,0.9880661368370056,0.42092785239219666,0.5272533297538757,-0.07686521112918854,0.9908766746520996,0.6282960176467896,0.6944913864135742,-0.1669059842824936,0.9917733669281006,0.40944904088974,0.7033764719963074,-0.21120385825634003,0.9824507236480713,0.6367334127426147,0.7578124403953552,-0.22457054257392883,0.9848100543022156,0.40231138467788696,0.7590702176094055,-0.26441657543182373,0.9667425155639648,0.6269281506538391,0.7557867765426636,-0.27883464097976685,0.9862604737281799,0.41307228803634644,0.7545257806777954,-0.32042625546455383,0.9699833393096924,0.6206368803977966,0.7416595220565796,-0.19135728478431702,0.9848622679710388,0.4189462661743164,0.7392303347587585,-0.2367211878299713,0.9691640138626099,0.5690505504608154,0.7121725082397461,0.011864197440445423,0.9991994500160217,0.4637824594974518,0.708717942237854,-0.011584969237446785,0.9990964531898499,0.5719237327575684,0.9599276781082153,-0.030950877815485,0.7682911157608032,0.45846253633499146,0.9618695974349976,-0.0027937893755733967,0.7267587184906006,0.5796128511428833,1.168872356414795,0.42919889092445374,0.14663350582122803,0.45595961809158325,1.1650456190109253,0.3534643054008484,0.18187306821346283,0.5752047896385193,1.1911327838897705,0.4690517783164978,0.12629608809947968,0.4575951099395752,1.1917994022369385,0.38588160276412964,0.10075592994689941,0.5861691832542419,1.2573739290237427,0.3204687535762787,0.08164437115192413,0.45520853996276855,1.244402527809143,0.20756831765174866,0.09727838635444641
2026-04-30T18:49:47.875599,116,0.5285945534706116,0.1571672111749649,-0.28414127230644226,0.9999315142631531,0.5387523174285889,0.1352626532316208,-0.257662832736969,0.9998560547828674,0.5443158149719238,0.13622114062309265,-0.257825642824173,0.9998696446418762,0.5497838854789734,0.1372866928577423,-0.25791671872138977,0.9998642206192017,0.5200085639953613,0.13342002034187317,-0.2573387920856476,0.9998245239257812,0.5125983953475952,0.13340069353580475,-0.2573588788509369,0.9998242259025574,0.5058584809303284,0.1337326020002365,-0.25751370191574097,0.9997982382774353,0.5547625422477722,0.15062621235847473,-0.10621444135904312,0.9998169541358948,0.49402159452438354,0.14950011670589447,-0.10441990941762924,0.9997919797897339,0.5376924276351929,0.18281963467597961,-0.22757390141487122,0.9999437928199768,0.5140300989151001,0.18078583478927612,-0.22696051001548767,0.9999253749847412,0.6149653196334839,0.3272589445114136,-0.03650268539786339,0.9999333620071411,0.43717604875564575,0.3186508119106293,-0.06495089083909988,0.9998134970664978,0.6231663227081299,0.5174010992050171,0.029208118095993996,0.9883445501327515,0.42105811834335327,0.5272599458694458,-0.038402408361434937,0.9911260008811951,0.6284161806106567,0.6940032243728638,-0.11273094266653061,0.9920414686203003,0.4094424843788147,0.7032373547554016,-0.15121492743492126,0.9832596778869629,0.6368186473846436,0.7576369047164917,-0.1638236939907074,0.9853610992431641,0.40234631299972534,0.7588571310043335,-0.19855940341949463,0.9681932926177979,0.6269915699958801,0.7556741237640381,-0.21445801854133606,0.9867461919784546,0.41308093070983887,0.7542144060134888,-0.2496628314256668,0.9712843894958496,0.6206916570663452,0.7415056228637695,-0.1350662112236023,0.9854254126548767,0.4189474582672119,0.7388924956321716,-0.1741442233324051,0.970530092716217,0.5692607164382935,0.7121455073356628,0.01162512693554163,0.999252438545227,0.4638996720314026,0.7087190747261047,-0.011362073943018913,0.9991559982299805,0.57198566198349,0.9601556658744812,-0.05279737710952759,0.767822802066803,0.45843425393104553,0.9619779586791992,-0.01946142688393593,0.7268298864364624,0.5791244506835938,1.1716405153274536,0.3969085216522217,0.14109744131565094,0.4558922350406647,1.1650925874710083,0.346946120262146,0.1742609441280365,0.5749947428703308,1.19353187084198,0.43641048669815063,0.12091734260320663,0.4574374556541443,1.19187331199646,0.38195884227752686,0.096637062728405,0.5841723084449768,1.2612061500549316,0.2968727946281433,0.07787653058767319,0.4552169442176819,1.24455726146698,0.20490102469921112,0.09285273402929306
2026-04-30T18:49:47.980724,117,0.5285940170288086,0.15770502388477325,-0.2981926500797272,0.9999339580535889,0.5390251278877258,0.13554786145687103,-0.2715969681739807,0.9998608231544495,0.5446709394454956,0.13651399314403534,-0.27176499366760254,0.9998738765716553,0.5501896739006042,0.1375894397497177,-0.2718621492385864,0.999868631362915,0.5201005339622498,0.13367483019828796,-0.2719656229019165,0.9998302459716797,0.5126619935035706,0.13363803923130035,-0.2719721496105194,0.9998300075531006,0.5059400796890259,0.13394783437252045,-0.272128164768219,0.9998049736022949,0.5553321838378906,0.15089412033557892,-0.11389146000146866,0.9998225569725037,0.4942052364349365,0.14958064258098602,-0.11783107370138168,0.9997987747192383,0.5377308130264282,0.18329806625843048,-0.2402140349149704,0.9999452829360962,0.5140212774276733,0.18131045997142792,-0.24056950211524963,0.9999274611473083,0.6156051754951477,0.3278363049030304,-0.04143930599093437,0.9999343752861023,0.4371965527534485,0.3186120092868805,-0.07276495546102524,0.9998188614845276,0.6231762170791626,0.5180538892745972,0.02130933105945587,0.9884873032569885,0.42109256982803345,0.52730393409729,-0.04377272352576256,0.9912490844726562,0.6284112334251404,0.6940780878067017,-0.12452888488769531,0.992239236831665,0.40956106781959534,0.7032425999641418,-0.16828735172748566,0.9836971163749695,0.6368201971054077,0.7576876282691956,-0.1788141429424286,0.9857324957847595,0.40244370698928833,0.7589131593704224,-0.21912451088428497,0.9689995646476746,0.6270416975021362,0.7557582259178162,-0.23150332272052765,0.9870732426643372,0.4132707118988037,0.7542711496353149,-0.2719517648220062,0.9720084071159363,0.6207330226898193,0.7415980100631714,-0.14832326769828796,0.9857872128486633,0.4191111922264099,0.7389969229698181,-0.1922197937965393,0.9712908864021301,0.5692707300186157,0.7121698260307312,0.011365748010575771,0.9992842674255371,0.4639134407043457,0.7087728381156921,-0.011105692014098167,0.9991957545280457,0.5719457268714905,0.9599087238311768,-0.03965306654572487,0.7687278985977173,0.4584469795227051,0.9619581699371338,-0.005299852229654789,0.7291377186775208,0.5784622430801392,1.171338438987732,0.4002910554409027,0.14032062888145447,0.455310583114624,1.165175199508667,0.3362131714820862,0.17522230744361877,0.5741220116615295,1.1933019161224365,0.4394741654396057,0.1203208863735199,0.4567321836948395,1.1919137239456177,0.3665749728679657,0.09690774977207184,0.5838598012924194,1.2608604431152344,0.2971024811267853,0.07693649083375931,0.4540702700614929,1.2446577548980713,0.19089387357234955,0.09264674782752991
2026-04-30T18:49:48.089545,118,0.5286076664924622,0.15773652493953705,-0.2937893271446228,0.9999372363090515,0.5391614437103271,0.13557104766368866,-0.2677153944969177,0.9998674988746643,0.544800877571106,0.13654786348342896,-0.26787230372428894,0.9998799562454224,0.5503357648849487,0.13763953745365143,-0.26796120405197144,0.9998747706413269,0.5201746225357056,0.13367463648319244,-0.2681366801261902,0.9998381733894348,0.5127261877059937,0.13363131880760193,-0.2681366801261902,0.99983811378479,0.5060080885887146,0.1339299976825714,-0.2682715654373169,0.9998139142990112,0.5554611682891846,0.15094278752803802,-0.1151687353849411,0.9998314380645752,0.49427542090415955,0.14957833290100098,-0.11869589239358902,0.9998084902763367,0.5377722978591919,0.18337057530879974,-0.2372831106185913,0.9999476671218872,0.5140148997306824,0.18131427466869354,-0.2378235161304474,0.9999305605888367,0.6155894994735718,0.32798895239830017,-0.04403259605169296,0.9999367594718933,0.43736451864242554,0.31859299540519714,-0.07468369603157043,0.999824583530426,0.6236950755119324,0.5180251002311707,0.019714707508683205,0.9888691902160645,0.42112642526626587,0.5270664095878601,-0.050381071865558624,0.9913885593414307,0.6288321614265442,0.6940301060676575,-0.12346088886260986,0.9925695061683655,0.4097617566585541,0.7031781077384949,-0.17063866555690765,0.9841778874397278,0.6371340751647949,0.7576878666877747,-0.17665106058120728,0.9863163828849792,0.4026826024055481,0.7586519122123718,-0.21938689053058624,0.9698826670646667,0.6271388530731201,0.7557476162910461,-0.22763046622276306,0.9875928163528442,0.4134606719017029,0.7541043758392334,-0.27122610807418823,0.972798764705658,0.6208041310310364,0.7415772676467896,-0.14624197781085968,0.9863625764846802,0.41927504539489746,0.7388940453529358,-0.19419987499713898,0.9721416234970093,0.5696929693222046,0.7122363448143005,0.011073073372244835,0.9993223547935486,0.4645248353481293,0.7089883685112,-0.010812373831868172,0.9992385506629944,0.5723103284835815,0.9599026441574097,-0.038264546543359756,0.7699838280677795,0.45965179800987244,0.9611712694168091,-0.0009452441590838134,0.7304613590240479,0.5775227546691895,1.1690441370010376,0.40223073959350586,0.13867320120334625,0.4569613039493561,1.1632254123687744,0.336006224155426,0.17456591129302979,0.5727893114089966,1.1909289360046387,0.44115957617759705,0.11951559036970139,0.45853525400161743,1.19001305103302,0.36613014340400696,0.09707415848970413,0.5834492444992065,1.2585463523864746,0.30082014203071594,0.0754982978105545,0.4548362195491791,1.2426669597625732,0.19204823672771454,0.09184974431991577
2026-04-30T18:49:48.194662,119,0.5286033153533936,0.15773679316043854,-0.2788916826248169,0.9999387860298157,0.539306640625,0.13558463752269745,-0.25308674573898315,0.9998705387115479,0.5449391007423401,0.13658325374126434,-0.2532361149787903,0.9998828172683716,0.5504896640777588,0.13770262897014618,-0.25332358479499817,0.9998777508735657,0.5202329754829407,0.13365192711353302,-0.2531566619873047,0.9998417496681213,0.5127695798873901,0.13358210027217865,-0.25315672159194946,0.9998418688774109,0.5060547590255737,0.1338534951210022,-0.25329288840293884,0.9998180866241455,0.5556536912918091,0.15104205906391144,-0.10436533391475677,0.9998356699943542,0.49445900321006775,0.14956697821617126,-0.1052117794752121,0.9998130798339844,0.5377717614173889,0.18337850272655487,-0.2234320342540741,0.9999485611915588,0.5139840841293335,0.1812809258699417,-0.2234157770872116,0.9999314546585083,0.6155754327774048,0.327985942363739,-0.03751395642757416,0.9999383091926575,0.43763798475265503,0.3185690939426422,-0.06541739404201508,0.9998288154602051,0.6240195035934448,0.5179020166397095,0.026732023805379868,0.9891217350959778,0.4211192727088928,0.5268239378929138,-0.040797777473926544,0.9915222525596619,0.6288424730300903,0.6936620473861694,-0.10996667295694351,0.9928181171417236,0.40981706976890564,0.7031599283218384,-0.15081945061683655,0.9846557974815369,0.6371697187423706,0.7576135396957397,-0.160800501704216,0.9867805242538452,0.40277576446533203,0.7586508393287659,-0.19757366180419922,0.9707247018814087,0.6271488070487976,0.7557298541069031,-0.2112158238887787,0.9880016446113586,0.41364750266075134,0.7541001439094543,-0.2481328696012497,0.973546028137207,0.6208027601242065,0.7415544390678406,-0.13215963542461395,0.9868172407150269,0.41944488883018494,0.7388898730278015,-0.1737165004014969,0.9729331135749817,0.5697218179702759,0.7122898697853088,0.010766944848001003,0.999359130859375,0.46453529596328735,0.7089948654174805,-0.01051141507923603,0.9992796182632446,0.5723154544830322,0.9601196050643921,-0.048589494079351425,0.7710659503936768,0.45959147810935974,0.9612452387809753,-0.003945884294807911,0.731296956539154,0.5775281190872192,1.1699143648147583,0.38304418325424194,0.13622431457042694,0.45686808228492737,1.1633343696594238,0.3351967930793762,0.17128457129001617,0.5728172063827515,1.1917927265167236,0.4205665588378906,0.11663053929805756,0.45849019289016724,1.1901057958602905,0.36564481258392334,0.09526479244232178,0.5833925008773804,1.2597651481628418,0.28087639808654785,0.07349345088005066,0.4544016718864441,1.242780327796936,0.19392165541648865,0.08977219462394714
2026-04-30T18:49:48.300147,120,0.5272680521011353,0.15774410963058472,-0.2850068211555481,0.9999393224716187,0.5388684868812561,0.1355869472026825,-0.2605976462364197,0.9998711347579956,0.544704258441925,0.136585995554924,-0.26074475049972534,0.9998834729194641,0.5503355264663696,0.13770689070224762,-0.2608228921890259,0.9998784065246582,0.5191582441329956,0.13368114829063416,-0.2558338940143585,0.9998424053192139,0.5117629170417786,0.13363201916217804,-0.2558475136756897,0.9998427033424377,0.5052318572998047,0.13392506539821625,-0.2560284435749054,0.9998190402984619,0.5556735396385193,0.15108664333820343,-0.11689772456884384,0.9998363852500916,0.49436020851135254,0.14968463778495789,-0.10972101986408234,0.9998137354850769,0.5372943878173828,0.18339818716049194,-0.23274710774421692,0.9999488592147827,0.5130088925361633,0.18132337927818298,-0.22709360718727112,0.9999315142631531,0.615677535533905,0.32874271273612976,-0.04954637587070465,0.9999383687973022,0.43777817487716675,0.3185774087905884,-0.06623747199773788,0.999830961227417,0.6241786479949951,0.5185409188270569,0.014260495081543922,0.9892897009849548,0.42115455865859985,0.5268162488937378,-0.04326312616467476,0.9915798902511597,0.6288423538208008,0.6941371560096741,-0.12374434620141983,0.9929665327072144,0.4098178744316101,0.7031418681144714,-0.156630739569664,0.9849889278411865,0.6371523141860962,0.7578665614128113,-0.17380622029304504,0.9870871901512146,0.4028140604496002,0.7586507797241211,-0.20435337722301483,0.971312940120697,0.6271270513534546,0.7559454441070557,-0.225843146443367,0.9882717728614807,0.4137401580810547,0.7540814280509949,-0.2569110095500946,0.974061131477356,0.6207894086837769,0.741647481918335,-0.1462240219116211,0.9871196150779724,0.4195535182952881,0.7388513088226318,-0.1802472621202469,0.9734746813774109,0.5698654055595398,0.7124517560005188,0.009897395968437195,0.9993876814842224,0.4646112322807312,0.7091108560562134,-0.009642229415476322,0.9993113279342651,0.572309672832489,0.9601150751113892,-0.04964384064078331,0.7707374691963196,0.45958584547042847,0.961199939250946,-0.0017172470688819885,0.7317262291908264,0.5775308609008789,1.1707147359848022,0.38710853457450867,0.133665069937706,0.4568508565425873,1.1633846759796143,0.3529920279979706,0.16783499717712402,0.5729045271873474,1.1926519870758057,0.42494267225265503,0.11429157108068466,0.45845383405685425,1.1900638341903687,0.385667622089386,0.0938977524638176,0.5830971002578735,1.260427713394165,0.2823452651500702,0.07174792885780334,0.45433884859085083,1.242817997932434,0.21772250533103943,0.08783822506666183
2026-04-30T18:49:48.404845,121,0.5276062488555908,0.15782079100608826,-0.2711888253688812,0.9999409914016724,0.5391947031021118,0.13593611121177673,-0.24537494778633118,0.9998743534088135,0.5450173020362854,0.1369701772928238,-0.24553604423999786,0.9998868703842163,0.5505886077880859,0.13811074197292328,-0.2456243485212326,0.9998816251754761,0.5198273658752441,0.13392028212547302,-0.2449687421321869,0.9998464584350586,0.5125347971916199,0.13384176790714264,-0.24498684704303741,0.9998475313186646,0.5061167478561401,0.1341172605752945,-0.24513673782348633,0.9998241066932678,0.5556961297988892,0.15147148072719574,-0.09849739074707031,0.9998414516448975,0.49487870931625366,0.14998434484004974,-0.09925845265388489,0.9998199343681335,0.5374276041984558,0.1834244728088379,-0.2165031135082245,0.9999493360519409,0.5132383108139038,0.1813199520111084,-0.2159060686826706,0.9999319911003113,0.6158349514007568,0.3287738561630249,-0.03434779495000839,0.9999393820762634,0.4379388689994812,0.3186095952987671,-0.06298430263996124,0.999835193157196,0.6244277358055115,0.5186699032783508,0.029913032427430153,0.9895768165588379,0.4211729168891907,0.5268378853797913,-0.04250847175717354,0.9918227791786194,0.6290925145149231,0.6940615773200989,-0.1016225665807724,0.9931671619415283,0.4098127484321594,0.703008770942688,-0.15358546376228333,0.9855664968490601,0.6372830271720886,0.7577926516532898,-0.15063917636871338,0.9874959588050842,0.40283551812171936,0.7584623098373413,-0.20083387196063995,0.9723663330078125,0.6273025274276733,0.7558436989784241,-0.2007896602153778,0.9886373281478882,0.4137963354587555,0.7536712884902954,-0.25053542852401733,0.9750108122825623,0.621002733707428,0.7414295673370361,-0.12353545427322388,0.9875540733337402,0.41960567235946655,0.7383516430854797,-0.1760251820087433,0.9744713306427002,0.5698365569114685,0.7126851677894592,0.009833352640271187,0.9994221329689026,0.46461471915245056,0.7095400094985962,-0.00957892369478941,0.9993496537208557,0.5722364187240601,0.9601384997367859,-0.05018271133303642,0.7699511647224426,0.45950785279273987,0.9612806439399719,-0.00286888494156301,0.7307801842689514,0.5774847865104675,1.173791527748108,0.38668638467788696,0.12874434888362885,0.4566587507724762,1.1652828454971313,0.34522777795791626,0.16232982277870178,0.5729156732559204,1.1959413290023804,0.4249081611633301,0.1102471798658371,0.4582088589668274,1.1922125816345215,0.3775915205478668,0.09130560606718063,0.5828322172164917,1.263130784034729,0.2847854495048523,0.06852786242961884,0.45428934693336487,1.2441620826721191,0.21378853917121887,0.08444928377866745
2026-04-30T18:49:48.515353,122,0.5271948575973511,0.1579611599445343,-0.2802900969982147,0.9999423623085022,0.5390936732292175,0.13647332787513733,-0.254407674074173,0.9998758435249329,0.5449620485305786,0.13759629428386688,-0.2545691430568695,0.9998887777328491,0.5505421757698059,0.13879747688770294,-0.25465768575668335,0.9998832941055298,0.5197246074676514,0.13434210419654846,-0.253858745098114,0.9998481273651123,0.512498140335083,0.13424935936927795,-0.2538733184337616,0.9998499155044556,0.506112813949585,0.13450752198696136,-0.2540239691734314,0.9998263120651245,0.5556566119194031,0.15221808850765228,-0.10333375632762909,0.999843955039978,0.49497389793395996,0.1505056768655777,-0.10532964766025543,0.9998214840888977,0.5371524691581726,0.18350191414356232,-0.2248792201280594,0.9999496936798096,0.5128228068351746,0.18132373690605164,-0.2243541181087494,0.9999323487281799,0.615874171257019,0.32903993129730225,-0.0454152375459671,0.9999405741691589,0.4380618631839752,0.31882402300834656,-0.0644504651427269,0.9998379945755005,0.6246140599250793,0.5186589360237122,0.010961489751935005,0.9899148344993591,0.42116227746009827,0.5268653631210327,-0.039946965873241425,0.9918943643569946,0.6291824579238892,0.6939917802810669,-0.12731388211250305,0.9934000372886658,0.40981411933898926,0.7030053734779358,-0.1483244001865387,0.985877275466919,0.6373710632324219,0.757713258266449,-0.17840576171875,0.9879151582717896,0.40286192297935486,0.7584514021873474,-0.19427138566970825,0.972934365272522,0.627339243888855,0.7556918859481812,-0.22635331749916077,0.9890092015266418,0.41383132338523865,0.7536494731903076,-0.24431093037128448,0.9755145311355591,0.621019721031189,0.7411576509475708,-0.14842815697193146,0.9879668951034546,0.4196300506591797,0.7383335828781128,-0.17099997401237488,0.9750329852104187,0.5700007677078247,0.7125760912895203,0.007808889262378216,0.9994445443153381,0.4648922383785248,0.7093775272369385,-0.007580110337585211,0.9993759989738464,0.5722390413284302,0.9601247310638428,-0.048653312027454376,0.772081196308136,0.45970267057418823,0.9612514972686768,0.0036730412393808365,0.7327283024787903,0.5773595571517944,1.1713041067123413,0.3926549553871155,0.1287148892879486,0.45857787132263184,1.164203405380249,0.34468597173690796,0.16348855197429657,0.5729003548622131,1.1930744647979736,0.43172675371170044,0.11016588658094406,0.4604702591896057,1.1912705898284912,0.37732192873954773,0.09250389784574509,0.5821865200996399,1.260865569114685,0.297219455242157,0.06808658689260483,0.4558996558189392,1.2431658506393433,0.2102244794368744,0.08485908806324005
2026-04-30T18:49:48.619629,123,0.5279644727706909,0.15835994482040405,-0.28140491247177124,0.9999421238899231,0.5396085381507874,0.136806920170784,-0.2552836835384369,0.9998754262924194,0.5453673601150513,0.13795335590839386,-0.2554401755332947,0.9998878836631775,0.5508421659469604,0.13916325569152832,-0.25554323196411133,0.9998831748962402,0.5205458402633667,0.13455826044082642,-0.2555043399333954,0.9998474717140198,0.5133026838302612,0.13441161811351776,-0.2555057406425476,0.9998483657836914,0.5068812966346741,0.1346188634634018,-0.2556517720222473,0.9998258352279663,0.5556658506393433,0.15248410403728485,-0.10470380634069443,0.999842643737793,0.49523821473121643,0.15066590905189514,-0.10739115625619888,0.9998191595077515,0.5373756289482117,0.1838522106409073,-0.22551622986793518,0.9999496936798096,0.5131892561912537,0.18148857355117798,-0.22578613460063934,0.9999321103096008,0.6158837080001831,0.32928308844566345,-0.0424882210791111,0.9999409914016724,0.4380738139152527,0.3188893496990204,-0.06523511558771133,0.999839186668396,0.6246944069862366,0.5186826586723328,0.017358753830194473,0.989716112613678,0.4212163984775543,0.5268186926841736,-0.03822500258684158,0.9917580485343933,0.6292038559913635,0.6939469575881958,-0.12345870584249496,0.9933629631996155,0.40992268919944763,0.7030302286148071,-0.14576198160648346,0.9858018755912781,0.6373695135116577,0.7576751112937927,-0.1751178801059723,0.9878258109092712,0.40313905477523804,0.7584505677223206,-0.19256868958473206,0.9727604389190674,0.6273526549339294,0.7555858492851257,-0.22464151680469513,0.9889147281646729,0.4140978753566742,0.7536534070968628,-0.2429361790418625,0.9753423929214478,0.6210352182388306,0.7410350441932678,-0.14535048604011536,0.987833559513092,0.41985219717025757,0.7383835911750793,-0.1685948669910431,0.974817156791687,0.5700042843818665,0.7125140428543091,0.0076977647840976715,0.9994497895240784,0.46493569016456604,0.7093837261199951,-0.007473559118807316,0.9993852972984314,0.572238564491272,0.9601371884346008,-0.04832411929965019,0.7739265561103821,0.4596976637840271,0.9621576070785522,-0.006974282208830118,0.7344121932983398,0.5773621201515198,1.1712583303451538,0.3908083736896515,0.13227874040603638,0.4582730233669281,1.1642299890518188,0.33045658469200134,0.16668441891670227,0.5729051828384399,1.192991852760315,0.4290247857570648,0.110921211540699,0.46038609743118286,1.1912540197372437,0.36136311292648315,0.0931180864572525,0.5821702480316162,1.260919451713562,0.2896801829338074,0.07010921090841293,0.4553545415401459,1.2432488203048706,0.19186097383499146,0.08704522252082825
2026-04-30T18:49:48.723589,124,0.5275443196296692,0.15889449417591095,-0.30662763118743896,0.9999430179595947,0.5395222902297974,0.1374531388282776,-0.27880313992500305,0.9998769760131836,0.5453363656997681,0.13862068951129913,-0.27897173166275024,0.9998894929885864,0.5508255958557129,0.13983339071273804,-0.2790715992450714,0.9998846650123596,0.5203077793121338,0.13517850637435913,-0.2791314423084259,0.9998489618301392,0.513086199760437,0.13502196967601776,-0.27913206815719604,0.9998501539230347,0.5066961050033569,0.1351991593837738,-0.27928778529167175,0.9998276233673096,0.5556823015213013,0.15311641991138458,-0.11888202279806137,0.9998446702957153,0.4951949715614319,0.15119773149490356,-0.12158407270908356,0.9998206496238708,0.5371768474578857,0.18443115055561066,-0.24721774458885193,0.9999504089355469,0.5127139091491699,0.181902214884758,-0.2477073222398758,0.9999327659606934,0.615864634513855,0.32932770252227783,-0.04629303887486458,0.9999417662620544,0.43826398253440857,0.3191165626049042,-0.06942770630121231,0.9998406171798706,0.6245266795158386,0.5191580057144165,0.01663987897336483,0.9898610711097717,0.4213125705718994,0.5267008543014526,-0.041335128247737885,0.9917088150978088,0.6291959881782532,0.694083571434021,-0.1368352472782135,0.9934437870979309,0.40997523069381714,0.7028313279151917,-0.17015133798122406,0.9858728051185608,0.6373695135116577,0.7578373551368713,-0.1915532350540161,0.9879710674285889,0.4031802713871002,0.7582611441612244,-0.22118084132671356,0.9729123711585999,0.6273469924926758,0.7559280395507812,-0.24521608650684357,0.9890491366386414,0.41411352157592773,0.7536007761955261,-0.2759827971458435,0.9754785895347595,0.6210315227508545,0.7413829565048218,-0.1609049141407013,0.9879762530326843,0.4198763966560364,0.7383605241775513,-0.19515256583690643,0.9749398231506348,0.5700652599334717,0.7125157117843628,0.007580658886581659,0.9994641542434692,0.465198278427124,0.7094348073005676,-0.007347567938268185,0.9993987083435059,0.5722076892852783,0.960292637348175,-0.051531173288822174,0.7751264572143555,0.45969319343566895,0.9621583223342896,-0.013411005027592182,0.7359009385108948,0.5773643851280212,1.1718629598617554,0.3917659521102905,0.1324368119239807,0.45818963646888733,1.1642740964889526,0.3310580849647522,0.16620753705501556,0.5729383230209351,1.1938529014587402,0.42999759316444397,0.1109122782945633,0.4602753221988678,1.1912696361541748,0.3618627190589905,0.09315020591020584,0.5821444988250732,1.2610825300216675,0.28700631856918335,0.0699957087635994,0.4553449749946594,1.2432910203933716,0.19107255339622498,0.08677686005830765
2026-04-30T18:49:48.828609,125,0.5274877548217773,0.15902192890644073,-0.3052348792552948,0.999941885471344,0.5395113229751587,0.1376703530550003,-0.2779321074485779,0.9998741745948792,0.5453311204910278,0.13887552917003632,-0.2780967652797699,0.9998871088027954,0.5508229732513428,0.14012672007083893,-0.27819404006004333,0.999882161617279,0.5202978253364563,0.1353321075439453,-0.2781682014465332,0.9998456239700317,0.5130821466445923,0.1351640820503235,-0.278167724609375,0.9998471140861511,0.5066936612129211,0.1353304088115692,-0.2783266007900238,0.9998239278793335,0.5557092428207397,0.15343274176120758,-0.11891700327396393,0.9998407959938049,0.49520835280418396,0.15139515697956085,-0.12131448090076447,0.9998167753219604,0.537166953086853,0.18462976813316345,-0.24620409309864044,0.9999489784240723,0.5126716494560242,0.18201856315135956,-0.2464929074048996,0.9999307990074158,0.6158656477928162,0.32935068011283875,-0.04602019116282463,0.9999411702156067,0.4382709860801697,0.31955787539482117,-0.07073419541120529,0.9998401999473572,0.6243855953216553,0.5191561579704285,0.019281666725873947,0.9898993968963623,0.4214445650577545,0.5269336700439453,-0.042727597057819366,0.9917246103286743,0.6291167736053467,0.6940918564796448,-0.12441736459732056,0.9935174584388733,0.4099763035774231,0.7028277516365051,-0.16807414591312408,0.9860390424728394,0.6373874545097351,0.7578412890434265,-0.17648668587207794,0.9881184697151184,0.4031814932823181,0.7583703994750977,-0.2176709622144699,0.9732151031494141,0.6273630261421204,0.7559556365013123,-0.22840376198291779,0.9891800880432129,0.41412097215652466,0.7536753416061401,-0.2713488042354584,0.9757558703422546,0.6210349798202515,0.741411566734314,-0.14752116799354553,0.9881227612495422,0.4198843538761139,0.7384015917778015,-0.19249780476093292,0.9752334952354431,0.5700678825378418,0.7129516005516052,0.008510022424161434,0.9994796514511108,0.46519023180007935,0.7098520398139954,-0.008274598978459835,0.9994173049926758,0.5722187757492065,0.9602129459381104,-0.04419422894716263,0.773461103439331,0.4596904218196869,0.962168276309967,-0.012230025604367256,0.7342048287391663,0.5776631832122803,1.1722081899642944,0.39687278866767883,0.1301271617412567,0.4581332802772522,1.164367437362671,0.33459722995758057,0.16320176422595978,0.5732104182243347,1.1942845582962036,0.435067743062973,0.10915128141641617,0.46023234724998474,1.1913563013076782,0.36582237482070923,0.09149599820375443,0.5828332304954529,1.2611650228500366,0.2913687825202942,0.06849208474159241,0.455455482006073,1.2433253526687622,0.19452115893363953,0.08497847616672516
2026-04-30T18:49:48.933997,126,0.5263507962226868,0.15934798121452332,-0.29163727164268494,0.9999433755874634,0.538852870464325,0.13801175355911255,-0.26594460010528564,0.9998769760131836,0.5448790192604065,0.13918283581733704,-0.26610690355300903,0.9998897314071655,0.5504822731018066,0.14039450883865356,-0.26621147990226746,0.9998849630355835,0.5193134546279907,0.13568280637264252,-0.26448240876197815,0.9998487830162048,0.5123627185821533,0.13547398149967194,-0.2644818425178528,0.9998502135276794,0.5062121152877808,0.1355932652950287,-0.26462864875793457,0.9998275637626648,0.5556060075759888,0.15347804129123688,-0.11496386677026749,0.9998446702957153,0.4952072203159332,0.15154443681240082,-0.10998432338237762,0.999819815158844,0.536666750907898,0.18494966626167297,-0.23562312126159668,0.9999498724937439,0.5119595527648926,0.18225108087062836,-0.23366709053516388,0.9999316334724426,0.615868091583252,0.32935279607772827,-0.045976586639881134,0.9999419450759888,0.4383849501609802,0.31957319378852844,-0.0649733692407608,0.9998427033424377,0.6243888139724731,0.5188180208206177,0.017486676573753357,0.9899801015853882,0.42156219482421875,0.52679443359375,-0.038502536714076996,0.9916611313819885,0.62901771068573,0.6940925121307373,-0.12462107837200165,0.9935861229896545,0.40998512506484985,0.7027677297592163,-0.15493479371070862,0.9861147403717041,0.6373480558395386,0.7578052878379822,-0.17706498503684998,0.9882535338401794,0.403181791305542,0.7583503723144531,-0.2021973878145218,0.9733704328536987,0.6273292303085327,0.7559412121772766,-0.22929032146930695,0.9892916083335876,0.41412433981895447,0.753645122051239,-0.2536678910255432,0.9758802056312561,0.6209861040115356,0.741385817527771,-0.14783170819282532,0.9882434010505676,0.41988807916641235,0.7383254766464233,-0.17842695116996765,0.9753770232200623,0.5700478553771973,0.7128360867500305,0.0075993663631379604,0.999492883682251,0.46517691016197205,0.709746778011322,-0.0073767052963376045,0.9994338154792786,0.5722166299819946,0.9601123929023743,-0.047358375042676926,0.7753668427467346,0.45968085527420044,0.9621251821517944,-0.012166140601038933,0.7373924851417542,0.5775730013847351,1.171844720840454,0.3903151750564575,0.1314356029033661,0.45808133482933044,1.1643235683441162,0.326751172542572,0.1652202308177948,0.5731843709945679,1.193894624710083,0.4281979203224182,0.1095319390296936,0.4601403772830963,1.1912992000579834,0.35702356696128845,0.09228542447090149,0.5826762914657593,1.2609286308288574,0.28772348165512085,0.06892792135477066,0.45522427558898926,1.243317723274231,0.18829073011875153,0.08593674004077911
2026-04-30T18:49:49.041781,127,0.526354193687439,0.1594514697790146,-0.2865397334098816,0.9999450445175171,0.5388318300247192,0.13802699744701385,-0.2606818974018097,0.9998806715011597,0.5448631048202515,0.13918758928775787,-0.2608460485935211,0.9998931884765625,0.5504679679870605,0.1403985321521759,-0.2609429955482483,0.99988853931427,0.5192650556564331,0.13575775921344757,-0.25970402359962463,0.9998530149459839,0.5123010873794556,0.1355717033147812,-0.2597082853317261,0.999854564666748,0.5061489343643188,0.1357068121433258,-0.25985202193260193,0.999832272529602,0.5555962324142456,0.15347988903522491,-0.11081059277057648,0.9998495578765869,0.49519842863082886,0.15159553289413452,-0.10719327628612518,0.9998248219490051,0.53666752576828,0.1850336343050003,-0.2308809459209442,0.9999509453773499,0.5119611024856567,0.18239068984985352,-0.22952520847320557,0.9999327063560486,0.6158818006515503,0.3295395076274872,-0.0447247251868248,0.9999431371688843,0.43840646743774414,0.31977567076683044,-0.06548769026994705,0.9998446106910706,0.6243880987167358,0.5188192129135132,0.01692022942006588,0.9902737140655518,0.42165297269821167,0.5270188450813293,-0.0403846874833107,0.9918160438537598,0.6289771199226379,0.6942771673202515,-0.12540152668952942,0.9938197135925293,0.41003164649009705,0.7029560208320618,-0.15487489104270935,0.9865109324455261,0.6373239755630493,0.7578171491622925,-0.17812305688858032,0.9886706471443176,0.40319347381591797,0.758522629737854,-0.20229093730449677,0.9740722179412842,0.6272628903388977,0.7559452056884766,-0.22940191626548767,0.9896692633628845,0.41421300172805786,0.7538270354270935,-0.253526896238327,0.9765177369117737,0.6209300756454468,0.7414196729660034,-0.14819853007793427,0.9886637330055237,0.42000094056129456,0.738537609577179,-0.17820551991462708,0.9760561585426331,0.5700495839118958,0.7128354907035828,0.007808940950781107,0.999512255191803,0.46517640352249146,0.7098223567008972,-0.007586704101413488,0.9994552731513977,0.5723572969436646,0.960077166557312,-0.04734206944704056,0.7708950638771057,0.4592999517917633,0.9634835720062256,-0.013832926750183105,0.7342827320098877,0.5777424573898315,1.1740453243255615,0.38820120692253113,0.1264982521533966,0.4562128484249115,1.1669944524765015,0.3183150887489319,0.16003082692623138,0.5734220743179321,1.1963869333267212,0.42593154311180115,0.10576829314231873,0.45756784081459045,1.1942261457443237,0.34792426228523254,0.08921778947114944,0.5828549861907959,1.2626076936721802,0.2853832244873047,0.06612271815538406,0.45457205176353455,1.2454713582992554,0.17637696862220764,0.08283144980669022
2026-04-30T18:49:49.154997,128,0.526171088218689,0.15953944623470306,-0.27456897497177124,0.9999452829360962,0.5387052297592163,0.13814392685890198,-0.24917474389076233,0.9998803734779358,0.5447531938552856,0.13928700983524323,-0.24933674931526184,0.9998934268951416,0.5503506064414978,0.14049051702022552,-0.2494262009859085,0.9998884797096252,0.5191971659660339,0.13589435815811157,-0.248111754655838,0.9998531341552734,0.5122694373130798,0.1356961727142334,-0.24813461303710938,0.9998555183410645,0.5061410665512085,0.13581882417201996,-0.24829046428203583,0.9998330473899841,0.5553898215293884,0.1535431444644928,-0.10230924189090729,0.9998497366905212,0.49527350068092346,0.15168313682079315,-0.09787879884243011,0.9998262524604797,0.5364523530006409,0.18505997955799103,-0.21982116997241974,0.9999502301216125,0.5118942260742188,0.18239761888980865,-0.2183610498905182,0.9999317526817322,0.615955114364624,0.32953888177871704,-0.03823627531528473,0.9999431371688843,0.4385386109352112,0.319759726524353,-0.05985786393284798,0.9998476505279541,0.6243982315063477,0.5183541178703308,0.02097984589636326,0.9905002117156982,0.4216551184654236,0.5268360376358032,-0.03454393893480301,0.9920199513435364,0.6289870142936707,0.6942729353904724,-0.11961515247821808,0.9939591288566589,0.40997233986854553,0.7030733823776245,-0.1406784951686859,0.9869703054428101,0.6373347043991089,0.7577553987503052,-0.17128103971481323,0.9889436364173889,0.4031886160373688,0.7585281133651733,-0.1862039566040039,0.9748886823654175,0.6272763013839722,0.7558963894844055,-0.22114112973213196,0.9899153709411621,0.41425156593322754,0.7538265585899353,-0.23621055483818054,0.9772555232048035,0.6209473013877869,0.7413917183876038,-0.14174862205982208,0.9889533519744873,0.42002254724502563,0.738538920879364,-0.16307125985622406,0.9768297672271729,0.5702049732208252,0.7126337289810181,0.007894815877079964,0.9995296597480774,0.46531766653060913,0.709787905216217,-0.007675031665712595,0.9994766116142273,0.5724210739135742,0.9600661993026733,-0.049690015614032745,0.7669461965560913,0.45929282903671265,0.9634735584259033,-0.015901891514658928,0.7311851978302002,0.5778138637542725,1.175201416015625,0.38520023226737976,0.12172505259513855,0.45597419142723083,1.1682461500167847,0.31400883197784424,0.1550205498933792,0.5735520720481873,1.1977403163909912,0.4231813848018646,0.10234450548887253,0.4571365416049957,1.1956602334976196,0.34367507696151733,0.08662597835063934,0.5828998684883118,1.2633260488510132,0.2841869294643402,0.06333106011152267,0.4545719027519226,1.2464172840118408,0.17300020158290863,0.07986772060394287
2026-04-30T18:49:49.260159,129,0.5265730619430542,0.16017216444015503,-0.27675363421440125,0.9999444484710693,0.5389304161071777,0.13840655982494354,-0.2518598139286041,0.9998791217803955,0.5449267029762268,0.1394903063774109,-0.2520177960395813,0.9998926520347595,0.5504949688911438,0.14063717424869537,-0.2521049976348877,0.9998875856399536,0.5195105075836182,0.13622771203517914,-0.25051864981651306,0.999851405620575,0.5125395059585571,0.13602584600448608,-0.2505333423614502,0.9998540878295898,0.5063830614089966,0.13614489138126373,-0.2506829500198364,0.9998312592506409,0.5554158091545105,0.1535564363002777,-0.1025216355919838,0.999848484992981,0.4953172206878662,0.1519557386636734,-0.1006673201918602,0.9998255372047424,0.5367023348808289,0.18546496331691742,-0.22258014976978302,0.9999491572380066,0.5121046304702759,0.18293175101280212,-0.22117646038532257,0.9999300837516785,0.6159902811050415,0.3296623229980469,-0.03274735063314438,0.9999430179595947,0.43858832120895386,0.31997746229171753,-0.06076633185148239,0.9998477101325989,0.6243680119514465,0.5183550119400024,0.026670437306165695,0.9905754327774048,0.4216559827327728,0.5270260572433472,-0.034719906747341156,0.9921602010726929,0.6288517117500305,0.6943203210830688,-0.12058669328689575,0.9940252900123596,0.4099777638912201,0.7030694484710693,-0.144290491938591,0.9872440099716187,0.6371992826461792,0.7577565312385559,-0.1728089302778244,0.9891023635864258,0.40318116545677185,0.7585791945457458,-0.1910470873117447,0.9753393530845642,0.6271809935569763,0.7559025883674622,-0.22296133637428284,0.9900596737861633,0.4142489433288574,0.7538673281669617,-0.24190326035022736,0.977665901184082,0.6208533048629761,0.7414186596870422,-0.14307811856269836,0.9891214966773987,0.42002686858177185,0.7385708093643188,-0.1671551913022995,0.9772667288780212,0.5701861381530762,0.7129266858100891,0.009174222126603127,0.9995455741882324,0.4652015268802643,0.7099806666374207,-0.008941719308495522,0.9994943141937256,0.5724521279335022,0.9605050683021545,-0.055258262902498245,0.7646046280860901,0.45875677466392517,0.9645208120346069,-0.026952538639307022,0.7290853261947632,0.5777394771575928,1.1780457496643066,0.3844764828681946,0.11740879714488983,0.4552692770957947,1.1698559522628784,0.3156786561012268,0.14895710349082947,0.5735031366348267,1.20053231716156,0.4226965010166168,0.09853806346654892,0.4561896324157715,1.1968562602996826,0.34391850233078003,0.08319716900587082,0.5827242136001587,1.266208291053772,0.278730571269989,0.060794856399297714,0.4545668661594391,1.2478395700454712,0.1748979240655899,0.07659214735031128
2026-04-30T18:49:49.365339,130,0.5265852212905884,0.16017499566078186,-0.2633780539035797,0.9999464154243469,0.5389295220375061,0.13842588663101196,-0.2381230890750885,0.9998831748962402,0.5449270009994507,0.13952063024044037,-0.23828056454658508,0.9998965263366699,0.5504956245422363,0.1406818926334381,-0.2383691519498825,0.9998915791511536,0.5195008516311646,0.13623598217964172,-0.23675087094306946,0.999856173992157,0.5125299096107483,0.13603566586971283,-0.236760213971138,0.9998589754104614,0.5063754320144653,0.1361590027809143,-0.2369057834148407,0.9998366832733154,0.5554019212722778,0.1536690592765808,-0.0938367024064064,0.9998540878295898,0.4953188896179199,0.15207086503505707,-0.08881417661905289,0.9998312592506409,0.5367069840431213,0.18547199666500092,-0.21010883152484894,0.9999505281448364,0.5121296644210815,0.1829347461462021,-0.20834043622016907,0.9999316930770874,0.6162052750587463,0.32980653643608093,-0.03243459761142731,0.9999445676803589,0.4386502802371979,0.31998953223228455,-0.05397632718086243,0.9998509883880615,0.6243917346000671,0.5184791684150696,0.025956522673368454,0.9908154606819153,0.42167001962661743,0.5268375873565674,-0.02881726063787937,0.9923102855682373,0.6288536190986633,0.6949623823165894,-0.11603301763534546,0.9942010045051575,0.4100029468536377,0.7028650045394897,-0.1328631341457367,0.9876446723937988,0.6372088193893433,0.758061408996582,-0.16695694625377655,0.9894412159919739,0.40317392349243164,0.7585846781730652,-0.1782049834728241,0.9760720133781433,0.6271429657936096,0.7562814950942993,-0.216364786028862,0.9903621673583984,0.4142445921897888,0.7538911700248718,-0.22818441689014435,0.9783246517181396,0.6208099722862244,0.7419813275337219,-0.13783416152000427,0.989466667175293,0.42003098130226135,0.7385773062705994,-0.15528351068496704,0.977957010269165,0.5701877474784851,0.712963342666626,0.008754630573093891,0.9995676875114441,0.4651547968387604,0.7099451422691345,-0.008531628176569939,0.9995166063308716,0.5724555850028992,0.9606679677963257,-0.06363457441329956,0.7646138072013855,0.45870429277420044,0.9644362330436707,-0.026825448498129845,0.7287497520446777,0.5777727365493774,1.1795796155929565,0.3697083592414856,0.11458928883075714,0.4552549421787262,1.1698521375656128,0.32081758975982666,0.14512480795383453,0.5737264156341553,1.201978087425232,0.407498300075531,0.09589385986328125,0.45618706941604614,1.1968131065368652,0.3512202203273773,0.08121729642152786,0.5825664401054382,1.2687021493911743,0.26804429292678833,0.05896726995706558,0.454531729221344,1.247991919517517,0.19107532501220703,0.074427530169487
2026-04-30T18:49:49.471602,131,0.5276914238929749,0.1601763516664505,-0.27983909845352173,0.9999465346336365,0.5393391847610474,0.13826218247413635,-0.2561650276184082,0.9998839497566223,0.5452549457550049,0.13927458226680756,-0.2563023865222931,0.9998965263366699,0.5508005023002625,0.1403653770685196,-0.2564016282558441,0.9998920559883118,0.5197657346725464,0.13618166744709015,-0.2552567422389984,0.9998573064804077,0.5126535892486572,0.13599517941474915,-0.255234032869339,0.9998589754104614,0.506420373916626,0.136135071516037,-0.2553676962852478,0.9998375773429871,0.5554772019386292,0.15334844589233398,-0.11473137140274048,0.9998542070388794,0.4952029585838318,0.1520465463399887,-0.11132369935512543,0.9998313784599304,0.5374695062637329,0.1854775995016098,-0.22728371620178223,0.999951183795929,0.5129885673522949,0.18310078978538513,-0.22579197585582733,0.9999328255653381,0.616320013999939,0.3298152983188629,-0.050098709762096405,0.9999436140060425,0.43859776854515076,0.3199944496154785,-0.07199677079916,0.9998496174812317,0.6243805885314941,0.5179935097694397,0.013835999183356762,0.9902669787406921,0.4215652048587799,0.5267647504806519,-0.043680474162101746,0.992068350315094,0.6288508772850037,0.6950143575668335,-0.11683227866888046,0.9938921928405762,0.40979212522506714,0.7025495171546936,-0.13813412189483643,0.9871066808700562,0.6371134519577026,0.7579918503761292,-0.16857591271400452,0.9888721704483032,0.4029613435268402,0.7583531141281128,-0.17905740439891815,0.9750641584396362,0.6271286010742188,0.7561388611793518,-0.2185007631778717,0.9898117780685425,0.41405290365219116,0.7536088228225708,-0.22971102595329285,0.9773921370506287,0.6208073496818542,0.7419084310531616,-0.13806912302970886,0.9888467192649841,0.4198172092437744,0.7383472323417664,-0.16023826599121094,0.977029025554657,0.5701763033866882,0.712924063205719,0.00855054147541523,0.9995520114898682,0.46497097611427307,0.7098165154457092,-0.00833012443035841,0.9995039701461792,0.5724427700042725,0.9600316882133484,-0.051259808242321014,0.7696241736412048,0.45866894721984863,0.9632840752601624,-0.005588266532868147,0.7327481508255005,0.5774264931678772,1.1704776287078857,0.37058404088020325,0.12453705072402954,0.4553813338279724,1.1635159254074097,0.3240043520927429,0.1548706293106079,0.5729205012321472,1.1921509504318237,0.4066290259361267,0.1017795205116272,0.45681867003440857,1.1900749206542969,0.35296380519866943,0.08546333760023117,0.5825373530387878,1.2625195980072021,0.2665368616580963,0.06469167023897171,0.45362597703933716,1.2438437938690186,0.1920013576745987,0.08038763701915741
2026-04-30T18:49:49.585979,132,0.52914959192276,0.16024161875247955,-0.28157728910446167,0.9999468922615051,0.5400630235671997,0.13828106224536896,-0.257191002368927,0.9998852014541626,0.5457649827003479,0.13928569853305817,-0.2573361098766327,0.999897301197052,0.5511676669120789,0.14036960899829865,-0.25744345784187317,0.9998931288719177,0.5209790468215942,0.13619692623615265,-0.2573539614677429,0.9998592734336853,0.5137839317321777,0.13600309193134308,-0.25733909010887146,0.9998605847358704,0.50740647315979,0.136139377951622,-0.25747495889663696,0.9998400211334229,0.5554749965667725,0.153352752327919,-0.11453776061534882,0.9998550415039062,0.4954740107059479,0.15205340087413788,-0.11365101486444473,0.9998337626457214,0.538028359413147,0.1855209767818451,-0.22817263007164001,0.9999515414237976,0.5142956376075745,0.18316657841205597,-0.22803819179534912,0.9999336004257202,0.6162943840026855,0.32983559370040894,-0.04942789673805237,0.99994295835495,0.438603937625885,0.3199863135814667,-0.07559891045093536,0.999850869178772,0.6240674257278442,0.5179852843284607,0.010787639766931534,0.9901065826416016,0.42156991362571716,0.5266615152359009,-0.054048605263233185,0.9921526312828064,0.6287673711776733,0.6962012648582458,-0.13238437473773956,0.9937667846679688,0.40979188680648804,0.7026465535163879,-0.15817905962467194,0.9871810078620911,0.6369675397872925,0.7581172585487366,-0.1862301528453827,0.9886404275894165,0.40296101570129395,0.75846266746521,-0.20409317314624786,0.9751318693161011,0.6269324421882629,0.7562328577041626,-0.2360844612121582,0.9895979762077332,0.414057195186615,0.7538079023361206,-0.25337663292884827,0.9774531722068787,0.6206908226013184,0.7421013116836548,-0.15471895039081573,0.9886212348937988,0.41981950402259827,0.7386952042579651,-0.18031302094459534,0.9770833849906921,0.570301353931427,0.7127508521080017,0.008611327037215233,0.9995455741882324,0.4650922417640686,0.7098169326782227,-0.008385909721255302,0.9995020627975464,0.5725886821746826,0.9599294066429138,-0.049294669181108475,0.7652866244316101,0.4586617946624756,0.9628859758377075,-0.007375733461230993,0.7289710640907288,0.5777417421340942,1.1706434488296509,0.3717738687992096,0.12232634425163269,0.45479878783226013,1.1638144254684448,0.3055805563926697,0.15386608242988586,0.5731034278869629,1.1922367811203003,0.407758891582489,0.1004873514175415,0.4562082290649414,1.191037893295288,0.33285969495773315,0.08472874760627747,0.583490252494812,1.2624058723449707,0.26703307032585144,0.06363222748041153,0.45260801911354065,1.243899941444397,0.16101717948913574,0.07980576902627945
2026-04-30T18:49:49.705644,133,0.529950737953186,0.16023355722427368,-0.292851984500885,0.9999478459358215,0.5404971837997437,0.13827255368232727,-0.26708516478538513,0.9998875260353088,0.5461320877075195,0.13928110897541046,-0.26724326610565186,0.9998992085456848,0.5514734387397766,0.14036701619625092,-0.2673559784889221,0.9998952746391296,0.5215915441513062,0.1361546814441681,-0.26808780431747437,0.9998622536659241,0.5143497586250305,0.13595052063465118,-0.26807764172554016,0.99986332654953,0.5079113245010376,0.13608603179454803,-0.26822155714035034,0.9998433589935303,0.5554822683334351,0.15333716571331024,-0.11900627613067627,0.9998576641082764,0.49553990364074707,0.15204979479312897,-0.12246352434158325,0.9998370409011841,0.5384700894355774,0.18549881875514984,-0.2374163568019867,0.999952495098114,0.5148770809173584,0.18313108384609222,-0.2385263890028,0.99993497133255,0.6163716912269592,0.3299965560436249,-0.053012460470199585,0.9999427199363708,0.438547283411026,0.32004186511039734,-0.08146217465400696,0.9998515248298645,0.6239430904388428,0.518065333366394,0.006961884442716837,0.9900645613670349,0.4214480519294739,0.5266712307929993,-0.058180518448352814,0.992158830165863,0.6287443041801453,0.6963163614273071,-0.13836278021335602,0.9937061667442322,0.40968480706214905,0.7026559114456177,-0.16548755764961243,0.9871187210083008,0.636957049369812,0.7584031820297241,-0.19163459539413452,0.9885218739509583,0.4027758538722992,0.7585596442222595,-0.2122000902891159,0.9749882817268372,0.6269235014915466,0.7565810680389404,-0.24221403896808624,0.9894919991493225,0.41402068734169006,0.754052996635437,-0.26252466440200806,0.9773313999176025,0.6206871867179871,0.7423540949821472,-0.1610729992389679,0.988510012626648,0.4198104441165924,0.7390223741531372,-0.18823017179965973,0.976969301700592,0.5703506469726562,0.7126385569572449,0.008554758504033089,0.9995412230491638,0.46508875489234924,0.709877610206604,-0.008327381685376167,0.9995008707046509,0.5726036429405212,0.959553062915802,-0.04508700221776962,0.766128420829773,0.458420991897583,0.9627414345741272,-0.008208237588405609,0.7302113175392151,0.5777248740196228,1.1700172424316406,0.385736882686615,0.12264886498451233,0.4542384147644043,1.163671851158142,0.30672594904899597,0.15450695157051086,0.57309490442276,1.1918619871139526,0.42305436730384827,0.10102544724941254,0.45577144622802734,1.1908504962921143,0.33387041091918945,0.08515547215938568,0.5835365056991577,1.2608871459960938,0.28578269481658936,0.06373118609189987,0.45151764154434204,1.243286371231079,0.1643596589565277,0.07996498793363571
2026-04-30T18:49:49.814701,134,0.5321776866912842,0.1601644903421402,-0.293928325176239,0.9999464750289917,0.5415245294570923,0.1382085531949997,-0.2670094072818756,0.9998863339424133,0.5469090342521667,0.13920007646083832,-0.2671714127063751,0.9998977184295654,0.5520083904266357,0.1402817666530609,-0.26728397607803345,0.9998942613601685,0.5230115652084351,0.13614676892757416,-0.269080251455307,0.9998608231544495,0.5156742334365845,0.13594648241996765,-0.2690834403038025,0.9998615980148315,0.5089746713638306,0.13608600199222565,-0.26923736929893494,0.9998421669006348,0.5554550886154175,0.15333212912082672,-0.1136338859796524,0.9998557567596436,0.49573221802711487,0.1520584672689438,-0.12272150814533234,0.9998357892036438,0.5395785570144653,0.1854461282491684,-0.23713982105255127,0.9999522566795349,0.5168203115463257,0.18313635885715485,-0.23950719833374023,0.9999344944953918,0.6163941621780396,0.3301405608654022,-0.04191508889198303,0.9999423623085022,0.43845444917678833,0.3203437924385071,-0.08227308094501495,0.9998496174812317,0.6237426996231079,0.5181061625480652,0.0186736099421978,0.9900159239768982,0.42131200432777405,0.5273067355155945,-0.05883806198835373,0.9922806024551392,0.6287457942962646,0.6962719559669495,-0.13754470646381378,0.9936853051185608,0.4095296859741211,0.702915608882904,-0.1709793359041214,0.9873059391975403,0.6369546055793762,0.7584239840507507,-0.19040146470069885,0.9884514212608337,0.4027079641819,0.7588172554969788,-0.2200729101896286,0.9752310514450073,0.6269239187240601,0.7565918564796448,-0.24113456904888153,0.9894438982009888,0.4139986038208008,0.7541711330413818,-0.27065834403038025,0.9775698781013489,0.6206852197647095,0.7423573732376099,-0.16005536913871765,0.9884581565856934,0.41977959871292114,0.7391160130500793,-0.1937839686870575,0.9771650433540344,0.5703433752059937,0.7126372456550598,0.010667559690773487,0.999542236328125,0.4650391638278961,0.710122287273407,-0.010435959324240685,0.9995005130767822,0.5726004838943481,0.959925651550293,-0.053608573973178864,0.758176326751709,0.4582158625125885,0.9649940133094788,-0.04021978750824928,0.7213550209999084,0.578255295753479,1.1750818490982056,0.39406007528305054,0.11766612529754639,0.45312467217445374,1.1684187650680542,0.3101998567581177,0.14789323508739471,0.5741890072822571,1.1966913938522339,0.433830589056015,0.09710776060819626,0.4538942873477936,1.19416344165802,0.33855777978897095,0.0812813937664032,0.5836041569709778,1.265086054801941,0.2896568775177002,0.06131460517644882,0.4522591233253479,1.247867465019226,0.1676943153142929,0.07664736360311508
2026-04-30T18:49:49.928472,135,0.5341516733169556,0.16016195714473724,-0.2779983878135681,0.9999476671218872,0.5426441431045532,0.13806350529193878,-0.25010767579078674,0.9998894333839417,0.547890841960907,0.13899728655815125,-0.25026774406433105,0.9999003410339355,0.5528773665428162,0.14004597067832947,-0.2503649592399597,0.9998968243598938,0.5241948366165161,0.13613292574882507,-0.25456538796424866,0.9998650550842285,0.5165961980819702,0.13594383001327515,-0.25457268953323364,0.9998658895492554,0.5095728635787964,0.13608905673027039,-0.2547011971473694,0.9998469948768616,0.5555477738380432,0.15319213271141052,-0.09350202232599258,0.9998594522476196,0.4957359731197357,0.15204212069511414,-0.11402597278356552,0.9998422265052795,0.541157603263855,0.18544842302799225,-0.21961061656475067,0.9999532103538513,0.5184444189071655,0.1833592802286148,-0.22525525093078613,0.9999362230300903,0.6160422563552856,0.3295275568962097,-0.02093973197042942,0.9999434351921082,0.43836766481399536,0.3203554153442383,-0.07836227118968964,0.9998518824577332,0.6239045858383179,0.5175918936729431,0.044893570244312286,0.9901326298713684,0.4213098883628845,0.5276709198951721,-0.058501727879047394,0.9925175309181213,0.6291177272796631,0.6957655549049377,-0.09959030151367188,0.9938081502914429,0.409494012594223,0.7034105062484741,-0.16985668241977692,0.9876924753189087,0.6373536586761475,0.7579254508018494,-0.15142600238323212,0.9886427521705627,0.4026927947998047,0.7592157125473022,-0.2190583050251007,0.9758803248405457,0.6271770596504211,0.7561361193656921,-0.20144879817962646,0.9896215796470642,0.4140026569366455,0.7546125054359436,-0.2689492106437683,0.978164553642273,0.6208649277687073,0.7421492338180542,-0.12212912738323212,0.988675057888031,0.41978245973587036,0.739650547504425,-0.19201448559761047,0.9777700304985046,0.5705474615097046,0.7122483849525452,0.012801123782992363,0.9995586276054382,0.4651147425174713,0.709725022315979,-0.012545575387775898,0.9995168447494507,0.5728715062141418,0.9599558711051941,-0.05355174094438553,0.7567574977874756,0.4582578241825104,0.9649526476860046,-0.035037025809288025,0.7180838584899902,0.5785312056541443,1.1761614084243774,0.3892369866371155,0.11448848992586136,0.4532841145992279,1.1686729192733765,0.3122630715370178,0.1435386836528778,0.5742400884628296,1.1981710195541382,0.4278934895992279,0.0950118750333786,0.4539705812931061,1.1943929195404053,0.341267853975296,0.07882709801197052,0.5852718353271484,1.2660702466964722,0.2849796414375305,0.05950991064310074,0.45329365134239197,1.2482316493988037,0.1702292412519455,0.0741892084479332
2026-04-30T18:49:50.033887,136,0.5356399416923523,0.16029022634029388,-0.27386555075645447,0.9999483823776245,0.5436450242996216,0.13809166848659515,-0.24633249640464783,0.9998915791511536,0.5486843585968018,0.13901224732398987,-0.24650423228740692,0.9999021887779236,0.5534345507621765,0.14005336165428162,-0.24660822749137878,0.9998987913131714,0.5255638360977173,0.13622698187828064,-0.25098177790641785,0.999867856502533,0.5179334878921509,0.1360447108745575,-0.2509908676147461,0.9998686909675598,0.5107012987136841,0.13620050251483917,-0.2511219084262848,0.9998502135276794,0.5555211901664734,0.15321098268032074,-0.0919191986322403,0.9998623132705688,0.49602842330932617,0.15206632018089294,-0.11305636167526245,0.9998467564582825,0.5421384572982788,0.18560494482517242,-0.21611210703849792,0.9999536275863647,0.5198532342910767,0.18372729420661926,-0.22199790179729462,0.9999370574951172,0.6160436868667603,0.329577773809433,-0.02324375882744789,0.9999440908432007,0.43795260787010193,0.3205411732196808,-0.07798266410827637,0.9998531937599182,0.6235005259513855,0.5174551606178284,0.039488285779953,0.9901456832885742,0.42126718163490295,0.5281161665916443,-0.0586695596575737,0.9927223324775696,0.6291052103042603,0.6957076787948608,-0.10595198720693588,0.9938391447067261,0.40950894355773926,0.7035768032073975,-0.16866417229175568,0.987969696521759,0.6373543739318848,0.7578405737876892,-0.1581612080335617,0.9887129068374634,0.40273603796958923,0.7593087553977966,-0.21744298934936523,0.976361870765686,0.6271782517433167,0.7560594081878662,-0.2083154171705246,0.9896887540817261,0.41402667760849,0.7548308968544006,-0.26769116520881653,0.9786084294319153,0.6208633184432983,0.7420743107795715,-0.1285480260848999,0.9887752532958984,0.41978567838668823,0.7398689985275269,-0.19095689058303833,0.9782254099845886,0.570550799369812,0.7122213244438171,0.012820367701351643,0.9995676875114441,0.46497243642807007,0.7097584009170532,-0.012559290044009686,0.99952632188797,0.5728844404220581,0.9599248170852661,-0.05194928124547005,0.7530256509780884,0.45821014046669006,0.9648845791816711,-0.032997097820043564,0.7139334082603455,0.5789766907691956,1.1774506568908691,0.3859906494617462,0.11077884584665298,0.4529992938041687,1.1696968078613281,0.31048157811164856,0.13962668180465698,0.5747040510177612,1.1997203826904297,0.423901230096817,0.0924220085144043,0.4536147117614746,1.1959517002105713,0.3397209048271179,0.07680033147335052,0.5859376192092896,1.2673240900039673,0.28368526697158813,0.05739206820726395,0.45315417647361755,1.249275803565979,0.16863711178302765,0.07184658944606781
2026-04-30T18:49:50.140258,137,0.5354679822921753,0.16016404330730438,-0.2877216935157776,0.9999476075172424,0.5436511635780334,0.13807715475559235,-0.2594919800758362,0.999890148639679,0.548721194267273,0.13899929821491241,-0.259677916765213,0.9999010562896729,0.5534892678260803,0.14004197716712952,-0.2598007321357727,0.9998978972434998,0.5255722403526306,0.13621920347213745,-0.2632336914539337,0.9998660087585449,0.5180067420005798,0.13604159653186798,-0.26324671506881714,0.999866783618927,0.5108603239059448,0.13620243966579437,-0.2634023427963257,0.9998482465744019,0.5555246472358704,0.15322096645832062,-0.10078777372837067,0.9998610615730286,0.49609947204589844,0.15207551419734955,-0.11839522421360016,0.9998440146446228,0.5421147346496582,0.18541128933429718,-0.22853276133537292,0.9999532103538513,0.5197621583938599,0.18352659046649933,-0.23328617215156555,0.9999361634254456,0.616091787815094,0.32953912019729614,-0.03214491531252861,0.9999440312385559,0.4379323124885559,0.32064807415008545,-0.07833750545978546,0.999850869178772,0.6236500144004822,0.5176254510879517,0.02404865436255932,0.9902707934379578,0.421252965927124,0.5281793475151062,-0.058279119431972504,0.9927058815956116,0.6292078495025635,0.6957055330276489,-0.13767516613006592,0.9938596487045288,0.4094771444797516,0.703689455986023,-0.16819091141223907,0.9879022836685181,0.6374751329421997,0.7578811645507812,-0.19407323002815247,0.9887364506721497,0.40271586179733276,0.7594164609909058,-0.21658842265605927,0.9762115478515625,0.6272707581520081,0.7560939192771912,-0.24550195038318634,0.9897236227989197,0.41402387619018555,0.7549497485160828,-0.2666848301887512,0.9784907102584839,0.6209238767623901,0.7420855760574341,-0.1611344963312149,0.9888120293617249,0.4197775721549988,0.7400432825088501,-0.19038304686546326,0.9780965447425842,0.5705782175064087,0.7120373845100403,0.012682797387242317,0.9995609521865845,0.46496468782424927,0.7097545862197876,-0.012420876882970333,0.999519407749176,0.5729480981826782,0.9598265886306763,-0.0539807453751564,0.7501258850097656,0.4579365849494934,0.9651552438735962,-0.03346839174628258,0.7108834981918335,0.5788280963897705,1.1774266958236694,0.3928362727165222,0.10811973363161087,0.45219072699546814,1.1702936887741089,0.3111743628978729,0.13653631508350372,0.5746915340423584,1.1996561288833618,0.43240389227867126,0.09048447757959366,0.452753484249115,1.1965289115905762,0.33992892503738403,0.07510047405958176,0.5848089456558228,1.2671674489974976,0.28974196314811707,0.0560077428817749,0.45302408933639526,1.2496052980422974,0.17002388834953308,0.07013881206512451
2026-04-30T18:49:50.257860,138,0.5353468656539917,0.16004334390163422,-0.2994973361492157,0.9999476075172424,0.5436450839042664,0.13759543001651764,-0.2714431583881378,0.9998907446861267,0.5487349033355713,0.1384904831647873,-0.27162298560142517,0.9999013543128967,0.553521454334259,0.1395445019006729,-0.2717353105545044,0.9998984336853027,0.5255206823348999,0.13589157164096832,-0.2745320498943329,0.9998666048049927,0.517966628074646,0.13577412068843842,-0.27453649044036865,0.9998672008514404,0.5108405351638794,0.13599848747253418,-0.2746901214122772,0.9998489022254944,0.5555251836776733,0.15295137465000153,-0.11237722635269165,0.9998612403869629,0.4960166811943054,0.15200644731521606,-0.12691646814346313,0.9998446702957153,0.5421390533447266,0.18540267646312714,-0.24037334322929382,0.9999535083770752,0.5197099447250366,0.1835397183895111,-0.24425426125526428,0.9999366402626038,0.6162221431732178,0.3298284113407135,-0.0408736951649189,0.9999440908432007,0.4377825856208801,0.3211057484149933,-0.08727375417947769,0.9998493790626526,0.6236132383346558,0.517953634262085,0.015270253643393517,0.990300714969635,0.42123812437057495,0.5289068222045898,-0.06912733614444733,0.9927422404289246,0.6291725039482117,0.6960283517837524,-0.14495201408863068,0.9938994646072388,0.40943747758865356,0.7042090892791748,-0.18490184843540192,0.9878805875778198,0.6374639868736267,0.7580217719078064,-0.2013368308544159,0.9887912273406982,0.402672678232193,0.7596468329429626,-0.2349632978439331,0.9761551022529602,0.627259373664856,0.7562504410743713,-0.2525140643119812,0.989780843257904,0.4140251576900482,0.7551307678222656,-0.2859826385974884,0.9784521460533142,0.6209158897399902,0.7422353625297546,-0.1683637797832489,0.9888754487037659,0.41977787017822266,0.7402332425117493,-0.20796553790569305,0.9780606031417847,0.5705804824829102,0.7122361063957214,0.0130980359390378,0.9995625019073486,0.46485215425491333,0.7099646329879761,-0.012834516353905201,0.9995203018188477,0.5729838609695435,0.959844172000885,-0.046743232756853104,0.7460755705833435,0.4577759802341461,0.9652411937713623,-0.02963722124695778,0.7083144783973694,0.5788131952285767,1.178285002708435,0.3996877670288086,0.10582505166530609,0.4506458342075348,1.1713693141937256,0.3119657635688782,0.13470183312892914,0.5746580362319946,1.200507640838623,0.43857988715171814,0.08876786381006241,0.45084452629089355,1.1978472471237183,0.34126731753349304,0.07357189804315567,0.5848013758659363,1.2678945064544678,0.29226282238960266,0.05487537756562233,0.4524363577365875,1.2510778903961182,0.16719144582748413,0.06897731870412827
2026-04-30T18:49:50.372166,139,0.5349964499473572,0.160116508603096,-0.29391127824783325,0.9999473094940186,0.543452799320221,0.13783638179302216,-0.26617321372032166,0.9998905062675476,0.5485891699790955,0.13875512778759003,-0.26635199785232544,0.9999008178710938,0.5534295439720154,0.13982300460338593,-0.2664644420146942,0.9998981952667236,0.5251496434211731,0.13608425855636597,-0.26874229311943054,0.9998663663864136,0.5176087617874146,0.13597264885902405,-0.2687416672706604,0.9998666048049927,0.5105754733085632,0.13620826601982117,-0.26889538764953613,0.9998486638069153,0.5555102229118347,0.1531859040260315,-0.10889242589473724,0.9998607635498047,0.4959099292755127,0.1521361917257309,-0.1208333820104599,0.9998441934585571,0.5420804023742676,0.18547920882701874,-0.23532767593860626,0.9999533891677856,0.5192943215370178,0.1836327463388443,-0.23853711783885956,0.9999364614486694,0.6161976456642151,0.32983461022377014,-0.039028190076351166,0.999944269657135,0.4377436637878418,0.3212309777736664,-0.0793771967291832,0.9998482465744019,0.6236128807067871,0.5176810622215271,0.018845032900571823,0.9903267025947571,0.42129310965538025,0.528949499130249,-0.061031948775053024,0.9927132725715637,0.6289951205253601,0.6959658861160278,-0.1349819004535675,0.9939435124397278,0.40944045782089233,0.7041705846786499,-0.18025504052639008,0.9879428744316101,0.6372500658035278,0.7580193281173706,-0.18943259119987488,0.9888510704040527,0.402660608291626,0.7596175074577332,-0.230669304728508,0.9762568473815918,0.6270474791526794,0.7562090754508972,-0.23993198573589325,0.9898335337638855,0.4139842391014099,0.7550394535064697,-0.28194814920425415,0.9785512089729309,0.620684027671814,0.7421562671661377,-0.15764886140823364,0.9889302253723145,0.4197414517402649,0.740043044090271,-0.20335154235363007,0.978130042552948,0.5705971121788025,0.7124876379966736,0.012359924614429474,0.9995571374893188,0.46485012769699097,0.7103464007377625,-0.012096324004232883,0.9995135068893433,0.5729789137840271,0.9599637389183044,-0.050373803824186325,0.7448412179946899,0.4576340317726135,0.965586245059967,-0.029517319053411484,0.7063535451889038,0.5788118839263916,1.1796237230300903,0.3839243948459625,0.10499966889619827,0.45036083459854126,1.1739239692687988,0.30207282304763794,0.1337497979402542,0.5746992826461792,1.2021337747573853,0.4210151135921478,0.0876164436340332,0.45071521401405334,1.2008658647537231,0.3307872414588928,0.07267279922962189,0.5844157934188843,1.2691247463226318,0.2747410237789154,0.05434490740299225,0.4518202841281891,1.253476619720459,0.15497969090938568,0.06835504621267319
2026-04-30T18:49:50.480975,140,0.5349069833755493,0.1601307988166809,-0.2943550944328308,0.99994957447052,0.5435003638267517,0.13777564465999603,-0.2673777937889099,0.9998953342437744,0.5486927628517151,0.13866892457008362,-0.2675524353981018,0.999904990196228,0.5536258220672607,0.1397114396095276,-0.2676648497581482,0.9999025464057922,0.5251133441925049,0.13600614666938782,-0.26918938755989075,0.9998721480369568,0.5175925493240356,0.1358589082956314,-0.2691803574562073,0.9998720288276672,0.5105306506156921,0.1360664963722229,-0.2693227529525757,0.9998548626899719,0.5558091402053833,0.15287283062934875,-0.11568404734134674,0.9998667240142822,0.49586090445518494,0.15181320905685425,-0.12280838191509247,0.9998505115509033,0.5421088933944702,0.18548917770385742,-0.23736098408699036,0.999955415725708,0.5192391276359558,0.1836376041173935,-0.2394636869430542,0.9999393224716187,0.6162754893302917,0.3298400938510895,-0.05428539589047432,0.9999455809593201,0.43776607513427734,0.3212396502494812,-0.08052299916744232,0.9998493790626526,0.6236132383346558,0.5177903771400452,-0.0025085615925490856,0.9903462529182434,0.4212923049926758,0.5289697051048279,-0.06254248321056366,0.992613673210144,0.628960371017456,0.6960216164588928,-0.15178410708904266,0.9939606189727783,0.40944188833236694,0.7042253613471985,-0.17790988087654114,0.9876850247383118,0.6372159123420715,0.7581226825714111,-0.206045001745224,0.9888562560081482,0.40264225006103516,0.7597552537918091,-0.227316215634346,0.9757925868034363,0.6270354986190796,0.7563241720199585,-0.2550916373729706,0.9898288249969482,0.41397491097450256,0.7552438378334045,-0.2783649265766144,0.9781321287155151,0.6206763982772827,0.7422338724136353,-0.17385849356651306,0.9889178276062012,0.4197402596473694,0.740260660648346,-0.20091180503368378,0.9777461290359497,0.570590078830719,0.7125113010406494,0.009423402138054371,0.9995505809783936,0.4648663103580475,0.7104353308677673,-0.009163770824670792,0.9995051622390747,0.573142409324646,0.9598047137260437,-0.044246308505535126,0.7475747466087341,0.45762890577316284,0.9648501873016357,-0.004046390764415264,0.708825945854187,0.5789477825164795,1.1771150827407837,0.38201960921287537,0.10868401825428009,0.4504386782646179,1.1714178323745728,0.3039992153644562,0.1398094743490219,0.5748177766799927,1.1999324560165405,0.4180756211280823,0.09027933329343796,0.4512391984462738,1.1992565393447876,0.33360201120376587,0.07609060406684875,0.584751546382904,1.2668614387512207,0.27530211210250854,0.05604960024356842,0.4498973488807678,1.2508716583251953,0.15778984129428864,0.07131946831941605
2026-04-30T18:49:50.595386,141,0.5352046489715576,0.16017930209636688,-0.2892701029777527,0.9999510049819946,0.5437527894973755,0.13779416680335999,-0.2619599997997284,0.9998984336853027,0.5489131212234497,0.13868285715579987,-0.26212796568870544,0.9999078512191772,0.553809642791748,0.1397208720445633,-0.2622305750846863,0.9999054670333862,0.5255382657051086,0.13603663444519043,-0.26444941759109497,0.9998759031295776,0.5180526971817017,0.13588707149028778,-0.2644444406032562,0.9998757839202881,0.510967493057251,0.1360975056886673,-0.2645809054374695,0.9998590350151062,0.555825412273407,0.15289990603923798,-0.10988582670688629,0.9998707175254822,0.4960900843143463,0.15192078053951263,-0.12069535255432129,0.9998550415039062,0.5422713756561279,0.18553632497787476,-0.23242652416229248,0.9999565482139587,0.5195633172988892,0.1837538331747055,-0.23553653061389923,0.9999409317970276,0.6163293123245239,0.32992225885391235,-0.04919665679335594,0.9999467730522156,0.4377650320529938,0.32131922245025635,-0.07984030246734619,0.999850869178772,0.6236117482185364,0.5178660750389099,0.0033794499468058348,0.9905661940574646,0.4208725392818451,0.5291683077812195,-0.06190295144915581,0.9927501082420349,0.6289576888084412,0.696038007736206,-0.14467570185661316,0.9941332936286926,0.4094391465187073,0.7044706344604492,-0.17173564434051514,0.987930953502655,0.6372576355934143,0.7581478953361511,-0.1989334672689438,0.9891459345817566,0.40263891220092773,0.7599659562110901,-0.21971586346626282,0.9762117862701416,0.627071738243103,0.7563503980636597,-0.2473229616880417,0.990096926689148,0.41399097442626953,0.7554814219474792,-0.26987355947494507,0.9785215854644775,0.6206958293914795,0.74224454164505,-0.16657672822475433,0.98921138048172,0.4197586178779602,0.7405083179473877,-0.19427654147148132,0.9781513810157776,0.5705845952033997,0.7125933170318604,0.009827187284827232,0.9995613694190979,0.4649201035499573,0.7105849981307983,-0.009571513161063194,0.9995163679122925,0.5730986595153809,0.9600534439086914,-0.041947606950998306,0.746964156627655,0.45763856172561646,0.96484375,-0.006719077937304974,0.7073808908462524,0.5789366960525513,1.1769740581512451,0.3913305401802063,0.10694458335638046,0.4505435824394226,1.171409010887146,0.30695003271102905,0.13808448612689972,0.5748164057731628,1.1996806859970093,0.4289535582065582,0.08928009122610092,0.4512860178947449,1.199220061302185,0.3365771174430847,0.07501280307769775,0.5847240686416626,1.2665696144104004,0.28863444924354553,0.05510634556412697,0.4505402445793152,1.250827670097351,0.16106894612312317,0.07015667110681534
2026-04-30T18:49:50.707401,142,0.53594970703125,0.16018915176391602,-0.2808241546154022,0.9999523162841797,0.544450581073761,0.13780543208122253,-0.252279669046402,0.999901533126831,0.5496065616607666,0.13868960738182068,-0.252450168132782,0.9999106526374817,0.5544552803039551,0.13972391188144684,-0.25255316495895386,0.9999082684516907,0.5262377262115479,0.13604380190372467,-0.25609299540519714,0.999879777431488,0.5186959505081177,0.13588789105415344,-0.25610053539276123,0.9998798370361328,0.5114332437515259,0.1360929310321808,-0.25623518228530884,0.9998636245727539,0.5560607314109802,0.1529042273759842,-0.09643189609050751,0.9998748302459717,0.4963096082210541,0.15192413330078125,-0.11398495733737946,0.999860405921936,0.5427490472793579,0.18557605147361755,-0.22287991642951965,0.9999576210975647,0.5202386379241943,0.18382126092910767,-0.22785285115242004,0.999942421913147,0.6163331270217896,0.3299359977245331,-0.03350870683789253,0.9999475479125977,0.43776383996009827,0.3215847909450531,-0.07464764267206192,0.9998521208763123,0.6236180067062378,0.5178764462471008,0.027999404817819595,0.9907159805297852,0.4208194613456726,0.5294773578643799,-0.053529299795627594,0.9929311871528625,0.6289621591567993,0.6959459781646729,-0.11514302343130112,0.9942333698272705,0.40945640206336975,0.7046369910240173,-0.16002583503723145,0.9882809519767761,0.6372794508934021,0.7582280039787292,-0.16682174801826477,0.9893203377723694,0.40264415740966797,0.7599990367889404,-0.20658545196056366,0.9768160581588745,0.6270660758018494,0.7564513087272644,-0.21515217423439026,0.9902589321136475,0.413997083902359,0.7555269598960876,-0.25559115409851074,0.9790760278701782,0.620681881904602,0.7422895431518555,-0.13673950731754303,0.9894043803215027,0.41977375745773315,0.7405771017074585,-0.18171049654483795,0.9787037968635559,0.5706251263618469,0.7130830883979797,0.010028187185525894,0.9995718598365784,0.46497082710266113,0.711534857749939,-0.009778877720236778,0.9995250105857849,0.5731040835380554,0.9615890979766846,-0.054502833634614944,0.7442914247512817,0.45763492584228516,0.9667335748672485,-0.02507273480296135,0.7028433084487915,0.5791251063346863,1.1800309419631958,0.38996753096580505,0.10368557274341583,0.451810359954834,1.1734755039215088,0.30749720335006714,0.1337374895811081,0.5753042101860046,1.2026464939117432,0.4284341335296631,0.08692312985658646,0.4524759352207184,1.2006267309188843,0.33750954270362854,0.07279808074235916,0.5847450494766235,1.2692444324493408,0.2881907522678375,0.05333056300878525,0.4534699022769928,1.2526179552078247,0.1619301587343216,0.06786757707595825
2026-04-30T18:49:50.815239,143,0.5355460047721863,0.16022346913814545,-0.29973500967025757,0.9999529719352722,0.5443381071090698,0.13785503804683685,-0.271746426820755,0.9999028444290161,0.5495368838310242,0.13875707983970642,-0.27191779017448425,0.9999116659164429,0.5544384717941284,0.13980555534362793,-0.2720170021057129,0.9999092817306519,0.5259289741516113,0.13605214655399323,-0.2744659185409546,0.9998812675476074,0.5183377265930176,0.1358911395072937,-0.2744632363319397,0.9998811483383179,0.5111194849014282,0.1360938847064972,-0.27460458874702454,0.9998651146888733,0.556146502494812,0.1529957503080368,-0.11400306224822998,0.999876081943512,0.49625545740127563,0.1519252508878708,-0.12711729109287262,0.9998618364334106,0.5426745414733887,0.18566222488880157,-0.24113520979881287,0.9999582767486572,0.5198588371276855,0.18385551869869232,-0.24466316401958466,0.9999434351921082,0.6163226366043091,0.33016377687454224,-0.04426438361406326,0.9999476075172424,0.43776339292526245,0.3215995132923126,-0.08184356987476349,0.9998524785041809,0.6236146688461304,0.5178770422935486,0.016452524811029434,0.9906560778617859,0.4208246171474457,0.5294634699821472,-0.06042556092143059,0.9928895831108093,0.6289650201797485,0.695647120475769,-0.1388864666223526,0.994219958782196,0.40950313210487366,0.7046210765838623,-0.17894378304481506,0.9882356524467468,0.637391984462738,0.7580050230026245,-0.1940561830997467,0.9892754554748535,0.4026496410369873,0.759975790977478,-0.22835330665111542,0.9767441749572754,0.6271448731422424,0.7562038898468018,-0.24537591636180878,0.9902194142341614,0.41399702429771423,0.7555167078971863,-0.28019362688064575,0.9790152907371521,0.6207126975059509,0.7419902682304382,-0.16220426559448242,0.9893516302108765,0.4197760224342346,0.7405480742454529,-0.20241281390190125,0.9786374568939209,0.570778489112854,0.7129157781600952,0.010027934797108173,0.9995649456977844,0.4651879668235779,0.7115181684494019,-0.009776775725185871,0.9995196461677551,0.5731459856033325,0.9612772464752197,-0.047429703176021576,0.7476224899291992,0.4577908515930176,0.9657720327377319,-0.01929427497088909,0.7070860862731934,0.5792237520217896,1.1776593923568726,0.3933764100074768,0.10681812465190887,0.4527956545352936,1.1723302602767944,0.30986759066581726,0.13821113109588623,0.5753218531608582,1.2004081010818481,0.43116316199302673,0.08936918526887894,0.4537650942802429,1.1995431184768677,0.3390493392944336,0.07488831877708435,0.5852055549621582,1.2664209604263306,0.28861749172210693,0.0550227053463459,0.453752338886261,1.251659870147705,0.16307170689105988,0.07019504904747009
2026-04-30T18:49:50.930498,144,0.5355048179626465,0.16021540760993958,-0.30207234621047974,0.9999539256095886,0.544350266456604,0.1377849131822586,-0.2747417092323303,0.9999045133590698,0.5495679974555969,0.13869032263755798,-0.2749055325984955,0.9999128580093384,0.5545071363449097,0.13974519073963165,-0.2749998867511749,0.9999104738235474,0.5259050130844116,0.13597777485847473,-0.276928186416626,0.9998836517333984,0.5183171033859253,0.13581399619579315,-0.2769152820110321,0.9998832941055298,0.511107325553894,0.13602106273174286,-0.2770516276359558,0.9998676180839539,0.5563697814941406,0.15295901894569397,-0.12144050747156143,0.9998773336410522,0.49624353647232056,0.15185512602329254,-0.13192811608314514,0.9998642802238464,0.54266756772995,0.1856662929058075,-0.24506095051765442,0.9999591112136841,0.5198466777801514,0.18386313319206238,-0.24788174033164978,0.9999448657035828,0.6163580417633057,0.3301413953304291,-0.05492357537150383,0.9999473690986633,0.43776756525039673,0.3216657340526581,-0.08769705891609192,0.9998514652252197,0.6238520741462708,0.5178754329681396,0.008320815861225128,0.990636944770813,0.42081642150878906,0.5297238230705261,-0.06896604597568512,0.9928019046783447,0.6290246248245239,0.695673406124115,-0.1380406767129898,0.9942100644111633,0.4094626009464264,0.7048372626304626,-0.1826065480709076,0.9880993962287903,0.6375214457511902,0.7581073045730591,-0.19348403811454773,0.9892159700393677,0.4026203155517578,0.7601649165153503,-0.2306862771511078,0.9765177965164185,0.6271681785583496,0.7563349008560181,-0.24514684081077576,0.9901565313339233,0.41400304436683655,0.7557165622711182,-0.28176969289779663,0.9788116812705994,0.6207277178764343,0.7420948147773743,-0.16125446557998657,0.989287793636322,0.4197891354560852,0.7409217953681946,-0.20569631457328796,0.9784310460090637,0.570781409740448,0.7133573293685913,0.009546324610710144,0.9995599985122681,0.46526798605918884,0.7117673754692078,-0.009297730401158333,0.9995134472846985,0.5731445550918579,0.9620020985603333,-0.03941882774233818,0.7515001893043518,0.45811471343040466,0.965288519859314,-0.0008220181916840374,0.7097575664520264,0.5791959166526794,1.1774183511734009,0.3907926678657532,0.11188434809446335,0.4536427855491638,1.171712875366211,0.31246691942214966,0.14504386484622955,0.5751875638961792,1.2003504037857056,0.4268745481967926,0.0940927192568779,0.4552324712276459,1.1993486881256104,0.34014761447906494,0.07871375232934952,0.5855596661567688,1.2660404443740845,0.2861253619194031,0.05774116516113281,0.4534914493560791,1.2509369850158691,0.16567592322826385,0.073677659034729
2026-04-30T18:49:51.038347,145,0.536565899848938,0.16014200448989868,-0.29506170749664307,0.9999558925628662,0.5450558662414551,0.1376824826002121,-0.2670269310474396,0.9999086856842041,0.5502835512161255,0.1385791301727295,-0.2671934962272644,0.999916672706604,0.5551922917366028,0.13963039219379425,-0.2672823965549469,0.9999142289161682,0.5266072154045105,0.13591045141220093,-0.27034276723861694,0.9998887181282043,0.5189122557640076,0.13574613630771637,-0.27033066749572754,0.9998884201049805,0.5115063786506653,0.13596130907535553,-0.2704518437385559,0.9998731017112732,0.5567337274551392,0.1529490053653717,-0.1136009469628334,0.9998828172683716,0.496295303106308,0.1518411934375763,-0.12907883524894714,0.9998705387115479,0.5435386300086975,0.18562917411327362,-0.23830099403858185,0.9999607801437378,0.5206890106201172,0.1838834285736084,-0.24252209067344666,0.9999470710754395,0.6165190935134888,0.3301468789577484,-0.050430379807949066,0.9999486207962036,0.43778157234191895,0.32171431183815,-0.08704071491956711,0.999853253364563,0.6239649653434753,0.5175912380218506,0.009440007619559765,0.9908109903335571,0.4210941195487976,0.5301498174667358,-0.06752888858318329,0.9929543733596802,0.6290341019630432,0.6953718662261963,-0.13789644837379456,0.9943475127220154,0.4094706177711487,0.7048280239105225,-0.18062719702720642,0.9884124398231506,0.6375505328178406,0.7579692006111145,-0.1932559758424759,0.98946613073349,0.4026259481906891,0.7601621150970459,-0.22866249084472656,0.977096676826477,0.6272133588790894,0.7561638951301575,-0.2449541836977005,0.990382969379425,0.4140152335166931,0.7557462453842163,-0.279586523771286,0.9793357253074646,0.6207637786865234,0.7418946623802185,-0.16115602850914001,0.989547848701477,0.41979366540908813,0.7410271763801575,-0.20363160967826843,0.9789797067642212,0.5707844495773315,0.7134820818901062,0.009612553752958775,0.9995759725570679,0.46533650159835815,0.711762011051178,-0.009362057782709599,0.9995279312133789,0.5731626749038696,0.962500274181366,-0.04476718604564667,0.7549335360527039,0.4580706059932709,0.9649338126182556,-0.0034733328502625227,0.7125257253646851,0.5794381499290466,1.1786948442459106,0.3827269673347473,0.1116437017917633,0.45329350233078003,1.1716210842132568,0.32303813099861145,0.1445317417383194,0.5753164887428284,1.2019174098968506,0.41899362206459045,0.09405995160341263,0.45493850111961365,1.1992719173431396,0.3527584671974182,0.07867641746997833,0.5868180990219116,1.2674716711044312,0.27886125445365906,0.057245492935180664,0.4519016742706299,1.2508198022842407,0.18306660652160645,0.07314514368772507
2026-04-30T18:49:51.152037,146,0.5365189909934998,0.16073736548423767,-0.2937382757663727,0.9999577403068542,0.5450701713562012,0.1381470113992691,-0.2656981647014618,0.9999125003814697,0.5503185987472534,0.1390310674905777,-0.26586294174194336,0.9999202489852905,0.5552790760993958,0.14005064964294434,-0.2659510672092438,0.99991774559021,0.5265904664993286,0.13634434342384338,-0.26874351501464844,0.999893307685852,0.5188936591148376,0.13615727424621582,-0.26873156428337097,0.9998931288719177,0.5114967226982117,0.13637016713619232,-0.26884183287620544,0.9998782277107239,0.5569823980331421,0.15319456160068512,-0.1123773604631424,0.999888002872467,0.49629560112953186,0.15203146636486053,-0.1268063485622406,0.9998761415481567,0.5435910224914551,0.18613573908805847,-0.23705407977104187,0.999962329864502,0.5206605195999146,0.18453820049762726,-0.24097394943237305,0.9999491572380066,0.6166611313819885,0.3307114839553833,-0.05032486468553543,0.9999498724937439,0.437796413898468,0.32183536887168884,-0.0849335789680481,0.9998552799224854,0.6241577863693237,0.5182034373283386,0.009987054392695427,0.9909380078315735,0.4211014211177826,0.5301514267921448,-0.0660499632358551,0.9930248856544495,0.6290631294250488,0.6952607035636902,-0.137403205037117,0.9944226145744324,0.4094885289669037,0.7047288417816162,-0.1803945153951645,0.9885112047195435,0.6375786662101746,0.757939875125885,-0.192399263381958,0.9895904064178467,0.4026244580745697,0.7601606845855713,-0.22821524739265442,0.9772762656211853,0.6272297501564026,0.7561070919036865,-0.2442139834165573,0.9904928207397461,0.4140261709690094,0.7557393312454224,-0.27894726395606995,0.9794926643371582,0.6207789182662964,0.7417485117912292,-0.1606554090976715,0.98967045545578,0.4198276102542877,0.7409838438034058,-0.20341691374778748,0.9791525602340698,0.5707425475120544,0.713872492313385,0.009412018582224846,0.9995856285095215,0.46536821126937866,0.7119365930557251,-0.009161179885268211,0.9995365142822266,0.573165774345398,0.9625774025917053,-0.044623784720897675,0.7584564685821533,0.45810824632644653,0.9648774862289429,-0.004395629279315472,0.7162050008773804,0.5794442296028137,1.178093671798706,0.3912563621997833,0.11371347308158875,0.4537120759487152,1.170214056968689,0.3260955214500427,0.14739759266376495,0.575336217880249,1.2011018991470337,0.4290839731693268,0.09597861021757126,0.45538654923439026,1.1975103616714478,0.35607755184173584,0.08055058121681213,0.5868364572525024,1.2668342590332031,0.29180586338043213,0.05804397910833359,0.4520171284675598,1.2495037317276,0.18664661049842834,0.07441935688257217
2026-04-30T18:49:51.270909,147,0.5358523726463318,0.16090016067028046,-0.2997691333293915,0.9999581575393677,0.5448225736618042,0.13815517723560333,-0.27196642756462097,0.99991375207901,0.5501245260238647,0.13903681933879852,-0.27213072776794434,0.9999212026596069,0.5551713705062866,0.14005693793296814,-0.2722226083278656,0.9999186992645264,0.5260410308837891,0.1363629400730133,-0.27463382482528687,0.999894917011261,0.5182868242263794,0.1361844688653946,-0.2746266722679138,0.9998945593833923,0.5110098123550415,0.13640651106834412,-0.27475839853286743,0.9998798966407776,0.5570114254951477,0.15319082140922546,-0.11584726721048355,0.9998893737792969,0.49611949920654297,0.15203282237052917,-0.12865737080574036,0.9998782873153687,0.5434063673019409,0.18635281920433044,-0.24157564342021942,0.9999629855155945,0.5200439691543579,0.18482914566993713,-0.24503175914287567,0.999950110912323,0.6169163584709167,0.33074837923049927,-0.04959741234779358,0.9999498724937439,0.43773674964904785,0.32184502482414246,-0.08526226133108139,0.9998549222946167,0.6241773962974548,0.518382728099823,0.016934650018811226,0.990892767906189,0.42097654938697815,0.5302537679672241,-0.06592855602502823,0.9930576086044312,0.6290079355239868,0.6952375173568726,-0.12538045644760132,0.9944247007369995,0.40945854783058167,0.704518735408783,-0.1796979308128357,0.9886301159858704,0.6376119256019592,0.7579688429832458,-0.1775517761707306,0.9896056056022644,0.40259242057800293,0.7600458860397339,-0.22747111320495605,0.9774777889251709,0.6272309422492981,0.756213366985321,-0.2292182743549347,0.990505576133728,0.41400042176246643,0.7555193305015564,-0.27804452180862427,0.9796791672706604,0.6207617521286011,0.7418292164802551,-0.1481477916240692,0.9896809458732605,0.41982102394104004,0.7407367825508118,-0.20272381603717804,0.9793094396591187,0.5707777738571167,0.7147138118743896,0.00942916888743639,0.9995908737182617,0.4653930068016052,0.7125391364097595,-0.009177506901323795,0.9995383024215698,0.5731325149536133,0.9628927707672119,-0.04743677005171776,0.7585985064506531,0.45810967683792114,0.9649801254272461,-0.004727260209619999,0.7142491936683655,0.5793397426605225,1.1783167123794556,0.38759008049964905,0.11331994086503983,0.45374417304992676,1.1700598001480103,0.3449527323246002,0.145266592502594,0.57529616355896,1.2012850046157837,0.4252764582633972,0.09596066176891327,0.45538750290870667,1.197018027305603,0.377372682094574,0.07973066717386246,0.5862122178077698,1.2670929431915283,0.2846162021160126,0.05790168046951294,0.4523380696773529,1.2493754625320435,0.20909813046455383,0.07346642762422562
2026-04-30T18:49:51.374829,148,0.5354007482528687,0.1608797162771225,-0.2947973608970642,0.9999594688415527,0.5446853041648865,0.13776621222496033,-0.26757916808128357,0.9999164342880249,0.5500378012657166,0.1386444866657257,-0.2677416503429413,0.9999236464500427,0.5551414489746094,0.13968056440353394,-0.2678253650665283,0.9999210834503174,0.5255483984947205,0.13595357537269592,-0.2697223424911499,0.999898374080658,0.5177167654037476,0.13579383492469788,-0.2697165608406067,0.9998981356620789,0.5104821920394897,0.1360578089952469,-0.26984262466430664,0.999883770942688,0.5570659637451172,0.15277336537837982,-0.11375144869089127,0.9998928904533386,0.4959418773651123,0.1517077535390854,-0.12448030710220337,0.9998827576637268,0.5433076620101929,0.18635646998882294,-0.23752646148204803,0.9999640583992004,0.5196271538734436,0.18484142422676086,-0.2403445541858673,0.9999516606330872,0.6168914437294006,0.32998475432395935,-0.04879802092909813,0.9999510049819946,0.4377383589744568,0.3218221664428711,-0.0821690633893013,0.9998570680618286,0.6242845058441162,0.5182345509529114,0.018194496631622314,0.991123378276825,0.4208846092224121,0.530279278755188,-0.06436054408550262,0.9931896328926086,0.6292105317115784,0.6949545741081238,-0.1205228716135025,0.9945768713951111,0.4094579815864563,0.704766571521759,-0.1778709590435028,0.9888902902603149,0.63767409324646,0.757808268070221,-0.1721881926059723,0.9898776412010193,0.40259966254234314,0.7601625919342041,-0.22538527846336365,0.9779470562934875,0.6272519826889038,0.7559393048286438,-0.22216279804706573,0.990753173828125,0.4140785336494446,0.7555883526802063,-0.27511945366859436,0.9801033139228821,0.6208142638206482,0.7415462136268616,-0.14245516061782837,0.9899576902389526,0.4198974668979645,0.7408288717269897,-0.2003512680530548,0.9797451496124268,0.5707865953445435,0.7147343754768372,0.009250559844076633,0.9996025562286377,0.4654311239719391,0.7127214670181274,-0.009000247344374657,0.9995486736297607,0.5730712413787842,0.9632406234741211,-0.04830579459667206,0.7578181624412537,0.4581051468849182,0.9649697542190552,-0.0044591668993234634,0.7126792073249817,0.5795313715934753,1.180424451828003,0.3817092776298523,0.11137882620096207,0.4529074728488922,1.1710201501846313,0.33935055136680603,0.1434147208929062,0.5757232308387756,1.203734040260315,0.4187439978122711,0.09458324313163757,0.4543631076812744,1.1983375549316406,0.36989834904670715,0.07902505248785019,0.5862133502960205,1.268776774406433,0.2784096598625183,0.05658687651157379,0.4513188302516937,1.2501373291015625,0.20193974673748016,0.07216663658618927
2026-04-30T18:49:51.478261,149,0.5346183776855469,0.16088147461414337,-0.29465174674987793,0.9999606609344482,0.5444561839103699,0.13767652213573456,-0.2674117982387543,0.9999191164970398,0.5498961210250854,0.13854804635047913,-0.267575204372406,0.999925971031189,0.5550979375839233,0.13958710432052612,-0.2676602005958557,0.9999234080314636,0.5247711539268494,0.13586130738258362,-0.2695552706718445,0.9999017119407654,0.5168003439903259,0.13569369912147522,-0.2695499360561371,0.9999014139175415,0.5095841288566589,0.13594576716423035,-0.2696770429611206,0.9998874664306641,0.557259202003479,0.15263722836971283,-0.11358032375574112,0.9998961687088013,0.495627224445343,0.1514776647090912,-0.12431581318378448,0.9998869895935059,0.543111264705658,0.18638695776462555,-0.23738224804401398,0.9999651312828064,0.5188478231430054,0.18489454686641693,-0.24018946290016174,0.9999532103538513,0.6169081330299377,0.3299374580383301,-0.04837193340063095,0.9999517202377319,0.4376792013645172,0.3218790292739868,-0.0819745734333992,0.9998582005500793,0.6243529915809631,0.5180888772010803,0.01816408522427082,0.9912214279174805,0.42090868949890137,0.5309900641441345,-0.06304684281349182,0.9932349920272827,0.6293744444847107,0.6947489976882935,-0.12133017927408218,0.994648277759552,0.40948647260665894,0.7049961686134338,-0.17670801281929016,0.9890047907829285,0.6377593278884888,0.7577909827232361,-0.1732834279537201,0.9900147318840027,0.4026264548301697,0.7603704333305359,-0.2237289398908615,0.9781538844108582,0.627383828163147,0.7559303045272827,-0.22326691448688507,0.9908750653266907,0.41413623094558716,0.7558227777481079,-0.273602694272995,0.9802947044372559,0.6209481954574585,0.7415128946304321,-0.14339040219783783,0.9901010394096375,0.41994404792785645,0.7411565184593201,-0.19912289083003998,0.9799636006355286,0.5707889795303345,0.7147423624992371,0.009211061522364616,0.9996098279953003,0.465446799993515,0.712860107421875,-0.008960548788309097,0.9995536208152771,0.5733837485313416,0.9636914730072021,-0.050750844180583954,0.7581844925880432,0.4582290053367615,0.9649964570999146,-0.004526921547949314,0.7125766277313232,0.5801802277565002,1.1804499626159668,0.3800351917743683,0.11044657230377197,0.45353904366493225,1.1708340644836426,0.3366951644420624,0.14179611206054688,0.5765005946159363,1.2037588357925415,0.4171046316623688,0.09402026236057281,0.45505332946777344,1.1978884935379028,0.36734479665756226,0.07859668135643005,0.586896538734436,1.268898367881775,0.2778155207633972,0.055865127593278885,0.4518238604068756,1.250073790550232,0.19993063807487488,0.07119747251272202
2026-04-30T18:49:51.586332,150,0.5351285338401794,0.16085752844810486,-0.31142356991767883,0.9999604821205139,0.5446419715881348,0.13766628503799438,-0.28415828943252563,0.9999189972877502,0.5500584244728088,0.13853494822978973,-0.28431257605552673,0.9999253153800964,0.555228590965271,0.13956765830516815,-0.28440386056900024,0.9999229907989502,0.5251360535621643,0.13585041463375092,-0.2879672646522522,0.9999017119407654,0.5171904563903809,0.1356751173734665,-0.2879490554332733,0.9999008178710938,0.5098931789398193,0.135917529463768,-0.28808411955833435,0.9998871684074402,0.5572720766067505,0.1526104062795639,-0.12804630398750305,0.9998947381973267,0.4956822395324707,0.15144082903862,-0.14660507440567017,0.9998862743377686,0.5433829426765442,0.18639571964740753,-0.25306767225265503,0.9999654293060303,0.5193542838096619,0.1849023848772049,-0.25810572504997253,0.9999539256095886,0.6168197393417358,0.32993248105049133,-0.05604110285639763,0.9999513626098633,0.43751582503318787,0.32188451290130615,-0.1017504334449768,0.9998565316200256,0.6243011951446533,0.5180917978286743,0.015369610860943794,0.9909443855285645,0.42090457677841187,0.5309990048408508,-0.08181087672710419,0.9931376576423645,0.6293564438819885,0.6947430372238159,-0.1241123303771019,0.9945921897888184,0.4094698429107666,0.7051544785499573,-0.19280843436717987,0.9887714982032776,0.6377819180488586,0.7577444314956665,-0.17576125264167786,0.989835798740387,0.40262070298194885,0.7604769468307495,-0.24063833057880402,0.977683961391449,0.627406895160675,0.7558367848396301,-0.22659166157245636,0.990716278553009,0.4141388535499573,0.756103515625,-0.29050225019454956,0.9798766374588013,0.6209597587585449,0.7414612174034119,-0.14654868841171265,0.9899002313613892,0.4199470579624176,0.741585910320282,-0.21521851420402527,0.9794794917106628,0.5707908272743225,0.7147336602210999,0.009889165870845318,0.9995959997177124,0.46545785665512085,0.7129061818122864,-0.00964436586946249,0.9995403289794922,0.5733785629272461,0.9634118676185608,-0.02643464133143425,0.7589221000671387,0.45851221680641174,0.9649115800857544,0.002548743737861514,0.7120209336280823,0.5801315903663635,1.175549864768982,0.40587273240089417,0.1161699965596199,0.4535180628299713,1.1685233116149902,0.3350292444229126,0.14883437752723694,0.576216995716095,1.1982777118682861,0.4430708885192871,0.09926627576351166,0.455019474029541,1.1954230070114136,0.36548808217048645,0.08158397674560547,0.5869609117507935,1.2647995948791504,0.30187374353408813,0.05986439809203148,0.45182713866233826,1.2485804557800293,0.19695961475372314,0.07551447302103043
2026-04-30T18:49:51.699613,151,0.5344767570495605,0.16085681319236755,-0.3086176812648773,0.9999608397483826,0.5444689393043518,0.13769610226154327,-0.28124913573265076,0.9999198317527771,0.5499762296676636,0.13857731223106384,-0.2814089357852936,0.9999259114265442,0.5552054643630981,0.13961753249168396,-0.2815015912055969,0.9999234676361084,0.5246358513832092,0.135855033993721,-0.28451600670814514,0.9999028444290161,0.5166621804237366,0.13567695021629333,-0.28450238704681396,0.9999019503593445,0.5094395875930786,0.1359163075685501,-0.28463736176490784,0.9998885989189148,0.5574906468391418,0.1526445895433426,-0.1256437599658966,0.9998951554298401,0.4956630766391754,0.15143613517284393,-0.1462097465991974,0.9998880624771118,0.5432330369949341,0.18641597032546997,-0.25044161081314087,0.9999656677246094,0.5187109112739563,0.18491002917289734,-0.254839688539505,0.9999545812606812,0.6169086694717407,0.33000418543815613,-0.05508321523666382,0.9999513626098633,0.4375144839286804,0.3219161927700043,-0.09893009811639786,0.9998573660850525,0.624271810054779,0.5183786749839783,0.014182105660438538,0.9909533262252808,0.4209096431732178,0.5310956239700317,-0.08038374781608582,0.9931968450546265,0.6293231248855591,0.6947377920150757,-0.13294821977615356,0.9946122169494629,0.4094711244106293,0.705392599105835,-0.1895488202571869,0.9888737201690674,0.6377649903297424,0.7577647566795349,-0.1871330291032791,0.9898799657821655,0.4026317000389099,0.7605587840080261,-0.2380121648311615,0.9778434634208679,0.6273548007011414,0.7558687329292297,-0.23764094710350037,0.9907545447349548,0.41417255997657776,0.7561205625534058,-0.28792423009872437,0.9800177812576294,0.6209136247634888,0.7414629459381104,-0.15562182664871216,0.9899452328681946,0.41996902227401733,0.7416061758995056,-0.21201857924461365,0.9796274900436401,0.5708526968955994,0.7148306965827942,0.009851770475506783,0.9995985627174377,0.4655081331729889,0.7129563689231873,-0.009605303406715393,0.9995420575141907,0.5734508633613586,0.963394045829773,-0.028685837984085083,0.758392870426178,0.4585191309452057,0.9649131298065186,0.0016745487228035927,0.7124186158180237,0.5802226662635803,1.1764652729034424,0.4030335545539856,0.115392304956913,0.4537047743797302,1.168777585029602,0.33400338888168335,0.14815694093704224,0.5763014554977417,1.1993478536605835,0.4401548504829407,0.0986904501914978,0.4551886022090912,1.1956696510314941,0.36434581875801086,0.08139343559741974,0.5870414972305298,1.2655646800994873,0.301076203584671,0.059350769966840744,0.45218080282211304,1.2488850355148315,0.19554661214351654,0.07509558647871017
2026-04-30T18:49:51.809247,152,0.5346642732620239,0.16086061298847198,-0.2883916199207306,0.9999603629112244,0.5446848273277283,0.13766935467720032,-0.2612438499927521,0.9999189972877502,0.5502444505691528,0.1385377198457718,-0.2614023983478546,0.9999250769615173,0.5555042624473572,0.13955551385879517,-0.261499285697937,0.999922513961792,0.5248004198074341,0.13583700358867645,-0.26459890604019165,0.9999021291732788,0.5167974829673767,0.13565704226493835,-0.2645927369594574,0.999901294708252,0.5095245838165283,0.13589516282081604,-0.26473093032836914,0.9998878836631775,0.557917058467865,0.15251556038856506,-0.1077665314078331,0.9998941421508789,0.4956642985343933,0.15134742856025696,-0.12571418285369873,0.9998883605003357,0.5433400273323059,0.18643715977668762,-0.23080095648765564,0.9999650120735168,0.5188133716583252,0.1849290281534195,-0.23521563410758972,0.9999540448188782,0.6169686317443848,0.329983651638031,-0.03687150031328201,0.9999508857727051,0.4377797245979309,0.3213232457637787,-0.08662383258342743,0.9998567700386047,0.624271035194397,0.5185577273368835,0.0422360822558403,0.9908180236816406,0.4209540784358978,0.5302581191062927,-0.06836314499378204,0.9932482838630676,0.6292893886566162,0.694736659526825,-0.0808812752366066,0.9945992231369019,0.40979042649269104,0.704613983631134,-0.1725820153951645,0.9890316724777222,0.6377657055854797,0.757767915725708,-0.12789124250411987,0.9899077415466309,0.40292787551879883,0.7600643634796143,-0.21891827881336212,0.9781312942504883,0.6273566484451294,0.7559099197387695,-0.17781409621238708,0.9907743334770203,0.4143182337284088,0.7554422616958618,-0.2675299048423767,0.9802724123001099,0.6208974123001099,0.7415146231651306,-0.10245810449123383,0.989989697933197,0.4201451241970062,0.7407132387161255,-0.19408872723579407,0.9798883199691772,0.5708868503570557,0.714861273765564,0.01018197275698185,0.999610424041748,0.4655870795249939,0.7129385471343994,-0.0099326865747571,0.9995527863502502,0.5734634399414062,0.9634864330291748,-0.0370372049510479,0.7581702470779419,0.4588231146335602,0.9645601511001587,0.0012485234765335917,0.7102435827255249,0.5802175998687744,1.1767843961715698,0.3896884620189667,0.11310569941997528,0.4562341570854187,1.1685377359390259,0.3463577628135681,0.14389987289905548,0.5762951970100403,1.1995559930801392,0.42667850852012634,0.09663577377796173,0.45776256918907166,1.1950536966323853,0.3791565001010895,0.0794801190495491,0.5868895649909973,1.2664191722869873,0.2895091772079468,0.0579691082239151,0.45478731393814087,1.2486672401428223,0.2165905237197876,0.07293467968702316
2026-04-30T18:49:51.915007,153,0.5348044037818909,0.1608436405658722,-0.25366243720054626,0.9999629259109497,0.544877827167511,0.13752157986164093,-0.22752411663532257,0.9999241828918457,0.5504940748214722,0.13836844265460968,-0.22767575085163116,0.9999297857284546,0.5558286905288696,0.13935939967632294,-0.22776667773723602,0.9999273419380188,0.5249394178390503,0.13570170104503632,-0.2292768955230713,0.9999085068702698,0.5169050693511963,0.13551470637321472,-0.2292676866054535,0.9999077320098877,0.5095780491828918,0.13574743270874023,-0.2293613702058792,0.9998951554298401,0.5585113167762756,0.1522648185491562,-0.08455761522054672,0.9999009966850281,0.49565720558166504,0.1511278748512268,-0.09406152367591858,0.9998960494995117,0.5435472726821899,0.18643884360790253,-0.20046401023864746,0.9999670386314392,0.5188826322555542,0.18493717908859253,-0.20285359025001526,0.9999568462371826,0.617039144039154,0.32995763421058655,-0.029907822608947754,0.9999527931213379,0.43779388070106506,0.32096341252326965,-0.06861869990825653,0.9998627305030823,0.624677836894989,0.5185753703117371,0.03962185978889465,0.9910158514976501,0.42089906334877014,0.5300583839416504,-0.055838488042354584,0.9934187531471252,0.6292955875396729,0.6950486898422241,-0.07755149900913239,0.9947084188461304,0.4097387194633484,0.7048311829566956,-0.15523777902126312,0.9893139600753784,0.6377553343772888,0.7579606175422668,-0.12506648898124695,0.9901201725006104,0.4029315114021301,0.7601064443588257,-0.2005498856306076,0.9786460399627686,0.6273231506347656,0.7560475468635559,-0.17194147408008575,0.990957498550415,0.414387047290802,0.7554497122764587,-0.2467496395111084,0.9807265400886536,0.6208718419075012,0.741605818271637,-0.09779374301433563,0.99021977186203,0.4201761782169342,0.7407191395759583,-0.1757877767086029,0.9803979992866516,0.570887565612793,0.7153891324996948,0.009891561232507229,0.9996297359466553,0.46559467911720276,0.7130328416824341,-0.009648153558373451,0.9995723962783813,0.573662519454956,0.963785707950592,-0.04633783921599388,0.7629594802856445,0.4588063657283783,0.96512770652771,0.0007129507721401751,0.7159396409988403,0.5803464651107788,1.1804057359695435,0.36911898851394653,0.11306215822696686,0.45620855689048767,1.1686586141586304,0.3435077965259552,0.1439540833234787,0.576326847076416,1.2035216093063354,0.4051927626132965,0.09638170152902603,0.4577377736568451,1.1951773166656494,0.3755432069301605,0.07995516806840897,0.5878671407699585,1.271781086921692,0.2762318551540375,0.05747692659497261,0.45318832993507385,1.2491146326065063,0.2165687531232834,0.0727110356092453
2026-04-30T18:49:52.023969,154,0.5339016914367676,0.16088683903217316,-0.26402419805526733,0.9999639391899109,0.544626772403717,0.1375598907470703,-0.2374483048915863,0.9999260902404785,0.5503343343734741,0.13840742409229279,-0.2376054972410202,0.9999313950538635,0.5557722449302673,0.13940086960792542,-0.23769815266132355,0.9999289512634277,0.5242346525192261,0.13575051724910736,-0.2393423318862915,0.9999111294746399,0.5161252021789551,0.13557228446006775,-0.23933403193950653,0.999910295009613,0.5088793039321899,0.13580875098705292,-0.23944397270679474,0.9998980760574341,0.5589257478713989,0.15236179530620575,-0.08892174065113068,0.9999032616615295,0.4955355226993561,0.15116453170776367,-0.09995706379413605,0.9998992681503296,0.5433446168899536,0.18656320869922638,-0.20915040373802185,0.999967634677887,0.5180600881576538,0.18510445952415466,-0.21174006164073944,0.9999579191207886,0.6170421242713928,0.32997214794158936,-0.03131099045276642,0.9999528527259827,0.43801623582839966,0.3209224045276642,-0.06924675405025482,0.9998642802238464,0.6246896982192993,0.5186256766319275,0.03765219449996948,0.9909861087799072,0.4209664463996887,0.5300618410110474,-0.05610884353518486,0.9933884739875793,0.6293820142745972,0.694993793964386,-0.08641881495714188,0.9947181940078735,0.4098377227783203,0.7048315405845642,-0.1581270396709442,0.9892966151237488,0.6377963423728943,0.7579814791679382,-0.13432641327381134,0.9901541471481323,0.40317678451538086,0.7601041793823242,-0.20430168509483337,0.978624165058136,0.6273550391197205,0.7560637593269348,-0.1821000576019287,0.990975022315979,0.41479068994522095,0.7553690075874329,-0.2517721652984619,0.9806857705116272,0.6209100484848022,0.7416027188301086,-0.1070457249879837,0.9902499914169312,0.42047634720802307,0.7405850887298584,-0.17926402390003204,0.9803836345672607,0.5708874464035034,0.7155656218528748,0.00931914709508419,0.999637246131897,0.4656737744808197,0.7130791544914246,-0.00907751452177763,0.9995797276496887,0.5736185312271118,0.9637882113456726,-0.0440838597714901,0.7637789845466614,0.45893630385398865,0.9652259945869446,0.014186057262122631,0.717153012752533,0.5802775621414185,1.1809927225112915,0.3661104440689087,0.11382300406694412,0.4561843276023865,1.1687557697296143,0.34220439195632935,0.14575554430484772,0.5761085748672485,1.2044787406921387,0.4009373188018799,0.09722067415714264,0.45786696672439575,1.195595145225525,0.3734821677207947,0.0813291072845459,0.5879362225532532,1.2718631029129028,0.2673225700855255,0.05762125179171562,0.4521096348762512,1.2491449117660522,0.21147651970386505,0.07340291142463684
2026-04-30T18:49:52.135724,155,0.5341734290122986,0.1609005630016327,-0.28560489416122437,0.9999634623527527,0.5447448492050171,0.13762253522872925,-0.2578607201576233,0.9999249577522278,0.5504342317581177,0.1384822577238083,-0.25802767276763916,0.9999303221702576,0.5558456182479858,0.13947637379169464,-0.2581198811531067,0.9999276399612427,0.5244622230529785,0.13577228784561157,-0.26032617688179016,0.9999101161956787,0.5163682103157043,0.13558325171470642,-0.26033642888069153,0.999909520149231,0.5090911984443665,0.13581331074237823,-0.26047128438949585,0.9998970031738281,0.5589376091957092,0.1524209976196289,-0.10302700847387314,0.9999020099639893,0.49554508924484253,0.1511719971895218,-0.115484319627285,0.9998988509178162,0.5434041619300842,0.18665722012519836,-0.22818534076213837,0.9999672770500183,0.5181829929351807,0.18516534566879272,-0.23143057525157928,0.9999576210975647,0.6171144247055054,0.33003145456314087,-0.03849567100405693,0.9999521374702454,0.4380311071872711,0.3209264874458313,-0.07571908086538315,0.99986332654953,0.6247864961624146,0.5187659859657288,0.03199070692062378,0.9910451769828796,0.4209980070590973,0.5301258563995361,-0.0578744113445282,0.9933960437774658,0.6295322179794312,0.6948277354240417,-0.10205787420272827,0.9947066903114319,0.41003379225730896,0.7048615217208862,-0.164164200425148,0.9893408417701721,0.6379081010818481,0.7579658031463623,-0.15219846367835999,0.9901514649391174,0.40355563163757324,0.7601102590560913,-0.2114167958498001,0.9787185788154602,0.6274712681770325,0.7559972405433655,-0.2016243189573288,0.9909715056419373,0.415092796087265,0.7553754448890686,-0.2602943778038025,0.980773389339447,0.6210144758224487,0.7414687871932983,-0.12365798652172089,0.9902617931365967,0.42074671387672424,0.7406063079833984,-0.18592824041843414,0.9804807901382446,0.5709258913993835,0.7159044146537781,0.009279152378439903,0.9996401071548462,0.4659128785133362,0.7134544849395752,-0.009036367759108543,0.999582052230835,0.5735912919044495,0.9638137221336365,-0.04414860159158707,0.7636096477508545,0.45901528000831604,0.965131402015686,0.012760452926158905,0.715950608253479,0.5801571607589722,1.1808124780654907,0.38911372423171997,0.11211708188056946,0.45669013261795044,1.168722152709961,0.3481418788433075,0.14382407069206238,0.5760504603385925,1.2042243480682373,0.4273761212825775,0.0963582694530487,0.45852985978126526,1.1955697536468506,0.3800656497478485,0.08101225644350052,0.5876107215881348,1.271159052848816,0.2905939817428589,0.0566149577498436,0.45275822281837463,1.2487913370132446,0.21430113911628723,0.07235328108072281
2026-04-30T18:49:52.248495,156,0.5342375636100769,0.161066934466362,-0.2884292006492615,0.99996417760849,0.5447925329208374,0.1378893256187439,-0.26086997985839844,0.9999262094497681,0.5504792332649231,0.138783797621727,-0.2610379159450531,0.9999315738677979,0.5558875799179077,0.1398015171289444,-0.26112616062164307,0.9999288320541382,0.5245556831359863,0.13596946001052856,-0.26315727829933167,0.9999116063117981,0.5164675116539001,0.13575506210327148,-0.26316750049591064,0.9999111294746399,0.509170651435852,0.13596370816230774,-0.26330119371414185,0.9998986721038818,0.5589606165885925,0.15276093780994415,-0.10661764442920685,0.9999038577079773,0.4955536425113678,0.1513708531856537,-0.11815865337848663,0.999900758266449,0.5434156060218811,0.18695135414600372,-0.23121865093708038,0.9999678134918213,0.518205463886261,0.18536491692066193,-0.23423218727111816,0.999958336353302,0.6171067357063293,0.33007001876831055,-0.04255032166838646,0.9999528527259827,0.43799909949302673,0.3209574818611145,-0.07746538519859314,0.9998644590377808,0.6247732043266296,0.5189096927642822,0.023631541058421135,0.9912008047103882,0.4209987223148346,0.5301413536071777,-0.05979412794113159,0.993457019329071,0.629579484462738,0.6945648789405823,-0.11852407455444336,0.9948052167892456,0.4100395143032074,0.7048661112785339,-0.1703363060951233,0.98944491147995,0.6379886865615845,0.7578990459442139,-0.1709446758031845,0.9903192520141602,0.40364599227905273,0.7600961923599243,-0.21834874153137207,0.9789129495620728,0.6276284456253052,0.7559564709663391,-0.22066037356853485,0.9911256432533264,0.41520094871520996,0.7552188634872437,-0.26750463247299194,0.9809505343437195,0.6212036609649658,0.7414032816886902,-0.1404924988746643,0.990428626537323,0.42079439759254456,0.740374743938446,-0.1923758089542389,0.9806705713272095,0.5709332823753357,0.7158401012420654,0.009272591210901737,0.9996436238288879,0.4659794867038727,0.7134320735931396,-0.009029651060700417,0.9995858073234558,0.573608934879303,0.9635998010635376,-0.040506549179553986,0.7646352052688599,0.45935702323913574,0.9651272296905518,0.010138053447008133,0.7169148921966553,0.5802323222160339,1.1794764995574951,0.39847898483276367,0.11228010058403015,0.4572768807411194,1.1685004234313965,0.34729868173599243,0.14464277029037476,0.5761579871177673,1.2026222944259644,0.43693771958351135,0.09698425978422165,0.459085613489151,1.195345163345337,0.3794788420200348,0.0816885232925415,0.5876598954200745,1.269480586051941,0.29990658164024353,0.05668431892991066,0.4541754126548767,1.24858558177948,0.2118641585111618,0.07266141474246979
2026-04-30T18:49:52.356134,157,0.5341029763221741,0.16106648743152618,-0.2873381972312927,0.9999644160270691,0.5447822213172913,0.1378183662891388,-0.2599359452724457,0.9999268054962158,0.5504804849624634,0.1387142539024353,-0.26010286808013916,0.9999316930770874,0.555916428565979,0.1397368162870407,-0.26019904017448425,0.9999292492866516,0.5244542360305786,0.13591571152210236,-0.26192325353622437,0.9999125003814697,0.5163558125495911,0.13571232557296753,-0.26192793250083923,0.9999116063117981,0.509095311164856,0.13592275977134705,-0.26205921173095703,0.9998998045921326,0.5591567158699036,0.15274950861930847,-0.10645850002765656,0.9999040365219116,0.49552029371261597,0.1512892246246338,-0.11664094775915146,0.9999014139175415,0.543406069278717,0.18698254227638245,-0.23039066791534424,0.9999681115150452,0.5180965662002563,0.18542207777500153,-0.23302042484283447,0.999958872795105,0.617110550403595,0.3299998939037323,-0.04257554933428764,0.999952495098114,0.43810564279556274,0.3209587037563324,-0.0753161832690239,0.9998648166656494,0.6247827410697937,0.5186997056007385,0.02287576161324978,0.9909336566925049,0.42103123664855957,0.5304116606712341,-0.0560593381524086,0.9932835698127747,0.6295826435089111,0.6943915486335754,-0.11810819059610367,0.9946120977401733,0.41012197732925415,0.7049540877342224,-0.16619333624839783,0.98919677734375,0.6379804611206055,0.7577022314071655,-0.17025454342365265,0.989960253238678,0.40391606092453003,0.7601059675216675,-0.21339631080627441,0.9784500598907471,0.6276372671127319,0.7557494640350342,-0.2200649082660675,0.9907829165458679,0.4153099060058594,0.7552400827407837,-0.2624971270561218,0.9805243015289307,0.6212233304977417,0.7411929368972778,-0.14001086354255676,0.9900624752044678,0.42085370421409607,0.7404183149337769,-0.18829575181007385,0.9802320599555969,0.5709688067436218,0.715842068195343,0.008416184224188328,0.9996355175971985,0.4662246108055115,0.7134612202644348,-0.008185210637748241,0.9995763301849365,0.5739243030548096,0.9637137055397034,-0.04908427968621254,0.7658437490463257,0.4593808650970459,0.9652227759361267,0.005089831072837114,0.7178905606269836,0.5809422731399536,1.1794686317443848,0.38335931301116943,0.11505497246980667,0.4574804902076721,1.1685749292373657,0.33453840017318726,0.1483796238899231,0.5767742395401001,1.2026197910308838,0.4204391837120056,0.09845883399248123,0.45963579416275024,1.1954712867736816,0.3646242022514343,0.08320000022649765,0.5886840224266052,1.2694681882858276,0.2813050150871277,0.058385614305734634,0.4541656970977783,1.2487175464630127,0.19558756053447723,0.07498307526111603
2026-04-30T18:49:52.462512,158,0.5340763926506042,0.161069855093956,-0.2872661054134369,0.9999648332595825,0.5447706580162048,0.1378151774406433,-0.25983747839927673,0.9999277591705322,0.5504694581031799,0.13871265947818756,-0.2600051760673523,0.9999327063560486,0.5559114217758179,0.1397371143102646,-0.2601010501384735,0.9999300837516785,0.5244554281234741,0.13591180741786957,-0.26182812452316284,0.9999135732650757,0.5163590312004089,0.13570928573608398,-0.261833131313324,0.9999129176139832,0.5090991258621216,0.13592055439949036,-0.2619648575782776,0.9999010562896729,0.5591608285903931,0.15275165438652039,-0.10550820827484131,0.9999057054519653,0.4955193102359772,0.15127499401569366,-0.11542090028524399,0.9999035000801086,0.5433574914932251,0.18699128925800323,-0.2299990952014923,0.999968409538269,0.5180516839027405,0.18543195724487305,-0.23260967433452606,0.9999592304229736,0.6171053647994995,0.3299553096294403,-0.03823470324277878,0.9999529123306274,0.43807750940322876,0.3211110532283783,-0.07462425529956818,0.9998659491539001,0.6246098279953003,0.5186760425567627,0.027024278417229652,0.9910678863525391,0.420823872089386,0.5304566621780396,-0.05569472908973694,0.9934134483337402,0.6294032335281372,0.6943790316581726,-0.11710004508495331,0.9947147369384766,0.4101070463657379,0.7045859694480896,-0.16717618703842163,0.9894953370094299,0.6379521489143372,0.7577024102210999,-0.16979701817035675,0.9901736974716187,0.4038841724395752,0.7600232362747192,-0.21528306603431702,0.9790152311325073,0.6276369094848633,0.7557567358016968,-0.22000277042388916,0.9909804463386536,0.4152428209781647,0.7550839185714722,-0.26472288370132446,0.9810374975204468,0.6212171912193298,0.7411898970603943,-0.139251247048378,0.990283727645874,0.4207919239997864,0.7401210069656372,-0.18939310312271118,0.9807499647140503,0.5709012150764465,0.7164385318756104,0.008894655853509903,0.9996455907821655,0.46622857451438904,0.713491678237915,-0.008657475933432579,0.9995864033699036,0.5736578702926636,0.9637764096260071,-0.05074182152748108,0.7636857032775879,0.4593948423862457,0.965208113193512,-0.0033898581750690937,0.716424822807312,0.580790638923645,1.181499719619751,0.38392287492752075,0.11160546541213989,0.45703086256980896,1.1705178022384644,0.33362483978271484,0.14423219859600067,0.5767425298690796,1.2046120166778564,0.42138242721557617,0.09568828344345093,0.4586821496486664,1.1972887516021729,0.36403757333755493,0.08099139481782913,0.5879160761833191,1.2707245349884033,0.2813713550567627,0.056372057646512985,0.45421576499938965,1.2504044771194458,0.19302405416965485,0.07261136919260025
2026-04-30T18:49:52.567254,159,0.5326831936836243,0.16111542284488678,-0.29268139600753784,0.9999632835388184,0.5440746545791626,0.13797636330127716,-0.26560285687446594,0.9999242424964905,0.5499581098556519,0.13893865048885345,-0.2657739818096161,0.9999297857284546,0.5554913282394409,0.14003528654575348,-0.2658735513687134,0.999926745891571,0.5236762166023254,0.1359916478395462,-0.2666044235229492,0.9999093413352966,0.5158000588417053,0.13578476011753082,-0.2666122615337372,0.9999091029167175,0.5087842345237732,0.13598068058490753,-0.2667611241340637,0.9998965263366699,0.5591349601745605,0.15312863886356354,-0.1101594790816307,0.9999014735221863,0.49551457166671753,0.15140818059444427,-0.11625687777996063,0.9998993277549744,0.5424726605415344,0.18710149824619293,-0.23460617661476135,0.9999667406082153,0.517112672328949,0.18544216454029083,-0.23605844378471375,0.9999570250511169,0.6171375513076782,0.3299556076526642,-0.03923972696065903,0.9999517202377319,0.4380718171596527,0.32145631313323975,-0.07418366521596909,0.9998636245727539,0.6244892477989197,0.5188030004501343,0.02809826098382473,0.9910970330238342,0.4208900034427643,0.5307880640029907,-0.04968562349677086,0.9933645725250244,0.6291100978851318,0.6945607662200928,-0.11118100583553314,0.9947221875190735,0.4101642072200775,0.7045905590057373,-0.15948902070522308,0.9895381331443787,0.637779712677002,0.7579654455184937,-0.16188034415245056,0.9902357459068298,0.4038851261138916,0.7600558996200562,-0.2060905396938324,0.9791301488876343,0.6273910403251648,0.7562170624732971,-0.2121204435825348,0.9910382032394409,0.4152466654777527,0.7551575303077698,-0.2563859820365906,0.981143593788147,0.6209479570388794,0.7416265606880188,-0.133072629570961,0.9903519153594971,0.42082279920578003,0.7402060627937317,-0.18184852600097656,0.98086017370224,0.5708561539649963,0.7169901132583618,0.00888090766966343,0.9996511340141296,0.46615180373191833,0.713767945766449,-0.008645253255963326,0.9995916485786438,0.5734201073646545,0.963853120803833,-0.05066000670194626,0.7616366744041443,0.4594059884548187,0.9654338359832764,-0.005191796459257603,0.714362382888794,0.5792732834815979,1.1813024282455444,0.3974300026893616,0.10895233601331711,0.4575902819633484,1.1704167127609253,0.34490418434143066,0.14009369909763336,0.5757423639297485,1.2042343616485596,0.4369692802429199,0.09381412714719772,0.4591127038002014,1.196921706199646,0.37797582149505615,0.07917892187833786,0.5845756530761719,1.2701637744903564,0.29833176732063293,0.0549013651907444,0.4561467170715332,1.2499996423721313,0.21085579693317413,0.0704454779624939
2026-04-30T18:49:52.675080,160,0.5325891971588135,0.1605985015630722,-0.2885967195034027,0.9999637603759766,0.5440477132797241,0.13754510879516602,-0.2617989182472229,0.9999251365661621,0.5499433279037476,0.13853153586387634,-0.2619679272174835,0.9999307990074158,0.5554895401000977,0.1396579146385193,-0.26205793023109436,0.9999275803565979,0.5236046314239502,0.13542909920215607,-0.26269662380218506,0.9999104738235474,0.5157350301742554,0.13517478108406067,-0.2627074718475342,0.9999104738235474,0.5087244510650635,0.13531754910945892,-0.26285165548324585,0.9998977780342102,0.5591858625411987,0.15292897820472717,-0.10919012874364853,0.9999030828475952,0.49548324942588806,0.15106557309627533,-0.114717498421669,0.9999011754989624,0.5424274206161499,0.18685761094093323,-0.23190847039222717,0.9999669790267944,0.5170390605926514,0.18495908379554749,-0.23317542672157288,0.9999572038650513,0.6171370148658752,0.32986053824424744,-0.03939457982778549,0.999951958656311,0.438070684671402,0.3215010464191437,-0.07422803342342377,0.9998641610145569,0.6244996786117554,0.5187874436378479,0.028837189078330994,0.9912798404693604,0.4210446774959564,0.5308768153190613,-0.0503879077732563,0.9934914112091064,0.6290909647941589,0.6945871114730835,-0.10147402435541153,0.9948519468307495,0.4102635383605957,0.7044413089752197,-0.15994247794151306,0.9898418188095093,0.6377586722373962,0.758095383644104,-0.1495925933122635,0.9904962182044983,0.40389198064804077,0.7600733041763306,-0.20641914010047913,0.9797170162200928,0.6273468732833862,0.756382405757904,-0.19890838861465454,0.9912740588188171,0.4153359532356262,0.7552293539047241,-0.2563716769218445,0.981673538684845,0.6208985447883606,0.7416953444480896,-0.12265104055404663,0.990624189376831,0.4209956228733063,0.7402598857879639,-0.18222102522850037,0.9814167022705078,0.5708688497543335,0.7170069217681885,0.008884001523256302,0.9996652007102966,0.46615368127822876,0.7137752175331116,-0.008648843504488468,0.9996060132980347,0.5732421278953552,0.9638360142707825,-0.0509783998131752,0.7595337629318237,0.4594091475009918,0.9653639197349548,-0.0026956687215715647,0.712083637714386,0.579287588596344,1.181585669517517,0.3926110863685608,0.10532531887292862,0.45801210403442383,1.1704118251800537,0.3503285348415375,0.1355004608631134,0.5757881999015808,1.2045191526412964,0.4318302273750305,0.09114041924476624,0.4596068859100342,1.1969139575958252,0.3833058178424835,0.07707228511571884,0.5846067070960999,1.2704448699951172,0.2963608205318451,0.052890192717313766,0.4566563665866852,1.2499898672103882,0.2199191153049469,0.06792543083429337
2026-04-30T18:49:52.791315,161,0.5325676202774048,0.16052617132663727,-0.2885863482952118,0.9999631643295288,0.5440444350242615,0.137517511844635,-0.26177531480789185,0.9999236464500427,0.5499435663223267,0.13851040601730347,-0.26194432377815247,0.9999293088912964,0.5554925203323364,0.13964365422725677,-0.26203441619873047,0.9999260902404785,0.5235970616340637,0.13540789484977722,-0.26268914341926575,0.9999088644981384,0.5157307386398315,0.13516020774841309,-0.26269951462745667,0.9999088644981384,0.5087252855300903,0.1353035271167755,-0.26284390687942505,0.9998961091041565,0.5591963529586792,0.1529489904642105,-0.109265998005867,0.9999008774757385,0.4954844117164612,0.1510782390832901,-0.1147444024682045,0.9998992085456848,0.5423915386199951,0.1868385523557663,-0.23188523948192596,0.9999663829803467,0.517026960849762,0.184837207198143,-0.2331763058900833,0.9999565482139587,0.6169880628585815,0.32963094115257263,-0.040771886706352234,0.9999516010284424,0.43811407685279846,0.32153260707855225,-0.07356931269168854,0.9998628497123718,0.6245024800300598,0.5185688138008118,0.02801905944943428,0.9912672638893127,0.42126256227493286,0.5308800339698792,-0.04864317923784256,0.993388831615448,0.6291600465774536,0.694250226020813,-0.10184647887945175,0.9948262572288513,0.41026273369789124,0.7044263482093811,-0.15634281933307648,0.9897766709327698,0.6378189325332642,0.7580454349517822,-0.15029862523078918,0.9904488921165466,0.4038786292076111,0.7600738406181335,-0.20217284560203552,0.9796215891838074,0.6273933053016663,0.7563750743865967,-0.2001645565032959,0.9912286996841431,0.4153081476688385,0.7552270889282227,-0.25306981801986694,0.9815966486930847,0.6209560632705688,0.7416611313819885,-0.12332521378993988,0.9905796647071838,0.42097020149230957,0.7402524948120117,-0.17897528409957886,0.9813487529754639,0.5709574818611145,0.7166998386383057,0.008624635636806488,0.9996629953384399,0.4662800431251526,0.7136714458465576,-0.008392540737986565,0.9996029138565063,0.5732957124710083,0.9635270237922668,-0.05016551539301872,0.7596612572669983,0.4593217968940735,0.9647770524024963,-0.00292984745465219,0.7108772397041321,0.5793013572692871,1.1811670064926147,0.3920864164829254,0.10549335181713104,0.45760589838027954,1.170393705368042,0.34284406900405884,0.13546010851860046,0.575793981552124,1.2041256427764893,0.43101662397384644,0.09108733385801315,0.45922034978866577,1.1969209909439087,0.3741471469402313,0.07702913135290146,0.5846590399742126,1.2700082063674927,0.2951478958129883,0.052886512130498886,0.4558316767215729,1.2498536109924316,0.20743496716022491,0.06785187870264053
2026-04-30T18:49:52.903858,162,0.5327096581459045,0.16052748262882233,-0.2912517189979553,0.9999641180038452,0.5440531969070435,0.13754433393478394,-0.2636284828186035,0.9999257922172546,0.5499431490898132,0.1385364979505539,-0.2638007700443268,0.999931275844574,0.5554850697517395,0.13966678082942963,-0.26388752460479736,0.9999281167984009,0.5237773656845093,0.13543130457401276,-0.2654705047607422,0.9999114274978638,0.5160007476806641,0.13518016040325165,-0.2654798626899719,0.9999114871025085,0.509058952331543,0.135318323969841,-0.2656194567680359,0.9998989701271057,0.5591058731079102,0.15298132598400116,-0.10925911366939545,0.9999035596847534,0.4957314431667328,0.15112999081611633,-0.1170417070388794,0.9999022483825684,0.5424221158027649,0.18685023486614227,-0.23349475860595703,0.9999672174453735,0.5172724723815918,0.18483424186706543,-0.23588712513446808,0.9999576210975647,0.6169826984405518,0.32935550808906555,-0.04035339877009392,0.9999523162841797,0.4382479786872864,0.3217530846595764,-0.07656189799308777,0.9998639225959778,0.6245032548904419,0.5182463526725769,0.027960484847426414,0.991438627243042,0.42129087448120117,0.5310893654823303,-0.055073946714401245,0.9935163259506226,0.629203200340271,0.6943103075027466,-0.10942056030035019,0.9949052333831787,0.4102662205696106,0.7044761776924133,-0.16789880394935608,0.9899613261222839,0.6378402709960938,0.758159339427948,-0.16025282442569733,0.9905844926834106,0.4038742184638977,0.7601670622825623,-0.2159213274717331,0.9799342751502991,0.6274107694625854,0.756557047367096,-0.21115846931934357,0.9913576245307922,0.4153122305870056,0.7553671002388,-0.26742011308670044,0.9818874597549438,0.6209886074066162,0.7418081760406494,-0.13185261189937592,0.9907305240631104,0.4209860861301422,0.7403945326805115,-0.19085420668125153,0.9816426038742065,0.570879340171814,0.7163687944412231,0.009434061124920845,0.9996705055236816,0.4662792682647705,0.7134814858436584,-0.009193438105285168,0.9996089339256287,0.5732852816581726,0.9634575247764587,-0.05714889243245125,0.7569786906242371,0.4591887891292572,0.9648141264915466,-0.005863353610038757,0.7072892189025879,0.579643189907074,1.183946967124939,0.37356477975845337,0.10262464731931686,0.45605993270874023,1.1723114252090454,0.33734163641929626,0.1322246938943863,0.576114296913147,1.2072499990463257,0.41056346893310547,0.0888807401061058,0.45719093084335327,1.1994259357452393,0.3680526316165924,0.07521236687898636,0.5851154923439026,1.2726362943649292,0.2654455006122589,0.05137622356414795,0.4552385210990906,1.251516342163086,0.19460871815681458,0.06611628830432892
2026-04-30T18:49:53.019057,163,0.53370600938797,0.16036048531532288,-0.29073095321655273,0.9999642968177795,0.5444748997688293,0.1374308168888092,-0.2632052004337311,0.9999261498451233,0.5503207445144653,0.13841427862644196,-0.2633756399154663,0.9999316334724426,0.5558294057846069,0.13953819870948792,-0.263461172580719,0.99992835521698,0.5242733359336853,0.13533785939216614,-0.26537400484085083,0.9999120235443115,0.5163992643356323,0.13508792221546173,-0.2653844952583313,0.9999123215675354,0.5093083381652832,0.1352391093969345,-0.26552432775497437,0.9998997449874878,0.5592167377471924,0.15292806923389435,-0.10925021022558212,0.999904215335846,0.4957471787929535,0.1511211395263672,-0.11904115974903107,0.9999036192893982,0.5429412126541138,0.18678471446037292,-0.23327764868736267,0.9999673366546631,0.5179738998413086,0.18482555449008942,-0.23583193123340607,0.9999579191207886,0.6169992089271545,0.32935306429862976,-0.04047652333974838,0.9999521970748901,0.4382619261741638,0.32176557183265686,-0.08034244924783707,0.9998642802238464,0.6244872212409973,0.5181734561920166,0.029517468065023422,0.9914790987968445,0.42129451036453247,0.5311739444732666,-0.05966491624712944,0.9936248660087585,0.6292182803153992,0.6942331790924072,-0.10095353424549103,0.9949619770050049,0.41028618812561035,0.7045103311538696,-0.16987870633602142,0.9901842474937439,0.6378841996192932,0.7581037878990173,-0.14927968382835388,0.990700364112854,0.40387988090515137,0.760200560092926,-0.2173130214214325,0.9803524613380432,0.6274138689041138,0.756490170955658,-0.19948314130306244,0.9914647936820984,0.41538557410240173,0.7553711533546448,-0.26776403188705444,0.9822683930397034,0.6209843754768372,0.7417780160903931,-0.12279820442199707,0.9908624887466431,0.421098530292511,0.7403985261917114,-0.19231237471103668,0.9820287823677063,0.5709896087646484,0.7163934707641602,0.009629040025174618,0.9996790289878845,0.46636539697647095,0.7135598063468933,-0.009390853345394135,0.9996176958084106,0.5732956528663635,0.9634550213813782,-0.04890529066324234,0.7551671862602234,0.459450900554657,0.9636906385421753,0.001271385932341218,0.7041403651237488,0.579603374004364,1.1827930212020874,0.3868320882320404,0.10031422972679138,0.4577694535255432,1.171108603477478,0.34994953870773315,0.12940047681331635,0.5760532021522522,1.2058638334274292,0.4250470697879791,0.08757854998111725,0.4591309130191803,1.1977808475494385,0.38185885548591614,0.0739988312125206,0.585152268409729,1.2715470790863037,0.28759998083114624,0.0502420999109745,0.4574410915374756,1.250474452972412,0.21535876393318176,0.06464188545942307
2026-04-30T18:49:53.124580,164,0.5338112115859985,0.16040638089179993,-0.3037124276161194,0.9999632835388184,0.5444883704185486,0.13743072748184204,-0.27560222148895264,0.9999243021011353,0.550321102142334,0.138412743806839,-0.27577245235443115,0.9999296069145203,0.5558260083198547,0.13953202962875366,-0.27586477994918823,0.9999264478683472,0.5243635177612305,0.1353418081998825,-0.2783060669898987,0.9999099373817444,0.5165048241615295,0.13509267568588257,-0.2783128023147583,0.9999099373817444,0.5094258785247803,0.1352439522743225,-0.27845942974090576,0.999897301197052,0.5590795278549194,0.15291039645671844,-0.11790263652801514,0.9999009370803833,0.4957726001739502,0.15112413465976715,-0.13057716190814972,0.9999008774757385,0.5429434180259705,0.1868276298046112,-0.24510297179222107,0.9999668002128601,0.5180670022964478,0.18487480282783508,-0.24854612350463867,0.9999573230743408,0.6168183088302612,0.3294118046760559,-0.04638960584998131,0.9999509453773499,0.43826204538345337,0.3218839764595032,-0.08795712888240814,0.9998617768287659,0.6244493126869202,0.5182316899299622,0.02020832523703575,0.991291880607605,0.42131003737449646,0.5311834812164307,-0.06819567829370499,0.9935311079025269,0.6292741894721985,0.693922758102417,-0.12717194855213165,0.9948461651802063,0.41031351685523987,0.7045130133628845,-0.18426111340522766,0.9899606704711914,0.637951135635376,0.7576272487640381,-0.17986415326595306,0.9904743432998657,0.40390467643737793,0.7602625489234924,-0.23349349200725555,0.9799161553382874,0.6275330781936646,0.7558466196060181,-0.2310727834701538,0.9912615418434143,0.4154135584831238,0.7553958892822266,-0.2836873233318329,0.9818710684776306,0.62110835313797,0.7412450313568115,-0.15008381009101868,0.9906338453292847,0.4211331009864807,0.7404136061668396,-0.20687565207481384,0.9816101789474487,0.5709567070007324,0.7164049744606018,0.009695226326584816,0.9996694922447205,0.46652284264564514,0.7136095762252808,-0.00945611484348774,0.999607503414154,0.5732909440994263,0.9635578989982605,-0.04592320695519447,0.7547197341918945,0.45964542031288147,0.9640483260154724,0.001068462966941297,0.7041566371917725,0.5797500610351562,1.1826726198196411,0.39307039976119995,0.10157303512096405,0.45775753259658813,1.171094536781311,0.34902316331863403,0.13070112466812134,0.5761302709579468,1.2057663202285767,0.4310220777988434,0.08864102512598038,0.4591309428215027,1.197766900062561,0.3806760609149933,0.0744997039437294,0.5857122540473938,1.2712966203689575,0.28876811265945435,0.051163312047719955,0.45737871527671814,1.25050687789917,0.21441714465618134,0.06557952612638474
2026-04-30T18:49:53.228246,165,0.5341092348098755,0.1607370376586914,-0.29323065280914307,0.9999626874923706,0.544681191444397,0.13795657455921173,-0.26492616534233093,0.9999231696128845,0.5504586100578308,0.13896183669567108,-0.2651060223579407,0.9999287724494934,0.5558944344520569,0.14008156955242157,-0.2652145028114319,0.9999254941940308,0.5247676372528076,0.13579876720905304,-0.26888659596443176,0.9999085068702698,0.5168894529342651,0.13549861311912537,-0.26889848709106445,0.9999088048934937,0.5097719430923462,0.1356009989976883,-0.2690451741218567,0.9998958110809326,0.559075117111206,0.15335282683372498,-0.10665527731180191,0.9998999834060669,0.4958038926124573,0.15142768621444702,-0.12402427196502686,0.9999001622200012,0.5430115461349487,0.18706603348255157,-0.2339770793914795,0.9999663233757019,0.5182438492774963,0.18501274287700653,-0.23894000053405762,0.9999565482139587,0.6168128252029419,0.3293744623661041,-0.034533772617578506,0.9999510049819946,0.4382457733154297,0.3221723437309265,-0.08536632359027863,0.9998610615730286,0.6243250370025635,0.518181324005127,0.03140515461564064,0.9912806749343872,0.4214441776275635,0.5316435694694519,-0.0669201985001564,0.9936022162437439,0.6292768716812134,0.693899393081665,-0.11910239607095718,0.9948415756225586,0.41035065054893494,0.7055155634880066,-0.18378230929374695,0.9901309013366699,0.6379529237747192,0.7576159238815308,-0.17279085516929626,0.9905043840408325,0.4039720892906189,0.7606147527694702,-0.2313925325870514,0.9802510142326355,0.6275390386581421,0.7558172941207886,-0.2251466065645218,0.9912956953048706,0.41548290848731995,0.7556478977203369,-0.281605064868927,0.9821763038635254,0.6211121082305908,0.7411958575248718,-0.14268994331359863,0.9906794428825378,0.4211900234222412,0.7407742142677307,-0.2065315693616867,0.9818950295448303,0.5709410309791565,0.7167817950248718,0.010245027020573616,0.9996771216392517,0.46654191613197327,0.7140458226203918,-0.00999528355896473,0.9996129870414734,0.5732717514038086,0.9640576243400574,-0.05627826973795891,0.7513271570205688,0.4597344994544983,0.9640461802482605,-0.005209867376834154,0.6991795897483826,0.5797954797744751,1.18534517288208,0.3830409049987793,0.0984506756067276,0.4575822353363037,1.1715606451034546,0.34882378578186035,0.1263706237077713,0.5761932134628296,1.2085925340652466,0.4211862087249756,0.08637195825576782,0.4587671756744385,1.1981215476989746,0.3810216784477234,0.07239267975091934,0.585753321647644,1.2733891010284424,0.2776964604854584,0.04950299113988876,0.45734602212905884,1.2507908344268799,0.2139357328414917,0.06339048594236374
2026-04-30T18:49:53.338763,166,0.5342540740966797,0.16073831915855408,-0.2846779227256775,0.9999633431434631,0.5446854829788208,0.1379590630531311,-0.25584396719932556,0.9999247789382935,0.5504530072212219,0.13896256685256958,-0.2560291588306427,0.9999305605888367,0.5558713674545288,0.14008136093616486,-0.25612980127334595,0.9999271035194397,0.5249055624008179,0.13580431044101715,-0.2595890164375305,0.9999103546142578,0.5171000361442566,0.13550542294979095,-0.2596122622489929,0.9999110698699951,0.5100330710411072,0.13560885190963745,-0.25975334644317627,0.9998980760574341,0.5589653253555298,0.15339715778827667,-0.09761518239974976,0.9999026656150818,0.4959694743156433,0.15147599577903748,-0.11382593214511871,0.9999033212661743,0.5430578589439392,0.18707086145877838,-0.22571110725402832,0.9999669194221497,0.518537163734436,0.1850171536207199,-0.23039937019348145,0.9999571442604065,0.6168078780174255,0.32939615845680237,-0.027734775096178055,0.9999518990516663,0.4382835030555725,0.3223273456096649,-0.07886569201946259,0.9998626708984375,0.6244528889656067,0.5182735919952393,0.03469192981719971,0.9915204048156738,0.4217236042022705,0.5318822860717773,-0.060910601168870926,0.993827223777771,0.6293101906776428,0.6940730810165405,-0.11882267147302628,0.9949567317962646,0.410411536693573,0.7056589722633362,-0.17994573712348938,0.990537166595459,0.6380054354667664,0.757700502872467,-0.17161925137043,0.990749716758728,0.4039882719516754,0.7606576681137085,-0.22955158352851868,0.9810163974761963,0.6275728940963745,0.7559285759925842,-0.22332978248596191,0.9915242195129395,0.4154883027076721,0.7557521462440491,-0.2798340916633606,0.9828691482543945,0.6211274862289429,0.741314709186554,-0.14231495559215546,0.9909471869468689,0.42120304703712463,0.7409382462501526,-0.20256301760673523,0.9826003909111023,0.5709576606750488,0.7167770266532898,0.01047276146709919,0.9996920824050903,0.4666447639465332,0.7140493392944336,-0.01021541003137827,0.9996267557144165,0.5733645558357239,0.9642623662948608,-0.07740215957164764,0.7465763092041016,0.45974549651145935,0.9640588760375977,-0.018116677179932594,0.6935645341873169,0.5800864696502686,1.191049337387085,0.35973653197288513,0.09327618777751923,0.45762699842453003,1.1732527017593384,0.3482467532157898,0.11944670975208282,0.5767895579338074,1.2145711183547974,0.3976297974586487,0.08223353326320648,0.458763062953949,1.1994330883026123,0.380659818649292,0.06892341375350952,0.5857793688774109,1.2788540124893188,0.25349974632263184,0.046738412231206894,0.4583931565284729,1.2522000074386597,0.21412286162376404,0.05983254685997963
2026-04-30T18:49:53.443698,167,0.5340269804000854,0.16084088385105133,-0.312270849943161,0.9999632239341736,0.5446066856384277,0.13813281059265137,-0.28496211767196655,0.9999239444732666,0.5503565669059753,0.1391707956790924,-0.2851368188858032,0.9999297857284546,0.5557650327682495,0.1403299868106842,-0.2852398455142975,0.9999263286590576,0.5248928070068359,0.13590650260448456,-0.2861410081386566,0.9999089241027832,0.5171023011207581,0.13559341430664062,-0.286136656999588,0.9999094605445862,0.5100463628768921,0.13568250834941864,-0.28627967834472656,0.9998960494995117,0.5588983297348022,0.15378712117671967,-0.13081173598766327,0.9999017119407654,0.4959762990474701,0.15153159201145172,-0.13671402633190155,0.9998999238014221,0.5427708625793457,0.18716159462928772,-0.25495073199272156,0.9999670386314392,0.5183340311050415,0.18503150343894958,-0.25652095675468445,0.9999571442604065,0.6167458891868591,0.32942715287208557,-0.06579522788524628,0.999951958656311,0.4382323622703552,0.3225645124912262,-0.08585478365421295,0.9998600482940674,0.6244915723800659,0.5184738636016846,-0.0038165724836289883,0.9915494322776794,0.42174339294433594,0.5318911075592041,-0.06195283681154251,0.9935274124145508,0.629301905632019,0.6941522359848022,-0.15479372441768646,0.994945228099823,0.4104369282722473,0.7057670950889587,-0.179911270737648,0.9901527166366577,0.6380113363265991,0.757702112197876,-0.2087179720401764,0.9906923770904541,0.40398818254470825,0.7606651782989502,-0.228616863489151,0.9803805947303772,0.6275885105133057,0.7559503316879272,-0.25942331552505493,0.9914714694023132,0.41548028588294983,0.7557611465454102,-0.2799197733402252,0.9823037981987,0.6211298704147339,0.741366982460022,-0.1774560809135437,0.9908664226531982,0.42120832204818726,0.7409688234329224,-0.2031366527080536,0.9820298552513123,0.5709543228149414,0.7168236970901489,0.006504843942821026,0.9996771812438965,0.4666370749473572,0.7141452431678772,-0.006263659335672855,0.9996093511581421,0.5731197595596313,0.9640230536460876,-0.05245273560285568,0.75175541639328,0.459786593914032,0.9639963507652283,-0.0012529739178717136,0.698293924331665,0.5794638395309448,1.176910400390625,0.4016704559326172,0.09947338700294495,0.45879992842674255,1.1674919128417969,0.35219448804855347,0.12667305767536163,0.5761957168579102,1.1992764472961426,0.44097036123275757,0.08721793442964554,0.46073293685913086,1.193941354751587,0.3839234709739685,0.07351870089769363,0.5846416354179382,1.2654664516448975,0.30338814854621887,0.050234127789735794,0.4583483636379242,1.2457624673843384,0.21709184348583221,0.0639965683221817
2026-04-30T18:49:53.552867,168,0.5343117117881775,0.16118568181991577,-0.3044981360435486,0.9999634027481079,0.5447896718978882,0.13836224377155304,-0.27750304341316223,0.9999243021011353,0.5504642128944397,0.13937924802303314,-0.2776910662651062,0.9999303817749023,0.5558122992515564,0.140525683760643,-0.27780428528785706,0.9999268054962158,0.5253075957298279,0.13622382283210754,-0.27932119369506836,0.9999092221260071,0.5175462365150452,0.13592082262039185,-0.27932581305503845,0.9999101161956787,0.5104745626449585,0.13601087033748627,-0.2794667184352875,0.9998964667320251,0.5588482022285461,0.15404866635799408,-0.12683355808258057,0.9999028444290161,0.496157705783844,0.15177041292190552,-0.13491371273994446,0.999900758266449,0.5428212881088257,0.1874075084924698,-0.2483690232038498,0.999967098236084,0.5185283422470093,0.1854211390018463,-0.25075262784957886,0.9999571442604065,0.6167474389076233,0.32984381914138794,-0.062057118862867355,0.9999522566795349,0.43820643424987793,0.3228566348552704,-0.08540137857198715,0.9998598694801331,0.6245131492614746,0.5186503529548645,0.003219285514205694,0.9916834831237793,0.4217751920223236,0.5325146913528442,-0.0629710927605629,0.9936034083366394,0.6292999386787415,0.6942945122718811,-0.14421217143535614,0.9950029850006104,0.4104476869106293,0.7058684825897217,-0.179470494389534,0.9902992248535156,0.6380038857460022,0.7577713131904602,-0.19733309745788574,0.9908225536346436,0.40397268533706665,0.7607988119125366,-0.2281530201435089,0.9806923866271973,0.6275373101234436,0.7559947371482849,-0.2473900020122528,0.9915942549705505,0.4154089391231537,0.7559810876846313,-0.27883848547935486,0.9825916886329651,0.6210699677467346,0.7414122819900513,-0.16658732295036316,0.9910134673118591,0.42119503021240234,0.7412846684455872,-0.20240357518196106,0.9823393821716309,0.5709162950515747,0.7172698378562927,0.006628967821598053,0.9996827244758606,0.46660763025283813,0.7144089937210083,-0.0063870796002447605,0.999613881111145,0.5731151700019836,0.9640038013458252,-0.051738131791353226,0.7479275465011597,0.4596400856971741,0.9639894366264343,-0.0014718298334628344,0.6945091485977173,0.5794562101364136,1.1771479845046997,0.40086063742637634,0.09582453966140747,0.4578303396701813,1.1675912141799927,0.34863293170928955,0.12296655029058456,0.5762108564376831,1.199638843536377,0.44033414125442505,0.0846216082572937,0.4593847393989563,1.1940181255340576,0.3801892101764679,0.07196493446826935,0.5844458937644958,1.2657716274261475,0.3046022057533264,0.048212725669145584,0.4576354920864105,1.2459315061569214,0.21447694301605225,0.06185728684067726
2026-04-30T18:49:53.659973,169,0.5356356501579285,0.16119886934757233,-0.32027921080589294,0.9999620914459229,0.5452574491500854,0.13838082551956177,-0.2923300862312317,0.9999217391014099,0.5507381558418274,0.13938647508621216,-0.292511910200119,0.9999276399612427,0.5559370517730713,0.14052678644657135,-0.292622834444046,0.9999241828918457,0.5262407660484314,0.1362740397453308,-0.29598742723464966,0.9999061226844788,0.5184628963470459,0.1359620988368988,-0.29598304629325867,0.9999067187309265,0.5112468004226685,0.13604258000850677,-0.29612937569618225,0.9998928904533386,0.5586968660354614,0.15405091643333435,-0.13495057821273804,0.9998987913131714,0.4963739514350891,0.15178115665912628,-0.15189138054847717,0.9998969435691833,0.5432625412940979,0.1874145120382309,-0.261605829000473,0.999966561794281,0.5198215246200562,0.18547077476978302,-0.26637136936187744,0.9999566078186035,0.6166115999221802,0.3297525942325592,-0.06348320096731186,0.9999516010284424,0.43813076615333557,0.32288041710853577,-0.10174697637557983,0.9998573064804077,0.6244744658470154,0.518400251865387,0.0031440153252333403,0.991489827632904,0.42178064584732056,0.5325908064842224,-0.08251067250967026,0.9934806227684021,0.629322350025177,0.6944395899772644,-0.15069875121116638,0.9948846101760864,0.4104382395744324,0.7063224911689758,-0.20591382682323456,0.9899431467056274,0.6380035281181335,0.7579783201217651,-0.20546314120292664,0.9905523061752319,0.4039084315299988,0.761342465877533,-0.25665444135665894,0.9800259470939636,0.6275283098220825,0.7562857270240784,-0.25755926966667175,0.9913586378097534,0.4154109060764313,0.7565305829048157,-0.30835849046707153,0.9819961190223694,0.6210651397705078,0.7416715025901794,-0.17421133816242218,0.9907399415969849,0.4212002158164978,0.7419601678848267,-0.22936339676380157,0.9817011952400208,0.5710276961326599,0.7163362503051758,0.006854484789073467,0.9996628761291504,0.46670570969581604,0.7138935327529907,-0.006599322892725468,0.9995929002761841,0.5731866955757141,0.9637534618377686,-0.03937581926584244,0.7488075494766235,0.45969605445861816,0.9634822607040405,-0.0016374945407733321,0.6958491802215576,0.579594075679779,1.1753971576690674,0.40430131554603577,0.09941717982292175,0.45761576294898987,1.1665894985198975,0.3376300632953644,0.12782397866249084,0.5762137174606323,1.1981353759765625,0.4424750804901123,0.08801442384719849,0.45925745368003845,1.1931654214859009,0.3671506345272064,0.07448539137840271,0.5855554938316345,1.263946533203125,0.3025439381599426,0.050480738282203674,0.4569679796695709,1.2455343008041382,0.19207775592803955,0.06458960473537445
2026-04-30T18:49:53.764166,170,0.5355241894721985,0.16104929149150848,-0.31975769996643066,0.9999625086784363,0.5451737642288208,0.13837896287441254,-0.2897782027721405,0.9999224543571472,0.5506468415260315,0.13938556611537933,-0.2899812161922455,0.9999286532402039,0.5558170080184937,0.14052674174308777,-0.2900773584842682,0.9999250173568726,0.5261997580528259,0.13627184927463531,-0.29389482736587524,0.9999067187309265,0.5184489488601685,0.13596288859844208,-0.29391640424728394,0.9999078512191772,0.5112506747245789,0.13604432344436646,-0.29407209157943726,0.999893844127655,0.5583688020706177,0.15410885214805603,-0.1273893117904663,0.999900221824646,0.4964340627193451,0.1518450826406479,-0.14497341215610504,0.9998982548713684,0.5432108640670776,0.18734200298786163,-0.25934281945228577,0.9999667406082153,0.5197517275810242,0.18520864844322205,-0.26477521657943726,0.9999566674232483,0.6165069341659546,0.3298098146915436,-0.05700961500406265,0.9999524354934692,0.43806299567222595,0.3229902982711792,-0.09674655646085739,0.9998587369918823,0.6244668364524841,0.5181136131286621,0.004939073231071234,0.9917721748352051,0.4218113422393799,0.532610297203064,-0.0758034735918045,0.9936467409133911,0.6293960809707642,0.6944748163223267,-0.14895251393318176,0.9950177073478699,0.41038641333580017,0.7063010931015015,-0.20342977344989777,0.9902116060256958,0.6380245685577393,0.7579716444015503,-0.20517468452453613,0.9908012747764587,0.4038742184638977,0.7613390684127808,-0.25122496485710144,0.9805276393890381,0.62754225730896,0.7562724947929382,-0.25618624687194824,0.9915949702262878,0.41541728377342224,0.7565359473228455,-0.3013763725757599,0.9824578762054443,0.621079683303833,0.741654634475708,-0.17222969233989716,0.9910045266151428,0.4212142527103424,0.7419628500938416,-0.22597341239452362,0.9821874499320984,0.5710479021072388,0.7155520915985107,0.0072433846071362495,0.9996707439422607,0.46666422486305237,0.7135114073753357,-0.006982485763728619,0.9996009469032288,0.5731861591339111,0.9635784029960632,-0.04473331198096275,0.7454836368560791,0.45946988463401794,0.9636039137840271,-0.019072657451033592,0.6942368149757385,0.5797054767608643,1.1769777536392212,0.4047931730747223,0.09527416527271271,0.4571203291416168,1.167536973953247,0.3345370292663574,0.12258359789848328,0.5766499042510986,1.1996269226074219,0.4442405104637146,0.08463338017463684,0.45820730924606323,1.1936818361282349,0.3658454418182373,0.07189490646123886,0.585361659526825,1.2648828029632568,0.30377691984176636,0.048147011548280716,0.45732003450393677,1.2463150024414062,0.19287270307540894,0.06173049286007881
2026-04-30T18:49:53.867372,171,0.5363922715187073,0.16100090742111206,-0.3234267830848694,0.9999615550041199,0.5454731583595276,0.13832524418830872,-0.29426854848861694,0.9999200701713562,0.5507760047912598,0.1393073946237564,-0.2944706082344055,0.9999269843101501,0.5558413863182068,0.1404254287481308,-0.2945713400840759,0.9999231696128845,0.5270557999610901,0.13626442849636078,-0.29804590344429016,0.9999034404754639,0.5194331407546997,0.13596028089523315,-0.298060804605484,0.9999051094055176,0.5122406482696533,0.13604451715946198,-0.2982175350189209,0.999890148639679,0.5579277276992798,0.1540726274251938,-0.13146533071994781,0.9998980760574341,0.49708080291748047,0.1518496721982956,-0.14855945110321045,0.9998943209648132,0.5434154868125916,0.18720071017742157,-0.2628854811191559,0.9999659657478333,0.5205544829368591,0.18511717021465302,-0.2678176164627075,0.999955415725708,0.6163478493690491,0.32980969548225403,-0.05914783477783203,0.9999528527259827,0.4380611777305603,0.3230034410953522,-0.09753833711147308,0.9998556971549988,0.624544084072113,0.5181141495704651,0.0007164462003856897,0.99202561378479,0.42188921570777893,0.5326178073883057,-0.07704474031925201,0.9936254024505615,0.6295679211616516,0.6951615214347839,-0.16750992834568024,0.9951246976852417,0.4103385806083679,0.706305742263794,-0.20670266449451447,0.9901659488677979,0.6380201578140259,0.7582132816314697,-0.22708182036876678,0.990980863571167,0.4038171172142029,0.7613664269447327,-0.25785118341445923,0.9805017113685608,0.6275194883346558,0.7564380168914795,-0.2790503203868866,0.9917727708816528,0.4154157042503357,0.7565416693687439,-0.3110000491142273,0.9824553728103638,0.6210779547691345,0.7418847680091858,-0.1914711892604828,0.9911922216415405,0.42121362686157227,0.7419660687446594,-0.23053523898124695,0.9821755290031433,0.5710305571556091,0.7145729064941406,0.007280942052602768,0.9996663331985474,0.4665679335594177,0.712689995765686,-0.0070266700349748135,0.999592661857605,0.5731926560401917,0.9630196690559387,-0.04320492595434189,0.7425211071968079,0.45944589376449585,0.9632786512374878,-0.014922836795449257,0.6912063360214233,0.5795896649360657,1.1770259141921997,0.4080619215965271,0.09314892441034317,0.45699962973594666,1.1677850484848022,0.33304765820503235,0.12087339162826538,0.5766309499740601,1.1997109651565552,0.44720906019210815,0.08334822207689285,0.45789045095443726,1.1943658590316772,0.3633384704589844,0.07123886048793793,0.5842148065567017,1.2645519971847534,0.3029051125049591,0.04702889919281006,0.45767679810523987,1.2463918924331665,0.1828819364309311,0.060642827302217484
2026-04-30T18:49:53.972076,172,0.5380656123161316,0.16100361943244934,-0.32286688685417175,0.9999603629112244,0.5463292598724365,0.13833190500736237,-0.2935718595981598,0.9999176859855652,0.5514087677001953,0.13930678367614746,-0.2937678098678589,0.9999247789382935,0.5562460422515869,0.14041146636009216,-0.2938697636127472,0.9999210238456726,0.5282918214797974,0.13634181022644043,-0.297992467880249,0.9999005794525146,0.5206719040870667,0.13606001436710358,-0.29800504446029663,0.9999023079872131,0.513307511806488,0.1361664980649948,-0.2981545329093933,0.9998869299888611,0.5578497052192688,0.1540714055299759,-0.13105669617652893,0.9998946785926819,0.4976317882537842,0.15198376774787903,-0.15140213072299957,0.9998907446861267,0.5442598462104797,0.18720147013664246,-0.26261353492736816,0.9999651312828064,0.5220646858215332,0.18519411981105804,-0.2683812379837036,0.999954342842102,0.6162996888160706,0.3303268253803253,-0.0587502047419548,0.9999521970748901,0.4380101263523102,0.32312414050102234,-0.10341296344995499,0.9998528957366943,0.6245524287223816,0.5182400345802307,0.0017475178465247154,0.9920388460159302,0.4218864440917969,0.5327045917510986,-0.08362017571926117,0.9935985207557678,0.6296477913856506,0.6953364610671997,-0.16245126724243164,0.99506676197052,0.41031837463378906,0.7064039707183838,-0.20864686369895935,0.9899536371231079,0.638015866279602,0.7581866979598999,-0.22040140628814697,0.9908408522605896,0.4037643074989319,0.761532723903656,-0.2602749466896057,0.9801051616668701,0.6275221109390259,0.756322979927063,-0.2718786895275116,0.9916562438011169,0.41542235016822815,0.7567334771156311,-0.31338536739349365,0.9821110367774963,0.6211026310920715,0.741855800151825,-0.1861855834722519,0.9910662770271301,0.4212420582771301,0.7422002553939819,-0.23258423805236816,0.9818241000175476,0.570950984954834,0.7144211530685425,0.007821308448910713,0.9996536374092102,0.466348797082901,0.7125307321548462,-0.007548748515546322,0.999578595161438,0.5732788443565369,0.9625171422958374,-0.034892112016677856,0.7405048608779907,0.45937275886535645,0.9632068872451782,-0.014842979609966278,0.68970787525177,0.5796937942504883,1.1771317720413208,0.40874791145324707,0.09271034598350525,0.4568396210670471,1.1678091287612915,0.33154296875,0.12040292471647263,0.5766592025756836,1.1998693943023682,0.44704803824424744,0.08321715146303177,0.45771998167037964,1.194486141204834,0.36146774888038635,0.07110857218503952,0.5845882892608643,1.2646424770355225,0.30255740880966187,0.046906132251024246,0.45756959915161133,1.246461272239685,0.1820608228445053,0.060451675206422806
2026-04-30T18:49:54.074923,173,0.5377010107040405,0.16087354719638824,-0.3266763985157013,0.9999579787254333,0.5459406971931458,0.13816499710083008,-0.29769426584243774,0.9999122619628906,0.5510381460189819,0.13909298181533813,-0.2978973388671875,0.9999203681945801,0.5558472871780396,0.14015601575374603,-0.2980177402496338,0.9999163150787354,0.5279804468154907,0.1362980157136917,-0.30124548077583313,0.9998936653137207,0.520480751991272,0.13604849576950073,-0.30125850439071655,0.9998960494995117,0.5132547616958618,0.13616935908794403,-0.3014138340950012,0.9998794794082642,0.5571902394294739,0.1538441777229309,-0.13328532874584198,0.9998891353607178,0.4976786673069,0.1520087718963623,-0.14994463324546814,0.9998834729194641,0.5440860986709595,0.18693672120571136,-0.2654218077659607,0.9999632835388184,0.5219699144363403,0.1850746124982834,-0.2699628472328186,0.9999514818191528,0.6161292791366577,0.32991284132003784,-0.05792761966586113,0.9999515414237976,0.43800410628318787,0.32313281297683716,-0.10140407085418701,0.999849796295166,0.6242290735244751,0.5174030065536499,0.0030901129357516766,0.9920913577079773,0.42190295457839966,0.5327074527740479,-0.08123020827770233,0.993523120880127,0.6295830607414246,0.6953464150428772,-0.15991368889808655,0.994982898235321,0.41032272577285767,0.7063353061676025,-0.20496471226215363,0.9897626042366028,0.6377431154251099,0.7581881284713745,-0.21785645186901093,0.9907153248786926,0.4037601947784424,0.7615340352058411,-0.2567705810070038,0.9797986149787903,0.6273579001426697,0.7563247680664062,-0.2699570059776306,0.9915561079978943,0.4154238700866699,0.7567335963249207,-0.31047505140304565,0.981846809387207,0.621002197265625,0.7418826818466187,-0.1838432252407074,0.9909648299217224,0.42125168442726135,0.7422022223472595,-0.229038268327713,0.9815518260002136,0.5708073377609253,0.7142797112464905,0.008435416966676712,0.9996524453163147,0.4660069942474365,0.7121967673301697,-0.008158248849213123,0.9995745420455933,0.573276162147522,0.9623895883560181,-0.03744538128376007,0.7371894121170044,0.4591318964958191,0.9631300568580627,-0.019699547439813614,0.6873717904090881,0.579133927822113,1.1772264242172241,0.41813889145851135,0.09050624072551727,0.4568115770816803,1.1678569316864014,0.3376886248588562,0.1171959787607193,0.5761685967445374,1.1999187469482422,0.45867720246315,0.08155876398086548,0.4576095640659332,1.1944271326065063,0.3703022003173828,0.06963158398866653,0.5835185647010803,1.264709234237671,0.31196850538253784,0.045734018087387085,0.45802125334739685,1.2465064525604248,0.18963149189949036,0.058820340782403946
2026-04-30T18:49:54.185164,174,0.5375846028327942,0.16077518463134766,-0.3234059810638428,0.9999572038650513,0.5455014705657959,0.1379471719264984,-0.29451289772987366,0.9999101161956787,0.5505024194717407,0.13875533640384674,-0.2947327494621277,0.9999191164970398,0.5551749467849731,0.13971541821956635,-0.2948550879955292,0.9999147057533264,0.5277118682861328,0.13629935681819916,-0.29706907272338867,0.9998907446861267,0.5202726721763611,0.13610026240348816,-0.2970988154411316,0.9998939037322998,0.5131558179855347,0.13634219765663147,-0.2972531318664551,0.9998762607574463,0.5561494827270508,0.15341457724571228,-0.12981078028678894,0.9998879432678223,0.4976804256439209,0.15211111307144165,-0.14180272817611694,0.9998809695243835,0.5440216064453125,0.1867973506450653,-0.26185303926467896,0.9999622702598572,0.5219371318817139,0.18510039150714874,-0.2650294303894043,0.9999497532844543,0.6160913109779358,0.3296507000923157,-0.05589304119348526,0.9999520182609558,0.4380267262458801,0.3231429159641266,-0.09388825297355652,0.9998485445976257,0.6242737770080566,0.5173553824424744,0.003979543689638376,0.9923563599586487,0.421989768743515,0.5324903130531311,-0.0743422582745552,0.9935781955718994,0.6295965909957886,0.6961734294891357,-0.15698324143886566,0.9950926899909973,0.41033095121383667,0.7062804102897644,-0.199752539396286,0.9898223280906677,0.6376734972000122,0.758666455745697,-0.21430063247680664,0.990926206111908,0.4037780165672302,0.761540949344635,-0.25178974866867065,0.9799326062202454,0.6271665692329407,0.7567771673202515,-0.265934020280838,0.9917538166046143,0.4154626429080963,0.756721556186676,-0.3062587082386017,0.9819707870483398,0.6208928823471069,0.7424054741859436,-0.1806364506483078,0.9911871552467346,0.42128339409828186,0.7421678900718689,-0.22402837872505188,0.9816940426826477,0.5707728266716003,0.7142906188964844,0.008477060124278069,0.9996578693389893,0.4659635126590729,0.7121622562408447,-0.008200038224458694,0.9995786547660828,0.5734032392501831,0.9621656537055969,-0.041657704859972,0.7339703440666199,0.45913758873939514,0.9631422162055969,-0.018895331770181656,0.6857923865318298,0.5792021751403809,1.1794838905334473,0.4157813489437103,0.0872192457318306,0.4571792483329773,1.1697927713394165,0.3345561623573303,0.11326704919338226,0.5763620138168335,1.202455997467041,0.4565580487251282,0.07894014567136765,0.45786768198013306,1.1965993642807007,0.36668822169303894,0.06778963655233383,0.5835434794425964,1.266255497932434,0.308324933052063,0.043865080922842026,0.4590514600276947,1.248009443283081,0.18810108304023743,0.0566403903067112
2026-04-30T18:49:54.292675,175,0.5354413390159607,0.16077487170696259,-0.3231872022151947,0.9999566674232483,0.5443915128707886,0.13794636726379395,-0.29436352849006653,0.9999092221260071,0.5495932102203369,0.1387535184621811,-0.2945721447467804,0.9999184012413025,0.554421067237854,0.13971351087093353,-0.29468977451324463,0.9999139308929443,0.5261611938476562,0.1363135129213333,-0.2967088520526886,0.9998893737792969,0.518837034702301,0.1361270695924759,-0.2967316806316376,0.9998926520347595,0.5120288133621216,0.13637323677539825,-0.29688698053359985,0.9998749494552612,0.555910587310791,0.15341201424598694,-0.12991531193256378,0.9998868703842163,0.4972153306007385,0.15211938321590424,-0.1413189023733139,0.9998794198036194,0.5427178144454956,0.18679530918598175,-0.26188570261001587,0.9999619126319885,0.5200336575508118,0.18509884178638458,-0.2648317515850067,0.9999491572380066,0.615922749042511,0.32964032888412476,-0.05551924556493759,0.9999514818191528,0.4377775192260742,0.3231736719608307,-0.09380751103162766,0.999847412109375,0.6236825585365295,0.5173498392105103,0.0034270156174898148,0.9923362135887146,0.42202073335647583,0.5324933528900146,-0.07395298779010773,0.9935572147369385,0.6290112733840942,0.697184145450592,-0.16583864390850067,0.9950272440910339,0.410327672958374,0.7060502171516418,-0.20180094242095947,0.9897419810295105,0.6369892358779907,0.7591038942337036,-0.22497598826885223,0.9908317923545837,0.40377917885780334,0.7614880800247192,-0.2544136941432953,0.9797804951667786,0.6265767216682434,0.7572439312934875,-0.27708637714385986,0.9916744232177734,0.41547757387161255,0.7565902471542358,-0.3078727126121521,0.981838583946228,0.6204366087913513,0.7430146336555481,-0.19000819325447083,0.9911031723022461,0.4212915003299713,0.7419723868370056,-0.2259070873260498,0.9815626740455627,0.5707617402076721,0.7138914465904236,0.008765697479248047,0.9996551871299744,0.46584707498550415,0.7115774154663086,-0.008486990816891193,0.9995752573013306,0.5734093189239502,0.9612197875976562,-0.05002051591873169,0.7312928438186646,0.4588239789009094,0.9630415439605713,-0.02561989799141884,0.6848574280738831,0.5791248083114624,1.17898428440094,0.41329726576805115,0.08539135009050369,0.45690903067588806,1.1697990894317627,0.33006760478019714,0.11125445365905762,0.576347827911377,1.2016193866729736,0.4535278379917145,0.0772773027420044,0.457395076751709,1.196573257446289,0.3621102571487427,0.06641850620508194,0.5829175710678101,1.2658802270889282,0.30725088715553284,0.04295866936445236,0.4591349959373474,1.2480601072311401,0.1804671287536621,0.05553678795695305
2026-04-30T18:49:54.399308,176,0.5338734984397888,0.16085034608840942,-0.32160788774490356,0.9999562501907349,0.5430988669395447,0.13806088268756866,-0.2928420603275299,0.9999080896377563,0.5484138131141663,0.13884280622005463,-0.2930466830730438,0.9999179244041443,0.5533171892166138,0.139800027012825,-0.2931593954563141,0.9999130964279175,0.5245069861412048,0.13659583032131195,-0.29518935084342957,0.9998874664306641,0.5172215104103088,0.13652154803276062,-0.29520946741104126,0.9998913407325745,0.5105887651443481,0.1368739753961563,-0.295362651348114,0.9998728036880493,0.5554912090301514,0.15343236923217773,-0.129690021276474,0.9998863339424133,0.49643898010253906,0.1525297611951828,-0.13875092566013336,0.9998779296875,0.5419067144393921,0.18692830204963684,-0.26052457094192505,0.9999613761901855,0.5187391042709351,0.18535540997982025,-0.26364582777023315,0.9999481439590454,0.6158655881881714,0.32945698499679565,-0.05139134079217911,0.9999522566795349,0.4377480149269104,0.3231867849826813,-0.08843046426773071,0.9998475313186646,0.6236995458602905,0.5168123841285706,0.0056400601752102375,0.9925472140312195,0.42196446657180786,0.5322301983833313,-0.06821192055940628,0.9936147332191467,0.628913402557373,0.6970922946929932,-0.16393747925758362,0.9951125979423523,0.41024890542030334,0.7060484290122986,-0.2010633498430252,0.9897316694259644,0.636820912361145,0.7589996457099915,-0.22372058033943176,0.9909905195236206,0.4037746787071228,0.7615349888801575,-0.2527351677417755,0.9797472953796387,0.6263304948806763,0.757056474685669,-0.276003360748291,0.9918261170387268,0.4154866337776184,0.7565823197364807,-0.3058304190635681,0.9818117022514343,0.6201186180114746,0.7428978681564331,-0.1881348341703415,0.9912655353546143,0.42129674553871155,0.7419534921646118,-0.22479915618896484,0.9815649390220642,0.5706777572631836,0.7137135863304138,0.009260347113013268,0.9996618032455444,0.465705543756485,0.7110023498535156,-0.008965208195149899,0.9995813369750977,0.5734178423881531,0.9611894488334656,-0.05443115904927254,0.7309873700141907,0.4588076174259186,0.9630356431007385,-0.030255770310759544,0.6863476037979126,0.5796860456466675,1.1792548894882202,0.41184693574905396,0.08337711542844772,0.45641961693763733,1.1699029207229614,0.3298659026622772,0.10856766253709793,0.5770322680473328,1.2018605470657349,0.4519304633140564,0.07553450018167496,0.4565545618534088,1.196595311164856,0.36214643716812134,0.06505616009235382,0.5832289457321167,1.2660378217697144,0.30672818422317505,0.04166486859321594,0.4591262936592102,1.2481484413146973,0.18116465210914612,0.05392494052648544
2026-04-30T18:49:54.510592,177,0.5323424935340881,0.1609327793121338,-0.3267059624195099,0.9999536275863647,0.5418530702590942,0.13819187879562378,-0.29884830117225647,0.9999021887779236,0.547333300113678,0.1389656960964203,-0.2990434169769287,0.999912679195404,0.5523534417152405,0.1399458944797516,-0.2991555631160736,0.9999077916145325,0.5228142738342285,0.1368550807237625,-0.30036425590515137,0.9998800158500671,0.5156179666519165,0.136882483959198,-0.30037397146224976,0.999883770942688,0.509114146232605,0.13732974231243134,-0.300535649061203,0.9998642802238464,0.5550931096076965,0.1535765826702118,-0.13567706942558289,0.9998792409896851,0.49549946188926697,0.1528262495994568,-0.14190052449703217,0.9998688697814941,0.5411700010299683,0.18704715371131897,-0.2655734419822693,0.9999595284461975,0.5173073410987854,0.18557368218898773,-0.26747673749923706,0.9999456405639648,0.615568995475769,0.32919472455978394,-0.0541437566280365,0.9999516010284424,0.437538206577301,0.32317695021629333,-0.08991905301809311,0.9998440742492676,0.623717725276947,0.5162928104400635,0.003659537062048912,0.9925287961959839,0.42162078619003296,0.5321059823036194,-0.06965631991624832,0.993455171585083,0.6286847591400146,0.6970552206039429,-0.1682015210390091,0.9950764775276184,0.40955621004104614,0.7060505151748657,-0.20152647793293,0.9893195629119873,0.6367231011390686,0.7588727474212646,-0.2286209762096405,0.9909054040908813,0.4034441113471985,0.7616156339645386,-0.2534887194633484,0.9789843559265137,0.6260514855384827,0.7567263245582581,-0.2809310555458069,0.9917563796043396,0.4154185354709625,0.7565773725509644,-0.3071967363357544,0.9811246395111084,0.6196886897087097,0.7426804900169373,-0.19240477681159973,0.9911661148071289,0.4211863577365875,0.7419423460960388,-0.22559289634227753,0.9808704257011414,0.5706310868263245,0.713533341884613,0.009996913373470306,0.9996472597122192,0.4652882516384125,0.7106544971466064,-0.009690814651548862,0.999566376209259,0.573398232460022,0.9609183669090271,-0.05168480798602104,0.7294537425041199,0.4587596356868744,0.9629514217376709,-0.028554793447256088,0.6863025426864624,0.5777691602706909,1.1779965162277222,0.41142112016677856,0.08404544740915298,0.4553016126155853,1.1699368953704834,0.3269522786140442,0.10973917692899704,0.5744624137878418,1.2003945112228394,0.4511541426181793,0.07618757337331772,0.45524436235427856,1.1966500282287598,0.35785385966300964,0.0653391107916832,0.5812670588493347,1.2649627923965454,0.30518171191215515,0.04205095022916794,0.4582217335700989,1.2484017610549927,0.1708710491657257,0.05441144481301308
2026-04-30T18:49:54.615328,178,0.5272831320762634,0.16091227531433105,-0.26272115111351013,0.9999540448188782,0.5387924313545227,0.13820801675319672,-0.2377944439649582,0.9999023079872131,0.544956624507904,0.13898542523384094,-0.2379700243473053,0.9999133348464966,0.5504850149154663,0.13998600840568542,-0.2380649596452713,0.9999082088470459,0.5186857581138611,0.13688012957572937,-0.23548197746276855,0.9998801946640015,0.5120128989219666,0.13692300021648407,-0.23549425601959229,0.9998844265937805,0.5058742761611938,0.13739918172359467,-0.2356385886669159,0.9998647570610046,0.5548533201217651,0.15362109243869781,-0.09315650910139084,0.999880313873291,0.4947203993797302,0.15283343195915222,-0.08289381116628647,0.9998694658279419,0.5385702848434448,0.18693606555461884,-0.20855271816253662,0.9999587535858154,0.5137838125228882,0.18542496860027313,-0.2055196464061737,0.9999443292617798,0.615513801574707,0.328611820936203,-0.03356466069817543,0.9999521970748901,0.4375367760658264,0.3225511312484741,-0.0474783293902874,0.999846875667572,0.6236077547073364,0.5159978866577148,0.02080252394080162,0.9927140474319458,0.42158955335617065,0.530722439289093,-0.02829383872449398,0.993468165397644,0.6280878782272339,0.6972307562828064,-0.11427740007638931,0.995197057723999,0.40910229086875916,0.7056406736373901,-0.13619185984134674,0.9894524812698364,0.6364399790763855,0.7589526772499084,-0.1658249944448471,0.9911582469940186,0.4032018184661865,0.7615400552749634,-0.18119144439697266,0.979247510433197,0.625538170337677,0.7567567825317383,-0.21291980147361755,0.9919791221618652,0.4152379631996155,0.7561787962913513,-0.2309325486421585,0.9813506603240967,0.6189199090003967,0.7427204847335815,-0.1349230706691742,0.9914203882217407,0.4209679961204529,0.741308867931366,-0.15829071402549744,0.9811641573905945,0.57060706615448,0.7134377956390381,0.009513331577181816,0.999659538269043,0.4651869833469391,0.7100000977516174,-0.009228067472577095,0.9995814561843872,0.5732827186584473,0.9602378010749817,-0.05620991438627243,0.726832389831543,0.45879754424095154,0.9629701972007751,-0.027905449271202087,0.6855201721191406,0.5766476988792419,1.1786309480667114,0.3851589858531952,0.08093507587909698,0.455653578042984,1.1700176000595093,0.3177277147769928,0.10557204484939575,0.5735146999359131,1.2010875940322876,0.42370253801345825,0.07350868731737137,0.455620139837265,1.1966947317123413,0.3490006923675537,0.06319788098335266,0.5796135663986206,1.2659587860107422,0.2883794903755188,0.040224988013505936,0.45828375220298767,1.2484703063964844,0.17379456758499146,0.05211891978979111
2026-04-30T18:49:54.721411,179,0.5270787477493286,0.16092997789382935,-0.27289634943008423,0.9999538064002991,0.538250744342804,0.13824407756328583,-0.24686527252197266,0.9999011754989624,0.5443664789199829,0.13900376856327057,-0.2470513880252838,0.9999130964279175,0.5498460531234741,0.14000126719474792,-0.24714848399162292,0.9999072551727295,0.5181193947792053,0.1370312124490738,-0.24601781368255615,0.9998785257339478,0.5113886594772339,0.1371469795703888,-0.24603620171546936,0.999883770942688,0.505229651927948,0.13771462440490723,-0.2461813986301422,0.9998630881309509,0.5544853806495667,0.15362116694450378,-0.09596569091081619,0.9998803734779358,0.4942808747291565,0.15292955935001373,-0.0916207879781723,0.9998692274093628,0.5382933020591736,0.18692584335803986,-0.2162565290927887,0.9999577403068542,0.5135046243667603,0.18546056747436523,-0.21498282253742218,0.9999428391456604,0.6154466867446899,0.32801708579063416,-0.030553292483091354,0.9999527931213379,0.437544584274292,0.32214897871017456,-0.051926255226135254,0.9998481273651123,0.6236073970794678,0.5155783295631409,0.022840358316898346,0.9929388165473938,0.421603262424469,0.5298492312431335,-0.03346211090683937,0.9935799241065979,0.6279460787773132,0.6971871852874756,-0.123435378074646,0.99532550573349,0.4089597761631012,0.7052488923072815,-0.14982101321220398,0.9896992444992065,0.6363085508346558,0.7588369250297546,-0.1777157038450241,0.9914188385009766,0.4030230939388275,0.761387050151825,-0.1979212462902069,0.9797162413597107,0.6252489686012268,0.7564905285835266,-0.22642719745635986,0.9922149777412415,0.41501790285110474,0.7557355761528015,-0.24858298897743225,0.9817683696746826,0.6185923218727112,0.7425228357315063,-0.14520038664340973,0.9916902184486389,0.42066770792007446,0.7406131625175476,-0.172462597489357,0.9816287159919739,0.5702977180480957,0.7132681012153625,0.009534974582493305,0.9996702671051025,0.4648219645023346,0.7093648314476013,-0.009249197319149971,0.9995928406715393,0.5732001066207886,0.9602709412574768,-0.06285251677036285,0.7226311564445496,0.4587642550468445,0.9628135561943054,-0.02992536686360836,0.6830577850341797,0.5761767625808716,1.180728793144226,0.3808935284614563,0.07750774174928665,0.4557379186153412,1.1708446741104126,0.3124394118785858,0.10146480798721313,0.5732424259185791,1.203429102897644,0.41963276267051697,0.07068730145692825,0.4556419849395752,1.1976243257522583,0.3434143662452698,0.061184871941804886,0.5786731839179993,1.2679616212844849,0.28025466203689575,0.03823725879192352,0.4585738778114319,1.2493726015090942,0.1696232408285141,0.04984855279326439
