timestamp,frame_idx,lm0_x,lm0_y,lm0_z,lm0_v,lm1_x,lm1_y,lm1_z,lm1_v,lm2_x,lm2_y,lm2_z,lm2_v,lm3_x,lm3_y,lm3_z,lm3_v,lm4_x,lm4_y,lm4_z,lm4_v,lm5_x,lm5_y,lm5_z,lm5_v,lm6_x,lm6_y,lm6_z,lm6_v,lm7_x,lm7_y,lm7_z,lm7_v,lm8_x,lm8_y,lm8_z,lm8_v,lm9_x,lm9_y,lm9_z,lm9_v,lm10_x,lm10_y,lm10_z,lm10_v,lm11_x,lm11_y,lm11_z,lm11_v,lm12_x,lm12_y,lm12_z,lm12_v,lm13_x,lm13_y,lm13_z,lm13_v,lm14_x,lm14_y,lm14_z,lm14_v,lm15_x,lm15_y,lm15_z,lm15_v,lm16_x,lm16_y,lm16_z,lm16_v,lm17_x,lm17_y,lm17_z,lm17_v,lm18_x,lm18_y,lm18_z,lm18_v,lm19_x,lm19_y,lm19_z,lm19_v,lm20_x,lm20_y,lm20_z,lm20_v,lm21_x,lm21_y,lm21_z,lm21_v,lm22_x,lm22_y,lm22_z,lm22_v,lm23_x,lm23_y,lm23_z,lm23_v,lm24_x,lm24_y,lm24_z,lm24_v,lm25_x,lm25_y,lm25_z,lm25_v,lm26_x,lm26_y,lm26_z,lm26_v,lm27_x,lm27_y,lm27_z,lm27_v,lm28_x,lm28_y,lm28_z,lm28_v,lm29_x,lm29_y,lm29_z,lm29_v,lm30_x,lm30_y,lm30_z,lm30_v,lm31_x,lm31_y,lm31_z,lm31_v,lm32_x,lm32_y,lm32_z,lm32_v
2026-04-30T18:50:05.480076,0,0.6297871470451355,0.09806323051452637,-0.38420921564102173,0.9870870113372803,0.6376136541366577,0.04459494352340698,-0.3556930720806122,0.9607503414154053,0.6447708010673523,0.045108675956726074,-0.35575205087661743,0.9520993232727051,0.6514281034469604,0.044465482234954834,-0.35606443881988525,0.9047570824623108,0.6079399585723877,0.03684490919113159,-0.40475544333457947,0.9916664958000183,0.5945408940315247,0.03289300203323364,-0.4048059582710266,0.9949559569358826,0.5788007974624634,0.029359281063079834,-0.40535610914230347,0.9954889416694641,0.6441841125488281,0.04183429479598999,-0.10308648645877838,0.9472334980964661,0.5346649289131165,0.02911287546157837,-0.32862335443496704,0.9995025396347046,0.6363272070884705,0.1336411088705063,-0.2728879451751709,0.9762356877326965,0.5999993085861206,0.13100296258926392,-0.3382717967033386,0.9977282881736755,0.6937866806983948,0.19673258066177368,0.2369578331708908,0.9805755615234375,0.4092235565185547,0.2065216451883316,-0.3082239329814911,0.9998784065246582,0.7075742483139038,0.3687742054462433,0.7661488056182861,0.043108101934194565,0.3490695059299469,0.5450571775436401,-0.30686506628990173,0.9769797325134277,0.7023444771766663,0.35077202320098877,1.1540440320968628,0.064638651907444,0.3662329912185669,0.8055857419967651,-0.2727447748184204,0.8467546105384827,0.7131242752075195,0.3479078412055969,1.2372796535491943,0.07149109989404678,0.3271687924861908,0.8846155405044556,-0.2680792510509491,0.7681544423103333,0.7116973996162415,0.3212554156780243,1.2355977296829224,0.06593874841928482,0.36698535084724426,0.8770032525062561,-0.31362682580947876,0.7784300446510315,0.7041945457458496,0.3246558606624603,1.161454200744629,0.07294119894504547,0.382363498210907,0.8491386771202087,-0.28150123357772827,0.775087833404541,0.6797348856925964,0.8048166632652283,0.165344700217247,0.930973470211029,0.5331674814224243,0.8402727246284485,-0.16469937562942505,0.9764159321784973,0.7009286880493164,1.2144092321395874,0.169513538479805,0.6511901021003723,0.5646378993988037,1.29781174659729,-0.23967400193214417,0.851923406124115,0.6646173000335693,1.4757336378097534,0.748024582862854,0.2505260705947876,0.4673307538032532,1.4938068389892578,0.30302882194519043,0.3971914052963257,0.6557728052139282,1.501014232635498,0.7949146628379822,0.21349646151065826,0.45139265060424805,1.5004452466964722,0.35594406723976135,0.3721791207790375,0.6631327867507935,1.634009599685669,0.6789709329605103,0.17946629226207733,0.4546075463294983,1.6424404382705688,0.1904779076576233,0.19541822373867035
2026-04-30T18:50:05.687751,1,0.6301954388618469,0.04747125878930092,-0.5988987684249878,0.9878512620925903,0.6393904685974121,-0.004206477664411068,-0.5538369417190552,0.9637831449508667,0.647127628326416,-1.2466048247006256e-05,-0.5538885593414307,0.9557077288627625,0.6541277170181274,0.0036660642363131046,-0.5541201829910278,0.9119319319725037,0.6082321405410767,-0.014828076586127281,-0.6026080846786499,0.9922595620155334,0.5945228934288025,-0.020749781280755997,-0.6025969386100769,0.995304524898529,0.5786082744598389,-0.023091739043593407,-0.603131890296936,0.9958051443099976,0.6482095718383789,0.021254463121294975,-0.23202654719352722,0.9505298137664795,0.5346697568893433,-0.006066418252885342,-0.4563520550727844,0.999524712562561,0.636886477470398,0.09593895077705383,-0.46452170610427856,0.9768455028533936,0.601199746131897,0.09148252010345459,-0.5292667150497437,0.9977566003799438,0.6957173943519592,0.18666884303092957,0.18149244785308838,0.9754421710968018,0.41006913781166077,0.2061777114868164,-0.4074161946773529,0.9998452067375183,0.7035955190658569,0.37865784764289856,0.7632688283920288,0.04456949606537819,0.35318487882614136,0.5456330180168152,-0.5160808563232422,0.9783713817596436,0.7022193074226379,0.3615048825740814,1.1029448509216309,0.0767119899392128,0.38604339957237244,0.7890262603759766,-0.6773253679275513,0.8571009635925293,0.7114278674125671,0.3617660105228424,1.1720901727676392,0.08483011275529861,0.3855598270893097,0.8482216000556946,-0.7049048542976379,0.7832614779472351,0.7097463011741638,0.3301946222782135,1.1517254114151,0.07891600579023361,0.4115563929080963,0.8208210468292236,-0.7465643882751465,0.7929713129997253,0.7023903131484985,0.333342581987381,1.1025722026824951,0.08705663681030273,0.4153042733669281,0.7945853471755981,-0.6872321963310242,0.7891809940338135,0.679719090461731,0.8220575451850891,0.16339930891990662,0.9265161156654358,0.5302633047103882,0.8470299243927002,-0.16262122988700867,0.9752989411354065,0.701755940914154,1.248572587966919,0.2570017874240875,0.6558098196983337,0.5532804727554321,1.3075213432312012,-0.11044009029865265,0.8500488996505737,0.7064904570579529,1.5816229581832886,0.7750503420829773,0.2494734674692154,0.5156015157699585,1.6425665616989136,0.26106971502304077,0.3882991373538971,0.697905421257019,1.6277943849563599,0.8108876347541809,0.20782537758350372,0.49418705701828003,1.6888469457626343,0.28936755657196045,0.35771405696868896,0.7411764860153198,1.726401686668396,0.6475110054016113,0.1801779419183731,0.5863243341445923,1.7825322151184082,-0.002694882918149233,0.19022613763809204
2026-04-30T18:50:05.798207,2,0.6302055716514587,0.036424826830625534,-0.5832171440124512,0.9889400601387024,0.6400996446609497,-0.011188349686563015,-0.5377274751663208,0.9672185182571411,0.6482701301574707,-0.008339842781424522,-0.53778475522995,0.9598647952079773,0.6555783748626709,-0.006209557875990868,-0.5379377603530884,0.9202306270599365,0.6082253456115723,-0.02314189076423645,-0.5832117795944214,0.9929819703102112,0.5941697955131531,-0.03016539290547371,-0.5831853151321411,0.9957364201545715,0.5779480934143066,-0.03472212702035904,-0.5837141275405884,0.9961937665939331,0.6499266028404236,0.012281402945518494,-0.22723153233528137,0.9550092220306396,0.5347630977630615,-0.019834743812680244,-0.4403104782104492,0.999565064907074,0.6369104981422424,0.08019224554300308,-0.45637449622154236,0.9787498116493225,0.601342499256134,0.07278244942426682,-0.5174326300621033,0.9979410767555237,0.6963129639625549,0.18702523410320282,0.14560465514659882,0.9742280840873718,0.4125491976737976,0.209469273686409,-0.39250192046165466,0.9998340606689453,0.6973435878753662,0.39429226517677307,0.6626465320587158,0.0526377409696579,0.3615267872810364,0.5573850274085999,-0.6116493344306946,0.9799442887306213,0.7035894989967346,0.36788398027420044,0.9068430662155151,0.11737582087516785,0.4121435284614563,0.7721838355064392,-0.9453611373901367,0.8697245717048645,0.7119063138961792,0.36837902665138245,0.9503878355026245,0.12740564346313477,0.428028404712677,0.8193957805633545,-0.9981236457824707,0.8022313117980957,0.7100471258163452,0.3345710337162018,0.9328573346138,0.12108288705348969,0.4450889229774475,0.7778902649879456,-1.0390499830245972,0.8111987709999084,0.7026768922805786,0.3376360535621643,0.9058985710144043,0.13038839399814606,0.44232720136642456,0.7616110444068909,-0.9588424563407898,0.8074890375137329,0.678841233253479,0.836016058921814,0.15229269862174988,0.928466796875,0.5283114910125732,0.8585335612297058,-0.15156161785125732,0.976363480091095,0.7048525214195251,1.264197587966919,0.28427761793136597,0.662799596786499,0.5545448064804077,1.3200477361679077,-0.09141083806753159,0.8447251915931702,0.725000262260437,1.617155909538269,0.7304564714431763,0.24459780752658844,0.5525412559509277,1.6926623582839966,0.1690751612186432,0.37123769521713257,0.7156449556350708,1.6687257289886475,0.7532950639724731,0.20208604633808136,0.527476966381073,1.748638391494751,0.18447457253932953,0.3386255204677582,0.7689199447631836,1.7529946565628052,0.5638401508331299,0.1779562383890152,0.6325485110282898,1.8209582567214966,-0.10546831786632538,0.18090151250362396
2026-04-30T18:50:05.901988,3,0.6291912198066711,0.030078168958425522,-0.5357663035392761,0.9899786710739136,0.6396062970161438,-0.015037121251225471,-0.49527421593666077,0.9703857898712158,0.6478037238121033,-0.012809302657842636,-0.49541163444519043,0.9637381434440613,0.655203640460968,-0.010937775485217571,-0.49579375982284546,0.9279793500900269,0.6078924536705017,-0.023152586072683334,-0.5694369673728943,0.9936509132385254,0.5937526226043701,-0.028170708566904068,-0.5694250464439392,0.9961395263671875,0.5775028467178345,-0.03318675979971886,-0.5703948140144348,0.9965566992759705,0.6498559713363647,0.009959404356777668,-0.19716620445251465,0.9592593312263489,0.5357368588447571,-0.021561117842793465,-0.4024674892425537,0.9996039867401123,0.6354878544807434,0.07044883072376251,-0.4032110273838043,0.9806966781616211,0.6013433337211609,0.06555648148059845,-0.4791947305202484,0.9981287717819214,0.7041047811508179,0.18595387041568756,0.11655639111995697,0.9754817485809326,0.4162600636482239,0.22062520682811737,-0.3160691559314728,0.9998371601104736,0.7078817486763,0.39920371770858765,0.5492326021194458,0.0823642760515213,0.36926087737083435,0.5597630143165588,-0.4832764267921448,0.9814184904098511,0.7036882042884827,0.36715516448020935,0.7217178344726562,0.15571454167366028,0.4278673529624939,0.7432271242141724,-0.62120521068573,0.8795955777168274,0.7117649912834167,0.36823052167892456,0.7375027537345886,0.16252443194389343,0.4557388424873352,0.7879215478897095,-0.6419923305511475,0.817013144493103,0.7094072103500366,0.3373987078666687,0.7221337556838989,0.15476825833320618,0.4660317003726959,0.7444084882736206,-0.6865841150283813,0.8252713680267334,0.701907753944397,0.3406790792942047,0.7179293036460876,0.16657273471355438,0.45890921354293823,0.7261893153190613,-0.6320847272872925,0.8217892646789551,0.6788409948348999,0.8340758085250854,0.11804431676864624,0.9327712655067444,0.5227267742156982,0.8577113747596741,-0.11723850667476654,0.9777712821960449,0.7034567594528198,1.2625300884246826,0.2655467689037323,0.6716241240501404,0.5550042986869812,1.319295883178711,-0.05760406330227852,0.8481078743934631,0.7214101552963257,1.62486732006073,0.5897531509399414,0.24301263689994812,0.5601024627685547,1.68375825881958,0.16011875867843628,0.3601903021335602,0.7122617959976196,1.6813417673110962,0.6095367074012756,0.1943667083978653,0.5424726009368896,1.7394957542419434,0.1738705337047577,0.31858688592910767,0.7660349607467651,1.7507152557373047,0.40850433707237244,0.18389992415905,0.6327484250068665,1.8059364557266235,-0.12201794236898422,0.1746109127998352
2026-04-30T18:50:06.009998,4,0.6323476433753967,0.05354436859488487,-0.44640621542930603,0.9908310174942017,0.6427056789398193,0.01113672275096178,-0.415585994720459,0.9730492830276489,0.6509053707122803,0.012766649946570396,-0.41564926505088806,0.9670105576515198,0.6582881212234497,0.01387589331716299,-0.4157620072364807,0.9346175193786621,0.6111626029014587,0.0023847685661166906,-0.4488093852996826,0.9941998720169067,0.5970417857170105,-0.0029143155552446842,-0.44885993003845215,0.9964684247970581,0.5811945199966431,-0.010545751079916954,-0.44938215613365173,0.9968572854995728,0.6533750891685486,0.02853715419769287,-0.19635218381881714,0.9627273678779602,0.5419794321060181,-0.003534089308232069,-0.31726670265197754,0.9996312856674194,0.6391340494155884,0.09254774451255798,-0.35443487763404846,0.9822689294815063,0.6069541573524475,0.08214003592729568,-0.3925201892852783,0.9982826709747314,0.7046923637390137,0.1994607299566269,0.08786852657794952,0.9751031398773193,0.4264698922634125,0.23617856204509735,-0.2511214315891266,0.999832808971405,0.7086712121963501,0.4073691666126251,0.48879489302635193,0.10956297814846039,0.37549349665641785,0.5664995908737183,-0.3527863621711731,0.9829263687133789,0.7047568559646606,0.3700466752052307,0.6804949045181274,0.18158800899982452,0.4419876039028168,0.741521954536438,-0.5521777868270874,0.8893967270851135,0.7120044231414795,0.3746137022972107,0.6973121166229248,0.1859356164932251,0.470811665058136,0.7969344854354858,-0.5706190466880798,0.831362783908844,0.709633469581604,0.34120362997055054,0.6808010935783386,0.17733097076416016,0.48267897963523865,0.7462839484214783,-0.6136072874069214,0.8390225172042847,0.7022194862365723,0.3441038131713867,0.677064061164856,0.19127880036830902,0.4763719439506531,0.7263510823249817,-0.5627745985984802,0.8357883095741272,0.6790695190429688,0.8327345252037048,0.10805193334817886,0.9328016042709351,0.5220777988433838,0.8570156693458557,-0.1074887365102768,0.9774804711341858,0.7028248906135559,1.258638620376587,0.2262532263994217,0.6697057485580444,0.5555205345153809,1.304540991783142,0.011973841115832329,0.8449720144271851,0.7194209098815918,1.6061488389968872,0.46000543236732483,0.23679590225219727,0.5804973840713501,1.6466771364212036,0.19260193407535553,0.3478597402572632,0.7096090316772461,1.6598724126815796,0.4716927409172058,0.18815653026103973,0.5633068680763245,1.6921828985214233,0.22058884799480438,0.30232366919517517,0.7694042921066284,1.7351315021514893,0.28919124603271484,0.18413828313350677,0.6588743925094604,1.7758562564849854,-0.038314320147037506,0.16825397312641144
2026-04-30T18:50:06.121794,5,0.632216215133667,0.05468210205435753,-0.4097028374671936,0.9917010068893433,0.6431763172149658,0.011078902520239353,-0.3879815638065338,0.9756568670272827,0.6521202325820923,0.012196884490549564,-0.38802674412727356,0.9701952934265137,0.6604576110839844,0.012847650796175003,-0.3881738483905792,0.9410140514373779,0.6111343502998352,0.003040007781237364,-0.40241631865501404,0.9947500824928284,0.5969882607460022,-0.0024605588987469673,-0.4024084210395813,0.9967965483665466,0.5811578631401062,-0.008298283442854881,-0.4027228355407715,0.9971554279327393,0.660709798336029,0.02781633846461773,-0.19013425707817078,0.9662480354309082,0.5450904965400696,0.0017937332158908248,-0.2642728090286255,0.9996609687805176,0.6398198008537292,0.09323212504386902,-0.33692407608032227,0.9839783310890198,0.6071163415908813,0.08505923300981522,-0.351357638835907,0.9984447956085205,0.716124951839447,0.20275099575519562,0.010242583230137825,0.976411759853363,0.45282378792762756,0.23884885013103485,-0.18657079339027405,0.9998405575752258,0.7178701162338257,0.42118456959724426,0.31666675209999084,0.15748322010040283,0.39634913206100464,0.543401837348938,-0.11227722465991974,0.9842540621757507,0.7077654004096985,0.4097791910171509,0.3841186463832855,0.19593599438667297,0.45469197630882263,0.701376736164093,-0.16541868448257446,0.8963823318481445,0.709972620010376,0.4731612801551819,0.3671502470970154,0.1966211199760437,0.48476967215538025,0.7665483951568604,-0.19292354583740234,0.8406276106834412,0.7076946496963501,0.4400756061077118,0.34011679887771606,0.18808810412883759,0.5009610652923584,0.7331266403198242,-0.2250540554523468,0.8478975892066956,0.6981120705604553,0.41244861483573914,0.3727339506149292,0.20354653894901276,0.4969358444213867,0.710585355758667,-0.17341071367263794,0.8449358940124512,0.6806623935699463,0.7964937090873718,0.060261182487010956,0.9345661401748657,0.525418221950531,0.8050795197486877,-0.05958491563796997,0.9777003526687622,0.6779951453208923,1.0788286924362183,0.09546416252851486,0.6740512847900391,0.5544961094856262,1.231363296508789,0.045897793024778366,0.8379291892051697,0.7152976393699646,1.5763431787490845,0.33714497089385986,0.22979062795639038,0.5725358724594116,1.6149191856384277,0.2445150911808014,0.3360181450843811,0.7054401636123657,1.634905457496643,0.34896042943000793,0.18037137389183044,0.5671146512031555,1.6773357391357422,0.24937263131141663,0.2847203016281128,0.7656130194664001,1.6959590911865234,0.1121680736541748,0.18129004538059235,0.6190389394760132,1.7437819242477417,-0.017401032149791718,0.1616213172674179
2026-04-30T18:50:06.228288,6,0.6319280862808228,0.07136794179677963,-0.3812040686607361,0.9925186038017273,0.6430086493492126,0.03460974246263504,-0.36061111092567444,0.9780703186988831,0.6518381834030151,0.03435615450143814,-0.3606933653354645,0.9731540083885193,0.6600326895713806,0.03372754901647568,-0.3607693910598755,0.9468861818313599,0.6113594770431519,0.031481094658374786,-0.3758004605770111,0.9952611923217773,0.5978187918663025,0.028683995828032494,-0.3756932318210602,0.9971039295196533,0.58330237865448,0.02508721314370632,-0.3758108615875244,0.9974279403686523,0.6606163382530212,0.04227687045931816,-0.18792815506458282,0.9695882797241211,0.5520898103713989,0.027943117544054985,-0.24776379764080048,0.9996882081031799,0.6397374272346497,0.1028144508600235,-0.30722734332084656,0.9855669140815735,0.6073973774909973,0.09845710545778275,-0.32500678300857544,0.9985950589179993,0.7095965147018433,0.23179855942726135,-0.017042722553014755,0.9786539077758789,0.46219974756240845,0.2456694394350052,-0.16723525524139404,0.9998460412025452,0.7131122350692749,0.4917934536933899,0.17193928360939026,0.2260308712720871,0.41874203085899353,0.5185059309005737,-0.07500031590461731,0.9853969812393188,0.7275264859199524,0.6951278448104858,0.08096768707036972,0.24472345411777496,0.45291104912757874,0.7049761414527893,-0.14723356068134308,0.9041412472724915,0.7327956557273865,0.7700307369232178,0.030215103179216385,0.23960386216640472,0.4640718996524811,0.7739874124526978,-0.18624131381511688,0.8518832921981812,0.7280334234237671,0.7772563099861145,-0.03757857531309128,0.2339443862438202,0.48131242394447327,0.7509200572967529,-0.2315462827682495,0.85896897315979,0.719042181968689,0.7538214325904846,0.0484200045466423,0.25107356905937195,0.4827905297279358,0.7282807230949402,-0.1641145497560501,0.8562516570091248,0.6554374098777771,0.7686498165130615,0.03562559559941292,0.939869225025177,0.5164069533348083,0.7689382433891296,-0.034798458218574524,0.979261577129364,0.6345981955528259,1.0319370031356812,0.05325435847043991,0.6727390885353088,0.518814742565155,1.166006088256836,0.038929231464862823,0.8213110566139221,0.6608073711395264,1.506088137626648,0.2908206880092621,0.21876055002212524,0.544772744178772,1.5276732444763184,0.24109940230846405,0.317196786403656,0.6529655456542969,1.549993872642517,0.30570390820503235,0.1735813468694687,0.5632520914077759,1.5748538970947266,0.2497890442609787,0.26438450813293457,0.669526219367981,1.6407536268234253,0.09221260249614716,0.16958709061145782,0.5643139481544495,1.6617604494094849,-0.022598352283239365,0.1514579802751541
2026-04-30T18:50:06.339065,7,0.5987820625305176,0.07714395970106125,-0.41510286927223206,0.9932410717010498,0.6158635020256042,0.0440460704267025,-0.4043332040309906,0.9802016019821167,0.6261014342308044,0.0442802868783474,-0.4043441712856293,0.9757828116416931,0.6360788345336914,0.044112250208854675,-0.40436744689941406,0.9521317481994629,0.5872557759284973,0.03999205678701401,-0.3790493309497833,0.9956896305084229,0.5771134495735168,0.03728460893034935,-0.3785291612148285,0.9973540902137756,0.5670397281646729,0.03429834917187691,-0.37796586751937866,0.9976454377174377,0.646035373210907,0.04936699941754341,-0.2267206460237503,0.9725477695465088,0.5475460290908813,0.03762282803654671,-0.2538512051105499,0.9996838569641113,0.614746630191803,0.10581663995981216,-0.3488040864467621,0.9869813919067383,0.5803182721138,0.10188502818346024,-0.32645606994628906,0.9987148642539978,0.7035728096961975,0.25063207745552063,-0.08023728430271149,0.9807147979736328,0.4587801992893219,0.2510644793510437,-0.14236606657505035,0.9998503923416138,0.7137587070465088,0.49139896035194397,0.13729283213615417,0.29809442162513733,0.4310746192932129,0.5141805410385132,-0.012818555347621441,0.9860069751739502,0.7353482842445374,0.7151034474372864,0.08251272141933441,0.30542904138565063,0.4461698532104492,0.715828001499176,-0.10737434774637222,0.9104154706001282,0.7463991641998291,0.7877227663993835,0.049856238067150116,0.2965652644634247,0.45262399315834045,0.783539354801178,-0.14354035258293152,0.8611719012260437,0.7382494807243347,0.7897898554801941,-0.02271663211286068,0.2929285764694214,0.4516143798828125,0.7567986249923706,-0.21531164646148682,0.8681785464286804,0.7278522849082947,0.7679571509361267,0.0515289232134819,0.30927973985671997,0.4586983621120453,0.7373141050338745,-0.13806697726249695,0.8656184673309326,0.6417917013168335,0.7647015452384949,0.01663176529109478,0.9443930387496948,0.5027152299880981,0.7516164183616638,-0.016027124598622322,0.9803557991981506,0.6195172071456909,1.045567274093628,-0.0124793266877532,0.6613104939460754,0.4921743869781494,1.1425527334213257,-0.009363079443573952,0.7943905591964722,0.6380656957626343,1.5089027881622314,0.22980566322803497,0.20179995894432068,0.5107533931732178,1.5148894786834717,0.16398204863071442,0.29085487127304077,0.6350346803665161,1.5532259941101074,0.24256107211112976,0.1616305708885193,0.5226417779922485,1.5643829107284546,0.17070221900939941,0.2420741617679596,0.6305739879608154,1.6360676288604736,-0.005724289454519749,0.15523460507392883,0.5238083600997925,1.6365703344345093,-0.12557053565979004,0.1387159675359726
2026-04-30T18:50:06.451036,8,0.5794103145599365,0.08724258095026016,-0.3449978828430176,0.9939032793045044,0.597683310508728,0.055149827152490616,-0.3260795474052429,0.982155978679657,0.6070587038993835,0.055237140506505966,-0.3262396454811096,0.9781801104545593,0.6163415908813477,0.05512339994311333,-0.32645276188850403,0.9568910598754883,0.5696547031402588,0.052862443029880524,-0.32810911536216736,0.9961007833480835,0.5597116351127625,0.0513361431658268,-0.3278408646583557,0.9976000189781189,0.5505873560905457,0.04972678795456886,-0.32784491777420044,0.9978623986244202,0.6252533197402954,0.06086834892630577,-0.15134434401988983,0.9752568602561951,0.5359324812889099,0.05441665276885033,-0.17224475741386414,0.9997019171714783,0.5956083536148071,0.11642439663410187,-0.2735857367515564,0.9882674217224121,0.5606564283370972,0.11564788222312927,-0.275571346282959,0.9988328218460083,0.6818696856498718,0.2606191039085388,-0.012940214946866035,0.9825683236122131,0.4548085629940033,0.26349756121635437,-0.11804349720478058,0.9998515248298645,0.6926330327987671,0.49800145626068115,0.14471915364265442,0.3570396602153778,0.42641085386276245,0.5179039239883423,-0.07963800430297852,0.9868597388267517,0.7321727275848389,0.709866464138031,0.06861785054206848,0.3535579442977905,0.420107364654541,0.7182410955429077,-0.22082319855690002,0.9175727367401123,0.7417492866516113,0.7801528573036194,0.023260943591594696,0.3398268520832062,0.4070257544517517,0.7896960377693176,-0.2602775990962982,0.8716588020324707,0.7348897457122803,0.7822433114051819,-0.04825010895729065,0.3386768698692322,0.41200509667396545,0.788163423538208,-0.3152816891670227,0.878381073474884,0.7249395847320557,0.761894941329956,0.03428692743182182,0.35574108362197876,0.42231136560440063,0.7686119675636292,-0.24554681777954102,0.8759968876838684,0.6262697577476501,0.765867292881012,0.021692166104912758,0.9490765333175659,0.4950036108493805,0.7568457126617432,-0.021026726812124252,0.9817522168159485,0.6264661550521851,1.0250040292739868,0.015121127478778362,0.6601366400718689,0.49146127700805664,1.1450002193450928,0.0036240755580365658,0.777817964553833,0.6345769762992859,1.492254614830017,0.2453940361738205,0.18942171335220337,0.5064233541488647,1.5033516883850098,0.16220417618751526,0.2723616063594818,0.6303135752677917,1.5341839790344238,0.2592015862464905,0.15189571678638458,0.5144768953323364,1.5500004291534424,0.171556755900383,0.22233597934246063,0.6330274343490601,1.6160597801208496,0.04020177200436592,0.1437518447637558,0.522575855255127,1.6253714561462402,-0.09704950451850891,0.1293310523033142
2026-04-30T18:50:06.572854,9,0.5458299517631531,0.0952712669968605,-0.31699317693710327,0.994498074054718,0.5614824891090393,0.06613679975271225,-0.30028417706489563,0.9839087128639221,0.5703089237213135,0.06696758419275284,-0.30038729310035706,0.9803327918052673,0.5785123109817505,0.06784471124410629,-0.30049973726272583,0.9611707329750061,0.5351484417915344,0.06321219354867935,-0.29571041464805603,0.9964649677276611,0.5258264541625977,0.06231715530157089,-0.29551175236701965,0.9978150725364685,0.5177785754203796,0.06159752607345581,-0.2956291139125824,0.9980508685112,0.5849632024765015,0.0771341398358345,-0.15009084343910217,0.9776851534843445,0.5075677633285522,0.07092095166444778,-0.13197234272956848,0.9997071027755737,0.5571661591529846,0.1242767795920372,-0.25904181599617004,0.9894244074821472,0.526375412940979,0.12178584933280945,-0.2522642910480499,0.9989361763000488,0.6471675634384155,0.2758161425590515,-0.054177284240722656,0.9842596054077148,0.44431716203689575,0.27967292070388794,-0.09366066753864288,0.9998517632484436,0.675139844417572,0.4903123676776886,0.06130371242761612,0.4151526987552643,0.4245583117008209,0.5186575055122375,-0.050238143652677536,0.9875191450119019,0.7017728686332703,0.7035707235336304,-0.00797617994248867,0.40661123394966125,0.3857370615005493,0.7231406569480896,-0.15700246393680573,0.9232355952262878,0.7113603353500366,0.7674844861030579,-0.05111798644065857,0.38896727561950684,0.37561988830566406,0.7931351065635681,-0.19829849898815155,0.879655122756958,0.7057132720947266,0.7721346020698547,-0.10549436509609222,0.3893272578716278,0.38409721851348877,0.7933834195137024,-0.25968068838119507,0.8863758444786072,0.6967661380767822,0.7523344159126282,-0.034569237381219864,0.40581411123275757,0.3920961320400238,0.7728356719017029,-0.1877233386039734,0.8844848871231079,0.5964551568031311,0.7590211629867554,0.014528438448905945,0.9534289836883545,0.46411076188087463,0.7459290027618408,-0.014029741287231445,0.9831147193908691,0.6063591241836548,1.0162895917892456,0.019028116017580032,0.6629325747489929,0.4619925916194916,1.051702857017517,0.013404473662376404,0.7732567191123962,0.6119925379753113,1.4307186603546143,0.2731868028640747,0.1853541135787964,0.47382307052612305,1.441454529762268,0.1764645129442215,0.2634272575378418,0.6066473722457886,1.4694000482559204,0.2915075421333313,0.14993591606616974,0.47832781076431274,1.4807274341583252,0.18985870480537415,0.20994971692562103,0.6162616610527039,1.549256682395935,0.096294105052948,0.13726820051670074,0.49316293001174927,1.5612850189208984,-0.07127872854471207,0.12452547252178192
2026-04-30T18:50:06.681299,10,0.522527813911438,0.12014837563037872,-0.45729923248291016,0.9950158596038818,0.5348477363586426,0.09636543691158295,-0.43278518319129944,0.9854610562324524,0.5419991612434387,0.09747126698493958,-0.43299412727355957,0.9822530746459961,0.5490347146987915,0.09848875552415848,-0.43326061964035034,0.9650062322616577,0.5122014284133911,0.09216484427452087,-0.4342769682407379,0.996747612953186,0.5036919116973877,0.09107177704572678,-0.4340662360191345,0.9979593753814697,0.49503594636917114,0.08997893333435059,-0.4340621531009674,0.9981513023376465,0.551885187625885,0.10688026249408722,-0.22891637682914734,0.9798651933670044,0.4813946783542633,0.09778554737567902,-0.22059190273284912,0.9996469616889954,0.5302401185035706,0.14872543513774872,-0.3763134479522705,0.9904519319534302,0.5038911700248718,0.1424722522497177,-0.3784812092781067,0.9989995360374451,0.6119557023048401,0.2870895266532898,-0.08108247816562653,0.9858086109161377,0.4188641905784607,0.28429344296455383,-0.1269576996564865,0.999808669090271,0.6391618847846985,0.49686676263809204,0.06553695350885391,0.4680824279785156,0.4029899537563324,0.4976019561290741,-0.051902204751968384,0.9870871901512146,0.656317412853241,0.6948472857475281,-0.09101082384586334,0.4595164954662323,0.3711244463920593,0.7188141345977783,-0.17765529453754425,0.9236911535263062,0.6667418479919434,0.7534143328666687,-0.1503712683916092,0.4393690228462219,0.3637576103210449,0.7867947816848755,-0.22312191128730774,0.8800071477890015,0.6570378541946411,0.7567272782325745,-0.22140231728553772,0.4408726990222931,0.36957189440727234,0.7877280712127686,-0.28712886571884155,0.8874545693397522,0.6474561095237732,0.7372615933418274,-0.12533177435398102,0.45550236105918884,0.3771858215332031,0.7677289247512817,-0.2090309113264084,0.8859910368919373,0.5784153342247009,0.7353308200836182,0.012486530467867851,0.9572158455848694,0.4452691674232483,0.7278468012809753,-0.011680154129862785,0.9839439392089844,0.5965163111686707,1.0002408027648926,-0.09834060072898865,0.6674209237098694,0.45179635286331177,1.022768497467041,-0.045441173017024994,0.7739624977111816,0.6037523746490479,1.388145923614502,0.2168487012386322,0.1860598921775818,0.4543129503726959,1.3985865116119385,0.09952394664287567,0.2604494094848633,0.5954883098602295,1.427747368812561,0.23972268402576447,0.15283510088920593,0.4569942355155945,1.4358898401260376,0.10889025777578354,0.20200705528259277,0.6146963834762573,1.5002082586288452,0.014712954871356487,0.13487987220287323,0.478954553604126,1.5153123140335083,-0.15878638625144958,0.12330617010593414
2026-04-30T18:50:06.789275,11,0.4948330819606781,0.13049432635307312,-0.5185700058937073,0.995502233505249,0.5067345499992371,0.10730721801519394,-0.49640989303588867,0.9868932962417603,0.5137382745742798,0.10808980464935303,-0.4965553283691406,0.9840101003646851,0.5203812718391418,0.1088971272110939,-0.49678459763526917,0.9684873223304749,0.48503103852272034,0.10520674288272858,-0.49878573417663574,0.9970453977584839,0.4768717288970947,0.10472474992275238,-0.4986279606819153,0.9981346130371094,0.46818026900291443,0.10441894829273224,-0.49862655997276306,0.9982987642288208,0.5224840044975281,0.11855260282754898,-0.29287922382354736,0.9818591475486755,0.4561294913291931,0.11439003050327301,-0.297748863697052,0.9996438026428223,0.5018978118896484,0.15768977999687195,-0.43630748987197876,0.9913958311080933,0.47924476861953735,0.15333008766174316,-0.4392070770263672,0.9990829825401306,0.5847343802452087,0.28763335943222046,-0.13579311966896057,0.9872183203697205,0.39350855350494385,0.29638397693634033,-0.14395591616630554,0.9997918009757996,0.6194421052932739,0.48852550983428955,0.02134203352034092,0.5192580819129944,0.37613898515701294,0.5027163028717041,-0.01672150380909443,0.9870852828025818,0.6268702745437622,0.6784271597862244,-0.13146141171455383,0.5114785432815552,0.3486602306365967,0.7179036736488342,-0.10050749778747559,0.9268819093704224,0.6353808045387268,0.7386856079101562,-0.1897219568490982,0.491161972284317,0.3415396213531494,0.7868837714195251,-0.1371452808380127,0.8841661214828491,0.6221335530281067,0.7373098134994507,-0.25687938928604126,0.4930069148540497,0.34898874163627625,0.786688506603241,-0.20450401306152344,0.8918534517288208,0.6129383444786072,0.7160800695419312,-0.16201597452163696,0.5058480501174927,0.3567367494106293,0.7660549283027649,-0.13124974071979523,0.8906286954879761,0.5634626150131226,0.7260035276412964,0.0076436689123511314,0.9608702659606934,0.4351818561553955,0.7253926396369934,-0.0068520791828632355,0.9849027395248413,0.5824841856956482,0.9927264451980591,-0.10788609832525253,0.6748778223991394,0.44773364067077637,1.012023687362671,-0.04765501990914345,0.7730581760406494,0.6034681797027588,1.3500022888183594,0.22141535580158234,0.191679909825325,0.46020984649658203,1.3580607175827026,0.12060689926147461,0.2602940797805786,0.5950125455856323,1.3867745399475098,0.24718627333641052,0.16253653168678284,0.46298712491989136,1.394203543663025,0.13291054964065552,0.19967113435268402,0.6172388792037964,1.4635279178619385,0.035370077937841415,0.13724079728126526,0.4854283332824707,1.4693089723587036,-0.11652550846338272,0.1246243268251419
2026-04-30T18:50:06.896234,12,0.47611260414123535,0.13313286006450653,-0.4996277689933777,0.9959182143211365,0.4852965772151947,0.10996317863464355,-0.47910231351852417,0.9881401062011719,0.4914734959602356,0.10992680490016937,-0.4792434275150299,0.9855602383613586,0.4975152015686035,0.1100100725889206,-0.47947970032691956,0.9715849161148071,0.4663778841495514,0.11062149703502655,-0.4789770543575287,0.9972643256187439,0.4593050479888916,0.11111358553171158,-0.47883257269859314,0.9982478022575378,0.4519083499908447,0.11196652054786682,-0.4789179265499115,0.9983751177787781,0.4998604655265808,0.12024996429681778,-0.29056116938591003,0.9836126565933228,0.4406042993068695,0.12557226419448853,-0.28916290402412415,0.9995882511138916,0.48310667276382446,0.1585792601108551,-0.423206090927124,0.9922230839729309,0.4629085958003998,0.15686346590518951,-0.4219810366630554,0.9991295337677002,0.5683205723762512,0.283891886472702,-0.13766232132911682,0.9884723424911499,0.3870062232017517,0.3045448064804077,-0.14341963827610016,0.9997639060020447,0.590070903301239,0.4838326871395111,0.0030646922532469034,0.5638717412948608,0.3710549473762512,0.5054168701171875,-0.04440437629818916,0.9871408343315125,0.6132593750953674,0.6736212968826294,-0.1332225799560547,0.5567874312400818,0.3435472548007965,0.720153272151947,-0.15464021265506744,0.9303898811340332,0.6223775148391724,0.7305620908737183,-0.18919026851654053,0.5358451008796692,0.33546677231788635,0.7880438566207886,-0.19466684758663177,0.8890655636787415,0.6124916076660156,0.7329989075660706,-0.25664278864860535,0.5381947755813599,0.34468117356300354,0.7867017984390259,-0.2583125829696655,0.8968023657798767,0.6032082438468933,0.7135064601898193,-0.16457867622375488,0.5495513677597046,0.35224011540412903,0.7661374807357788,-0.1845601201057434,0.895848274230957,0.5526021122932434,0.7085174918174744,0.005594402085989714,0.9640248417854309,0.43078961968421936,0.7109426259994507,-0.004832998849451542,0.9857462048530579,0.5729456543922424,0.9869043231010437,-0.1147717833518982,0.6817453503608704,0.44592005014419556,1.0090335607528687,-0.061758555471897125,0.7748246192932129,0.6038020849227905,1.344822645187378,0.16488561034202576,0.19670940935611725,0.4665049612522125,1.356199026107788,0.06564727425575256,0.26013055443763733,0.596448540687561,1.383787751197815,0.18458817899227142,0.1684589385986328,0.46862727403640747,1.3930069208145142,0.07343041151762009,0.19512072205543518,0.6179448962211609,1.4546629190444946,-0.035740625113248825,0.1380336433649063,0.49319347739219666,1.4674917459487915,-0.1763879656791687,0.12490835785865784
2026-04-30T18:50:07.012505,13,0.4588143825531006,0.13773371279239655,-0.5568540096282959,0.9962924122810364,0.4686841070652008,0.1149522066116333,-0.5359169840812683,0.9892548322677612,0.47612300515174866,0.1143764778971672,-0.5360440015792847,0.9869455099105835,0.4833161234855652,0.11400438845157623,-0.5362660884857178,0.9743623733520508,0.44880756735801697,0.11705417931079865,-0.5326741337776184,0.997455894947052,0.44271475076675415,0.11793047934770584,-0.5325899124145508,0.9983444213867188,0.43639421463012695,0.1192038431763649,-0.5326931476593018,0.9984451532363892,0.49132102727890015,0.12592478096485138,-0.3332381844520569,0.9851746559143066,0.4276526868343353,0.13490666449069977,-0.3158077597618103,0.9995341300964355,0.4697817265987396,0.16171076893806458,-0.4754211902618408,0.9929678440093994,0.4480055272579193,0.16216902434825897,-0.4700375497341156,0.9991746544837952,0.5598157048225403,0.2833307683467865,-0.15649722516536713,0.9895960688591003,0.3817695081233978,0.30856695771217346,-0.14559823274612427,0.9997513890266418,0.5811127424240112,0.4830074906349182,-0.0035202447324991226,0.6038619875907898,0.36411145329475403,0.506928026676178,-0.06284500658512115,0.9875046014785767,0.6077862977981567,0.6732576489448547,-0.1674937605857849,0.5965064764022827,0.3419455885887146,0.7200594544410706,-0.1784077286720276,0.9341154098510742,0.6186500787734985,0.7289043664932251,-0.22646674513816833,0.5739895105361938,0.3355962038040161,0.7880110144615173,-0.20212113857269287,0.8937817811965942,0.6089668273925781,0.7311046123504639,-0.29744815826416016,0.5769963264465332,0.34612053632736206,0.7866784334182739,-0.27898678183555603,0.9014756679534912,0.5991547107696533,0.7143361568450928,-0.20164664089679718,0.5870996713638306,0.35190054774284363,0.7662367224693298,-0.19983980059623718,0.9005964994430542,0.5475789904594421,0.7118026614189148,0.005040190182626247,0.9668803215026855,0.4311498701572418,0.715523898601532,-0.004379148595035076,0.986495852470398,0.5670757293701172,0.9831576943397522,-0.1039331704378128,0.6764265894889832,0.4426243305206299,1.001176118850708,-0.05216479301452637,0.7655466794967651,0.5963314175605774,1.3323842287063599,0.22809858620166779,0.1925528198480606,0.46987342834472656,1.3417969942092896,0.07366423308849335,0.2512321472167969,0.5909222364425659,1.3686858415603638,0.2525256276130676,0.168751060962677,0.4743429720401764,1.3771220445632935,0.07738114893436432,0.18765871226787567,0.6084917783737183,1.4393876791000366,0.029468616470694542,0.13548867404460907,0.493964284658432,1.4476540088653564,-0.16278263926506042,0.1218964010477066
2026-04-30T18:50:07.125185,14,0.45439276099205017,0.14674046635627747,-0.6621432900428772,0.9966470003128052,0.4648502469062805,0.12526308000087738,-0.6461018919944763,0.9902954697608948,0.4719318449497223,0.12452530860900879,-0.6461281776428223,0.9882234930992126,0.47896862030029297,0.12399186193943024,-0.6462959051132202,0.9768950939178467,0.445390522480011,0.12777309119701385,-0.6410499811172485,0.9976721405982971,0.4390757083892822,0.1288328915834427,-0.6410142183303833,0.9984755516052246,0.4332277774810791,0.1301881968975067,-0.64109206199646,0.998558521270752,0.48791632056236267,0.13674449920654297,-0.45048952102661133,0.9866210222244263,0.4253329634666443,0.14642052352428436,-0.4260368347167969,0.9995391964912415,0.466991662979126,0.1704641431570053,-0.5822511911392212,0.9936555624008179,0.44339853525161743,0.17034396529197693,-0.5748571157455444,0.9992392659187317,0.5618541240692139,0.29054948687553406,-0.259667307138443,0.9906189441680908,0.37887564301490784,0.31651610136032104,-0.2437991350889206,0.9997510313987732,0.589800238609314,0.4805750846862793,-0.09044599533081055,0.6419515609741211,0.36497780680656433,0.5091363191604614,-0.11955361068248749,0.9879908561706543,0.6102067232131958,0.6770414113998413,-0.2261822670698166,0.6348049640655518,0.3445824980735779,0.7209657430648804,-0.25762465596199036,0.9380280375480652,0.6196649074554443,0.7353845834732056,-0.2865665853023529,0.6122238636016846,0.3378836214542389,0.7888297438621521,-0.30336445569992065,0.8990261554718018,0.6073369383811951,0.7352100014686584,-0.3569050431251526,0.6154699921607971,0.3476007282733917,0.787804901599884,-0.37982243299484253,0.9066449999809265,0.5975030064582825,0.719567596912384,-0.2584304213523865,0.6244226098060608,0.3535706102848053,0.7676756381988525,-0.29102814197540283,0.9059271812438965,0.5483560562133789,0.7110511064529419,0.004052313510328531,0.969619870185852,0.4310934543609619,0.7129191160202026,-0.0034439885057508945,0.9873654842376709,0.5612373352050781,0.9835073947906494,-0.07143738120794296,0.681591272354126,0.44141334295272827,0.9970238208770752,-0.032259922474622726,0.7658078670501709,0.5973968505859375,1.325745940208435,0.2542771100997925,0.1994236558675766,0.4693323075771332,1.3308712244033813,0.11677591502666473,0.2541494369506836,0.5922008752822876,1.3617814779281616,0.2780531346797943,0.1772444248199463,0.47443562746047974,1.3646972179412842,0.12237845361232758,0.18678966164588928,0.6098129153251648,1.4301531314849854,0.05741026997566223,0.13907893002033234,0.4950487017631531,1.4361826181411743,-0.11789020150899887,0.12444911897182465
2026-04-30T18:50:07.229731,15,0.4656766951084137,0.15455222129821777,-0.5755490064620972,0.9969679117202759,0.47594934701919556,0.13254456222057343,-0.5558199882507324,0.9912386536598206,0.48283228278160095,0.13164252042770386,-0.5558925271034241,0.9893783926963806,0.48980170488357544,0.13090460002422333,-0.5560856461524963,0.9791800379753113,0.4558020532131195,0.1359419971704483,-0.5581213235855103,0.9978747963905334,0.4494391083717346,0.13735853135585785,-0.5580408573150635,0.9985999464988708,0.44350966811180115,0.13879959285259247,-0.5581517219543457,0.9986690878868103,0.4972546696662903,0.1446036994457245,-0.3604815602302551,0.9879297614097595,0.43426522612571716,0.15488485991954803,-0.3676839768886566,0.9995546340942383,0.4789265990257263,0.1782994419336319,-0.4957926273345947,0.9942752122879028,0.45483654737472534,0.17899464070796967,-0.4976995885372162,0.999299168586731,0.5654744505882263,0.30019041895866394,-0.18340620398521423,0.9915356040000916,0.3848559260368347,0.32362082600593567,-0.2248833179473877,0.999744176864624,0.5925546884536743,0.47928711771965027,-0.015385346487164497,0.6751949191093445,0.3668822646141052,0.5185075402259827,-0.11740782111883163,0.9885194897651672,0.6150044202804565,0.6733258366584778,-0.13214315474033356,0.6685421466827393,0.34661585092544556,0.7211341857910156,-0.249713733792305,0.941874623298645,0.6218484044075012,0.7298115491867065,-0.18726445734500885,0.64549320936203,0.33879247307777405,0.7875900268554688,-0.2939735949039459,0.9044151902198792,0.6101095676422119,0.730449914932251,-0.25234436988830566,0.6490444540977478,0.3478740155696869,0.7851189970970154,-0.36279746890068054,0.91182941198349,0.6020486354827881,0.7147237658500671,-0.1625978797674179,0.6569482088088989,0.3540928065776825,0.7653382420539856,-0.2807304561138153,0.9112932085990906,0.5464263558387756,0.7089319825172424,0.006747732870280743,0.971991240978241,0.4334375262260437,0.711309015750885,-0.006101458333432674,0.9880549907684326,0.5548703670501709,0.9861847162246704,-0.057601142674684525,0.6847882270812988,0.44222602248191833,0.999901533126831,-0.030286353081464767,0.7641503214836121,0.5885888338088989,1.3108998537063599,0.23411908745765686,0.20362628996372223,0.46934667229652405,1.3203513622283936,0.11878392845392227,0.25443699955940247,0.5824955701828003,1.3460032939910889,0.254362016916275,0.18253903090953827,0.47439640760421753,1.3539175987243652,0.12751194834709167,0.18463122844696045,0.6006994843482971,1.4170873165130615,0.047577038407325745,0.14050167798995972,0.49403873085975647,1.427337408065796,-0.1124628335237503,0.1257694512605667
2026-04-30T18:50:07.339009,16,0.4711039662361145,0.1555519551038742,-0.5702635049819946,0.9972479939460754,0.4831060469150543,0.13302630186080933,-0.5535051822662354,0.9920690655708313,0.49043336510658264,0.13251090049743652,-0.5535650849342346,0.990402102470398,0.49759435653686523,0.13219720125198364,-0.553727924823761,0.9812186360359192,0.46288543939590454,0.13550934195518494,-0.5505399703979492,0.9980385899543762,0.45640698075294495,0.1365155428647995,-0.550482988357544,0.9986952543258667,0.45065540075302124,0.13760977983474731,-0.5505541563034058,0.9987496733665466,0.5064778923988342,0.14719554781913757,-0.3752143979072571,0.9890854358673096,0.4426957666873932,0.15380890667438507,-0.3608987033367157,0.9995469450950623,0.4847760796546936,0.17942564189434052,-0.49813151359558105,0.9948229193687439,0.4605884552001953,0.17975260317325592,-0.49352532625198364,0.9993430376052856,0.5738530158996582,0.30295100808143616,-0.2163025438785553,0.992345929145813,0.38913705945014954,0.32265856862068176,-0.2161310911178589,0.9997329115867615,0.5970957279205322,0.4790389835834503,-0.0719035416841507,0.7044283151626587,0.37401172518730164,0.5187418460845947,-0.11687292903661728,0.988621175289154,0.6161659359931946,0.6743277311325073,-0.18175476789474487,0.6974984407424927,0.347848117351532,0.7146065831184387,-0.2446858435869217,0.9437554478645325,0.6226155757904053,0.7290502786636353,-0.2366376370191574,0.673287570476532,0.340553879737854,0.7754057049751282,-0.2864914834499359,0.9067050218582153,0.6100286245346069,0.7287449240684509,-0.2974262535572052,0.6772674322128296,0.3526373505592346,0.7733895778656006,-0.36172235012054443,0.9142714142799377,0.6018003821372986,0.7134650349617004,-0.21035146713256836,0.6844471096992493,0.3585270345211029,0.7547295093536377,-0.280436247587204,0.914343535900116,0.5519412159919739,0.7084397673606873,0.00563007639721036,0.973943829536438,0.4374140799045563,0.7100396752357483,-0.004995187744498253,0.9885732531547546,0.5593525171279907,0.9808704853057861,-0.06891848146915436,0.6886471509933472,0.44307249784469604,0.9992150068283081,-0.03084627352654934,0.7674301266670227,0.5924841165542603,1.30226469039917,0.19164986908435822,0.21017885208129883,0.46282482147216797,1.3137304782867432,0.09316923469305038,0.25806909799575806,0.5861043334007263,1.338026523590088,0.20919033885002136,0.18839247524738312,0.4678315222263336,1.347510576248169,0.09995310753583908,0.1832321137189865,0.604384183883667,1.4084612131118774,0.004535212647169828,0.1432344913482666,0.4847647547721863,1.421297311782837,-0.13638845086097717,0.12794627249240875
2026-04-30T18:50:07.444717,17,0.47982677817344666,0.15914130210876465,-0.6119713187217712,0.9975075125694275,0.4912506639957428,0.13783955574035645,-0.5976945161819458,0.9928270578384399,0.4986695647239685,0.13801667094230652,-0.5976861715316772,0.9913316369056702,0.5058715343475342,0.1384708285331726,-0.5978130102157593,0.9830596446990967,0.4693135619163513,0.13811978697776794,-0.5985059142112732,0.9982008934020996,0.46095871925354004,0.138321191072464,-0.5984779596328735,0.9987961649894714,0.4525570869445801,0.1385752558708191,-0.5985262989997864,0.9988391995429993,0.5124632120132446,0.1542619913816452,-0.428017795085907,0.9901332855224609,0.4495234489440918,0.15436102449893951,-0.4356113076210022,0.9995608925819397,0.49207377433776855,0.1840200424194336,-0.5427514314651489,0.9953230023384094,0.46641284227371216,0.18213853240013123,-0.5440117120742798,0.9993931651115417,0.5797711610794067,0.30705276131629944,-0.2569109797477722,0.9930670261383057,0.4018365442752838,0.32128188014030457,-0.2860327363014221,0.9997343420982361,0.5992181301116943,0.4809347987174988,-0.08953510969877243,0.7300013303756714,0.38949429988861084,0.5171605944633484,-0.19015924632549286,0.9890217185020447,0.6174463033676147,0.6720811724662781,-0.1696176677942276,0.7230892777442932,0.36756932735443115,0.7080514430999756,-0.29338061809539795,0.9467411637306213,0.625561535358429,0.7310464978218079,-0.21769854426383972,0.6975926756858826,0.3549080789089203,0.7672417163848877,-0.3332230746746063,0.9110848903656006,0.6140656471252441,0.7295709848403931,-0.279062420129776,0.7019964456558228,0.3653801381587982,0.7639099359512329,-0.3993467092514038,0.9184936285018921,0.6056472063064575,0.7128171324729919,-0.19802454113960266,0.7086109519004822,0.37416931986808777,0.7462644577026367,-0.3241446614265442,0.9189392924308777,0.5572732090950012,0.7013972401618958,0.007665300276130438,0.9757066965103149,0.43897897005081177,0.7031062841415405,-0.007032276596873999,0.9891839027404785,0.5645455121994019,0.9790183305740356,-0.06128311902284622,0.7037334442138672,0.445260226726532,0.9938573837280273,-0.03090810403227806,0.7783496379852295,0.5957815051078796,1.279868483543396,0.21170452237129211,0.23499657213687897,0.4642244279384613,1.2997374534606934,0.09662015736103058,0.28139472007751465,0.5882546305656433,1.315497875213623,0.22853951156139374,0.20924003422260284,0.4690070152282715,1.3334076404571533,0.10315380990505219,0.1958911418914795,0.6063120365142822,1.3889206647872925,0.030228272080421448,0.1583651751279831,0.4815329909324646,1.411149501800537,-0.13056591153144836,0.14314527809619904
2026-04-30T18:50:07.551033,18,0.5016569495201111,0.17064666748046875,-0.6027798652648926,0.9977426528930664,0.5099818706512451,0.14778107404708862,-0.5879654884338379,0.9935159087181091,0.5156627893447876,0.14795184135437012,-0.5879756808280945,0.9921742677688599,0.5212663412094116,0.14839904010295868,-0.588111162185669,0.9847247004508972,0.49072688817977905,0.1468665599822998,-0.592130720615387,0.9983516335487366,0.482526957988739,0.14645448327064514,-0.5921264886856079,0.9988903403282166,0.47529464960098267,0.1462811827659607,-0.5921496152877808,0.9989226460456848,0.5226324796676636,0.16085435450077057,-0.4197542071342468,0.9910879731178284,0.4694191813468933,0.1602499932050705,-0.44378161430358887,0.9995760917663574,0.5091793537139893,0.19459746778011322,-0.5340172648429871,0.9957755208015442,0.4882124066352844,0.19063936173915863,-0.5399760603904724,0.9994381666183472,0.5823906064033508,0.31011804938316345,-0.256172776222229,0.9937170147895813,0.41416358947753906,0.3216349482536316,-0.2964383661746979,0.9997284412384033,0.6025961637496948,0.49091610312461853,-0.08595035970211029,0.7518624067306519,0.4006205201148987,0.5173226594924927,-0.20015358924865723,0.9890775680541992,0.6209588646888733,0.6832991242408752,-0.14038167893886566,0.7444780468940735,0.38537469506263733,0.7089287638664246,-0.2853545546531677,0.9475306868553162,0.6293335556983948,0.7472102642059326,-0.1817200779914856,0.7171534895896912,0.3713572919368744,0.7694440484046936,-0.32216233015060425,0.9121205806732178,0.6182891130447388,0.7458944320678711,-0.24155192077159882,0.7220664024353027,0.38075971603393555,0.765162467956543,-0.38503801822662354,0.9197186827659607,0.6096576452255249,0.730642557144165,-0.16727092862129211,0.7283685207366943,0.39001208543777466,0.7475364804267883,-0.3145425617694855,0.9209036231040955,0.5582563281059265,0.7032317519187927,0.008321503177285194,0.9774631857872009,0.4411824643611908,0.7064818739891052,-0.007714361883699894,0.9898093342781067,0.5682187080383301,0.9834035634994507,-0.04911774396896362,0.7189659476280212,0.44549959897994995,0.9959321618080139,-0.027079179883003235,0.7899521589279175,0.5986167192459106,1.2753616571426392,0.22035753726959229,0.2612491548061371,0.4612317979335785,1.298252820968628,0.10331916809082031,0.30751243233680725,0.5893215537071228,1.3108413219451904,0.23710612952709198,0.22975794970989227,0.46648138761520386,1.3309966325759888,0.11005838215351105,0.20940567553043365,0.6213683485984802,1.382244348526001,0.04222806543111801,0.1757747381925583,0.4741947650909424,1.4105918407440186,-0.12331598997116089,0.1613038033246994
2026-04-30T18:50:07.660806,19,0.5181373357772827,0.16657719016075134,-0.5831815004348755,0.9979592561721802,0.5275638103485107,0.14467082917690277,-0.5664740800857544,0.9941455721855164,0.5335851907730103,0.14538322389125824,-0.5665144324302673,0.9929395914077759,0.5395942330360413,0.14629147946834564,-0.5666742324829102,0.9862319827079773,0.5071560144424438,0.1427176147699356,-0.5703753232955933,0.9984985589981079,0.49882346391677856,0.14218634366989136,-0.5703469514846802,0.9989849328994751,0.49065321683883667,0.14193624258041382,-0.5703977346420288,0.999011754989624,0.5401029586791992,0.15929682552814484,-0.38816574215888977,0.9919533729553223,0.4820799231529236,0.1557576209306717,-0.41691797971725464,0.9996020197868347,0.5246354937553406,0.19157132506370544,-0.510839581489563,0.9961875677108765,0.5030516386032104,0.1873462051153183,-0.5174753069877625,0.9994854927062988,0.5866559743881226,0.3125513792037964,-0.22406701743602753,0.9943003058433533,0.4204421043395996,0.3222789764404297,-0.27279525995254517,0.9997349381446838,0.6045238971710205,0.49825987219810486,-0.0553913339972496,0.7707935571670532,0.4079569876194,0.5159488916397095,-0.1917901337146759,0.9895821213722229,0.6218911409378052,0.6892450451850891,-0.13534170389175415,0.7631962895393372,0.39253145456314087,0.7096683382987976,-0.21412885189056396,0.9501086473464966,0.6329619884490967,0.7549879550933838,-0.17890848219394684,0.7340574264526367,0.3787418007850647,0.7690538763999939,-0.24335554242134094,0.9157814383506775,0.6230973601341248,0.7533567547798157,-0.23759500682353973,0.739386796951294,0.3872024416923523,0.7655054926872253,-0.30083462595939636,0.9232230186462402,0.6142693758010864,0.7401208877563477,-0.16277599334716797,0.7451635599136353,0.3959006369113922,0.7487357258796692,-0.2395273745059967,0.9246359467506409,0.5588028430938721,0.7009551525115967,0.009169613011181355,0.9790770411491394,0.4451064467430115,0.7066820859909058,-0.008580165915191174,0.9904253482818604,0.5696756839752197,0.9818441271781921,-0.05158154293894768,0.7295204997062683,0.446979820728302,0.9993581771850586,-0.03085227683186531,0.7967895269393921,0.5995249152183533,1.268548607826233,0.2247287929058075,0.2735884189605713,0.4598727822303772,1.2889164686203003,0.10409258306026459,0.319409042596817,0.5912019610404968,1.3018254041671753,0.23832054436206818,0.2392844259738922,0.46444806456565857,1.3212882280349731,0.11175455898046494,0.21313326060771942,0.6227273941040039,1.3781906366348267,0.06765347719192505,0.18335120379924774,0.47258806228637695,1.3981331586837769,-0.11338462680578232,0.16915929317474365
2026-04-30T18:50:07.774018,20,0.5243783593177795,0.16429461538791656,-0.4677824079990387,0.9981540441513062,0.536415696144104,0.14342308044433594,-0.4468252658843994,0.9947120547294617,0.5435384511947632,0.14470221102237701,-0.4468613266944885,0.9936278462409973,0.5504487752914429,0.14610940217971802,-0.4469878077507019,0.9875895380973816,0.5145681500434875,0.14072413742542267,-0.45007485151290894,0.998630702495575,0.5064846277236938,0.14013296365737915,-0.4500485956668854,0.9990695118904114,0.49847927689552307,0.1398615837097168,-0.45008617639541626,0.9990922212600708,0.5538234114646912,0.16073885560035706,-0.2859625220298767,0.9927296042442322,0.49044376611709595,0.15359632670879364,-0.3072815537452698,0.9996225237846375,0.5324151515960693,0.18990403413772583,-0.40522098541259766,0.9965590238571167,0.5095556378364563,0.18544837832450867,-0.41077661514282227,0.9995276927947998,0.5942232608795166,0.31884244084358215,-0.17870502173900604,0.9948329925537109,0.4251944124698639,0.322243332862854,-0.195204958319664,0.9997406601905823,0.6143733859062195,0.505438506603241,-0.035654447972774506,0.7897753119468689,0.4112716615200043,0.5158566236495972,-0.10470211505889893,0.9899810552597046,0.6266816258430481,0.6856242418289185,-0.11788105964660645,0.7817602753639221,0.3948889374732971,0.7069500684738159,-0.16327056288719177,0.9525131583213806,0.6402274370193481,0.7531116008758545,-0.16298231482505798,0.7518372535705566,0.38176923990249634,0.7638028860092163,-0.19671198725700378,0.9192356467247009,0.6293981671333313,0.7512674927711487,-0.21868816018104553,0.7573025226593018,0.3894389271736145,0.7615734338760376,-0.251690536737442,0.9265062808990479,0.6202512979507446,0.737581193447113,-0.14402133226394653,0.7624070048332214,0.3977506160736084,0.7463191747665405,-0.1890268623828888,0.9280877113342285,0.5645574331283569,0.7003400325775146,0.008676992729306221,0.980644941329956,0.4488905072212219,0.7049649953842163,-0.008179768919944763,0.9910113215446472,0.5709654092788696,0.9815571308135986,-0.060736484825611115,0.7364164590835571,0.44682493805885315,0.9996840953826904,-0.040872812271118164,0.7990463972091675,0.5997708439826965,1.2716948986053467,0.22937464714050293,0.2738536596298218,0.4592893719673157,1.28720223903656,0.10910511016845703,0.31866222620010376,0.5913143754005432,1.3037564754486084,0.24687588214874268,0.2366996705532074,0.4628679156303406,1.3195186853408813,0.11800388991832733,0.20795001089572906,0.6228523254394531,1.3799923658370972,0.07176247984170914,0.18173791468143463,0.4734715521335602,1.3921507596969604,-0.10930994898080826,0.1682807207107544
2026-04-30T18:50:07.882246,21,0.5313928723335266,0.1640966683626175,-0.48542147874832153,0.9983265399932861,0.5434520244598389,0.14345699548721313,-0.46782201528549194,0.9952150583267212,0.5503962635993958,0.1449623554944992,-0.4678712785243988,0.9942408800125122,0.5570549368858337,0.14654064178466797,-0.4680503010749817,0.9888026714324951,0.5213767886161804,0.13986007869243622,-0.46192437410354614,0.9987431764602661,0.5132107734680176,0.13899663090705872,-0.4617251455783844,0.9991403222084045,0.5051826238632202,0.13853207230567932,-0.4618062376976013,0.9991582632064819,0.5589174032211304,0.15946649014949799,-0.30234992504119873,0.9934197068214417,0.4966579079627991,0.15133066475391388,-0.3351730704307556,0.9996381998062134,0.5388489961624146,0.18952587246894836,-0.4216715395450592,0.9968898296356201,0.5158604383468628,0.18453724682331085,-0.41314268112182617,0.9995638132095337,0.5992988348007202,0.316959023475647,-0.17457225918769836,0.9953157901763916,0.42936474084854126,0.3217807114124298,-0.20034277439117432,0.9997491836547852,0.6178344488143921,0.5025339126586914,-0.024327291175723076,0.8063748478889465,0.4126764237880707,0.5136243104934692,-0.11123552173376083,0.9905574321746826,0.6338301301002502,0.6826972961425781,-0.1118721142411232,0.7991164326667786,0.3943973779678345,0.7056208252906799,-0.18699434399604797,0.9555284976959229,0.6489447355270386,0.74846351146698,-0.15808852016925812,0.7687584161758423,0.38166582584381104,0.7613418102264404,-0.22274982929229736,0.9237295985221863,0.6397396326065063,0.7464879155158997,-0.21695268154144287,0.7744179368019104,0.3892534077167511,0.7585977911949158,-0.28126904368400574,0.9307129979133606,0.6301442384719849,0.7321798801422119,-0.13953915238380432,0.778960645198822,0.3975082337856293,0.7440343499183655,-0.214215487241745,0.932263970375061,0.5658866167068481,0.699335515499115,0.00917928945273161,0.981946587562561,0.4516488015651703,0.7042676210403442,-0.008671823889017105,0.9914895296096802,0.5722958445549011,0.9761574268341064,-0.06576643884181976,0.7419549226760864,0.44686025381088257,0.9948020577430725,-0.04582436755299568,0.8008843660354614,0.6017621159553528,1.2576472759246826,0.24454085528850555,0.2752307653427124,0.4576250910758972,1.2747223377227783,0.12287543714046478,0.3207029104232788,0.5928090214729309,1.288504719734192,0.2690886855125427,0.23949125409126282,0.46095889806747437,1.3065489530563354,0.1351359635591507,0.20733022689819336,0.624687910079956,1.3649438619613647,0.10065551102161407,0.18189771473407745,0.470806747674942,1.3785016536712646,-0.08833494037389755,0.16946378350257874
2026-04-30T18:50:07.988966,22,0.5330908894538879,0.16277660429477692,-0.4980805516242981,0.9984771609306335,0.5460363626480103,0.14170536398887634,-0.4777403473854065,0.9956598281860352,0.5533801317214966,0.14319005608558655,-0.4777839779853821,0.9947846531867981,0.5603002905845642,0.14484480023384094,-0.47793298959732056,0.9898866415023804,0.5233495831489563,0.1383276879787445,-0.4804818630218506,0.9988364577293396,0.5151015520095825,0.13751599192619324,-0.4804011881351471,0.9991962909698486,0.507003664970398,0.1370600014925003,-0.48046785593032837,0.9992102980613708,0.5634738802909851,0.15860238671302795,-0.30022281408309937,0.9940293431282043,0.499020516872406,0.1498388797044754,-0.33668941259384155,0.9996431469917297,0.5415245890617371,0.18839098513126373,-0.42855557799339294,0.9971848130226135,0.5178975462913513,0.18351249396800995,-0.4317624568939209,0.9995931386947632,0.604590892791748,0.31995880603790283,-0.15839508175849915,0.9957302808761597,0.430473268032074,0.32272228598594666,-0.20325155556201935,0.9997519254684448,0.6187541484832764,0.506372332572937,0.014438887126743793,0.8191418647766113,0.4141920208930969,0.5141192078590393,-0.09749661386013031,0.9908669590950012,0.635993242263794,0.682198166847229,-0.07790733128786087,0.8108384609222412,0.39346814155578613,0.7056055665016174,-0.17270919680595398,0.9572117328643799,0.6513986587524414,0.7467286586761475,-0.12066446244716644,0.7785505056381226,0.3812645673751831,0.760408341884613,-0.20735111832618713,0.9259344935417175,0.6436221599578857,0.7445172667503357,-0.1808038055896759,0.7847679853439331,0.38890016078948975,0.7573900818824768,-0.26371049880981445,0.9328162670135498,0.6341554522514343,0.7301580905914307,-0.1063450425863266,0.7887831926345825,0.39705604314804077,0.7435888051986694,-0.19839021563529968,0.9343921542167664,0.5660712718963623,0.7006279826164246,0.009536933153867722,0.9831181764602661,0.45286688208580017,0.7053630352020264,-0.009019606746733189,0.991907000541687,0.5730547904968262,0.9743034243583679,-0.06274066865444183,0.7454095482826233,0.44629478454589844,0.994425892829895,-0.04863046854734421,0.8016147613525391,0.6021333336830139,1.2575926780700684,0.2836870849132538,0.2722427248954773,0.45428934693336487,1.2695485353469849,0.16013990342617035,0.3170129954814911,0.593499481678009,1.2866946458816528,0.31213781237602234,0.23581939935684204,0.45643240213394165,1.299963355064392,0.1769682765007019,0.20200316607952118,0.6209779977798462,1.3646087646484375,0.1358809769153595,0.17845278978347778,0.4673653542995453,1.3705118894577026,-0.04852611571550369,0.16694211959838867
2026-04-30T18:50:08.095005,23,0.5387753248214722,0.16310763359069824,-0.5678850412368774,0.9986143112182617,0.5489106774330139,0.1419379562139511,-0.5410731434822083,0.9960612654685974,0.5555158853530884,0.14329099655151367,-0.5411470532417297,0.995276153087616,0.5617589950561523,0.14484122395515442,-0.5413079857826233,0.9908636808395386,0.5270723104476929,0.13925735652446747,-0.550911009311676,0.9989200830459595,0.5185951590538025,0.1387331634759903,-0.5508866310119629,0.9992468357086182,0.5102788805961609,0.138401597738266,-0.550972044467926,0.9992559552192688,0.5628326535224915,0.15849895775318146,-0.32701990008354187,0.994581937789917,0.5004841685295105,0.15048685669898987,-0.38228970766067505,0.9996454119682312,0.5461123585700989,0.1885243058204651,-0.4842554032802582,0.9974527955055237,0.5229646563529968,0.18372377753257751,-0.4978902339935303,0.9996215105056763,0.6079323887825012,0.31984761357307434,-0.16177891194820404,0.9961261749267578,0.43164315819740295,0.3227914571762085,-0.22390548884868622,0.9997537136077881,0.6224532723426819,0.5103990435600281,0.012585180811583996,0.8330593705177307,0.41227278113365173,0.5142835378646851,-0.11051372438669205,0.9911413788795471,0.6405578851699829,0.6830867528915405,-0.12436453253030777,0.8239566087722778,0.39242932200431824,0.7060223817825317,-0.2269778996706009,0.9585990905761719,0.6553541421890259,0.7466710805892944,-0.17835606634616852,0.7903028130531311,0.3808189928531647,0.7616716027259827,-0.27346116304397583,0.9275003671646118,0.648231029510498,0.7444299459457397,-0.24601253867149353,0.7970365285873413,0.3884629011154175,0.7584230303764343,-0.33776968717575073,0.9343850016593933,0.639147162437439,0.7301156520843506,-0.1572815477848053,0.8002875447273254,0.3964998126029968,0.7441415786743164,-0.2560808062553406,0.9357523322105408,0.5667177438735962,0.701517641544342,0.009682448580861092,0.9842384457588196,0.4529477655887604,0.7064158320426941,-0.009182390756905079,0.992261528968811,0.573589563369751,0.9732522964477539,-0.06193842738866806,0.7474690079689026,0.44584640860557556,0.9959164261817932,-0.05056069418787956,0.7988515496253967,0.6016875505447388,1.2569235563278198,0.37495577335357666,0.26838162541389465,0.4518454968929291,1.2675281763076782,0.23538008332252502,0.3133240342140198,0.5934072732925415,1.2842937707901,0.4108361303806305,0.23388543725013733,0.45279383659362793,1.2971622943878174,0.2591567635536194,0.19768236577510834,0.6169158816337585,1.3622156381607056,0.21763858199119568,0.17574580013751984,0.46667104959487915,1.3648414611816406,0.012966597452759743,0.16537192463874817
2026-04-30T18:50:08.199208,24,0.5396059155464172,0.16309301555156708,-0.5795338153839111,0.9987395405769348,0.5484521985054016,0.1413237601518631,-0.5526806116104126,0.9964286088943481,0.5547117590904236,0.14248396456241608,-0.5527682304382324,0.9957243800163269,0.5607128739356995,0.14387528598308563,-0.552925705909729,0.9917491674423218,0.5275429487228394,0.13935402035713196,-0.5620546340942383,0.9990012049674988,0.519218921661377,0.1391565501689911,-0.5620419383049011,0.9992983341217041,0.5111098289489746,0.1390664428472519,-0.5621175169944763,0.9993036985397339,0.561531662940979,0.15747222304344177,-0.33773601055145264,0.9950892925262451,0.5003116130828857,0.15036296844482422,-0.3884149193763733,0.9996576905250549,0.5469253063201904,0.18800465762615204,-0.49582600593566895,0.9976958632469177,0.5242118835449219,0.18385852873325348,-0.5089333653450012,0.9996489882469177,0.6119443774223328,0.3188644349575043,-0.16361179947853088,0.9964897036552429,0.4324313998222351,0.3232048451900482,-0.23710255324840546,0.9997608065605164,0.6254632472991943,0.5149239897727966,0.011927671730518341,0.8470132350921631,0.4112778604030609,0.5166338086128235,-0.13472358882427216,0.9916471242904663,0.6438568830490112,0.6916361451148987,-0.13361713290214539,0.8380691409111023,0.39197027683258057,0.7108990550041199,-0.2740352749824524,0.9612656235694885,0.6569921970367432,0.7511488795280457,-0.18954747915267944,0.8045989274978638,0.3804459869861603,0.7658853530883789,-0.3271012604236603,0.931503415107727,0.6498090624809265,0.749182403087616,-0.2597896456718445,0.8114302754402161,0.38812923431396484,0.7631679773330688,-0.3924620747566223,0.938092827796936,0.6411530375480652,0.7360861301422119,-0.16739711165428162,0.8142693638801575,0.3961164355278015,0.7496723532676697,-0.3039180636405945,0.9392256140708923,0.567542552947998,0.7017385959625244,0.009834295138716698,0.9854748249053955,0.45283636450767517,0.7066038846969604,-0.009327330626547337,0.9927654266357422,0.573968768119812,0.9745893478393555,-0.060849569737911224,0.7437105178833008,0.4443337023258209,0.9962818026542664,-0.06072837859392166,0.7935367226600647,0.5951277017593384,1.260317325592041,0.3665643334388733,0.2554655075073242,0.4477764964103699,1.2683600187301636,0.2277998924255371,0.29931846261024475,0.587731122970581,1.2878881692886353,0.40060847997665405,0.2233574092388153,0.44765663146972656,1.297487735748291,0.2513992488384247,0.18673735857009888,0.6045283079147339,1.3639498949050903,0.20744740962982178,0.16672368347644806,0.4639924168586731,1.3646881580352783,0.007330720778554678,0.15724684298038483
2026-04-30T18:50:08.323365,25,0.5375933051109314,0.1636129766702652,-0.5674468278884888,0.9988446831703186,0.547175407409668,0.14115603268146515,-0.5365827083587646,0.9967432618141174,0.5536657571792603,0.1422717273235321,-0.5367419719696045,0.9961128234863281,0.559877336025238,0.14359165728092194,-0.5369542837142944,0.9925299286842346,0.5259240865707397,0.1391838639974594,-0.5452070832252502,0.9990580081939697,0.5177069902420044,0.13901761174201965,-0.5451897382736206,0.9993296265602112,0.5099712014198303,0.13897870481014252,-0.5453082919120789,0.9993311166763306,0.5611448884010315,0.15665294229984283,-0.31730765104293823,0.995524525642395,0.499644935131073,0.14997799694538116,-0.3580733835697174,0.9996511936187744,0.5456684827804565,0.1880171298980713,-0.4780030846595764,0.9979079961776733,0.5224762558937073,0.18390829861164093,-0.48997369408607483,0.9996670484542847,0.6128193736076355,0.3180291950702667,-0.14569191634655,0.9968085885047913,0.4334638714790344,0.3234870135784149,-0.21220271289348602,0.9997636675834656,0.6254063844680786,0.5156527757644653,0.03652970865368843,0.8578941226005554,0.410919189453125,0.5171034932136536,-0.10632498562335968,0.9917736053466797,0.6465423107147217,0.6923072338104248,-0.10781971365213394,0.8485076427459717,0.38981300592422485,0.711053192615509,-0.25635308027267456,0.9627473950386047,0.6592459082603455,0.7516442537307739,-0.164738729596138,0.8144637942314148,0.37937238812446594,0.7661646008491516,-0.3238072991371155,0.9336172342300415,0.6529783010482788,0.7495025396347046,-0.2433013617992401,0.8216716051101685,0.38667747378349304,0.763428270816803,-0.37709900736808777,0.9401030540466309,0.6440895795822144,0.7365496158599854,-0.14362046122550964,0.8238794803619385,0.39438626170158386,0.7497875094413757,-0.29001545906066895,0.940933883190155,0.568130373954773,0.7025566697120667,0.009950975887477398,0.9865686297416687,0.4529569745063782,0.708252489566803,-0.009465077891945839,0.9932020902633667,0.5745701193809509,0.9754342436790466,-0.052123017609119415,0.7422792911529541,0.44364699721336365,0.996418833732605,-0.0631471574306488,0.7901576161384583,0.5934122204780579,1.2499053478240967,0.398898184299469,0.24463699758052826,0.4428751468658447,1.255329966545105,0.26227110624313354,0.2867453694343567,0.5863273739814758,1.27524995803833,0.43638473749160767,0.21376702189445496,0.4415596127510071,1.2825417518615723,0.29110220074653625,0.17654375731945038,0.6007005572319031,1.351206660270691,0.2513217329978943,0.1590939313173294,0.45858216285705566,1.3476899862289429,0.05943029373884201,0.1500958502292633
2026-04-30T18:50:08.434421,26,0.5329597592353821,0.17295557260513306,-0.5926072001457214,0.9989364147186279,0.5434881448745728,0.14810988306999207,-0.5677720904350281,0.9970177412033081,0.549397885799408,0.14856523275375366,-0.5678814649581909,0.9964559674263,0.5550175905227661,0.1490808129310608,-0.5680770874023438,0.9932227730751038,0.524112343788147,0.1468258798122406,-0.5738672018051147,0.9990975260734558,0.5172420740127563,0.14657670259475708,-0.5738269090652466,0.9993484616279602,0.5093204379081726,0.14655210077762604,-0.5739638209342957,0.9993404746055603,0.5562590956687927,0.1583459973335266,-0.35358160734176636,0.9959137439727783,0.4986537992954254,0.15496927499771118,-0.38403475284576416,0.9996315240859985,0.5426923036575317,0.19621413946151733,-0.5067866444587708,0.998099148273468,0.5204154253005981,0.19267025589942932,-0.5154165029525757,0.9996819496154785,0.6124591827392578,0.32024574279785156,-0.16532692313194275,0.9971069693565369,0.4335048198699951,0.32610443234443665,-0.22590546309947968,0.9997672438621521,0.6288679838180542,0.5164044499397278,0.031427763402462006,0.8696422576904297,0.4107967019081116,0.5240890979766846,-0.1215318888425827,0.9916795492172241,0.6602711081504822,0.6910301446914673,-0.11872806400060654,0.8606720566749573,0.3754243850708008,0.7083074450492859,-0.2878594994544983,0.9642876982688904,0.6737561225891113,0.7508574724197388,-0.17291398346424103,0.8272218108177185,0.3564491868019104,0.7652687430381775,-0.34499141573905945,0.9359687566757202,0.6671861410140991,0.7490338683128357,-0.25075608491897583,0.8345683217048645,0.36154043674468994,0.7630922198295593,-0.41651296615600586,0.9423776268959045,0.6582735776901245,0.736709475517273,-0.15503470599651337,0.8362754583358765,0.37033653259277344,0.7494652271270752,-0.32260987162590027,0.9428704977035522,0.5680572986602783,0.7050877213478088,0.011153396219015121,0.9875313639640808,0.45337456464767456,0.7102096080780029,-0.010688995942473412,0.9935601949691772,0.5750370025634766,0.9724416136741638,-0.02337116003036499,0.737375020980835,0.444342702627182,0.9933782815933228,-0.061769939959049225,0.783668577671051,0.593940019607544,1.2435098886489868,0.4586300253868103,0.23248134553432465,0.4419127106666565,1.2451237440109253,0.309871107339859,0.2751087546348572,0.5869574546813965,1.2685543298721313,0.4986005425453186,0.20445093512535095,0.43990522623062134,1.2716387510299683,0.3420920968055725,0.16802799701690674,0.6007028818130493,1.3404300212860107,0.3071880638599396,0.15054355561733246,0.45567646622657776,1.3338353633880615,0.10676746070384979,0.1434248834848404
2026-04-30T18:50:08.541573,27,0.5231419801712036,0.1726856529712677,-0.5544354319572449,0.9990341663360596,0.5357187986373901,0.1475197821855545,-0.5288866758346558,0.9972968101501465,0.5416895747184753,0.1478438526391983,-0.5290290117263794,0.996793806552887,0.5473683476448059,0.14828988909721375,-0.5292307734489441,0.99388188123703,0.5181871056556702,0.1465969979763031,-0.5323658585548401,0.9991671442985535,0.5127058029174805,0.14638705551624298,-0.5322869420051575,0.9993945956230164,0.5064733028411865,0.14631028473377228,-0.5324143171310425,0.9993829727172852,0.550028383731842,0.15795780718326569,-0.33339372277259827,0.9963042736053467,0.4978583753108978,0.15473319590091705,-0.3521575331687927,0.9996452331542969,0.5345121622085571,0.1959718018770218,-0.4785386025905609,0.9982830286026001,0.513041615486145,0.193211629986763,-0.4830811023712158,0.9997061491012573,0.6123942732810974,0.3206290006637573,-0.16773292422294617,0.9973875880241394,0.43319591879844666,0.32834580540657043,-0.21092131733894348,0.9997737407684326,0.6436400413513184,0.5162960290908813,-0.00789127591997385,0.881873369216919,0.4022182822227478,0.5289709568023682,-0.11620257049798965,0.9915517568588257,0.7010391354560852,0.6838036179542542,-0.1595340073108673,0.8735476732254028,0.33822429180145264,0.7052248120307922,-0.2712096571922302,0.9659929275512695,0.7191362977027893,0.7429708242416382,-0.2127709686756134,0.842085599899292,0.31448110938072205,0.7640045881271362,-0.32160982489585876,0.9388570189476013,0.7121501564979553,0.7440245747566223,-0.28704386949539185,0.849098265171051,0.3171736001968384,0.762873649597168,-0.3968229591846466,0.9451785683631897,0.7045347690582275,0.7297747731208801,-0.19499479234218597,0.8505786657333374,0.32755857706069946,0.7493644952774048,-0.3060995042324066,0.9455668926239014,0.567189633846283,0.705524742603302,0.01104702427983284,0.9883518815040588,0.4534398019313812,0.710358202457428,-0.010567134246230125,0.9938119649887085,0.5723185539245605,0.9731542468070984,-0.03958374261856079,0.7347396016120911,0.4444386959075928,0.9903656244277954,-0.060557566583156586,0.779987096786499,0.5906275510787964,1.2420510053634644,0.44289904832839966,0.22049561142921448,0.4404398500919342,1.2501177787780762,0.2641202211380005,0.2644219994544983,0.5845596194267273,1.2682654857635498,0.48175516724586487,0.19454142451286316,0.43909841775894165,1.2787927389144897,0.2891494333744049,0.15955595672130585,0.5945148468017578,1.337653398513794,0.30362993478775024,0.14174489676952362,0.45178890228271484,1.3396739959716797,0.050780750811100006,0.1364237666130066
2026-04-30T18:50:08.645963,28,0.5196302533149719,0.17378157377243042,-0.41063299775123596,0.9991291165351868,0.5324709415435791,0.14910028874874115,-0.3868180215358734,0.9975631237030029,0.5387110710144043,0.14915330708026886,-0.3869544565677643,0.9971107840538025,0.5447956323623657,0.14937220513820648,-0.3870677947998047,0.9944894313812256,0.5150603652000427,0.14894767105579376,-0.38568639755249023,0.9992467164993286,0.5098375082015991,0.14892743527889252,-0.3856251537799835,0.9994516372680664,0.504143238067627,0.14901377260684967,-0.3856990337371826,0.9994404911994934,0.5493200421333313,0.15832757949829102,-0.22525426745414734,0.996669590473175,0.49678221344947815,0.1572742760181427,-0.22206780314445496,0.9996765851974487,0.5321957468986511,0.19695593416690826,-0.35057491064071655,0.9984530210494995,0.5104480981826782,0.19482825696468353,-0.348799467086792,0.9997338652610779,0.6122890710830688,0.321829617023468,-0.13769936561584473,0.9976450204849243,0.4324822425842285,0.33235183358192444,-0.13380278646945953,0.9997908473014832,0.6689184904098511,0.5088397860527039,-0.046847302466630936,0.8932580947875977,0.37854570150375366,0.5286530256271362,-0.09395798295736313,0.9917985200881958,0.7573890686035156,0.6578238606452942,-0.20580780506134033,0.88566654920578,0.28637418150901794,0.6865615844726562,-0.26603537797927856,0.9683446288108826,0.7865936160087585,0.709341824054718,-0.2574581503868103,0.8565109968185425,0.254319965839386,0.7367084622383118,-0.320835143327713,0.9427820444107056,0.7846014499664307,0.7130221724510193,-0.3250527083873749,0.8630717396736145,0.2545945644378662,0.7368194460868835,-0.38482528924942017,0.9488826394081116,0.774199903011322,0.6950848698616028,-0.24055521190166473,0.864445149898529,0.2663736939430237,0.7236499786376953,-0.298054963350296,0.9493204355239868,0.5659745931625366,0.7166478037834167,0.0092021394520998,0.9890581965446472,0.4532807469367981,0.7210893630981445,-0.008742007426917553,0.9940516948699951,0.5711163282394409,0.9733685851097107,-0.026034167036414146,0.7347694039344788,0.4445091187953949,0.9889810681343079,-0.01580221951007843,0.7790910005569458,0.5900883674621582,1.2377362251281738,0.32993972301483154,0.2141333967447281,0.43793612718582153,1.2508795261383057,0.24630291759967804,0.2597866654396057,0.5850110650062561,1.2647662162780762,0.35394394397735596,0.18977108597755432,0.4373916983604431,1.2804927825927734,0.27259594202041626,0.15456165373325348,0.59390789270401,1.3312182426452637,0.20025131106376648,0.13676971197128296,0.4450455605983734,1.3414615392684937,0.04150186851620674,0.1327386498451233
2026-04-30T18:50:08.754403,29,0.5132948160171509,0.17330381274223328,-0.4301345944404602,0.9992146492004395,0.5263428092002869,0.14882127940654755,-0.40810030698776245,0.9978023767471313,0.5329644680023193,0.14888527989387512,-0.4082191586494446,0.9973955750465393,0.5394570827484131,0.1490551084280014,-0.4082804322242737,0.9950353503227234,0.508844256401062,0.14857178926467896,-0.40421056747436523,0.9993187785148621,0.503646969795227,0.1484450399875641,-0.40422526001930237,0.9995034337043762,0.49883443117141724,0.1484464854001999,-0.4043063521385193,0.9994928240776062,0.5474762916564941,0.15819229185581207,-0.25142282247543335,0.9969979524612427,0.49482831358909607,0.1575656682252884,-0.23845896124839783,0.9997056126594543,0.5264435410499573,0.19665347039699554,-0.37270256876945496,0.9986057281494141,0.5041989088058472,0.1942151039838791,-0.3676108717918396,0.9997589588165283,0.6120470762252808,0.3224242627620697,-0.14766375720500946,0.9978758692741394,0.4308602809906006,0.3318448066711426,-0.15011674165725708,0.9998083114624023,0.6946536302566528,0.4749886095523834,-0.10318652540445328,0.9036678075790405,0.34868738055229187,0.50715571641922,-0.1144101470708847,0.9922841191291809,0.8197541236877441,0.598423421382904,-0.2774464786052704,0.8967726230621338,0.22914524376392365,0.633408784866333,-0.2979241609573364,0.9708411693572998,0.8650504946708679,0.6388852000236511,-0.32473286986351013,0.8698573708534241,0.18497510254383087,0.6724447011947632,-0.338242769241333,0.9468122124671936,0.8664857149124146,0.6392338275909424,-0.3936414420604706,0.8759809136390686,0.18205925822257996,0.6744821667671204,-0.4194119870662689,0.952658474445343,0.8491223454475403,0.6270952224731445,-0.31421199440956116,0.877286970615387,0.19742774963378906,0.6634372472763062,-0.3397137224674225,0.9531832933425903,0.5660039186477661,0.717046856880188,0.007486206479370594,0.9888496994972229,0.4534475803375244,0.7216687798500061,-0.006972198840230703,0.9938963055610657,0.5705474615097046,0.9714605212211609,0.014669944532215595,0.7328365445137024,0.4446703791618347,0.9864614605903625,0.0038415263406932354,0.7812060713768005,0.5834215879440308,1.2254445552825928,0.28905943036079407,0.2145107388496399,0.439338356256485,1.2493934631347656,0.20970205962657928,0.2625623047351837,0.5792063474655151,1.2526023387908936,0.30662158131599426,0.19422297179698944,0.4400709569454193,1.2791094779968262,0.22224931418895721,0.15786787867546082,0.5886968374252319,1.318564772605896,0.15386542677879333,0.1368408203125,0.44746604561805725,1.3414818048477173,0.03834870457649231,0.13460999727249146
2026-04-30T18:50:08.859118,30,0.5127676129341125,0.17301052808761597,-0.5617218017578125,0.9992880821228027,0.5244576334953308,0.14782272279262543,-0.5373511910438538,0.9980043172836304,0.5311834812164307,0.14756666123867035,-0.537510871887207,0.9976403117179871,0.5377455353736877,0.14749585092067719,-0.5376231670379639,0.9955123662948608,0.5055211782455444,0.14848527312278748,-0.5336605906486511,0.9993739724159241,0.49968820810317993,0.14815662801265717,-0.533787727355957,0.9995409250259399,0.49488991498947144,0.1480075716972351,-0.5339037179946899,0.9995282292366028,0.5471476316452026,0.15789201855659485,-0.35993361473083496,0.9972825646400452,0.49103936553001404,0.15775911509990692,-0.3432959318161011,0.999723494052887,0.5267137289047241,0.19655340909957886,-0.4958837926387787,0.9987366795539856,0.5032871961593628,0.1939290165901184,-0.4900887906551361,0.9997745752334595,0.6145505905151367,0.3215884864330292,-0.2318839132785797,0.9980772733688354,0.4267989695072174,0.33155354857444763,-0.2349676787853241,0.9998155236244202,0.7377327680587769,0.4333765208721161,-0.18476204574108124,0.9130648970603943,0.3053198456764221,0.465866357088089,-0.23214522004127502,0.9928169250488281,0.877149760723114,0.4899488091468811,-0.37164199352264404,0.9065098762512207,0.16885043680667877,0.5286144614219666,-0.4225703775882721,0.9730028510093689,0.926557719707489,0.5110644102096558,-0.41081151366233826,0.88081955909729,0.12194868177175522,0.5475444793701172,-0.45549315214157104,0.9497849941253662,0.9324969053268433,0.502964198589325,-0.48073267936706543,0.8868257999420166,0.1199658140540123,0.5443986654281616,-0.5399580001831055,0.9555806517601013,0.9149443507194519,0.500660240650177,-0.41021209955215454,0.888320803642273,0.13379545509815216,0.541334867477417,-0.4660988450050354,0.9562889933586121,0.5660586357116699,0.7174110412597656,0.0025531549472361803,0.9867171049118042,0.45566216111183167,0.7221306562423706,-0.00189744564704597,0.9919833540916443,0.5708158612251282,0.971857488155365,0.0009410201455466449,0.718452513217926,0.44483429193496704,0.9872703552246094,0.0038226917386054993,0.7755540013313293,0.5810271501541138,1.231709361076355,0.22802475094795227,0.21163912117481232,0.4350006580352783,1.2521435022354126,0.19880133867263794,0.2587566375732422,0.5772069692611694,1.2589192390441895,0.24065549671649933,0.19882754981517792,0.4373927116394043,1.2813527584075928,0.20804353058338165,0.1606847643852234,0.5888146162033081,1.3201061487197876,0.056304194033145905,0.13556529581546783,0.43289050459861755,1.3447555303573608,0.00743344658985734,0.134344220161438
2026-04-30T18:50:08.963987,31,0.5121288895606995,0.1700734943151474,-0.5567412972450256,0.9993416666984558,0.5231097340583801,0.1454046368598938,-0.5278333425521851,0.9981361627578735,0.5296036601066589,0.14520546793937683,-0.5280107259750366,0.99782395362854,0.5359439849853516,0.14517618715763092,-0.5281643867492676,0.9958997964859009,0.5045062303543091,0.1463296115398407,-0.5274975895881653,0.9993749856948853,0.498656690120697,0.14612963795661926,-0.5276042222976685,0.9995284676551819,0.49396300315856934,0.14598502218723297,-0.5277149677276611,0.9994948506355286,0.5450384020805359,0.15750323235988617,-0.3437580168247223,0.9975011348724365,0.48963412642478943,0.15750297904014587,-0.3412693738937378,0.9996745586395264,0.5264474749565125,0.19575437903404236,-0.4881874918937683,0.9988283514976501,0.5024882555007935,0.19255894422531128,-0.4874419569969177,0.9997515678405762,0.6155716180801392,0.32133176922798157,-0.23462776839733124,0.9982519149780273,0.41997283697128296,0.33122095465660095,-0.22791823744773865,0.9997725486755371,0.7436803579330444,0.40073755383491516,-0.23124435544013977,0.9216387867927551,0.28575533628463745,0.42423394322395325,-0.21871249377727509,0.9931438565254211,0.8879043459892273,0.40658456087112427,-0.4431079030036926,0.9155812859535217,0.1407991647720337,0.449188232421875,-0.41873225569725037,0.9744418859481812,0.9445136785507202,0.42048072814941406,-0.4927000403404236,0.8916017413139343,0.09331422299146652,0.4576171040534973,-0.4550907611846924,0.951124370098114,0.950717568397522,0.4115876257419586,-0.5633849501609802,0.8972880840301514,0.09057827293872833,0.45043694972991943,-0.5381162166595459,0.9572194814682007,0.9287016987800598,0.40863317251205444,-0.4841540455818176,0.8987976312637329,0.10510115325450897,0.4497359097003937,-0.46337446570396423,0.9582177996635437,0.5661917924880981,0.7186563014984131,-0.0015334713971242309,0.9840835928916931,0.455855131149292,0.7239003777503967,0.0022236541844904423,0.9888906478881836,0.5708919763565063,0.970980703830719,-0.05049830675125122,0.7113072872161865,0.4450159966945648,0.9872896075248718,-0.01731168106198311,0.7710337042808533,0.5788189768791199,1.2313672304153442,0.224474236369133,0.20999833941459656,0.43489712476730347,1.25154709815979,0.19530776143074036,0.2544666826725006,0.5747956037521362,1.2602412700653076,0.24140283465385437,0.20023676753044128,0.43729251623153687,1.2815725803375244,0.2064635306596756,0.16053920984268188,0.5873620510101318,1.3095946311950684,0.04785822331905365,0.13649789988994598,0.4341256618499756,1.3354805707931519,-0.0047284262254834175,0.13484402000904083
2026-04-30T18:50:09.068109,32,0.5100038647651672,0.16600631177425385,-0.570753276348114,0.9993824362754822,0.5209335684776306,0.1422986090183258,-0.538021981716156,0.9982326030731201,0.5273773670196533,0.14234189689159393,-0.5382442474365234,0.9979721903800964,0.5336693525314331,0.14258533716201782,-0.5384824872016907,0.9962280988693237,0.5019423961639404,0.14325350522994995,-0.5401641130447388,0.9993539452552795,0.49603620171546936,0.1434495598077774,-0.5402781367301941,0.9994978308677673,0.4911903440952301,0.1436690390110016,-0.5403816103935242,0.9994300007820129,0.5429683327674866,0.15654748678207397,-0.3442996144294739,0.9976862072944641,0.48631635308265686,0.1573217660188675,-0.35290127992630005,0.9996079206466675,0.5248767137527466,0.19333401322364807,-0.49899768829345703,0.9988985061645508,0.49994391202926636,0.18960976600646973,-0.5013118982315063,0.9997085928916931,0.6156584024429321,0.31501975655555725,-0.24216513335704803,0.998403012752533,0.41570425033569336,0.3294362425804138,-0.2390807867050171,0.9996462464332581,0.7503629922866821,0.36888715624809265,-0.25517693161964417,0.9293951392173767,0.2738317847251892,0.3882516920566559,-0.2484033852815628,0.9933345913887024,0.8981731534004211,0.35558223724365234,-0.45950016379356384,0.9238227605819702,0.12489588558673859,0.3902727961540222,-0.45464539527893066,0.9754801988601685,0.9481558799743652,0.35719233751296997,-0.5089157819747925,0.9015734791755676,0.07620048522949219,0.38981038331985474,-0.49288854002952576,0.9520211219787598,0.9545833468437195,0.3490711450576782,-0.5766488313674927,0.9068806767463684,0.0722656100988388,0.38550516963005066,-0.5755316019058228,0.9584488868713379,0.9393620491027832,0.3500901460647583,-0.4995974898338318,0.9083695411682129,0.09098725020885468,0.38890647888183594,-0.49945488572120667,0.9598075747489929,0.5663344264030457,0.7199801206588745,-0.006159747950732708,0.9827995300292969,0.45637139678001404,0.724345326423645,0.006807590834796429,0.9860109090805054,0.5707674622535706,0.9711011648178101,-0.10980381816625595,0.7074247002601624,0.44511279463768005,0.9877070784568787,-0.015010939911007881,0.7599396705627441,0.5797954797744751,1.2335532903671265,0.17725390195846558,0.20851629972457886,0.4305523931980133,1.252327799797058,0.23494267463684082,0.2488182932138443,0.5752283334732056,1.2619332075119019,0.19492191076278687,0.20337024331092834,0.43421006202697754,1.2827061414718628,0.2497934103012085,0.16167430579662323,0.5880619287490845,1.31386137008667,-0.0023862975649535656,0.13860860466957092,0.42809948325157166,1.3324778079986572,0.03850313276052475,0.13392029702663422
2026-04-30T18:50:09.182767,33,0.51008540391922,0.16552704572677612,-0.6454122066497803,0.9994326233863831,0.5209261775016785,0.14177460968494415,-0.6131892800331116,0.9983699917793274,0.5273618698120117,0.14186415076255798,-0.6133968830108643,0.998143196105957,0.5335583090782166,0.14219124615192413,-0.6136637330055237,0.9965685606002808,0.5014663338661194,0.14287810027599335,-0.6164973974227905,0.9993781447410583,0.4952998757362366,0.14322055876255035,-0.6166326999664307,0.9995094537734985,0.490164577960968,0.1435624659061432,-0.6167076826095581,0.9994308352470398,0.5424295663833618,0.15634280443191528,-0.40409761667251587,0.9978907108306885,0.483924001455307,0.15716110169887543,-0.4199553430080414,0.9996001720428467,0.5249841213226318,0.19323641061782837,-0.5667380094528198,0.998986542224884,0.49957388639450073,0.18940500915050507,-0.5706546902656555,0.9997051358222961,0.6154931783676147,0.3107157051563263,-0.2843411862850189,0.9985494017601013,0.41253718733787537,0.3227984607219696,-0.27993759512901306,0.9995636343955994,0.7522600889205933,0.35739749670028687,-0.2895713150501251,0.9363982081413269,0.2647075653076172,0.3691531717777252,-0.2899387776851654,0.9936537146568298,0.9060705900192261,0.3397025763988495,-0.5019508600234985,0.9312873482704163,0.11675479263067245,0.36035820841789246,-0.5054234266281128,0.9765922427177429,0.9537784457206726,0.3398548364639282,-0.5537366271018982,0.9106751084327698,0.06734707206487656,0.3586006462574005,-0.5441602468490601,0.9529858827590942,0.957953155040741,0.3324081003665924,-0.6227763891220093,0.915618360042572,0.06392598152160645,0.3532489538192749,-0.6279064416885376,0.959696352481842,0.9446315765380859,0.3339275121688843,-0.5425094366073608,0.9170703291893005,0.08168914169073105,0.3554583489894867,-0.5505325198173523,0.9613746404647827,0.5664256811141968,0.7200328707695007,-0.00863624457269907,0.9820551872253418,0.45672059059143066,0.724634051322937,0.009243449196219444,0.9838899374008179,0.5708637833595276,0.971297025680542,-0.10530134290456772,0.7043771147727966,0.4451867938041687,0.9878728985786438,-0.015370642766356468,0.7516555190086365,0.5800871253013611,1.227718710899353,0.22032895684242249,0.20865391194820404,0.43016037344932556,1.2479133605957031,0.25915729999542236,0.24680867791175842,0.5767068862915039,1.2553112506866455,0.23747341334819794,0.20806175470352173,0.43400341272354126,1.2772407531738281,0.27701300382614136,0.16484668850898743,0.5889891982078552,1.303425908088684,0.05531037598848343,0.14152750372886658,0.42952990531921387,1.3275091648101807,0.0547226257622242,0.1349407136440277
2026-04-30T18:50:09.294401,34,0.5103429555892944,0.16456709802150726,-0.6298636198043823,0.9994715452194214,0.5213731527328491,0.14084377884864807,-0.5981696248054504,0.9984692335128784,0.5278024077415466,0.14094452559947968,-0.5983716249465942,0.9982795715332031,0.5339060425758362,0.14133641123771667,-0.5986445546150208,0.996853768825531,0.5018601417541504,0.14217886328697205,-0.6016793251037598,0.999374508857727,0.495560884475708,0.14277568459510803,-0.6017967462539673,0.9994961023330688,0.4902420938014984,0.14333860576152802,-0.6018760800361633,0.9993928074836731,0.541724681854248,0.1553148329257965,-0.39364397525787354,0.9980604648590088,0.48263710737228394,0.1570374071598053,-0.4103736877441406,0.9995605945587158,0.5251994729042053,0.19257207214832306,-0.5527973175048828,0.9990559816360474,0.4997359812259674,0.18891888856887817,-0.5569630861282349,0.9996832013130188,0.6153179407119751,0.30777570605278015,-0.279216468334198,0.99867844581604,0.4110097289085388,0.31693294644355774,-0.2751895785331726,0.9994410276412964,0.7544491291046143,0.3540950119495392,-0.2830863893032074,0.942703127861023,0.26705485582351685,0.3627973794937134,-0.27799123525619507,0.9938648343086243,0.9083998799324036,0.331905335187912,-0.49135956168174744,0.9380094408988953,0.11906424909830093,0.3483901023864746,-0.4830052852630615,0.9775192737579346,0.9558765292167664,0.3326268792152405,-0.5411573648452759,0.9189116358757019,0.070521280169487,0.34427088499069214,-0.5206786394119263,0.9538622498512268,0.9598358273506165,0.32609832286834717,-0.6102967858314514,0.9235129356384277,0.06715003401041031,0.3398403227329254,-0.6039531230926514,0.9608142971992493,0.9466888308525085,0.3272707760334015,-0.5316122174263,0.9249246716499329,0.08519147336483002,0.34309205412864685,-0.5277972221374512,0.9627807140350342,0.5664885640144348,0.7197551727294922,-0.010735630057752132,0.9816516041755676,0.45673900842666626,0.7245940566062927,0.011318497359752655,0.9819617867469788,0.5709522366523743,0.9712049961090088,-0.11419820785522461,0.7029979825019836,0.4451923370361328,0.9868606328964233,-0.005077566020190716,0.7429230809211731,0.5810915231704712,1.2238284349441528,0.23017995059490204,0.20731496810913086,0.43041887879371643,1.235246181488037,0.31104326248168945,0.24168318510055542,0.5773866772651672,1.251131534576416,0.2526118755340576,0.21147437393665314,0.43446069955825806,1.2634289264678955,0.33380305767059326,0.16706974804401398,0.5898529887199402,1.3000150918960571,0.06118537113070488,0.14335870742797852,0.42911601066589355,1.3125768899917603,0.12424347549676895,0.1341206580400467
2026-04-30T18:50:09.402782,35,0.5107550024986267,0.16459520161151886,-0.641743540763855,0.9995120167732239,0.5215377807617188,0.1406983733177185,-0.6096159219741821,0.9985806345939636,0.5280736684799194,0.14079591631889343,-0.6098284721374512,0.9984175562858582,0.5342112183570862,0.14119242131710052,-0.6101078987121582,0.9971298575401306,0.502119243144989,0.1421273797750473,-0.6135416626930237,0.9993933439254761,0.49576014280319214,0.14270858466625214,-0.6136506795883179,0.9995036721229553,0.490278959274292,0.14323264360427856,-0.61371910572052,0.9993914365768433,0.541879415512085,0.15509405732154846,-0.3996238708496094,0.998227059841156,0.4814257025718689,0.1568911224603653,-0.4181678891181946,0.9995525479316711,0.5254679918289185,0.19258390367031097,-0.5623462200164795,0.9991277456283569,0.4998934268951416,0.1890202909708023,-0.5670228004455566,0.999679684638977,0.6152288913726807,0.30708402395248413,-0.27871906757354736,0.9987967014312744,0.4103120267391205,0.3150058388710022,-0.27549806237220764,0.999351441860199,0.7552148103713989,0.3512917160987854,-0.2811489999294281,0.9483764171600342,0.2636776566505432,0.3622108995914459,-0.27985578775405884,0.994143545627594,0.9068416357040405,0.3315294682979584,-0.49680095911026,0.9440565705299377,0.11688907444477081,0.3455250561237335,-0.4908975660800934,0.9785140156745911,0.9548492431640625,0.3324670195579529,-0.5479193329811096,0.9262888431549072,0.06665066629648209,0.33915767073631287,-0.5286005139350891,0.9548740983009338,0.9580327868461609,0.32478126883506775,-0.6167967915534973,0.9305955767631531,0.06380061060190201,0.33357077836990356,-0.6120997667312622,0.9620081782341003,0.9441816210746765,0.3260517120361328,-0.5370252728462219,0.9319750070571899,0.08201193809509277,0.3372911214828491,-0.5355969667434692,0.9641641974449158,0.5665709376335144,0.7202714681625366,-0.01075180433690548,0.9810037016868591,0.45674166083335876,0.7249608635902405,0.011327844113111496,0.9798502326011658,0.5704463124275208,0.9714786410331726,-0.11141468584537506,0.6974560618400574,0.4452529847621918,0.9869781732559204,-0.007109279278665781,0.733154296875,0.5795572400093079,1.2260123491287231,0.23789337277412415,0.203957661986351,0.4290502667427063,1.2383439540863037,0.27836868166923523,0.23597046732902527,0.5754769444465637,1.2537826299667358,0.2612900137901306,0.21177774667739868,0.4330102503299713,1.267033338546753,0.2980831265449524,0.1665286272764206,0.5880793929100037,1.3047306537628174,0.06361833214759827,0.1425047516822815,0.42925435304641724,1.3186633586883545,0.08459483087062836,0.132181778550148
2026-04-30T18:50:09.517854,36,0.5148902535438538,0.1643986999988556,-0.6376218795776367,0.9995498061180115,0.5236607789993286,0.14019101858139038,-0.6035117506980896,0.9986864328384399,0.5298231840133667,0.14040441811084747,-0.6037335395812988,0.9985462427139282,0.5357943773269653,0.14090479910373688,-0.6040239930152893,0.9973836541175842,0.5042200088500977,0.14135698974132538,-0.6099659204483032,0.9994152784347534,0.4968671202659607,0.14209753274917603,-0.6100589036941528,0.9995154738426208,0.49064478278160095,0.14290423691272736,-0.6101058721542358,0.9993958473205566,0.5421536564826965,0.15506155788898468,-0.38835275173187256,0.9983816742897034,0.4810464382171631,0.15676969289779663,-0.41714757680892944,0.99955153465271,0.5278176069259644,0.19254136085510254,-0.5558568835258484,0.9991949796676636,0.5019396543502808,0.18901124596595764,-0.5640043020248413,0.9996790885925293,0.6151694059371948,0.30687612295150757,-0.26643645763397217,0.9989064335823059,0.4089968204498291,0.3143156170845032,-0.27500250935554504,0.9992558360099792,0.7553657293319702,0.3486019968986511,-0.26152026653289795,0.9534919261932373,0.2596758008003235,0.3621799349784851,-0.2844844460487366,0.9943909645080566,0.9085972905158997,0.32987773418426514,-0.4732661843299866,0.9495357871055603,0.11275197565555573,0.3433955907821655,-0.49784427881240845,0.9793906211853027,0.955811619758606,0.32996276021003723,-0.5232532024383545,0.9330974817276001,0.062057871371507645,0.33894476294517517,-0.535912811756134,0.9558677673339844,0.9586490392684937,0.3223661482334137,-0.5930718183517456,0.9370983242988586,0.05973758175969124,0.33261826634407043,-0.6203495264053345,0.9631605744361877,0.9449281692504883,0.3238483965396881,-0.513610303401947,0.9384198784828186,0.07673120498657227,0.3347029685974121,-0.5428507328033447,0.9654613137245178,0.5665948987007141,0.7202675938606262,-0.009777500294148922,0.9810687899589539,0.45673495531082153,0.7255362868309021,0.01035388745367527,0.9787145853042603,0.5704950094223022,0.9718337655067444,-0.1300608217716217,0.6949439644813538,0.44499969482421875,0.9898889660835266,-0.036656010895967484,0.7253031730651855,0.5798529386520386,1.230505347251892,0.23362872004508972,0.19977818429470062,0.42692917585372925,1.2442444562911987,0.26139897108078003,0.23065458238124847,0.5754075050354004,1.257664442062378,0.25878340005874634,0.21063175797462463,0.43062105774879456,1.2728602886199951,0.2816813886165619,0.16470524668693542,0.5888112187385559,1.3050931692123413,0.059344418346881866,0.14111363887786865,0.428436815738678,1.3202807903289795,0.05803025886416435,0.12976647913455963
2026-04-30T18:50:09.631590,37,0.5164595246315002,0.16444596648216248,-0.639387845993042,0.9995806217193604,0.5243593454360962,0.14017488062381744,-0.6054484844207764,0.9987694621086121,0.5302855968475342,0.14039035141468048,-0.6056743860244751,0.998652458190918,0.5361145734786987,0.14089034497737885,-0.6059654951095581,0.9976015686988831,0.504773736000061,0.14130116999149323,-0.6116777658462524,0.9994215369224548,0.4970111846923828,0.14203333854675293,-0.6117764711380005,0.9995129108428955,0.4907148480415344,0.14285588264465332,-0.611830472946167,0.9993802309036255,0.5422604084014893,0.15496531128883362,-0.3895476758480072,0.9985138177871704,0.48077863454818726,0.15672042965888977,-0.41854968667030334,0.9995327591896057,0.5290411710739136,0.19264750182628632,-0.5576833486557007,0.999249279499054,0.5028725862503052,0.18918433785438538,-0.5655712485313416,0.9996680021286011,0.6149451732635498,0.3066945970058441,-0.2681920826435089,0.9990041255950928,0.4084327220916748,0.3137635588645935,-0.2749488353729248,0.9991573095321655,0.7573285102844238,0.3483242988586426,-0.26919078826904297,0.9580974578857422,0.25832289457321167,0.3619953989982605,-0.2842525839805603,0.9946081638336182,0.9129560589790344,0.3318311870098114,-0.48635396361351013,0.9544675350189209,0.11236264556646347,0.34473660588264465,-0.4950065016746521,0.9801425933837891,0.9584177732467651,0.33244815468788147,-0.5372018814086914,0.9392220973968506,0.06237161159515381,0.33930444717407227,-0.5323955416679382,0.9566043019294739,0.9611716270446777,0.3252999186515808,-0.6068416237831116,0.9429495930671692,0.05970054864883423,0.333499014377594,-0.6160024404525757,0.9640725255012512,0.9479554295539856,0.3267856538295746,-0.526728630065918,0.944219708442688,0.07633981853723526,0.3360828459262848,-0.5395759344100952,0.9665302038192749,0.5666674375534058,0.7206624150276184,-0.009309470653533936,0.9808197021484375,0.45674124360084534,0.7270596027374268,0.009876157157123089,0.9772892594337463,0.5705417394638062,0.9718783497810364,-0.12981483340263367,0.6894468665122986,0.44491371512413025,0.9922538995742798,-0.036872006952762604,0.7154018878936768,0.5802929997444153,1.2337431907653809,0.23621709644794464,0.19504055380821228,0.4263015389442444,1.2514690160751343,0.24614317715168,0.22658121585845947,0.5757753849029541,1.2607280015945435,0.2615838646888733,0.20859821140766144,0.42989581823349,1.2814199924468994,0.26333242654800415,0.16370178759098053,0.5893329381942749,1.3056901693344116,0.059515081346035004,0.13920851051807404,0.42844948172569275,1.3252893686294556,0.02783134952187538,0.1280936896800995
2026-04-30T18:50:09.738332,38,0.5176562666893005,0.16392062604427338,-0.6195822358131409,0.9995945692062378,0.5247853994369507,0.13985516130924225,-0.5821205377578735,0.9987912774085999,0.5304723978042603,0.14011842012405396,-0.5823827981948853,0.9987070560455322,0.5361774563789368,0.14063461124897003,-0.5827265977859497,0.997748851776123,0.5054308772087097,0.1408332735300064,-0.5880807638168335,0.9993793368339539,0.49743399024009705,0.14163275063037872,-0.5881973505020142,0.9994683265686035,0.490919291973114,0.1425950825214386,-0.5882775783538818,0.9993061423301697,0.5418745875358582,0.1547503024339676,-0.37160399556159973,0.9985985159873962,0.48086220026016235,0.1566515415906906,-0.3972790241241455,0.9994615316390991,0.5297256708145142,0.19213494658470154,-0.54119473695755,0.9992733597755432,0.5036680102348328,0.18878938257694244,-0.5486786961555481,0.9996213316917419,0.6144315004348755,0.30673566460609436,-0.2616802752017975,0.9990789890289307,0.408623069524765,0.3135804235935211,-0.26983827352523804,0.9990344047546387,0.7558627128601074,0.3517112731933594,-0.26281917095184326,0.9622095227241516,0.2589937746524811,0.36272022128105164,-0.2706003785133362,0.9947577118873596,0.9034773111343384,0.3350505232810974,-0.47070685029029846,0.9588119983673096,0.11147816479206085,0.34609881043434143,-0.47288650274276733,0.9808342456817627,0.9504192471504211,0.3371630012989044,-0.5187873840332031,0.9443930387496948,0.0616777166724205,0.34051772952079773,-0.5095455050468445,0.9574341177940369,0.9557322263717651,0.3307246267795563,-0.5858286619186401,0.9479432106018066,0.058370791375637054,0.33405086398124695,-0.5915331840515137,0.965006947517395,0.9414764642715454,0.3319527208805084,-0.5100152492523193,0.9492283463478088,0.0758470669388771,0.33702147006988525,-0.5167338848114014,0.9676288962364197,0.5667122602462769,0.7211767435073853,-0.010248705744743347,0.9799306392669678,0.4567779004573822,0.7277528643608093,0.010779565200209618,0.9755621552467346,0.5705677270889282,0.9729511141777039,-0.1324760615825653,0.6870636940002441,0.44493621587753296,0.9937770366668701,-0.03665357083082199,0.708235502243042,0.5798938870429993,1.2340632677078247,0.232185959815979,0.19199955463409424,0.42645373940467834,1.252371072769165,0.24529549479484558,0.22353768348693848,0.5751872062683105,1.2613919973373413,0.2579366862773895,0.2072819173336029,0.4300651550292969,1.2824238538742065,0.26274368166923523,0.1632412075996399,0.5887364149093628,1.3080607652664185,0.0589662566781044,0.13895584642887115,0.4283196032047272,1.3267487287521362,0.03149569779634476,0.1273103952407837
2026-04-30T18:50:09.846798,39,0.5195480585098267,0.16451258957386017,-0.6162962317466736,0.9996060132980347,0.5257211923599243,0.1402188241481781,-0.5812768936157227,0.9988052845001221,0.5312044024467468,0.1405230462551117,-0.5815759301185608,0.9987493753433228,0.5366708040237427,0.14105120301246643,-0.5819749236106873,0.997873842716217,0.5064626932144165,0.1410270631313324,-0.5865871906280518,0.9993379712104797,0.4981687664985657,0.14182715117931366,-0.5866938233375549,0.9994245767593384,0.49136996269226074,0.14282746613025665,-0.5867655873298645,0.9992366433143616,0.5419341921806335,0.15505966544151306,-0.36565932631492615,0.9986727833747864,0.4809022545814514,0.1573399156332016,-0.3963259756565094,0.9994009733200073,0.5311163663864136,0.19274520874023438,-0.5409132838249207,0.9992919564247131,0.5052297115325928,0.18939490616321564,-0.5455619692802429,0.9995766878128052,0.6140307188034058,0.3067745566368103,-0.2587781548500061,0.9991461038589478,0.4085744023323059,0.3136654794216156,-0.26817792654037476,0.9989361763000488,0.756018877029419,0.3511447012424469,-0.25113874673843384,0.9659022688865662,0.25905734300613403,0.3635321855545044,-0.26899009943008423,0.9948991537094116,0.9065249562263489,0.3358314335346222,-0.45983657240867615,0.962709903717041,0.11175644397735596,0.34690433740615845,-0.47197094559669495,0.9814336895942688,0.9534427523612976,0.3381288945674896,-0.5070977210998535,0.9490061402320862,0.06282627582550049,0.34248441457748413,-0.5074762105941772,0.9581471085548401,0.9600203633308411,0.33190256357192993,-0.5751512050628662,0.9524042010307312,0.059608835726976395,0.3363623023033142,-0.5896275043487549,0.9658312201499939,0.9464290738105774,0.33327385783195496,-0.4997464716434479,0.9537087678909302,0.07685224711894989,0.3391840159893036,-0.5160778760910034,0.9685893058776855,0.5668367147445679,0.7222972512245178,-0.00989861972630024,0.9791882634162903,0.45706287026405334,0.7294052243232727,0.010424677282571793,0.9744446873664856,0.5705999135971069,0.9750986099243164,-0.13754677772521973,0.6856064796447754,0.4449506402015686,0.9986934661865234,-0.05179616063833237,0.7041602730751038,0.5799366235733032,1.2392222881317139,0.23364531993865967,0.18888486921787262,0.4268370270729065,1.2655982971191406,0.2199605256319046,0.22259560227394104,0.5750312209129333,1.2658873796463013,0.25975438952445984,0.20568761229515076,0.43036574125289917,1.2961211204528809,0.23636212944984436,0.16300082206726074,0.5889848470687866,1.3137286901474,0.05913779139518738,0.13860659301280975,0.42882901430130005,1.341650128364563,0.001137870829552412,0.12717680633068085
2026-04-30T18:50:09.953020,40,0.5204511880874634,0.16456007957458496,-0.6205776929855347,0.9996228814125061,0.526368260383606,0.14023056626319885,-0.586563229560852,0.9988468885421753,0.531747043132782,0.14055024087429047,-0.5868110656738281,0.9988108277320862,0.5371013879776001,0.1410890519618988,-0.5871496796607971,0.9980130195617676,0.5073493123054504,0.14100004732608795,-0.5926492214202881,0.9993298649787903,0.49903956055641174,0.141793891787529,-0.5927540063858032,0.9994127154350281,0.49195942282676697,0.14278587698936462,-0.5928364396095276,0.999213457107544,0.5419713258743286,0.1550862193107605,-0.37247905135154724,0.998755931854248,0.48092103004455566,0.15739957988262177,-0.40337687730789185,0.9993793368339539,0.5317028164863586,0.19286830723285675,-0.5420857667922974,0.9993203282356262,0.5060914754867554,0.1895526945590973,-0.5488907098770142,0.9995566010475159,0.6139212250709534,0.30682337284088135,-0.25793394446372986,0.9992077946662903,0.40855103731155396,0.3136344850063324,-0.2721657156944275,0.9988660216331482,0.7552422881126404,0.35216376185417175,-0.2513853907585144,0.9692261815071106,0.25799933075904846,0.3640017807483673,-0.2847443222999573,0.9950364828109741,0.9065918922424316,0.3370593786239624,-0.4555182456970215,0.9661954641342163,0.11082495748996735,0.3474053144454956,-0.4898998737335205,0.9819253087043762,0.9525144696235657,0.3381209671497345,-0.5013591647148132,0.953048050403595,0.061367738991975784,0.3421991765499115,-0.5257683992385864,0.9586235880851746,0.9592374563217163,0.3314710259437561,-0.5698028802871704,0.9563342332839966,0.05824209004640579,0.33563748002052307,-0.6082502603530884,0.9664458632469177,0.9465616941452026,0.3331516981124878,-0.4953901171684265,0.9576723575592041,0.07575815171003342,0.3386511206626892,-0.5340732336044312,0.9693260788917542,0.5668817758560181,0.7225094437599182,-0.009626658633351326,0.9784804582595825,0.45706185698509216,0.7296371459960938,0.010154654271900654,0.9729809761047363,0.5706266164779663,0.9766666889190674,-0.1426655501127243,0.6836004853248596,0.44496750831604004,0.9994821548461914,-0.048793334513902664,0.6980226635932922,0.5799096822738647,1.2416847944259644,0.2076750546693802,0.18728800117969513,0.4261593818664551,1.2654763460159302,0.22256562113761902,0.22025099396705627,0.5748246312141418,1.2688827514648438,0.23168019950389862,0.20631857216358185,0.42973342537879944,1.2959606647491455,0.2393704205751419,0.16319161653518677,0.5891367197036743,1.316146731376648,0.029175305739045143,0.13907070457935333,0.4276791214942932,1.3420181274414062,0.008148293942213058,0.12660618126392365
2026-04-30T18:50:10.064443,41,0.5204386711120605,0.16446639597415924,-0.6191081404685974,0.9996393918991089,0.5263910889625549,0.1402246206998825,-0.5861114263534546,0.9988855123519897,0.5317855477333069,0.14056777954101562,-0.5863393545150757,0.998866856098175,0.53713458776474,0.141145259141922,-0.5866506695747375,0.9981393814086914,0.5073862075805664,0.14095287024974823,-0.5914467573165894,0.9993239641189575,0.49908190965652466,0.14177006483078003,-0.5915464162826538,0.9994030594825745,0.4919794201850891,0.14275477826595306,-0.5916280746459961,0.999194860458374,0.5420925617218018,0.15550629794597626,-0.37483954429626465,0.9988304972648621,0.4809698164463043,0.15761786699295044,-0.4013567864894867,0.9993606805801392,0.5317853689193726,0.1928885132074356,-0.5404933094978333,0.9993462562561035,0.5061591267585754,0.1895660012960434,-0.5467261075973511,0.9995400905609131,0.6136999130249023,0.3068629503250122,-0.25620734691619873,0.9992619156837463,0.4086952209472656,0.31359368562698364,-0.2701151371002197,0.9988163113594055,0.7546327710151672,0.3528837263584137,-0.2503899335861206,0.9722128510475159,0.2598542273044586,0.3646349608898163,-0.2832470238208771,0.9951716065406799,0.9088103175163269,0.33761483430862427,-0.45571908354759216,0.9693214893341064,0.11214295774698257,0.3481813371181488,-0.4875411093235016,0.9823930263519287,0.9540799856185913,0.3391767740249634,-0.5010524392127991,0.9566354155540466,0.062310148030519485,0.3436764180660248,-0.5234010219573975,0.9590762257575989,0.960708498954773,0.33314424753189087,-0.5703814029693604,0.9598377346992493,0.05913624167442322,0.33755624294281006,-0.6055932641029358,0.9670207500457764,0.9484292268753052,0.33448249101638794,-0.4960034489631653,0.9612165093421936,0.07680853456258774,0.3402762711048126,-0.5315970182418823,0.970009446144104,0.5669984817504883,0.7224931120872498,-0.008778447285294533,0.9779179692268372,0.4570852816104889,0.7296741604804993,0.009285204112529755,0.9719913005828857,0.5709282159805298,0.9773151874542236,-0.1433807611465454,0.6822739243507385,0.44504398107528687,1.00031316280365,-0.05494559928774834,0.6964744329452515,0.5800291299819946,1.2447212934494019,0.2039608508348465,0.18621060252189636,0.4263951778411865,1.2677762508392334,0.20945291221141815,0.22020050883293152,0.5747737884521484,1.272283911705017,0.22780299186706543,0.20711320638656616,0.4299280047416687,1.2982239723205566,0.22557489573955536,0.1635178178548813,0.5892521142959595,1.3199249505996704,0.024420661851763725,0.139845609664917,0.4280211925506592,1.345557451248169,-0.003822050988674164,0.12711341679096222
2026-04-30T18:50:10.171593,42,0.5205797553062439,0.16467003524303436,-0.630035400390625,0.9996486306190491,0.5265145897865295,0.14038215577602386,-0.5974066853523254,0.9988957047462463,0.5318900346755981,0.1407575011253357,-0.5976280570030212,0.9989005327224731,0.5372129082679749,0.14135868847370148,-0.5979381799697876,0.9982324838638306,0.5075408220291138,0.14101101458072662,-0.6027539968490601,0.9992907643318176,0.4992401599884033,0.14182431995868683,-0.602868914604187,0.999370813369751,0.4920892119407654,0.14283545315265656,-0.602961003780365,0.9991405606269836,0.5421177744865417,0.15569089353084564,-0.38774141669273376,0.9988856911659241,0.4810086786746979,0.15779706835746765,-0.41278567910194397,0.9993100166320801,0.5320180058479309,0.19312240183353424,-0.5509878396987915,0.9993582963943481,0.5064067244529724,0.1897798329591751,-0.5573681592941284,0.9995041489601135,0.6136730313301086,0.30688998103141785,-0.2690810561180115,0.9993115067481995,0.40872296690940857,0.31334131956100464,-0.2784069776535034,0.9987289309501648,0.7551628351211548,0.3535495102405548,-0.268135666847229,0.9749082922935486,0.2583240270614624,0.3650370240211487,-0.2937987148761749,0.9952283501625061,0.9154757261276245,0.33864626288414,-0.46993646025657654,0.972140908241272,0.10978163778781891,0.3490118682384491,-0.49490126967430115,0.9825291037559509,0.9591056108474731,0.34028324484825134,-0.5138623714447021,0.9598804116249084,0.05961114168167114,0.3444884419441223,-0.5288682579994202,0.958824098110199,0.96583092212677,0.33440402150154114,-0.5828309655189514,0.9630070328712463,0.05634496361017227,0.33832165598869324,-0.6112968921661377,0.9670440554618835,0.9539697766304016,0.3359503448009491,-0.5099645853042603,0.9644207954406738,0.07318651676177979,0.3410486578941345,-0.5389490127563477,0.9702435731887817,0.5670296549797058,0.7231565117835999,-0.00940534844994545,0.9765172600746155,0.4571475088596344,0.7299230098724365,0.009901776909828186,0.9698161482810974,0.5709487199783325,0.9772967100143433,-0.14142116904258728,0.679150402545929,0.44508272409439087,1.0002515316009521,-0.04444238916039467,0.6901134252548218,0.5789378881454468,1.2393540143966675,0.24237088859081268,0.18433228135108948,0.4264141023159027,1.2634462118148804,0.23191618919372559,0.21948492527008057,0.5737234950065613,1.26559317111969,0.2698923945426941,0.20714202523231506,0.42991504073143005,1.2936453819274902,0.24956052005290985,0.16534972190856934,0.5875261425971985,1.3151726722717285,0.07104222476482391,0.1399008333683014,0.42810553312301636,1.3404103517532349,0.021990524604916573,0.12777172029018402
2026-04-30T18:50:10.276650,43,0.5205684900283813,0.16509059071540833,-0.644625186920166,0.999664306640625,0.5265362858772278,0.1405700296163559,-0.6126865148544312,0.9989380836486816,0.5319474935531616,0.14096873998641968,-0.6129014492034912,0.9989535212516785,0.5374094247817993,0.14159560203552246,-0.6132152080535889,0.9983442425727844,0.5075588822364807,0.141133114695549,-0.6172851920127869,0.9992968440055847,0.49928054213523865,0.1419527232646942,-0.6173979043960571,0.9993723630905151,0.4921371340751648,0.1430138498544693,-0.6174948215484619,0.9991424679756165,0.5429321527481079,0.15615710616111755,-0.4002436101436615,0.9989513158798218,0.48099684715270996,0.15806487202644348,-0.421651691198349,0.9993091225624084,0.532049834728241,0.1936405450105667,-0.5638667941093445,0.9993848204612732,0.5064507722854614,0.19034188985824585,-0.5693449974060059,0.9995007514953613,0.6136085987091064,0.30691462755203247,-0.2713310420513153,0.9993513226509094,0.4087918698787689,0.3132290840148926,-0.2802969217300415,0.9986903071403503,0.7548507452011108,0.35420629382133484,-0.2666548192501068,0.9773060083389282,0.2584240138530731,0.36497974395751953,-0.2924331724643707,0.995351254940033,0.9153082966804504,0.3394595682621002,-0.4717180132865906,0.974563717842102,0.11127282679080963,0.35044065117836,-0.4966161251068115,0.9828604459762573,0.9593707919120789,0.3426434397697449,-0.5163295865058899,0.9623303413391113,0.06070322543382645,0.34550371766090393,-0.531617283821106,0.9589045643806458,0.9667908549308777,0.3365844488143921,-0.5859687924385071,0.9654985070228577,0.057596225291490555,0.3398169279098511,-0.6142903566360474,0.9672838449478149,0.9548884630203247,0.3376654386520386,-0.5121047496795654,0.9670299887657166,0.07481127977371216,0.3430553078651428,-0.5407199859619141,0.9705905318260193,0.5670570731163025,0.7234200239181519,-0.009290552698075771,0.9757078886032104,0.4571501612663269,0.730046272277832,0.009788869880139828,0.9685269594192505,0.5709735155105591,0.9773721694946289,-0.1356256902217865,0.6782163977622986,0.44509392976760864,1.000165343284607,-0.042532190680503845,0.6873911619186401,0.5788025259971619,1.2393895387649536,0.24260926246643066,0.1840992122888565,0.4265018403530121,1.2625138759613037,0.25013989210128784,0.21792063117027283,0.5736468434333801,1.2657694816589355,0.26959964632987976,0.20805341005325317,0.42995160818099976,1.2924236059188843,0.26968079805374146,0.1652292162179947,0.5870363712310791,1.3156275749206543,0.07013087719678879,0.13991865515708923,0.42831626534461975,1.3397713899612427,0.04293077066540718,0.12736599147319794
2026-04-30T18:50:10.382891,44,0.5202525854110718,0.1649797260761261,-0.6390224099159241,0.9996726512908936,0.526557445526123,0.1405123621225357,-0.6073127388954163,0.998953104019165,0.5320087671279907,0.14092348515987396,-0.6075273752212524,0.9989830255508423,0.5374883413314819,0.14156392216682434,-0.6078359484672546,0.9984241127967834,0.5074561834335327,0.141054168343544,-0.6114980578422546,0.9992803931236267,0.49921971559524536,0.1418919712305069,-0.6116059422492981,0.9993531703948975,0.4921106696128845,0.14297379553318024,-0.6117006540298462,0.9991146326065063,0.5429659485816956,0.15613988041877747,-0.3973637521266937,0.9989950656890869,0.48101839423179626,0.15805460512638092,-0.41689205169677734,0.9992814660072327,0.5320073962211609,0.19356662034988403,-0.5592776536941528,0.9993985891342163,0.5061150789260864,0.19029389321804047,-0.5642270445823669,0.9994807243347168,0.6135770082473755,0.30693021416664124,-0.26954349875450134,0.9993857741355896,0.4088290333747864,0.3130520284175873,-0.27795907855033875,0.998645544052124,0.7552759051322937,0.35430702567100525,-0.26654428243637085,0.9794692397117615,0.2590741813182831,0.365360289812088,-0.28893646597862244,0.9954227209091187,0.9168272018432617,0.34059932827949524,-0.4731868803501129,0.9767569303512573,0.112326480448246,0.351261168718338,-0.49242639541625977,0.9830677509307861,0.9607207179069519,0.34454986453056335,-0.5183652639389038,0.9646010994911194,0.06203644722700119,0.34613561630249023,-0.5278543829917908,0.9588562250137329,0.9680382609367371,0.33887049555778503,-0.5881146192550659,0.9677866101264954,0.05885152146220207,0.3405570089817047,-0.610127329826355,0.967394232749939,0.9562598466873169,0.33971652388572693,-0.5136075615882874,0.969413161277771,0.07656161487102509,0.3442124128341675,-0.5363529920578003,0.970815122127533,0.5671805143356323,0.7234147787094116,-0.009220014326274395,0.9751071929931641,0.45721235871315,0.730047881603241,0.009721958078444004,0.9675628542900085,0.5709862112998962,0.9775522947311401,-0.13624952733516693,0.6769111156463623,0.44511309266090393,1.0004801750183105,-0.04223644360899925,0.6854619979858398,0.579715371131897,1.2395132780075073,0.2385435849428177,0.18350930511951447,0.42661166191101074,1.26244056224823,0.2521298825740814,0.21680478751659393,0.5745517015457153,1.2659766674041748,0.2654738128185272,0.2081359624862671,0.4300505518913269,1.2923434972763062,0.2718638479709625,0.16460269689559937,0.588778555393219,1.3159573078155518,0.06205449253320694,0.1401267796754837,0.42848509550094604,1.3400050401687622,0.04443986713886261,0.12715741991996765
2026-04-30T18:50:10.489287,45,0.5204391479492188,0.165849968791008,-0.6624883413314819,0.999681293964386,0.5268563628196716,0.14090751111507416,-0.6310170292854309,0.9989734888076782,0.532355010509491,0.14131683111190796,-0.6312307119369507,0.999014139175415,0.5378488302230835,0.14193154871463776,-0.6315479278564453,0.9985021948814392,0.5077948570251465,0.14128760993480682,-0.6360887289047241,0.9992691874504089,0.4996427595615387,0.14206595718860626,-0.6362135410308838,0.9993391633033752,0.49251484870910645,0.14312681555747986,-0.6363193392753601,0.9990959167480469,0.5432686805725098,0.1563539206981659,-0.41588544845581055,0.9990406632423401,0.48111218214035034,0.15817227959632874,-0.43917837738990784,0.9992605447769165,0.5321909189224243,0.1947731375694275,-0.5800508260726929,0.9994140863418579,0.5066235661506653,0.19140958786010742,-0.5862120389938354,0.999466598033905,0.6135308146476746,0.30693677067756653,-0.28272679448127747,0.9994203448295593,0.4089049696922302,0.3130514323711395,-0.28831788897514343,0.9986004829406738,0.755494236946106,0.3537256419658661,-0.27772238850593567,0.9814223051071167,0.259924978017807,0.3652420938014984,-0.29370206594467163,0.9955350160598755,0.916784942150116,0.34000638127326965,-0.4898417890071869,0.9787424206733704,0.11337648332118988,0.35099923610687256,-0.49767690896987915,0.983381986618042,0.959686279296875,0.34307214617729187,-0.5366666316986084,0.9666330218315125,0.06296217441558838,0.34679296612739563,-0.5331704020500183,0.9590222835540771,0.9669737815856934,0.3376070261001587,-0.6064622402191162,0.9698421955108643,0.05996707081794739,0.3416289985179901,-0.6169199347496033,0.967669665813446,0.9555384516716003,0.3388506770133972,-0.5303554534912109,0.9715576171875,0.07786673307418823,0.3448581397533417,-0.5420650839805603,0.9711226224899292,0.5672025084495544,0.7234166860580444,-0.009653997607529163,0.9743248820304871,0.45721596479415894,0.730078399181366,0.01015641912817955,0.9662699699401855,0.5710005164146423,0.9772986173629761,-0.13472391664981842,0.6766716241836548,0.445121705532074,1.000335454940796,-0.03900342807173729,0.6832519769668579,0.5797435641288757,1.23834228515625,0.2541719079017639,0.1835087537765503,0.4269973337650299,1.2605633735656738,0.26412343978881836,0.2160649448633194,0.574688196182251,1.2647125720977783,0.2828344702720642,0.2088814228773117,0.43055400252342224,1.2901880741119385,0.28471997380256653,0.16479434072971344,0.5887144804000854,1.3153339624404907,0.07942578941583633,0.14003370702266693,0.4290039539337158,1.338606595993042,0.05629026144742966,0.12724830210208893
2026-04-30T18:50:10.600267,46,0.5196369886398315,0.1658385843038559,-0.6567224264144897,0.9996917247772217,0.5266467928886414,0.14092180132865906,-0.6276275515556335,0.9989962577819824,0.5322606563568115,0.1413421481847763,-0.6278397440910339,0.9990487694740295,0.5378217697143555,0.14196349680423737,-0.6281713247299194,0.9985777139663696,0.5074154138565063,0.14128129184246063,-0.628817617893219,0.9992647767066956,0.49939775466918945,0.14206001162528992,-0.6289290189743042,0.999331533908844,0.49243730306625366,0.1431199610233307,-0.6290525197982788,0.9990804195404053,0.5432878732681274,0.15636254847049713,-0.411694198846817,0.9990837574005127,0.4811299443244934,0.15820227563381195,-0.4275713562965393,0.9992452263832092,0.5319114923477173,0.194686159491539,-0.5773070454597473,0.9994329810142517,0.5060990452766418,0.1913369745016098,-0.5785127282142639,0.9994587302207947,0.6134911775588989,0.30693912506103516,-0.2817299962043762,0.9994527101516724,0.40956735610961914,0.3128795623779297,-0.2854737639427185,0.9985750317573547,0.755271852016449,0.35414746403694153,-0.2716060280799866,0.9831886887550354,0.2605573534965515,0.36519142985343933,-0.2916160821914673,0.9956027269363403,0.9167919158935547,0.3394162058830261,-0.4806188941001892,0.9805747866630554,0.1141403317451477,0.3514290452003479,-0.49426549673080444,0.9836459159851074,0.960112452507019,0.3422847390174866,-0.5271710157394409,0.9686883687973022,0.0640917718410492,0.3479527533054352,-0.5297383069992065,0.9592291712760925,0.9669283032417297,0.3364836871623993,-0.5967733263969421,0.9718627333641052,0.06082604080438614,0.3426315188407898,-0.6143732666969299,0.9679409265518188,0.9553185701370239,0.33751657605171204,-0.5209258198738098,0.973612368106842,0.07882385700941086,0.34547704458236694,-0.5394958257675171,0.9714711904525757,0.5672193765640259,0.7234333157539368,-0.009599106386303902,0.9742200374603271,0.45717018842697144,0.7300401926040649,0.010100463405251503,0.9656844139099121,0.5710151195526123,0.9773436188697815,-0.13833601772785187,0.6781463027000427,0.44517263770103455,1.0003048181533813,-0.03636826574802399,0.6833987832069397,0.5797591209411621,1.2385748624801636,0.21740150451660156,0.18522997200489044,0.4269503951072693,1.2590864896774292,0.2734256386756897,0.21500344574451447,0.5747154355049133,1.265326738357544,0.24175384640693665,0.2117059975862503,0.4305518567562103,1.2883408069610596,0.294887512922287,0.1651613414287567,0.5889349579811096,1.3153904676437378,0.03758323937654495,0.1418611854314804,0.428680419921875,1.3375316858291626,0.0737130343914032,0.1272028088569641
2026-04-30T18:50:10.706886,47,0.5187627673149109,0.16582949459552765,-0.6254500150680542,0.9997000694274902,0.5262441039085388,0.1409868746995926,-0.5939562320709229,0.9990144371986389,0.5319384932518005,0.1414216309785843,-0.5941750407218933,0.9990783929824829,0.537560224533081,0.1420518308877945,-0.5944780707359314,0.9986438751220703,0.5068208575248718,0.14131976664066315,-0.5951260328292847,0.9992581009864807,0.4989296793937683,0.1421051025390625,-0.5952225923538208,0.999322235584259,0.49213606119155884,0.1431678980588913,-0.595328152179718,0.9990618228912354,0.5432270169258118,0.1564299613237381,-0.3868442475795746,0.9991203546524048,0.4811360239982605,0.15833015739917755,-0.39626890420913696,0.9992237091064453,0.531563937664032,0.19461239874362946,-0.5487905740737915,0.9994480013847351,0.5054770708084106,0.19127273559570312,-0.5496541261672974,0.9994476437568665,0.6134679913520813,0.30712926387786865,-0.2670818567276001,0.9994816780090332,0.4097456932067871,0.31295445561408997,-0.2654613256454468,0.9985358119010925,0.7550631761550903,0.3545931279659271,-0.27140066027641296,0.9847841262817383,0.26126110553741455,0.3657934367656708,-0.27522775530815125,0.9956459403038025,0.9149672389030457,0.3413160741329193,-0.4769364297389984,0.9822744727134705,0.11522234976291656,0.35376065969467163,-0.48115816712379456,0.983923077583313,0.9584531784057617,0.34413209557533264,-0.5231294631958008,0.970751166343689,0.06546176224946976,0.35065901279449463,-0.5177372097969055,0.9595388770103455,0.9653784036636353,0.338324636220932,-0.5929285883903503,0.9738465547561646,0.06220763921737671,0.3453359007835388,-0.6010783910751343,0.968278169631958,0.953304648399353,0.3395584523677826,-0.5171250104904175,0.9755821824073792,0.08010970056056976,0.3480815887451172,-0.5262592434883118,0.9718601107597351,0.5672423839569092,0.7235066294670105,-0.009541777893900871,0.9743115305900574,0.4571652412414551,0.7300423383712769,0.010043920949101448,0.9654280543327332,0.5708733201026917,0.9772120714187622,-0.14503739774227142,0.6794880628585815,0.44526833295822144,1.0006189346313477,-0.03661935776472092,0.6832438707351685,0.5799072980880737,1.2402070760726929,0.200077086687088,0.1865728348493576,0.4267582297325134,1.2593950033187866,0.2672272026538849,0.21438533067703247,0.5748386979103088,1.2678214311599731,0.2234514206647873,0.21328352391719818,0.43037667870521545,1.2887989282608032,0.28767645359039307,0.16480180621147156,0.5893072485923767,1.3165946006774902,0.017433494329452515,0.1435207575559616,0.42818838357925415,1.3376832008361816,0.06477559357881546,0.12720350921154022
2026-04-30T18:50:10.810938,48,0.5190038084983826,0.166111558675766,-0.6638144254684448,0.999713659286499,0.5264908075332642,0.14113585650920868,-0.6301785111427307,0.9990551471710205,0.5321614742279053,0.1415979117155075,-0.6303992867469788,0.9991268515586853,0.5377215147018433,0.14224450290203094,-0.6307105422019958,0.9987297058105469,0.5070928335189819,0.14136426150798798,-0.637005090713501,0.9992678761482239,0.4991592466831207,0.14212313294410706,-0.6371389627456665,0.9993295669555664,0.4922958016395569,0.14317186176776886,-0.6372054815292358,0.999059796333313,0.5432501435279846,0.1565382480621338,-0.41457897424697876,0.9991738200187683,0.4811468720436096,0.15833690762519836,-0.4481576085090637,0.9992163777351379,0.5317058563232422,0.194954052567482,-0.5825515389442444,0.9994709491729736,0.5056264996528625,0.19143201410770416,-0.5913587212562561,0.9994461536407471,0.6134461164474487,0.30731871724128723,-0.29556339979171753,0.9995233416557312,0.4096433222293854,0.3134407103061676,-0.30313631892204285,0.9985116720199585,0.7549797296524048,0.35966333746910095,-0.29593369364738464,0.9862575531005859,0.261758953332901,0.36794522404670715,-0.3099600374698639,0.9956028461456299,0.9144406318664551,0.35501718521118164,-0.5022205114364624,0.9839315414428711,0.11409096419811249,0.35948020219802856,-0.5138031244277954,0.9836709499359131,0.9577306509017944,0.36285942792892456,-0.5496253967285156,0.9731191396713257,0.06393440067768097,0.3573755919933319,-0.5487693548202515,0.9588356614112854,0.9640461206436157,0.35700327157974243,-0.62203049659729,0.9760327935218811,0.05989116430282593,0.3522140681743622,-0.636294960975647,0.9678859710693359,0.9519913792610168,0.3560940623283386,-0.5430561900138855,0.9776610136032104,0.07725498080253601,0.3546046316623688,-0.5599476099014282,0.9716655015945435,0.567649781703949,0.722008466720581,-0.009374682791531086,0.9740089178085327,0.4575185179710388,0.7294081449508667,0.009876741096377373,0.9645693898200989,0.5711334347724915,0.9760518670082092,-0.1360866278409958,0.6800040006637573,0.4457746148109436,1.000064492225647,-0.043551377952098846,0.6809399724006653,0.5804745554924011,1.238356113433838,0.2063378542661667,0.18814535439014435,0.42799776792526245,1.258138656616211,0.233766108751297,0.21578992903232574,0.575128436088562,1.266237735748291,0.23111450672149658,0.21579483151435852,0.4314795136451721,1.2873871326446533,0.2506335973739624,0.16654342412948608,0.592356264591217,1.3139077425003052,0.02297695353627205,0.14620845019817352,0.4296661913394928,1.336519718170166,0.027407106012105942,0.1289665848016739
2026-04-30T18:50:10.920276,49,0.5188800692558289,0.16611267626285553,-0.6244609951972961,0.9997158646583557,0.5264933705329895,0.14114679396152496,-0.587990939617157,0.9990556240081787,0.5321752429008484,0.14160887897014618,-0.588236391544342,0.9991418719291687,0.5377508997917175,0.14225788414478302,-0.5885133147239685,0.9987730979919434,0.5070642828941345,0.14136949181556702,-0.5958679914474487,0.9992480278015137,0.4991231858730316,0.14212508499622345,-0.5959954261779785,0.9993090629577637,0.4922696650028229,0.14317138493061066,-0.5960754156112671,0.9990194439888,0.5432844161987305,0.15662577748298645,-0.37860316038131714,0.9991887211799622,0.48111075162887573,0.15833702683448792,-0.41891542077064514,0.9991695880889893,0.5315626859664917,0.1949445903301239,-0.5477539300918579,0.9994732141494751,0.5053262710571289,0.19143277406692505,-0.5586138367652893,0.9994246959686279,0.6134190559387207,0.31153830885887146,-0.27914342284202576,0.9995526671409607,0.4095557630062103,0.3144432008266449,-0.29997384548187256,0.9985100626945496,0.7492364645004272,0.3794559836387634,-0.2861449122428894,0.9875370860099792,0.26180917024612427,0.37698936462402344,-0.3022283911705017,0.9954889416694641,0.8985003232955933,0.39849063754081726,-0.480173259973526,0.9852951765060425,0.11454825103282928,0.38409754633903503,-0.5050985217094421,0.9832847118377686,0.9506390690803528,0.4139169454574585,-0.5239567756652832,0.9748029708862305,0.06465993821620941,0.38607093691825867,-0.5406104326248169,0.9579572081565857,0.9568405151367188,0.4081052839756012,-0.5949609875679016,0.9776533842086792,0.0607328824698925,0.3829764425754547,-0.6262482404708862,0.967333972454071,0.9376187324523926,0.40427377820014954,-0.520005464553833,0.9792537689208984,0.07813017070293427,0.3856874108314514,-0.5504191517829895,0.9713935256004333,0.5675090551376343,0.7215508818626404,-0.007300468627363443,0.972715437412262,0.45737895369529724,0.7291051745414734,0.007835629396140575,0.9628386497497559,0.5711217522621155,0.9751163721084595,-0.12839964032173157,0.6772352457046509,0.44596877694129944,1.0000669956207275,-0.04689142107963562,0.6754180192947388,0.581416666507721,1.2372130155563354,0.18700221180915833,0.18750503659248352,0.42832350730895996,1.2569087743759155,0.21952876448631287,0.2138245552778244,0.576242208480835,1.2658377885818481,0.20692069828510284,0.21629011631011963,0.4316352903842926,1.28630793094635,0.2356835901737213,0.16651003062725067,0.594886064529419,1.311543345451355,0.011727876029908657,0.14692381024360657,0.42969053983688354,1.3346694707870483,0.018596166744828224,0.12873758375644684
2026-04-30T18:50:11.027948,50,0.5179725885391235,0.16615524888038635,-0.6244097352027893,0.999724805355072,0.5261456966400146,0.14121350646018982,-0.5886933207511902,0.9990848898887634,0.5319164991378784,0.14163605868816376,-0.5889393091201782,0.9991741180419922,0.5375418066978455,0.14226743578910828,-0.5892348885536194,0.9988378882408142,0.5066418051719666,0.1415727138519287,-0.5963258743286133,0.999257504940033,0.4988327920436859,0.14233480393886566,-0.596450686454773,0.9993126392364502,0.4921550750732422,0.14333732426166534,-0.5965322852134705,0.9990276098251343,0.5432814359664917,0.1566162258386612,-0.38262197375297546,0.9992238283157349,0.4811471402645111,0.15833891928195953,-0.4183194637298584,0.9991651773452759,0.5310046672821045,0.19491362571716309,-0.5478026270866394,0.9994969367980957,0.5046376585960388,0.1914282590150833,-0.5574516654014587,0.9994340538978577,0.613390326499939,0.31703245639801025,-0.2756945490837097,0.9995867013931274,0.4103221297264099,0.3154330849647522,-0.29812440276145935,0.9986025094985962,0.7403090000152588,0.40890249609947205,-0.24414069950580597,0.9886370301246643,0.27378135919570923,0.4035288691520691,-0.2814808487892151,0.9956019520759583,0.8804985880851746,0.4673662781715393,-0.45254069566726685,0.986428439617157,0.12414582818746567,0.4360186457633972,-0.47556501626968384,0.9835832118988037,0.9303134083747864,0.4913475215435028,-0.49424871802330017,0.9760162234306335,0.07586918771266937,0.4490945637226105,-0.509074330329895,0.9582468271255493,0.9358040690422058,0.48634859919548035,-0.5684713125228882,0.9789040088653564,0.07144193351268768,0.44577452540397644,-0.5977155566215515,0.9676200747489929,0.915311336517334,0.4804774820804596,-0.4921257495880127,0.9804842472076416,0.09009511023759842,0.4422966241836548,-0.5213519930839539,0.9716479778289795,0.5675024390220642,0.7198059558868408,-0.003930996172130108,0.9713913202285767,0.45737940073013306,0.7269315719604492,0.004542286973446608,0.9620974063873291,0.5711603760719299,0.9746243357658386,-0.09454377740621567,0.6714571714401245,0.4463229179382324,0.9993184804916382,-0.046667881309986115,0.6760442852973938,0.5794423818588257,1.2369955778121948,0.19220755994319916,0.18706826865673065,0.42763012647628784,1.2556350231170654,0.20096054673194885,0.2122877687215805,0.5736831426620483,1.2658771276474,0.20971131324768066,0.2146720588207245,0.43033796548843384,1.285546064376831,0.21442584693431854,0.16317833960056305,0.5929833650588989,1.3114126920700073,0.010647582821547985,0.14512819051742554,0.42807620763778687,1.3346961736679077,-0.009050058200955391,0.1283082515001297
2026-04-30T18:50:11.138382,51,0.5179709792137146,0.16991694271564484,-0.5037427544593811,0.9997506737709045,0.5261542201042175,0.14384904503822327,-0.4752732813358307,0.9991719126701355,0.5319281220436096,0.14388364553451538,-0.4754459857940674,0.9992523789405823,0.5375587344169617,0.1441095918416977,-0.47559279203414917,0.9989493489265442,0.5066462755203247,0.1445000171661377,-0.4784739911556244,0.9993276000022888,0.4988352358341217,0.1449839323759079,-0.47857433557510376,0.9993772506713867,0.4921608567237854,0.1455838531255722,-0.47865352034568787,0.9991198182106018,0.5432910919189453,0.1571546196937561,-0.29174113273620605,0.9992972612380981,0.48113879561424255,0.15899039804935455,-0.31122979521751404,0.9992441534996033,0.5307230949401855,0.19690774381160736,-0.4354941248893738,0.9995452165603638,0.5045682191848755,0.19357162714004517,-0.440155029296875,0.9994882345199585,0.6102547645568848,0.31963011622428894,-0.18439587950706482,0.9996244311332703,0.41324877738952637,0.31652918457984924,-0.20167545974254608,0.9987354874610901,0.7092046737670898,0.4486502707004547,-0.11890510469675064,0.9895800352096558,0.30003902316093445,0.4469124376773834,-0.16709965467453003,0.9957777857780457,0.8294887542724609,0.5712043642997742,-0.31327658891677856,0.9874648451805115,0.1662358045578003,0.5229675769805908,-0.3433481752872467,0.9844362139701843,0.8736522793769836,0.6154252290725708,-0.3563184440135956,0.9773821830749512,0.12330502271652222,0.5529575347900391,-0.38088247179985046,0.9603764414787292,0.8745150566101074,0.6175835728645325,-0.42641934752464294,0.9801962375640869,0.12149854749441147,0.5511782765388489,-0.4660972058773041,0.9692493081092834,0.857624888420105,0.6058914065361023,-0.349780797958374,0.9817067980766296,0.13451454043388367,0.5431855320930481,-0.38678547739982605,0.9730665683746338,0.5672993659973145,0.7164455056190491,0.0002141832810593769,0.9729867577552795,0.4574657082557678,0.7226999998092651,0.00044512306340038776,0.9648597240447998,0.5711656808853149,0.9728766679763794,-0.04041623696684837,0.6777780652046204,0.4463346004486084,0.9937633872032166,-0.019933084025979042,0.6876527667045593,0.5798324346542358,1.2159092426300049,0.2282097041606903,0.19086885452270508,0.4275591969490051,1.238608956336975,0.2103637456893921,0.2196924090385437,0.5744067430496216,1.244180679321289,0.24401970207691193,0.21745705604553223,0.4301813244819641,1.2675937414169312,0.22517940402030945,0.1642332226037979,0.5936567783355713,1.2981504201889038,0.07653025537729263,0.145415261387825,0.4273788034915924,1.3278542757034302,-0.0012981349136680365,0.1310310661792755
2026-04-30T18:50:11.250892,52,0.5164405107498169,0.17020577192306519,-0.47072213888168335,0.9997742772102356,0.5255500078201294,0.14405257999897003,-0.4491892457008362,0.9992517232894897,0.5314071774482727,0.14401528239250183,-0.44931674003601074,0.999324381351471,0.5371124744415283,0.14418666064739227,-0.4494399130344391,0.9990512728691101,0.506440281867981,0.14471744000911713,-0.44912654161453247,0.9993918538093567,0.49882078170776367,0.14511458575725555,-0.44918084144592285,0.999436616897583,0.4922180771827698,0.1456301510334015,-0.4492936134338379,0.9992043972015381,0.5431966185569763,0.15682128071784973,-0.28544387221336365,0.9993647933006287,0.48183029890060425,0.15858419239521027,-0.2894461154937744,0.9993166923522949,0.528797447681427,0.19687432050704956,-0.40806737542152405,0.9995896220207214,0.5036975741386414,0.19353869557380676,-0.40838250517845154,0.999538242816925,0.6091196537017822,0.32033592462539673,-0.1887018084526062,0.999660074710846,0.41683340072631836,0.31774112582206726,-0.18386270105838776,0.9988587498664856,0.6766315698623657,0.484529972076416,-0.11735372245311737,0.9903969168663025,0.33118337392807007,0.4809994399547577,-0.13780054450035095,0.9958432912826538,0.7630448341369629,0.6287685036659241,-0.285827100276947,0.988483726978302,0.2140168845653534,0.6140530109405518,-0.3020039200782776,0.9854367971420288,0.7927573919296265,0.6831063628196716,-0.3304780125617981,0.9789522290229797,0.17487378418445587,0.660917341709137,-0.34158220887184143,0.9630748629570007,0.7897869944572449,0.6834312081336975,-0.39953598380088806,0.981620728969574,0.1740601658821106,0.6624205112457275,-0.42778128385543823,0.9713252186775208,0.7782515287399292,0.6637693047523499,-0.31913453340530396,0.982986569404602,0.18743225932121277,0.6493872404098511,-0.34455591440200806,0.9748101830482483,0.5658615827560425,0.7158330678939819,0.00394361512735486,0.9752247929573059,0.45689353346824646,0.7221772074699402,-0.0034345462918281555,0.9679867625236511,0.5706220865249634,0.9724439978599548,-0.036799393594264984,0.6848395466804504,0.446514368057251,0.9907569289207458,-0.02116958051919937,0.6978605389595032,0.5806270837783813,1.2149709463119507,0.2696950137615204,0.1907912939786911,0.42830294370651245,1.2299515008926392,0.22660771012306213,0.21892550587654114,0.5756007432937622,1.2426340579986572,0.2921135723590851,0.21362394094467163,0.4304288327693939,1.256723165512085,0.24774642288684845,0.15915660560131073,0.5937162637710571,1.2996654510498047,0.13463346660137177,0.14209243655204773,0.43021291494369507,1.3212860822677612,0.05812160298228264,0.12818296253681183
2026-04-30T18:50:11.360560,53,0.5144790410995483,0.17067019641399384,-0.41984185576438904,0.999795138835907,0.5249664187431335,0.144155815243721,-0.3986571431159973,0.9993234872817993,0.5309250354766846,0.14409732818603516,-0.39879342913627625,0.9993889927864075,0.5367172360420227,0.14424973726272583,-0.3989335000514984,0.9991429448127747,0.5054299235343933,0.14475569128990173,-0.4001145362854004,0.9994495511054993,0.4980209469795227,0.14511612057685852,-0.4000663757324219,0.9994897842407227,0.4916223883628845,0.14561496675014496,-0.40016669034957886,0.9992803931236267,0.5431379079818726,0.1564093977212906,-0.23569688200950623,0.9994252324104309,0.4816829562187195,0.15796738862991333,-0.24390451610088348,0.9993822574615479,0.5270279049873352,0.1968717724084854,-0.356090247631073,0.9996293783187866,0.5013922452926636,0.19362854957580566,-0.3580247461795807,0.9995830059051514,0.6065791845321655,0.32006895542144775,-0.1316898912191391,0.9996907711029053,0.41971808671951294,0.31800857186317444,-0.14847543835639954,0.998968780040741,0.6453113555908203,0.5015691518783569,-0.0379955992102623,0.9907517433166504,0.3615776300430298,0.5070204734802246,-0.09860876202583313,0.9957099556922913,0.6982998251914978,0.6674373149871826,-0.18749241530895233,0.9890082478523254,0.2832275927066803,0.6609295010566711,-0.2558462917804718,0.9860410094261169,0.7161272764205933,0.7277819514274597,-0.23578134179115295,0.9796116948127747,0.2555907368659973,0.7120271325111389,-0.3020555377006531,0.9650107622146606,0.7097837924957275,0.7307385802268982,-0.3021591305732727,0.9822518229484558,0.25776129961013794,0.7137656807899475,-0.38186198472976685,0.9727383255958557,0.7019580602645874,0.7137548327445984,-0.21875183284282684,0.983487069606781,0.2688431441783905,0.6985290050506592,-0.29443901777267456,0.9759036302566528,0.565545916557312,0.7124471068382263,0.008396631106734276,0.9775086641311646,0.4561694264411926,0.7186891436576843,-0.007907385006546974,0.9710228443145752,0.5699546933174133,0.970805823802948,-0.0196283757686615,0.6949213743209839,0.4469169080257416,0.9855871200561523,-0.018802303820848465,0.7085071802139282,0.5866765379905701,1.2164491415023804,0.292925089597702,0.1871126890182495,0.42853403091430664,1.2260106801986694,0.24108752608299255,0.21446625888347626,0.5822400450706482,1.2443941831588745,0.3160514831542969,0.2045450210571289,0.4304024279117584,1.2533862590789795,0.2630733847618103,0.1509300321340561,0.5959724187850952,1.3008477687835693,0.148834228515625,0.135414719581604,0.4315815567970276,1.3149996995925903,0.07049231231212616,0.12237170338630676
2026-04-30T18:50:11.466948,54,0.514447808265686,0.167724147439003,-0.4924153685569763,0.9998130202293396,0.524973452091217,0.14158309996128082,-0.46633467078208923,0.999386191368103,0.5309330224990845,0.141625314950943,-0.4665009081363678,0.9994454383850098,0.5367255806922913,0.141849547624588,-0.46668973565101624,0.9992235898971558,0.5055118799209595,0.14161226153373718,-0.4691482484340668,0.9994987845420837,0.4981490671634674,0.14168782532215118,-0.46918439865112305,0.9995350241661072,0.49173417687416077,0.14197415113449097,-0.46928200125694275,0.9993454217910767,0.543026864528656,0.15309244394302368,-0.28279954195022583,0.9994772672653198,0.4816809296607971,0.1539641171693802,-0.2982909381389618,0.9994376301765442,0.5265604257583618,0.19336317479610443,-0.4219916760921478,0.9996647834777832,0.5010636448860168,0.1909695416688919,-0.4259123206138611,0.9996227025985718,0.6041259169578552,0.3205302953720093,-0.15620824694633484,0.9997171759605408,0.4219532012939453,0.31778016686439514,-0.1852256953716278,0.9990642666816711,0.6301409602165222,0.518227756023407,-0.03873562440276146,0.9910085201263428,0.3858727812767029,0.5141571760177612,-0.12469649314880371,0.9954004883766174,0.6585129499435425,0.6975868940353394,-0.20283596217632294,0.9894492626190186,0.3329578936100006,0.6902447938919067,-0.28593504428863525,0.9860586524009705,0.6674286723136902,0.7590311169624329,-0.25826433300971985,0.9801456928253174,0.3198842406272888,0.7464796304702759,-0.33890587091445923,0.9657418727874756,0.6591615676879883,0.759074866771698,-0.32768309116363525,0.9827386736869812,0.3243097960948944,0.747634768486023,-0.4146827757358551,0.9730876088142395,0.6519306302070618,0.7451293468475342,-0.23455491662025452,0.9837243556976318,0.33264386653900146,0.7341185808181763,-0.3214399814605713,0.9758625030517578,0.5649540424346924,0.7062100172042847,0.01364166010171175,0.9795769453048706,0.45608431100845337,0.7106443047523499,-0.01319442130625248,0.9737610816955566,0.56992506980896,0.9676892161369324,-0.015530869364738464,0.7043505907058716,0.44768157601356506,0.9823752641677856,-0.03210649639368057,0.7185941934585571,0.5868663787841797,1.2048810720443726,0.3773943781852722,0.1876053512096405,0.42933622002601624,1.2159403562545776,0.2677537500858307,0.21725967526435852,0.5820427536964417,1.2315118312835693,0.40780767798423767,0.19910426437854767,0.4304133355617523,1.2434130907058716,0.29267579317092896,0.14609722793102264,0.5959147810935974,1.293526291847229,0.22612325847148895,0.13277684152126312,0.43403950333595276,1.302419900894165,0.07394446432590485,0.12188519537448883
2026-04-30T18:50:11.573801,55,0.5144610404968262,0.16206783056259155,-0.3675384819507599,0.9998190402984619,0.5249050855636597,0.13780443370342255,-0.3393796682357788,0.999422013759613,0.5307965874671936,0.13790224492549896,-0.3395492434501648,0.9994771480560303,0.5364760160446167,0.13813243806362152,-0.3396805226802826,0.9992766380310059,0.5055182576179504,0.13779309391975403,-0.3456466495990753,0.9995195269584656,0.4981837272644043,0.13791924715042114,-0.34568196535110474,0.9995524287223816,0.4918089509010315,0.13825054466724396,-0.34586963057518005,0.9993780255317688,0.5415106415748596,0.1488851010799408,-0.15986767411231995,0.9994960427284241,0.48140090703964233,0.15067441761493683,-0.18978212773799896,0.9994587898254395,0.525910496711731,0.18620461225509644,-0.29868897795677185,0.999688446521759,0.5009099245071411,0.18494254350662231,-0.3071828782558441,0.9996481537818909,0.599730372428894,0.3203558325767517,-0.04844392091035843,0.9997333884239197,0.42152708768844604,0.3172195255756378,-0.11830829083919525,0.999139130115509,0.6075453162193298,0.5127331614494324,0.05680666118860245,0.9894292950630188,0.39612236618995667,0.5183727145195007,-0.07373762130737305,0.9946773648262024,0.6258606314659119,0.690326452255249,-0.09490035474300385,0.9886574745178223,0.37482351064682007,0.6970518231391907,-0.20379993319511414,0.985000491142273,0.634972095489502,0.7551363706588745,-0.14420045912265778,0.9788395166397095,0.3667205572128296,0.7578721642494202,-0.25471407175064087,0.9646898508071899,0.6266897916793823,0.7537739872932434,-0.20626941323280334,0.9815270900726318,0.37766772508621216,0.7570995092391968,-0.3142351508140564,0.9717583656311035,0.6200553774833679,0.739268958568573,-0.12273284047842026,0.9820864200592041,0.38295456767082214,0.7424699068069458,-0.23101110756397247,0.9740279316902161,0.5638311505317688,0.7044556736946106,0.016581665724515915,0.9814526438713074,0.45421895384788513,0.7100094556808472,-0.016175154596567154,0.9762377142906189,0.5697901844978333,0.9654159545898438,-0.036127861589193344,0.7111287117004395,0.4469269812107086,0.9813070893287659,-0.04398993030190468,0.7197778224945068,0.5866510272026062,1.1941581964492798,0.37297096848487854,0.18588607013225555,0.429948091506958,1.205297827720642,0.27376654744148254,0.2171350121498108,0.5814566612243652,1.218052625656128,0.40731868147850037,0.19242088496685028,0.43050551414489746,1.2333484888076782,0.3003155589103699,0.14050856232643127,0.5947723984718323,1.2878550291061401,0.24009275436401367,0.1300402581691742,0.435048907995224,1.2897053956985474,0.09084144234657288,0.12150189280509949
2026-04-30T18:50:11.678435,56,0.5129343271255493,0.15689833462238312,-0.3992486596107483,0.9998217821121216,0.5228082537651062,0.13383813202381134,-0.37117546796798706,0.9994493126869202,0.5286409258842468,0.13396449387073517,-0.3713464140892029,0.9994996190071106,0.5340849161148071,0.13420824706554413,-0.37146151065826416,0.9993184804916382,0.5037983655929565,0.13428761065006256,-0.37461942434310913,0.9995359182357788,0.49691542983055115,0.13470903038978577,-0.37464219331741333,0.9995648860931396,0.4907298982143402,0.13535693287849426,-0.37480631470680237,0.9994061589241028,0.5380905866622925,0.14495749771595,-0.19643117487430573,0.9995001554489136,0.47912317514419556,0.14827749133110046,-0.21397654712200165,0.9994744658470154,0.5241076350212097,0.1810690313577652,-0.33338186144828796,0.9997079372406006,0.49914494156837463,0.1808171570301056,-0.33813753724098206,0.9996717572212219,0.5965884327888489,0.3202892541885376,-0.09744353592395782,0.9997375011444092,0.42010894417762756,0.31713828444480896,-0.1444874107837677,0.9992004632949829,0.5978313684463501,0.5198541879653931,-0.017784560099244118,0.9872311949729919,0.39883843064308167,0.5246480703353882,-0.11987008154392242,0.9940292239189148,0.6100494265556335,0.7061454057693481,-0.16529297828674316,0.9865505695343018,0.3880360424518585,0.7139454483985901,-0.2558530569076538,0.9826611876487732,0.6178525686264038,0.7684853076934814,-0.21827760338783264,0.9755199551582336,0.3864770829677582,0.771350622177124,-0.3079543709754944,0.9612876772880554,0.6092187166213989,0.7664617896080017,-0.273934930562973,0.9783915281295776,0.39901071786880493,0.7685453295707703,-0.35955625772476196,0.9682341814041138,0.6035176515579224,0.7509312033653259,-0.1909053474664688,0.978583574295044,0.4032836854457855,0.7511762380599976,-0.2801206707954407,0.9702391624450684,0.5613383054733276,0.7048640847206116,0.015217481181025505,0.9830965399742126,0.45159706473350525,0.7107351422309875,-0.014779627323150635,0.978448212146759,0.5690155029296875,0.9647471308708191,-0.011583824642002583,0.7171288728713989,0.4463716149330139,0.977547287940979,-0.01296229474246502,0.7241004705429077,0.5860575437545776,1.175584316253662,0.4105605483055115,0.1871880441904068,0.4341643452644348,1.191245436668396,0.2940993010997772,0.2236051857471466,0.5812169909477234,1.1984502077102661,0.44615715742111206,0.19042180478572845,0.4354962408542633,1.220516324043274,0.31964948773384094,0.1405174434185028,0.5940336585044861,1.2690199613571167,0.29474788904190063,0.12908905744552612,0.43624597787857056,1.2732293605804443,0.12052229791879654,0.1236022487282753
2026-04-30T18:50:11.788941,57,0.5129105448722839,0.15351055562496185,-0.3836347460746765,0.9998129606246948,0.5221032500267029,0.13067492842674255,-0.35458630323410034,0.9994531273841858,0.5276442766189575,0.13080312311649323,-0.3547746241092682,0.9995002150535583,0.532733678817749,0.13114295899868011,-0.3549131751060486,0.9993366599082947,0.5036285519599915,0.13097281754016876,-0.3608000874519348,0.9995288848876953,0.4968179762363434,0.13133768737316132,-0.36082297563552856,0.9995551705360413,0.4906444549560547,0.1320396512746811,-0.3610214293003082,0.9994103908538818,0.5342142581939697,0.14162196218967438,-0.17668034136295319,0.9994715452194214,0.47772669792175293,0.14488466084003448,-0.20575544238090515,0.9994676113128662,0.5230405926704407,0.17628704011440277,-0.31629064679145813,0.9997181296348572,0.4986860752105713,0.1761690080165863,-0.32444077730178833,0.9996857047080994,0.5918856859207153,0.3195081055164337,-0.07683086395263672,0.9997379183769226,0.41532427072525024,0.31709519028663635,-0.14277499914169312,0.9992479085922241,0.5938969850540161,0.5135727524757385,0.0007115197367966175,0.9840253591537476,0.3929362893104553,0.5308957695960999,-0.11957559734582901,0.9934725165367126,0.601414144039154,0.69569331407547,-0.16178016364574432,0.9837114214897156,0.3847220540046692,0.7203289866447449,-0.24610598385334015,0.9807766079902649,0.6063994765281677,0.7600231170654297,-0.2185106724500656,0.9712762236595154,0.3854120671749115,0.7753502726554871,-0.30016154050827026,0.9586020112037659,0.5974209904670715,0.7566869854927063,-0.27339741587638855,0.9745028614997864,0.39854711294174194,0.77369624376297,-0.34973299503326416,0.9654706716537476,0.5913385152816772,0.739396333694458,-0.1875801533460617,0.9742507934570312,0.4017929434776306,0.7557097673416138,-0.2689097225666046,0.967100203037262,0.5596929788589478,0.7052685022354126,0.016262801364064217,0.9845421314239502,0.44872093200683594,0.7109459042549133,-0.015821190550923347,0.980398952960968,0.5668653845787048,0.9633644223213196,-0.02588944137096405,0.718244731426239,0.4446372389793396,0.9748575091362,-0.020473724231123924,0.7210129499435425,0.5814709067344666,1.179126262664795,0.4092162251472473,0.18358194828033447,0.43403592705726624,1.191738486289978,0.2872490882873535,0.22208189964294434,0.5761826634407043,1.202185869216919,0.44645237922668457,0.1844787299633026,0.4353349804878235,1.2206529378890991,0.31312721967697144,0.13568536937236786,0.589128851890564,1.2725636959075928,0.2861577868461609,0.12537303566932678,0.4373873174190521,1.2754054069519043,0.10647225379943848,0.121906578540802
2026-04-30T18:50:11.907201,58,0.5099344253540039,0.147515207529068,-0.4256388247013092,0.9997918605804443,0.5178449749946594,0.12524083256721497,-0.395776629447937,0.9994332790374756,0.5234621167182922,0.12542515993118286,-0.39597561955451965,0.9994805455207825,0.5285090208053589,0.1260046660900116,-0.39613398909568787,0.9993349313735962,0.49938899278640747,0.1260593682527542,-0.40169423818588257,0.9994927048683167,0.49279657006263733,0.1269288957118988,-0.4017277657985687,0.9995145797729492,0.4862799644470215,0.12818382680416107,-0.4019128382205963,0.999378502368927,0.5293921232223511,0.13834214210510254,-0.2081889808177948,0.9994252324104309,0.47193846106529236,0.14288510382175446,-0.23687049746513367,0.9994150996208191,0.5200808048248291,0.17246882617473602,-0.3549334704875946,0.999719500541687,0.4950218200683594,0.1728915572166443,-0.36276957392692566,0.9996861219406128,0.5852668285369873,0.3176669776439667,-0.09923799335956573,0.9997364282608032,0.4076773524284363,0.3170313537120819,-0.15630558133125305,0.9992737174034119,0.590271532535553,0.5143809914588928,-0.01839228719472885,0.9823920130729675,0.38630181550979614,0.5278080701828003,-0.1260126531124115,0.9922778606414795,0.5956794619560242,0.7067762613296509,-0.19079798460006714,0.9812424778938293,0.3774396479129791,0.7167288661003113,-0.2641572952270508,0.9763554334640503,0.6013616323471069,0.7685038447380066,-0.2489432990550995,0.9672864675521851,0.37984707951545715,0.7717578411102295,-0.3185839354991913,0.9520472884178162,0.5915789604187012,0.7654311060905457,-0.3078368306159973,0.9709179401397705,0.39215248823165894,0.7701908946037292,-0.37476295232772827,0.9592837691307068,0.5849632024765015,0.749454915523529,-0.21838517487049103,0.9702801704406738,0.3938068747520447,0.7516790628433228,-0.28995952010154724,0.9605081677436829,0.554467499256134,0.7053385972976685,0.01586775667965412,0.9857391119003296,0.44243812561035156,0.7110815048217773,-0.015399424359202385,0.9820395112037659,0.562532901763916,0.96341472864151,-0.02920408546924591,0.7128784656524658,0.43929189443588257,0.973581075668335,-0.039508651942014694,0.7152690291404724,0.5780869126319885,1.184876799583435,0.38835543394088745,0.17665939033031464,0.433027446269989,1.1973049640655518,0.28584668040275574,0.2171354442834854,0.5728702545166016,1.2090423107147217,0.4231955111026764,0.1758088767528534,0.4340851306915283,1.2267330884933472,0.3101480007171631,0.13008016347885132,0.5860103368759155,1.2761585712432861,0.2483556717634201,0.11973074078559875,0.43733078241348267,1.2802129983901978,0.0834425538778305,0.11831377446651459
2026-04-30T18:50:12.015445,59,0.5058460235595703,0.1487116664648056,-0.39462119340896606,0.9997607469558716,0.5124329328536987,0.12598516047000885,-0.36625954508781433,0.9993932843208313,0.517419695854187,0.1261790692806244,-0.36647167801856995,0.9994385242462158,0.5219353437423706,0.12674468755722046,-0.3666495680809021,0.9993109107017517,0.4951680600643158,0.12665514647960663,-0.3725334107875824,0.9994412064552307,0.48864611983299255,0.12740443646907806,-0.37256988883018494,0.999456524848938,0.4820346236228943,0.12849289178848267,-0.372783899307251,0.9993334412574768,0.5203958749771118,0.13885563611984253,-0.18616460263729095,0.9993547201156616,0.4664461612701416,0.14295127987861633,-0.21479177474975586,0.999354898929596,0.5136491060256958,0.1737578958272934,-0.3258048892021179,0.9997137784957886,0.48954859375953674,0.17388007044792175,-0.33398061990737915,0.9996792674064636,0.5777978301048279,0.31691911816596985,-0.08552126586437225,0.9997289180755615,0.3993931710720062,0.3169969320297241,-0.14280246198177338,0.9993079304695129,0.5805652737617493,0.5146793723106384,-0.004500441253185272,0.9797313213348389,0.3790666162967682,0.5264261960983276,-0.11211054027080536,0.9916613101959229,0.5871423482894897,0.709292471408844,-0.16901829838752747,0.9781028032302856,0.3680599629878998,0.7093955278396606,-0.23978905379772186,0.9749020338058472,0.5902784466743469,0.769209086894989,-0.2260931432247162,0.9627758264541626,0.37091392278671265,0.7663297057151794,-0.2936137318611145,0.9500989317893982,0.5825815796852112,0.7674149870872498,-0.2828224003314972,0.9667457342147827,0.38460034132003784,0.7633260488510132,-0.3464973568916321,0.9572333097457886,0.5773013830184937,0.7510883808135986,-0.19537371397018433,0.9658516049385071,0.38672956824302673,0.7454828023910522,-0.2640312612056732,0.958042323589325,0.5486557483673096,0.7073729634284973,0.015736743807792664,0.9869112968444824,0.4360721707344055,0.7112481594085693,-0.015294129960238934,0.9836245179176331,0.5565305948257446,0.9636457562446594,-0.033373646438121796,0.7045577168464661,0.43250054121017456,0.9723614454269409,-0.032191306352615356,0.7045389413833618,0.5703497529029846,1.1873992681503296,0.40112772583961487,0.16817116737365723,0.4268990457057953,1.1996835470199585,0.2953313887119293,0.2094440460205078,0.5657953023910522,1.2116637229919434,0.4380475878715515,0.1669377237558365,0.4284268319606781,1.2296048402786255,0.32172536849975586,0.12416084855794907,0.5775290131568909,1.2782918214797974,0.2725061774253845,0.11364259570837021,0.42927128076553345,1.2815073728561401,0.10733063519001007,0.1137881800532341
2026-04-30T18:50:12.120245,60,0.501510500907898,0.1429697871208191,-0.4023109972476959,0.9997408986091614,0.5059887170791626,0.1211376041173935,-0.37302348017692566,0.9993718266487122,0.5105205178260803,0.1213456392288208,-0.37322714924812317,0.9994145035743713,0.5146660804748535,0.12194936722517014,-0.373393177986145,0.9993011951446533,0.4898988604545593,0.12228916585445404,-0.37926116585731506,0.9994123578071594,0.4835135042667389,0.12330898642539978,-0.3792995810508728,0.999423623085022,0.4770069122314453,0.12473105639219284,-0.3795079290866852,0.9993118047714233,0.5118332505226135,0.13591930270195007,-0.19232326745986938,0.9993095397949219,0.46204477548599243,0.14099028706550598,-0.22056350111961365,0.9993174076080322,0.5079342126846313,0.16880658268928528,-0.3338978886604309,0.9997138977050781,0.4854796826839447,0.17030039429664612,-0.34193289279937744,0.9996789693832397,0.5735275745391846,0.3163263201713562,-0.09228120744228363,0.9997166991233826,0.39275556802749634,0.31667858362197876,-0.14667165279388428,0.9993416666984558,0.5761098861694336,0.5136749744415283,-0.012493569403886795,0.9771426320075989,0.3749445974826813,0.5264758467674255,-0.112812839448452,0.991058349609375,0.5862365365028381,0.7034401297569275,-0.18311060965061188,0.9744289517402649,0.36237338185310364,0.7028511166572571,-0.24700817465782166,0.9737657308578491,0.5897427797317505,0.764731764793396,-0.24040210247039795,0.9575064778327942,0.36547091603279114,0.7616998553276062,-0.3018999397754669,0.9488276243209839,0.5816582441329956,0.7633100748062134,-0.2981192469596863,0.9618940949440002,0.37932178378105164,0.7585722208023071,-0.35815730690956116,0.9558473229408264,0.5763023495674133,0.7468920350074768,-0.2103840410709381,0.9607898592948914,0.381416916847229,0.7399225234985352,-0.27317672967910767,0.9562683701515198,0.5451725721359253,0.7074548006057739,0.014278063550591469,0.9879487156867981,0.4318719506263733,0.7114489674568176,-0.013846216723322868,0.9850494861602783,0.552294909954071,0.9637071490287781,-0.024667637422680855,0.6997125148773193,0.4286193251609802,0.9711325168609619,-0.01895649917423725,0.6999608278274536,0.5662387609481812,1.1882859468460083,0.41438692808151245,0.16262081265449524,0.42452114820480347,1.2004072666168213,0.3115081489086151,0.20577426254749298,0.5612325668334961,1.2127772569656372,0.4507247805595398,0.16096344590187073,0.4267183244228363,1.230890154838562,0.3382377028465271,0.12082161009311676,0.5745335817337036,1.279270052909851,0.282334566116333,0.10962244123220444,0.42510613799095154,1.2812819480895996,0.12474898993968964,0.11140812188386917
2026-04-30T18:50:12.237258,61,0.49590373039245605,0.14029711484909058,-0.3922439515590668,0.9997112154960632,0.5005205869674683,0.11839701980352402,-0.3630673885345459,0.9993367791175842,0.505172073841095,0.11862456053495407,-0.3632757067680359,0.999377429485321,0.5094903111457825,0.11921414732933044,-0.3634531795978546,0.999281108379364,0.4843704104423523,0.11961980164051056,-0.36919084191322327,0.9993669390678406,0.47800302505493164,0.12073033303022385,-0.36923205852508545,0.9993735551834106,0.4714730381965637,0.1223379522562027,-0.36944130063056946,0.9992735385894775,0.5073262453079224,0.13392795622348785,-0.18348276615142822,0.9992461800575256,0.45645326375961304,0.13962213695049286,-0.2113705426454544,0.9992694854736328,0.5027478337287903,0.16733914613723755,-0.3241509795188904,0.9997084140777588,0.4799855351448059,0.1691063940525055,-0.3321042060852051,0.9996720552444458,0.5697489380836487,0.3147810101509094,-0.08436471223831177,0.9997079372406006,0.3887994885444641,0.31608638167381287,-0.14159801602363586,0.9993625283241272,0.5749312043190002,0.5153306722640991,-0.004020229913294315,0.9750543832778931,0.37248194217681885,0.5255534648895264,-0.10672073066234589,0.9904347658157349,0.5849427580833435,0.7026895880699158,-0.1681268811225891,0.9718243479728699,0.3635184168815613,0.7049959301948547,-0.23058228194713593,0.9719545841217041,0.5893924236297607,0.7607171535491943,-0.2242635190486908,0.953841507434845,0.3687160015106201,0.7625993490219116,-0.283292680978775,0.9462730288505554,0.5806163549423218,0.7581819891929626,-0.28044167160987854,0.9585105776786804,0.382074773311615,0.7601231932640076,-0.33625414967536926,0.9533272385597229,0.574771523475647,0.7432197332382202,-0.19437341392040253,0.9572891592979431,0.3835401237010956,0.7431490421295166,-0.25517478585243225,0.953479528427124,0.5432081818580627,0.7074534893035889,0.014118733815848827,0.9889572858810425,0.43005743622779846,0.7113170623779297,-0.013693029060959816,0.9863728284835815,0.5477782487869263,0.9639996290206909,-0.025702521204948425,0.6888574361801147,0.42825818061828613,0.9674577116966248,-0.01981450989842415,0.6865119934082031,0.560641348361969,1.1871280670166016,0.4202239513397217,0.15361131727695465,0.4246892035007477,1.1983710527420044,0.31051912903785706,0.1958625763654709,0.5561423301696777,1.210702657699585,0.4582478106021881,0.15188872814178467,0.42673882842063904,1.228324055671692,0.3378216624259949,0.11391092836856842,0.5676842927932739,1.2788052558898926,0.2925735414028168,0.1034027710556984,0.42564278841018677,1.279569387435913,0.1262427270412445,0.10571970790624619
2026-04-30T18:50:12.350475,62,0.49385252594947815,0.14075641334056854,-0.3498060703277588,0.9996699690818787,0.4989657998085022,0.11833561956882477,-0.3221476674079895,0.9992706775665283,0.5039415955543518,0.11853805929422379,-0.3223380148410797,0.9993153810501099,0.5084848999977112,0.11911948025226593,-0.32247358560562134,0.9992333054542542,0.4817422926425934,0.11957439035177231,-0.3298869729042053,0.9992917776107788,0.4752109944820404,0.12073840200901031,-0.32996171712875366,0.9992982745170593,0.46858301758766174,0.12238498032093048,-0.3302115797996521,0.9992046356201172,0.5075419545173645,0.1335301548242569,-0.15000858902931213,0.9991357922554016,0.45360106229782104,0.13951493799686432,-0.18533021211624146,0.9991900324821472,0.5022004246711731,0.16768772900104523,-0.28399357199668884,0.9996875524520874,0.4783550798892975,0.16936765611171722,-0.29404211044311523,0.9996494650840759,0.569947361946106,0.3132854104042053,-0.05400869995355606,0.9996986389160156,0.3872222900390625,0.3157805800437927,-0.13042862713336945,0.9993789196014404,0.5786489248275757,0.5129104852676392,0.027064522728323936,0.9730810523033142,0.3713699281215668,0.5278836488723755,-0.10094857215881348,0.990003764629364,0.5868241190910339,0.696843683719635,-0.12848679721355438,0.9705583453178406,0.36427274346351624,0.7045168280601501,-0.21435591578483582,0.9707874655723572,0.5894657969474792,0.7573918104171753,-0.1798713505268097,0.9519967436790466,0.3691195845603943,0.7605730891227722,-0.2627483308315277,0.9446046948432922,0.5792286992073059,0.7540492415428162,-0.23391583561897278,0.9567927122116089,0.38189858198165894,0.7573786377906799,-0.31452539563179016,0.9516505002975464,0.5733389258384705,0.7390892505645752,-0.15318450331687927,0.9553965926170349,0.38285547494888306,0.7398912310600281,-0.23772720992565155,0.9515759348869324,0.5431038737297058,0.7075628042221069,0.018110794946551323,0.9897791147232056,0.43028178811073303,0.7113550901412964,-0.0177511777728796,0.9875064492225647,0.5401329398155212,0.9639395475387573,-0.026774680241942406,0.6802293658256531,0.42934679985046387,0.9677311182022095,-0.026100192219018936,0.6700602769851685,0.5488628149032593,1.1865595579147339,0.4053429663181305,0.14760680496692657,0.42759427428245544,1.199105143547058,0.3025280237197876,0.18788927793502808,0.5441559553146362,1.2097669839859009,0.4415571093559265,0.14571215212345123,0.42882800102233887,1.2284082174301147,0.33017295598983765,0.1079038605093956,0.5550010204315186,1.2785693407058716,0.277340829372406,0.09937287867069244,0.4347877502441406,1.281082272529602,0.1215514987707138,0.10173793137073517
2026-04-30T18:50:12.457088,63,0.48960208892822266,0.14166207611560822,-0.35713744163513184,0.999670684337616,0.4976997971534729,0.11891529709100723,-0.33019518852233887,0.999279797077179,0.5033479928970337,0.11900647729635239,-0.3303847908973694,0.9993227124214172,0.5083954334259033,0.11942176520824432,-0.33052557706832886,0.999249279499054,0.47930365800857544,0.12020640075206757,-0.333782821893692,0.9992966055870056,0.47299131751060486,0.12131982296705246,-0.33382904529571533,0.999301552772522,0.46676158905029297,0.12288606911897659,-0.33404284715652466,0.9992161989212036,0.5096803903579712,0.13368280231952667,-0.16301605105400085,0.9991292357444763,0.45383405685424805,0.1396922618150711,-0.18099161982536316,0.9991961121559143,0.49981802701950073,0.16826176643371582,-0.293901264667511,0.9996923804283142,0.4754546582698822,0.16946163773536682,-0.2987073063850403,0.9996570944786072,0.5712535977363586,0.3129255473613739,-0.0725310668349266,0.999696671962738,0.38945287466049194,0.31567105650901794,-0.12494339048862457,0.9994081854820251,0.5788763761520386,0.5110249519348145,0.0031392034143209457,0.9711635112762451,0.3747503161430359,0.528964638710022,-0.10090082883834839,0.9893346428871155,0.5885652303695679,0.6949132680892944,-0.15130780637264252,0.9686449766159058,0.3716569244861603,0.7146777510643005,-0.21551041305065155,0.9687187671661377,0.5913248062133789,0.755465567111969,-0.2032245397567749,0.9494144320487976,0.37494224309921265,0.7708157300949097,-0.26450100541114807,0.9415047764778137,0.5808931589126587,0.7519875764846802,-0.25670063495635986,0.95427006483078,0.3873888850212097,0.7675662636756897,-0.31403762102127075,0.9485594630241394,0.5754237771034241,0.7362524271011353,-0.1759880781173706,0.9527212977409363,0.3893522322177887,0.7499744892120361,-0.23845520615577698,0.9485337138175964,0.5427545309066772,0.7075415849685669,0.016057739034295082,0.9905928373336792,0.4312352240085602,0.711425244808197,-0.01575554721057415,0.9885885715484619,0.5397571325302124,0.9639540910720825,-0.0024501897860318422,0.6767681241035461,0.429922878742218,0.9670233130455017,0.008066127076745033,0.661196231842041,0.5482177734375,1.1784080266952515,0.413982093334198,0.14456066489219666,0.4385048747062683,1.1899946928024292,0.31889504194259644,0.18411687016487122,0.5440107583999634,1.2011383771896362,0.4495808184146881,0.14287765324115753,0.44153261184692383,1.2189818620681763,0.3452944755554199,0.1060573160648346,0.5537872910499573,1.2708513736724854,0.2994447350502014,0.09692676365375519,0.440499871969223,1.2713545560836792,0.15346920490264893,0.0999632254242897
2026-04-30T18:50:12.568011,64,0.4913405776023865,0.14145031571388245,-0.3226146399974823,0.9996857047080994,0.4991849362850189,0.11929492652416229,-0.29546886682510376,0.9993181228637695,0.5047721266746521,0.11950334906578064,-0.29564350843429565,0.9993571639060974,0.5096774697303772,0.1200089305639267,-0.29579126834869385,0.9992920160293579,0.4809752404689789,0.12022708356380463,-0.2999046742916107,0.9993317127227783,0.4745258688926697,0.12126237899065018,-0.29993000626564026,0.9993354678153992,0.46823233366012573,0.12274964153766632,-0.30011075735092163,0.9992586374282837,0.5100350975990295,0.13413909077644348,-0.1351660043001175,0.9991652965545654,0.45518678426742554,0.13960932195186615,-0.15659481287002563,0.9992378950119019,0.5013936758041382,0.16794414818286896,-0.26210254430770874,0.9997082352638245,0.4770399034023285,0.16867421567440033,-0.26810139417648315,0.9996761083602905,0.572775661945343,0.3128262162208557,-0.05656968802213669,0.9997049570083618,0.38956183195114136,0.31524360179901123,-0.11510460078716278,0.9994388222694397,0.5834458470344543,0.5109507441520691,0.017374489456415176,0.9701641798019409,0.37795764207839966,0.5268511772155762,-0.10215240716934204,0.9892181158065796,0.5927950143814087,0.6971542835235596,-0.10327304899692535,0.9683831334114075,0.3744087517261505,0.7120360136032104,-0.21006163954734802,0.9685831665992737,0.5954005718231201,0.7586028575897217,-0.14953994750976562,0.9490538239479065,0.37576824426651,0.7705243825912476,-0.2574613094329834,0.9413646459579468,0.584441065788269,0.7551276683807373,-0.19909724593162537,0.9538343548774719,0.3878430724143982,0.767541766166687,-0.30347758531570435,0.9482359290122986,0.5791753530502319,0.7389959692955017,-0.12535694241523743,0.9522366523742676,0.39057010412216187,0.7499487400054932,-0.2312462329864502,0.9481204152107239,0.5428221225738525,0.7076190114021301,0.01574576273560524,0.9914001226425171,0.4318946897983551,0.7111924886703491,-0.015437130816280842,0.9895976185798645,0.5402575731277466,0.9643113613128662,-0.028029954060912132,0.6727957725524902,0.42999333143234253,0.9674485325813293,0.004889396019279957,0.6503280401229858,0.5502537488937378,1.1801484823226929,0.3675919771194458,0.13962887227535248,0.4401167929172516,1.1897165775299072,0.29829493165016174,0.17835748195648193,0.5457831621170044,1.2032321691513062,0.4018484652042389,0.13761253654956818,0.44255000352859497,1.2184978723526,0.3244472146034241,0.10189354419708252,0.5567566156387329,1.2719074487686157,0.26718395948410034,0.0931985005736351,0.4429622292518616,1.2716988325119019,0.13566084206104279,0.09698546677827835
2026-04-30T18:50:12.681139,65,0.49203386902809143,0.14186564087867737,-0.29717573523521423,0.9997034072875977,0.4993876814842224,0.11961492896080017,-0.2725343406200409,0.999358594417572,0.5051087141036987,0.11972248554229736,-0.27268505096435547,0.9993937015533447,0.5103262662887573,0.12011705338954926,-0.27279773354530334,0.9993352890014648,0.48125576972961426,0.12051481753587723,-0.27583184838294983,0.9993709325790405,0.4746120572090149,0.12144487351179123,-0.27584439516067505,0.999374270439148,0.4685510993003845,0.12281274050474167,-0.27601784467697144,0.9993057250976562,0.512593150138855,0.13464736938476562,-0.12292961031198502,0.9992034435272217,0.4557220935821533,0.13972584903240204,-0.1395983248949051,0.9992838501930237,0.5017679333686829,0.1683214008808136,-0.24068009853363037,0.9997249245643616,0.4772111773490906,0.16863244771957397,-0.24522309005260468,0.999696671962738,0.5741282105445862,0.31283900141716003,-0.049784354865550995,0.9997134208679199,0.39355701208114624,0.3150419592857361,-0.10864605754613876,0.9994756579399109,0.5850671529769897,0.5101468563079834,0.02186574786901474,0.9691271185874939,0.38288408517837524,0.5279878377914429,-0.09961771965026855,0.9894654154777527,0.5938267707824707,0.6966451406478882,-0.0893607884645462,0.9686434268951416,0.3786369562149048,0.7140699625015259,-0.19886955618858337,0.9696648120880127,0.5967890620231628,0.7595447301864624,-0.1346050202846527,0.949482262134552,0.3775964081287384,0.7714481353759766,-0.24478204548358917,0.9433070421218872,0.5858196020126343,0.755889892578125,-0.18175847828388214,0.9541420340538025,0.3893418312072754,0.7681161761283875,-0.2887756824493408,0.9498520493507385,0.5805460214614868,0.7402011156082153,-0.11025160551071167,0.952483057975769,0.39337241649627686,0.7514435052871704,-0.21888752281665802,0.9496546387672424,0.543314516544342,0.7076743245124817,0.01621638610959053,0.9921430945396423,0.4319535195827484,0.711243212223053,-0.015940960496664047,0.9905411005020142,0.5415193438529968,0.9635096788406372,-0.027706686407327652,0.6732885837554932,0.4318816661834717,0.9676445126533508,-0.00306267780251801,0.6490426063537598,0.551387369632721,1.1809709072113037,0.3629341721534729,0.13728857040405273,0.43997782468795776,1.1898430585861206,0.26346343755722046,0.17619024217128754,0.5468240976333618,1.2044910192489624,0.396690309047699,0.13392941653728485,0.44168466329574585,1.219409704208374,0.2876095175743103,0.09847303479909897,0.5582783222198486,1.2731794118881226,0.26371681690216064,0.09099443256855011,0.44558945298194885,1.2733441591262817,0.10845063626766205,0.09541233628988266
2026-04-30T18:50:12.792123,66,0.4930163025856018,0.14200100302696228,-0.287931352853775,0.9997238516807556,0.5016297101974487,0.11989228427410126,-0.2643764913082123,0.9994044899940491,0.5074272751808167,0.12001688033342361,-0.2645241618156433,0.9994358420372009,0.5128377676010132,0.1204335018992424,-0.26462051272392273,0.9993835091590881,0.4833783209323883,0.12073979526758194,-0.26705697178840637,0.9994160532951355,0.47639960050582886,0.12158786505460739,-0.2670697569847107,0.9994188547134399,0.4697030484676361,0.12282206118106842,-0.2672255039215088,0.9993574023246765,0.515710175037384,0.13486504554748535,-0.1219194307923317,0.9992536902427673,0.45711058378219604,0.1395062506198883,-0.13618497550487518,0.9993365406990051,0.5027561783790588,0.16851916909217834,-0.23418378829956055,0.9997439384460449,0.4784863591194153,0.16883324086666107,-0.23798933625221252,0.999718964099884,0.5753920078277588,0.31284013390541077,-0.05636655539274216,0.9997261762619019,0.39675524830818176,0.3150169551372528,-0.10893139988183975,0.999511182308197,0.5873112082481384,0.510636031627655,0.01420350931584835,0.9694004654884338,0.3855675160884857,0.5299447178840637,-0.10152502357959747,0.9897454977035522,0.5960603952407837,0.7008083462715149,-0.08619076013565063,0.9697538614273071,0.38161933422088623,0.7191848158836365,-0.1973620355129242,0.9707475304603577,0.5982120633125305,0.7632492780685425,-0.129960298538208,0.9511196613311768,0.3798545002937317,0.7760614156723022,-0.2421756535768509,0.945224940776825,0.5865540504455566,0.7589505314826965,-0.17533543705940247,0.9555507898330688,0.3919833302497864,0.7731840014457703,-0.28572970628738403,0.9514591693878174,0.5817053318023682,0.7435210943222046,-0.1058354377746582,0.9539489150047302,0.39651280641555786,0.7561712265014648,-0.21720270812511444,0.9512755870819092,0.543394923210144,0.7078559994697571,0.01565762236714363,0.9928302764892578,0.4320177137851715,0.7112640142440796,-0.015427595004439354,0.9914021492004395,0.5422354340553284,0.9635683298110962,-0.010155091993510723,0.6748247742652893,0.4320172369480133,0.9672900438308716,3.3092590456362814e-05,0.6490545868873596,0.5527338981628418,1.1817933320999146,0.35873082280158997,0.1353406310081482,0.4398882985115051,1.1911468505859375,0.2593717575073242,0.17424209415912628,0.5482155084609985,1.2053285837173462,0.39050889015197754,0.1311592161655426,0.4415775239467621,1.2204123735427856,0.2821228504180908,0.09602364152669907,0.559559166431427,1.2738471031188965,0.2606889307498932,0.08900609612464905,0.4446340501308441,1.2746453285217285,0.1081041470170021,0.09380438923835754
2026-04-30T18:50:12.903923,67,0.4986575245857239,0.14312785863876343,-0.28009864687919617,0.99974125623703,0.5068002343177795,0.12080635875463486,-0.25604796409606934,0.9994431138038635,0.5122857093811035,0.12096498161554337,-0.25619587302207947,0.9994714260101318,0.5175281167030334,0.12137482315301895,-0.256294846534729,0.9994245171546936,0.4891517758369446,0.12123774737119675,-0.25950926542282104,0.9994537234306335,0.4821586608886719,0.12188240885734558,-0.2595262825489044,0.9994561076164246,0.4750942587852478,0.12292524427175522,-0.25968697667121887,0.9994009137153625,0.5196742415428162,0.13572637736797333,-0.11282376199960709,0.9992942214012146,0.4614768624305725,0.13957276940345764,-0.13047879934310913,0.9993796944618225,0.5069802403450012,0.16927470266819,-0.22585943341255188,0.9997595548629761,0.4842298626899719,0.16918323934078217,-0.23077061772346497,0.9997373819351196,0.5778722763061523,0.31311458349227905,-0.05081035941839218,0.9997372031211853,0.39987945556640625,0.3148299753665924,-0.10365400463342667,0.9995424747467041,0.5885918140411377,0.5104250311851501,0.01682683639228344,0.9696090817451477,0.3882676362991333,0.5290798544883728,-0.0965496152639389,0.9899453520774841,0.5976511836051941,0.6998001337051392,-0.08783873915672302,0.9707586169242859,0.38309818506240845,0.7167209982872009,-0.19037093222141266,0.9717527627944946,0.6004180312156677,0.7631692886352539,-0.13188394904136658,0.9526136517524719,0.38096511363983154,0.7732483744621277,-0.23478920757770538,0.947055995464325,0.5886488556861877,0.7590163350105286,-0.17808900773525238,0.9568420052528381,0.39215946197509766,0.7705860733985901,-0.27880924940109253,0.9529938101768494,0.583755612373352,0.7435128092765808,-0.10791099071502686,0.9552403092384338,0.39702409505844116,0.7539937496185303,-0.21027418971061707,0.9527533650398254,0.5434826612472534,0.7079094052314758,0.015561257489025593,0.9934350252151489,0.4323825240135193,0.7108711004257202,-0.01536590326577425,0.992164134979248,0.5426493883132935,0.9637165665626526,-0.012547413818538189,0.6752136945724487,0.43377628922462463,0.9677236676216125,-0.004007257055491209,0.6473228931427002,0.5529703497886658,1.181994080543518,0.3465924859046936,0.13362330198287964,0.43954092264175415,1.1919618844985962,0.24920706450939178,0.1726025640964508,0.5484334230422974,1.205518126487732,0.3770939111709595,0.12879729270935059,0.4410802721977234,1.2211863994598389,0.27092137932777405,0.09383084625005722,0.5597150325775146,1.2746045589447021,0.24903587996959686,0.08751387149095535,0.4440646171569824,1.275277853012085,0.09835049510002136,0.09282940626144409
2026-04-30T18:50:13.014852,68,0.5033815503120422,0.14354939758777618,-0.2914860248565674,0.9997474551200867,0.51157546043396,0.12098798900842667,-0.2589104473590851,0.9994623064994812,0.517127513885498,0.12111427634954453,-0.25904780626296997,0.9994885325431824,0.5223954916000366,0.1214740127325058,-0.25902068614959717,0.9994457364082336,0.49346837401390076,0.12129199504852295,-0.2739296853542328,0.9994696974754333,0.4861986041069031,0.12200631946325302,-0.2739331126213074,0.9994728565216064,0.47869619727134705,0.12304671853780746,-0.27414247393608093,0.9994222521781921,0.5238426923751831,0.13590042293071747,-0.12660908699035645,0.99930739402771,0.4640800356864929,0.1394498199224472,-0.1495133936405182,0.9994021058082581,0.5110958814620972,0.1696683019399643,-0.22657950222492218,0.9997690916061401,0.48840323090553284,0.1693924367427826,-0.24572980403900146,0.9997491836547852,0.5807300806045532,0.313570499420166,-0.05583846569061279,0.9997429251670837,0.40139442682266235,0.31492742896080017,-0.11672483384609222,0.9995614290237427,0.5891500115394592,0.512092649936676,0.019548449665308,0.9692431092262268,0.38942044973373413,0.5319315195083618,-0.10785561800003052,0.990089476108551,0.597550094127655,0.7023045420646667,-0.10669944435358047,0.9712868928909302,0.38304609060287476,0.7189639210700989,-0.2232077419757843,0.972487211227417,0.6009281873703003,0.7665126919746399,-0.15307781100273132,0.9533323645591736,0.38021790981292725,0.7763117551803589,-0.2749163508415222,0.9484219551086426,0.5896841287612915,0.762608528137207,-0.2022867649793625,0.957496702671051,0.3920709490776062,0.7738178372383118,-0.32188472151756287,0.9541497230529785,0.5845732092857361,0.7469448447227478,-0.12891539931297302,0.9558042883872986,0.3970783054828644,0.7568250894546509,-0.2439936101436615,0.953757643699646,0.5439416170120239,0.708570122718811,0.016953395679593086,0.9939651489257812,0.4327854514122009,0.7109062671661377,-0.0167075227946043,0.9928293824195862,0.5430479049682617,0.9646908044815063,-0.011296270415186882,0.6708959341049194,0.43471187353134155,0.9683172702789307,-0.006148773245513439,0.6396427750587463,0.55316561460495,1.1831128597259521,0.3777908384799957,0.13021765649318695,0.43831175565719604,1.19260573387146,0.26056545972824097,0.16786381602287292,0.5486767292022705,1.2063335180282593,0.41117891669273376,0.12539450824260712,0.4383757710456848,1.2218055725097656,0.28405094146728516,0.09024374186992645,0.5593248605728149,1.2750719785690308,0.2643377184867859,0.08504679054021835,0.4437965452671051,1.2758678197860718,0.09905736893415451,0.0901690348982811
2026-04-30T18:50:13.126857,69,0.5112811326980591,0.14367975294589996,-0.2961351275444031,0.9997612237930298,0.5172179341316223,0.12113773822784424,-0.26852554082870483,0.9994946718215942,0.5221649408340454,0.12130945175886154,-0.2686726748943329,0.9995185732841492,0.5267981290817261,0.12172511965036392,-0.2687382102012634,0.999480128288269,0.500045120716095,0.1212969645857811,-0.2776557505130768,0.9995003938674927,0.4924585223197937,0.12186048924922943,-0.2776683568954468,0.9995030760765076,0.4847289025783539,0.12268753349781036,-0.2778473496437073,0.9994567632675171,0.5260461568832397,0.13610030710697174,-0.12157206237316132,0.9993436932563782,0.46754997968673706,0.13886943459510803,-0.15492795407772064,0.9994377493858337,0.5171780586242676,0.16984735429286957,-0.23771271109580994,0.9997832775115967,0.49546289443969727,0.16952654719352722,-0.2500464618206024,0.9997654557228088,0.5830137133598328,0.3138035237789154,-0.05604131147265434,0.999754786491394,0.40248027443885803,0.31501200795173645,-0.11830773204565048,0.9995797276496887,0.5912426710128784,0.5128831267356873,0.016177495941519737,0.969928503036499,0.38849717378616333,0.5320567488670349,-0.11581234633922577,0.9903671741485596,0.5973302721977234,0.7041530609130859,-0.10071463882923126,0.9726982712745667,0.38231948018074036,0.7201693058013916,-0.21982207894325256,0.9733341932296753,0.6006142497062683,0.768162727355957,-0.1469154804944992,0.9553829431533813,0.3799331784248352,0.7772029042243958,-0.26729893684387207,0.9498878121376038,0.588001012802124,0.7639484405517578,-0.19365936517715454,0.9593533277511597,0.39240068197250366,0.7743575572967529,-0.3116973042488098,0.9554136991500854,0.5823466777801514,0.7484284043312073,-0.12123873084783554,0.9576920866966248,0.3971981704235077,0.7574962377548218,-0.23968663811683655,0.955010712146759,0.5447043180465698,0.7094244360923767,0.017194870859384537,0.9944616556167603,0.43291768431663513,0.7110356688499451,-0.016941340640187263,0.9934424757957458,0.5430047512054443,0.9647090435028076,-0.01308448426425457,0.670094907283783,0.43494853377342224,0.9684771299362183,-0.008323092013597488,0.6331007480621338,0.5528213977813721,1.1835131645202637,0.37424513697624207,0.1276625543832779,0.43820086121559143,1.1927512884140015,0.25748762488365173,0.16422541439533234,0.5484365820884705,1.2068370580673218,0.40745511651039124,0.12306474149227142,0.4380365312099457,1.2221720218658447,0.28082945942878723,0.08738350123167038,0.558673620223999,1.2757885456085205,0.26313552260398865,0.08306581526994705,0.44368776679039,1.2770063877105713,0.09775026142597198,0.08795583248138428
2026-04-30T18:50:13.230785,70,0.5111229419708252,0.14377689361572266,-0.2992528975009918,0.999771237373352,0.5181478261947632,0.12128616124391556,-0.2747654318809509,0.9995192885398865,0.5233855843544006,0.12147466093301773,-0.2749168574810028,0.9995406270027161,0.5283486843109131,0.12190067023038864,-0.27506327629089355,0.9995056986808777,0.5005278587341309,0.12134473025798798,-0.2833755314350128,0.9995232224464417,0.49301013350486755,0.12181389331817627,-0.2834434509277344,0.9995250105857849,0.48535600304603577,0.12253348529338837,-0.2835860252380371,0.9994827508926392,0.5294472575187683,0.13622508943080902,-0.12710241973400116,0.9993679523468018,0.4690292477607727,0.13881441950798035,-0.15933291614055634,0.9994635581970215,0.5178747177124023,0.17010650038719177,-0.24035172164440155,0.9997949600219727,0.49564847350120544,0.16956953704357147,-0.2528690695762634,0.999778687953949,0.5869014859199524,0.31503739953041077,-0.058479756116867065,0.9997614622116089,0.404693603515625,0.3152512013912201,-0.11899187415838242,0.9995930790901184,0.5939145088195801,0.5152048468589783,0.014136707410216331,0.9703138470649719,0.3886253833770752,0.5323092341423035,-0.11863380670547485,0.9905704259872437,0.5976132154464722,0.7049997448921204,-0.1082269698381424,0.9736945033073425,0.38180166482925415,0.7194045186042786,-0.23509684205055237,0.974295973777771,0.6008861064910889,0.7696483731269836,-0.15567657351493835,0.9568972587585449,0.3785597085952759,0.7762375473976135,-0.28607431054115295,0.951616644859314,0.5883091688156128,0.7654010653495789,-0.2045736014842987,0.9607164859771729,0.39122170209884644,0.7733795046806335,-0.3333015441894531,0.9569187164306641,0.5825943350791931,0.749757707118988,-0.1298944056034088,0.9590527415275574,0.396474152803421,0.7569462656974792,-0.25620704889297485,0.9564279913902283,0.5462646484375,0.7110374569892883,0.017008397728204727,0.9949067234992981,0.43422064185142517,0.7115336060523987,-0.01673409529030323,0.9939793348312378,0.5432008504867554,0.9649835228919983,-0.048100631684064865,0.6701733469963074,0.43487709760665894,0.9691274166107178,-0.0022680452093482018,0.6261622905731201,0.5531343817710876,1.1910513639450073,0.344969242811203,0.12474194169044495,0.43799328804016113,1.196182131767273,0.3106141686439514,0.15962104499340057,0.5488265752792358,1.2142952680587769,0.3779911398887634,0.12023258954286575,0.4379824101924896,1.225568175315857,0.3381618857383728,0.08481455594301224,0.5589179992675781,1.284995675086975,0.22439329326152802,0.08064289391040802,0.443532794713974,1.2807046175003052,0.14771981537342072,0.08524389564990997
2026-04-30T18:50:13.337808,71,0.5116880536079407,0.1438738852739334,-0.29944369196891785,0.9997808337211609,0.51904296875,0.12140168249607086,-0.2734420597553253,0.9995434880256653,0.5242623090744019,0.12161353975534439,-0.273603618144989,0.9995622038841248,0.5292377471923828,0.12206702679395676,-0.27372148633003235,0.9995314478874207,0.5012561082839966,0.12138742953538895,-0.2794835567474365,0.9995455145835876,0.493813693523407,0.12179328501224518,-0.27951401472091675,0.9995465278625488,0.4862746596336365,0.12243025004863739,-0.27968835830688477,0.9995092749595642,0.5302430987358093,0.13635174930095673,-0.12131019681692123,0.9993932247161865,0.4706856608390808,0.13875475525856018,-0.1482158601284027,0.9994906187057495,0.5184863805770874,0.17015396058559418,-0.2412184476852417,0.9998054504394531,0.4964319169521332,0.16963797807693481,-0.24959902465343475,0.9997904896736145,0.5880290269851685,0.31550055742263794,-0.05088331177830696,0.9997707605361938,0.4060335159301758,0.31533709168434143,-0.11461665481328964,0.9996124505996704,0.5950109958648682,0.5156479477882385,0.01731436513364315,0.9707711935043335,0.3901190161705017,0.5322834849357605,-0.10962767899036407,0.9908620715141296,0.5982494354248047,0.7046440839767456,-0.10970979928970337,0.9748222827911377,0.3835405707359314,0.7190250754356384,-0.22168174386024475,0.9755699038505554,0.602145791053772,0.7692906260490417,-0.15837284922599792,0.9586292505264282,0.37954258918762207,0.7757068276405334,-0.2712984085083008,0.953877866268158,0.5901403427124023,0.7653095126152039,-0.20746028423309326,0.9622761011123657,0.39237502217292786,0.7727510333061218,-0.3180074393749237,0.9589133858680725,0.5844060182571411,0.7495551705360413,-0.13153259456157684,0.9606642723083496,0.3978188633918762,0.7564669847488403,-0.2425791472196579,0.9583753943443298,0.5466679334640503,0.7114045023918152,0.017313925549387932,0.9953387379646301,0.4348351061344147,0.7115752100944519,-0.01705314964056015,0.9945071339607239,0.5431493520736694,0.9650576710700989,-0.04369933530688286,0.6648954749107361,0.434943825006485,0.9692306518554688,-0.02823410928249359,0.619280993938446,0.5504637956619263,1.190912127494812,0.36816638708114624,0.11877558380365372,0.4365924000740051,1.1963657140731812,0.29611507058143616,0.15233451128005981,0.5460249185562134,1.2135025262832642,0.4055098593235016,0.1143098771572113,0.4358559250831604,1.2254948616027832,0.327769011259079,0.08015761524438858,0.5546690225601196,1.2849867343902588,0.26367688179016113,0.0767487958073616,0.4434162676334381,1.2807480096817017,0.14129933714866638,0.08123307675123215
2026-04-30T18:50:13.442150,72,0.5143858790397644,0.144028440117836,-0.3094649612903595,0.9997872114181519,0.5210829973220825,0.12145785242319107,-0.28299257159233093,0.9995591640472412,0.5261027812957764,0.12166913598775864,-0.28315556049346924,0.9995756149291992,0.5309160947799683,0.12212208658456802,-0.28326597809791565,0.9995481371879578,0.5040162801742554,0.12144169956445694,-0.28899040818214417,0.999560534954071,0.4968036711215973,0.12182673066854477,-0.28901752829551697,0.9995611310005188,0.4896160066127777,0.12241062521934509,-0.289196640253067,0.9995282888412476,0.5310651063919067,0.13656401634216309,-0.1272374838590622,0.9994053244590759,0.4741334915161133,0.13865754008293152,-0.1486753523349762,0.9995085597038269,0.5203653573989868,0.1702173501253128,-0.2502628564834595,0.9998124241828918,0.499263197183609,0.16966983675956726,-0.25818291306495667,0.9997997879981995,0.5882971286773682,0.31614336371421814,-0.05291437357664108,0.9997740387916565,0.4065755307674408,0.31593573093414307,-0.11812993139028549,0.9996264576911926,0.5951629877090454,0.51814866065979,0.016360735520720482,0.9709086418151855,0.3912257254123688,0.5331889390945435,-0.11318480968475342,0.9910911321640015,0.5989370942115784,0.7055873870849609,-0.11593487113714218,0.9756555557250977,0.3865668773651123,0.7182983160018921,-0.22597841918468475,0.9766642451286316,0.6026571393013,0.7707075476646423,-0.16700862348079681,0.9598517417907715,0.38199132680892944,0.7744175791740417,-0.2755663990974426,0.9558515548706055,0.5904632806777954,0.7674404382705688,-0.21660813689231873,0.9633966684341431,0.3951653838157654,0.7714559435844421,-0.3219510018825531,0.9606701135635376,0.5847856402397156,0.751747727394104,-0.13814686238765717,0.9617933630943298,0.4011054039001465,0.7550871968269348,-0.24631328880786896,0.960033655166626,0.5467380285263062,0.7128375172615051,0.017704084515571594,0.9956946969032288,0.43548673391342163,0.7136318683624268,-0.017449844628572464,0.994963526725769,0.5432474613189697,0.9649009704589844,-0.02507515251636505,0.665636420249939,0.43547138571739197,0.969312846660614,-0.027011001482605934,0.6174769401550293,0.5502405762672424,1.1884558200836182,0.4066793918609619,0.11690716445446014,0.43548575043678284,1.1970784664154053,0.29339176416397095,0.15103031694889069,0.5459496378898621,1.209998607635498,0.44470375776290894,0.1121700182557106,0.4343656897544861,1.2258319854736328,0.321943461894989,0.07824043929576874,0.553569495677948,1.2827510833740234,0.3017673194408417,0.07555314153432846,0.44334307312965393,1.2814043760299683,0.13234739005565643,0.08029894530773163
2026-04-30T18:50:13.555338,73,0.520932137966156,0.14406718313694,-0.2714650630950928,0.999802827835083,0.525340735912323,0.12030252069234848,-0.24542248249053955,0.9995933175086975,0.52994704246521,0.12036871910095215,-0.2455814629793167,0.999607503414154,0.5343977212905884,0.12068157643079758,-0.24566690623760223,0.9995831251144409,0.5081835985183716,0.12066172808408737,-0.2575388550758362,0.9995941519737244,0.5003963708877563,0.12101662904024124,-0.25755298137664795,0.9995940923690796,0.49248450994491577,0.12155970931053162,-0.2577027678489685,0.9995644688606262,0.5316839218139648,0.13476189970970154,-0.09637438505887985,0.9994497895240784,0.4740471839904785,0.13732412457466125,-0.14815333485603333,0.9995477795600891,0.5257737040519714,0.1703462153673172,-0.2144707888364792,0.9998267292976379,0.5054691433906555,0.16995058953762054,-0.2305094450712204,0.9998154640197754,0.5883241891860962,0.3161359429359436,-0.02567480504512787,0.9997888803482056,0.40600985288619995,0.31663405895233154,-0.11867835372686386,0.9996467232704163,0.5998713970184326,0.5178518891334534,0.06012175232172012,0.9722289443016052,0.3908604681491852,0.5372579097747803,-0.1163325160741806,0.9915390014648438,0.6130998134613037,0.705324113368988,-0.04966576769948006,0.9773311018943787,0.38765236735343933,0.7200914025306702,-0.21577036380767822,0.9782127737998962,0.6224721670150757,0.770366370677948,-0.09301744401454926,0.9623712301254272,0.38388609886169434,0.7768251299858093,-0.26114964485168457,0.9585971236228943,0.6110840439796448,0.7682148814201355,-0.14143839478492737,0.9657015800476074,0.3969864547252655,0.77460116147995,-0.3065536916255951,0.9631214141845703,0.6047055125236511,0.7525047659873962,-0.07069841772317886,0.9642458558082581,0.40257182717323303,0.7568479776382446,-0.23506119847297668,0.9624649286270142,0.5468430519104004,0.7165616154670715,0.02145090512931347,0.9960795640945435,0.43556898832321167,0.7185535430908203,-0.021252628415822983,0.9954160451889038,0.5433258414268494,0.9682751297950745,-0.007862107828259468,0.6640622615814209,0.43560662865638733,0.9736672639846802,-0.016943227499723434,0.6106761693954468,0.551180362701416,1.1937977075576782,0.4219730794429779,0.11245308816432953,0.43546366691589355,1.204433560371399,0.2985326051712036,0.14603589475154877,0.5473798513412476,1.2151187658309937,0.4600493311882019,0.10796523839235306,0.434391587972641,1.2313592433929443,0.3262597322463989,0.07478383928537369,0.5553763508796692,1.2903257608413696,0.32309490442276,0.07258734107017517,0.44473233819007874,1.2927402257919312,0.13915088772773743,0.07745405286550522
2026-04-30T18:50:13.670742,74,0.5297716856002808,0.14791950583457947,-0.28169792890548706,0.9998171925544739,0.5314736366271973,0.12233138084411621,-0.24823340773582458,0.9996240735054016,0.5349431037902832,0.12226022779941559,-0.24840791523456573,0.9996366500854492,0.53836989402771,0.12234222143888474,-0.24845437705516815,0.9996141195297241,0.5165418386459351,0.12249668687582016,-0.2812376618385315,0.9996246099472046,0.5092977285385132,0.12244988232851028,-0.2812510132789612,0.9996246099472046,0.5012809038162231,0.1224404126405716,-0.2813751995563507,0.9995968341827393,0.531806468963623,0.13518895208835602,-0.10894876718521118,0.9994909167289734,0.478402316570282,0.13720105588436127,-0.18572552502155304,0.9995846748352051,0.531367301940918,0.1743830293416977,-0.22150413691997528,0.9998406767845154,0.5133810639381409,0.17389775812625885,-0.2528500258922577,0.9998306035995483,0.5883766412734985,0.3163934051990509,-0.0193801112473011,0.9998040199279785,0.4057874083518982,0.3169991075992584,-0.14644724130630493,0.999668300151825,0.6137685775756836,0.5169990062713623,0.0951722040772438,0.9739840626716614,0.39070314168930054,0.5383536219596863,-0.12666842341423035,0.9920293092727661,0.6503387689590454,0.7007753252983093,-0.02885809913277626,0.9790682196617126,0.38860684633255005,0.7227118015289307,-0.23518213629722595,0.9797765016555786,0.6646895408630371,0.7668165564537048,-0.07457641512155533,0.9649662971496582,0.3843158483505249,0.7786113023757935,-0.28338444232940674,0.9613849520683289,0.6551472544670105,0.7659546732902527,-0.13173261284828186,0.9681154489517212,0.39724791049957275,0.7771104574203491,-0.33955615758895874,0.9656237959861755,0.6453341245651245,0.7501498460769653,-0.05447801947593689,0.9667718410491943,0.40305837988853455,0.7591262459754944,-0.25840336084365845,0.9649228453636169,0.5506420731544495,0.7163613438606262,0.027420569211244583,0.9964149594306946,0.4383316934108734,0.7195769548416138,-0.02705930732190609,0.9958080649375916,0.556509792804718,0.9693659543991089,-0.03626764565706253,0.6726994514465332,0.43657708168029785,0.9818967580795288,-0.04558473080396652,0.6206339001655579,0.5660982728004456,1.2005289793014526,0.41877633333206177,0.11171497404575348,0.43532809615135193,1.2074943780899048,0.30928200483322144,0.14446374773979187,0.5615531206130981,1.2235058546066284,0.45865219831466675,0.10754099488258362,0.4343480169773102,1.232611060142517,0.34086209535598755,0.07310479134321213,0.576004147529602,1.2967482805252075,0.3139193654060364,0.07161907851696014,0.4446811079978943,1.2969727516174316,0.1543406993150711,0.07612564414739609
2026-04-30T18:50:13.778943,75,0.5394182205200195,0.15122467279434204,-0.28969496488571167,0.9998335242271423,0.5403809547424316,0.1252484917640686,-0.25899702310562134,0.9996578693389893,0.5440101027488708,0.12518227100372314,-0.25915834307670593,0.999669075012207,0.547307014465332,0.12513504922389984,-0.2592543661594391,0.9996482133865356,0.5245180130004883,0.12523914873600006,-0.2841331362724304,0.9996585249900818,0.5167394280433655,0.1247888058423996,-0.2841505706310272,0.9996587038040161,0.5083442330360413,0.124287448823452,-0.28428447246551514,0.9996331334114075,0.5371600389480591,0.13622432947158813,-0.09415815770626068,0.9995356798171997,0.48350757360458374,0.13717767596244812,-0.19535882771015167,0.999623715877533,0.5414325594902039,0.1788788139820099,-0.2247278243303299,0.999855101108551,0.5226967334747314,0.17829421162605286,-0.2551059126853943,0.999846339225769,0.5891577005386353,0.31652700901031494,0.020202063024044037,0.9998208284378052,0.4056066572666168,0.31784549355506897,-0.15596647560596466,0.9996958374977112,0.6310983896255493,0.5126827955245972,0.15715613961219788,0.9757110476493835,0.390420138835907,0.5410568118095398,-0.1260751187801361,0.9925698637962341,0.699016809463501,0.6797377467155457,0.035002924501895905,0.9808292388916016,0.38811641931533813,0.729293942451477,-0.23426838219165802,0.981463611125946,0.7280628085136414,0.7393192052841187,-0.007842861115932465,0.9676720499992371,0.38390740752220154,0.782943844795227,-0.27912232279777527,0.9644607305526733,0.7231847047805786,0.742862343788147,-0.06986524909734726,0.9706355929374695,0.3966428339481354,0.7832692265510559,-0.33680492639541626,0.968382716178894,0.7103701829910278,0.7259983420372009,0.006006995216012001,0.9694145321846008,0.4022521376609802,0.7651722431182861,-0.25785914063453674,0.967682957649231,0.5539916753768921,0.7164020538330078,0.04021567106246948,0.9967347383499146,0.4414825439453125,0.7217162251472473,-0.039864376187324524,0.9961837530136108,0.5843390226364136,0.9749480485916138,-0.05114959925413132,0.6788472533226013,0.43714532256126404,0.9905984401702881,-0.10633827745914459,0.6316965222358704,0.5909119248390198,1.1986405849456787,0.41217485070228577,0.10964944958686829,0.43560999631881714,1.2073894739151,0.32758426666259766,0.14015474915504456,0.5874311327934265,1.2209476232528687,0.45222553610801697,0.10594435781240463,0.4353083670139313,1.2294474840164185,0.3682842552661896,0.07055887579917908,0.6052374243736267,1.2961456775665283,0.3219740390777588,0.07004702836275101,0.4449107050895691,1.2969046831130981,0.20675241947174072,0.07393188774585724
2026-04-30T18:50:13.890513,76,0.5506670475006104,0.15341471135616302,-0.40924152731895447,0.9998463988304138,0.5516716241836548,0.1268036812543869,-0.375241219997406,0.999684751033783,0.5549640655517578,0.12685436010360718,-0.37541329860687256,0.9996943473815918,0.5580810308456421,0.12692297995090485,-0.3755693733692169,0.9996744394302368,0.535913348197937,0.12586423754692078,-0.3983210623264313,0.9996866583824158,0.527914822101593,0.12508994340896606,-0.3983859419822693,0.9996869564056396,0.5194130539894104,0.124354287981987,-0.3985688090324402,0.9996628761291504,0.5461068153381348,0.1366579234600067,-0.17065465450286865,0.999569296836853,0.49612855911254883,0.13602502644062042,-0.2779374122619629,0.9996567964553833,0.5502150058746338,0.18080200254917145,-0.3303125500679016,0.9998674392700195,0.5323187708854675,0.17926791310310364,-0.3612115681171417,0.9998599886894226,0.6010710000991821,0.3156016767024994,0.0032079345546662807,0.9998337030410767,0.411724716424942,0.31787109375,-0.204654723405838,0.9997190237045288,0.6711598634719849,0.5041911005973816,0.11188662052154541,0.9774410128593445,0.39251410961151123,0.5406811833381653,-0.16789136826992035,0.9928469061851501,0.7660266757011414,0.6578171849250793,0.018902944400906563,0.9822260737419128,0.38745105266571045,0.7287019491195679,-0.31895121932029724,0.9826123118400574,0.8042775988578796,0.708625853061676,-0.04691776633262634,0.969621479511261,0.3831937909126282,0.7824434638023376,-0.37091168761253357,0.9664891958236694,0.8035075068473816,0.7113614678382874,-0.15336845815181732,0.9725345969200134,0.39591801166534424,0.7823815941810608,-0.44596067070961,0.970255434513092,0.7879127264022827,0.6937968134880066,-0.05314060300588608,0.9713963866233826,0.4014504551887512,0.7652457356452942,-0.35027894377708435,0.9694737792015076,0.565650999546051,0.7163819074630737,0.04156116768717766,0.9969246983528137,0.45109182596206665,0.7218515276908875,-0.041132666170597076,0.9964043498039246,0.6089127063751221,0.9851660132408142,-0.09960980713367462,0.6914678812026978,0.4393329620361328,0.998677134513855,-0.10170193761587143,0.6469187140464783,0.6232543587684631,1.2335294485092163,0.3129584491252899,0.11235851794481277,0.4405133128166199,1.236520767211914,0.35715287923812866,0.13991694152355194,0.6173950433731079,1.2628287076950073,0.3435986638069153,0.10623887181282043,0.4409748911857605,1.2593846321105957,0.39735785126686096,0.0700543150305748,0.6446492075920105,1.3264986276626587,0.170234814286232,0.07053735107183456,0.44802340865135193,1.3232916593551636,0.20987097918987274,0.07413022965192795
2026-04-30T18:50:13.998507,77,0.5641740560531616,0.15369872748851776,-0.42747920751571655,0.9998587965965271,0.5698268413543701,0.12730900943279266,-0.38976722955703735,0.9997096657752991,0.5745214223861694,0.12784501910209656,-0.38996076583862305,0.9997172355651855,0.5786406993865967,0.12851785123348236,-0.3901713788509369,0.9996986985206604,0.5506445169448853,0.1258252114057541,-0.408367782831192,0.999713122844696,0.5421634912490845,0.12485811114311218,-0.40837734937667847,0.9997133612632751,0.5337931513786316,0.12389453500509262,-0.4085334241390228,0.9996910095214844,0.572088360786438,0.13923968374729156,-0.17641247808933258,0.9996005892753601,0.5144873857498169,0.13563047349452972,-0.2646830379962921,0.9996868371963501,0.5658520460128784,0.18203990161418915,-0.347063273191452,0.9998786449432373,0.5438829660415649,0.17969535291194916,-0.37225595116615295,0.9998723864555359,0.6218022704124451,0.3148142695426941,-0.010039795190095901,0.99984210729599,0.4315910339355469,0.31711652874946594,-0.18911755084991455,0.9997394680976868,0.7180107235908508,0.49928683042526245,0.11193859577178955,0.9790397882461548,0.40190571546554565,0.5346877574920654,-0.15784083306789398,0.9925051927566528,0.8412503004074097,0.6467254161834717,-0.025356139987707138,0.9830285906791687,0.38842788338661194,0.7202439904212952,-0.32334715127944946,0.9823851585388184,0.8880413770675659,0.6882047057151794,-0.07610050588846207,0.9701297283172607,0.3832005262374878,0.7784258127212524,-0.3749609589576721,0.9659441113471985,0.8904657363891602,0.6885583400726318,-0.15754464268684387,0.9732425808906555,0.3956142067909241,0.7776942849159241,-0.45017385482788086,0.9699111580848694,0.8725885152816772,0.6759243011474609,-0.06957214325666428,0.9722228646278381,0.4014555513858795,0.7626193165779114,-0.35587090253829956,0.9688933491706848,0.5833557844161987,0.718566358089447,0.04063040390610695,0.9969029426574707,0.46588772535324097,0.7228307723999023,-0.04020620882511139,0.996427595615387,0.6275955438613892,0.9918153882026672,-0.09026016294956207,0.7059035897254944,0.44037145376205444,1.0123538970947266,-0.10445429384708405,0.6678892970085144,0.6422460675239563,1.2538365125656128,0.3305834233760834,0.11908204108476639,0.4403607249259949,1.2557368278503418,0.3412008285522461,0.1511697620153427,0.6342089772224426,1.2858728170394897,0.3620457053184509,0.10863954573869705,0.44161495566368103,1.2834084033966064,0.37722697854042053,0.07465200126171112,0.6674331426620483,1.343732237815857,0.18342533707618713,0.07239587604999542,0.44366884231567383,1.3391437530517578,0.18846330046653748,0.08007819205522537
2026-04-30T18:50:14.111572,78,0.5956574082374573,0.15069720149040222,-0.5766878724098206,0.9998684525489807,0.6054623126983643,0.12379613518714905,-0.5432611107826233,0.9997278451919556,0.6119590997695923,0.12463013082742691,-0.5434247255325317,0.999733030796051,0.6179429292678833,0.1255849152803421,-0.54365074634552,0.9997143745422363,0.5834513902664185,0.12127784639596939,-0.5558886528015137,0.9997338056564331,0.5748223662376404,0.12031126767396927,-0.5559486746788025,0.9997341632843018,0.5665093660354614,0.11964353173971176,-0.5561288595199585,0.9997122883796692,0.6159013509750366,0.13708077371120453,-0.321559339761734,0.999621570110321,0.5497778654098511,0.1319638192653656,-0.3842490613460541,0.999710738658905,0.6028457283973694,0.18043066561222076,-0.4918905198574066,0.9998875856399536,0.5773118734359741,0.17765513062477112,-0.5096319913864136,0.9998826384544373,0.6699860692024231,0.31327539682388306,-0.12451261281967163,0.999843180179596,0.4729827344417572,0.31190502643585205,-0.2689882814884186,0.999755322933197,0.773084282875061,0.4932388961315155,0.030249010771512985,0.9805497527122498,0.4342609941959381,0.5236271023750305,-0.21718516945838928,0.991682767868042,0.923380970954895,0.6338525414466858,-0.12574128806591034,0.9838231801986694,0.4032503664493561,0.7102159261703491,-0.39788368344306946,0.9807360172271729,0.969765841960907,0.6753123998641968,-0.1615827977657318,0.9707348346710205,0.3911345601081848,0.7725245356559753,-0.44526490569114685,0.9631209373474121,0.9721840023994446,0.673679769039154,-0.24750658869743347,0.9740064144134521,0.4026361405849457,0.7728615999221802,-0.525719940662384,0.9676106572151184,0.9559661746025085,0.661668598651886,-0.1666903793811798,0.9730955958366394,0.4113296568393707,0.7582213282585144,-0.4326649308204651,0.9664300680160522,0.6139520406723022,0.7219107151031494,0.039197809994220734,0.9966197609901428,0.49601641297340393,0.7227811217308044,-0.0387934185564518,0.996279239654541,0.6434887647628784,0.9930962324142456,-0.07807489484548569,0.7220262885093689,0.4558802545070648,1.0124691724777222,-0.09811387956142426,0.6933225393295288,0.6523621678352356,1.252474069595337,0.3883270025253296,0.13505111634731293,0.4469156861305237,1.255327582359314,0.3800859749317169,0.17348186671733856,0.6428616642951965,1.2831692695617676,0.4227789342403412,0.11837298423051834,0.44847697019577026,1.280945897102356,0.4200369715690613,0.08478639274835587,0.6779585480690002,1.343492031097412,0.21414899826049805,0.07904057204723358,0.4464988112449646,1.3438419103622437,0.20840544998645782,0.09225820749998093
2026-04-30T18:50:14.217500,79,0.6245673298835754,0.1442253440618515,-0.5819154381752014,0.9998773336410522,0.6372032761573792,0.11688670516014099,-0.5497797727584839,0.9997450709342957,0.6443549394607544,0.11772768199443817,-0.549970269203186,0.9997471570968628,0.6511210203170776,0.11879768967628479,-0.5502050518989563,0.9997292757034302,0.6128466129302979,0.11427522450685501,-0.5587542057037354,0.9997533559799194,0.6038162112236023,0.11356907337903976,-0.55879807472229,0.999753475189209,0.595622718334198,0.11345583945512772,-0.5589550733566284,0.9997332692146301,0.6538823843002319,0.13084179162979126,-0.33434194326400757,0.9996428489685059,0.5813888311386108,0.12476156651973724,-0.37763476371765137,0.9997336864471436,0.633388876914978,0.175810769200325,-0.499933660030365,0.9998957514762878,0.6064697504043579,0.17351417243480682,-0.5119752287864685,0.9998919367790222,0.7059820294380188,0.3120897114276886,-0.1373319923877716,0.999840259552002,0.5089347958564758,0.3021944463253021,-0.2621638774871826,0.9997703433036804,0.8061579465866089,0.482015997171402,0.02245420031249523,0.9817192554473877,0.46560582518577576,0.5120934844017029,-0.18833811581134796,0.9909067153930664,0.9627453088760376,0.6275292634963989,-0.12466199696063995,0.9838364124298096,0.42653942108154297,0.7000225782394409,-0.3378109633922577,0.979451596736908,1.0019910335540771,0.6655270457267761,-0.15660777688026428,0.969758927822113,0.41025862097740173,0.7639110088348389,-0.3885098099708557,0.9609296321868896,1.0113099813461304,0.666810154914856,-0.23877432942390442,0.9734280109405518,0.4229908585548401,0.7640230655670166,-0.4540488123893738,0.9658125638961792,0.9921526908874512,0.6560388803482056,-0.16341248154640198,0.9728495478630066,0.43342357873916626,0.749782383441925,-0.3679092526435852,0.9646036028862,0.6332996487617493,0.7232219576835632,0.037377793341875076,0.9963069558143616,0.5166562795639038,0.72061687707901,-0.03691132739186287,0.996142566204071,0.6545053124427795,0.9943447113037109,-0.0711512416601181,0.7317820191383362,0.47495537996292114,1.009332299232483,-0.09120306372642517,0.7147471308708191,0.658153235912323,1.248401403427124,0.4022241532802582,0.14110244810581207,0.46146678924560547,1.2508822679519653,0.3794156014919281,0.19084857404232025,0.649386465549469,1.2776397466659546,0.4375081956386566,0.12100295722484589,0.4635757803916931,1.2771761417388916,0.41639214754104614,0.094083771109581,0.6794179081916809,1.3401371240615845,0.22901351749897003,0.07997342199087143,0.4560653567314148,1.3414396047592163,0.19627191126346588,0.10081207007169724
2026-04-30T18:50:14.329223,80,0.6532188057899475,0.13912333548069,-0.6011155843734741,0.9998799562454224,0.6674347519874573,0.1124466210603714,-0.5727474093437195,0.9997466802597046,0.6750699877738953,0.11382551491260529,-0.5729593634605408,0.9997429847717285,0.681822657585144,0.11526554077863693,-0.5732510089874268,0.9997227191925049,0.6417344808578491,0.10734597593545914,-0.5789452791213989,0.9997619390487671,0.6322754621505737,0.1058117151260376,-0.5789824724197388,0.9997614026069641,0.6238061785697937,0.10516444593667984,-0.5791639089584351,0.9997418522834778,0.6851584315299988,0.1271841675043106,-0.3601585924625397,0.9996446967124939,0.6091576814651489,0.11669930070638657,-0.3871768116950989,0.999748706817627,0.6629621982574463,0.1714758425951004,-0.5185153484344482,0.9999013543128967,0.6336506009101868,0.1661398559808731,-0.5257707238197327,0.9998985528945923,0.7373661994934082,0.30913403630256653,-0.15462566912174225,0.9998359084129333,0.533331573009491,0.2933492660522461,-0.27795299887657166,0.9997846484184265,0.8319061994552612,0.47968611121177673,-0.0007400299073196948,0.9825186729431152,0.4907381534576416,0.5045686364173889,-0.21908476948738098,0.99029940366745,0.9753094911575317,0.6165145039558411,-0.16097263991832733,0.9829413294792175,0.446294367313385,0.6929613351821899,-0.41310685873031616,0.9783391356468201,1.0156714916229248,0.645125150680542,-0.19721612334251404,0.9671694040298462,0.42770662903785706,0.7577658295631409,-0.4661925435066223,0.9591638445854187,1.0242615938186646,0.6417989134788513,-0.28136956691741943,0.9715108871459961,0.43799424171447754,0.7586033940315247,-0.5476529598236084,0.9644027352333069,1.0045490264892578,0.6363183856010437,-0.20075801014900208,0.9713459014892578,0.4482297897338867,0.7440951466560364,-0.45001691579818726,0.9631550312042236,0.6522489786148071,0.7230076193809509,0.033939145505428314,0.995963454246521,0.5345790982246399,0.7124170064926147,-0.03338327258825302,0.9959837198257446,0.6635012626647949,0.9946268796920776,-0.07357383519411087,0.7387628555297852,0.4865058958530426,1.0024840831756592,-0.04650413244962692,0.7321364879608154,0.6665827631950378,1.2433511018753052,0.3984653651714325,0.145069420337677,0.4758518636226654,1.238261103630066,0.47579559683799744,0.19917979836463928,0.6587086915969849,1.2710564136505127,0.4339609146118164,0.12287678569555283,0.4806399941444397,1.2633377313613892,0.5196654796600342,0.10080339014530182,0.6892679929733276,1.3377737998962402,0.23452699184417725,0.08001703023910522,0.46511587500572205,1.3371788263320923,0.3034743368625641,0.10451392084360123
2026-04-30T18:50:14.439787,81,0.6736308336257935,0.13381709158420563,-0.5608419179916382,0.9998451471328735,0.6906044483184814,0.10733037441968918,-0.5315383672714233,0.9996524453163147,0.6992321610450745,0.10923928767442703,-0.5317772626876831,0.9996177554130554,0.7068962454795837,0.11112485080957413,-0.5320652723312378,0.9995818734169006,0.6627987027168274,0.10088353604078293,-0.5364304184913635,0.9997143745422363,0.6536151766777039,0.09904187172651291,-0.5364620685577393,0.999713122844696,0.6454446911811829,0.09815677255392075,-0.5366813540458679,0.999697208404541,0.7112308740615845,0.12431003153324127,-0.32204848527908325,0.9994885325431824,0.6316083669662476,0.11015168577432632,-0.34391677379608154,0.9997291564941406,0.6838566660881042,0.1673458367586136,-0.4800701141357422,0.9998826384544373,0.6548932194709778,0.15923526883125305,-0.4852517247200012,0.9998871684074402,0.7619072198867798,0.30584782361984253,-0.12300769239664078,0.9997879266738892,0.5536710023880005,0.28976139426231384,-0.2501600384712219,0.9997914433479309,0.8460531234741211,0.4801926612854004,0.03205262869596481,0.9812405705451965,0.5073082447052002,0.5018333196640015,-0.19963213801383972,0.9892358779907227,0.9825918078422546,0.6160537600517273,-0.11523500829935074,0.9773695468902588,0.46281981468200684,0.6862521767616272,-0.38425225019454956,0.9761964678764343,1.021543264389038,0.6403895616531372,-0.14224061369895935,0.9571126699447632,0.4442157745361328,0.7473806142807007,-0.43496766686439514,0.9556559920310974,1.0318740606307983,0.6366293430328369,-0.23650261759757996,0.9633094668388367,0.4529109001159668,0.7483189105987549,-0.5175203084945679,0.9614572525024414,1.006340503692627,0.6304523944854736,-0.1638287603855133,0.9644571542739868,0.46255168318748474,0.734672486782074,-0.421494722366333,0.9602334499359131,0.6667140126228333,0.7229501605033875,0.03374185413122177,0.99565589427948,0.5460878014564514,0.7063367962837219,-0.033140458166599274,0.9959396123886108,0.673734724521637,0.993937611579895,-0.0652802437543869,0.7429062724113464,0.49297189712524414,0.9949886202812195,-0.0354071781039238,0.7486299872398376,0.6813138723373413,1.2411487102508545,0.41180139780044556,0.147048220038414,0.4798969328403473,1.2207305431365967,0.4681633412837982,0.20554117858409882,0.6742621064186096,1.2695038318634033,0.44738322496414185,0.12290089577436447,0.483921617269516,1.2462718486785889,0.5110594034194946,0.10576397180557251,0.7053084373474121,1.3259292840957642,0.24537551403045654,0.07894417643547058,0.46614688634872437,1.317655086517334,0.2916926145553589,0.10667895525693893
2026-04-30T18:50:14.549877,82,0.6990265846252441,0.13121646642684937,-0.519783079624176,0.999809980392456,0.7177987098693848,0.10517188161611557,-0.4915359914302826,0.9995450973510742,0.7274619340896606,0.10750041157007217,-0.49177074432373047,0.9994785189628601,0.7354639768600464,0.1097174733877182,-0.4920458197593689,0.9994159936904907,0.6897569894790649,0.09790802747011185,-0.496135950088501,0.9996664524078369,0.6809803247451782,0.09584939479827881,-0.49615731835365295,0.9996631145477295,0.672120213508606,0.0945037379860878,-0.4963837265968323,0.9996538758277893,0.7427673935890198,0.12381241470575333,-0.2911255359649658,0.9993153214454651,0.6612234711647034,0.10567546635866165,-0.3150809407234192,0.9997116327285767,0.7100789546966553,0.16610020399093628,-0.4426218569278717,0.999866247177124,0.68095862865448,0.156911700963974,-0.4492775797843933,0.9998806715011597,0.789496660232544,0.3059766888618469,-0.119112528860569,0.9997090101242065,0.5780056715011597,0.2811237573623657,-0.24333372712135315,0.9997990131378174,0.8706618547439575,0.4819266200065613,0.03457174822688103,0.9773140549659729,0.5222009420394897,0.4914492666721344,-0.1960340440273285,0.9878218173980713,0.9817919731140137,0.6170073747634888,-0.11855272203683853,0.9647073745727539,0.4725099205970764,0.6776701807975769,-0.3925575315952301,0.9737167954444885,1.0180069208145142,0.6362815499305725,-0.1526338905096054,0.9382179379463196,0.4486732482910156,0.7391234040260315,-0.4472072124481201,0.9519401788711548,1.0336902141571045,0.6340329051017761,-0.2360239326953888,0.94753098487854,0.45880404114723206,0.7402303218841553,-0.5268276333808899,0.9583290219306946,1.0074613094329834,0.628583550453186,-0.1605084240436554,0.9508497714996338,0.46969303488731384,0.7263099551200867,-0.42949730157852173,0.9572786688804626,0.675754964351654,0.7273834943771362,0.03344283252954483,0.9946319460868835,0.5557283163070679,0.7045726180076599,-0.03288612142205238,0.9954643249511719,0.6794108152389526,0.9947780966758728,-0.06963856518268585,0.747588574886322,0.4968234598636627,0.9918107986450195,-0.012384955771267414,0.7625709176063538,0.6805955767631531,1.2383949756622314,0.3854465186595917,0.15260711312294006,0.4905630648136139,1.2149815559387207,0.48693662881851196,0.2152707874774933,0.6722830533981323,1.2660763263702393,0.41874808073043823,0.1277535855770111,0.49544939398765564,1.2416706085205078,0.5299025774002075,0.11412869393825531,0.7032875418663025,1.3247120380401611,0.22079572081565857,0.08010298758745193,0.4723595678806305,1.3115694522857666,0.3179158568382263,0.11136572062969208
2026-04-30T18:50:14.656617,83,0.7046204209327698,0.12755104899406433,-0.485625684261322,0.9997279047966003,0.7249724864959717,0.1033930629491806,-0.46783447265625,0.9993008375167847,0.7336870431900024,0.1058996394276619,-0.46813806891441345,0.9991826415061951,0.7422666549682617,0.10846198350191116,-0.4685787558555603,0.9990852475166321,0.7006018161773682,0.09653238952159882,-0.4538712501525879,0.9995399713516235,0.6927854418754578,0.0946679338812828,-0.45386165380477905,0.9995355010032654,0.6853846907615662,0.09327789396047592,-0.45417991280555725,0.9995452761650085,0.7554780840873718,0.124259352684021,-0.2774882912635803,0.9989707469940186,0.6803890466690063,0.10611756145954132,-0.24096763134002686,0.9996457695960999,0.7167274951934814,0.16299495100975037,-0.41939210891723633,0.9998250007629395,0.6887083649635315,0.15363721549510956,-0.4002559185028076,0.9998548626899719,0.804360032081604,0.3102295696735382,-0.10258086025714874,0.9996071457862854,0.5963758230209351,0.2792696952819824,-0.19707979261875153,0.9998032450675964,0.8883810043334961,0.48459720611572266,0.023707611486315727,0.9731764793395996,0.5334088802337646,0.48174741864204407,-0.17549017071723938,0.9867681860923767,0.9962358474731445,0.6141968965530396,-0.15812738239765167,0.9498640894889832,0.47761011123657227,0.6614435315132141,-0.3708840310573578,0.9722864031791687,1.0375723838806152,0.6294771432876587,-0.20165535807609558,0.9164847731590271,0.4516085982322693,0.7214375734329224,-0.42016929388046265,0.949507474899292,1.0451254844665527,0.6249560117721558,-0.2751159071922302,0.9290927052497864,0.46200186014175415,0.7241855263710022,-0.4956494867801666,0.9562565088272095,1.0166558027267456,0.6225026249885559,-0.19675040245056152,0.9351413249969482,0.47287264466285706,0.711235761642456,-0.4037538170814514,0.9552094340324402,0.680343508720398,0.7279482483863831,0.033396344631910324,0.9936830997467041,0.559535562992096,0.7008601427078247,-0.032847099006175995,0.9950233101844788,0.6822007894515991,1.0019110441207886,-0.10532210767269135,0.7370611429214478,0.4987655580043793,0.9884173274040222,-0.020646661520004272,0.7676502466201782,0.6738404035568237,1.2473524808883667,0.36923694610595703,0.1468638777732849,0.49806922674179077,1.2202743291854858,0.4446926712989807,0.21216367185115814,0.6659321188926697,1.275521993637085,0.40609854459762573,0.12320176512002945,0.5019554495811462,1.2477092742919922,0.4849974513053894,0.11249206960201263,0.6909551620483398,1.3365851640701294,0.2094995230436325,0.07666656374931335,0.48487281799316406,1.3202747106552124,0.27461308240890503,0.10970930755138397
2026-04-30T18:50:14.760559,84,0.7147037982940674,0.12824800610542297,-0.4980553686618805,0.999687910079956,0.7358443737030029,0.1037701740860939,-0.4765063226222992,0.9991581439971924,0.7443538308143616,0.10610159486532211,-0.47678709030151367,0.9990301728248596,0.7525112628936768,0.10860896110534668,-0.47713714838027954,0.998889684677124,0.7094510197639465,0.09728822857141495,-0.46571096777915955,0.999457061290741,0.7010923027992249,0.09544853866100311,-0.4656902849674225,0.9994503259658813,0.6938557028770447,0.09414362907409668,-0.46599119901657104,0.9994585514068604,0.7694720029830933,0.1245369240641594,-0.28816235065460205,0.9987834692001343,0.6909635066986084,0.10722612589597702,-0.24557547271251678,0.9996044635772705,0.7296287417411804,0.16296285390853882,-0.4273832440376282,0.9998095035552979,0.6992855072021484,0.15462644398212433,-0.40862733125686646,0.9998442530632019,0.8181195259094238,0.31904613971710205,-0.09878630936145782,0.9995452761650085,0.6131469011306763,0.27542582154273987,-0.19373783469200134,0.9998055100440979,0.9037674069404602,0.4918175935745239,-0.03971625119447708,0.9692651629447937,0.5425093173980713,0.47410595417022705,-0.17718838155269623,0.9857085943222046,0.9977478981018066,0.6162518262863159,-0.3079770803451538,0.9330437779426575,0.4809604287147522,0.6534321904182434,-0.3811262249946594,0.9702214598655701,1.0383280515670776,0.6423383951187134,-0.36934274435043335,0.8914342522621155,0.452877938747406,0.7123300433158875,-0.4401415288448334,0.9454377889633179,1.0384104251861572,0.6337368488311768,-0.4415067732334137,0.9077969789505005,0.4638211131095886,0.7153953313827515,-0.5136585831642151,0.9526769518852234,1.0176820755004883,0.626143753528595,-0.3475509285926819,0.9160903096199036,0.47495904564857483,0.702127993106842,-0.4157930314540863,0.951629638671875,0.6818171143531799,0.7286417484283447,0.03352286294102669,0.9926856160163879,0.5614838600158691,0.696223795413971,-0.03296436741948128,0.9941667318344116,0.6820177435874939,1.0132193565368652,-0.13036563992500305,0.726914644241333,0.496405690908432,0.987129271030426,-0.018755899742245674,0.7696018218994141,0.6681799292564392,1.2795758247375488,0.34862321615219116,0.1436583250761032,0.49772199988365173,1.228541612625122,0.4818320870399475,0.20922330021858215,0.658991813659668,1.311002492904663,0.38482171297073364,0.12024097144603729,0.5016812086105347,1.2580252885818481,0.5244752168655396,0.11160428822040558,0.6844052672386169,1.3745988607406616,0.1626535952091217,0.07431872189044952,0.4846017360687256,1.3308998346328735,0.2892339527606964,0.10855447500944138
2026-04-30T18:50:14.874293,85,0.7324261665344238,0.13010507822036743,-0.5537751913070679,0.9996764063835144,0.753092885017395,0.1048637107014656,-0.5306729078292847,0.9991247653961182,0.7621248960494995,0.10712887346744537,-0.5309264063835144,0.9989882707595825,0.7701982259750366,0.1096302717924118,-0.5312602519989014,0.9988402724266052,0.7244234681129456,0.09860742092132568,-0.5250147581100464,0.9994406700134277,0.7154617309570312,0.09700094163417816,-0.5250068306922913,0.9994279742240906,0.7074869871139526,0.09577177464962006,-0.525275468826294,0.9994370937347412,0.7859086990356445,0.12666650116443634,-0.330516517162323,0.998742938041687,0.7019885778427124,0.10810189694166183,-0.2910459041595459,0.9996017217636108,0.7484984397888184,0.16540223360061646,-0.475778728723526,0.9998108744621277,0.715000331401825,0.1566963940858841,-0.4638461172580719,0.9998461604118347,0.8321801424026489,0.3264995515346527,-0.1259709894657135,0.9995155334472656,0.6240932941436768,0.27280911803245544,-0.22791007161140442,0.9998074173927307,0.921137809753418,0.5005331635475159,-0.10298482328653336,0.9678882956504822,0.5483825206756592,0.46544069051742554,-0.2472541332244873,0.9853530526161194,1.0062419176101685,0.6140768527984619,-0.38710662722587585,0.9226493239402771,0.4836297929286957,0.6390560269355774,-0.4995167851448059,0.9691694378852844,1.0502432584762573,0.6480360627174377,-0.45407336950302124,0.8740084767341614,0.4541415274143219,0.701622724533081,-0.5668144822120667,0.9434348344802856,1.0480979681015015,0.6352561712265015,-0.5236440896987915,0.8927852511405945,0.46615275740623474,0.7063776850700378,-0.6391059756278992,0.9508594274520874,1.0284979343414307,0.6263608336448669,-0.4259377419948578,0.9031133651733398,0.47841691970825195,0.6911242604255676,-0.5346117615699768,0.9497190713882446,0.6838823556900024,0.7298543453216553,0.03333551436662674,0.9922626614570618,0.5642279386520386,0.6928026080131531,-0.03278633952140808,0.9936419129371643,0.6817291378974915,1.017998456954956,-0.15271244943141937,0.7133968472480774,0.49371781945228577,0.9869298338890076,-0.004306174349039793,0.7628604173660278,0.6658535003662109,1.2936837673187256,0.3250865638256073,0.13705946505069733,0.49216967821121216,1.2262781858444214,0.5766507387161255,0.19771170616149902,0.6552941799163818,1.323952555656433,0.361221045255661,0.11520057916641235,0.49554434418678284,1.2546577453613281,0.628711462020874,0.10720083117485046,0.6784698367118835,1.3930245637893677,0.13698139786720276,0.07031489908695221,0.4808902144432068,1.329883098602295,0.40336257219314575,0.10286960005760193
2026-04-30T18:50:14.986071,86,0.7478220462799072,0.138271763920784,-0.5735103487968445,0.9996200799942017,0.7668671607971191,0.1104944571852684,-0.5519427061080933,0.9989625215530396,0.7759772539138794,0.11230503022670746,-0.552200973033905,0.998818576335907,0.7840789556503296,0.11411530524492264,-0.552550196647644,0.9986445307731628,0.7393872141838074,0.10593973100185394,-0.5462535619735718,0.9993453025817871,0.7309268712997437,0.10530883818864822,-0.5462572574615479,0.9993233680725098,0.7231222987174988,0.10502686351537704,-0.546543538570404,0.9993284344673157,0.798700213432312,0.1298111528158188,-0.35233962535858154,0.998599112033844,0.7167448997497559,0.11759722232818604,-0.311839759349823,0.9995514154434204,0.7647992372512817,0.17338448762893677,-0.49425697326660156,0.9997883439064026,0.7317665815353394,0.16401194036006927,-0.482623428106308,0.9998263120651245,0.8469802737236023,0.3327394127845764,-0.14097079634666443,0.9994400143623352,0.6374404430389404,0.27388086915016174,-0.24337100982666016,0.9997959136962891,0.9379386901855469,0.5113809704780579,-0.11531703174114227,0.9664086103439331,0.5539806485176086,0.462664932012558,-0.2842579483985901,0.9845962524414062,1.0401344299316406,0.6172674298286438,-0.3833342492580414,0.9125720262527466,0.4866916537284851,0.6260086894035339,-0.5522876381874084,0.9673961997032166,1.0726983547210693,0.6514957547187805,-0.44573187828063965,0.857296347618103,0.4545270502567291,0.6886500716209412,-0.6196724772453308,0.9400996565818787,1.0728098154067993,0.6391763091087341,-0.5181699991226196,0.8786734938621521,0.46604663133621216,0.6951009035110474,-0.6903612613677979,0.947891354560852,1.0523886680603027,0.6305124163627625,-0.4230494499206543,0.8911886215209961,0.4796527326107025,0.6801469922065735,-0.587858259677887,0.946713387966156,0.6833693385124207,0.7324182391166687,0.03321584314107895,0.9915942549705505,0.5640722513198853,0.6891598105430603,-0.03267896547913551,0.993064284324646,0.6809489727020264,1.0174845457077026,-0.15397725999355316,0.6931523680686951,0.4914899468421936,0.9869248867034912,-0.004561327397823334,0.7514060139656067,0.6512850522994995,1.303819179534912,0.31770581007003784,0.12848395109176636,0.48887139558792114,1.234866738319397,0.5481339693069458,0.18535423278808594,0.6392742395401001,1.3342000246047974,0.353369802236557,0.10849382728338242,0.4923652112483978,1.2632715702056885,0.5965884327888489,0.10125087946653366,0.6519004106521606,1.4018384218215942,0.12186349928379059,0.06566207110881805,0.4805161952972412,1.3368380069732666,0.3649713397026062,0.09650466591119766
2026-04-30T18:50:15.084825,87,0.7563393115997314,0.14472772181034088,-0.5611332654953003,0.9993860125541687,0.7734556198120117,0.11512397974729538,-0.538045346736908,0.9982526302337646,0.7819832563400269,0.11652131378650665,-0.5383409857749939,0.9980787634849548,0.7899875044822693,0.11803018301725388,-0.5387157201766968,0.9977373480796814,0.7477240562438965,0.11277904361486435,-0.5344358682632446,0.9989229440689087,0.7393860816955566,0.11280043423175812,-0.5345037579536438,0.9989182949066162,0.7321560978889465,0.11293907463550568,-0.534835696220398,0.9989091157913208,0.8005819320678711,0.13251323997974396,-0.3330669105052948,0.9978600144386292,0.7244639992713928,0.12463615834712982,-0.3055460751056671,0.9993650317192078,0.7728893160820007,0.1789604127407074,-0.479317843914032,0.9996797442436218,0.7389505505561829,0.1685231477022171,-0.4709950387477875,0.9997428059577942,0.8485301733016968,0.3322926461696625,-0.12820294499397278,0.9993594288825989,0.6416409015655518,0.27178508043289185,-0.23608815670013428,0.9997870922088623,0.9376824498176575,0.5184569358825684,-0.07442368566989899,0.9635646343231201,0.559708297252655,0.4579276144504547,-0.25045326352119446,0.9835667014122009,1.0346508026123047,0.6330159306526184,-0.3410476744174957,0.8977450728416443,0.48864927887916565,0.6175608038902283,-0.4814721643924713,0.965277910232544,1.0638859272003174,0.6707970499992371,-0.40402573347091675,0.8374686241149902,0.4562094807624817,0.6802920699119568,-0.54432612657547,0.9366656541824341,1.0661519765853882,0.6551443934440613,-0.47812408208847046,0.8616222739219666,0.46721401810646057,0.6878493428230286,-0.616153359413147,0.9448808431625366,1.0461095571517944,0.6441291570663452,-0.38206231594085693,0.8765379786491394,0.4807102084159851,0.6735547184944153,-0.5163544416427612,0.943777322769165,0.6851473450660706,0.7341727018356323,0.03320258483290672,0.9913029074668884,0.5647837519645691,0.687887966632843,-0.03266027569770813,0.9929357767105103,0.6795650720596313,1.018629789352417,-0.13509339094161987,0.6788988709449768,0.4909842610359192,0.9854318499565125,-0.003591598244383931,0.7434917092323303,0.6504589915275574,1.3060094118118286,0.41672220826148987,0.12081105262041092,0.4868810176849365,1.2351659536361694,0.5952808856964111,0.17482149600982666,0.6379467248916626,1.3350468873977661,0.46292346715927124,0.10319497436285019,0.490123450756073,1.2628570795059204,0.6499608755111694,0.09721711277961731,0.6510456800460815,1.405415654182434,0.23514167964458466,0.06163620948791504,0.4798690378665924,1.3369979858398438,0.4154759347438812,0.09130890667438507
2026-04-30T18:50:15.190095,88,0.7687572240829468,0.15439820289611816,-0.5241202712059021,0.9990981817245483,0.7833379507064819,0.12324219197034836,-0.4991830885410309,0.9973194003105164,0.7904694080352783,0.12439253181219101,-0.499565988779068,0.9970871210098267,0.7971221208572388,0.12564140558242798,-0.4999810755252838,0.9965165853500366,0.7595961689949036,0.12053033709526062,-0.5014023184776306,0.9984238147735596,0.7511023879051208,0.11997087299823761,-0.5015337467193604,0.9984708428382874,0.7434357404708862,0.1194271370768547,-0.5019577145576477,0.9984680414199829,0.8027807474136353,0.13740617036819458,-0.28374382853507996,0.9968603253364563,0.731433629989624,0.12876735627651215,-0.2789897620677948,0.9991711378097534,0.7811426520347595,0.18719473481178284,-0.43643370270729065,0.9995153546333313,0.7491796016693115,0.17588433623313904,-0.43501824140548706,0.9996309876441956,0.8495597839355469,0.3323146402835846,-0.07467294484376907,0.9993057250976562,0.6418378353118896,0.2693333625793457,-0.2160973995923996,0.9997830986976624,0.9340350031852722,0.5198394656181335,-0.012071141041815281,0.9623003602027893,0.5623628497123718,0.4554363489151001,-0.23630647361278534,0.9837019443511963,1.0258214473724365,0.6521354913711548,-0.2936723828315735,0.8913254737854004,0.49034208059310913,0.617675244808197,-0.4653860628604889,0.9659854769706726,1.0525869131088257,0.6951490044593811,-0.34687504172325134,0.8281722068786621,0.4589858949184418,0.6789084076881409,-0.5303419828414917,0.9378457069396973,1.0552818775177002,0.6805230975151062,-0.41960614919662476,0.8539104461669922,0.4712041914463043,0.6859942078590393,-0.6019890308380127,0.9459583163261414,1.0359599590301514,0.6671301126480103,-0.3306392729282379,0.8706115484237671,0.4843307435512543,0.6718356013298035,-0.5002362132072449,0.9447718262672424,0.6868543028831482,0.7365266680717468,0.0335364043712616,0.9911804795265198,0.5663136839866638,0.6888659596443176,-0.032991133630275726,0.9929789900779724,0.6786915063858032,1.0196187496185303,-0.13026444613933563,0.6664064526557922,0.49077409505844116,0.9855710864067078,-0.004388510249555111,0.7370343208312988,0.6500642895698547,1.3107467889785767,0.41006407141685486,0.1129000186920166,0.4865778982639313,1.2489569187164307,0.5454137921333313,0.16548320651054382,0.6378853917121887,1.3411669731140137,0.45398202538490295,0.09766284376382828,0.4891858994960785,1.2780922651290894,0.5928311347961426,0.09326836466789246,0.6515509486198425,1.4074033498764038,0.2338424175977707,0.05770411342382431,0.47793635725975037,1.3525221347808838,0.37976595759391785,0.08656392991542816
2026-04-30T18:50:15.301685,89,0.7583853602409363,0.15336689352989197,-0.42331743240356445,0.9990047216415405,0.7744709253311157,0.12338628619909286,-0.404229074716568,0.9969615340232849,0.782031238079071,0.12448657304048538,-0.40454187989234924,0.9968113303184509,0.7888599634170532,0.12565676867961884,-0.4048961102962494,0.9961264133453369,0.7516843676567078,0.1207350343465805,-0.39669471979141235,0.9982384443283081,0.7442775964736938,0.1200496032834053,-0.39682886004447937,0.998353898525238,0.7375909090042114,0.11934977024793625,-0.39721399545669556,0.998333215713501,0.7978388667106628,0.13774314522743225,-0.2360280305147171,0.9966031312942505,0.7316669821739197,0.12904661893844604,-0.19030198454856873,0.9991192817687988,0.7725543975830078,0.18608015775680542,-0.35603368282318115,0.9994270205497742,0.7406491041183472,0.17550155520439148,-0.34263840317726135,0.9995614886283875,0.8488502502441406,0.33377155661582947,-0.06492409110069275,0.9992780685424805,0.6429623961448669,0.2681336998939514,-0.15636439621448517,0.999789834022522,0.934139609336853,0.5217299461364746,-0.012399444356560707,0.9633205533027649,0.5645996928215027,0.45377299189567566,-0.1587166041135788,0.984075665473938,1.0245869159698486,0.6573140025138855,-0.2792442739009857,0.8901814818382263,0.49029451608657837,0.6164162158966064,-0.36711937189102173,0.9676765203475952,1.0501124858856201,0.6998165249824524,-0.33039945363998413,0.827738344669342,0.45897388458251953,0.677731454372406,-0.42736029624938965,0.9409045577049255,1.0525448322296143,0.6853082776069641,-0.4076192378997803,0.8537569046020508,0.4719787538051605,0.6844962239265442,-0.49147874116897583,0.9486503005027771,1.0340815782546997,0.6715474724769592,-0.31679385900497437,0.871677577495575,0.48537254333496094,0.6702849268913269,-0.39955276250839233,0.9476211667060852,0.6893606185913086,0.7374879121780396,0.03174892067909241,0.9915832877159119,0.5686236023902893,0.6893657445907593,-0.0312237199395895,0.9934129118919373,0.6805570721626282,1.0210258960723877,-0.1305030882358551,0.6529223322868347,0.49214968085289,0.9845914840698242,-0.013648107647895813,0.7318193912506104,0.6494842767715454,1.3055288791656494,0.4024287760257721,0.10334432870149612,0.4887959361076355,1.2489010095596313,0.521823525428772,0.1525716483592987,0.6378569006919861,1.3353135585784912,0.4468136429786682,0.09022210538387299,0.49018993973731995,1.2766436338424683,0.5693089962005615,0.08704838901758194,0.6477512121200562,1.4003528356552124,0.25055333971977234,0.05275703966617584,0.47877830266952515,1.3515757322311401,0.36309894919395447,0.07968881726264954
2026-04-30T18:50:15.406537,90,0.761880099773407,0.157701775431633,-0.47400063276290894,0.9988847374916077,0.7782948613166809,0.12760433554649353,-0.4519565999507904,0.9965213537216187,0.7859331369400024,0.12882082164287567,-0.45229244232177734,0.99628084897995,0.7928934097290039,0.13003790378570557,-0.4526948034763336,0.9955076575279236,0.7545081377029419,0.123866006731987,-0.44891825318336487,0.9979982376098633,0.7467409372329712,0.12272591143846512,-0.4489562511444092,0.9980962872505188,0.739734411239624,0.12161700427532196,-0.4493306577205658,0.998085081577301,0.8019982576370239,0.14199304580688477,-0.24689848721027374,0.9960103631019592,0.7304242849349976,0.13045577704906464,-0.20633478462696075,0.9989930391311646,0.7750495076179504,0.19081364572048187,-0.3889238238334656,0.9993610978126526,0.7426043748855591,0.1787046492099762,-0.37959638237953186,0.9995157122612,0.8478389978408813,0.3337809145450592,-0.06943878531455994,0.999247670173645,0.6417109370231628,0.2641359865665436,-0.15815305709838867,0.9997875094413757,0.9369193911552429,0.5221046209335327,-0.010243944823741913,0.9613930583000183,0.5620709657669067,0.453213632106781,-0.1954658031463623,0.9835458993911743,1.0330731868743896,0.6568540334701538,-0.2742196321487427,0.8849471211433411,0.48864299058914185,0.6144837737083435,-0.43101978302001953,0.9674112200737,1.0617872476577759,0.6979236602783203,-0.33273443579673767,0.8189534544944763,0.45752015709877014,0.6750488877296448,-0.49635744094848633,0.9403684735298157,1.063962697982788,0.6840221881866455,-0.4076748788356781,0.84645015001297,0.4714232087135315,0.6815692186355591,-0.5669429898262024,0.9482132792472839,1.0440843105316162,0.6699088215827942,-0.31442806124687195,0.8653949499130249,0.4851307272911072,0.6675713062286377,-0.46596187353134155,0.9470043182373047,0.6899069547653198,0.7375156879425049,0.03204292058944702,0.9912842512130737,0.5690793991088867,0.6895655989646912,-0.03151439502835274,0.993252694606781,0.6806927919387817,1.0217419862747192,-0.1270485818386078,0.6401320099830627,0.4917221665382385,0.984318196773529,-0.01562541536986828,0.7247211337089539,0.6492447853088379,1.3094760179519653,0.4048893451690674,0.09795652329921722,0.4879332184791565,1.2473253011703491,0.5213151574134827,0.14628008008003235,0.6374598741531372,1.3394449949264526,0.4482424855232239,0.08686854690313339,0.48944225907325745,1.2751362323760986,0.5694740414619446,0.08505329489707947,0.6481946110725403,1.4076025485992432,0.24093429744243622,0.050247952342033386,0.4764310419559479,1.3487915992736816,0.34615975618362427,0.07684717327356339
2026-04-30T18:50:15.519938,91,0.7616641521453857,0.1609981656074524,-0.5227899551391602,0.998818039894104,0.7789789438247681,0.1302092969417572,-0.5000233054161072,0.9963018298149109,0.7867434024810791,0.1314879208803177,-0.500349223613739,0.9960421323776245,0.79375159740448,0.13272103667259216,-0.5007420778274536,0.9952310919761658,0.7548912167549133,0.12593133747577667,-0.4982856214046478,0.9978596568107605,0.7471238970756531,0.1245354413986206,-0.4983181357383728,0.9979439973831177,0.7402013540267944,0.12326463311910629,-0.498645544052124,0.9979277849197388,0.8028870820999146,0.14459267258644104,-0.28917446732521057,0.9957639575004578,0.7306176424026489,0.13200820982456207,-0.2625960111618042,0.9989163279533386,0.7746245861053467,0.19479797780513763,-0.43682193756103516,0.9993281960487366,0.7417737245559692,0.18168623745441437,-0.43024975061416626,0.9994873404502869,0.8471795320510864,0.33390986919403076,-0.08151008188724518,0.9992386698722839,0.6409863829612732,0.26370567083358765,-0.18314708769321442,0.9997846484184265,0.9389665722846985,0.5229155421257019,-0.023020215332508087,0.9607954621315002,0.5621821880340576,0.45299607515335083,-0.19153466820716858,0.982943594455719,1.036699652671814,0.6593137383460999,-0.2967129349708557,0.880791962146759,0.4866413176059723,0.6165612936019897,-0.383661687374115,0.966624915599823,1.0661910772323608,0.7011573314666748,-0.3567080795764923,0.8120778799057007,0.45593732595443726,0.6775159239768982,-0.4393838047981262,0.9390007257461548,1.0684502124786377,0.687784731388092,-0.43270978331565857,0.8408141136169434,0.46958446502685547,0.6845429539680481,-0.5127062201499939,0.9470337629318237,1.0480185747146606,0.6743798851966858,-0.33841654658317566,0.860626220703125,0.48297175765037537,0.6703707575798035,-0.4178336262702942,0.9458245635032654,0.6880863308906555,0.7373493313789368,0.03201902657747269,0.9912135601043701,0.568032443523407,0.689039945602417,-0.0314861424267292,0.9931790232658386,0.6804446578025818,1.0238583087921143,-0.12507307529449463,0.627590537071228,0.49129223823547363,0.9843259453773499,-0.015011662617325783,0.7165067195892334,0.6478508710861206,1.3125749826431274,0.4005463123321533,0.09239578992128372,0.4880155920982361,1.2476779222488403,0.551371693611145,0.13767662644386292,0.6359652280807495,1.342658519744873,0.44287896156311035,0.08310604095458984,0.48941928148269653,1.2747842073440552,0.6033531427383423,0.0813848152756691,0.6480022072792053,1.411741852760315,0.23716790974140167,0.04751813784241676,0.4764268398284912,1.3495056629180908,0.37657302618026733,0.07259108871221542
2026-04-30T18:50:15.625905,92,0.7677879333496094,0.16635747253894806,-0.5002586245536804,0.9987335205078125,0.7835332155227661,0.13551528751850128,-0.47563156485557556,0.9960101842880249,0.7906789779663086,0.13657350838184357,-0.47598665952682495,0.9957887530326843,0.7972754240036011,0.1376575082540512,-0.4763675630092621,0.9948979616165161,0.7614066004753113,0.13100430369377136,-0.47542667388916016,0.997657835483551,0.7537825107574463,0.129167839884758,-0.4754580855369568,0.9977594614028931,0.7465546727180481,0.12754245102405548,-0.4757710099220276,0.9977214932441711,0.8036105036735535,0.14954547584056854,-0.26726168394088745,0.9954423308372498,0.7344805002212524,0.1356469988822937,-0.2517249584197998,0.9988207817077637,0.7791566252708435,0.19931508600711823,-0.41640061140060425,0.9992784857749939,0.7488839626312256,0.18719781935214996,-0.41212838888168335,0.9994480013847351,0.8462368249893188,0.3366890847682953,-0.0789777934551239,0.9992427825927734,0.6408142447471619,0.2646408975124359,-0.17924751341342926,0.9997835755348206,0.9359779357910156,0.5223137736320496,-0.09212762117385864,0.9602540731430054,0.5586239099502563,0.4533542990684509,-0.1910562962293625,0.9830917119979858,1.0235350131988525,0.6504091620445251,-0.456514835357666,0.8786060810089111,0.48536330461502075,0.6177639365196228,-0.3844100832939148,0.9670213460922241,1.0531505346298218,0.6943826079368591,-0.5353033542633057,0.8097946047782898,0.4549153745174408,0.6783396601676941,-0.44815701246261597,0.9395641088485718,1.0564980506896973,0.6776056289672852,-0.6036763787269592,0.8390265107154846,0.4684882164001465,0.6858159899711609,-0.5189043283462524,0.9475307464599609,1.0359270572662354,0.6644227504730225,-0.4978255331516266,0.8589795827865601,0.4816921651363373,0.671734631061554,-0.4183756411075592,0.9462107419967651,0.6870839595794678,0.7372128963470459,0.031626731157302856,0.991317629814148,0.566753089427948,0.6882116794586182,-0.031095147132873535,0.9932070970535278,0.679317057132721,1.0252699851989746,-0.13303586840629578,0.6184772849082947,0.49050313234329224,0.9845037460327148,-0.028612997382879257,0.7161362767219543,0.6462629437446594,1.3142701387405396,0.38632482290267944,0.08745594322681427,0.4869307577610016,1.2473766803741455,0.507680356502533,0.13165901601314545,0.633921205997467,1.3449783325195312,0.42875105142593384,0.07951031625270844,0.4874390661716461,1.2748188972473145,0.5562151074409485,0.078955739736557,0.6482203602790833,1.412535548210144,0.2152709662914276,0.04493780806660652,0.474586546421051,1.3487796783447266,0.32540276646614075,0.06952781975269318
2026-04-30T18:50:15.729872,93,0.7676502466201782,0.1692669838666916,-0.45816391706466675,0.9987621307373047,0.7831525802612305,0.1370719075202942,-0.4336770176887512,0.9961377382278442,0.7903280854225159,0.13793323934078217,-0.43401917815208435,0.9959436655044556,0.7969769835472107,0.13890482485294342,-0.4343640208244324,0.9950883388519287,0.7604175806045532,0.13336147367954254,-0.4341281056404114,0.9977082014083862,0.7523349523544312,0.13188037276268005,-0.434187114238739,0.9978064298629761,0.7447034120559692,0.13076499104499817,-0.43446144461631775,0.997767984867096,0.8031368255615234,0.15067726373672485,-0.23517866432666779,0.9955893754959106,0.7329406142234802,0.13910259306430817,-0.2252373993396759,0.9988486170768738,0.7798017263412476,0.20177124440670013,-0.37920039892196655,0.9992913007736206,0.7485829591751099,0.19165366888046265,-0.3762792944908142,0.9994571208953857,0.8441773653030396,0.33918431401252747,-0.06875912845134735,0.9992737174034119,0.6399198174476624,0.2652321457862854,-0.16097138822078705,0.9997907280921936,0.9294431805610657,0.5215768218040466,-0.10913383960723877,0.9596609473228455,0.5567103624343872,0.45344194769859314,-0.13803431391716003,0.983370304107666,1.0114978551864624,0.6476784348487854,-0.5015960335731506,0.8784912824630737,0.4844121038913727,0.6167048215866089,-0.29544204473495483,0.967501163482666,1.034271001815796,0.6928972601890564,-0.5856547355651855,0.8108441829681396,0.454519122838974,0.6780089139938354,-0.35130953788757324,0.9402169585227966,1.0311181545257568,0.6720958352088928,-0.6505956053733826,0.8400106430053711,0.46768683195114136,0.6861295700073242,-0.4196094572544098,0.9481261372566223,1.01266348361969,0.6583452820777893,-0.5420203804969788,0.8595606684684753,0.4807673990726471,0.6720914840698242,-0.3268692195415497,0.946792721748352,0.6855813264846802,0.7371328473091125,0.03113100305199623,0.9914781451225281,0.5653246641159058,0.6880872845649719,-0.030606552958488464,0.9933266639709473,0.6790920495986938,1.0247799158096313,-0.12613150477409363,0.6073935031890869,0.4902886748313904,0.9852091670036316,-0.03862113878130913,0.7186483144760132,0.6466993093490601,1.3106796741485596,0.38542985916137695,0.08282823860645294,0.4841328263282776,1.246882677078247,0.43871578574180603,0.12720604240894318,0.6347640156745911,1.3412339687347412,0.4276656210422516,0.07617570459842682,0.483756959438324,1.2743241786956787,0.48126548528671265,0.07673759013414383,0.6498090028762817,1.4082932472229004,0.21705567836761475,0.04266553372144699,0.4722805619239807,1.348314642906189,0.2563759386539459,0.06716141849756241
2026-04-30T18:50:15.837722,94,0.769609808921814,0.1690039038658142,-0.4543147087097168,0.998777449131012,0.7848178148269653,0.13769550621509552,-0.42973580956459045,0.9962431788444519,0.7919732332229614,0.13866588473320007,-0.43004804849624634,0.9960357546806335,0.7985590696334839,0.1398056298494339,-0.4303862452507019,0.9952332973480225,0.7617303133010864,0.13410499691963196,-0.43245911598205566,0.9977656602859497,0.7533005475997925,0.13280335068702698,-0.4324905276298523,0.9978452920913696,0.7453709840774536,0.13198143243789673,-0.4327414035797119,0.9978227019309998,0.8034812808036804,0.15245524048805237,-0.23577305674552917,0.9956676363945007,0.7317493557929993,0.14146390557289124,-0.2344057857990265,0.9988709688186646,0.7809963822364807,0.2019806057214737,-0.37758564949035645,0.9992965459823608,0.749288022518158,0.19191260635852814,-0.37774625420570374,0.9994673132896423,0.8405941724777222,0.34090226888656616,-0.0675106793642044,0.9992967247962952,0.6380959153175354,0.26576337218284607,-0.16852685809135437,0.9997948408126831,0.9254341125488281,0.52177894115448,-0.07432844489812851,0.9585475325584412,0.5549607276916504,0.4529520273208618,-0.14815831184387207,0.9834052920341492,1.0091931819915771,0.6457773447036743,-0.44137415289878845,0.8767713904380798,0.4843367040157318,0.6161459684371948,-0.2838877737522125,0.9671621322631836,1.0376944541931152,0.6851353049278259,-0.5385710597038269,0.8073485493659973,0.4516173005104065,0.6784150004386902,-0.3352646231651306,0.9391936659812927,1.0309317111968994,0.6763206720352173,-0.5774596333503723,0.8370956778526306,0.4666331708431244,0.6868876218795776,-0.4033477306365967,0.9472981691360474,1.01231050491333,0.6627971529960632,-0.47890347242355347,0.8572787046432495,0.4805363714694977,0.6726178526878357,-0.3150462210178375,0.9459666609764099,0.685326337814331,0.7352854013442993,0.031541675329208374,0.9913264513015747,0.5637387633323669,0.6845566630363464,-0.031003911048173904,0.993237316608429,0.6777205467224121,1.0183453559875488,-0.10827904939651489,0.5935327410697937,0.4886312484741211,0.9829699993133545,-0.03744835406541824,0.7172448635101318,0.6466413736343384,1.303600549697876,0.38235950469970703,0.07945534586906433,0.4739670157432556,1.240012764930725,0.42218565940856934,0.12543360888957977,0.6347821950912476,1.3334661722183228,0.4227592349052429,0.07406830787658691,0.47274500131607056,1.2672221660614014,0.46270665526390076,0.075603187084198,0.6499581933021545,1.4011086225509644,0.21769773960113525,0.041195739060640335,0.46010008454322815,1.3435708284378052,0.23794445395469666,0.06621242314577103
2026-04-30T18:50:15.948379,95,0.7724986672401428,0.17208169400691986,-0.43352842330932617,0.9988566637039185,0.7863917350769043,0.13936467468738556,-0.40870800614356995,0.9965021014213562,0.7932209372520447,0.1403210312128067,-0.4090321958065033,0.996319055557251,0.7994137406349182,0.14145657420158386,-0.4093538224697113,0.995577871799469,0.7633061408996582,0.13572242856025696,-0.41319212317466736,0.9979073405265808,0.7545706629753113,0.13440702855587006,-0.4132070541381836,0.9979769587516785,0.7462562918663025,0.13365104794502258,-0.41342511773109436,0.9979515671730042,0.8023549914360046,0.1541333645582199,-0.21656560897827148,0.9959791898727417,0.7307707071304321,0.14361558854579926,-0.22615177929401398,0.9989393353462219,0.7819393873214722,0.20579831302165985,-0.35739120841026306,0.9993377923965454,0.7512615919113159,0.19561800360679626,-0.36004960536956787,0.9994989633560181,0.8381438255310059,0.34314659237861633,-0.06077338010072708,0.9993494153022766,0.6355078220367432,0.2659728229045868,-0.1614157259464264,0.9998021721839905,0.9238799214363098,0.5214157104492188,-0.06704108417034149,0.9601320624351501,0.5531859993934631,0.4521104395389557,-0.12032270431518555,0.9838273525238037,1.0081959962844849,0.6455902457237244,-0.40227633714675903,0.8831635117530823,0.4787617325782776,0.6172118782997131,-0.24143607914447784,0.9677271246910095,1.0374079942703247,0.6843060851097107,-0.47972965240478516,0.8161784410476685,0.44546717405319214,0.6795981526374817,-0.2883577048778534,0.9399452805519104,1.0307228565216064,0.6761812567710876,-0.5423318147659302,0.8448229432106018,0.46211084723472595,0.6875852346420288,-0.3572254478931427,0.9480227828025818,1.0069923400878906,0.6651882529258728,-0.4413846433162689,0.8639577031135559,0.47645822167396545,0.6731608510017395,-0.2718936800956726,0.9467673897743225,0.6816807985305786,0.7352645397186279,0.03148508444428444,0.9913456439971924,0.5589843988418579,0.6845245361328125,-0.030930500477552414,0.9931785464286804,0.6753545999526978,1.016857385635376,-0.10285429656505585,0.5898399949073792,0.48504653573036194,0.9804033637046814,-0.03672358766198158,0.7205556035041809,0.6458288431167603,1.3019691705703735,0.37584906816482544,0.07706215977668762,0.4677453637123108,1.2399401664733887,0.3961162269115448,0.12469825893640518,0.6343004107475281,1.3316527605056763,0.4148068428039551,0.07325847446918488,0.46619635820388794,1.267215609550476,0.4339454770088196,0.07551433145999908,0.6498056054115295,1.4001177549362183,0.21769873797893524,0.039981093257665634,0.4551263451576233,1.3434951305389404,0.21145474910736084,0.06538883596658707
2026-04-30T18:50:16.056031,96,0.7680632472038269,0.17439787089824677,-0.42275819182395935,0.998945415019989,0.7832210063934326,0.1434783935546875,-0.3956011235713959,0.9967707395553589,0.7902277708053589,0.14461256563663483,-0.39592790603637695,0.9966188669204712,0.7966848611831665,0.1457190066576004,-0.39621448516845703,0.9959312677383423,0.7598225474357605,0.13882233202457428,-0.4006398320198059,0.9980597496032715,0.7512357234954834,0.1372775435447693,-0.4007008671760559,0.9981284141540527,0.7431742548942566,0.13629136979579926,-0.4009295105934143,0.9980951547622681,0.8005737066268921,0.15945979952812195,-0.199562206864357,0.996298611164093,0.7283304929733276,0.14594699442386627,-0.2141655683517456,0.9990163445472717,0.7778369188308716,0.2077789157629013,-0.3460136950016022,0.9993786811828613,0.7470501661300659,0.19715118408203125,-0.3498806357383728,0.9995293021202087,0.8373001217842102,0.34411829710006714,-0.042422857135534286,0.9994014501571655,0.6339045166969299,0.26631423830986023,-0.14848725497722626,0.999812126159668,0.9181749224662781,0.5211582183837891,-0.034139059484004974,0.9626116156578064,0.5507296323776245,0.45092934370040894,-0.0836755633354187,0.9846220016479492,1.0057272911071777,0.646498441696167,-0.37491557002067566,0.8914583325386047,0.47408729791641235,0.6174511313438416,-0.18194139003753662,0.9693050384521484,1.0368880033493042,0.6842387914657593,-0.45925647020339966,0.8284410238265991,0.4400317072868347,0.6801242828369141,-0.22351524233818054,0.9425523281097412,1.0310677289962769,0.6776624321937561,-0.5218073725700378,0.85540372133255,0.4568411707878113,0.6884824633598328,-0.294179230928421,0.9503181576728821,1.0069549083709717,0.665928840637207,-0.41490429639816284,0.873176634311676,0.4718668460845947,0.6740213632583618,-0.21197840571403503,0.9492419362068176,0.6795686483383179,0.7350103855133057,0.03172030299901962,0.9917929172515869,0.5571089386940002,0.6847468614578247,-0.031141141429543495,0.9934877157211304,0.6739674806594849,1.014905333518982,-0.10359378904104233,0.5947651863098145,0.48365554213523865,0.9804453253746033,-0.05633055046200752,0.7281389832496643,0.6459521055221558,1.3015265464782715,0.37498682737350464,0.07423742115497589,0.4664705693721771,1.2391035556793213,0.4045844078063965,0.12066574394702911,0.634728729724884,1.3310343027114868,0.41430753469467163,0.07195580005645752,0.4648504853248596,1.2657606601715088,0.44636186957359314,0.07422579824924469,0.6510299444198608,1.399855375289917,0.2223304957151413,0.03837604820728302,0.4550155997276306,1.3418551683425903,0.23307137191295624,0.06307631731033325
2026-04-30T18:50:16.176204,97,0.7675438523292542,0.17348378896713257,-0.35022303462028503,0.999026358127594,0.7822474241256714,0.1432117372751236,-0.32262808084487915,0.9970038533210754,0.7889254689216614,0.1443617343902588,-0.3229368031024933,0.9968872666358948,0.7951875925064087,0.14542676508426666,-0.3231325149536133,0.9962443709373474,0.7593773007392883,0.13904522359371185,-0.32807788252830505,0.9981991648674011,0.7508546113967896,0.13785630464553833,-0.3282187581062317,0.9982731938362122,0.7429763078689575,0.13707278668880463,-0.3284859359264374,0.9982314705848694,0.7990257143974304,0.1606006771326065,-0.1467362940311432,0.9965783953666687,0.7270700931549072,0.1473536342382431,-0.16475576162338257,0.9990863800048828,0.7774330973625183,0.2067377269268036,-0.2828787863254547,0.9994011521339417,0.7468093037605286,0.19649434089660645,-0.2877505421638489,0.9995472431182861,0.8283181190490723,0.34623751044273376,-0.009369155392050743,0.9994463920593262,0.6325827836990356,0.26863449811935425,-0.1257895976305008,0.99982088804245,0.9095573425292969,0.5217299461364746,0.06040481850504875,0.9655971527099609,0.5434683561325073,0.4524272680282593,-0.0768873542547226,0.9855362176895142,1.0050747394561768,0.650615394115448,-0.14497222006320953,0.900772213935852,0.4673127233982086,0.624972939491272,-0.18591800332069397,0.971398115158081,1.0368812084197998,0.686531126499176,-0.19768545031547546,0.842589259147644,0.433919757604599,0.6841615438461304,-0.2254815399646759,0.9462829828262329,1.0357893705368042,0.686762809753418,-0.2629528343677521,0.8674359917640686,0.45195865631103516,0.6954070925712585,-0.29541492462158203,0.9535751342773438,1.011434555053711,0.6772636771202087,-0.18096254765987396,0.8838444352149963,0.46741732954978943,0.6802652478218079,-0.21615250408649445,0.9526975750923157,0.6786681413650513,0.7353073358535767,0.032562196254730225,0.9923211932182312,0.5550646781921387,0.6882097721099854,-0.031989313662052155,0.993925929069519,0.6725437045097351,1.0095620155334473,-0.08450689911842346,0.5992923974990845,0.4836347699165344,0.9815053939819336,-0.052097152918577194,0.7333611845970154,0.6442030668258667,1.3028186559677124,0.35902902483940125,0.07036847621202469,0.46611276268959045,1.2497729063034058,0.3645181953907013,0.11532632261514664,0.6341086030006409,1.333246111869812,0.39496687054634094,0.0696515291929245,0.4638153612613678,1.2762694358825684,0.4014439582824707,0.0722944512963295,0.6497265696525574,1.399225115776062,0.2222210168838501,0.036212511360645294,0.45583271980285645,1.351518988609314,0.2078886330127716,0.05999430641531944
2026-04-30T18:50:16.280461,98,0.7596374154090881,0.17186197638511658,-0.39327651262283325,0.9990189075469971,0.7722817659378052,0.14279192686080933,-0.3661022186279297,0.9969254732131958,0.7792472243309021,0.1437319666147232,-0.3664011061191559,0.9968823790550232,0.7859183549880981,0.14458508789539337,-0.3666366934776306,0.9962165355682373,0.750942587852478,0.13853716850280762,-0.3711055815219879,0.9981330633163452,0.7427643537521362,0.13734693825244904,-0.3712194859981537,0.998242199420929,0.7344884276390076,0.1366422325372696,-0.3715021312236786,0.9981572031974792,0.7911966443061829,0.15988722443580627,-0.1786036640405655,0.9965428113937378,0.7207127809524536,0.1476699262857437,-0.18912693858146667,0.9990331530570984,0.7688424587249756,0.20397251844406128,-0.3204657733440399,0.9993537664413452,0.7417683601379395,0.19595307111740112,-0.32418981194496155,0.9995067119598389,0.8212522268295288,0.3459733724594116,-0.01945902220904827,0.9994733929634094,0.6285861134529114,0.2700415551662445,-0.13548654317855835,0.9998180866241455,0.8955224752426147,0.521587073802948,0.0846547931432724,0.9674838781356812,0.5400506854057312,0.4532192647457123,-0.09798559546470642,0.9859040975570679,0.99983149766922,0.6504907011985779,-0.11485685408115387,0.9083164930343628,0.4666920602321625,0.627983033657074,-0.23978164792060852,0.9724436402320862,1.0356215238571167,0.6874328851699829,-0.16683432459831238,0.8534315824508667,0.43452954292297363,0.6852028369903564,-0.2873446047306061,0.9479129910469055,1.036456823348999,0.6877987384796143,-0.2371618002653122,0.8767814636230469,0.45218029618263245,0.6963414549827576,-0.35688796639442444,0.9550225138664246,1.0131895542144775,0.6789072751998901,-0.15294258296489716,0.8919690251350403,0.46710675954818726,0.6814625263214111,-0.270650714635849,0.9542045593261719,0.6784922480583191,0.7353273630142212,0.03443688899278641,0.9922023415565491,0.5550433993339539,0.691663384437561,-0.03393029049038887,0.9939132332801819,0.6725229024887085,1.0076391696929932,-0.06858865171670914,0.5967779755592346,0.4840518534183502,0.9836174249649048,-0.054186124354600906,0.730683445930481,0.6446693539619446,1.3038525581359863,0.40106210112571716,0.0692824050784111,0.46983250975608826,1.2688456773757935,0.32741987705230713,0.11651628464460373,0.6352216601371765,1.3347938060760498,0.4387671947479248,0.07050780206918716,0.46706804633140564,1.2978479862213135,0.3588389456272125,0.07337361574172974,0.6503450274467468,1.3992253541946411,0.2518465220928192,0.03632284328341484,0.46518102288246155,1.3718751668930054,0.12710978090763092,0.06132680922746658
2026-04-30T18:50:16.389154,99,0.7351283431053162,0.16388338804244995,-0.4123445451259613,0.9990951418876648,0.7496405839920044,0.13379578292369843,-0.3714955747127533,0.9971547722816467,0.7581146955490112,0.1341301053762436,-0.37174850702285767,0.9971228837966919,0.76654452085495,0.1348787397146225,-0.3717252314090729,0.9965066313743591,0.7262322306632996,0.13285227119922638,-0.37687376141548157,0.998261034488678,0.7177830934524536,0.13246247172355652,-0.37685567140579224,0.9983660578727722,0.7090269327163696,0.13216690719127655,-0.3772273063659668,0.9982755780220032,0.7798057198524475,0.1538439691066742,-0.19251398742198944,0.9967969059944153,0.7024505138397217,0.14268489181995392,-0.19803428649902344,0.9990857839584351,0.7478927969932556,0.19559688866138458,-0.3342253565788269,0.9993939399719238,0.7213681936264038,0.18997500836849213,-0.33064988255500793,0.9995335340499878,0.8065444231033325,0.34388813376426697,-0.027821460738778114,0.9995173215866089,0.6196764707565308,0.2707010805606842,-0.1352027952671051,0.9998264908790588,0.8696581125259399,0.5229977965354919,0.10375620424747467,0.9701380133628845,0.5372617244720459,0.45819416642189026,-0.10327471792697906,0.9866120219230652,0.9784976840019226,0.6530900597572327,-0.09341409057378769,0.9169657230377197,0.4703720211982727,0.63055419921875,-0.2739773988723755,0.9743170142173767,1.0164648294448853,0.6953437924385071,-0.14915360510349274,0.8668990135192871,0.44305604696273804,0.6875189542770386,-0.33464276790618896,0.9511839151382446,1.022013545036316,0.6937614679336548,-0.22639796137809753,0.8881576657295227,0.45909762382507324,0.6974939703941345,-0.4059361517429352,0.9578447341918945,1.0011956691741943,0.6833149194717407,-0.13257844746112823,0.9018663167953491,0.4717889428138733,0.6827062368392944,-0.30713504552841187,0.957055926322937,0.6792210936546326,0.7353779673576355,0.03385702520608902,0.9926967620849609,0.5558403730392456,0.6992127895355225,-0.03337136283516884,0.9942872524261475,0.6742469072341919,1.0050444602966309,-0.07252132147550583,0.5971012115478516,0.48660731315612793,0.9868829250335693,-0.051993049681186676,0.732516348361969,0.6481921076774597,1.303195834159851,0.44178110361099243,0.06679479777812958,0.4821508526802063,1.266966700553894,0.34473153948783875,0.11386509239673615,0.6392349004745483,1.3338303565979004,0.4855830669403076,0.06951091438531876,0.4828903079032898,1.2938145399093628,0.38373419642448425,0.07238971441984177,0.6570071578025818,1.3987482786178589,0.299862265586853,0.035600073635578156,0.4805135726928711,1.372015357017517,0.1575603038072586,0.060517847537994385
2026-04-30T18:50:16.501858,100,0.7210796475410461,0.16185824573040009,-0.42196959257125854,0.9991576075553894,0.737838625907898,0.13168838620185852,-0.37443050742149353,0.9973627924919128,0.7467173337936401,0.13219064474105835,-0.3747326135635376,0.9973293542861938,0.7553471326828003,0.13301798701286316,-0.3747485280036926,0.9967636466026306,0.7140189409255981,0.13040007650852203,-0.38886600732803345,0.9983780980110168,0.706036388874054,0.12983275949954987,-0.3889114260673523,0.9984726309776306,0.6974459886550903,0.12910394370555878,-0.3892059028148651,0.9983821511268616,0.7689042687416077,0.1507696807384491,-0.1902894228696823,0.9970071315765381,0.6903062462806702,0.13691100478172302,-0.20491203665733337,0.9991327524185181,0.7334924340248108,0.1932961344718933,-0.3411882519721985,0.9994285702705383,0.7059628367424011,0.1873188465833664,-0.3400948643684387,0.9995580315589905,0.7930551767349243,0.3311973512172699,0.011921224184334278,0.9995520114898682,0.6086181402206421,0.2722375988960266,-0.14049290120601654,0.9998299479484558,0.8422021865844727,0.524997353553772,0.2093476951122284,0.9713910222053528,0.5332129597663879,0.47324222326278687,-0.11150584369897842,0.9870504140853882,0.9407874345779419,0.6679616570472717,0.04998243227601051,0.9244717955589294,0.47223931550979614,0.6458006501197815,-0.3251800835132599,0.9760689735412598,0.9806246757507324,0.7124725580215454,0.007406650576740503,0.878576397895813,0.44614776968955994,0.7019355893135071,-0.3854109048843384,0.9543311595916748,0.9862300753593445,0.7136797308921814,-0.07356338948011398,0.898038387298584,0.4626999795436859,0.7110903859138489,-0.45006364583969116,0.9605264067649841,0.9672902822494507,0.7006235718727112,0.011600231751799583,0.9103549718856812,0.4750511646270752,0.6952525973320007,-0.3540160655975342,0.9596240520477295,0.6797415614128113,0.7354642152786255,0.038229119032621384,0.9930979013442993,0.5564085841178894,0.7050755023956299,-0.037766847759485245,0.9945645928382874,0.6772827506065369,1.0056710243225098,-0.08649984002113342,0.5952411890029907,0.4894387722015381,0.9941076040267944,-0.0632326602935791,0.7221014499664307,0.6547529101371765,1.3049445152282715,0.4204486310482025,0.06493674963712692,0.4872680604457855,1.2741408348083496,0.3694363236427307,0.11108119785785675,0.645450234413147,1.3351341485977173,0.46194401383399963,0.06831797957420349,0.4882609248161316,1.2991191148757935,0.40779218077659607,0.07038305699825287,0.6676478981971741,1.4028528928756714,0.2715911567211151,0.03550383821129799,0.48667198419570923,1.3802236318588257,0.1935286968946457,0.06014135107398033
2026-04-30T18:50:16.607346,101,0.7159538269042969,0.16006983816623688,-0.5158629417419434,0.9992268085479736,0.7315126657485962,0.13027982413768768,-0.48259225487709045,0.9975891709327698,0.7398966550827026,0.13121530413627625,-0.4828077256679535,0.9975584745407104,0.747698962688446,0.13223744928836823,-0.48295846581459045,0.9970424175262451,0.7079863548278809,0.1267283856868744,-0.49554625153541565,0.9985105991363525,0.700085461139679,0.1252536028623581,-0.49567723274230957,0.9985960721969604,0.6920331120491028,0.12367840856313705,-0.49592551589012146,0.9985088109970093,0.7559525370597839,0.14691035449504852,-0.2684480547904968,0.9972527027130127,0.6784788370132446,0.13200369477272034,-0.32004979252815247,0.9991937279701233,0.7268357872962952,0.19214065372943878,-0.4303155541419983,0.9994745254516602,0.6982158422470093,0.1855386197566986,-0.4443804621696472,0.9995930194854736,0.7853326201438904,0.3315690755844116,-0.061832576990127563,0.999586284160614,0.5922209024429321,0.27903637290000916,-0.22110125422477722,0.9998378157615662,0.8117324709892273,0.5384607911109924,0.12280497699975967,0.9725891351699829,0.5264812707901001,0.49430954456329346,-0.15414513647556305,0.987741231918335,0.876301646232605,0.690035879611969,-0.05705096200108528,0.9310085773468018,0.4633316397666931,0.6748749613761902,-0.3328372836112976,0.9777564406394958,0.9127609133720398,0.752693235874176,-0.10403396934270859,0.8885610699653625,0.4361218810081482,0.7275214791297913,-0.3889572024345398,0.9573071002960205,0.9150322079658508,0.7554247379302979,-0.18515625596046448,0.9065027832984924,0.45150789618492126,0.7343109846115112,-0.45813336968421936,0.9631026387214661,0.9038774371147156,0.7388588786125183,-0.09595892578363419,0.9175708889961243,0.4640856683254242,0.7180183529853821,-0.36284729838371277,0.9621277451515198,0.6801478266716003,0.7358666062355042,0.03809020668268204,0.9934487342834473,0.556688129901886,0.7117578983306885,-0.03763069584965706,0.9947996139526367,0.6777821779251099,1.003867745399475,-0.1079774722456932,0.6026726365089417,0.4939660131931305,0.9969618320465088,-0.05322481319308281,0.7153245806694031,0.6570443511009216,1.3007420301437378,0.3762282729148865,0.06648805737495422,0.49479708075523376,1.2716280221939087,0.4306887984275818,0.11111641675233841,0.6470606327056885,1.3290027379989624,0.41532954573631287,0.07045542448759079,0.49447816610336304,1.2963963747024536,0.4732486307621002,0.06990838795900345,0.6676301956176758,1.4016454219818115,0.22059495747089386,0.037974804639816284,0.496937096118927,1.376878261566162,0.2477807104587555,0.06130245327949524
2026-04-30T18:50:16.719311,102,0.6909387707710266,0.15721525251865387,-0.5366016030311584,0.9992883801460266,0.7056775093078613,0.12939141690731049,-0.5096397995948792,0.9977909922599792,0.7137290835380554,0.13082875311374664,-0.5098282098770142,0.9977629780769348,0.721185028553009,0.13209043443202972,-0.5099686980247498,0.9972920417785645,0.6840436458587646,0.12411301583051682,-0.520238995552063,0.9986279606819153,0.6764533519744873,0.12216367572546005,-0.5203094482421875,0.9987058639526367,0.6686481237411499,0.12024085223674774,-0.5205278992652893,0.9986221790313721,0.7273275256156921,0.14537778496742249,-0.3039608299732208,0.9974772930145264,0.6540995836257935,0.12777744233608246,-0.3487451672554016,0.9992477893829346,0.6996487379074097,0.18827542662620544,-0.45379942655563354,0.9995169043540955,0.6738746166229248,0.18199865520000458,-0.4666171073913574,0.9996241927146912,0.7666277885437012,0.3225319981575012,-0.10813609510660172,0.9996176362037659,0.5679478049278259,0.28489622473716736,-0.24085918068885803,0.9998446106910706,0.7726507186889648,0.5360643863677979,0.09759712964296341,0.9737986326217651,0.5126492977142334,0.49916309118270874,-0.16083118319511414,0.9885908961296082,0.8068234324455261,0.7081009745597839,-0.04391563683748245,0.9368801116943359,0.4298158586025238,0.6736000776290894,-0.32577842473983765,0.9795631766319275,0.8261815905570984,0.7668535709381104,-0.08455698192119598,0.8975319862365723,0.39879652857780457,0.7288987636566162,-0.3804967701435089,0.9605820178985596,0.8213197588920593,0.7733392119407654,-0.16233448684215546,0.9140185117721558,0.4082724153995514,0.734214723110199,-0.45201483368873596,0.9659419059753418,0.8139801025390625,0.7577072381973267,-0.0788721889257431,0.9240255951881409,0.4219486713409424,0.7167784571647644,-0.35691574215888977,0.9649791717529297,0.6800972819328308,0.7337319850921631,0.033858295530080795,0.9939894080162048,0.5568007230758667,0.7110043168067932,-0.03339764103293419,0.9952248334884644,0.6775208115577698,1.0026590824127197,-0.0705028623342514,0.6254191994667053,0.498915433883667,0.9970985054969788,-0.014721544459462166,0.7211248278617859,0.657441258430481,1.29160475730896,0.4499390721321106,0.07286553084850311,0.5049808025360107,1.2707031965255737,0.5084437727928162,0.1149045005440712,0.6475505232810974,1.3168727159500122,0.49415841698646545,0.07585969567298889,0.5053737759590149,1.295385479927063,0.5566205978393555,0.07046095281839371,0.6666954755783081,1.3982937335968018,0.3111431896686554,0.04302125424146652,0.5062336921691895,1.3748670816421509,0.34565526247024536,0.06331755220890045
2026-04-30T18:50:16.824800,103,0.6470926403999329,0.15004348754882812,-0.552155077457428,0.9993441700935364,0.6612807512283325,0.12096834182739258,-0.5284797549247742,0.9979769587516785,0.6692995429039001,0.12233760952949524,-0.5286441445350647,0.9979529976844788,0.6770785450935364,0.12377644330263138,-0.5288164615631104,0.9975229501724243,0.6358600854873657,0.11782228201627731,-0.532227098941803,0.9987372159957886,0.626036524772644,0.1170274093747139,-0.5322610139846802,0.9988086223602295,0.6168035268783569,0.11626101285219193,-0.5324341654777527,0.9987280368804932,0.6873607039451599,0.13663335144519806,-0.3261502981185913,0.9976865649223328,0.6080611348152161,0.12530681490898132,-0.3403560519218445,0.999301552772522,0.6598871946334839,0.18130584061145782,-0.46989506483078003,0.999553918838501,0.6319739818572998,0.1772383153438568,-0.47390085458755493,0.9996496438980103,0.7456048130989075,0.3126668334007263,-0.11280392110347748,0.9996364712715149,0.5428118109703064,0.2894377112388611,-0.2340594232082367,0.9998498558998108,0.7499582171440125,0.5217173099517822,0.12155970185995102,0.973125159740448,0.4922502636909485,0.5004870295524597,-0.13835498690605164,0.9891908168792725,0.7654584050178528,0.6981589198112488,0.06636426597833633,0.9397589564323425,0.40556415915489197,0.671828031539917,-0.2551952004432678,0.9805436730384827,0.7827460169792175,0.7574538588523865,0.043736688792705536,0.9013946652412415,0.3701072335243225,0.7269982695579529,-0.2970694601535797,0.9620006084442139,0.7767544984817505,0.7620739340782166,-0.024351000785827637,0.9169222712516785,0.37815651297569275,0.733141303062439,-0.3692062497138977,0.9671058654785156,0.7654431462287903,0.7429288625717163,0.03851749002933502,0.9261347055435181,0.3926071524620056,0.7155640721321106,-0.28638309240341187,0.9662227034568787,0.6738302707672119,0.7299226522445679,0.0338640995323658,0.9944222569465637,0.5542470216751099,0.7141639590263367,-0.0334065705537796,0.9955826997756958,0.6773262023925781,1.0005156993865967,-0.024146094918251038,0.6524491310119629,0.5064030885696411,1.0030463933944702,-0.040957894176244736,0.7402757406234741,0.6721237897872925,1.2689934968948364,0.505654513835907,0.09085646271705627,0.5115052461624146,1.2488752603530884,0.4826752245426178,0.1229347214102745,0.6634687185287476,1.2939064502716064,0.5509480834007263,0.08568408340215683,0.5149713754653931,1.2655773162841797,0.5314366817474365,0.0723729133605957,0.6816444993019104,1.3773269653320312,0.3838784098625183,0.051800891757011414,0.5090205669403076,1.3500275611877441,0.3377179503440857,0.06624482572078705
2026-04-30T18:50:16.939134,104,0.6130146980285645,0.14888055622577667,-0.46069225668907166,0.9994021654129028,0.6236971020698547,0.11838148534297943,-0.43586301803588867,0.9981638789176941,0.6311243176460266,0.1191495954990387,-0.43600088357925415,0.9981410503387451,0.6382573843002319,0.1199578270316124,-0.43616360425949097,0.9977514147758484,0.5979695320129395,0.1168489083647728,-0.4461173415184021,0.9988518357276917,0.5874363780021667,0.11666088551282883,-0.4461192488670349,0.9989168643951416,0.5780003666877747,0.11638949066400528,-0.44617876410484314,0.9988427758216858,0.6448575258255005,0.13211984932422638,-0.24211294949054718,0.9978948831558228,0.5653761625289917,0.12580755352973938,-0.29419028759002686,0.9993648529052734,0.6236032247543335,0.17949458956718445,-0.3824426531791687,0.9995915293693542,0.5958536863327026,0.17728972434997559,-0.39541032910346985,0.9996788501739502,0.69987952709198,0.3045724928379059,-0.03906617313623428,0.9996568560600281,0.5107316374778748,0.3005358874797821,-0.22118134796619415,0.9998559951782227,0.7179107069969177,0.500904381275177,0.21528787910938263,0.9699320197105408,0.4669713079929352,0.5100091099739075,-0.1476755440235138,0.9899542927742004,0.7442640662193298,0.6879684925079346,0.21177451312541962,0.942482054233551,0.3853285014629364,0.6785582304000854,-0.26760098338127136,0.981701672077179,0.7636817693710327,0.7565730810165405,0.19469507038593292,0.9052937626838684,0.3476746082305908,0.7363895773887634,-0.31230467557907104,0.9639376401901245,0.7565661668777466,0.7549499869346619,0.13221408426761627,0.9199338555335999,0.3561285734176636,0.7403512597084045,-0.3817203938961029,0.9687556028366089,0.7453063726425171,0.7367660403251648,0.18625253438949585,0.9285257458686829,0.37163740396499634,0.7226594090461731,-0.298200398683548,0.967983067035675,0.6569241285324097,0.728809654712677,0.03984714299440384,0.9948832988739014,0.5422486066818237,0.7210294008255005,-0.03933126851916313,0.995936393737793,0.673559308052063,0.994231641292572,0.012011540122330189,0.6774023771286011,0.5048948526382446,1.0023061037063599,-0.02208813466131687,0.7533127665519714,0.6763278245925903,1.2663655281066895,0.465684175491333,0.11062637716531754,0.5073227882385254,1.2196128368377686,0.4710690975189209,0.12778055667877197,0.6663304567337036,1.2926955223083496,0.5100350379943848,0.09993617981672287,0.5097965002059937,1.2317458391189575,0.5171710252761841,0.07322003692388535,0.6943591833114624,1.373848795890808,0.3445422947406769,0.06157013773918152,0.504845917224884,1.3241994380950928,0.3422982692718506,0.06809499114751816
2026-04-30T18:50:17.053608,105,0.5760148763656616,0.13569675385951996,-0.32455873489379883,0.9994552135467529,0.5853925943374634,0.10730358213186264,-0.3000592589378357,0.9983352422714233,0.5926945209503174,0.1072828620672226,-0.3002170920372009,0.9983137249946594,0.5996636152267456,0.10750020295381546,-0.30037468671798706,0.9979622960090637,0.5622156858444214,0.1081930622458458,-0.3097987771034241,0.9989560842514038,0.5532468557357788,0.10905568301677704,-0.30976608395576477,0.9990142583847046,0.5440124273300171,0.11012677103281021,-0.3098932206630707,0.9989468455314636,0.6025130748748779,0.12010229378938675,-0.13863953948020935,0.9980854392051697,0.5289324522018433,0.12289107590913773,-0.18594850599765778,0.9994208812713623,0.5864852666854858,0.16529127955436707,-0.2611415982246399,0.9996267557144165,0.5599086880683899,0.16714708507061005,-0.2738006114959717,0.9997054934501648,0.6657136678695679,0.2929134666919708,-0.0074188075959682465,0.9996784329414368,0.47198566794395447,0.3068522810935974,-0.16315004229545593,0.9998597502708435,0.6858270764350891,0.4914601743221283,0.17724034190177917,0.9676834940910339,0.43996745347976685,0.5170982480049133,-0.12147895246744156,0.99055016040802,0.727462887763977,0.6656780242919922,0.14549520611763,0.946347177028656,0.36892205476760864,0.6865710616111755,-0.2096828669309616,0.9828106164932251,0.7516201734542847,0.72669517993927,0.1268930733203888,0.9115568399429321,0.33546966314315796,0.7481481432914734,-0.24609270691871643,0.9659576416015625,0.7455544471740723,0.7293775081634521,0.07326458394527435,0.9250726699829102,0.3411893844604492,0.7498617768287659,-0.30938011407852173,0.970515787601471,0.7332898378372192,0.7066530585289001,0.12306807190179825,0.9328775405883789,0.35489532351493835,0.7337784171104431,-0.23772287368774414,0.96992027759552,0.6321694850921631,0.7248258590698242,0.040094129741191864,0.9953379034996033,0.5158335566520691,0.7232996821403503,-0.0396285355091095,0.9962814450263977,0.6548673510551453,0.9938835501670837,-0.001848457963205874,0.6961708664894104,0.4873032569885254,1.0019686222076416,-0.016758086159825325,0.7541085481643677,0.6704212427139282,1.2436450719833374,0.37764468789100647,0.11993343383073807,0.49153995513916016,1.1907106637954712,0.4667886793613434,0.12244275957345963,0.6614368557929993,1.2684587240219116,0.40942415595054626,0.1060456782579422,0.49481311440467834,1.203216791152954,0.5139652490615845,0.0704243928194046,0.6892022490501404,1.3513104915618896,0.3148643374443054,0.06608591228723526,0.4919448494911194,1.2856574058532715,0.39746594429016113,0.06537408381700516
2026-04-30T18:50:17.163023,106,0.5425784587860107,0.13421811163425446,-0.35396188497543335,0.9994772672653198,0.5482074618339539,0.10615522414445877,-0.3295098841190338,0.9984385371208191,0.5547486543655396,0.10574253648519516,-0.3297021985054016,0.9984224438667297,0.5611077547073364,0.10560242831707001,-0.3299112617969513,0.9981013536453247,0.528102457523346,0.10785271227359772,-0.3406648337841034,0.9990040063858032,0.5201688408851624,0.10887915641069412,-0.3406488299369812,0.9990613460540771,0.5127605199813843,0.11009334772825241,-0.34082454442977905,0.9989940524101257,0.5627793073654175,0.11666114628314972,-0.15381595492362976,0.9981968402862549,0.4999300539493561,0.12301945686340332,-0.20485401153564453,0.999439001083374,0.5532168745994568,0.16117097437381744,-0.28337961435317993,0.9996389150619507,0.5290142893791199,0.16388684511184692,-0.29798367619514465,0.9997078776359558,0.6344128847122192,0.28085193037986755,-0.007306274957954884,0.9996901154518127,0.4453577995300293,0.3103967010974884,-0.15427647531032562,0.9998519420623779,0.6634056568145752,0.4804936349391937,0.18357998132705688,0.9671915173530579,0.41824206709861755,0.523784875869751,-0.10586792230606079,0.9909217357635498,0.7141536474227905,0.6519489288330078,0.1459234356880188,0.9499006867408752,0.34835487604141235,0.7027574181556702,-0.20160925388336182,0.983634352684021,0.7417223453521729,0.7057967782020569,0.12478232383728027,0.9168909788131714,0.3181610703468323,0.7659434676170349,-0.2389202117919922,0.96736079454422,0.7346900701522827,0.7110579013824463,0.06633102148771286,0.9294998645782471,0.321951687335968,0.7652336359024048,-0.3093857765197754,0.9717487692832947,0.7214033603668213,0.6891986131668091,0.12137484550476074,0.9364835023880005,0.33478206396102905,0.7495207190513611,-0.232533261179924,0.9711551070213318,0.6113543510437012,0.7186264395713806,0.03988046199083328,0.9956963658332825,0.49471515417099,0.7234438061714172,-0.03945029899477959,0.9965506792068481,0.6384086608886719,0.985030472278595,0.01483436394482851,0.7066650986671448,0.4672425389289856,1.0019476413726807,-0.04690256714820862,0.7549289464950562,0.6568836569786072,1.2295129299163818,0.4573676586151123,0.12498734891414642,0.4747914671897888,1.204776406288147,0.38856273889541626,0.12214803695678711,0.6529425382614136,1.2558025121688843,0.4957641065120697,0.107300765812397,0.47751981019973755,1.217311143875122,0.429201602935791,0.06798908859491348,0.6718065738677979,1.3247259855270386,0.35946333408355713,0.06835300475358963,0.4835268557071686,1.2960963249206543,0.26112115383148193,0.06483063846826553
2026-04-30T18:50:17.270298,107,0.5002226233482361,0.135684072971344,-0.42370161414146423,0.9995055198669434,0.5069014430046082,0.10697970539331436,-0.405342161655426,0.9985519647598267,0.5142630338668823,0.1060345396399498,-0.4055328369140625,0.9985386729240417,0.521422266960144,0.1051015704870224,-0.4057806432247162,0.9982447028160095,0.48530489206314087,0.1088089719414711,-0.41348209977149963,0.9990628361701965,0.47770458459854126,0.10963776707649231,-0.413411945104599,0.9991171360015869,0.47024697065353394,0.11063563078641891,-0.41359400749206543,0.9990518093109131,0.5262705087661743,0.1125788763165474,-0.2237924337387085,0.9983243942260742,0.46171578764915466,0.12323352694511414,-0.2611522078514099,0.9994680881500244,0.5138726830482483,0.16134868562221527,-0.3485248386859894,0.9996581077575684,0.4887479841709137,0.16434915363788605,-0.35929131507873535,0.9997186660766602,0.6032211184501648,0.2671220600605011,-0.05049274116754532,0.9997012615203857,0.4169197976589203,0.3142428994178772,-0.16873683035373688,0.9998472929000854,0.6340568661689758,0.46682965755462646,0.16023865342140198,0.9658812284469604,0.39402148127555847,0.5330191254615784,-0.10880638659000397,0.9912759065628052,0.6901461482048035,0.6356574892997742,0.09716662764549255,0.9525177478790283,0.32444512844085693,0.7105333209037781,-0.21990537643432617,0.9845994710922241,0.7173066735267639,0.6865442991256714,0.0735093504190445,0.9207727909088135,0.29567259550094604,0.7685126066207886,-0.26017722487449646,0.9691149592399597,0.7105862498283386,0.6911332607269287,0.008147912099957466,0.9327208995819092,0.29438385367393494,0.7686170935630798,-0.3355486989021301,0.9732999205589294,0.6990447044372559,0.6710165739059448,0.0694732517004013,0.9391186833381653,0.30658116936683655,0.7530967593193054,-0.25324422121047974,0.9727519154548645,0.5867798328399658,0.714430570602417,0.039191097021102905,0.9960361123085022,0.4725874960422516,0.7242215275764465,-0.03884776681661606,0.9967981576919556,0.6259376406669617,0.9842618703842163,0.014669559895992279,0.7144420146942139,0.44946783781051636,1.0028483867645264,-0.04561382159590721,0.7515731453895569,0.6442891359329224,1.2332311868667603,0.45993027091026306,0.12954843044281006,0.4539391100406647,1.2124748229980469,0.4059422016143799,0.11982960253953934,0.6407009363174438,1.2601679563522339,0.4981478154659271,0.10973194241523743,0.45768776535987854,1.2253601551055908,0.44852298498153687,0.06575514376163483,0.6594322323799133,1.3302547931671143,0.3472347855567932,0.06999941170215607,0.4620932936668396,1.3040224313735962,0.2720785140991211,0.06331558525562286
2026-04-30T18:50:17.384888,108,0.4850817620754242,0.13615818321704865,-0.32111281156539917,0.9995400905609131,0.4907951354980469,0.10727816075086594,-0.29815158247947693,0.9986682534217834,0.49754300713539124,0.10622307658195496,-0.2983272969722748,0.9986569285392761,0.5040411353111267,0.10521716624498367,-0.2985400855541229,0.998389482498169,0.4688747525215149,0.10935941338539124,-0.30551689863204956,0.9991323351860046,0.4607844948768616,0.11015637218952179,-0.30545884370803833,0.9991840124130249,0.4522266387939453,0.11106845736503601,-0.3056132197380066,0.9991241693496704,0.5069723725318909,0.11253973096609116,-0.12959513068199158,0.9984526038169861,0.4419987201690674,0.12335602194070816,-0.16388019919395447,0.9995073080062866,0.49605903029441833,0.16183127462863922,-0.2530129849910736,0.9996756911277771,0.47140392661094666,0.16481898725032806,-0.2626822590827942,0.9997320771217346,0.5806900262832642,0.26979854702949524,0.008744104765355587,0.999707818031311,0.39532285928726196,0.3229318857192993,-0.09997542202472687,0.9998482465744019,0.6145720481872559,0.46758902072906494,0.2115439921617508,0.9646503329277039,0.36393797397613525,0.5385677218437195,-0.04061158746480942,0.9917885065078735,0.6748335361480713,0.6336883306503296,0.20605146884918213,0.9550755023956299,0.28149473667144775,0.7083081007003784,-0.13134974241256714,0.9856783747673035,0.7048039436340332,0.6827594041824341,0.19225171208381653,0.9247375130653381,0.2502109408378601,0.7630282640457153,-0.16053538024425507,0.9711458086967468,0.698513388633728,0.6864237189292908,0.1402953565120697,0.9359441995620728,0.24606461822986603,0.7628563046455383,-0.2371998131275177,0.9750853180885315,0.6846656203269958,0.6671885251998901,0.184860497713089,0.9418733716011047,0.25911787152290344,0.7475284337997437,-0.16516408324241638,0.9745888113975525,0.5738744735717773,0.71536785364151,0.03896816074848175,0.9963486790657043,0.45828351378440857,0.7311113476753235,-0.038701511919498444,0.9970507025718689,0.6203007698059082,0.9872840642929077,0.009165529161691666,0.7289625406265259,0.43891316652297974,1.0135836601257324,-0.045129772275686264,0.7560846209526062,0.6394394636154175,1.2402681112289429,0.44920453429222107,0.13756722211837769,0.44976097345352173,1.2725462913513184,0.3166642189025879,0.12405199557542801,0.6368507146835327,1.2672532796859741,0.48213815689086914,0.11171364039182663,0.4514857828617096,1.2965375185012817,0.3481592833995819,0.06384406238794327,0.6549326181411743,1.3375961780548096,0.33677998185157776,0.07242163270711899,0.4614606499671936,1.3638583421707153,0.15471336245536804,0.0637100338935852
2026-04-30T18:50:17.490568,109,0.4731767773628235,0.13660608232021332,-0.34979182481765747,0.9995653033256531,0.47909221053123474,0.10732799023389816,-0.32592788338661194,0.9987613558769226,0.48590153455734253,0.10626472532749176,-0.3261283338069916,0.9987509250640869,0.4923948347568512,0.10532934218645096,-0.3263304531574249,0.9985020160675049,0.4568249583244324,0.1095995157957077,-0.33424800634384155,0.9991851449012756,0.44892221689224243,0.11043549329042435,-0.33417680859565735,0.9992359280586243,0.4414510130882263,0.11136701703071594,-0.3343293070793152,0.9991796016693115,0.49589166045188904,0.11272396147251129,-0.14797712862491608,0.9985479116439819,0.4296242296695709,0.12347205728292465,-0.18642614781856537,0.9995413422584534,0.48533540964126587,0.16300654411315918,-0.2780587077140808,0.9996855854988098,0.459484338760376,0.16530145704746246,-0.28879719972610474,0.9997420907020569,0.5677348375320435,0.2696545422077179,-0.0013580748345702887,0.9997080564498901,0.37749359011650085,0.3262117803096771,-0.12086743116378784,0.9998445510864258,0.6002633571624756,0.4671957194805145,0.18152542412281036,0.9618493914604187,0.33103814721107483,0.5400266051292419,-0.07027123868465424,0.9923807382583618,0.6571009755134583,0.6334689259529114,0.13335862755775452,0.9565085172653198,0.22177302837371826,0.7076391577720642,-0.18336695432662964,0.9866860508918762,0.6855061054229736,0.6819772720336914,0.11259454488754272,0.9268885850906372,0.18730686604976654,0.760804295539856,-0.22087213397026062,0.9730091691017151,0.678774893283844,0.6849759221076965,0.05886495113372803,0.9376000761985779,0.18437930941581726,0.7595974802970886,-0.2948765158653259,0.9767484068870544,0.6651126742362976,0.6667706966400146,0.10926830768585205,0.9433497786521912,0.19902263581752777,0.74382483959198,-0.21474599838256836,0.9763661623001099,0.5713038444519043,0.7154733538627625,0.03897026926279068,0.9966017603874207,0.45712941884994507,0.7348229289054871,-0.038692571222782135,0.9972413778305054,0.6137974858283997,0.9936339259147644,0.009578792378306389,0.7435371279716492,0.44072967767715454,1.0257325172424316,-0.05104416608810425,0.7586923837661743,0.6396006345748901,1.24301278591156,0.3954029977321625,0.14581945538520813,0.45543551445007324,1.2895827293395996,0.2964964509010315,0.12403371185064316,0.6369339823722839,1.2746193408966064,0.4240768551826477,0.11621511727571487,0.45657044649124146,1.3143612146377563,0.32755154371261597,0.0617019347846508,0.6560910940170288,1.3413499593734741,0.27669891715049744,0.07436362653970718,0.4616881310939789,1.3837212324142456,0.13885965943336487,0.06214186176657677
2026-04-30T18:50:17.603912,110,0.4520077705383301,0.1369841992855072,-0.41921883821487427,0.999579668045044,0.45903101563453674,0.10785698145627975,-0.39403748512268066,0.9988386034965515,0.4658925533294678,0.10693202167749405,-0.39426302909851074,0.9988285899162292,0.472475528717041,0.10614584386348724,-0.39449140429496765,0.9985992312431335,0.4365557134151459,0.1098857969045639,-0.4004703164100647,0.999218761920929,0.4284716248512268,0.11066658794879913,-0.40047040581703186,0.9992667436599731,0.420803964138031,0.11157238483428955,-0.40063968300819397,0.9992122054100037,0.47643905878067017,0.11403711140155792,-0.20403707027435303,0.9986222982406616,0.4095486104488373,0.12366955727338791,-0.2418535053730011,0.9995590448379517,0.46478670835494995,0.16354060173034668,-0.34396469593048096,0.9996881484985352,0.43763503432273865,0.16574430465698242,-0.3538920283317566,0.9997449517250061,0.549742579460144,0.27299419045448303,-0.0739406868815422,0.9997086524963379,0.3594651520252228,0.33041757345199585,-0.13059857487678528,0.999834418296814,0.5880244970321655,0.463696151971817,0.021135184913873672,0.9571666121482849,0.2940858006477356,0.538581132888794,-0.08056943863630295,0.9926339387893677,0.6430366635322571,0.6262557506561279,-0.1261262446641922,0.9567835927009583,0.16677969694137573,0.703926146030426,-0.1988285481929779,0.9865986108779907,0.6691690683364868,0.6750151515007019,-0.16467459499835968,0.9276197552680969,0.1255299597978592,0.7582874894142151,-0.23270146548748016,0.9726200103759766,0.6613186597824097,0.6776961088180542,-0.219096377491951,0.9379966855049133,0.12368503957986832,0.7594496607780457,-0.31142839789390564,0.9765886068344116,0.6492782831192017,0.66002357006073,-0.15289077162742615,0.9432140588760376,0.13700100779533386,0.7422807216644287,-0.23287513852119446,0.9766255021095276,0.5684983730316162,0.7125833630561829,0.03807159885764122,0.9966461062431335,0.4573214650154114,0.7343472242355347,-0.037778981029987335,0.997247576713562,0.6125068068504333,0.9924090504646301,0.027720903977751732,0.7539456486701965,0.4445771276950836,1.024757742881775,-0.0675823837518692,0.7609362006187439,0.6406038999557495,1.2287423610687256,0.4162205755710602,0.159010112285614,0.45594486594200134,1.2805603742599487,0.2977202832698822,0.1264239400625229,0.6373364329338074,1.2598243951797485,0.44493022561073303,0.1266617774963379,0.45703592896461487,1.3052170276641846,0.3314809203147888,0.061314430087804794,0.6604723334312439,1.3185487985610962,0.3139508366584778,0.07973446696996689,0.46430960297584534,1.3757908344268799,0.15033717453479767,0.0622369758784771
2026-04-30T18:50:17.708514,111,0.43755975365638733,0.13646291196346283,-0.3886946141719818,0.999584972858429,0.4427138864994049,0.10816963762044907,-0.3650674819946289,0.9988923668861389,0.4488746225833893,0.1073041632771492,-0.3653143644332886,0.9988819360733032,0.45475926995277405,0.10660266131162643,-0.3655514121055603,0.9986759424209595,0.4238296151161194,0.11011343449354172,-0.3696609437465668,0.9992327094078064,0.4163813591003418,0.11082588136196136,-0.3696713447570801,0.9992747902870178,0.4093726575374603,0.11160916835069656,-0.3698439598083496,0.9992238879203796,0.45794573426246643,0.11471197009086609,-0.19066284596920013,0.9986737370491028,0.3967161774635315,0.12436402589082718,-0.21911685168743134,0.9995487928390503,0.45121684670448303,0.162519171833992,-0.3199180066585541,0.9996837377548218,0.425696462392807,0.16557201743125916,-0.32714033126831055,0.99973464012146,0.5418821573257446,0.2673906683921814,-0.09507100284099579,0.9997185468673706,0.34660452604293823,0.33282461762428284,-0.12237648665904999,0.9998115301132202,0.5851432085037231,0.4576862156391144,-0.036822374910116196,0.9578803181648254,0.2715222239494324,0.5363563895225525,-0.0874275490641594,0.9927916526794434,0.6451404690742493,0.6179376840591431,-0.16675153374671936,0.95924311876297,0.13929519057273865,0.7014395594596863,-0.20500501990318298,0.9863722324371338,0.6720168590545654,0.6689355969429016,-0.20447316765785217,0.9313146471977234,0.09635721147060394,0.7547555565834045,-0.23696871101856232,0.9718698859214783,0.6622495651245117,0.671759843826294,-0.25588375329971313,0.9410870671272278,0.0916079729795456,0.7545122504234314,-0.3158784508705139,0.9761766791343689,0.6485679745674133,0.6535500288009644,-0.1914290189743042,0.945725679397583,0.10764646530151367,0.7371987104415894,-0.24051158130168915,0.9766619801521301,0.570148766040802,0.7019757032394409,0.026440799236297607,0.9966131448745728,0.45865780115127563,0.7332512736320496,-0.02620859071612358,0.9970918893814087,0.6135921478271484,0.9894177913665771,0.025457721203565598,0.7623769044876099,0.4469892084598541,1.0227149724960327,-0.07428651303052902,0.7556520700454712,0.6449825167655945,1.222023844718933,0.3697665333747864,0.16715949773788452,0.4581001400947571,1.2780920267105103,0.2896641194820404,0.12466080486774445,0.6438205242156982,1.252363681793213,0.40084347128868103,0.13175246119499207,0.4575158953666687,1.3015629053115845,0.32402950525283813,0.060172952711582184,0.6697357892990112,1.311584234237671,0.27801769971847534,0.08399798721075058,0.4661250114440918,1.367623209953308,0.16951516270637512,0.06114328280091286
2026-04-30T18:50:17.817728,112,0.4271088242530823,0.136809840798378,-0.3541555404663086,0.9996091723442078,0.4298335015773773,0.10863699018955231,-0.33198362588882446,0.99897301197052,0.4351113438606262,0.10746307671070099,-0.3321727514266968,0.9989621639251709,0.44026726484298706,0.10681043565273285,-0.33240264654159546,0.9987752437591553,0.4126211106777191,0.11166916787624359,-0.3381900191307068,0.9992788434028625,0.40637102723121643,0.11273784190416336,-0.3382386565208435,0.9993172883987427,0.3999701142311096,0.11403056234121323,-0.33839118480682373,0.9992713928222656,0.4419802725315094,0.11530303955078125,-0.16377949714660645,0.9987705945968628,0.38552334904670715,0.12813745439052582,-0.1988876760005951,0.999571681022644,0.4406047761440277,0.16301894187927246,-0.28680551052093506,0.9997019171714783,0.41731199622154236,0.16581939160823822,-0.2960945963859558,0.9997482895851135,0.5338708162307739,0.26473626494407654,-0.0880352258682251,0.9997391104698181,0.3362393379211426,0.3369435966014862,-0.11247050762176514,0.9998149871826172,0.5873932242393494,0.4519761800765991,-0.025218944996595383,0.9596605896949768,0.2558465898036957,0.5372282266616821,-0.09038321673870087,0.9931179881095886,0.6521732807159424,0.6089142560958862,-0.1419871300458908,0.9620374441146851,0.1163661926984787,0.69862300157547,-0.20921799540519714,0.986701488494873,0.6785831451416016,0.6591211557388306,-0.1785886287689209,0.9356114864349365,0.07320232689380646,0.7465152144432068,-0.24285078048706055,0.9722926020622253,0.6680720448493958,0.6626896262168884,-0.2275812327861786,0.9447354674339294,0.06927740573883057,0.7444299459457397,-0.3206186890602112,0.9766748547554016,0.6537304520606995,0.6453436613082886,-0.16555310785770416,0.9488479495048523,0.08588588237762451,0.7292858362197876,-0.24321627616882324,0.9773938655853271,0.5704278945922852,0.6974827647209167,0.02113119512796402,0.9965947866439819,0.4604920446872711,0.7325198650360107,-0.02088264562189579,0.9969642758369446,0.6151032447814941,0.987535834312439,-0.004208561033010483,0.7728527784347534,0.4477701783180237,1.0217816829681396,-0.0971873477101326,0.7552172541618347,0.6464558839797974,1.2091431617736816,0.3750077784061432,0.17994390428066254,0.4596228003501892,1.2752968072891235,0.28654780983924866,0.12742793560028076,0.6462104916572571,1.2368818521499634,0.41006308794021606,0.1412537544965744,0.4598464369773865,1.2999458312988281,0.32307949662208557,0.061334989964962006,0.6737128496170044,1.299332857131958,0.28235700726509094,0.09218218177556992,0.4675725996494293,1.3664301633834839,0.17718417942523956,0.06262779980897903
2026-04-30T18:50:17.934580,113,0.4216136038303375,0.14563454687595367,-0.4127986431121826,0.9996398091316223,0.4254739284515381,0.11430295556783676,-0.3901689648628235,0.999060869216919,0.4303078055381775,0.11277583986520767,-0.3902457356452942,0.9990504384040833,0.43598493933677673,0.1114966943860054,-0.39043301343917847,0.9988791942596436,0.4055515229701996,0.11803074926137924,-0.4009760916233063,0.9993370175361633,0.39694660902023315,0.11924243718385696,-0.40106916427612305,0.9993739724159241,0.3885335922241211,0.12097889930009842,-0.4011436104774475,0.9993319511413574,0.43970614671707153,0.11754698306322098,-0.2153656929731369,0.998875081539154,0.37181583046913147,0.13480119407176971,-0.27339741587638855,0.9996066689491272,0.4352683424949646,0.16812704503536224,-0.343431681394577,0.9997236728668213,0.40940991044044495,0.17368318140506744,-0.3594193458557129,0.9997672438621521,0.5259803533554077,0.264016717672348,-0.12647584080696106,0.9997541904449463,0.32853439450263977,0.34598901867866516,-0.17828218638896942,0.9998205900192261,0.5832975506782532,0.4474930465221405,-0.0076416307128965855,0.9611512422561646,0.24079258739948273,0.5429118871688843,-0.18308115005493164,0.9936169385910034,0.6538458466529846,0.6041803359985352,-0.08314227312803268,0.9645542502403259,0.09765281528234482,0.6901485919952393,-0.30683428049087524,0.9874356985092163,0.6818913221359253,0.6506567001342773,-0.13344378769397736,0.939273476600647,0.058385659009218216,0.7382031679153442,-0.3388248383998871,0.9735404253005981,0.6748872399330139,0.65439373254776,-0.2089526206254959,0.9478528499603271,0.05444055050611496,0.7357422709465027,-0.4062822461128235,0.9777956604957581,0.6598339676856995,0.6384003758430481,-0.1103149801492691,0.9516453146934509,0.07096250355243683,0.7184057831764221,-0.3416288495063782,0.9786116480827332,0.5729357600212097,0.694153368473053,0.020898424088954926,0.9964863657951355,0.4632943570613861,0.732364296913147,-0.020579688251018524,0.9968242049217224,0.6173562407493591,0.9815104603767395,0.013542652130126953,0.7851726412773132,0.44892996549606323,1.0208487510681152,-0.0922534316778183,0.7632072567939758,0.6483213901519775,1.1794019937515259,0.4293893873691559,0.20166948437690735,0.4606810212135315,1.2686131000518799,0.2919292747974396,0.14474160969257355,0.6485564112663269,1.2025260925292969,0.46849972009658813,0.15966135263442993,0.46075373888015747,1.288027048110962,0.3257251977920532,0.06845324486494064,0.6763104200363159,1.2739675045013428,0.3714938759803772,0.10641960054636002,0.4694332480430603,1.3649688959121704,0.1724686473608017,0.07007582485675812
2026-04-30T18:50:18.043761,114,0.4105750024318695,0.1470370590686798,-0.4182756543159485,0.9996588230133057,0.41410112380981445,0.11703447252511978,-0.39609450101852417,0.9991264343261719,0.4191513657569885,0.11556824296712875,-0.3961952030658722,0.9991162419319153,0.42472776770591736,0.11411573737859726,-0.39637279510498047,0.9989591836929321,0.3957006633281708,0.12030407786369324,-0.40613865852355957,0.9993741512298584,0.38774374127388,0.1215769350528717,-0.40624532103538513,0.9994099736213684,0.380190908908844,0.1235334500670433,-0.4063469469547272,0.9993714094161987,0.4271062910556793,0.11979783326387405,-0.22240793704986572,0.9989544749259949,0.36540687084198,0.13780969381332397,-0.2764982283115387,0.9996257424354553,0.42324963212013245,0.16882845759391785,-0.34916952252388,0.9997352957725525,0.3994982838630676,0.17455250024795532,-0.36412471532821655,0.9997763633728027,0.5155302882194519,0.26115843653678894,-0.14569321274757385,0.9997678399085999,0.3236387372016907,0.34849485754966736,-0.17449361085891724,0.9998181462287903,0.5784109830856323,0.44250982999801636,-0.04087422043085098,0.962800145149231,0.23485815525054932,0.5429669618606567,-0.16473783552646637,0.9939635992050171,0.6515665054321289,0.5983763337135315,-0.10889063030481339,0.9669257402420044,0.09079162031412125,0.6822935342788696,-0.27959057688713074,0.9877911806106567,0.6807906627655029,0.6420508623123169,-0.13687142729759216,0.9428891539573669,0.05038411542773247,0.7261476516723633,-0.31199631094932556,0.9740483164787292,0.6745015978813171,0.6466709971427917,-0.19087688624858856,0.9509116411209106,0.044660963118076324,0.7230469584465027,-0.383600652217865,0.9783408641815186,0.6586737632751465,0.6315237879753113,-0.13199815154075623,0.9543916583061218,0.06053926423192024,0.7082578539848328,-0.3156726658344269,0.9793358445167542,0.5747078061103821,0.6906973123550415,0.015446802601218224,0.996386706829071,0.4653920531272888,0.7319968938827515,-0.015090981498360634,0.9966610074043274,0.6187976598739624,0.9775134921073914,0.01415068656206131,0.7958986163139343,0.4493902325630188,1.020214319229126,-0.08408002555370331,0.7678819298744202,0.652236819267273,1.1700785160064697,0.4355112910270691,0.21954558789730072,0.46080097556114197,1.2671838998794556,0.30541926622390747,0.1540573537349701,0.6520533561706543,1.1935392618179321,0.4753755033016205,0.1751040667295456,0.4621468186378479,1.2851060628890991,0.3406282365322113,0.07259330153465271,0.6824562549591064,1.2631793022155762,0.3787330985069275,0.11904952675104141,0.4748878479003906,1.3631691932678223,0.17925229668617249,0.07413806021213531
2026-04-30T18:50:18.152302,115,0.4084348678588867,0.14820784330368042,-0.4058291018009186,0.9996685981750488,0.4136689603328705,0.11820479482412338,-0.3823380470275879,0.9991748929023743,0.41973525285720825,0.11665555834770203,-0.3824205994606018,0.9991663098335266,0.42565640807151794,0.11505050957202911,-0.3825851082801819,0.9990206360816956,0.3932989537715912,0.121599480509758,-0.39302903413772583,0.9993939399719238,0.3852594494819641,0.12289300560951233,-0.393116295337677,0.9994308948516846,0.37743306159973145,0.12490466237068176,-0.39318862557411194,0.9993937611579895,0.4289533495903015,0.12140145897865295,-0.21523109078407288,0.9990136027336121,0.3638049364089966,0.14010436832904816,-0.2661329209804535,0.9996330738067627,0.4219539165496826,0.1705051213502884,-0.34028422832489014,0.9997376799583435,0.3971138894557953,0.17614121735095978,-0.3579387068748474,0.999776303768158,0.5186241865158081,0.26242053508758545,-0.12947425246238708,0.9997726082801819,0.3265501856803894,0.3492976129055023,-0.17125068604946136,0.9997941851615906,0.577735424041748,0.43985432386398315,-0.012642060406506062,0.9633417725563049,0.240335613489151,0.5450479984283447,-0.15265634655952454,0.9942079782485962,0.6447306275367737,0.5937482714653015,-0.10409028828144073,0.9688141345977783,0.09718306362628937,0.6816636919975281,-0.269072026014328,0.9878436326980591,0.6730896830558777,0.6403672695159912,-0.10632376372814178,0.9457665681838989,0.05713843181729317,0.7238251566886902,-0.3087415397167206,0.9740655422210693,0.6630774736404419,0.6433061361312866,-0.1415332853794098,0.953269362449646,0.05088239163160324,0.7196665406227112,-0.3779248893260956,0.9784558415412903,0.6481508016586304,0.6282923221588135,-0.10763541609048843,0.9564318060874939,0.0670454353094101,0.7057071924209595,-0.30451327562332153,0.979688286781311,0.5763369202613831,0.6909564137458801,0.015272433869540691,0.9962234497070312,0.4668756425380707,0.731782853603363,-0.01488235592842102,0.9963670372962952,0.6196129322052002,0.9761607646942139,0.011279171332716942,0.8055035471916199,0.45012131333351135,1.0200088024139404,-0.08471851795911789,0.7729974985122681,0.6264801621437073,1.1164826154708862,0.43225184082984924,0.23337696492671967,0.465658962726593,1.2659519910812378,0.2946631908416748,0.15662558376789093,0.6517524123191833,1.200875163078308,0.470895379781723,0.1856660693883896,0.46816080808639526,1.2847477197647095,0.33074653148651123,0.07327499240636826,0.6816763281822205,1.26949942111969,0.3667270243167877,0.1262737214565277,0.4869522154331207,1.361860990524292,0.18321672081947327,0.07423926144838333
2026-04-30T18:50:18.261064,116,0.42090660333633423,0.1479954719543457,-0.36281365156173706,0.999667763710022,0.42397141456604004,0.11810217052698135,-0.3394424021244049,0.9992026090621948,0.42940083146095276,0.11648101359605789,-0.3395954668521881,0.9991951584815979,0.4347797930240631,0.11487067490816116,-0.3397790789604187,0.9990547299385071,0.4047045111656189,0.12150198966264725,-0.3543085753917694,0.9994031190872192,0.396941214799881,0.12277041375637054,-0.354310542345047,0.9994433522224426,0.3887299597263336,0.124761201441288,-0.35443204641342163,0.9994089603424072,0.43467631936073303,0.12147780507802963,-0.16916613280773163,0.999041736125946,0.3746160864830017,0.13977687060832977,-0.24641206860542297,0.9996398687362671,0.432483971118927,0.17036598920822144,-0.29479750990867615,0.9997266530990601,0.4092901647090912,0.17597918212413788,-0.31615525484085083,0.9997703433036804,0.5204012393951416,0.2612766623497009,-0.08861606568098068,0.9997448921203613,0.3336828947067261,0.3483177721500397,-0.17084655165672302,0.9997620582580566,0.5774325132369995,0.4405435025691986,0.006725816521793604,0.9621473550796509,0.2583710849285126,0.5496885776519775,-0.15677544474601746,0.9945607781410217,0.6412149667739868,0.5978526473045349,-0.05279281735420227,0.9692314863204956,0.1312818080186844,0.684821367263794,-0.28138959407806396,0.9884610772132874,0.6670559644699097,0.6457517147064209,-0.06748165935277939,0.9460384845733643,0.08820999413728714,0.7243176102638245,-0.3148662745952606,0.9752684831619263,0.657323956489563,0.6489294171333313,-0.10988771915435791,0.9533252716064453,0.08361537754535675,0.7212684154510498,-0.3876144587993622,0.9795164465904236,0.6443902254104614,0.6333878040313721,-0.06698363274335861,0.9563904404640198,0.09762576222419739,0.7070873975753784,-0.31760072708129883,0.9807488322257996,0.5770923495292664,0.6923854947090149,0.01624167710542679,0.9959490299224854,0.4670066833496094,0.7324199080467224,-0.015867559239268303,0.9960868954658508,0.6172291040420532,0.9762648940086365,0.009894220158457756,0.8146824240684509,0.4506654739379883,1.0231757164001465,-0.09815691411495209,0.7765333652496338,0.6295512914657593,1.1540080308914185,0.3991120457649231,0.24677658081054688,0.4894590973854065,1.2798904180526733,0.2509140074253082,0.15948529541492462,0.6485536694526672,1.2043808698654175,0.4325990676879883,0.1947658658027649,0.49664145708084106,1.2978299856185913,0.2832547724246979,0.07341334968805313,0.6755196452140808,1.275762915611267,0.33029913902282715,0.13313664495944977,0.5101646184921265,1.3761471509933472,0.12549331784248352,0.07469939440488815
2026-04-30T18:50:18.371910,117,0.43391355872154236,0.15052808821201324,-0.4002287983894348,0.9995884895324707,0.43745988607406616,0.11955343931913376,-0.3831694722175598,0.9991018176078796,0.44312673807144165,0.11774197220802307,-0.3832336962223053,0.9990953803062439,0.4486355185508728,0.11601247638463974,-0.3834730386734009,0.998940646648407,0.41754788160324097,0.1233581006526947,-0.3958664536476135,0.9993098974227905,0.40934982895851135,0.12454640120267868,-0.3957178294658661,0.9993624091148376,0.4012577533721924,0.12622670829296112,-0.3958531320095062,0.9993376135826111,0.44944053888320923,0.12255097925662994,-0.20949402451515198,0.9988964200019836,0.3866198658943176,0.14022871851921082,-0.2712683379650116,0.9995903968811035,0.445099413394928,0.17274843156337738,-0.32716721296310425,0.9996405243873596,0.4220404028892517,0.1785128265619278,-0.34503984451293945,0.999712347984314,0.5309464335441589,0.2611352205276489,-0.0920158252120018,0.9996737241744995,0.34567752480506897,0.3465207517147064,-0.17783603072166443,0.9997407793998718,0.5802499651908875,0.44305893778800964,0.022673550993204117,0.9587938785552979,0.2742347717285156,0.5568093657493591,-0.15173247456550598,0.9947240948677063,0.6431729197502136,0.602371871471405,-0.010776590555906296,0.9656803011894226,0.17500373721122742,0.7284785509109497,-0.2650260925292969,0.9885597229003906,0.6639743447303772,0.6576576232910156,-0.026895293965935707,0.9404218792915344,0.13938751816749573,0.7736721038818359,-0.2900094985961914,0.9754734635353088,0.6553035378456116,0.660787045955658,-0.07611297070980072,0.9479750394821167,0.13233789801597595,0.7731408476829529,-0.36689698696136475,0.979741096496582,0.6451355814933777,0.6478106379508972,-0.031157931312918663,0.9512984156608582,0.1479470431804657,0.7601965069770813,-0.3011602461338043,0.9810037016868591,0.5768505334854126,0.6933633685112,0.020517932251095772,0.9954355955123901,0.46486401557922363,0.7326689958572388,-0.020121049135923386,0.9956725835800171,0.6069516539573669,0.9882563352584839,0.012826761230826378,0.8081142902374268,0.45098042488098145,1.03135347366333,-0.10549291223287582,0.7539394497871399,0.6185928583145142,1.231873869895935,0.3770468533039093,0.23692718148231506,0.5097380876541138,1.2884981632232666,0.23514623939990997,0.14796707034111023,0.6247747540473938,1.2625654935836792,0.4071146845817566,0.18722011148929596,0.5185033082962036,1.3079432249069214,0.26486286520957947,0.06843610852956772,0.6353809833526611,1.334246039390564,0.2765439450740814,0.12719473242759705,0.526330828666687,1.3825491666793823,0.08690918236970901,0.0692843645811081
2026-04-30T18:50:18.485335,118,0.4499838948249817,0.15052029490470886,-0.3769102692604065,0.9995905756950378,0.4513208866119385,0.11998124420642853,-0.35239389538764954,0.9991199970245361,0.45636186003685,0.11823538690805435,-0.3525347113609314,0.9991185069084167,0.4607500433921814,0.11667482554912567,-0.35278937220573425,0.9989685416221619,0.4325088858604431,0.12384490668773651,-0.3624243140220642,0.9993070363998413,0.4237782061100006,0.1251668930053711,-0.36230164766311646,0.9993627071380615,0.4157695770263672,0.1268722414970398,-0.3624495267868042,0.9993418455123901,0.4597211480140686,0.12448561936616898,-0.16774706542491913,0.9989166855812073,0.40099287033081055,0.14177566766738892,-0.21661846339702606,0.9995872378349304,0.4582974314689636,0.1729222983121872,-0.3022247850894928,0.9996429085731506,0.4370155334472656,0.17908875644207,-0.31619906425476074,0.9997124075889587,0.5340805649757385,0.26689574122428894,-0.049124497920274734,0.999666690826416,0.36167824268341064,0.34555527567863464,-0.11207511276006699,0.9997394680976868,0.5858151316642761,0.46070167422294617,0.08875375986099243,0.9578906893730164,0.3435930609703064,0.5638862252235413,-0.037812527269124985,0.9948505759239197,0.6446263790130615,0.6395416259765625,-0.002884507179260254,0.9651169776916504,0.30748990178108215,0.7487945556640625,-0.15416887402534485,0.9887707233428955,0.6606961488723755,0.6967911124229431,-0.03443153202533722,0.9403376579284668,0.2954467236995697,0.8086843490600586,-0.19296762347221375,0.9760754108428955,0.6501082181930542,0.6981900334358215,-0.08666621893644333,0.9476338624954224,0.299185186624527,0.8125922679901123,-0.2610684335231781,0.9801868796348572,0.6420693397521973,0.6866065859794617,-0.026379253715276718,0.9505254626274109,0.30437609553337097,0.7967208027839661,-0.18453159928321838,0.9812852740287781,0.5756750702857971,0.6981090307235718,0.020326435565948486,0.995731770992279,0.462480366230011,0.7331841588020325,-0.019911985844373703,0.9959569573402405,0.5830496549606323,0.9895040988922119,-0.06174389272928238,0.7994697690010071,0.45119476318359375,1.030685305595398,-0.10364778339862823,0.7403420805931091,0.5926898121833801,1.241489291191101,0.40983128547668457,0.22390790283679962,0.5041599273681641,1.2860424518585205,0.2724039554595947,0.13929063081741333,0.5905970335006714,1.2659083604812622,0.4557109773159027,0.1781299114227295,0.5104914307594299,1.3066920042037964,0.3087812066078186,0.0645451694726944,0.6037405729293823,1.3421939611434937,0.3041306138038635,0.1199083924293518,0.5246831178665161,1.3793683052062988,0.12329530715942383,0.06511589139699936
2026-04-30T18:50:18.595024,119,0.4865432381629944,0.1453247368335724,-0.30509036779403687,0.9996179342269897,0.4864543378353119,0.11755518615245819,-0.27678245306015015,0.9991879463195801,0.49121028184890747,0.11595562100410461,-0.2768690586090088,0.999186635017395,0.4952266812324524,0.11462954431772232,-0.27706632018089294,0.9990497827529907,0.4663841724395752,0.12258195132017136,-0.29079583287239075,0.9993565678596497,0.4573579430580139,0.12453962117433548,-0.2906445264816284,0.9994075298309326,0.44951850175857544,0.12657366693019867,-0.2907744348049164,0.9993897080421448,0.4920649528503418,0.1244591772556305,-0.08931995928287506,0.9989966154098511,0.4351036548614502,0.14159183204174042,-0.15684817731380463,0.9996172785758972,0.49630674719810486,0.16934749484062195,-0.2306993007659912,0.9996668696403503,0.4729405343532562,0.17577414214611053,-0.24958685040473938,0.9997312426567078,0.5623754262924194,0.26843708753585815,0.03077034279704094,0.9996848702430725,0.3913782238960266,0.34106916189193726,-0.09191877394914627,0.9997549653053284,0.5981792211532593,0.46982699632644653,0.15941213071346283,0.9598797559738159,0.38120800256729126,0.5613603591918945,-0.05447830632328987,0.9951456785202026,0.6471014618873596,0.6649371385574341,0.04586871713399887,0.9667225480079651,0.3689480423927307,0.7524639368057251,-0.18090996146202087,0.9894360303878784,0.6604534983634949,0.7168012857437134,0.002939742524176836,0.9431339502334595,0.3590744435787201,0.8194224238395691,-0.22271208465099335,0.9775369167327881,0.6485472321510315,0.7195826768875122,-0.05443382263183594,0.949910581111908,0.37084129452705383,0.819403350353241,-0.28861480951309204,0.9813558459281921,0.6414997577667236,0.7076789140701294,0.019894154742360115,0.9524030685424805,0.37807968258857727,0.8027508854866028,-0.2094607800245285,0.9822989702224731,0.5762140154838562,0.7045162916183472,0.029234353452920914,0.9960971474647522,0.46327123045921326,0.7330296635627747,-0.028606053441762924,0.9963037967681885,0.5782426595687866,0.9898225665092468,-0.04563996195793152,0.7936473488807678,0.45194417238235474,1.0293720960617065,-0.08993708342313766,0.7297922968864441,0.5905409455299377,1.2548754215240479,0.4002668857574463,0.2125207632780075,0.5012179613113403,1.2897025346755981,0.2506985366344452,0.13125105202198029,0.5875082612037659,1.2806828022003174,0.43849214911460876,0.1694663166999817,0.5063112378120422,1.3131680488586426,0.2762351632118225,0.06035374477505684,0.601345419883728,1.3483139276504517,0.26784747838974,0.11381859332323074,0.5220638513565063,1.3841307163238525,0.04488934576511383,0.061520107090473175
2026-04-30T18:50:18.704283,120,0.5028910636901855,0.14292901754379272,-0.2301459014415741,0.9996395707130432,0.5086907148361206,0.11694905161857605,-0.20463010668754578,0.9992403984069824,0.5147822499275208,0.11554397642612457,-0.20472347736358643,0.9992390275001526,0.5201233625411987,0.11439446359872818,-0.20489124953746796,0.999116837978363,0.487562894821167,0.12181882560253143,-0.2090352475643158,0.9993904829025269,0.47998684644699097,0.12371870130300522,-0.20891447365283966,0.9994364976882935,0.47299712896347046,0.12558244168758392,-0.20904605090618134,0.9994234442710876,0.5240881443023682,0.12451275438070297,-0.050138406455516815,0.9990547895431519,0.4643993377685547,0.14120514690876007,-0.07545037567615509,0.9996281862258911,0.5174740552902222,0.16708795726299286,-0.1709071695804596,0.9996844530105591,0.49042969942092896,0.171577587723732,-0.1777210384607315,0.9997429847717285,0.5952171087265015,0.27788081765174866,0.01375560276210308,0.9996969103813171,0.41223469376564026,0.3280666768550873,-0.037127505987882614,0.9997599720954895,0.6200135946273804,0.486134797334671,0.12304474413394928,0.9611300826072693,0.3992250859737396,0.5498080849647522,-0.019477136433124542,0.9949718117713928,0.6501695513725281,0.6782103180885315,0.03092202916741371,0.9681781530380249,0.3944895267486572,0.7416373491287231,-0.1351778209209442,0.9890779256820679,0.6627891063690186,0.7316573262214661,-0.038065582513809204,0.9456830620765686,0.38489753007888794,0.803442120552063,-0.18104633688926697,0.9772583842277527,0.6506332159042358,0.7332007884979248,-0.08265481144189835,0.9519824981689453,0.3944886028766632,0.8023929595947266,-0.2357431948184967,0.9810082316398621,0.643905520439148,0.7198282480239868,0.01904982142150402,0.9540329575538635,0.40155917406082153,0.7861459851264954,-0.16070006787776947,0.9818018078804016,0.5760608911514282,0.7092574834823608,0.0241380725055933,0.9963996410369873,0.46339136362075806,0.7299337387084961,-0.023572390899062157,0.996589720249176,0.5735336542129517,0.9860687255859375,-0.04474472999572754,0.7886427044868469,0.45187243819236755,1.0088417530059814,-0.05467076972126961,0.723893404006958,0.5780552625656128,1.2481017112731934,0.3836958706378937,0.2032541036605835,0.48676466941833496,1.2805830240249634,0.261182576417923,0.12762992084026337,0.5732703804969788,1.2799936532974243,0.42203521728515625,0.16180510818958282,0.4876965582370758,1.3091543912887573,0.28791624307632446,0.05738260969519615,0.5854145288467407,1.347787618637085,0.2702236473560333,0.10889199376106262,0.5109552145004272,1.3727149963378906,0.07966630160808563,0.059562478214502335
2026-04-30T18:50:18.811008,121,0.5291777849197388,0.1496734917163849,-0.23984093964099884,0.9996633529663086,0.5374631881713867,0.1239306703209877,-0.21572694182395935,0.9992944598197937,0.5432689785957336,0.12331905961036682,-0.21587559580802917,0.9992926120758057,0.5484880208969116,0.12294375896453857,-0.21605411171913147,0.999182939529419,0.5166546106338501,0.1258998066186905,-0.2223144769668579,0.9994284510612488,0.5084317922592163,0.12654753029346466,-0.22225022315979004,0.9994701743125916,0.5005947947502136,0.1272599846124649,-0.22239670157432556,0.9994600415229797,0.5491317510604858,0.13338147103786469,-0.06550561636686325,0.9991175532341003,0.48927563428878784,0.14138151705265045,-0.09992232173681259,0.9996456503868103,0.5384310483932495,0.17400908470153809,-0.18138636648654938,0.9997043013572693,0.5141409635543823,0.1754755824804306,-0.19114358723163605,0.9997578263282776,0.611791729927063,0.2931768298149109,-0.0029828972183167934,0.9997105598449707,0.4227485656738281,0.32060736417770386,-0.051144879311323166,0.9997650980949402,0.6362758278846741,0.501582682132721,0.10520470142364502,0.9627004265785217,0.40578413009643555,0.5396363735198975,-0.020361294969916344,0.9948738217353821,0.6508385539054871,0.6923208832740784,0.018379565328359604,0.96989506483078,0.3917030990123749,0.7367408275604248,-0.12300761044025421,0.9891073107719421,0.6661853194236755,0.7482129335403442,-0.03997410088777542,0.9485267400741577,0.381230890750885,0.7955905199050903,-0.1657925844192505,0.9775371551513672,0.6542936563491821,0.7491105794906616,-0.08565087616443634,0.954387366771698,0.388618141412735,0.7944288849830627,-0.220415398478508,0.9811732769012451,0.6470004916191101,0.7346127033233643,-0.0014145303284749389,0.9561445713043213,0.3948649764060974,0.7784729599952698,-0.14793001115322113,0.9817956686019897,0.5732406377792358,0.7193787693977356,0.020638560876250267,0.9966796040534973,0.46125346422195435,0.7297860980033875,-0.02025904692709446,0.9968513250350952,0.5718377232551575,0.984603762626648,-0.040874090045690536,0.782466471195221,0.4483932852745056,1.006899118423462,-0.021548204123973846,0.7179098129272461,0.5818243026733398,1.236519694328308,0.3860931098461151,0.19249528646469116,0.46001338958740234,1.2649638652801514,0.26328927278518677,0.1262681931257248,0.577151894569397,1.2596303224563599,0.4227575361728668,0.15374693274497986,0.45976805686950684,1.295992136001587,0.29437798261642456,0.05544831603765488,0.5901151299476624,1.331947922706604,0.28318703174591064,0.10331563651561737,0.47926536202430725,1.3536014556884766,0.0959569662809372,0.058394528925418854
2026-04-30T18:50:18.927132,122,0.5197772979736328,0.15300025045871735,-0.22965629398822784,0.9996923804283142,0.533157467842102,0.12749230861663818,-0.20713987946510315,0.9993553757667542,0.5409249067306519,0.12805944681167603,-0.20726755261421204,0.9993552565574646,0.5483862161636353,0.1287974864244461,-0.207362562417984,0.9992551207542419,0.5121546387672424,0.1266707330942154,-0.20765015482902527,0.999474823474884,0.505127489566803,0.1267004907131195,-0.2076185643672943,0.999514102935791,0.49830856919288635,0.12718263268470764,-0.20777840912342072,0.9995036721229553,0.5588810443878174,0.14120526611804962,-0.06687460094690323,0.9991950392723083,0.49216383695602417,0.14128436148166656,-0.07196231186389923,0.9996732473373413,0.5317009687423706,0.1790780872106552,-0.17599257826805115,0.9997280836105347,0.507276177406311,0.17694765329360962,-0.17739078402519226,0.9997759461402893,0.6179738640785217,0.31044110655784607,-0.008310859091579914,0.9997315406799316,0.4278987944126129,0.31662696599960327,-0.046789370477199554,0.9997788667678833,0.6383450627326965,0.5181487202644348,0.09654394537210464,0.9657074213027954,0.4048073887825012,0.5329292416572571,-0.026869943365454674,0.9950743317604065,0.6524724364280701,0.7069076299667358,0.00979526061564684,0.9724628329277039,0.38113945722579956,0.7327942252159119,-0.13203996419906616,0.9897856712341309,0.6680412888526917,0.7649611234664917,-0.04852636903524399,0.952904224395752,0.3699567914009094,0.7946422696113586,-0.175461545586586,0.9789478182792664,0.6564511060714722,0.7664139270782471,-0.09220501780509949,0.9582493305206299,0.38124972581863403,0.7932160496711731,-0.23092155158519745,0.9823195338249207,0.6487210988998413,0.7509236931800842,-0.003943455871194601,0.9598614573478699,0.38767391443252563,0.7778249382972717,-0.15736593306064606,0.9828924536705017,0.5718982815742493,0.7239429354667664,0.020692676305770874,0.9969881176948547,0.45923376083374023,0.7294487357139587,-0.020332330837845802,0.9971387982368469,0.5714606046676636,0.9849659204483032,-0.04424484819173813,0.7685404419898987,0.44584375619888306,1.0047328472137451,-0.013553610071539879,0.708369255065918,0.5812709331512451,1.2368279695510864,0.37139979004859924,0.17621368169784546,0.4531031548976898,1.2559787034988403,0.2862536907196045,0.11806381493806839,0.578026533126831,1.2600666284561157,0.4087597727775574,0.14162933826446533,0.45182910561561584,1.2873780727386475,0.3144542872905731,0.05191328749060631,0.5844915509223938,1.3328170776367188,0.27046650648117065,0.09440848231315613,0.47098860144615173,1.3437596559524536,0.12605509161949158,0.054231204092502594
2026-04-30T18:50:19.038884,123,0.5266066789627075,0.16082634031772614,-0.26583370566368103,0.9997150897979736,0.5377623438835144,0.13217829167842865,-0.24342107772827148,0.9994043111801147,0.5441311001777649,0.13248075544834137,-0.2435433566570282,0.9994057416915894,0.5503569841384888,0.13296374678611755,-0.24370399117469788,0.9993139505386353,0.5187560319900513,0.13121965527534485,-0.2470051497220993,0.9995107054710388,0.511781632900238,0.13075648248195648,-0.24693651497364044,0.9995470643043518,0.5054209232330322,0.13051198422908783,-0.24705246090888977,0.999535858631134,0.5568417906761169,0.144855797290802,-0.08867110311985016,0.999257504940033,0.49398207664489746,0.14262595772743225,-0.11161939799785614,0.9996927976608276,0.5365958213806152,0.18599943816661835,-0.2060319483280182,0.9997488856315613,0.5128448009490967,0.18326009809970856,-0.2112484872341156,0.9997910857200623,0.6164773106575012,0.32022884488105774,-0.00864569004625082,0.9997503161430359,0.4260069727897644,0.3166942298412323,-0.05660514906048775,0.9997880458831787,0.6354741454124451,0.5280791521072388,0.09612628817558289,0.967923104763031,0.40182629227638245,0.5319131016731262,-0.035514913499355316,0.9951868057250977,0.6509456038475037,0.7109593749046326,-0.006071969401091337,0.9744064807891846,0.37922847270965576,0.7300592064857483,-0.14671459794044495,0.9902374148368835,0.6620903015136719,0.7695935964584351,-0.059954266995191574,0.9562228918075562,0.3709050714969635,0.7919468283653259,-0.18117716908454895,0.9798559546470642,0.6522222757339478,0.7687575817108154,-0.11535312980413437,0.961188018321991,0.3824639618396759,0.7911245822906494,-0.23160259425640106,0.9830427765846252,0.645639181137085,0.7542144656181335,-0.02859475649893284,0.9626310467720032,0.3881068229675293,0.7747672200202942,-0.176090270280838,0.9835163354873657,0.5701534748077393,0.7234591245651245,0.021410509943962097,0.99725341796875,0.45808616280555725,0.7277082800865173,-0.021041717380285263,0.9973781108856201,0.5640120506286621,0.9867240190505981,-0.08479063212871552,0.7532191276550293,0.44498127698898315,0.9986697435379028,-0.023439638316631317,0.6871364712715149,0.5718413591384888,1.2356680631637573,0.3285953402519226,0.16164731979370117,0.44796958565711975,1.231334924697876,0.3500820994377136,0.10898740589618683,0.5685478448867798,1.2598726749420166,0.36520111560821533,0.13122913241386414,0.44742974638938904,1.2577060461044312,0.3889309763908386,0.048631470650434494,0.5735217928886414,1.3322211503982544,0.2144232541322708,0.0867171511054039,0.4603263735771179,1.3154042959213257,0.21701247990131378,0.050200916826725006
2026-04-30T18:50:19.149373,124,0.5242308974266052,0.16020534932613373,-0.25475013256073,0.9997366666793823,0.5337871313095093,0.132026806473732,-0.2305590659379959,0.9994508028030396,0.5397224426269531,0.13213731348514557,-0.23070141673088074,0.9994516968727112,0.5455343127250671,0.13239172101020813,-0.23084063827991486,0.9993696212768555,0.5155444145202637,0.1312023252248764,-0.23532097041606903,0.9995461702346802,0.5086890459060669,0.1307518631219864,-0.23529982566833496,0.9995781183242798,0.5022838115692139,0.1305573433637619,-0.23545344173908234,0.9995687007904053,0.5500203967094421,0.14370489120483398,-0.07909075170755386,0.9993128180503845,0.4904208183288574,0.1425894796848297,-0.10265514999628067,0.9997100830078125,0.5341595411300659,0.18508736789226532,-0.1961921900510788,0.9997679591178894,0.5106094479560852,0.18317775428295135,-0.20263764262199402,0.9998059272766113,0.6119164824485779,0.31606727838516235,-0.005320463329553604,0.9997674226760864,0.42435580492019653,0.31345587968826294,-0.06577956676483154,0.9997995495796204,0.6294931173324585,0.5181191563606262,0.0933087021112442,0.9684411883354187,0.3982045352458954,0.5280284881591797,-0.04493037983775139,0.994964599609375,0.639351487159729,0.7016355395317078,-0.01933499053120613,0.9751846194267273,0.3835401237010956,0.7287968397140503,-0.15678375959396362,0.9898677468299866,0.6499879956245422,0.7650609612464905,-0.06866064667701721,0.9576029181480408,0.3759152293205261,0.7898147106170654,-0.18227370083332062,0.979208767414093,0.639710545539856,0.763957679271698,-0.12256238609552383,0.9623256325721741,0.38687336444854736,0.7882101535797119,-0.25182658433914185,0.9823459982872009,0.6326059699058533,0.7486180663108826,-0.04245341569185257,0.9634583592414856,0.3921329975128174,0.7731620073318481,-0.18602070212364197,0.9826287031173706,0.568193793296814,0.722701370716095,0.019255882129073143,0.9974725842475891,0.45658642053604126,0.7228004932403564,-0.018923312425613403,0.9975780248641968,0.5631063580513,0.9855822324752808,-0.07007633149623871,0.7467767596244812,0.4446325898170471,0.9839475750923157,0.006993084214627743,0.6762774586677551,0.5728632807731628,1.2249003648757935,0.3267195224761963,0.15520280599594116,0.44511327147483826,1.2133978605270386,0.33926451206207275,0.10933227092027664,0.5680752396583557,1.2473702430725098,0.3596157133579254,0.12670381367206573,0.4454144537448883,1.2414335012435913,0.3715614974498749,0.04946824535727501,0.5774020552635193,1.3219873905181885,0.2088233232498169,0.08411844819784164,0.45262742042541504,1.2989565134048462,0.1942111849784851,0.051386285573244095
2026-04-30T18:50:19.257687,125,0.5202972888946533,0.15961068868637085,-0.2706110179424286,0.9997543692588806,0.5305179357528687,0.13159756362438202,-0.2463056743144989,0.9994890093803406,0.5364001989364624,0.13166888058185577,-0.24644748866558075,0.9994891881942749,0.5422033667564392,0.13189366459846497,-0.24659991264343262,0.9994160532951355,0.5111098885536194,0.13097651302814484,-0.2521485686302185,0.9995748996734619,0.503788948059082,0.1306328922510147,-0.2521232068538666,0.999602735042572,0.4972829222679138,0.1305210143327713,-0.25228026509284973,0.999595046043396,0.5467730164527893,0.1430247575044632,-0.08187242597341537,0.9993551969528198,0.4849967956542969,0.14253589510917664,-0.11828919500112534,0.9997220039367676,0.530803382396698,0.18448063731193542,-0.20715641975402832,0.9997832775115967,0.5060922503471375,0.18301023542881012,-0.21727697551250458,0.999817967414856,0.6085826754570007,0.31613266468048096,-0.025380775332450867,0.9997767210006714,0.4216548502445221,0.3116532862186432,-0.07980789244174957,0.9998058676719666,0.6196637153625488,0.5170564651489258,0.0532507486641407,0.967369019985199,0.39883145689964294,0.523874819278717,-0.08462154865264893,0.9945918917655945,0.6252138614654541,0.710404098033905,-0.04439118504524231,0.9742733836174011,0.38889920711517334,0.7277935743331909,-0.19548586010932922,0.9888006448745728,0.6320177912712097,0.7688313722610474,-0.08863047510385513,0.9566869735717773,0.3805091977119446,0.7891638278961182,-0.24223022162914276,0.9773538112640381,0.6215128898620605,0.7665685415267944,-0.1402607262134552,0.9613155126571655,0.39138364791870117,0.7878270745277405,-0.2898271679878235,0.9805470705032349,0.6151596307754517,0.7527084946632385,-0.06697027385234833,0.9622112512588501,0.39677536487579346,0.7723404169082642,-0.2174782007932663,0.9807124733924866,0.564879298210144,0.7219175696372986,0.012678478844463825,0.9976547360420227,0.45411816239356995,0.7218236327171326,-0.012315066531300545,0.9977392554283142,0.5614727735519409,0.980153501033783,-0.06049510836601257,0.7438508868217468,0.4438207149505615,0.9716745615005493,0.06504593044519424,0.6662054657936096,0.5711925625801086,1.2108429670333862,0.3090643584728241,0.15113483369350433,0.4430166184902191,1.1951451301574707,0.38490745425224304,0.11101212352514267,0.5662161111831665,1.2333372831344604,0.3381442129611969,0.1236436665058136,0.44441890716552734,1.2244890928268433,0.41472673416137695,0.052079152315855026,0.5745600461959839,1.308817744255066,0.19003722071647644,0.08246257901191711,0.44377440214157104,1.2795881032943726,0.24846522510051727,0.05329103395342827
2026-04-30T18:50:19.365057,126,0.5200047492980957,0.1591702401638031,-0.2776437997817993,0.999763011932373,0.5299157500267029,0.13128690421581268,-0.2532965838909149,0.9995090365409851,0.5355696082115173,0.13129734992980957,-0.2534387707710266,0.9995079040527344,0.5411224961280823,0.13145580887794495,-0.2535940706729889,0.9994436502456665,0.5109754800796509,0.13081233203411102,-0.2593778073787689,0.9995875954627991,0.5036114454269409,0.13050618767738342,-0.25934547185897827,0.9996113777160645,0.49713578820228577,0.13042894005775452,-0.2595002055168152,0.999606192111969,0.5443577170372009,0.1425638347864151,-0.08764201402664185,0.9993726015090942,0.48318761587142944,0.1425027996301651,-0.12132930755615234,0.9997212290763855,0.5296075940132141,0.1831163763999939,-0.21202945709228516,0.9997918605804443,0.5050829648971558,0.18136216700077057,-0.22202667593955994,0.9998239278793335,0.6066766381263733,0.3151198625564575,-0.031817127019166946,0.9997807145118713,0.41937893629074097,0.31164851784706116,-0.10207679122686386,0.9998079538345337,0.6125921010971069,0.5141051411628723,0.0537017285823822,0.9661343693733215,0.398583322763443,0.5237914323806763,-0.10113707929849625,0.994320809841156,0.618228018283844,0.7101941704750061,-0.04078226536512375,0.9731711149215698,0.38922807574272156,0.7268896102905273,-0.20168201625347137,0.9881131052970886,0.6253659725189209,0.7674824595451355,-0.08265020698308945,0.9554420113563538,0.38110798597335815,0.7885457277297974,-0.2500603497028351,0.9761649966239929,0.6168366074562073,0.7654234766960144,-0.13407522439956665,0.9600024223327637,0.3926968276500702,0.7875903248786926,-0.29584264755249023,0.9793581962585449,0.6107457280158997,0.7521690130233765,-0.0631997138261795,0.960734486579895,0.3978365957736969,0.7719464898109436,-0.22266718745231628,0.9793760180473328,0.5618401765823364,0.7215359210968018,0.01233384944498539,0.9978243112564087,0.45123738050460815,0.7216923832893372,-0.011980907991528511,0.9978933930397034,0.5590741634368896,0.9782556295394897,-0.03754018247127533,0.7382614612579346,0.4427403509616852,0.9715363383293152,0.06154529005289078,0.6538487076759338,0.5682153105735779,1.205215334892273,0.32862889766693115,0.14586955308914185,0.44304972887039185,1.1917918920516968,0.39566829800605774,0.11096735298633575,0.563220739364624,1.227573275566101,0.3613763451576233,0.12032032757997513,0.4449877142906189,1.2201839685440063,0.42663612961769104,0.05355365201830864,0.5720894932746887,1.3029224872589111,0.21704506874084473,0.08035463839769363,0.44342055916786194,1.2766878604888916,0.2597380578517914,0.05430464446544647
2026-04-30T18:50:19.476536,127,0.5201612710952759,0.15876714885234833,-0.29833126068115234,0.9997749924659729,0.5293228030204773,0.13132110238075256,-0.27143147587776184,0.9995367527008057,0.5348049998283386,0.13128024339675903,-0.27160483598709106,0.999535083770752,0.540225625038147,0.1314183622598648,-0.2717418074607849,0.9994775056838989,0.5105111002922058,0.13115854561328888,-0.27940934896469116,0.999608039855957,0.5030304193496704,0.1310398429632187,-0.2794208228588104,0.9996286630630493,0.49647998809814453,0.13114823400974274,-0.27958551049232483,0.9996241331100464,0.5426056981086731,0.14230091869831085,-0.10781536996364594,0.9994021654129028,0.48119980096817017,0.1429329514503479,-0.14658412337303162,0.9997290968894958,0.5291727185249329,0.18279117345809937,-0.23581786453723907,0.9998025298118591,0.5046995282173157,0.18121576309204102,-0.24689257144927979,0.9998323321342468,0.6056240200996399,0.31459811329841614,-0.037971578538417816,0.9997830986976624,0.41818422079086304,0.31194570660591125,-0.12163276970386505,0.9998102784156799,0.6091914772987366,0.514248788356781,0.04071250185370445,0.96522057056427,0.39615240693092346,0.5242955684661865,-0.11894933879375458,0.9941288232803345,0.615461528301239,0.7117726802825928,-0.07322079688310623,0.9719712138175964,0.3871957063674927,0.7252039313316345,-0.22887937724590302,0.9873407483100891,0.6227644681930542,0.7685717940330505,-0.11846262216567993,0.9537171125411987,0.3784394860267639,0.7880468964576721,-0.28066888451576233,0.9747645258903503,0.6134224534034729,0.7666882872581482,-0.17142313718795776,0.9583041667938232,0.39012208580970764,0.7871774435043335,-0.32792097330093384,0.9780094027519226,0.6070898175239563,0.7536084055900574,-0.09735061973333359,0.9589084982872009,0.39531418681144714,0.7713584899902344,-0.2507299780845642,0.9778891205787659,0.5597885251045227,0.721402108669281,0.012895576655864716,0.9979363679885864,0.4488215446472168,0.7212280631065369,-0.012545950710773468,0.9980005025863647,0.5597425103187561,0.9741957187652588,-0.026989886537194252,0.7329991459846497,0.44070178270339966,0.9709129333496094,0.04286608844995499,0.6478946805000305,0.5715882778167725,1.2006272077560425,0.3329543471336365,0.14155954122543335,0.44196778535842896,1.1920876502990723,0.37430518865585327,0.11356010288000107,0.5665107369422913,1.224628210067749,0.36391764879226685,0.11822743713855743,0.4439637064933777,1.2213006019592285,0.41228264570236206,0.05572056025266647,0.5771758556365967,1.2955509424209595,0.21562401950359344,0.07867302000522614,0.44272273778915405,1.2758287191390991,0.2579093277454376,0.05624065175652504
2026-04-30T18:50:19.578780,128,0.519661009311676,0.15776416659355164,-0.2921190857887268,0.9997847676277161,0.5282402038574219,0.130757138133049,-0.26531022787094116,0.9995595216751099,0.5335808992385864,0.13072960078716278,-0.26548856496810913,0.9995562434196472,0.5388930439949036,0.1308772712945938,-0.2656310498714447,0.9995048642158508,0.509161114692688,0.13057926297187805,-0.27474528551101685,0.9996257424354553,0.5014935731887817,0.1304779350757599,-0.2747674584388733,0.9996436834335327,0.49468034505844116,0.13068783283233643,-0.274936705827713,0.9996405243873596,0.5412493944168091,0.14107613265514374,-0.10460561513900757,0.9994245767593384,0.4800302982330322,0.14236116409301758,-0.1464284211397171,0.9997372627258301,0.5283827781677246,0.18191371858119965,-0.23042693734169006,0.9998108148574829,0.5038487315177917,0.18074138462543488,-0.2429814636707306,0.999839186668396,0.6010094881057739,0.3140672445297241,-0.025466719642281532,0.9997856616973877,0.41625505685806274,0.3121388852596283,-0.11865289509296417,0.9998136758804321,0.6051791906356812,0.513234555721283,0.06531394273042679,0.9643172025680542,0.39401698112487793,0.5247467160224915,-0.11269894987344742,0.9940703511238098,0.6164051294326782,0.707655131816864,-0.03515714034438133,0.9712328314781189,0.38199281692504883,0.7249475717544556,-0.21995899081230164,0.9871767163276672,0.6243758201599121,0.7651143670082092,-0.07630960643291473,0.9526273012161255,0.3745883107185364,0.786676287651062,-0.2695475220680237,0.9744157195091248,0.6144008040428162,0.7633654475212097,-0.12789854407310486,0.9572442173957825,0.38579583168029785,0.7857205867767334,-0.3188673257827759,0.9776310920715332,0.6079047918319702,0.7501460313796997,-0.058388810604810715,0.9578089714050293,0.3903788924217224,0.7699830532073975,-0.24254557490348816,0.9773761630058289,0.5582546591758728,0.7210634350776672,0.013232963159680367,0.9980522990226746,0.4471295475959778,0.720528244972229,-0.012888811528682709,0.9981093406677246,0.5589655637741089,0.9729353189468384,-0.026316190138459206,0.7247821688652039,0.43893933296203613,0.9708723425865173,0.03341095894575119,0.6356143355369568,0.5727201700210571,1.2016890048980713,0.3373546898365021,0.13540300726890564,0.4407142698764801,1.196908950805664,0.3647187352180481,0.1128973737359047,0.5673640966415405,1.2261184453964233,0.36895841360092163,0.11432395130395889,0.44251927733421326,1.2258232831954956,0.40508905053138733,0.05598224326968193,0.5802347660064697,1.2969119548797607,0.22165365517139435,0.07585276663303375,0.4433193802833557,1.2815630435943604,0.2525619864463806,0.05650791525840759
2026-04-30T18:50:19.696870,129,0.5192078351974487,0.1577160805463791,-0.31047412753105164,0.9997919797897339,0.527787983417511,0.13063116371631622,-0.28406211733818054,0.99957674741745,0.5331400632858276,0.13058480620384216,-0.28425031900405884,0.9995726943016052,0.5386953949928284,0.13071171939373016,-0.2843869924545288,0.9995266795158386,0.5086533427238464,0.13054578006267548,-0.29301244020462036,0.9996374249458313,0.5007551908493042,0.1304040551185608,-0.293037474155426,0.999653160572052,0.4938392639160156,0.13059213757514954,-0.2932226061820984,0.9996505379676819,0.5402494668960571,0.14035214483737946,-0.12207420915365219,0.9994410872459412,0.4793398976325989,0.14217275381088257,-0.16228517889976501,0.9997403025627136,0.5282400250434875,0.18153755366802216,-0.24817070364952087,0.9998184442520142,0.5034472942352295,0.18040774762630463,-0.25980621576309204,0.9998449087142944,0.5949810147285461,0.31295347213745117,-0.03069598414003849,0.9997894763946533,0.41139817237854004,0.31243187189102173,-0.12928679585456848,0.9998152256011963,0.600666880607605,0.5125235915184021,0.0630999431014061,0.9644215106964111,0.3936972916126251,0.5276086926460266,-0.11775781214237213,0.9938983917236328,0.6170531511306763,0.7073360085487366,-0.04829595610499382,0.9710992574691772,0.3799271583557129,0.726384699344635,-0.23092646896839142,0.9868252277374268,0.6248286962509155,0.767166793346405,-0.09148740768432617,0.9524533748626709,0.37337058782577515,0.7851689457893372,-0.2826017439365387,0.9738484025001526,0.6144669055938721,0.7649646401405334,-0.14629530906677246,0.9570710062980652,0.3845418095588684,0.7839927077293396,-0.33337855339050293,0.9770737886428833,0.6081625819206238,0.751228392124176,-0.0729750245809555,0.957591712474823,0.3889217972755432,0.7685763835906982,-0.25395074486732483,0.9766797423362732,0.5544027090072632,0.720863938331604,0.013957135379314423,0.99815434217453,0.4429909288883209,0.7205432653427124,-0.013591775670647621,0.9981978535652161,0.5563562512397766,0.9732605814933777,-0.025943294167518616,0.7146323323249817,0.4365462362766266,0.9718902111053467,0.03048199974000454,0.6258388757705688,0.5711473226547241,1.202980637550354,0.33130139112472534,0.12943826615810394,0.4354991316795349,1.1987433433532715,0.3618381917476654,0.11199000477790833,0.5657376050949097,1.2275222539901733,0.36112236976623535,0.11080650240182877,0.43674778938293457,1.2274006605148315,0.4008861184120178,0.05619366094470024,0.5800739526748657,1.298640489578247,0.2076376974582672,0.07302217930555344,0.44000691175460815,1.2840287685394287,0.2252003252506256,0.056398969143629074
2026-04-30T18:50:19.802185,130,0.5178259015083313,0.1575802117586136,-0.34566622972488403,0.9997957348823547,0.5258184671401978,0.13055269420146942,-0.31866544485092163,0.9995877742767334,0.5312434434890747,0.13046970963478088,-0.31886008381843567,0.9995844960212708,0.5363963842391968,0.13056069612503052,-0.31899869441986084,0.9995423555374146,0.5068731307983398,0.13047799468040466,-0.32673555612564087,0.9996418356895447,0.4994545876979828,0.13033388555049896,-0.3267573118209839,0.999655544757843,0.4925772547721863,0.13051578402519226,-0.32694199681282043,0.999651312828064,0.5369426012039185,0.13952340185642242,-0.14896991848945618,0.9994539618492126,0.47711342573165894,0.14189457893371582,-0.1858050525188446,0.9997350573539734,0.5264383554458618,0.18143253028392792,-0.28042373061180115,0.9998241662979126,0.5016680955886841,0.18031834065914154,-0.2908380627632141,0.9998478889465332,0.5902981758117676,0.31241512298583984,-0.048177532851696014,0.9997914433479309,0.40718549489974976,0.3124787509441376,-0.13771404325962067,0.9998120665550232,0.5980603098869324,0.5162554979324341,0.04694846644997597,0.964329719543457,0.3909667134284973,0.5279871821403503,-0.12030456215143204,0.9934976100921631,0.6121172904968262,0.7057053446769714,-0.0846104547381401,0.9707304239273071,0.376997172832489,0.7260728478431702,-0.24771451950073242,0.9859219193458557,0.6193214654922485,0.7666426301002502,-0.13157609105110168,0.9518665075302124,0.36977511644363403,0.7849489450454712,-0.3023890554904938,0.9723947048187256,0.609222412109375,0.7645942568778992,-0.18977461755275726,0.9565258026123047,0.3807761073112488,0.7838889956474304,-0.3545759916305542,0.9757109880447388,0.6025261878967285,0.7505786418914795,-0.11101146042346954,0.9569184184074402,0.38553255796432495,0.7684713006019592,-0.27201732993125916,0.9751558303833008,0.5518035292625427,0.7204284071922302,0.014294673688709736,0.998206615447998,0.43979352712631226,0.7205609679222107,-0.013929342851042747,0.998244047164917,0.5540752410888672,0.973017156124115,-0.015913691371679306,0.7099012732505798,0.43502354621887207,0.9720398783683777,0.03466556966304779,0.6215064525604248,0.5688979625701904,1.2030688524246216,0.3524739742279053,0.12668299674987793,0.436448335647583,1.200281023979187,0.3583002984523773,0.11470936983823776,0.5635705590248108,1.227916955947876,0.38261911273002625,0.1101423129439354,0.43806377053260803,1.2289971113204956,0.3909553587436676,0.05845301225781441,0.5779846906661987,1.2981666326522827,0.21662171185016632,0.07211485505104065,0.4404687285423279,1.2857500314712524,0.22000272572040558,0.05825411155819893
2026-04-30T18:50:19.914927,131,0.509581446647644,0.1575227528810501,-0.389164000749588,0.99976646900177,0.5172633528709412,0.13061490654945374,-0.36133265495300293,0.9995352625846863,0.5225917100906372,0.13054624199867249,-0.3615526854991913,0.9995364546775818,0.5277028679847717,0.13065214455127716,-0.3617461025714874,0.9995009303092957,0.4998779296875,0.13043899834156036,-0.3683159649372101,0.9995748996734619,0.4931658208370209,0.13028296828269958,-0.3683142066001892,0.9995849132537842,0.4866701066493988,0.13046254217624664,-0.36852705478668213,0.9995770454406738,0.5285441279411316,0.1394829899072647,-0.1763387769460678,0.9993842840194702,0.47189193964004517,0.14186500012874603,-0.20664894580841064,0.9996510148048401,0.5174500942230225,0.18134233355522156,-0.31731995940208435,0.9998095035552979,0.49296823143959045,0.18025656044483185,-0.3258592188358307,0.9998267889022827,0.5851184129714966,0.3118791878223419,-0.05573525279760361,0.9997864365577698,0.4021693766117096,0.3122573494911194,-0.14305628836154938,0.9997942447662354,0.5933846235275269,0.5181369185447693,0.03740192577242851,0.9638648629188538,0.3867191672325134,0.5280253291130066,-0.12131048738956451,0.9925057291984558,0.6063140630722046,0.7066037058830261,-0.1294693648815155,0.9691926836967468,0.37492889165878296,0.7258611917495728,-0.2693502902984619,0.9835507273674011,0.6122680902481079,0.7668765783309937,-0.18582871556282043,0.9495711326599121,0.367222398519516,0.7839629054069519,-0.3303990364074707,0.9687321186065674,0.6033816933631897,0.7648849487304688,-0.24905487895011902,0.9545544981956482,0.37823984026908875,0.7829055190086365,-0.3883615732192993,0.972363293170929,0.5972660183906555,0.75123131275177,-0.1591491401195526,0.9546863436698914,0.38297131657600403,0.7676493525505066,-0.2963942289352417,0.9713993072509766,0.5474303960800171,0.720270037651062,0.01584058254957199,0.9981985092163086,0.4341413974761963,0.720222532749176,-0.015392117202281952,0.998212993144989,0.5505962371826172,0.9730761051177979,-0.01945766992866993,0.699359655380249,0.43338751792907715,0.9721726775169373,0.022451352328062057,0.6130937933921814,0.5631608963012695,1.2035874128341675,0.37554681301116943,0.12172827869653702,0.43012794852256775,1.202041745185852,0.3549903333187103,0.11381617933511734,0.5576803088188171,1.228596806526184,0.40887507796287537,0.10692288726568222,0.43078479170799255,1.2307769060134888,0.3860227167606354,0.05822566896677017,0.5702453255653381,1.2987467050552368,0.2187008410692215,0.06981255114078522,0.4366474151611328,1.2870917320251465,0.1815406084060669,0.05807604640722275
2026-04-30T18:50:20.021974,132,0.5042724013328552,0.1538970023393631,-0.3684689700603485,0.9997483491897583,0.5112862586975098,0.12724466621875763,-0.34114617109298706,0.9995054602622986,0.5166705846786499,0.12716266512870789,-0.3413560092449188,0.9995086193084717,0.5217377543449402,0.12739093601703644,-0.3415270745754242,0.9994801878929138,0.49426668882369995,0.1273230016231537,-0.34768038988113403,0.9995366334915161,0.4877255856990814,0.12734454870224,-0.34769272804260254,0.9995423555374146,0.4814320504665375,0.12767967581748962,-0.34790748357772827,0.9995333552360535,0.5220378041267395,0.13720878958702087,-0.16710244119167328,0.999342143535614,0.46725940704345703,0.14002230763435364,-0.19578061997890472,0.999595046043396,0.511893630027771,0.17919301986694336,-0.30149537324905396,0.9998019933700562,0.48786139488220215,0.1781749725341797,-0.30957353115081787,0.9998131990432739,0.5804932117462158,0.3114979863166809,-0.0613696351647377,0.9997844099998474,0.3956063687801361,0.3122994005680084,-0.13834336400032043,0.9997761845588684,0.5894569158554077,0.5174463391304016,0.02841792441904545,0.9643371105194092,0.37934696674346924,0.5295799970626831,-0.11929720640182495,0.991980254650116,0.6018123626708984,0.7057391405105591,-0.12413376569747925,0.9694516658782959,0.37291568517684937,0.7261554002761841,-0.25446659326553345,0.9825978875160217,0.6078090667724609,0.766507089138031,-0.1767585724592209,0.9500185251235962,0.36602991819381714,0.7833110094070435,-0.30872875452041626,0.9671995043754578,0.5981861352920532,0.7644800543785095,-0.23475992679595947,0.9549567699432373,0.3762897253036499,0.7820345759391785,-0.36469435691833496,0.9709427356719971,0.5919074416160583,0.750698447227478,-0.15060396492481232,0.9548953175544739,0.3814031481742859,0.7669611573219299,-0.28072524070739746,0.9698217511177063,0.5445529222488403,0.7201796770095825,0.015772745013237,0.9982287287712097,0.42952483892440796,0.7203996777534485,-0.01533014141023159,0.9982343316078186,0.5495592951774597,0.9741900563240051,-0.03003981150686741,0.6927273869514465,0.4305543005466461,0.9728559851646423,0.008875316008925438,0.6078242659568787,0.5609121918678284,1.203797698020935,0.3803308606147766,0.1172306165099144,0.42670077085494995,1.2032673358917236,0.35286256670951843,0.11238790303468704,0.5561949610710144,1.2290862798690796,0.4153319001197815,0.10342562943696976,0.427473783493042,1.2317966222763062,0.3833203613758087,0.05765647441148758,0.5673619508743286,1.2991111278533936,0.23760557174682617,0.0675492212176323,0.43285006284713745,1.288623332977295,0.18035456538200378,0.05751248076558113
2026-04-30T18:50:20.135968,133,0.49104952812194824,0.1466439813375473,-0.35608068108558655,0.9997410178184509,0.4998325705528259,0.12232117354869843,-0.32959288358688354,0.9994907379150391,0.5059447884559631,0.12253832817077637,-0.3297857344150543,0.9994910955429077,0.5118719339370728,0.12317731231451035,-0.32993918657302856,0.9994698166847229,0.4816550314426422,0.12257348746061325,-0.33570629358291626,0.9995221495628357,0.4753420352935791,0.12294504046440125,-0.3357144892215729,0.9995246529579163,0.46920618414878845,0.1236528605222702,-0.33591657876968384,0.9995194673538208,0.5150436162948608,0.1352887898683548,-0.16420522332191467,0.99930739402771,0.45713526010513306,0.13787120580673218,-0.19220347702503204,0.9995675086975098,0.5000734925270081,0.17375865578651428,-0.29207292199134827,0.9998007416725159,0.47543245553970337,0.1727505773305893,-0.29884183406829834,0.9998094439506531,0.576571524143219,0.31127628684043884,-0.06479118764400482,0.9997802972793579,0.38690897822380066,0.31236469745635986,-0.1352231800556183,0.9997714757919312,0.5850547552108765,0.520150363445282,0.032957546412944794,0.965025007724762,0.37035882472991943,0.5297804474830627,-0.10371657460927963,0.9917712807655334,0.601655900478363,0.7051857709884644,-0.11376985162496567,0.9697060585021973,0.3654220402240753,0.7261619567871094,-0.2143770456314087,0.9823738932609558,0.609686017036438,0.7663209438323975,-0.1753569096326828,0.9505081176757812,0.3612510561943054,0.7830968499183655,-0.26296383142471313,0.96675705909729,0.6001039147377014,0.7644051313400269,-0.23033690452575684,0.9553630352020264,0.37426963448524475,0.7814272046089172,-0.31701451539993286,0.9705201387405396,0.5937659740447998,0.7504767179489136,-0.14382235705852509,0.9552471041679382,0.3787694573402405,0.7664848566055298,-0.23858213424682617,0.9693864583969116,0.5426157712936401,0.7192637324333191,0.015824176371097565,0.9982929229736328,0.42538952827453613,0.7205908298492432,-0.015392852015793324,0.9982931017875671,0.5484488010406494,0.9742806553840637,-0.05934019759297371,0.68471360206604,0.4289282262325287,0.9726371765136719,0.001552303903736174,0.6015474796295166,0.5593439936637878,1.2049342393875122,0.34012967348098755,0.11173108220100403,0.42650336027145386,1.203625202178955,0.3611704409122467,0.10837430506944656,0.5544641613960266,1.2293801307678223,0.3734293580055237,0.09865403920412064,0.42726677656173706,1.231500267982483,0.3942258059978485,0.05598333850502968,0.5652515292167664,1.3024687767028809,0.2062830924987793,0.06469979137182236,0.4333643317222595,1.2894598245620728,0.20780706405639648,0.05579017102718353
2026-04-30T18:50:20.249737,134,0.48586907982826233,0.14134110510349274,-0.42209959030151367,0.9997450113296509,0.4949977397918701,0.11722185462713242,-0.3952251374721527,0.9994960427284241,0.5014940500259399,0.11758416146039963,-0.3953990340232849,0.999496579170227,0.5076490640640259,0.11841440200805664,-0.3955143690109253,0.9994753003120422,0.4752837121486664,0.11734173446893692,-0.3989254832267761,0.9995257258415222,0.4683178961277008,0.11783523112535477,-0.39898189902305603,0.9995290637016296,0.46190470457077026,0.1187867745757103,-0.3992040455341339,0.9995226860046387,0.511029839515686,0.13150019943714142,-0.22198741137981415,0.9993088841438293,0.4498522877693176,0.1348954141139984,-0.23988565802574158,0.9995640516281128,0.4953993260860443,0.17077027261257172,-0.3561038672924042,0.9998081922531128,0.4694119095802307,0.16997747123241425,-0.36087027192115784,0.9998161792755127,0.5737916231155396,0.3105856776237488,-0.1115986704826355,0.9997814297676086,0.3814730644226074,0.31235039234161377,-0.16902129352092743,0.9997696876525879,0.5818231701850891,0.5200811624526978,-0.0009550373069941998,0.9661924242973328,0.3638429641723633,0.5351760387420654,-0.11946221441030502,0.9916391372680664,0.6024056077003479,0.7047704458236694,-0.1387910097837448,0.9701223969459534,0.36120665073394775,0.7297754287719727,-0.2290480136871338,0.9818294644355774,0.6122254133224487,0.76651930809021,-0.18992987275123596,0.9509336948394775,0.3579391837120056,0.7854923605918884,-0.27880042791366577,0.9655993580818176,0.6021862626075745,0.765104353427887,-0.24682223796844482,0.9558073878288269,0.37156766653060913,0.783636212348938,-0.3326528072357178,0.9695021510124207,0.595341145992279,0.7511072754859924,-0.16496118903160095,0.9556425213813782,0.3760272264480591,0.7683379650115967,-0.25314509868621826,0.9683932065963745,0.5426114201545715,0.7151433825492859,0.01589629054069519,0.9982950091362,0.4252069890499115,0.7206894159317017,-0.015467952005565166,0.9982954859733582,0.549419641494751,0.9732270836830139,-0.05785427242517471,0.6792662143707275,0.4281872808933258,0.9730408191680908,-0.0006029525538906455,0.5981146097183228,0.5591362714767456,1.202970027923584,0.4125138819217682,0.10867542028427124,0.4272432327270508,1.2040921449661255,0.37643811106681824,0.10823449492454529,0.5541651248931885,1.2261399030685425,0.45244288444519043,0.09725751727819443,0.4277360439300537,1.2321401834487915,0.4107559323310852,0.0561777725815773,0.5652574896812439,1.301965355873108,0.28938883543014526,0.06375519186258316,0.4351348280906677,1.2910168170928955,0.21266360580921173,0.055907703936100006
2026-04-30T18:50:20.362931,135,0.4858357906341553,0.13491198420524597,-0.4120686650276184,0.9997555613517761,0.49511879682540894,0.10935503989458084,-0.3850041627883911,0.9995154738426208,0.5016940832138062,0.10968755930662155,-0.385174959897995,0.9995136857032776,0.5076468586921692,0.11035178601741791,-0.3852918744087219,0.9994935393333435,0.47396478056907654,0.1091989129781723,-0.3908534646034241,0.9995453357696533,0.466158926486969,0.10955383628606796,-0.3909027576446533,0.9995487928390503,0.45893797278404236,0.1104714572429657,-0.3911062777042389,0.9995429515838623,0.5101003646850586,0.12344150990247726,-0.21274521946907043,0.9993305206298828,0.44704756140708923,0.12745344638824463,-0.24090039730072021,0.9995830655097961,0.49565353989601135,0.16577130556106567,-0.346139132976532,0.9998190402984619,0.4686930179595947,0.16578631103038788,-0.35402992367744446,0.9998272657394409,0.5725463032722473,0.30541449785232544,-0.10474953800439835,0.9997892379760742,0.3779638111591339,0.3122979402542114,-0.17239722609519958,0.9997738003730774,0.5832153558731079,0.515811026096344,0.012932388111948967,0.9678228497505188,0.35991865396499634,0.5370105504989624,-0.1240762323141098,0.9918524026870728,0.6043106317520142,0.7038710713386536,-0.11655644327402115,0.9714019894599915,0.3549240827560425,0.7347268462181091,-0.2284250259399414,0.9820355176925659,0.6123560667037964,0.7664303183555603,-0.15819188952445984,0.9526838660240173,0.35214993357658386,0.7903572916984558,-0.27690598368644714,0.9656345248222351,0.6031193137168884,0.7652458548545837,-0.20934483408927917,0.95742267370224,0.3660231828689575,0.7874937653541565,-0.3306261897087097,0.9695553779602051,0.5968471169471741,0.750924289226532,-0.13729159533977509,0.9572556614875793,0.37020108103752136,0.7713204622268677,-0.2528463304042816,0.96854168176651,0.543695867061615,0.7108639478683472,0.016089092940092087,0.9983387589454651,0.42627543210983276,0.720708429813385,-0.01568492315709591,0.998323380947113,0.5502856373786926,0.9723402857780457,-0.052273184061050415,0.6707883477210999,0.42862170934677124,0.9746853113174438,-0.011641433462500572,0.5881270170211792,0.5602201819419861,1.203409194946289,0.40679875016212463,0.10404924303293228,0.42828553915023804,1.204437017440796,0.3709266483783722,0.10523544996976852,0.555223286151886,1.2267438173294067,0.4457462728023529,0.09456509351730347,0.42891842126846313,1.232551097869873,0.40314874053001404,0.05543533340096474,0.5667868852615356,1.3032034635543823,0.29164522886276245,0.06146831065416336,0.43602901697158813,1.293407678604126,0.20827850699424744,0.05452859029173851
2026-04-30T18:50:20.482518,136,0.4878295063972473,0.1308325231075287,-0.42070069909095764,0.9997744560241699,0.4968941807746887,0.10274898260831833,-0.3918491005897522,0.9995536208152771,0.5033197999000549,0.10308383405208588,-0.39203038811683655,0.9995507001876831,0.5091761350631714,0.10363006591796875,-0.39214634895324707,0.9995319843292236,0.47611936926841736,0.10213779658079147,-0.39826324582099915,0.9995811581611633,0.46824297308921814,0.10218433290719986,-0.3982904553413391,0.999583899974823,0.4607165455818176,0.10262920707464218,-0.39848023653030396,0.9995784163475037,0.5115304589271545,0.11508964747190475,-0.21074065566062927,0.999380886554718,0.4467986524105072,0.11647702008485794,-0.24161311984062195,0.9996166229248047,0.49752649664878845,0.1613081991672516,-0.3512589633464813,0.9998341798782349,0.4707661271095276,0.16156397759914398,-0.3599817752838135,0.9998419284820557,0.5731508731842041,0.30469709634780884,-0.10086270421743393,0.9998014569282532,0.3802589774131775,0.31025704741477966,-0.1724330335855484,0.9997832179069519,0.5850940942764282,0.5177536606788635,0.017885861918330193,0.9694297909736633,0.36078503727912903,0.5373788475990295,-0.13473139703273773,0.9920727610588074,0.6102198958396912,0.7091606855392456,-0.10637266933917999,0.9729933142662048,0.3531491756439209,0.7404201030731201,-0.25189653038978577,0.9825155735015869,0.620598316192627,0.7720621228218079,-0.14915868639945984,0.9550641775131226,0.34724289178848267,0.7997844219207764,-0.3001655638217926,0.9662927985191345,0.6097561120986938,0.7705752849578857,-0.20213846862316132,0.9595919847488403,0.3612005412578583,0.7957303524017334,-0.3582298159599304,0.9701759219169617,0.6031001210212708,0.7553757429122925,-0.12892493605613708,0.9594102501869202,0.36645281314849854,0.7776763439178467,-0.2772955000400543,0.9692589044570923,0.5444618463516235,0.7109301686286926,0.01577882096171379,0.9984118342399597,0.42704230546951294,0.7236477732658386,-0.015387783758342266,0.9983731508255005,0.5512150526046753,0.9732717275619507,-0.04957768693566322,0.6647213697433472,0.43030714988708496,0.9859018921852112,0.02131146378815174,0.5756577253341675,0.5632234811782837,1.2166996002197266,0.3963621258735657,0.09997272491455078,0.43251028656959534,1.219136118888855,0.4081760346889496,0.10205674171447754,0.5596596598625183,1.2413475513458252,0.43334993720054626,0.09168875217437744,0.43346476554870605,1.24739670753479,0.44237208366394043,0.05483585596084595,0.5674096345901489,1.3188130855560303,0.2771958112716675,0.05906400829553604,0.43928414583206177,1.311343789100647,0.24502739310264587,0.05310312658548355
2026-04-30T18:50:20.596703,137,0.49003997445106506,0.1297636330127716,-0.4036087989807129,0.999791145324707,0.5009655952453613,0.09894780069589615,-0.3685287833213806,0.9995869994163513,0.5086107850074768,0.0990375503897667,-0.36873704195022583,0.9995832443237305,0.5156838297843933,0.0993625670671463,-0.3688749670982361,0.9995664358139038,0.4770348072052002,0.0983467847108841,-0.3749998211860657,0.9996114373207092,0.46890363097190857,0.0983647033572197,-0.37498849630355835,0.9996132850646973,0.46194201707839966,0.09882816672325134,-0.37520620226860046,0.9996085166931152,0.5220820903778076,0.11013171076774597,-0.17259177565574646,0.9994246363639832,0.4482647776603699,0.112298384308815,-0.200964093208313,0.9996451735496521,0.5021743774414062,0.15963949263095856,-0.3242039680480957,0.9998469948768616,0.47248560190200806,0.15933561325073242,-0.3326753079891205,0.9998540878295898,0.5888595581054688,0.3033495247364044,-0.05401274561882019,0.9998152852058411,0.3851439356803894,0.3074725568294525,-0.14545086026191711,0.9997913241386414,0.6008034944534302,0.517670214176178,0.07116884738206863,0.971146821975708,0.3626531958580017,0.5378572940826416,-0.11191245168447495,0.9923694133758545,0.6215117573738098,0.7123547196388245,-0.045130349695682526,0.9750023484230042,0.3533918559551239,0.7424436211585999,-0.23002299666404724,0.9834235906600952,0.6325533986091614,0.7769831418991089,-0.09110814332962036,0.9582333564758301,0.34697169065475464,0.8033112287521362,-0.27690577507019043,0.9677909016609192,0.6182032823562622,0.7761032581329346,-0.14370638132095337,0.9624489545822144,0.36116823554039,0.8000994324684143,-0.33976978063583374,0.9715218544006348,0.6106550097465515,0.7589393258094788,-0.06703566014766693,0.9622154831886292,0.3665127158164978,0.7810791730880737,-0.2559114396572113,0.9705983400344849,0.5530954599380493,0.7144266963005066,0.022978762164711952,0.9985370635986328,0.42999330163002014,0.7270398736000061,-0.022743618115782738,0.9984869360923767,0.5599944591522217,0.9809891581535339,-0.06782742589712143,0.6626810431480408,0.4346802830696106,1.0051237344741821,0.0015956414863467216,0.5677807927131653,0.5685147643089294,1.2386122941970825,0.420623242855072,0.09543824940919876,0.4420134425163269,1.2426007986068726,0.4168999195098877,0.09779809415340424,0.5649195909500122,1.2628731727600098,0.46391287446022034,0.0876367911696434,0.4418143332004547,1.2693556547164917,0.4557521939277649,0.052177123725414276,0.5723397731781006,1.3413034677505493,0.2962496280670166,0.056508053094148636,0.4581621289253235,1.3372596502304077,0.2520816922187805,0.051088858395814896
2026-04-30T18:50:20.703819,138,0.5072258710861206,0.11238560080528259,-0.3856908679008484,0.9998061656951904,0.5180474519729614,0.08069279789924622,-0.348566472530365,0.9996151328086853,0.5262452960014343,0.08076220005750656,-0.34877708554267883,0.9996131062507629,0.5337202548980713,0.081278495490551,-0.3489079773426056,0.999596893787384,0.4929848313331604,0.08181285113096237,-0.35383638739585876,0.9996354579925537,0.4840291440486908,0.08268433064222336,-0.35385578870773315,0.9996383786201477,0.4761418402194977,0.08385978639125824,-0.3541254699230194,0.9996321797370911,0.5390809774398804,0.09617327153682709,-0.15764689445495605,0.9994664788246155,0.4632799029350281,0.10030694305896759,-0.1820252239704132,0.9996680021286011,0.519828200340271,0.14418746531009674,-0.3084720969200134,0.9998583793640137,0.49189987778663635,0.14404353499412537,-0.31569772958755493,0.9998639822006226,0.6095460057258606,0.29951784014701843,-0.052014678716659546,0.9998295903205872,0.39825794100761414,0.30112797021865845,-0.12552353739738464,0.9997953772544861,0.6213752627372742,0.5195093154907227,0.06313325464725494,0.9736610054969788,0.37318068742752075,0.5374934077262878,-0.08509145677089691,0.9927456378936768,0.6395204067230225,0.7226151823997498,-0.062080152332782745,0.9772918224334717,0.36103910207748413,0.7414331436157227,-0.19885268807411194,0.9845631122589111,0.6503490209579468,0.7854230999946594,-0.11717154085636139,0.9620054364204407,0.3511703610420227,0.8012664318084717,-0.24355921149253845,0.9698810577392578,0.6346806287765503,0.7859879732131958,-0.16501960158348083,0.9658447504043579,0.3649086058139801,0.798636257648468,-0.30863791704177856,0.9733830690383911,0.6258514523506165,0.7677160501480103,-0.08028554916381836,0.9656192064285278,0.3720124065876007,0.7803527116775513,-0.22545500099658966,0.9725402593612671,0.5639216899871826,0.7196189761161804,0.02622135914862156,0.9986658096313477,0.4374350905418396,0.7294536232948303,-0.02604573406279087,0.9986108541488647,0.5685431957244873,0.9887314438819885,-0.0996713861823082,0.6686056852340698,0.4358692765235901,1.0160410404205322,-0.05910308286547661,0.5719246864318848,0.5736539363861084,1.255906343460083,0.47291436791419983,0.08942549675703049,0.44521650671958923,1.2685348987579346,0.4103626608848572,0.0921420231461525,0.5717674493789673,1.279106616973877,0.5257092714309692,0.0823877826333046,0.4441153109073639,1.2954466342926025,0.4529877305030823,0.049080368131399155,0.5739223957061768,1.3612984418869019,0.36554592847824097,0.05259516462683678,0.4629155993461609,1.3620249032974243,0.25143760442733765,0.04781891033053398
2026-04-30T18:50:20.811998,139,0.5295766592025757,0.1025363877415657,-0.4038066864013672,0.999811589717865,0.5422156453132629,0.07151961326599121,-0.3708769381046295,0.9996221661567688,0.550742506980896,0.07193294167518616,-0.371101438999176,0.9996237754821777,0.5582085847854614,0.07263898104429245,-0.37130120396614075,0.9996057748794556,0.515583872795105,0.07066857814788818,-0.37960922718048096,0.9996369481086731,0.5064266920089722,0.07066560536623001,-0.37959611415863037,0.9996429681777954,0.4976654648780823,0.07097582519054413,-0.37987303733825684,0.9996328949928284,0.5614325404167175,0.08708462864160538,-0.1713694930076599,0.999481737613678,0.4865373969078064,0.08551940321922302,-0.21082250773906708,0.9996716380119324,0.5394153594970703,0.13366076350212097,-0.32524922490119934,0.9998651146888733,0.5121801495552063,0.13126572966575623,-0.3367036283016205,0.9998686909675598,0.6328170895576477,0.2858283221721649,-0.04846290871500969,0.9998398423194885,0.4178333878517151,0.29644742608070374,-0.12985998392105103,0.999789297580719,0.6505166888237,0.5134634375572205,0.0857289507985115,0.9755592942237854,0.3882504999637604,0.5336014032363892,-0.08061613142490387,0.9927621483802795,0.6666039824485779,0.7215548753738403,-0.05723976343870163,0.979095995426178,0.36836597323417664,0.7409911751747131,-0.20117978751659393,0.9852175116539001,0.6729964017868042,0.7880338430404663,-0.11041643470525742,0.9648647308349609,0.35560527443885803,0.8001452684402466,-0.2473069429397583,0.9710593819618225,0.6599591374397278,0.7865324020385742,-0.16325463354587555,0.9684350490570068,0.36845192313194275,0.7982185482978821,-0.31236812472343445,0.9744434356689453,0.6528149247169495,0.7673261761665344,-0.07907457649707794,0.968156099319458,0.3761228919029236,0.7804775834083557,-0.22901177406311035,0.9735126495361328,0.5756680369377136,0.7197609543800354,0.031970761716365814,0.9987401962280273,0.44813185930252075,0.7287261486053467,-0.03181547671556473,0.9986600875854492,0.5780650973320007,0.9976980686187744,-0.10042785108089447,0.6791054010391235,0.4368278980255127,1.0248922109603882,-0.11040185391902924,0.5839284062385559,0.5834788084030151,1.254978895187378,0.5016230344772339,0.08896169811487198,0.44481906294822693,1.273233413696289,0.4013563096523285,0.09201225638389587,0.5822442770004272,1.2782056331634521,0.5548979043960571,0.08063498884439468,0.4439598023891449,1.2998923063278198,0.44364213943481445,0.04778445139527321,0.5804011225700378,1.3607381582260132,0.38387414813041687,0.051607634872198105,0.461048424243927,1.3662333488464355,0.21871812641620636,0.047107577323913574
2026-04-30T18:50:20.916849,140,0.5474504232406616,0.09206055104732513,-0.40659135580062866,0.9998122453689575,0.5577641725540161,0.05889422073960304,-0.37597593665122986,0.9996159672737122,0.5655606985092163,0.059233441948890686,-0.376203715801239,0.9996232390403748,0.5722966194152832,0.05971861630678177,-0.37639135122299194,0.999602198600769,0.5317816138267517,0.05781664326786995,-0.38588136434555054,0.9996250867843628,0.5224034190177917,0.057659853249788284,-0.3858802020549774,0.9996355772018433,0.5134826302528381,0.05767395719885826,-0.38615214824676514,0.9996190071105957,0.5721821188926697,0.0739874392747879,-0.17955109477043152,0.9994864463806152,0.5001910328865051,0.07229696959257126,-0.2241176813840866,0.9996653199195862,0.5545212030410767,0.12321272492408752,-0.32930999994277954,0.9998692870140076,0.5267256498336792,0.12030423432588577,-0.34192728996276855,0.9998703002929688,0.6463874578475952,0.2729749381542206,-0.049378182739019394,0.9998493194580078,0.42619195580482483,0.290742427110672,-0.1444789171218872,0.999779999256134,0.6718488335609436,0.5080272555351257,0.08394946902990341,0.9774806499481201,0.39632710814476013,0.5319334268569946,-0.08519075065851212,0.9928780794143677,0.6823598742485046,0.7203951478004456,-0.060163699090480804,0.9808046817779541,0.37310680747032166,0.7406524419784546,-0.20273609459400177,0.9858099222183228,0.6897977590560913,0.7889090180397034,-0.11163634061813354,0.9675726294517517,0.3609392046928406,0.7993420958518982,-0.24786393344402313,0.9721226096153259,0.6783186197280884,0.7860114574432373,-0.1667046844959259,0.9708874821662903,0.3732181489467621,0.7978554368019104,-0.32650643587112427,0.9754050970077515,0.6708282232284546,0.7665983438491821,-0.0822373628616333,0.9705939292907715,0.380645215511322,0.7804638147354126,-0.23495838046073914,0.974418044090271,0.58060622215271,0.7220714688301086,0.03510313481092453,0.9988028407096863,0.4524502754211426,0.7271547317504883,-0.03493380546569824,0.9986984133720398,0.5805181264877319,1.0104068517684937,-0.09980721026659012,0.6898159980773926,0.4393467307090759,1.0263944864273071,-0.10856746137142181,0.5975439548492432,0.5825068354606628,1.261846661567688,0.512140154838562,0.09043047577142715,0.4431520402431488,1.2812284231185913,0.38835689425468445,0.0951317697763443,0.5810912847518921,1.284731149673462,0.5654439330101013,0.08095542341470718,0.4424648880958557,1.3085488080978394,0.43668025732040405,0.048028528690338135,0.5798236131668091,1.3692313432693481,0.3899001181125641,0.05166158825159073,0.4571564197540283,1.377664566040039,0.19162622094154358,0.0478798970580101
2026-04-30T18:50:21.023447,141,0.5542517900466919,0.08776865154504776,-0.4034072756767273,0.9998236894607544,0.5633114576339722,0.05396834760904312,-0.3732367157936096,0.9996362328529358,0.5706052184104919,0.05450429022312164,-0.3734457790851593,0.9996456503868103,0.577182948589325,0.05528566986322403,-0.3736594319343567,0.9996241927146912,0.5384131669998169,0.052711423486471176,-0.3788551092147827,0.9996454119682312,0.5288774371147156,0.05245109647512436,-0.3788459599018097,0.9996573328971863,0.5198838710784912,0.05254340171813965,-0.37909355759620667,0.9996392130851746,0.5762802362442017,0.06905940175056458,-0.17830915749073029,0.9995188117027283,0.5028033256530762,0.06755426526069641,-0.2227666825056076,0.9996870160102844,0.5611699223518372,0.11841041594743729,-0.327776163816452,0.999877393245697,0.5337105989456177,0.11652687191963196,-0.33702200651168823,0.9998775124549866,0.6483544111251831,0.2683136761188507,-0.04660087078809738,0.9998598098754883,0.42763423919677734,0.2825327515602112,-0.15400001406669617,0.9997841119766235,0.6749707460403442,0.5042096376419067,0.0984017625451088,0.9794976711273193,0.39909660816192627,0.5312694907188416,-0.09846942126750946,0.9933122992515564,0.6919231414794922,0.7212114930152893,-0.014651665464043617,0.9825254678726196,0.37788182497024536,0.7427601218223572,-0.21363084018230438,0.986802875995636,0.7012752294540405,0.7918422818183899,-0.05866251140832901,0.9704059362411499,0.3661015033721924,0.8028016686439514,-0.2552340030670166,0.9739512205123901,0.6915962100028992,0.7894525527954102,-0.11450187861919403,0.9734379053115845,0.37818607687950134,0.8034272789955139,-0.3369235098361969,0.9770344495773315,0.683946430683136,0.7695472836494446,-0.03727992624044418,0.9731884598731995,0.3861956298351288,0.7849991917610168,-0.24624033272266388,0.9761568903923035,0.5856449604034424,0.7263644337654114,0.034664325416088104,0.9988968968391418,0.45570263266563416,0.7281174063682556,-0.03440713509917259,0.998789370059967,0.5834417939186096,1.0202372074127197,-0.09410397708415985,0.6977229118347168,0.4439561367034912,1.0300389528274536,-0.07845025509595871,0.6059229373931885,0.5839225053787231,1.2840993404388428,0.4786768853664398,0.08449112623929977,0.4512888789176941,1.2978028059005737,0.4170866012573242,0.08864926546812057,0.583930492401123,1.3114793300628662,0.5259767770767212,0.07604935020208359,0.4510807991027832,1.3251370191574097,0.4627402722835541,0.04522312805056572,0.5797829031944275,1.3894597291946411,0.35875818133354187,0.04784873500466347,0.4643443524837494,1.3948652744293213,0.25699952244758606,0.04431614279747009
2026-04-30T18:50:21.134530,142,0.5537317991256714,0.07945679128170013,-0.38225704431533813,0.9998369216918945,0.5633240938186646,0.045830726623535156,-0.3529548645019531,0.9996621012687683,0.5705273747444153,0.04667854309082031,-0.35313645005226135,0.9996721148490906,0.5772717595100403,0.04788299649953842,-0.35327014327049255,0.9996513724327087,0.5396624803543091,0.044640880078077316,-0.35880494117736816,0.9996704459190369,0.5305808782577515,0.04463466256856918,-0.3588030934333801,0.9996824264526367,0.521679162979126,0.04506073147058487,-0.35906678438186646,0.9996641874313354,0.5774015188217163,0.06326211988925934,-0.1684255301952362,0.9995564818382263,0.5035774111747742,0.06068219617009163,-0.20217593014240265,0.9997106194496155,0.5604986548423767,0.11145403236150742,-0.3107217252254486,0.9998868107795715,0.5341621041297913,0.10964211821556091,-0.31886357069015503,0.9998862743377686,0.6466304063796997,0.2685183584690094,-0.04791099950671196,0.9998705387115479,0.428835928440094,0.2722907066345215,-0.14866860210895538,0.9997935891151428,0.6754562258720398,0.5045447945594788,0.09219999611377716,0.9813753962516785,0.3998824954032898,0.5236901044845581,-0.09918289631605148,0.9937110543251038,0.6905370950698853,0.7273870706558228,-0.02999405935406685,0.9841134548187256,0.37743091583251953,0.7423756718635559,-0.21831199526786804,0.987762451171875,0.6982467770576477,0.7991102337837219,-0.07468515634536743,0.9730391502380371,0.365528404712677,0.8023389577865601,-0.2612588703632355,0.9757677912712097,0.6862684488296509,0.796545684337616,-0.13049599528312683,0.9758058786392212,0.3785206079483032,0.8029467463493347,-0.3420998454093933,0.9786484837532043,0.6787675619125366,0.7766698002815247,-0.05343306064605713,0.975592315196991,0.3866816461086273,0.7845101952552795,-0.2511935234069824,0.9778779745101929,0.5863486528396606,0.727641761302948,0.034186992794275284,0.9989907741546631,0.45550164580345154,0.728561282157898,-0.03397589921951294,0.9988853335380554,0.582626461982727,1.0245118141174316,-0.10066443681716919,0.7049035429954529,0.44401177763938904,1.0332419872283936,-0.06371286511421204,0.6111583709716797,0.5842805504798889,1.2991321086883545,0.46615466475486755,0.07885757833719254,0.4533708095550537,1.3086832761764526,0.4530162811279297,0.08259593695402145,0.5848301649093628,1.3268158435821533,0.5102502107620239,0.07122979313135147,0.4526931643486023,1.3363251686096191,0.49879470467567444,0.04249447211623192,0.5797525644302368,1.405139446258545,0.3530116677284241,0.044238150119781494,0.4663819670677185,1.407614827156067,0.294372022151947,0.040980517864227295
2026-04-30T18:50:21.248192,143,0.5503228902816772,0.06902886927127838,-0.37435388565063477,0.9998469352722168,0.5607212781906128,0.0373501218855381,-0.34450235962867737,0.9996809363365173,0.5680545568466187,0.038560912013053894,-0.34471994638442993,0.9996917247772217,0.5750393867492676,0.040246590971946716,-0.34483206272125244,0.9996716380119324,0.5370208024978638,0.03571314737200737,-0.3474205732345581,0.9996879696846008,0.5279824733734131,0.0357566736638546,-0.34747645258903503,0.9997004866600037,0.519205629825592,0.036423347890377045,-0.3477637469768524,0.9996817708015442,0.5764696598052979,0.05657688528299332,-0.16387508809566498,0.9995843768119812,0.5018869638442993,0.052401743829250336,-0.17966151237487793,0.9997273087501526,0.5583966374397278,0.10251842439174652,-0.3049948513507843,0.9998940229415894,0.5309845805168152,0.09993433952331543,-0.30920982360839844,0.9998925924301147,0.6475857496261597,0.2652312219142914,-0.05560322850942612,0.999879777431488,0.4285348057746887,0.2666512429714203,-0.12450055778026581,0.9998012185096741,0.6710106134414673,0.50296950340271,0.05519617348909378,0.9829901456832886,0.39957836270332336,0.519840657711029,-0.08084718137979507,0.9939706325531006,0.6835013628005981,0.7270405292510986,-0.08284656703472137,0.98552006483078,0.3766731023788452,0.7426624894142151,-0.20833127200603485,0.9885498881340027,0.6908445358276367,0.8002489805221558,-0.1366945207118988,0.9753793478012085,0.3648897111415863,0.8032991886138916,-0.2543932795524597,0.9772712588310242,0.6774590611457825,0.7980617880821228,-0.19303429126739502,0.9779102802276611,0.3779137432575226,0.8036892414093018,-0.3313242197036743,0.9799840450286865,0.6695699095726013,0.7781742215156555,-0.10582281649112701,0.9777138829231262,0.38596227765083313,0.7849891185760498,-0.23992380499839783,0.9792805910110474,0.5900102853775024,0.7275733351707458,0.028007740154862404,0.9990755319595337,0.45743507146835327,0.7285391092300415,-0.027823984622955322,0.9989719986915588,0.5824066996574402,1.021842122077942,-0.11111564934253693,0.706593930721283,0.4447174668312073,1.0293023586273193,-0.037988752126693726,0.6113535761833191,0.585070013999939,1.2986629009246826,0.46128028631210327,0.0739714726805687,0.45325249433517456,1.3035962581634521,0.4707114100456238,0.07804655283689499,0.5856775045394897,1.325612187385559,0.5094071626663208,0.06720579415559769,0.45267969369888306,1.3307734727859497,0.5172072649002075,0.04049982875585556,0.5800413489341736,1.4045207500457764,0.3440244793891907,0.041251104325056076,0.46721044182777405,1.4036121368408203,0.31331756711006165,0.03849085420370102
2026-04-30T18:50:21.353529,144,0.5459086894989014,0.06557916849851608,-0.37026113271713257,0.9998583197593689,0.5568628311157227,0.034062206745147705,-0.34108686447143555,0.9997033476829529,0.5643924474716187,0.03536073863506317,-0.3412838578224182,0.9997135996818542,0.5715270638465881,0.03715890645980835,-0.34137505292892456,0.9996947646141052,0.532931923866272,0.03222234174609184,-0.3415790796279907,0.9997095465660095,0.5239371061325073,0.0321989431977272,-0.341618150472641,0.9997215270996094,0.5153430104255676,0.03275950998067856,-0.34188011288642883,0.9997033476829529,0.5753933191299438,0.053984008729457855,-0.16397643089294434,0.9996135830879211,0.4987698495388031,0.048659734427928925,-0.17137734591960907,0.9997463226318359,0.5547529458999634,0.09833337366580963,-0.303690105676651,0.9999018907546997,0.5269700288772583,0.0947028249502182,-0.3049832284450531,0.9999001622200012,0.6457629203796387,0.26458147168159485,-0.07183793932199478,0.9998884797096252,0.4265662729740143,0.26283958554267883,-0.12449850887060165,0.9998105764389038,0.666307806968689,0.5030949711799622,0.02763284742832184,0.9843778014183044,0.39851003885269165,0.5184046030044556,-0.0840277224779129,0.9941540360450745,0.6776456832885742,0.7336321473121643,-0.09428492933511734,0.9867408871650696,0.37609225511550903,0.7451322674751282,-0.2076968252658844,0.9891608953475952,0.6855517029762268,0.8072897791862488,-0.1470474898815155,0.9773848652839661,0.3644609749317169,0.8064696192741394,-0.25434058904647827,0.9784004092216492,0.6736681461334229,0.803909420967102,-0.19921573996543884,0.9797151684761047,0.37749606370925903,0.8067048788070679,-0.3259604573249817,0.9809964895248413,0.6665952205657959,0.7827205657958984,-0.11542490869760513,0.9795464873313904,0.38543444871902466,0.7881883978843689,-0.23754875361919403,0.980373740196228,0.5896536111831665,0.7279020547866821,0.02524523064494133,0.9991551637649536,0.45707520842552185,0.7291715741157532,-0.025042632594704628,0.9990521669387817,0.5828255414962769,1.0212334394454956,-0.10949383676052094,0.696546196937561,0.44488269090652466,1.0275739431381226,0.01897663250565529,0.5989082455635071,0.5856727957725525,1.312408208847046,0.43184176087379456,0.06871376931667328,0.4524991512298584,1.3018391132354736,0.4857448637485504,0.07318519055843353,0.5858877897262573,1.34184730052948,0.4788910746574402,0.06298607587814331,0.45121821761131287,1.3311256170272827,0.5292685031890869,0.03830532357096672,0.5809350609779358,1.4196873903274536,0.30205556750297546,0.038235850632190704,0.46656936407089233,1.4042515754699707,0.32415544986724854,0.03600141406059265
2026-04-30T18:50:21.460557,145,0.5439149141311646,0.06025023013353348,-0.37036722898483276,0.9998672604560852,0.5558227300643921,0.02895084209740162,-0.34127140045166016,0.9997215867042542,0.5635347962379456,0.030276723206043243,-0.34146809577941895,0.9997301697731018,0.5707446336746216,0.032143183052539825,-0.34156256914138794,0.9997128844261169,0.5310813188552856,0.026717092841863632,-0.3426355719566345,0.9997276663780212,0.5218679308891296,0.026502635329961777,-0.3426719903945923,0.9997383952140808,0.5132304430007935,0.027038389816880226,-0.3429293632507324,0.9997215867042542,0.5743147134780884,0.048754651099443436,-0.16412916779518127,0.9996352195739746,0.49680599570274353,0.04352903738617897,-0.175826758146286,0.9997623562812805,0.5534548163414001,0.09307043999433517,-0.303762286901474,0.9999086856842041,0.5247175693511963,0.08862829953432083,-0.3056640625,0.9999069571495056,0.6439886093139648,0.261896014213562,-0.0711333155632019,0.9998939633369446,0.4251345694065094,0.25967827439308167,-0.1314006745815277,0.9998176693916321,0.662488579750061,0.5033395290374756,0.03685607761144638,0.9852218627929688,0.3979331851005554,0.5152653455734253,-0.10040668398141861,0.9943260550498962,0.6745791435241699,0.7342809438705444,-0.05943744257092476,0.9875655174255371,0.3741508424282074,0.745962917804718,-0.2148219794034958,0.9896135926246643,0.6826450824737549,0.8080581426620483,-0.10732197761535645,0.9786716103553772,0.36158061027526855,0.808348536491394,-0.2620082199573517,0.9791727662086487,0.6722428202629089,0.8052648901939392,-0.1575150191783905,0.9808706045150757,0.3764069974422455,0.8071650266647339,-0.3308611810207367,0.9816826581954956,0.6659741997718811,0.7833747267723083,-0.0795183926820755,0.980722963809967,0.38503140211105347,0.7885469198226929,-0.24342846870422363,0.9810912013053894,0.588500440120697,0.727836549282074,0.0255751870572567,0.999219536781311,0.45664986968040466,0.7291560769081116,-0.025385472923517227,0.9991151690483093,0.5835480093955994,1.0208309888839722,-0.11365983635187149,0.6940982937812805,0.4449290633201599,1.0257868766784668,0.008986164815723896,0.5941393375396729,0.5877625942230225,1.318023443222046,0.4150380492210388,0.06648533046245575,0.4519234299659729,1.3056836128234863,0.47404274344444275,0.07150285691022873,0.5866774320602417,1.3469064235687256,0.4600503444671631,0.060898397117853165,0.45085230469703674,1.3346632719039917,0.51700758934021,0.03731564059853554,0.5866703987121582,1.4274897575378418,0.272652804851532,0.03682465851306915,0.46578192710876465,1.4108026027679443,0.30484509468078613,0.03515484184026718
2026-04-30T18:50:21.567784,146,0.5387426018714905,0.056803394109010696,-0.36657261848449707,0.9998754262924194,0.555450975894928,0.027138536795973778,-0.3372611999511719,0.9997365474700928,0.562569260597229,0.02900558151304722,-0.33744949102401733,0.9997445940971375,0.5693974494934082,0.03138178586959839,-0.3375152051448822,0.9997279644012451,0.5294908285140991,0.023382078856229782,-0.3372935354709625,0.9997427463531494,0.520638108253479,0.022739680483937263,-0.3373282849788666,0.9997534155845642,0.5123922824859619,0.023053716868162155,-0.3376002609729767,0.9997370839118958,0.5721553564071655,0.04813425615429878,-0.16384750604629517,0.9996528625488281,0.49561816453933716,0.040251001715660095,-0.16854412853717804,0.999775767326355,0.5516302585601807,0.0905161201953888,-0.3019726872444153,0.9999139308929443,0.5199674963951111,0.0842827558517456,-0.30243656039237976,0.9999123215675354,0.6416467428207397,0.2590921223163605,-0.07328623533248901,0.9998993277549744,0.42490988969802856,0.2578446865081787,-0.13028787076473236,0.9998257756233215,0.6604524850845337,0.502678394317627,0.035919345915317535,0.9862731695175171,0.39554840326309204,0.515336811542511,-0.10087330639362335,0.9945424199104309,0.6741092205047607,0.7340472936630249,-0.060109399259090424,0.9885212182998657,0.3698922097682953,0.7478212714195251,-0.21490535140037537,0.9902260303497314,0.6812900900840759,0.8071569800376892,-0.10841002315282822,0.9802531599998474,0.3576129078865051,0.8118858337402344,-0.2620845139026642,0.9803178310394287,0.6688470244407654,0.8044090270996094,-0.15950533747673035,0.9822901487350464,0.37286028265953064,0.8095627427101135,-0.33087143301963806,0.9827038049697876,0.661586582660675,0.7831181287765503,-0.08093440532684326,0.9821654558181763,0.38164421916007996,0.7904113531112671,-0.2434832602739334,0.982182502746582,0.58720862865448,0.7276334166526794,0.02512020245194435,0.9992830157279968,0.45574885606765747,0.7302605509757996,-0.024936916306614876,0.9991817474365234,0.5831766128540039,1.020359754562378,-0.11022423207759857,0.6854233741760254,0.4449501037597656,1.025040864944458,0.020421011373400688,0.5831465721130371,0.5874755382537842,1.3176099061965942,0.4225667119026184,0.062007173895835876,0.4515000283718109,1.3064333200454712,0.4856097102165222,0.06727346777915955,0.5864071249961853,1.3467172384262085,0.4689359664916992,0.05719904601573944,0.45062604546546936,1.335972547531128,0.5291141271591187,0.035470541566610336,0.5862773060798645,1.425852656364441,0.27578362822532654,0.03424575924873352,0.4657575190067291,1.4098962545394897,0.32061243057250977,0.03301633149385452
2026-04-30T18:50:21.670922,147,0.5383403301239014,0.05678537115454674,-0.3831616938114166,0.9998836517333984,0.5539534687995911,0.02574554644525051,-0.3528640866279602,0.9997546672821045,0.5611206889152527,0.027278661727905273,-0.35304850339889526,0.9997602701187134,0.5679402351379395,0.029386138543486595,-0.3531148433685303,0.9997454285621643,0.5289210677146912,0.02231057547032833,-0.35628941655158997,0.9997608661651611,0.5205245018005371,0.021526368334889412,-0.35629040002822876,0.9997698068618774,0.5115078091621399,0.021784931421279907,-0.35653045773506165,0.9997553825378418,0.5707949995994568,0.045092809945344925,-0.17378374934196472,0.9996727705001831,0.49420756101608276,0.03756440430879593,-0.19098533689975739,0.9997915625572205,0.550574541091919,0.09020089358091354,-0.31567731499671936,0.9999203085899353,0.5197578072547913,0.08529719710350037,-0.32043495774269104,0.9999189972877502,0.6413184404373169,0.2565676271915436,-0.07662580162286758,0.9999029040336609,0.4227936863899231,0.2556520700454712,-0.15181128680706024,0.9998324513435364,0.6597380042076111,0.5024980902671814,0.03718586266040802,0.986422061920166,0.3913419842720032,0.5144559144973755,-0.13024874031543732,0.9946534037590027,0.6736563444137573,0.7333917021751404,-0.0607704222202301,0.9889315962791443,0.36748939752578735,0.7494165301322937,-0.2517859935760498,0.9905641078948975,0.6800930500030518,0.8067134022712708,-0.10911853611469269,0.9808122515678406,0.3547878563404083,0.8151621222496033,-0.30231308937072754,0.9808573722839355,0.6663177609443665,0.8039209842681885,-0.16061030328273773,0.982789933681488,0.3708345293998718,0.8120039701461792,-0.3664768934249878,0.9831913709640503,0.6580132842063904,0.7828437089920044,-0.08161667734384537,0.9826974272727966,0.3798951804637909,0.7923431992530823,-0.27915340662002563,0.9826921820640564,0.5867569446563721,0.7260797619819641,0.02350999042391777,0.9993295669555664,0.4553401470184326,0.7302147746086121,-0.0233266893774271,0.9992249011993408,0.5827595591545105,1.0195764303207397,-0.10678696632385254,0.6825434565544128,0.444904625415802,1.0195740461349487,0.026587748900055885,0.5746164321899414,0.5880075693130493,1.3119251728057861,0.41323956847190857,0.060510262846946716,0.4519226551055908,1.3026419878005981,0.5030257701873779,0.06564123183488846,0.5864735841751099,1.3403525352478027,0.4573213458061218,0.056087054312229156,0.4514961242675781,1.3322056531906128,0.5484909415245056,0.03494178503751755,0.5883716344833374,1.4216771125793457,0.27510061860084534,0.03356209397315979,0.46570295095443726,1.4044861793518066,0.34977787733078003,0.032455943524837494
2026-04-30T18:50:21.783423,148,0.5346964597702026,0.054092779755592346,-0.4226521849632263,0.9998884201049805,0.5515631437301636,0.0243473332375288,-0.3910728096961975,0.9997636079788208,0.5590710639953613,0.0259191133081913,-0.3912660479545593,0.9997671842575073,0.5661836862564087,0.028002817183732986,-0.3913513422012329,0.9997531771659851,0.5262209177017212,0.020879782736301422,-0.39266717433929443,0.9997701048851013,0.5177621841430664,0.020255686715245247,-0.3926728665828705,0.9997780919075012,0.5086765885353088,0.020627746358513832,-0.3929269313812256,0.9997646808624268,0.5700282454490662,0.04455377906560898,-0.20585355162620544,0.9996793270111084,0.49245843291282654,0.03770752251148224,-0.21342642605304718,0.9997984170913696,0.5482679009437561,0.0872284397482872,-0.35314664244651794,0.9999246001243591,0.5159923434257507,0.0817655697464943,-0.35541480779647827,0.9999235272407532,0.6405794620513916,0.2563819885253906,-0.10084046423435211,0.999906063079834,0.4193246364593506,0.25538215041160583,-0.1629476696252823,0.9998361468315125,0.6583119034767151,0.5022623538970947,0.025469982996582985,0.9869691729545593,0.38758814334869385,0.5147980451583862,-0.1332397609949112,0.994648814201355,0.6720500588417053,0.7332325577735901,-0.07579080760478973,0.9894325137138367,0.3657416105270386,0.7514506578445435,-0.2608972489833832,0.9906386137008667,0.6793395280838013,0.8063063025474548,-0.12487511336803436,0.9814938306808472,0.3538787364959717,0.817554235458374,-0.3134983479976654,0.9808529615402222,0.6656209230422974,0.8037006855010986,-0.17863011360168457,0.9834142327308655,0.3700007498264313,0.8140350580215454,-0.37925833463668823,0.9832196235656738,0.6576412916183472,0.7827128171920776,-0.09742148220539093,0.9832987189292908,0.37904536724090576,0.7942783832550049,-0.28897497057914734,0.9827039837837219,0.5861967206001282,0.7259930372238159,0.02120230533182621,0.9993605017662048,0.4544100761413574,0.7308133840560913,-0.020998207852244377,0.9992438554763794,0.5824775695800781,1.0192371606826782,-0.10403154045343399,0.6750192642211914,0.444967657327652,1.0131275653839111,0.032407764345407486,0.5624260306358337,0.5885865688323975,1.3077648878097534,0.4324151575565338,0.05867430195212364,0.45170021057128906,1.3018876314163208,0.5310081243515015,0.06366308778524399,0.5869113206863403,1.3358606100082397,0.47940167784690857,0.05463921278715134,0.45125746726989746,1.3312397003173828,0.578630268573761,0.03446632996201515,0.5888575315475464,1.4169362783432007,0.2897816598415375,0.03268822282552719,0.46559733152389526,1.4024378061294556,0.37198498845100403,0.03174362704157829
2026-04-30T18:50:21.896357,149,0.5325992703437805,0.05315697565674782,-0.4326844811439514,0.9998918175697327,0.5495179295539856,0.023899855092167854,-0.4014132618904114,0.9997692108154297,0.5571714639663696,0.025405460968613625,-0.40161433815956116,0.9997710585594177,0.5644213557243347,0.027357522398233414,-0.40170368552207947,0.9997575879096985,0.5243716835975647,0.020828960463404655,-0.4035610556602478,0.9997759461402893,0.5159193277359009,0.020383689552545547,-0.4035671353340149,0.9997832775115967,0.5068180561065674,0.020881351083517075,-0.40382856130599976,0.9997707605361938,0.5687467455863953,0.0442952960729599,-0.21499940752983093,0.9996823668479919,0.49054446816444397,0.038162633776664734,-0.22423002123832703,0.99980229139328,0.5463976860046387,0.08610334992408752,-0.36242279410362244,0.9999278783798218,0.5139628648757935,0.08091206103563309,-0.3653688132762909,0.9999270439147949,0.6366720795631409,0.25474345684051514,-0.10966287553310394,0.9999085068702698,0.41581177711486816,0.25505006313323975,-0.16732415556907654,0.9998391270637512,0.657391369342804,0.5012189745903015,0.01278684101998806,0.9874770641326904,0.3853492736816406,0.5149310231208801,-0.1386309117078781,0.9946791529655457,0.6717762351036072,0.7331573367118835,-0.10258479416370392,0.9898968935012817,0.3648238778114319,0.7535445094108582,-0.27478498220443726,0.9907869696617126,0.6787270307540894,0.8058344125747681,-0.15477438271045685,0.9821480512619019,0.3534993827342987,0.8194994330406189,-0.32974478602409363,0.9810506105422974,0.6653162240982056,0.8035035729408264,-0.21104535460472107,0.9840141534805298,0.36974677443504333,0.8159790635108948,-0.39622893929481506,0.983421266078949,0.6573628783226013,0.7828152179718018,-0.12576381862163544,0.9838895797729492,0.37877941131591797,0.79594486951828,-0.30343788862228394,0.9828931093215942,0.5855122804641724,0.7255070805549622,0.019595209509134293,0.9993812441825867,0.45315298438072205,0.7309340238571167,-0.019370296970009804,0.9992573261260986,0.5822597742080688,1.0187755823135376,-0.09776336699724197,0.673079252243042,0.4449954628944397,1.0132670402526855,0.02352985180914402,0.558212161064148,0.5891003012657166,1.3056492805480957,0.4700325131416321,0.05724693462252617,0.4515444338321686,1.299525499343872,0.5075772404670715,0.06277234107255936,0.587506890296936,1.3335763216018677,0.5200368165969849,0.05349544808268547,0.45113569498062134,1.32852303981781,0.5532270669937134,0.03422606736421585,0.5892084240913391,1.4138981103897095,0.3357994854450226,0.03199901431798935,0.4666622579097748,1.4002574682235718,0.3445802330970764,0.03133503347635269
2026-04-30T18:50:22.003248,150,0.5313486456871033,0.05048750340938568,-0.4202718734741211,0.9998952746391296,0.5477715730667114,0.02090570330619812,-0.38943302631378174,0.9997749328613281,0.5553830862045288,0.022227831184864044,-0.3896312117576599,0.9997766613960266,0.5625123977661133,0.024072816595435143,-0.3897242248058319,0.9997622966766357,0.5226093530654907,0.018420999869704247,-0.39260825514793396,0.999782383441925,0.5140382051467896,0.018102316185832024,-0.39262378215789795,0.9997901320457458,0.5048268437385559,0.01872684620320797,-0.3928838074207306,0.9997775554656982,0.566688597202301,0.041291896253824234,-0.20806992053985596,0.9996875524520874,0.489116370677948,0.03657843545079231,-0.2186489850282669,0.9998088479042053,0.5448474884033203,0.08341510593891144,-0.35057979822158813,0.999930202960968,0.5128971338272095,0.0793323963880539,-0.35476282238960266,0.9999297261238098,0.6344853639602661,0.2535337209701538,-0.10446441173553467,0.9999087452888489,0.4131891131401062,0.25412386655807495,-0.16671928763389587,0.9998424649238586,0.6522835493087769,0.4986989200115204,0.017097244039177895,0.9878420829772949,0.38349127769470215,0.5148643851280212,-0.14182095229625702,0.9948282837867737,0.6679931282997131,0.7328188419342041,-0.09610562771558762,0.9902366399765015,0.36432260274887085,0.753676176071167,-0.2782309651374817,0.9911112189292908,0.6779550313949585,0.8052680492401123,-0.147032231092453,0.9826664924621582,0.3530946373939514,0.8193921446800232,-0.3337981700897217,0.9815957546234131,0.6640883684158325,0.8033512830734253,-0.20298433303833008,0.9844962358474731,0.3690760135650635,0.8161311745643616,-0.3997352719306946,0.9839191436767578,0.6558891534805298,0.7825593948364258,-0.11917384713888168,0.9844008684158325,0.37813901901245117,0.7961248755455017,-0.30654582381248474,0.9834082722663879,0.5841258764266968,0.7253202199935913,0.02118569239974022,0.9994084239006042,0.4518252909183502,0.7309665083885193,-0.020938895642757416,0.999286413192749,0.5821106433868408,1.0184212923049927,-0.09728293120861053,0.6743285059928894,0.44456759095191956,1.0136083364486694,0.012344789691269398,0.5577613711357117,0.5894190073013306,1.3038203716278076,0.4742211699485779,0.05527525767683983,0.45145028829574585,1.2994550466537476,0.5030006170272827,0.060890838503837585,0.5879529714584351,1.3316117525100708,0.5242289900779724,0.051631126552820206,0.45100682973861694,1.3281596899032593,0.5495096445083618,0.03336283564567566,0.5893169641494751,1.4121283292770386,0.33811625838279724,0.030816731974482536,0.4678012728691101,1.4010933637619019,0.3354843258857727,0.0303537268191576
2026-04-30T18:50:22.108644,151,0.5312754511833191,0.052307963371276855,-0.41439175605773926,0.9998982548713684,0.5472181439399719,0.02260289154946804,-0.3838154971599579,0.999779224395752,0.5545554161071777,0.023843485862016678,-0.3840121328830719,0.9997813701629639,0.5614588260650635,0.025507476180791855,-0.38411185145378113,0.9997656345367432,0.5225478410720825,0.020159756764769554,-0.3873231112957001,0.9997878074645996,0.5138702392578125,0.01980382204055786,-0.38733476400375366,0.9997963309288025,0.5046663284301758,0.020305754616856575,-0.3875887989997864,0.9997833371162415,0.5650820136070251,0.041923172771930695,-0.20276661217212677,0.9996917843818665,0.4884719252586365,0.037706077098846436,-0.21571004390716553,0.9998148679733276,0.5445231795310974,0.08488823473453522,-0.34495675563812256,0.999931812286377,0.5128068923950195,0.08082786947488785,-0.34957796335220337,0.9999319314956665,0.6333692669868469,0.2543260157108307,-0.09896977245807648,0.9999088644981384,0.41210049390792847,0.254008948802948,-0.1656111776828766,0.9998456835746765,0.6517531275749207,0.49984318017959595,0.021651148796081543,0.9883548617362976,0.3821810185909271,0.5148872137069702,-0.1449756771326065,0.9950013756752014,0.6662436723709106,0.7346819639205933,-0.09385277330875397,0.990679144859314,0.36378851532936096,0.754457414150238,-0.2802058756351471,0.991430938243866,0.6767218708992004,0.8052994012832642,-0.14399664103984833,0.9833635687828064,0.35288840532302856,0.81995689868927,-0.3350274860858917,0.9821186661720276,0.6621516942977905,0.8036035895347595,-0.20024707913398743,0.9851321578025818,0.368743360042572,0.8166295886039734,-0.39925089478492737,0.9843934178352356,0.6544279456138611,0.7833039164543152,-0.11719784885644913,0.9850620627403259,0.37778908014297485,0.7966515421867371,-0.3077234625816345,0.9839166402816772,0.5828267931938171,0.7260199189186096,0.0213386882096529,0.9994292259216309,0.45062464475631714,0.733245313167572,-0.021082496270537376,0.9993095397949219,0.5815038681030273,1.0181410312652588,-0.08561395108699799,0.6729136109352112,0.4431900084018707,1.0167889595031738,0.01756155490875244,0.5538102984428406,0.5895826816558838,1.3033900260925293,0.46913108229637146,0.053045906126499176,0.4512154459953308,1.3033546209335327,0.501825213432312,0.05885204300284386,0.5884572267532349,1.3313761949539185,0.5175591707229614,0.049697861075401306,0.45057669281959534,1.3327640295028687,0.5470355153083801,0.03242289647459984,0.5891647934913635,1.4120783805847168,0.3337526321411133,0.029516346752643585,0.46766799688339233,1.4057940244674683,0.331653356552124,0.029243823140859604
2026-04-30T18:50:22.213587,152,0.5298254489898682,0.05229532718658447,-0.44073420763015747,0.9999025464057922,0.5464081764221191,0.02310161106288433,-0.40852588415145874,0.9997889399528503,0.5539836287498474,0.02440120466053486,-0.40872105956077576,0.9997895359992981,0.5610297918319702,0.026026921346783638,-0.40882378816604614,0.9997748136520386,0.520389199256897,0.020135842263698578,-0.4116172790527344,0.9997970461845398,0.5112008452415466,0.01947822794318199,-0.41160517930984497,0.9998043179512024,0.5017075538635254,0.019621776416897774,-0.4118477404117584,0.9997922778129578,0.5648365020751953,0.041761819273233414,-0.21651799976825714,0.9997026920318604,0.4861632287502289,0.03639726713299751,-0.22921328246593475,0.9998219609260559,0.5434533357620239,0.08535053580999374,-0.36782267689704895,0.9999356269836426,0.5111537575721741,0.08110947906970978,-0.37178802490234375,0.9999357461929321,0.6324173808097839,0.25460419058799744,-0.10387399047613144,0.9999105930328369,0.41082414984703064,0.25338369607925415,-0.17325851321220398,0.9998468160629272,0.651619553565979,0.5001192688941956,0.02199532836675644,0.9885518550872803,0.38138532638549805,0.5148425698280334,-0.14960959553718567,0.9949495792388916,0.6647194027900696,0.7365966439247131,-0.09386928379535675,0.9909031391143799,0.3632192313671112,0.7550170421600342,-0.2921862006187439,0.9913531541824341,0.6753699779510498,0.8060643672943115,-0.14428654313087463,0.9835928678512573,0.3521443009376526,0.8207184672355652,-0.34959912300109863,0.9818484783172607,0.6606155633926392,0.8044924139976501,-0.20151841640472412,0.9853485822677612,0.368318110704422,0.8171419501304626,-0.415094792842865,0.9841789603233337,0.6531639099121094,0.7845093607902527,-0.11755947768688202,0.9852557182312012,0.37745240330696106,0.797113299369812,-0.32074838876724243,0.9836783409118652,0.5820963382720947,0.7259597182273865,0.020825304090976715,0.999442994594574,0.44906291365623474,0.733730137348175,-0.020562876015901566,0.9993135333061218,0.5813291072845459,1.0152033567428589,-0.0857996866106987,0.6726323962211609,0.44197773933410645,1.0168066024780273,0.019933264702558517,0.549891471862793,0.5896540880203247,1.3029935359954834,0.4709034562110901,0.05301930382847786,0.4497392773628235,1.3021245002746582,0.521295428276062,0.058727528899908066,0.5884003639221191,1.3308404684066772,0.5195394158363342,0.04952168092131615,0.44939422607421875,1.3313252925872803,0.5685231685638428,0.03255164250731468,0.5892676115036011,1.4129170179367065,0.3332558870315552,0.02957032434642315,0.4656447470188141,1.4044545888900757,0.3509778380393982,0.029308659955859184
2026-04-30T18:50:22.323064,153,0.528566300868988,0.053211476653814316,-0.4434933662414551,0.9999079704284668,0.5453025698661804,0.023982126265764236,-0.4119848310947418,0.9998010993003845,0.5530868768692017,0.025216376408934593,-0.41218242049217224,0.9998007416725159,0.5602027177810669,0.026727693155407906,-0.4122730791568756,0.9997870326042175,0.5180386304855347,0.02110327035188675,-0.41392970085144043,0.9998086094856262,0.5083391070365906,0.020449139177799225,-0.41392645239830017,0.9998148083686829,0.49861273169517517,0.020544374361634254,-0.4141673147678375,0.9998036623001099,0.5647207498550415,0.04191434755921364,-0.2226586639881134,0.9997185468673706,0.48357170820236206,0.03686737269163132,-0.23065395653247833,0.99983149766922,0.5426008105278015,0.08599977195262909,-0.37194347381591797,0.9999397993087769,0.5096169114112854,0.081964872777462,-0.3743911683559418,0.9999399185180664,0.632003128528595,0.2544386684894562,-0.1160527914762497,0.9999133944511414,0.4096294045448303,0.2528199851512909,-0.17304562032222748,0.9998497366905212,0.6514843702316284,0.5009163618087769,0.0040608481504023075,0.9889975786209106,0.3806654214859009,0.5149077773094177,-0.14922617375850677,0.9950147867202759,0.6628652811050415,0.7385042905807495,-0.1125735193490982,0.9912994503974915,0.36287564039230347,0.7553771734237671,-0.29255929589271545,0.9915058612823486,0.6745113730430603,0.8071078062057495,-0.16482099890708923,0.9842105507850647,0.35204052925109863,0.8213434219360352,-0.3495607078075409,0.9820627570152283,0.6592680215835571,0.8055344223976135,-0.22228631377220154,0.9859020113945007,0.36830437183380127,0.8176246881484985,-0.4145875871181488,0.9843761920928955,0.6518617868423462,0.7855733036994934,-0.13629582524299622,0.9858076572418213,0.3774120807647705,0.7974567413330078,-0.3210293650627136,0.9839014410972595,0.5814425349235535,0.7259310483932495,0.016219280660152435,0.9994619488716125,0.4478996694087982,0.7342697978019714,-0.015932785347104073,0.9993265271186829,0.5810115337371826,1.012711524963379,-0.08869369328022003,0.6725234389305115,0.44156455993652344,1.0158337354660034,0.029663849622011185,0.5467517375946045,0.5897632241249084,1.3024897575378418,0.46828919649124146,0.05187371373176575,0.4497779309749603,1.3017247915267944,0.5353432893753052,0.057484470307826996,0.5886770486831665,1.3303654193878174,0.5161895751953125,0.04850875958800316,0.44960182905197144,1.3308645486831665,0.583631157875061,0.03237232193350792,0.5892003774642944,1.412340521812439,0.33127012848854065,0.028868431225419044,0.46560946106910706,1.4039424657821655,0.37516212463378906,0.028686633333563805
2026-04-30T18:50:22.438018,154,0.5261913537979126,0.05395715311169624,-0.46440252661705017,0.999912679195404,0.5433082580566406,0.024647900834679604,-0.43292665481567383,0.9998118877410889,0.5515486001968384,0.02586517110466957,-0.4331173002719879,0.999810516834259,0.5587661266326904,0.027343790978193283,-0.4332089424133301,0.9997976422309875,0.514619767665863,0.021790096536278725,-0.4349881708621979,0.9998186826705933,0.5046226382255554,0.021140892058610916,-0.43496862053871155,0.9998238682746887,0.4948366582393646,0.021208560094237328,-0.4351932108402252,0.999813437461853,0.5644199848175049,0.04228537902235985,-0.2406787872314453,0.9997320771217346,0.48067015409469604,0.03721984103322029,-0.2500074505805969,0.9998397827148438,0.5411922931671143,0.08665422350168228,-0.3917493522167206,0.9999436140060425,0.5070516467094421,0.08265836536884308,-0.394519567489624,0.9999438524246216,0.630707323551178,0.2542634606361389,-0.127645343542099,0.9999162554740906,0.40801915526390076,0.252572625875473,-0.186433345079422,0.9998519420623779,0.6509668827056885,0.5009705424308777,3.751649637706578e-05,0.9892668128013611,0.3796864151954651,0.5159600377082825,-0.16226163506507874,0.9950125813484192,0.6618059277534485,0.7392788529396057,-0.11622636020183563,0.9915987849235535,0.36213013529777527,0.7555615901947021,-0.3087231516838074,0.991439700126648,0.6742150783538818,0.8071377873420715,-0.16897931694984436,0.9846096038818359,0.3514587879180908,0.8219001889228821,-0.3678509294986725,0.9818367958068848,0.6584252119064331,0.8056562542915344,-0.22709503769874573,0.9862679243087769,0.36786702275276184,0.8180585503578186,-0.4316636621952057,0.9841955900192261,0.6508760452270508,0.7858757376670837,-0.14028820395469666,0.986159086227417,0.3768445551395416,0.7977688908576965,-0.33704641461372375,0.983722984790802,0.5810272693634033,0.7258952260017395,0.0161927230656147,0.9994724988937378,0.44701486825942993,0.7347916960716248,-0.015895523130893707,0.9993278384208679,0.5809205770492554,1.0101759433746338,-0.07121362537145615,0.670754075050354,0.4413546621799469,1.015605092048645,0.042586978524923325,0.543949544429779,0.591705322265625,1.3023874759674072,0.49021387100219727,0.051742758601903915,0.44837403297424316,1.3016079664230347,0.5333998799324036,0.05807991698384285,0.5903642177581787,1.3301922082901,0.5392593741416931,0.048613712191581726,0.4483717381954193,1.3305575847625732,0.5798768997192383,0.03294822946190834,0.5913717746734619,1.4119104146957397,0.355428010225296,0.0288865864276886,0.4641854763031006,1.403188943862915,0.3653545081615448,0.028923586010932922
2026-04-30T18:50:22.542215,155,0.52556973695755,0.054107919335365295,-0.460987389087677,0.999915599822998,0.5418733358383179,0.024776726961135864,-0.4290478229522705,0.9998192191123962,0.5500394105911255,0.025923563167452812,-0.4292500913143158,0.9998167753219604,0.5571388006210327,0.027307111769914627,-0.4293556809425354,0.9998049139976501,0.5136345624923706,0.0220644511282444,-0.4312121868133545,0.9998251795768738,0.5036488771438599,0.02146027609705925,-0.43120136857032776,0.999829113483429,0.4938833713531494,0.021540848538279533,-0.43144139647483826,0.9998195171356201,0.5621417760848999,0.04206056892871857,-0.23583166301250458,0.9997409582138062,0.4793747067451477,0.037449922412633896,-0.24529853463172913,0.9998441338539124,0.5401132702827454,0.0864826962351799,-0.3879079520702362,0.9999465346336365,0.5062034726142883,0.08266092836856842,-0.3906776010990143,0.999946653842926,0.6295820474624634,0.2535303831100464,-0.12437480688095093,0.9999182224273682,0.4073251187801361,0.25223007798194885,-0.18232446908950806,0.9998526573181152,0.6502872109413147,0.5008086562156677,-0.003994841128587723,0.9895355105400085,0.37954792380332947,0.5159385204315186,-0.15717850625514984,0.9950117468833923,0.6603752374649048,0.7397500276565552,-0.1358499825000763,0.9918301701545715,0.3619635999202728,0.7554867267608643,-0.3000684082508087,0.9915083050727844,0.6735354065895081,0.8075484037399292,-0.19227179884910583,0.9849358201026917,0.3512631058692932,0.8217114806175232,-0.35851722955703735,0.9819042682647705,0.6574835181236267,0.8061962127685547,-0.2523978352546692,0.9865639805793762,0.3676791787147522,0.8179249167442322,-0.4242848753929138,0.9842594861984253,0.6498467922210693,0.7863907217979431,-0.1612914800643921,0.9864389300346375,0.37665173411369324,0.7976793646812439,-0.3289044201374054,0.9837797284126282,0.5803495049476624,0.7244304418563843,0.015095792710781097,0.9994866251945496,0.44618043303489685,0.7340866327285767,-0.014788925647735596,0.9993359446525574,0.5806905031204224,1.0088410377502441,-0.08671208471059799,0.668630838394165,0.4410930573940277,1.014738917350769,0.0363975428044796,0.539963960647583,0.5916507244110107,1.3023232221603394,0.48611217737197876,0.050705648958683014,0.448245108127594,1.299119234085083,0.542671799659729,0.05663562938570976,0.5902851819992065,1.329862117767334,0.5331670045852661,0.047759465873241425,0.4482872486114502,1.3274385929107666,0.5928974151611328,0.03255249932408333,0.5912383198738098,1.4115921258926392,0.3534987270832062,0.028360281139612198,0.4635290205478668,1.4001601934432983,0.3842739164829254,0.028325138613581657
2026-04-30T18:50:22.646811,156,0.5243393182754517,0.05442783609032631,-0.45304346084594727,0.9999170303344727,0.5399881601333618,0.024727221578359604,-0.4214850962162018,0.9998239278793335,0.5482213497161865,0.025782667100429535,-0.42168989777565,0.9998201727867126,0.5552664995193481,0.027044950053095818,-0.42180657386779785,0.9998099207878113,0.512118399143219,0.022274527698755264,-0.4236713945865631,0.9998287558555603,0.5022461414337158,0.021749436855316162,-0.42366084456443787,0.9998311996459961,0.49261361360549927,0.021872438490390778,-0.4239036440849304,0.999822735786438,0.5606675148010254,0.04162563756108284,-0.22973446547985077,0.9997467994689941,0.4782194197177887,0.03774291276931763,-0.24115271866321564,0.9998456835746765,0.5388474464416504,0.08681349456310272,-0.3802773654460907,0.9999485611915588,0.5053633451461792,0.08303793519735336,-0.3832157254219055,0.9999483823776245,0.6282309889793396,0.25244370102882385,-0.11943888664245605,0.9999197125434875,0.406832754611969,0.25204911828041077,-0.1770184338092804,0.9998502135276794,0.6496647000312805,0.5000993013381958,-0.0003451616794336587,0.9896485805511475,0.3795125484466553,0.5158690810203552,-0.1497868001461029,0.9948310852050781,0.6597881317138672,0.7405652403831482,-0.1268557608127594,0.9919784665107727,0.36197006702423096,0.7555458545684814,-0.2963067293167114,0.9913358092308044,0.6732991933822632,0.8082160949707031,-0.1806657612323761,0.9851403832435608,0.3512822985649109,0.8219766020774841,-0.352548748254776,0.9815834164619446,0.6570393443107605,0.8068579435348511,-0.23881976306438446,0.9867469668388367,0.3677244782447815,0.8182228803634644,-0.4178299903869629,0.9839689135551453,0.6493865251541138,0.787003219127655,-0.15128017961978912,0.9865997433662415,0.3766784071922302,0.7978989481925964,-0.32452043890953064,0.9834548830986023,0.5800095796585083,0.7238779664039612,0.014350938610732555,0.9994956254959106,0.44579774141311646,0.7340752482414246,-0.014051591977477074,0.9993346929550171,0.5802364945411682,1.0090497732162476,-0.0956505611538887,0.6644490957260132,0.44065946340560913,1.015257716178894,0.024182172492146492,0.5358453989028931,0.5916048288345337,1.302996039390564,0.4689633250236511,0.050180405378341675,0.4459368586540222,1.2987130880355835,0.5211530923843384,0.056327059864997864,0.5902329683303833,1.3304232358932495,0.5165166854858398,0.04734478518366814,0.44623619318008423,1.3270149230957031,0.5696614980697632,0.03252621740102768,0.5911959409713745,1.4131125211715698,0.33299553394317627,0.028068050742149353,0.45915278792381287,1.3998466730117798,0.359354168176651,0.028240825980901718
2026-04-30T18:50:22.752700,157,0.5242494344711304,0.05469144880771637,-0.4805135130882263,0.9999176263809204,0.539837121963501,0.024924734607338905,-0.4474872052669525,0.9998260140419006,0.5480413436889648,0.025959474965929985,-0.4477016031742096,0.999821662902832,0.5551208257675171,0.027185354381799698,-0.4478358328342438,0.9998114705085754,0.5120370388031006,0.022468937560915947,-0.45024967193603516,0.9998296499252319,0.5021771192550659,0.021936174482107162,-0.4502316117286682,0.9998314380645752,0.492565780878067,0.022029168903827667,-0.45047861337661743,0.9998228549957275,0.5606385469436646,0.041512954980134964,-0.24338588118553162,0.9997484087944031,0.47803372144699097,0.03762323036789894,-0.25543445348739624,0.9998454451560974,0.5386099815368652,0.0870518907904625,-0.4027787148952484,0.9999500513076782,0.5052999258041382,0.08329614251852036,-0.40624600648880005,0.9999498128890991,0.6279579997062683,0.25191375613212585,-0.1210852861404419,0.9999207854270935,0.4063701629638672,0.2518916428089142,-0.1826149970293045,0.9998487234115601,0.648705005645752,0.49998486042022705,0.0006604095106013119,0.98968905210495,0.3793085217475891,0.5158556699752808,-0.1518225073814392,0.9947010278701782,0.6591943502426147,0.7405227422714233,-0.1445964127779007,0.9920446276664734,0.3618434965610504,0.7552245855331421,-0.30805379152297974,0.9911268949508667,0.6729124784469604,0.8080481886863708,-0.2030457705259323,0.9851576089859009,0.3510734736919403,0.8214600086212158,-0.3696250319480896,0.981113851070404,0.6567953824996948,0.8067737221717834,-0.2664349377155304,0.9867879748344421,0.3671242296695709,0.8179721236228943,-0.4371947646141052,0.9835803508758545,0.6491783857345581,0.7869732975959778,-0.17188595235347748,0.9866068363189697,0.37597694993019104,0.7977331876754761,-0.3378887474536896,0.9830029606819153,0.5796460509300232,0.7235696315765381,0.014871804043650627,0.9994935989379883,0.4455157220363617,0.734009861946106,-0.014551331289112568,0.999319851398468,0.5802149772644043,1.0090688467025757,-0.09240365028381348,0.6610185503959656,0.44054532051086426,1.015263557434082,0.023479517549276352,0.5308966636657715,0.5915759205818176,1.3028843402862549,0.49078744649887085,0.049699828028678894,0.4454405903816223,1.2985076904296875,0.5320177674293518,0.055809926241636276,0.5901380181312561,1.330198884010315,0.5414159297943115,0.047021061182022095,0.44566574692726135,1.3269530534744263,0.5810583829879761,0.03234850615262985,0.59086012840271,1.412886142730713,0.3483547568321228,0.027981415390968323,0.45913928747177124,1.3997416496276855,0.3602975904941559,0.02810690365731716
2026-04-30T18:50:22.857060,158,0.5233891606330872,0.054830990731716156,-0.47316232323646545,0.9999170899391174,0.5392898321151733,0.02506493777036667,-0.4408537447452545,0.9998242259025574,0.5475174188613892,0.02620110660791397,-0.4410708546638489,0.9998198747634888,0.5546812415122986,0.027560444548726082,-0.4411911070346832,0.9998084306716919,0.5115535855293274,0.022619517520070076,-0.4433996081352234,0.9998281598091125,0.5017217397689819,0.02211128920316696,-0.4433992803096771,0.9998306632041931,0.4921552240848541,0.022216973826289177,-0.44366249442100525,0.999821662902832,0.5605347752571106,0.04176225885748863,-0.24055317044258118,0.999744713306427,0.4776546359062195,0.037795476615428925,-0.2515277862548828,0.9998450875282288,0.5375756025314331,0.08721555769443512,-0.39696210622787476,0.9999500513076782,0.5041363835334778,0.08349321037530899,-0.40018096566200256,0.9999500513076782,0.6274169683456421,0.2517140209674835,-0.11922980844974518,0.9999202489852905,0.40546661615371704,0.251972496509552,-0.18097010254859924,0.9998476505279541,0.6467279195785522,0.49984052777290344,0.0015028452035039663,0.9898432493209839,0.37918931245803833,0.5174351334571838,-0.15050186216831207,0.9947307109832764,0.6587162017822266,0.740390956401825,-0.13802695274353027,0.9921483397483826,0.36173200607299805,0.7552887797355652,-0.30325692892074585,0.9912258982658386,0.6727028489112854,0.808012068271637,-0.19462737441062927,0.9853402972221375,0.3509863615036011,0.821565568447113,-0.36319786310195923,0.9812785983085632,0.6566923260688782,0.8066988587379456,-0.25398990511894226,0.9869677424430847,0.36671891808509827,0.8180277347564697,-0.4303925037384033,0.9837389588356018,0.6490346789360046,0.7869011759757996,-0.16336439549922943,0.986798107624054,0.3754628300666809,0.7977867126464844,-0.3327616751194,0.9831648468971252,0.5796189904212952,0.7236524820327759,0.014923088252544403,0.9994998574256897,0.44542574882507324,0.7345095872879028,-0.014598538167774677,0.9993194341659546,0.5800842642784119,1.0097596645355225,-0.09322085231542587,0.6565026640892029,0.44051533937454224,1.0165601968765259,0.02290426567196846,0.5239465236663818,0.5912997126579285,1.3033753633499146,0.48507827520370483,0.0478568859398365,0.44559139013290405,1.2982045412063599,0.5438036322593689,0.05371613800525665,0.590103268623352,1.3307597637176514,0.5351267457008362,0.045609038323163986,0.445789098739624,1.326669454574585,0.5941758751869202,0.03168568015098572,0.5889167189598083,1.4137556552886963,0.3454540967941284,0.026899656280875206,0.45967093110084534,1.3995361328125,0.37855714559555054,0.02707107737660408
2026-04-30T18:50:22.962999,159,0.5227028727531433,0.05438427999615669,-0.471364825963974,0.9999166131019592,0.5384100079536438,0.024925611913204193,-0.4404369294643402,0.9998217225074768,0.5465425252914429,0.026041226461529732,-0.44061368703842163,0.9998190999031067,0.5536586046218872,0.02736281231045723,-0.4407098889350891,0.999805748462677,0.5111757516860962,0.02239110879600048,-0.4424220025539398,0.9998249411582947,0.5014840960502625,0.021879518404603004,-0.4424804151058197,0.9998295307159424,0.49203187227249146,0.02198730781674385,-0.44277286529541016,0.9998188614845276,0.559212863445282,0.04170950874686241,-0.2359275072813034,0.9997428059577942,0.47759103775024414,0.03780878335237503,-0.243997260928154,0.9998440146446228,0.5366466045379639,0.08630744367837906,-0.3961431384086609,0.9999493956565857,0.5036827325820923,0.08242794871330261,-0.398193359375,0.9999493956565857,0.6257771253585815,0.2517586648464203,-0.11417227983474731,0.9999209046363831,0.4049849510192871,0.252067893743515,-0.17839494347572327,0.9998480677604675,0.6447794437408447,0.4985460042953491,0.003473101183772087,0.9901491403579712,0.3791827857494354,0.5180023908615112,-0.14728066325187683,0.9948147535324097,0.6578727960586548,0.7360560297966003,-0.1408131867647171,0.9923592209815979,0.361785352230072,0.7552367448806763,-0.30201396346092224,0.9914247989654541,0.6724241375923157,0.8062692284584045,-0.19856496155261993,0.9857534170150757,0.3509942591190338,0.8214911818504333,-0.3594420254230499,0.9816870093345642,0.6566299200057983,0.8053093552589417,-0.2602425515651703,0.9873510003089905,0.3665246367454529,0.8179815411567688,-0.42626553773880005,0.9841061234474182,0.6487997174263,0.7858306765556335,-0.16746269166469574,0.9872046113014221,0.3752689063549042,0.7977336645126343,-0.3310075104236603,0.9835594296455383,0.579160213470459,0.7235502600669861,0.018208570778369904,0.9995241165161133,0.4451693892478943,0.7345041036605835,-0.017879603430628777,0.9993485808372498,0.5802503824234009,1.009769082069397,-0.09335120767354965,0.6503164768218994,0.4405202865600586,1.0170238018035889,0.008576443418860435,0.5202452540397644,0.5912663340568542,1.3031843900680542,0.5061103105545044,0.04526468366384506,0.44589370489120483,1.2981289625167847,0.5391544103622437,0.05132885277271271,0.5901192426681519,1.3306440114974976,0.5604442358016968,0.04354672133922577,0.4459346830844879,1.3264968395233154,0.5893961191177368,0.030520008876919746,0.5889030694961548,1.4136059284210205,0.37550270557403564,0.02544509805738926,0.46153974533081055,1.3993300199508667,0.37400996685028076,0.025783609598875046
2026-04-30T18:50:23.075816,160,0.524364709854126,0.05450296774506569,-0.435576856136322,0.9999196529388428,0.5387983918190002,0.025035463273525238,-0.40220603346824646,0.9998282790184021,0.5466820001602173,0.026127351447939873,-0.4024379253387451,0.9998268485069275,0.5537235736846924,0.027417628094553947,-0.4025496542453766,0.9998130202293396,0.5126449465751648,0.022500941529870033,-0.40831413865089417,0.9998309016227722,0.503118634223938,0.02198323793709278,-0.4083644449710846,0.9998363256454468,0.4937983453273773,0.022082682698965073,-0.40862956643104553,0.9998250603675842,0.5588473081588745,0.04178890958428383,-0.2020106017589569,0.9997537136077881,0.477660596370697,0.03783900663256645,-0.22690284252166748,0.9998511075973511,0.5370949506759644,0.08631912618875504,-0.3604327440261841,0.9999508261680603,0.5050179958343506,0.08251171559095383,-0.3679330050945282,0.9999507069587708,0.6251264214515686,0.25176355242729187,-0.08975235372781754,0.9999229311943054,0.4043976664543152,0.25242090225219727,-0.1713104248046875,0.9998493790626526,0.6431652307510376,0.4980825185775757,0.013519592583179474,0.9905211925506592,0.37912294268608093,0.5203805565834045,-0.14651983976364136,0.9950043559074402,0.6569154858589172,0.73306804895401,-0.13730540871620178,0.9927030205726624,0.36167776584625244,0.7552155256271362,-0.2993006706237793,0.9918062090873718,0.672357439994812,0.8047025203704834,-0.19546480476856232,0.9864094853401184,0.3507639169692993,0.8214294910430908,-0.35695236921310425,0.9824742674827576,0.656474769115448,0.8038450479507446,-0.2579383850097656,0.9879423975944519,0.3659384250640869,0.8179553151130676,-0.42388716340065,0.9847937226295471,0.6486794352531433,0.7845636606216431,-0.16450907289981842,0.987822949886322,0.3746982216835022,0.7977273464202881,-0.328239768743515,0.9842917919158936,0.5781006217002869,0.7235633134841919,0.020465917885303497,0.9995515942573547,0.4447442591190338,0.7345525026321411,-0.020119762048125267,0.9993831515312195,0.5802005529403687,1.0122662782669067,-0.09283922612667084,0.6503223776817322,0.43984800577163696,1.0220348834991455,-0.0033851806074380875,0.5222184062004089,0.5902226567268372,1.3065474033355713,0.4979822039604187,0.042978908866643906,0.44542235136032104,1.3006141185760498,0.5341285467147827,0.0488954558968544,0.5894308090209961,1.3339953422546387,0.5503966212272644,0.04171714931726456,0.44532155990600586,1.3287253379821777,0.5862718820571899,0.029337521642446518,0.5878673195838928,1.417468786239624,0.36655107140541077,0.024033768102526665,0.46129268407821655,1.4018685817718506,0.3722369074821472,0.02441406436264515
2026-04-30T18:50:23.184543,161,0.5243799686431885,0.05442826449871063,-0.42847156524658203,0.9999213814735413,0.5387893915176392,0.02506772242486477,-0.3961498439311981,0.9998305439949036,0.5466468930244446,0.026156285777688026,-0.3963842988014221,0.9998312592506409,0.5536667108535767,0.027453871443867683,-0.3964867889881134,0.9998161792755127,0.5128030180931091,0.022567810490727425,-0.3997625708580017,0.9998322129249573,0.5034201741218567,0.022067194804549217,-0.3998064696788788,0.999839186668396,0.4942571520805359,0.022174356505274773,-0.4000837206840515,0.9998260140419006,0.5581130385398865,0.041853949427604675,-0.20170418918132782,0.9997605085372925,0.47775229811668396,0.037934716790914536,-0.2161722481250763,0.9998535513877869,0.5369771718978882,0.08615642040967941,-0.3555057644844055,0.9999512434005737,0.5050221681594849,0.0821501687169075,-0.35976988077163696,0.9999504685401917,0.625165581703186,0.2518058121204376,-0.09174992144107819,0.9999247789382935,0.4044206142425537,0.25249183177948,-0.1656806766986847,0.9998505711555481,0.6424494385719299,0.4972032308578491,0.010320642963051796,0.9909922480583191,0.3796660304069519,0.520415186882019,-0.14189739525318146,0.9951538443565369,0.6563440561294556,0.7313905954360962,-0.1440631002187729,0.9930720329284668,0.3616581857204437,0.7547836899757385,-0.2935003936290741,0.9921371936798096,0.6720641851425171,0.8032446503639221,-0.20209434628486633,0.987123429775238,0.35069361329078674,0.8209972977638245,-0.35264086723327637,0.9831636548042297,0.6563481688499451,0.8024582266807556,-0.2653619647026062,0.9885861873626709,0.3655911087989807,0.8178112506866455,-0.42189735174179077,0.9853997826576233,0.6486273407936096,0.7835397720336914,-0.1717303842306137,0.9884913563728333,0.37428635358810425,0.7975507378578186,-0.3239510655403137,0.9849655032157898,0.5775087475776672,0.7235433459281921,0.020538363605737686,0.9995761513710022,0.4445722699165344,0.7342960238456726,-0.020184673368930817,0.9994136691093445,0.5800057053565979,1.0125901699066162,-0.09557120501995087,0.6469593644142151,0.43937331438064575,1.0215260982513428,-0.0019634945783764124,0.5199088454246521,0.5889853835105896,1.3076817989349365,0.48810839653015137,0.040459342300891876,0.4451891779899597,1.3003098964691162,0.5395306944847107,0.04602454602718353,0.5885764360427856,1.3352224826812744,0.5404655337333679,0.03964048996567726,0.44486624002456665,1.3284485340118408,0.592041015625,0.02811479941010475,0.5855311751365662,1.4185794591903687,0.3583165407180786,0.022473348304629326,0.46093159914016724,1.4017469882965088,0.386100172996521,0.022905763238668442
2026-04-30T18:50:23.295724,162,0.5198787450790405,0.053581561893224716,-0.4416532516479492,0.9999222755432129,0.5361670255661011,0.02442741207778454,-0.4090079665184021,0.9998305439949036,0.5446031093597412,0.02556099370121956,-0.40924254059791565,0.999834418296814,0.5519891381263733,0.026901695877313614,-0.4093538820743561,0.9998170733451843,0.5094095468521118,0.021910900250077248,-0.40965214371681213,0.9998307228088379,0.5001610517501831,0.021492762491106987,-0.40970689058303833,0.999840497970581,0.49136123061180115,0.021707240492105484,-0.4099905490875244,0.9998243451118469,0.5579098463058472,0.041649892926216125,-0.2101937085390091,0.9997649788856506,0.47740450501441956,0.03787128999829292,-0.21747758984565735,0.9998541474342346,0.5345650315284729,0.08559021353721619,-0.3669355809688568,0.9999509453773499,0.5017610788345337,0.08142877370119095,-0.3672214150428772,0.9999493956565857,0.6252701282501221,0.251957505941391,-0.09566216170787811,0.9999257326126099,0.4044412672519684,0.25259143114089966,-0.1645238995552063,0.9998509287834167,0.6417502164840698,0.4971749186515808,0.001715941121801734,0.9914337396621704,0.3803653120994568,0.5207734704017639,-0.14004527032375336,0.995220959186554,0.6558198928833008,0.7314090728759766,-0.16681024432182312,0.9933764934539795,0.36171644926071167,0.7546976804733276,-0.29559892416000366,0.992347002029419,0.6716015338897705,0.8031787276268005,-0.22791841626167297,0.9877135157585144,0.3507010042667389,0.8209728598594666,-0.3576119542121887,0.9836075901985168,0.6563080549240112,0.802348792552948,-0.29269173741340637,0.9891240000724792,0.36552584171295166,0.8178010582923889,-0.4271734654903412,0.9857974052429199,0.6485131978988647,0.7834704518318176,-0.19538521766662598,0.9890578985214233,0.3741510510444641,0.797524631023407,-0.3266153931617737,0.9854205250740051,0.577289879322052,0.7236270904541016,0.021371515467762947,0.9995966553688049,0.4440785050392151,0.7343021035194397,-0.020985065028071404,0.9994396567344666,0.5799742937088013,1.0123094320297241,-0.091607466340065,0.6422784924507141,0.4387722909450531,1.021418809890747,0.0007186272414401174,0.5181914567947388,0.5887295007705688,1.3084242343902588,0.5116721987724304,0.03790758550167084,0.445193350315094,1.3018511533737183,0.5466790199279785,0.04334855452179909,0.5885597467422485,1.3365437984466553,0.5657992362976074,0.037391193211078644,0.4448099732398987,1.3311537504196167,0.5980807542800903,0.02670694887638092,0.583512008190155,1.418630599975586,0.3748619556427002,0.02093805931508541,0.46146106719970703,1.4030925035476685,0.3818988502025604,0.021457282826304436
2026-04-30T18:50:23.408535,163,0.5154805183410645,0.052975110709667206,-0.441629558801651,0.9999166131019592,0.531772792339325,0.02436063252389431,-0.4091024398803711,0.9998146891593933,0.540337324142456,0.025503171607851982,-0.40933656692504883,0.9998222589492798,0.5479094386100769,0.02684539556503296,-0.40944695472717285,0.9998018741607666,0.5059303045272827,0.02185538224875927,-0.40949732065200806,0.999814510345459,0.4971277713775635,0.02146795578300953,-0.40955281257629395,0.9998279809951782,0.4889363646507263,0.021711859852075577,-0.40984025597572327,0.9998083114624023,0.5554078221321106,0.041686154901981354,-0.21394088864326477,0.9997473955154419,0.47723397612571716,0.03792381286621094,-0.21546384692192078,0.9998389482498169,0.5305668115615845,0.08500956743955612,-0.36732304096221924,0.9999465346336365,0.4983159601688385,0.08062242716550827,-0.3672636151313782,0.9999438524246216,0.6247826814651489,0.2519398033618927,-0.1042187362909317,0.9999237656593323,0.4044194221496582,0.2529697120189667,-0.15949371457099915,0.9998462200164795,0.6415890455245972,0.49625495076179504,-0.002794475993141532,0.9917387962341309,0.3817402422428131,0.5207765698432922,-0.1296466588973999,0.9951366782188416,0.6555787920951843,0.7314829230308533,-0.15769456326961517,0.9935377240180969,0.3621981739997864,0.7546722292900085,-0.2793637812137604,0.9923033714294434,0.6708928346633911,0.8028257489204407,-0.21621327102184296,0.9880309104919434,0.35108068585395813,0.8207327723503113,-0.33902114629745483,0.9835771322250366,0.6559511423110962,0.8018404245376587,-0.2791852653026581,0.9894140958786011,0.3655558228492737,0.8177732825279236,-0.40777450799942017,0.9857786893844604,0.6481062769889832,0.7832477688789368,-0.1849704533815384,0.9893614649772644,0.3741455376148224,0.7975087761878967,-0.3100108802318573,0.9854292869567871,0.5771427154541016,0.7235752940177917,0.021038150414824486,0.9996039271354675,0.44388073682785034,0.7343140244483948,-0.020663464441895485,0.9994488954544067,0.5797328948974609,1.0107442140579224,-0.09229207783937454,0.6350131034851074,0.4386986196041107,1.021011471748352,0.0009873618837445974,0.5131072998046875,0.5885967016220093,1.3081928491592407,0.509189784526825,0.03591819480061531,0.4451875686645508,1.302312970161438,0.5327135920524597,0.04153434932231903,0.588464617729187,1.3362536430358887,0.5618435144424438,0.03568891063332558,0.4446927607059479,1.332214593887329,0.5812807679176331,0.02580682933330536,0.5831615924835205,1.4185326099395752,0.3715726137161255,0.01979578286409378,0.4616810381412506,1.4032845497131348,0.35735443234443665,0.020474806427955627
2026-04-30T18:50:23.521512,164,0.5144405961036682,0.05219070240855217,-0.43252262473106384,0.9999145269393921,0.5300983190536499,0.024217773228883743,-0.40085092186927795,0.9998066425323486,0.5383366346359253,0.025376297533512115,-0.4010983109474182,0.9998190402984619,0.5457249879837036,0.026728902012109756,-0.401197612285614,0.9997956156730652,0.5054576992988586,0.021720847114920616,-0.399819552898407,0.9998050928115845,0.4969642162322998,0.02137530781328678,-0.399893581867218,0.9998224973678589,0.488940566778183,0.02165016159415245,-0.4002005457878113,0.9997981786727905,0.552021324634552,0.041704948991537094,-0.21087034046649933,0.9997443556785583,0.4772452712059021,0.03796699270606041,-0.2053111493587494,0.9998307824134827,0.5284383296966553,0.08368434756994247,-0.36101749539375305,0.9999437928199768,0.4976102411746979,0.078888438642025,-0.3591664135456085,0.9999392628669739,0.6240983605384827,0.251956045627594,-0.10682143270969391,0.9999242424964905,0.4043564796447754,0.25303176045417786,-0.1479712426662445,0.9998431205749512,0.6410969495773315,0.4958437383174896,-0.016515150666236877,0.9922085404396057,0.38288503885269165,0.5208137631416321,-0.11592309176921844,0.9951480031013489,0.6544122099876404,0.7315027117729187,-0.1777563989162445,0.9938405752182007,0.3634316325187683,0.7546800971031189,-0.2655406594276428,0.9924834966659546,0.6694897413253784,0.8025132417678833,-0.238337904214859,0.9886325001716614,0.35193607211112976,0.8205735683441162,-0.32378560304641724,0.9840130805969238,0.6548647880554199,0.8015119433403015,-0.30001044273376465,0.9899537563323975,0.3657812774181366,0.817750871181488,-0.39439791440963745,0.9861649870872498,0.6468208432197571,0.7831450700759888,-0.20449590682983398,0.9899236559867859,0.3743661940097809,0.7975624799728394,-0.2968105971813202,0.9858830571174622,0.5762997269630432,0.7235060334205627,0.017641715705394745,0.9996222257614136,0.4435390532016754,0.7342394590377808,-0.01723545603454113,0.99947190284729,0.5790241956710815,1.010972499847412,-0.10844030231237411,0.6284597516059875,0.4386987090110779,1.0198891162872314,0.0012940714368596673,0.5062771439552307,0.5877508521080017,1.3092855215072632,0.4856521189212799,0.03345131501555443,0.4470764696598053,1.3038575649261475,0.5392577052116394,0.03879984840750694,0.5882026553153992,1.3375002145767212,0.5387861132621765,0.03350410982966423,0.4460173547267914,1.334498643875122,0.5896334648132324,0.024533897638320923,0.5808014869689941,1.41953706741333,0.3512864410877228,0.018335804343223572,0.46356287598609924,1.4037935733795166,0.3742038607597351,0.019066570326685905
2026-04-30T18:50:23.627933,165,0.5147619247436523,0.0522259846329689,-0.4141092896461487,0.9999139904975891,0.5303530097007751,0.024238932877779007,-0.3835667669773102,0.9998053312301636,0.5385615229606628,0.025403134524822235,-0.38379111886024475,0.9998183846473694,0.545923113822937,0.026763616129755974,-0.38387396931648254,0.999794602394104,0.5055446028709412,0.021734658628702164,-0.38435930013656616,0.9998037815093994,0.49695080518722534,0.021389059722423553,-0.38442370295524597,0.9998215436935425,0.48880213499069214,0.021665137261152267,-0.3847096562385559,0.9997965097427368,0.5521450638771057,0.04179293289780617,-0.19978339970111847,0.999742865562439,0.47709178924560547,0.0381103940308094,-0.2007758915424347,0.9998292326927185,0.5286218523979187,0.08371010422706604,-0.34480276703834534,0.9999424815177917,0.4975772798061371,0.0789228156208992,-0.34525036811828613,0.9999377727508545,0.6239498853683472,0.252293199300766,-0.09828605502843857,0.9999223351478577,0.404316246509552,0.25315728783607483,-0.14988097548484802,0.9998404383659363,0.6402760744094849,0.49510982632637024,-0.0035109356977045536,0.9922945499420166,0.38386717438697815,0.5208950638771057,-0.11627528816461563,0.9951487183570862,0.6533052921295166,0.7307878732681274,-0.1422634720802307,0.9939430356025696,0.3648536503314972,0.7546061277389526,-0.266069233417511,0.9925493597984314,0.6679970026016235,0.8012825846672058,-0.19529159367084503,0.9888473749160767,0.35288184881210327,0.8199542760848999,-0.32358819246292114,0.9841746687889099,0.6539490222930908,0.8002822399139404,-0.2549976706504822,0.9901444315910339,0.3662967085838318,0.8176332712173462,-0.3906788229942322,0.9863036274909973,0.6458441019058228,0.7823444604873657,-0.1677725613117218,0.9901323318481445,0.3749711215496063,0.7975355386734009,-0.29597291350364685,0.9860472083091736,0.5761317014694214,0.7234938144683838,0.018277352675795555,0.9996282458305359,0.44350939989089966,0.7343823909759521,-0.017890997231006622,0.9994820356369019,0.5788720846176147,1.0095391273498535,-0.09131435304880142,0.6242934465408325,0.43889373540878296,1.0181525945663452,0.019367078319191933,0.5020065903663635,0.5877939462661743,1.3073753118515015,0.4631462097167969,0.03234660625457764,0.4472176432609558,1.303726077079773,0.5103691816329956,0.03806605935096741,0.5881862044334412,1.335089921951294,0.5107372403144836,0.03269631415605545,0.4461086392402649,1.3344725370407104,0.5540192127227783,0.024161534383893013,0.581216037273407,1.4179291725158691,0.3256198465824127,0.0177362821996212,0.46366676688194275,1.403720736503601,0.3349146842956543,0.018636824563145638
2026-04-30T18:50:23.736401,166,0.5150072574615479,0.052690211683511734,-0.4147217869758606,0.9999098777770996,0.5305310487747192,0.024311447516083717,-0.38383135199546814,0.999796450138092,0.5387095212936401,0.025420162826776505,-0.38404008746147156,0.9998100996017456,0.5460623502731323,0.0267862007021904,-0.38409677147865295,0.9997850060462952,0.5055496692657471,0.022006075829267502,-0.3865639269351959,0.9997956156730652,0.4967142641544342,0.02171117253601551,-0.3866332173347473,0.9998143315315247,0.48823755979537964,0.022021034732460976,-0.38691896200180054,0.9997888207435608,0.5522186756134033,0.04177623614668846,-0.20129986107349396,0.9997299909591675,0.4761338233947754,0.03823842853307724,-0.20431165397167206,0.999823808670044,0.5287204384803772,0.08435020595788956,-0.3469158709049225,0.9999390840530396,0.49769431352615356,0.08024980127811432,-0.34606868028640747,0.9999350309371948,0.623712956905365,0.2520958185195923,-0.09432314336299896,0.9999185800552368,0.40390855073928833,0.253500372171402,-0.15436390042304993,0.9998361468315125,0.6391831040382385,0.49302926659584045,0.010641624219715595,0.9920448064804077,0.3839204013347626,0.5220127701759338,-0.1282806396484375,0.9950918555259705,0.6524694561958313,0.7300319075584412,-0.13021577894687653,0.993749737739563,0.3650645613670349,0.7553340792655945,-0.2782602310180664,0.9924030303955078,0.6669530272483826,0.799773097038269,-0.18407995998859406,0.9885463714599609,0.353341281414032,0.8201997876167297,-0.33757930994033813,0.9838971495628357,0.6535149812698364,0.7989632487297058,-0.24506589770317078,0.9898895621299744,0.3665443956851959,0.818118155002594,-0.4026072025299072,0.9860715866088867,0.6453297734260559,0.7815068364143372,-0.1565137356519699,0.9898914694786072,0.3750903904438019,0.7982374429702759,-0.30722641944885254,0.985791802406311,0.5759238004684448,0.7235127687454224,0.019684365019202232,0.9996193647384644,0.44334444403648376,0.7349826097488403,-0.01930476911365986,0.9994739890098572,0.5788415670394897,1.0089393854141235,-0.07804803550243378,0.6231993436813354,0.4388910233974457,1.0182998180389404,0.02398921549320221,0.5008884072303772,0.5880089402198792,1.3057676553726196,0.4767211079597473,0.03190068528056145,0.4472123682498932,1.3046455383300781,0.5062637329101562,0.03820803388953209,0.5883177518844604,1.3332208395004272,0.5247520208358765,0.03231856971979141,0.4460872709751129,1.3357043266296387,0.5496418476104736,0.02407810091972351,0.5817003846168518,1.4160844087600708,0.3345942795276642,0.017493020743131638,0.4639394283294678,1.405584454536438,0.3212074637413025,0.018589090555906296
2026-04-30T18:50:23.842466,167,0.5150796175003052,0.05244335159659386,-0.4181880056858063,0.9999016523361206,0.5306856036186218,0.024195382371544838,-0.38705068826675415,0.9997789859771729,0.5388500690460205,0.02527429535984993,-0.38726821541786194,0.9997945427894592,0.5461671352386475,0.026601873338222504,-0.3873468041419983,0.9997670650482178,0.5056395530700684,0.021979663521051407,-0.38969308137893677,0.9997792840003967,0.49679040908813477,0.021717725321650505,-0.3897533416748047,0.9997998476028442,0.4882924556732178,0.022045215591788292,-0.39003676176071167,0.9997726082801819,0.552115261554718,0.041669879108667374,-0.20113983750343323,0.999705970287323,0.47605496644973755,0.038295675069093704,-0.20552769303321838,0.999809980392456,0.5288017988204956,0.0839649960398674,-0.34848594665527344,0.9999327659606934,0.49774593114852905,0.0801568403840065,-0.3490799069404602,0.9999284744262695,0.6234056949615479,0.2521083652973175,-0.08903802186250687,0.999911904335022,0.4039105772972107,0.2539727985858917,-0.1584489345550537,0.9998294711112976,0.637557864189148,0.49205049872398376,0.022782091051340103,0.9917256832122803,0.3842441141605377,0.5223261713981628,-0.13203223049640656,0.9950808882713318,0.6516309976577759,0.7285107970237732,-0.11509786546230316,0.9935082197189331,0.36517244577407837,0.7554836273193359,-0.2783425450325012,0.992406964302063,0.6659867167472839,0.7982311248779297,-0.16711334884166718,0.9882035255432129,0.3536059260368347,0.820199191570282,-0.3375052809715271,0.983899712562561,0.6532226800918579,0.797633707523346,-0.2287026196718216,0.989590048789978,0.3666526973247528,0.8181449770927429,-0.4026433527469635,0.9860697984695435,0.6450299024581909,0.7805176377296448,-0.14176473021507263,0.9896184802055359,0.37509480118751526,0.798303484916687,-0.3073361814022064,0.9857784509658813,0.5758854746818542,0.7235363721847534,0.020830070599913597,0.9996188282966614,0.4432324469089508,0.7352778911590576,-0.02047056332230568,0.9994773268699646,0.5786724090576172,1.0084236860275269,-0.07956121116876602,0.6193617582321167,0.43897485733032227,1.0182992219924927,0.020619982853531837,0.4968268573284149,0.5880039930343628,1.3049341440200806,0.47662240266799927,0.031087474897503853,0.4487428069114685,1.304593563079834,0.5066309571266174,0.03725966066122055,0.5882306098937988,1.331990122795105,0.5249928832054138,0.03159778192639351,0.44768816232681274,1.335517168045044,0.5503308773040771,0.023562854155898094,0.5819372534751892,1.4152624607086182,0.33552291989326477,0.017083503305912018,0.46561774611473083,1.4054710865020752,0.32431837916374207,0.018163155764341354
2026-04-30T18:50:23.944900,168,0.5152546167373657,0.05245787277817726,-0.41992610692977905,0.9999024271965027,0.5306370854377747,0.02420935221016407,-0.3888542354106903,0.9997807741165161,0.5387275218963623,0.025288403034210205,-0.38907572627067566,0.9997974634170532,0.5459350347518921,0.026614021509885788,-0.38916245102882385,0.9997693300247192,0.5055557489395142,0.022007636725902557,-0.3910779356956482,0.9997801780700684,0.4966512620449066,0.021768873557448387,-0.39113152027130127,0.9998013973236084,0.48807939887046814,0.02212471514940262,-0.3914099335670471,0.9997730851173401,0.5519540905952454,0.041680339723825455,-0.20193979144096375,0.9997102618217468,0.47575515508651733,0.03862012177705765,-0.20617422461509705,0.999811053276062,0.5289249420166016,0.08398935198783875,-0.3496168255805969,0.9999324083328247,0.4978047013282776,0.08024919778108597,-0.35040703415870667,0.9999279379844666,0.6233018636703491,0.25211891531944275,-0.09023334830999374,0.9999114871025085,0.40391141176223755,0.2546183466911316,-0.15860851109027863,0.999828040599823,0.6365299224853516,0.4918629229068756,0.00823352299630642,0.9918303489685059,0.38509488105773926,0.5224267244338989,-0.1348884403705597,0.9951142072677612,0.6504287123680115,0.7285295724868774,-0.1421106457710266,0.9935899376869202,0.3658151924610138,0.755376935005188,-0.2808491885662079,0.9924812316894531,0.6647772192955017,0.7980106472969055,-0.19825777411460876,0.988405704498291,0.3543247580528259,0.8200761675834656,-0.3408385217189789,0.9840733408927917,0.652407705783844,0.7974182963371277,-0.2598544955253601,0.9897743463516235,0.36727434396743774,0.8181242346763611,-0.4047833979129791,0.9862213134765625,0.6441797018051147,0.780417263507843,-0.1692349910736084,0.9898287057876587,0.3755195736885071,0.7982642650604248,-0.3096062242984772,0.9859641790390015,0.5757730007171631,0.7235080599784851,0.02083292417228222,0.9996283054351807,0.44312939047813416,0.7352619171142578,-0.02047295868396759,0.9994907379150391,0.5786505937576294,1.0066521167755127,-0.0796448290348053,0.615429162979126,0.4391176104545593,1.0157063007354736,0.030896946787834167,0.4936284124851227,0.5883089303970337,1.3043209314346313,0.476673424243927,0.029992176219820976,0.44876813888549805,1.304584264755249,0.5090354681015015,0.036553047597408295,0.5885370373725891,1.3311278820037842,0.525200366973877,0.03063974156975746,0.44767069816589355,1.3357595205307007,0.5541384816169739,0.023167142644524574,0.5821326375007629,1.414807915687561,0.3361789286136627,0.016418738290667534,0.46563348174095154,1.405411958694458,0.3302672803401947,0.017695492133498192
2026-04-30T18:50:24.051153,169,0.5153962969779968,0.05327865853905678,-0.42006295919418335,0.9999019503593445,0.5306870341300964,0.024686796590685844,-0.3892403841018677,0.9997813105583191,0.538760244846344,0.025665294378995895,-0.3894621729850769,0.9997983574867249,0.5459131002426147,0.02688085474073887,-0.3895544409751892,0.9997700452804565,0.5054095983505249,0.022687019780278206,-0.3912140727043152,0.9997799396514893,0.496403306722641,0.022504320368170738,-0.3912736773490906,0.9998010396957397,0.4877278804779053,0.022903645411133766,-0.391558974981308,0.9997725486755371,0.5519925355911255,0.04172498360276222,-0.20226331055164337,0.9997115135192871,0.4756302237510681,0.03921492397785187,-0.20700469613075256,0.999811589717865,0.528962254524231,0.08475802838802338,-0.3498408794403076,0.9999317526817322,0.49786725640296936,0.08187474310398102,-0.3510592579841614,0.9999274015426636,0.6232999563217163,0.25267845392227173,-0.09093599021434784,0.9999094605445862,0.40419381856918335,0.254642128944397,-0.15898534655570984,0.999826192855835,0.6362701058387756,0.4920962452888489,0.006615889724344015,0.9916938543319702,0.3851238191127777,0.522687554359436,-0.1376364827156067,0.995101273059845,0.6500092148780823,0.728552520275116,-0.14803948998451233,0.9935622811317444,0.36596783995628357,0.7552793025970459,-0.28641247749328613,0.9924781918525696,0.6646013855934143,0.7978336811065674,-0.20494239032268524,0.9884210824966431,0.354448139667511,0.8199170827865601,-0.347466379404068,0.984073281288147,0.6522302031517029,0.7972720265388489,-0.26763030886650085,0.9897909164428711,0.36762744188308716,0.8180925250053406,-0.41037464141845703,0.9862163066864014,0.6439277529716492,0.7803149819374084,-0.17567744851112366,0.9898619651794434,0.37586483359336853,0.7981595396995544,-0.31495872139930725,0.9859716296195984,0.5756940841674805,0.7235314249992371,0.02143038623034954,0.9996341466903687,0.4430769979953766,0.735251784324646,-0.021083448082208633,0.999501645565033,0.5784817934036255,1.0062991380691528,-0.0734286978840828,0.6165736317634583,0.4390895962715149,1.0152862071990967,0.030757855623960495,0.4978509545326233,0.5885354280471802,1.3031359910964966,0.49861541390419006,0.029621822759509087,0.44777679443359375,1.3045517206192017,0.5097636580467224,0.03665130212903023,0.5888127088546753,1.3296573162078857,0.5496634244918823,0.030285906046628952,0.4466783404350281,1.3356536626815796,0.5552500486373901,0.022975562140345573,0.58247971534729,1.4132885932922363,0.36250948905944824,0.01617574505507946,0.4645983576774597,1.4054089784622192,0.331489622592926,0.017579790204763412
2026-04-30T18:50:24.157712,170,0.5152644515037537,0.053314223885536194,-0.41193366050720215,0.9998990893363953,0.5305576324462891,0.02471316233277321,-0.38165417313575745,0.9997755289077759,0.5386312007904053,0.025701703503727913,-0.38187986612319946,0.9997943043708801,0.5457595586776733,0.026923079043626785,-0.38198184967041016,0.9997648596763611,0.50519198179245,0.022699862718582153,-0.3827328085899353,0.9997730255126953,0.49617457389831543,0.022519005462527275,-0.3827894628047943,0.9997956156730652,0.48750996589660645,0.022920185700058937,-0.3830764889717102,0.9997656345367432,0.5520246624946594,0.041781362146139145,-0.19648075103759766,0.9997057318687439,0.4756125509738922,0.03924987092614174,-0.1979040801525116,0.999806821346283,0.5289544463157654,0.08484577387571335,-0.3417872488498688,0.9999284744262695,0.4977989196777344,0.08196115493774414,-0.3421774208545685,0.9999235272407532,0.6233192086219788,0.25332584977149963,-0.08692847937345505,0.999906063079834,0.40426725149154663,0.2550671100616455,-0.1552993208169937,0.999823272228241,0.6357606649398804,0.49213770031929016,0.009054698050022125,0.9915834665298462,0.38637974858283997,0.5226882696151733,-0.13414624333381653,0.9950804114341736,0.6493204832077026,0.7285851240158081,-0.14624930918216705,0.9935561418533325,0.36621013283729553,0.7543880939483643,-0.27889484167099,0.9925796985626221,0.6641976833343506,0.797834575176239,-0.20217840373516083,0.9885148406028748,0.3545113801956177,0.8188406229019165,-0.33915019035339355,0.9843375086784363,0.651904284954071,0.797276496887207,-0.2648332715034485,0.989871621131897,0.36768245697021484,0.8175464272499084,-0.4017753005027771,0.9864416122436523,0.6434735655784607,0.7803071737289429,-0.1739838421344757,0.9899660348892212,0.37588998675346375,0.7975907921791077,-0.3073385953903198,0.9862105846405029,0.5757266283035278,0.7236557602882385,0.02232442982494831,0.9996444582939148,0.443063348531723,0.7353236675262451,-0.02200157195329666,0.9995179772377014,0.5784555077552795,1.0059829950332642,-0.07261251658201218,0.6141982674598694,0.4391692578792572,1.014635443687439,0.02976469323039055,0.49880990386009216,0.5883168578147888,1.3026251792907715,0.4995349943637848,0.028687162324786186,0.4477275311946869,1.3045042753219604,0.5062268972396851,0.03606291115283966,0.5885679721832275,1.3289752006530762,0.5508370995521545,0.029512228444218636,0.4466041028499603,1.3355580568313599,0.5515190362930298,0.022522514685988426,0.5824142694473267,1.412392020225525,0.36586230993270874,0.01563931070268154,0.46459370851516724,1.4053351879119873,0.32898232340812683,0.0171987134963274
2026-04-30T18:50:24.268059,171,0.5153375864028931,0.053781501948833466,-0.3891492486000061,0.9998979568481445,0.5308370590209961,0.025339458137750626,-0.35954931378364563,0.9997743964195251,0.5388487577438354,0.02638503536581993,-0.35977497696876526,0.9997935891151428,0.5459331274032593,0.02770191803574562,-0.3598855137825012,0.9997642040252686,0.5053359866142273,0.023141102865338326,-0.36120349168777466,0.9997717142105103,0.49629026651382446,0.02288336679339409,-0.3612522780895233,0.9997946619987488,0.48761624097824097,0.023219889029860497,-0.36152777075767517,0.9997649192810059,0.5522454977035522,0.04290261119604111,-0.1816628873348236,0.9997044205665588,0.4756689667701721,0.03961053118109703,-0.1860366016626358,0.9998074769973755,0.5289840698242188,0.08541547507047653,-0.3216676115989685,0.9999262094497681,0.4978199899196625,0.08235544711351395,-0.3229720890522003,0.9999216198921204,0.6230944395065308,0.25378209352493286,-0.08213599026203156,0.9999024271965027,0.4042716920375824,0.25552624464035034,-0.1526992917060852,0.9998219609260559,0.6347275376319885,0.49196916818618774,0.00906189065426588,0.9914037585258484,0.38636282086372375,0.5230003595352173,-0.13504581153392792,0.9951589107513428,0.6482637524604797,0.7264087796211243,-0.1459394097328186,0.9935243725776672,0.36634528636932373,0.7539186477661133,-0.27721816301345825,0.9927668571472168,0.6633475422859192,0.7968462705612183,-0.20147140324115753,0.9885726571083069,0.3547101318836212,0.8182357549667358,-0.33718425035476685,0.9847323298454285,0.6514337658882141,0.7963707447052002,-0.26211056113243103,0.9899120330810547,0.36806994676589966,0.8171066045761108,-0.39755135774612427,0.9867767691612244,0.6429290175437927,0.7793580889701843,-0.17318707704544067,0.990044355392456,0.37617015838623047,0.7971107959747314,-0.304770827293396,0.9865793585777283,0.5757099986076355,0.7236948013305664,0.022877197712659836,0.9996561408042908,0.44304531812667847,0.7354423403739929,-0.022581186145544052,0.9995372891426086,0.5783189535140991,1.005317211151123,-0.054401177912950516,0.611221969127655,0.43920430541038513,1.014297366142273,0.02863677777349949,0.49884554743766785,0.5882772207260132,1.2987723350524902,0.5176944732666016,0.02777153253555298,0.44672924280166626,1.3023030757904053,0.5004106760025024,0.035528503358364105,0.5885560512542725,1.324312686920166,0.5697876811027527,0.028707606717944145,0.4455398917198181,1.3328769207000732,0.5449231863021851,0.022092124447226524,0.5824342966079712,1.4077606201171875,0.3951414227485657,0.01508128922432661,0.46320921182632446,1.4024555683135986,0.32786253094673157,0.016824251040816307
2026-04-30T18:50:24.382137,172,0.515203595161438,0.05316692218184471,-0.3618532717227936,0.99989253282547,0.5308472514152527,0.02535206265747547,-0.3323802053928375,0.9997599720954895,0.538837730884552,0.026454951614141464,-0.33260664343833923,0.9997830390930176,0.545927107334137,0.027868079021573067,-0.3326922357082367,0.9997520446777344,0.5053569078445435,0.023111511021852493,-0.33502793312072754,0.9997587203979492,0.49639368057250977,0.02282361499965191,-0.33511894941329956,0.9997851252555847,0.4878123700618744,0.023133806884288788,-0.3354172706604004,0.9997531771659851,0.5522276163101196,0.04335075244307518,-0.16111420094966888,0.9996880888938904,0.47586479783058167,0.03963235765695572,-0.1699778139591217,0.9997982382774353,0.5284265875816345,0.08453311026096344,-0.29711267352104187,0.9999184608459473,0.4975960850715637,0.08064617961645126,-0.2998661398887634,0.9999128580093384,0.6220675706863403,0.2537885904312134,-0.06718296557664871,0.9998970627784729,0.40427589416503906,0.25592896342277527,-0.14647015929222107,0.9998199343681335,0.6343574523925781,0.4913645088672638,0.0267389714717865,0.9915007948875427,0.38634970784187317,0.5230119824409485,-0.12742534279823303,0.99527907371521,0.6480695605278015,0.7257947325706482,-0.10824023187160492,0.9936121106147766,0.36634624004364014,0.7537402510643005,-0.24876897037029266,0.9930495619773865,0.6629042625427246,0.7964947819709778,-0.15897640585899353,0.9888148903846741,0.354734867811203,0.8178507685661316,-0.30455711483955383,0.985321044921875,0.6509943604469299,0.7960220575332642,-0.21653683483600616,0.990115225315094,0.3681562840938568,0.8167923092842102,-0.36546599864959717,0.9872786402702332,0.6425079107284546,0.778948187828064,-0.13328969478607178,0.9902892112731934,0.3762030601501465,0.7967149615287781,-0.2757585048675537,0.987113893032074,0.5756939649581909,0.7236970663070679,0.024708528071641922,0.9996722936630249,0.44285154342651367,0.7355091571807861,-0.024461926892399788,0.9995626211166382,0.5781282186508179,1.0051681995391846,-0.05726739019155502,0.607703685760498,0.43922120332717896,1.0137656927108765,0.02449784241616726,0.4980510175228119,0.5882840752601624,1.2991676330566406,0.511635422706604,0.026430977508425713,0.4469420909881592,1.3040039539337158,0.4911807179450989,0.03430628404021263,0.5885853171348572,1.324790358543396,0.56324702501297,0.02750357799232006,0.4456396698951721,1.3345080614089966,0.5352362990379333,0.02134367637336254,0.5825339555740356,1.4078255891799927,0.38577279448509216,0.014315909706056118,0.4637191891670227,1.4033974409103394,0.3219480812549591,0.016170581802725792
2026-04-30T18:50:24.488067,173,0.5166011452674866,0.05316562205553055,-0.3761817216873169,0.9998878240585327,0.53169846534729,0.025255581364035606,-0.3463214039802551,0.9997540712356567,0.5395526885986328,0.02635783515870571,-0.3465483784675598,0.9997759461402893,0.5465855002403259,0.027747882530093193,-0.34661728143692017,0.9997459053993225,0.5059136748313904,0.0228981114923954,-0.3465268909931183,0.9997514486312866,0.4966881275177002,0.022573236376047134,-0.34662771224975586,0.9997766613960266,0.4879150390625,0.02285892143845558,-0.346937894821167,0.9997454285621643,0.5524877309799194,0.04294602572917938,-0.16989171504974365,0.999678373336792,0.4756363332271576,0.039265263825654984,-0.17631809413433075,0.9997922778129578,0.529603898525238,0.08455454558134079,-0.30972224473953247,0.999916136264801,0.498319149017334,0.08068451285362244,-0.3100821375846863,0.999910295009613,0.6219871044158936,0.25379106402397156,-0.06950090825557709,0.9998929500579834,0.4042722284793854,0.25613510608673096,-0.15446439385414124,0.9998157620429993,0.6336546540260315,0.4909575879573822,0.031378306448459625,0.9906328916549683,0.3863752484321594,0.5230973362922668,-0.13283945620059967,0.9951958060264587,0.6477914452552795,0.7249605655670166,-0.10879142582416534,0.9931924343109131,0.3663899004459381,0.7537590265274048,-0.2506708800792694,0.9929776191711426,0.6625220775604248,0.796174943447113,-0.16131487488746643,0.9882186651229858,0.35500508546829224,0.8178700804710388,-0.3074738383293152,0.9851974248886108,0.6507017016410828,0.7957361340522766,-0.2213640958070755,0.9895773530006409,0.3684506416320801,0.8167955279350281,-0.36705106496810913,0.9871582388877869,0.6422368288040161,0.7785928845405579,-0.13519684970378876,0.9897822141647339,0.3763306736946106,0.7967360019683838,-0.27664801478385925,0.9869790077209473,0.575697660446167,0.7237473130226135,0.02635791338980198,0.9996770620346069,0.4428280293941498,0.7355104088783264,-0.02611638978123665,0.9995704889297485,0.5776363611221313,1.0050055980682373,-0.05979055166244507,0.6025397777557373,0.4393499493598938,1.0125854015350342,0.01734577678143978,0.4952174425125122,0.587490975856781,1.2952826023101807,0.5175134539604187,0.026034556329250336,0.4469190537929535,1.2982661724090576,0.4939939081668854,0.03409973159432411,0.587152898311615,1.3199177980422974,0.5701702833175659,0.027162639424204826,0.4456575810909271,1.326988697052002,0.5399765372276306,0.021037723869085312,0.5824961066246033,1.4052183628082275,0.3923199474811554,0.014217482879757881,0.4635000228881836,1.3983250856399536,0.3285169303417206,0.01615212671458721
2026-04-30T18:50:24.591954,174,0.5166568160057068,0.05278143659234047,-0.38334494829177856,0.9998874664306641,0.5317395329475403,0.02473427541553974,-0.35299310088157654,0.9997543692588806,0.5395863652229309,0.02581259235739708,-0.3532133996486664,0.9997767210006714,0.546622097492218,0.027166204527020454,-0.3533148169517517,0.9997464418411255,0.5059371590614319,0.022483868524432182,-0.3536280691623688,0.9997508525848389,0.49670282006263733,0.02220292203128338,-0.35371458530426025,0.9997761249542236,0.48793521523475647,0.022530723363161087,-0.35399287939071655,0.9997442364692688,0.5525039434432983,0.04255764186382294,-0.17502091825008392,0.9996793270111084,0.47562193870544434,0.03907530754804611,-0.18118560314178467,0.9997923970222473,0.5296744108200073,0.08428955078125,-0.3163225054740906,0.9999157786369324,0.4984348714351654,0.0804821252822876,-0.316768616437912,0.9999097585678101,0.6217573881149292,0.2539084851741791,-0.07525107264518738,0.999891459941864,0.40426674485206604,0.25653940439224243,-0.15872827172279358,0.9998145699501038,0.6327395439147949,0.49111783504486084,0.015542631037533283,0.9904694557189941,0.386363685131073,0.5241015553474426,-0.13899044692516327,0.9952058792114258,0.6475623250007629,0.7249317765235901,-0.13803517818450928,0.9931221604347229,0.3666083812713623,0.7538196444511414,-0.2650248408317566,0.9930333495140076,0.6623756289482117,0.7960797548294067,-0.19430123269557953,0.9881578683853149,0.3554213047027588,0.8179342150688171,-0.3248761296272278,0.9852921366691589,0.6505236029624939,0.7956177592277527,-0.2549847960472107,0.9895236492156982,0.36890342831611633,0.8168909549713135,-0.38443005084991455,0.9872418642044067,0.6420319080352783,0.7784841060638428,-0.16518887877464294,0.989765465259552,0.37665072083473206,0.7968217134475708,-0.29191911220550537,0.9870951771736145,0.5758002400398254,0.7237516641616821,0.026474982500076294,0.9996857643127441,0.44281578063964844,0.7355592846870422,-0.026225080713629723,0.9995836019515991,0.5776503682136536,1.0047575235366821,-0.056829459965229034,0.597420334815979,0.43948331475257874,1.0123015642166138,0.02190454676747322,0.49147796630859375,0.5875360369682312,1.2953697443008423,0.5279476642608643,0.0251467265188694,0.4475051760673523,1.2983285188674927,0.5199991464614868,0.033163268119096756,0.5872454047203064,1.3201862573623657,0.5812939405441284,0.02640167996287346,0.44634824991226196,1.3271499872207642,0.5676940679550171,0.020422453060746193,0.5826562643051147,1.4052060842514038,0.4021993577480316,0.013751593418419361,0.46407920122146606,1.3984097242355347,0.35434266924858093,0.015707040205597878
2026-04-30T18:50:24.687811,175,0.5175134539604187,0.05292927846312523,-0.38822296261787415,0.9998842477798462,0.5322727560997009,0.024739790707826614,-0.35787534713745117,0.9997486472129822,0.5399883389472961,0.02581539750099182,-0.3580961227416992,0.9997716546058655,0.546962320804596,0.02716446854174137,-0.35820311307907104,0.9997407793998718,0.5064807534217834,0.02249961346387863,-0.3596557378768921,0.9997445344924927,0.49710536003112793,0.02223711460828781,-0.3597259223461151,0.9997702240943909,0.48816603422164917,0.022587234154343605,-0.3600021302700043,0.9997372627258301,0.552595853805542,0.04249728098511696,-0.17765511572360992,0.9996718764305115,0.475483238697052,0.039090175181627274,-0.182102769613266,0.9997872710227966,0.5304328203201294,0.08442376554012299,-0.3199441134929657,0.9999127984046936,0.49917054176330566,0.08086849749088287,-0.3217679262161255,0.9999064803123474,0.6217558979988098,0.2542061507701874,-0.0758625864982605,0.99988853931427,0.40426525473594666,0.2565765976905823,-0.1614496409893036,0.9998103976249695,0.6326498985290527,0.4911538362503052,0.01987459510564804,0.9901670217514038,0.3864133954048157,0.524174153804779,-0.1436893343925476,0.9951982498168945,0.6474096775054932,0.7249521017074585,-0.12314333021640778,0.992986798286438,0.36678093671798706,0.7533612847328186,-0.26802071928977966,0.9930573105812073,0.6621695160865784,0.7960690259933472,-0.1762179136276245,0.9879895448684692,0.355482280254364,0.8176228404045105,-0.3269140124320984,0.9853428602218628,0.6503684520721436,0.7956096529960632,-0.23578353226184845,0.9893743991851807,0.3689224123954773,0.8167483806610107,-0.3850509822368622,0.9872863292694092,0.6418753266334534,0.7784773707389832,-0.14956332743167877,0.9896672964096069,0.37667450308799744,0.7966548204421997,-0.2944313883781433,0.9871636629104614,0.5758113861083984,0.7244946956634521,0.026649948209524155,0.9996911883354187,0.4426954388618469,0.7358257174491882,-0.026382258161902428,0.9995908141136169,0.5775532722473145,1.0045393705368042,-0.057832807302474976,0.5896625518798828,0.4394989013671875,1.0118334293365479,0.0356873944401741,0.48275449872016907,0.5867456197738647,1.295432448387146,0.5272051095962524,0.02412247844040394,0.447469562292099,1.298285961151123,0.5303367376327515,0.03204049542546272,0.5863022208213806,1.3202893733978271,0.5809406638145447,0.025607720017433167,0.446246862411499,1.3272747993469238,0.5772522687911987,0.019871622323989868,0.5819143056869507,1.4054094552993774,0.3981689214706421,0.01322681363672018,0.46402329206466675,1.3984321355819702,0.36302176117897034,0.01520603708922863
2026-04-30T18:50:24.791898,176,0.5175720453262329,0.05293263867497444,-0.4002830386161804,0.9998812675476074,0.5323426723480225,0.02475808933377266,-0.3687358796596527,0.999741792678833,0.5400553941726685,0.025839662179350853,-0.368968665599823,0.99976646900177,0.5470335483551025,0.027198022231459618,-0.369073748588562,0.9997338056564331,0.5065918564796448,0.022506365552544594,-0.3710421323776245,0.9997377395629883,0.49723559617996216,0.022241633385419846,-0.3711140751838684,0.9997650980949402,0.48830193281173706,0.02259228006005287,-0.37139517068862915,0.9997305274009705,0.5526072978973389,0.042585473507642746,-0.18185290694236755,0.9996630549430847,0.47548550367355347,0.039143308997154236,-0.18793152272701263,0.9997824430465698,0.5304538607597351,0.08441781252622604,-0.3293902277946472,0.9999097585678101,0.4991854131221771,0.0808272585272789,-0.3317377269268036,0.9999035000801086,0.6217309236526489,0.25421252846717834,-0.07633904367685318,0.9998862147331238,0.4041544795036316,0.2571884095668793,-0.16138583421707153,0.9998078942298889,0.6327656507492065,0.49111491441726685,0.017827872186899185,0.9901134967803955,0.3861469626426697,0.5256878137588501,-0.14355359971523285,0.99518883228302,0.647271454334259,0.724755048751831,-0.1357061266899109,0.9929067492485046,0.36693650484085083,0.7536720037460327,-0.27036601305007935,0.9930429458618164,0.6621577143669128,0.7960017919540405,-0.19217947125434875,0.9878812432289124,0.3557268977165222,0.8177160024642944,-0.3301095962524414,0.9853110909461975,0.650355339050293,0.7955563068389893,-0.25288325548171997,0.9892861843109131,0.369055837392807,0.8168121576309204,-0.38998275995254517,0.987264096736908,0.641823410987854,0.7783622145652771,-0.1628665030002594,0.9895888566970825,0.3767465054988861,0.796716034412384,-0.2973068654537201,0.9871357679367065,0.5758118033409119,0.7244932055473328,0.026622245088219643,0.999689519405365,0.44268473982810974,0.7361251711845398,-0.026351194828748703,0.999591588973999,0.5774649381637573,1.0045560598373413,-0.05895617604255676,0.5872558951377869,0.43958210945129395,1.0120247602462769,0.03363475203514099,0.4805492162704468,0.5874196290969849,1.2962895631790161,0.5257090330123901,0.023626232519745827,0.44762468338012695,1.3007041215896606,0.5200175642967224,0.03173663094639778,0.5871386528015137,1.3217910528182983,0.5777156949043274,0.025151362642645836,0.44631585478782654,1.330928087234497,0.5642790794372559,0.01964391954243183,0.5826781988143921,1.4056193828582764,0.38396191596984863,0.012959996238350868,0.4646504521369934,1.4005099534988403,0.3357749581336975,0.015035106800496578
2026-04-30T18:50:24.905405,177,0.5157628655433655,0.052837956696748734,-0.40011435747146606,0.999880850315094,0.5307488441467285,0.024456191807985306,-0.3690340220928192,0.9997387528419495,0.5387789607048035,0.02546582743525505,-0.3692640960216522,0.9997658133506775,0.5459576845169067,0.026729952543973923,-0.36936286091804504,0.9997313022613525,0.5048171877861023,0.022362899035215378,-0.370858371257782,0.9997349977493286,0.4955214560031891,0.022140076383948326,-0.37093234062194824,0.9997643828392029,0.48683086037635803,0.022530989721417427,-0.3712186813354492,0.9997278451919556,0.5518661737442017,0.04210503399372101,-0.18243084847927094,0.9996616840362549,0.4747215807437897,0.039105214178562164,-0.18854939937591553,0.9997812509536743,0.5296677947044373,0.08437873423099518,-0.3298656642436981,0.9999079704284668,0.4979899823665619,0.08080089837312698,-0.33166074752807617,0.999901294708252,0.6217306852340698,0.2542126476764679,-0.07696761935949326,0.9998852610588074,0.40404921770095825,0.2574136555194855,-0.15889520943164825,0.9998070001602173,0.6327840089797974,0.491055965423584,0.017407888546586037,0.9904366135597229,0.38612014055252075,0.5256333947181702,-0.13997909426689148,0.995269775390625,0.6472225785255432,0.7247684001922607,-0.1342032253742218,0.9931377172470093,0.36691683530807495,0.7537829875946045,-0.2697334885597229,0.9932296276092529,0.6619749069213867,0.7960535287857056,-0.1893313080072403,0.9882878661155701,0.35572823882102966,0.8179675936698914,-0.32851892709732056,0.985686182975769,0.6502160429954529,0.7956027388572693,-0.2493298053741455,0.9896454811096191,0.36906418204307556,0.8169877529144287,-0.39006665349006653,0.9875898361206055,0.6416906118392944,0.7783759236335754,-0.16069245338439941,0.9899557828903198,0.3767513036727905,0.7968076467514038,-0.2971850037574768,0.9874952435493469,0.5757472515106201,0.7245302796363831,0.026622727513313293,0.9996992945671082,0.4426383972167969,0.7361992597579956,-0.02634941041469574,0.9996055364608765,0.5774582624435425,1.0045653581619263,-0.062038175761699677,0.5883002281188965,0.4395887851715088,1.0127296447753906,0.029690906405448914,0.48334547877311707,0.5877612233161926,1.2985421419143677,0.5136987566947937,0.022889941930770874,0.4476284980773926,1.3032171726226807,0.5196606516838074,0.030867869034409523,0.5879310369491577,1.3249402046203613,0.5648044943809509,0.024519558995962143,0.4463214874267578,1.3336689472198486,0.564143717288971,0.019206417724490166,0.5827635526657104,1.407726526260376,0.37649011611938477,0.012480922974646091,0.46464967727661133,1.4029737710952759,0.33942726254463196,0.014540034346282482
2026-04-30T18:50:25.010089,178,0.5194381475448608,0.05230207368731499,-0.39572128653526306,0.9998814463615417,0.5330468416213989,0.024300459772348404,-0.36390700936317444,0.9997400045394897,0.5406239032745361,0.025343086570501328,-0.36414411664009094,0.9997678995132446,0.5475398302078247,0.026645202189683914,-0.3642462491989136,0.9997332692146301,0.507982611656189,0.022217653691768646,-0.3677658438682556,0.999735951423645,0.49863559007644653,0.022016044706106186,-0.3678404688835144,0.9997658729553223,0.48970645666122437,0.022430861368775368,-0.3681189715862274,0.9997286796569824,0.5519152879714966,0.042115118354558945,-0.17805851995944977,0.9996645450592041,0.4748685359954834,0.039114996790885925,-0.1897554099559784,0.9997820854187012,0.5310967564582825,0.08390961587429047,-0.32579177618026733,0.9999077320098877,0.4999571442604065,0.08036573231220245,-0.32998785376548767,0.9999009966850281,0.6215482950210571,0.25417760014533997,-0.07749014347791672,0.999886155128479,0.4039841592311859,0.25745877623558044,-0.15866601467132568,0.9998058080673218,0.6330339908599854,0.4910823404788971,0.012072032317519188,0.9905370473861694,0.38606253266334534,0.5256282687187195,-0.13982735574245453,0.9952812790870667,0.6471987962722778,0.7247645854949951,-0.14658182859420776,0.9931622743606567,0.36677369475364685,0.7540341019630432,-0.2693251669406891,0.9932183027267456,0.661930501461029,0.7959570288658142,-0.2042916715145111,0.9883273243904114,0.35562485456466675,0.8180406093597412,-0.3276848793029785,0.9856666922569275,0.6501418352127075,0.7955065369606018,-0.26428988575935364,0.9896883964538574,0.36887016892433167,0.8170259594917297,-0.3901623785495758,0.9875820875167847,0.6416115760803223,0.7783181667327881,-0.17344732582569122,0.9900043606758118,0.37652504444122314,0.7969285249710083,-0.2971172630786896,0.9874942302703857,0.5756470561027527,0.7245205640792847,0.026518017053604126,0.9996991157531738,0.44262295961380005,0.7362069487571716,-0.026239654049277306,0.9996073246002197,0.5773718357086182,1.004554271697998,-0.06458441913127899,0.5856686234474182,0.4395832419395447,1.0126889944076538,0.021443838253617287,0.48043081164360046,0.5877783298492432,1.2986869812011719,0.5016095638275146,0.02239799126982689,0.4475279748439789,1.304505705833435,0.4879647195339203,0.03058631159365177,0.5879849195480347,1.325178623199463,0.551642119884491,0.024050790816545486,0.4461453855037689,1.3356478214263916,0.5302674174308777,0.018975792452692986,0.582790732383728,1.4077739715576172,0.3658769726753235,0.01221349649131298,0.4644492268562317,1.4038403034210205,0.3056493103504181,0.014364202506840229
2026-04-30T18:50:25.109842,179,0.5193668007850647,0.05224994570016861,-0.4271443486213684,0.9998820424079895,0.5327800512313843,0.02399805746972561,-0.3936375677585602,0.9997421503067017,0.5403525233268738,0.02502385713160038,-0.39387601613998413,0.9997698068618774,0.5472351908683777,0.026292266324162483,-0.39398637413978577,0.9997348785400391,0.5077039003372192,0.022029316052794456,-0.39824414253234863,0.9997376799583435,0.4983571171760559,0.021897511556744576,-0.39829668402671814,0.9997673630714417,0.48936811089515686,0.022372523322701454,-0.39856523275375366,0.9997300505638123,0.5518423318862915,0.04166758432984352,-0.19439031183719635,0.9996665716171265,0.4745517671108246,0.03908586502075195,-0.21185748279094696,0.999783992767334,0.531112551689148,0.08385403454303741,-0.3518589735031128,0.9999087452888489,0.49999362230300903,0.08037161082029343,-0.3571781516075134,0.9999024271965027,0.6214312314987183,0.2542625069618225,-0.08010003715753555,0.999886155128479,0.40398383140563965,0.2574002146720886,-0.16544385254383087,0.9998055100440979,0.6328699588775635,0.49108079075813293,0.01274139154702425,0.9903240203857422,0.3859770894050598,0.5256166458129883,-0.14444462954998016,0.9952518939971924,0.6468819379806519,0.7249197363853455,-0.14684370160102844,0.9930077791213989,0.36675214767456055,0.7541484832763672,-0.2905265986919403,0.9931066036224365,0.6617684364318848,0.7959584593772888,-0.20486342906951904,0.9880533218383789,0.35555312037467957,0.8183200359344482,-0.3524281084537506,0.9854181408882141,0.6499446034431458,0.7955423593521118,-0.26732125878334045,0.9894599914550781,0.36886119842529297,0.8171879649162292,-0.4169390797615051,0.9873746037483215,0.6413296461105347,0.7783494591712952,-0.17465510964393616,0.9897662997245789,0.3765331208705902,0.7970739603042603,-0.3194114863872528,0.987257719039917,0.5753380060195923,0.7243900299072266,0.026755083352327347,0.9996928572654724,0.4426113963127136,0.7361017465591431,-0.026462960988283157,0.9995995163917542,0.5773584246635437,1.0047136545181274,-0.06508969515562057,0.5878396034240723,0.4396016001701355,1.0129505395889282,0.017260702326893806,0.48159438371658325,0.5877761244773865,1.2989134788513184,0.5023658871650696,0.02281733974814415,0.4474574625492096,1.3046114444732666,0.4924961030483246,0.031132083386182785,0.587908923625946,1.325582504272461,0.5524388551712036,0.024374907836318016,0.4460625648498535,1.335742473602295,0.5359851121902466,0.019104089587926865,0.5829070806503296,1.4079288244247437,0.36380764842033386,0.012494303286075592,0.4644708037376404,1.4043045043945312,0.3101164400577545,0.014655823819339275
