timestamp,frame_idx,lm0_x,lm0_y,lm0_z,lm0_v,lm1_x,lm1_y,lm1_z,lm1_v,lm2_x,lm2_y,lm2_z,lm2_v,lm3_x,lm3_y,lm3_z,lm3_v,lm4_x,lm4_y,lm4_z,lm4_v,lm5_x,lm5_y,lm5_z,lm5_v,lm6_x,lm6_y,lm6_z,lm6_v,lm7_x,lm7_y,lm7_z,lm7_v,lm8_x,lm8_y,lm8_z,lm8_v,lm9_x,lm9_y,lm9_z,lm9_v,lm10_x,lm10_y,lm10_z,lm10_v,lm11_x,lm11_y,lm11_z,lm11_v,lm12_x,lm12_y,lm12_z,lm12_v,lm13_x,lm13_y,lm13_z,lm13_v,lm14_x,lm14_y,lm14_z,lm14_v,lm15_x,lm15_y,lm15_z,lm15_v,lm16_x,lm16_y,lm16_z,lm16_v,lm17_x,lm17_y,lm17_z,lm17_v,lm18_x,lm18_y,lm18_z,lm18_v,lm19_x,lm19_y,lm19_z,lm19_v,lm20_x,lm20_y,lm20_z,lm20_v,lm21_x,lm21_y,lm21_z,lm21_v,lm22_x,lm22_y,lm22_z,lm22_v,lm23_x,lm23_y,lm23_z,lm23_v,lm24_x,lm24_y,lm24_z,lm24_v,lm25_x,lm25_y,lm25_z,lm25_v,lm26_x,lm26_y,lm26_z,lm26_v,lm27_x,lm27_y,lm27_z,lm27_v,lm28_x,lm28_y,lm28_z,lm28_v,lm29_x,lm29_y,lm29_z,lm29_v,lm30_x,lm30_y,lm30_z,lm30_v,lm31_x,lm31_y,lm31_z,lm31_v,lm32_x,lm32_y,lm32_z,lm32_v
2026-04-30T18:50:37.469484,2,0.5643787384033203,-0.05964219570159912,-1.0391349792480469,0.9845744967460632,0.6049442887306213,-0.13121968507766724,-1.030577540397644,0.9687740802764893,0.6200636029243469,-0.11909973621368408,-1.030303955078125,0.9650673866271973,0.6344878077507019,-0.10960619896650314,-1.0306822061538696,0.9627299904823303,0.5371111631393433,-0.12794095277786255,-1.0393396615982056,0.9787794947624207,0.518968939781189,-0.12943047285079956,-1.039406657218933,0.9810152053833008,0.5009297728538513,-0.13085836172103882,-1.0400197505950928,0.985788881778717,0.6395646333694458,-0.08053309470415115,-0.758405327796936,0.954978346824646,0.47211480140686035,-0.11586260795593262,-0.8011595010757446,0.9879167675971985,0.598914623260498,0.0025008320808410645,-0.9178921580314636,0.9944907426834106,0.5399861335754395,-0.0003243684768676758,-0.9289261698722839,0.9976623058319092,0.7354462742805481,0.10679006576538086,-0.5253085494041443,0.9981120824813843,0.3503114581108093,0.1318035125732422,-0.5542955994606018,0.9998679161071777,0.8006004095077515,0.5225517153739929,-0.2736445963382721,0.9227842688560486,0.30337604880332947,0.5789304375648499,-0.3773043751716614,0.9854904413223267,0.8334461450576782,0.9105125665664673,-0.3736627399921417,0.42390647530555725,0.29525986313819885,0.9329200983047485,-0.5377241373062134,0.8713073134422302,0.8593260049819946,1.0090868473052979,-0.4202480912208557,0.3082275092601776,0.2764165997505188,1.0289480686187744,-0.5741674304008484,0.7743433117866516,0.8295341730117798,1.0212044715881348,-0.4903944432735443,0.35224449634552,0.3055703341960907,1.0249093770980835,-0.6873239278793335,0.8167148232460022,0.8141967058181763,0.9851787090301514,-0.4010537266731262,0.41717302799224854,0.3211594820022583,0.9895679950714111,-0.5816152095794678,0.8306564688682556,0.7042028903961182,0.8602335453033447,-1.8894648746936582e-05,0.7141582369804382,0.4794932007789612,0.8769803643226624,0.0014444896951317787,0.8013104200363159,0.7214263081550598,1.3910387754440308,0.0670064240694046,0.06303302943706512,0.48787084221839905,1.4127460718154907,0.05677990987896919,0.047753021121025085,0.7242107391357422,1.8525744676589966,0.6348247528076172,0.006363579537719488,0.5042978525161743,1.888063907623291,0.44960156083106995,0.004320362117141485,0.7258793115615845,1.9173420667648315,0.6767224669456482,0.011428617872297764,0.5039689540863037,1.9610035419464111,0.47814542055130005,0.009875541552901268,0.7139819264411926,2.0447957515716553,0.3653826117515564,0.003754131495952606,0.5333666801452637,2.0622971057891846,0.07282374054193497,0.002475372049957514
2026-04-30T18:50:37.578485,3,0.6139794588088989,-0.05169540271162987,-1.0790237188339233,0.983810544013977,0.6354996562004089,-0.11676847189664841,-1.068490982055664,0.9679076075553894,0.6470880508422852,-0.1073838546872139,-1.0683774948120117,0.9631972908973694,0.6573478579521179,-0.09984268993139267,-1.068634033203125,0.9609502553939819,0.5850043296813965,-0.12790006399154663,-1.0938223600387573,0.97891765832901,0.5688846707344055,-0.12901543080806732,-1.094049096107483,0.9810064435005188,0.5487226247787476,-0.13209038972854614,-1.094748854637146,0.9858808517456055,0.6560807228088379,-0.07836244255304337,-0.7756718993186951,0.9519302845001221,0.5091673135757446,-0.11566854268312454,-0.8918482661247253,0.987911581993103,0.6251106858253479,0.011857042089104652,-0.9482137560844421,0.993929922580719,0.5754693746566772,0.005960375536233187,-0.9808363914489746,0.997542142868042,0.7358183264732361,0.11143609881401062,-0.5255321860313416,0.9978106617927551,0.3656538426876068,0.13540883362293243,-0.625944972038269,0.9998599886894226,0.8005887269973755,0.5160666108131409,-0.2573343515396118,0.9151771664619446,0.3060494363307953,0.5712854862213135,-0.46968430280685425,0.9857062101364136,0.8315204381942749,0.8628023862838745,-0.3503457307815552,0.422838032245636,0.3011302649974823,0.9236471056938171,-0.597115695476532,0.8737022876739502,0.8559677004814148,0.9739182591438293,-0.3933090269565582,0.30843332409858704,0.2767656743526459,1.0243936777114868,-0.6329869031906128,0.7780349254608154,0.8295440673828125,0.9861210584640503,-0.464644193649292,0.35039687156677246,0.31152138113975525,1.0219517946243286,-0.7466837167739868,0.8188101053237915,0.8141789436340332,0.9490422010421753,-0.3800646662712097,0.41298094391822815,0.32818835973739624,0.9847236275672913,-0.6385818719863892,0.8316452503204346,0.7044461965560913,0.8684789538383484,-0.006954678799957037,0.7022005319595337,0.4861215054988861,0.8866256475448608,0.007925057783722878,0.7954807877540588,0.7202730178833008,1.4130024909973145,0.08660255372524261,0.06154564023017883,0.4890492558479309,1.430673360824585,0.06397461891174316,0.04667775332927704,0.7249560356140137,1.896269679069519,0.6293414235115051,0.006398777011781931,0.5078412294387817,1.9187902212142944,0.45332756638526917,0.004686884116381407,0.726118803024292,1.9550528526306152,0.6651830673217773,0.010990220122039318,0.5061463713645935,1.9869407415390015,0.48200780153274536,0.01054232195019722,0.7140687704086304,2.082216501235962,0.31825584173202515,0.003971305675804615,0.535197913646698,2.076505422592163,0.0669473260641098,0.0028255272191017866
2026-04-30T18:50:37.691893,4,0.6174892783164978,-0.042120542377233505,-1.1477155685424805,0.9816903471946716,0.637606680393219,-0.10066817700862885,-1.131273627281189,0.9647491574287415,0.651028037071228,-0.08491010963916779,-1.1313093900680542,0.9585805535316467,0.6615151166915894,-0.07347922772169113,-1.131629467010498,0.9564306735992432,0.593317985534668,-0.11342782527208328,-1.1542723178863525,0.9774550199508667,0.5761476755142212,-0.11478174477815628,-1.154646396636963,0.9795913696289062,0.5582327842712402,-0.11538124084472656,-1.1554412841796875,0.9849813580513,0.6587953567504883,-0.05592210963368416,-0.8047863245010376,0.9440051913261414,0.5235620141029358,-0.09492674469947815,-0.9091253280639648,0.9867919683456421,0.6269978880882263,0.022007836028933525,-1.0051243305206299,0.9926100373268127,0.5814034938812256,0.014589132741093636,-1.034806489944458,0.9971085786819458,0.7357076406478882,0.129987895488739,-0.5337481498718262,0.9971813559532166,0.383718878030777,0.1498969942331314,-0.6225138902664185,0.9998332262039185,0.7985064387321472,0.5334339141845703,-0.26656433939933777,0.9068646430969238,0.31670838594436646,0.5675153732299805,-0.4530258774757385,0.9856626391410828,0.814116358757019,0.8646056652069092,-0.42063108086586,0.4165228307247162,0.3217059373855591,0.9157193303108215,-0.6077097654342651,0.8727395534515381,0.8351042866706848,0.9696186780929565,-0.47529205679893494,0.3041428327560425,0.3033682107925415,1.0080469846725464,-0.6496855020523071,0.775464653968811,0.8170922994613647,0.981182336807251,-0.5503873229026794,0.34417784214019775,0.3250408470630646,1.01042902469635,-0.7642822861671448,0.8156463503837585,0.8024480938911438,0.9447476267814636,-0.45305100083351135,0.40374332666397095,0.34162768721580505,0.9755052328109741,-0.649799644947052,0.8278307914733887,0.7039521932601929,0.887306809425354,-0.018395965918898582,0.6976178884506226,0.4919784963130951,0.8992037177085876,0.018816150724887848,0.7952824234962463,0.7202867865562439,1.4354866743087769,0.12452284246683121,0.060767579823732376,0.4911597669124603,1.4456080198287964,0.12357664108276367,0.0459514781832695,0.7272933721542358,1.9243615865707397,0.7050852179527283,0.006480222102254629,0.5145244002342224,1.9373127222061157,0.5823306441307068,0.005070163868367672,0.7277355194091797,1.983575463294983,0.7451410889625549,0.010730377398431301,0.5126342177391052,2.0049493312835693,0.6191391944885254,0.011598995886743069,0.714308500289917,2.1078903675079346,0.3694879412651062,0.0040087285451591015,0.5403517484664917,2.0880625247955322,0.1733081191778183,0.0030707300174981356
2026-04-30T18:50:37.810179,5,0.6212299466133118,0.016184398904442787,-0.930920422077179,0.9828256368637085,0.6410804986953735,-0.02217734046280384,-0.9185463786125183,0.9668099284172058,0.6527054309844971,-0.019537052139639854,-0.9186843037605286,0.9612982869148254,0.6627363562583923,-0.018216392025351524,-0.9188146591186523,0.9590238928794861,0.604144811630249,-0.03096127323806286,-0.9381597638130188,0.9787303805351257,0.5893397927284241,-0.03445291891694069,-0.9384244084358215,0.9808210134506226,0.5745550990104675,-0.0388936884701252,-0.939119815826416,0.9857040643692017,0.6635057926177979,-0.014214813709259033,-0.6322702169418335,0.9474126696586609,0.5477796792984009,-0.04353130981326103,-0.7244523167610168,0.9875884056091309,0.6308826804161072,0.0548141747713089,-0.8028587102890015,0.9928626418113708,0.592483639717102,0.04898616299033165,-0.8294625282287598,0.997160017490387,0.7358503937721252,0.1546190083026886,-0.36450907588005066,0.9972901940345764,0.4187406003475189,0.15755683183670044,-0.4494406580924988,0.9998342990875244,0.7885111570358276,0.5427544713020325,-0.09662499278783798,0.9071879982948303,0.3628251552581787,0.550455629825592,-0.24228832125663757,0.9863666892051697,0.7919513583183289,0.8680209517478943,-0.3351425528526306,0.4556773602962494,0.36051028966903687,0.8735402226448059,-0.37736010551452637,0.8828753232955933,0.8117254376411438,0.9663441181182861,-0.3937900960445404,0.34769049286842346,0.33996856212615967,0.951872706413269,-0.4220402240753174,0.7925770282745361,0.7949182987213135,0.9750566482543945,-0.49487632513046265,0.38584190607070923,0.35290345549583435,0.9571897387504578,-0.5213857889175415,0.8295416831970215,0.7798961997032166,0.9434512257575989,-0.3786211609840393,0.44051891565322876,0.36865755915641785,0.9305916428565979,-0.4157589375972748,0.8401886820793152,0.7040809392929077,0.8858161568641663,-0.00265909219160676,0.7229294776916504,0.5042916536331177,0.8963205814361572,0.00277186231687665,0.8132749199867249,0.7167943716049194,1.408395767211914,0.11762934923171997,0.07130632549524307,0.5018126964569092,1.40263831615448,0.01547294668853283,0.05572063848376274,0.7283816337585449,1.8749182224273682,0.5466707944869995,0.007649991661310196,0.5303775072097778,1.874274492263794,0.32695671916007996,0.007057280279695988,0.7294273376464844,1.929219126701355,0.5774471163749695,0.012027856893837452,0.5320909023284912,1.935693621635437,0.3474280834197998,0.01336108148097992,0.7144139409065247,2.0360615253448486,0.25170525908470154,0.004917197395116091,0.5536078214645386,2.0099973678588867,-0.04274996742606163,0.004055444151163101
2026-04-30T18:50:37.924611,6,0.6272183656692505,0.04478313401341438,-0.8059123158454895,0.9844582080841064,0.6428681015968323,0.009538799524307251,-0.7979950308799744,0.9699622392654419,0.6537304520606995,0.009303268976509571,-0.7978249788284302,0.9650167226791382,0.6636625528335571,0.008563612587749958,-0.7978411912918091,0.9629374146461487,0.6079016923904419,0.005088893696665764,-0.8070259094238281,0.9807379841804504,0.5941200852394104,0.0020634580869227648,-0.807015061378479,0.9826284050941467,0.5806141495704651,-0.001961749279871583,-0.8073293566703796,0.9870229959487915,0.6653481721878052,0.008393525145947933,-0.5576545000076294,0.9524631500244141,0.5557084083557129,-0.011319536715745926,-0.6036475300788879,0.9887564778327942,0.6392699480056763,0.0782797634601593,-0.6994220018386841,0.9935070872306824,0.6028916835784912,0.07121465355157852,-0.7123550176620483,0.9974075555801392,0.7346739172935486,0.17421293258666992,-0.3517646789550781,0.9975320100784302,0.44082126021385193,0.16759712994098663,-0.3542099595069885,0.9998458027839661,0.7750500440597534,0.5394428372383118,-0.15138575434684753,0.9096825122833252,0.38612282276153564,0.5305789709091187,-0.10706435143947601,0.9868966341018677,0.7835789918899536,0.8368801474571228,-0.34391695261001587,0.4929877817630768,0.3796263337135315,0.8471332788467407,-0.09523502737283707,0.8897693157196045,0.799017071723938,0.9335681796073914,-0.41787785291671753,0.3919849991798401,0.3721727132797241,0.9305170774459839,-0.11123725026845932,0.8048595786094666,0.7863876819610596,0.9383019208908081,-0.5179766416549683,0.42822474241256714,0.3857986032962799,0.9299066066741943,-0.1993434578180313,0.8393225073814392,0.7745941877365112,0.9074370861053467,-0.3951835036277771,0.4778997302055359,0.3957563042640686,0.9028427600860596,-0.1280214935541153,0.8487792611122131,0.7023555040359497,0.8499290347099304,-0.0016451909905299544,0.7457730174064636,0.5035688877105713,0.853277862071991,0.001930672093294561,0.8293076157569885,0.6954234838485718,1.356418490409851,-0.0010455315932631493,0.08927012979984283,0.5013847351074219,1.339349627494812,-0.05365210026502609,0.07632233947515488,0.7156789302825928,1.842736005783081,0.30275291204452515,0.009790082462131977,0.5294365286827087,1.835740566253662,0.13054192066192627,0.009450195357203484,0.7129071354866028,1.9024897813796997,0.3182894289493561,0.013750297948718071,0.5313718318939209,1.899880051612854,0.13495014607906342,0.014594935812056065,0.7093499302864075,1.9970533847808838,-0.031530819833278656,0.007664290722459555,0.5527319312095642,1.97795569896698,-0.2781917154788971,0.005631677806377411
2026-04-30T18:50:38.029081,7,0.6432040929794312,0.05023568123579025,-0.6175057888031006,0.9860002398490906,0.6530619859695435,0.011138394474983215,-0.6084266304969788,0.9729369878768921,0.6621187925338745,0.010870848782360554,-0.6082371473312378,0.968490719795227,0.6707028150558472,0.010487842373549938,-0.6081379652023315,0.9666043519973755,0.6220528483390808,0.006479007191956043,-0.6294068098068237,0.9826444983482361,0.6085866689682007,0.0025430431123822927,-0.6294421553611755,0.9843514561653137,0.594903290271759,-0.0022883310448378325,-0.6296557784080505,0.9883039593696594,0.669218897819519,0.013190626166760921,-0.4020543098449707,0.9571817517280579,0.5670825242996216,-0.006647940259426832,-0.5016149878501892,0.9898738861083984,0.6509000658988953,0.0886761024594307,-0.5270653367042542,0.9941446781158447,0.6180968284606934,0.07861053198575974,-0.5553039908409119,0.9976620674133301,0.7307295203208923,0.1928757131099701,-0.18762323260307312,0.9977560043334961,0.4517686367034912,0.17749714851379395,-0.33621057868003845,0.9998593330383301,0.7660512924194336,0.534655749797821,0.06709294766187668,0.9079738259315491,0.3956523537635803,0.5124009251594543,-0.09493310749530792,0.9878832101821899,0.7759779691696167,0.7959096431732178,-0.06614141166210175,0.5260010957717896,0.38920754194259644,0.8100348114967346,-0.010216662660241127,0.8985319137573242,0.7871705293655396,0.8920289278030396,-0.11634429544210434,0.42954355478286743,0.38542962074279785,0.8933084011077881,-0.017537206411361694,0.8193482756614685,0.7731863260269165,0.8934211730957031,-0.20662271976470947,0.46364477276802063,0.40036168694496155,0.8866881728172302,-0.08324063569307327,0.8508473634719849,0.7631014585494995,0.8643943667411804,-0.10949953645467758,0.5089974403381348,0.4093624949455261,0.8613632917404175,-0.03150920197367668,0.8592513203620911,0.6905785799026489,0.821213960647583,0.015122676268219948,0.7666704654693604,0.5049207806587219,0.8215238451957703,-0.01485807728022337,0.8439132571220398,0.6843624114990234,1.316455364227295,0.003325598780065775,0.10714396089315414,0.5019992589950562,1.3176385164260864,-0.0689593106508255,0.11154556274414062,0.7113958597183228,1.7983816862106323,0.3050757944583893,0.01348799653351307,0.5277187824249268,1.7966845035552979,0.11213070154190063,0.016680048778653145,0.7072843313217163,1.859635829925537,0.3193240761756897,0.01675872877240181,0.5296112298965454,1.8604815006256104,0.11617590487003326,0.01849505305290222,0.7112370729446411,1.9544246196746826,-0.004282061010599136,0.01465002354234457,0.5518659353256226,1.932165503501892,-0.28692036867141724,0.010426373220980167
2026-04-30T18:50:38.135994,8,0.6351186633110046,0.0666794702410698,-0.6733044981956482,0.9873868227005005,0.6504368782043457,0.025921467691659927,-0.6707342267036438,0.9756146669387817,0.6606683135032654,0.02390955202281475,-0.6705896258354187,0.971619188785553,0.6698916554450989,0.021752256900072098,-0.6706036329269409,0.9699100852012634,0.6134312748908997,0.023855602368712425,-0.6798585653305054,0.9843569993972778,0.5995244979858398,0.020736178383231163,-0.6797984838485718,0.9858976006507874,0.5856508016586304,0.016887865960597992,-0.6799558997154236,0.9894503355026245,0.6681033372879028,0.02027028426527977,-0.46139806509017944,0.9614354372024536,0.5580909848213196,0.01087132003158331,-0.5047706961631775,0.9908769726753235,0.6467174887657166,0.10018448531627655,-0.5783326625823975,0.9947190880775452,0.6105312705039978,0.09193865209817886,-0.589962363243103,0.9978901147842407,0.727911114692688,0.1907305121421814,-0.24261292815208435,0.9979676604270935,0.4519891142845154,0.18724553287029266,-0.29157641530036926,0.9998699426651001,0.7505746483802795,0.5192063450813293,-0.019045380875468254,0.9096680283546448,0.39648622274398804,0.5165538191795349,-0.02409437671303749,0.9885022640228271,0.7694792747497559,0.7820488214492798,-0.1699775755405426,0.561518132686615,0.3921206593513489,0.8087251782417297,0.05071897432208061,0.9047990441322327,0.7829667329788208,0.8743669390678406,-0.2280309647321701,0.47130465507507324,0.38801509141921997,0.8935340046882629,0.04251718893647194,0.8298250436782837,0.7691311836242676,0.8766754865646362,-0.3175332248210907,0.5035467147827148,0.4054908752441406,0.8839865326881409,-0.032699450850486755,0.8590981960296631,0.7581249475479126,0.8484713435173035,-0.21167179942131042,0.5448894500732422,0.4139883518218994,0.8571547865867615,0.024371622130274773,0.8668363690376282,0.6820346117019653,0.797999918460846,0.014181533828377724,0.7859690189361572,0.5041072368621826,0.8077086210250854,-0.013806022703647614,0.8566204905509949,0.6779121160507202,1.2912209033966064,-0.0318543016910553,0.12467869371175766,0.5017073154449463,1.2877665758132935,-0.05253574252128601,0.1342994123697281,0.7059292793273926,1.7693743705749512,0.24569205939769745,0.016152454540133476,0.5265865325927734,1.7605876922607422,0.11970049142837524,0.019637729972600937,0.701707124710083,1.8300024271011353,0.259297639131546,0.019553106278181076,0.5284444093704224,1.8235136270523071,0.12399591505527496,0.020218316465616226,0.708844780921936,1.9250866174697876,-0.06970252841711044,0.018467342481017113,0.5511137247085571,1.8969680070877075,-0.26987046003341675,0.01211530715227127
2026-04-30T18:50:38.247924,9,0.6344679594039917,0.060186754912137985,-0.6918705701828003,0.9886230826377869,0.6410042643547058,0.022531770169734955,-0.6776450872421265,0.9779987335205078,0.6495065689086914,0.021964311599731445,-0.6775215864181519,0.9744088053703308,0.6578549742698669,0.0207363311201334,-0.6775864362716675,0.9728531241416931,0.6097618937492371,0.018740355968475342,-0.6926988363265991,0.9858794212341309,0.594337522983551,0.016025301069021225,-0.6926189661026001,0.9872736930847168,0.5798588395118713,0.012771058827638626,-0.6928490996360779,0.99046790599823,0.6562989950180054,0.021871449425816536,-0.44620102643966675,0.9652260541915894,0.5521026849746704,0.01274278573691845,-0.5146645307540894,0.9917681813240051,0.640351414680481,0.09467640519142151,-0.5936062335968018,0.9952269196510315,0.6083060503005981,0.08685040473937988,-0.6124230623245239,0.9980891346931458,0.7157413363456726,0.19773748517036438,-0.21882379055023193,0.9981471300125122,0.44169020652770996,0.2023804783821106,-0.32452037930488586,0.9998775124549866,0.7315777540206909,0.5112025141716003,0.06581603735685349,0.9124516248703003,0.39013248682022095,0.5177832245826721,-0.10944527387619019,0.9892457723617554,0.7618061304092407,0.7704088687896729,-0.042426250874996185,0.5916500687599182,0.38247478008270264,0.8049872517585754,-0.11632363498210907,0.9122148156166077,0.7745973467826843,0.8603519201278687,-0.08857276290655136,0.5048964619636536,0.37578701972961426,0.8898446559906006,-0.13875673711299896,0.8421865701675415,0.7635136246681213,0.8648201823234558,-0.1778150200843811,0.535714328289032,0.39367741346359253,0.8828068375587463,-0.21881186962127686,0.8691064119338989,0.7520691156387329,0.8378743529319763,-0.08423919975757599,0.5740084648132324,0.4032520353794098,0.8568965792655945,-0.1463046371936798,0.8760383129119873,0.6544834971427917,0.8039449453353882,0.012942904606461525,0.8006346225738525,0.4936350882053375,0.8087916970252991,-0.012475287541747093,0.8660928010940552,0.6511790752410889,1.2987382411956787,-0.013543648645281792,0.12821778655052185,0.4801875650882721,1.285291314125061,-0.06936119496822357,0.13722389936447144,0.672813355922699,1.7735915184020996,0.3097864091396332,0.016148187220096588,0.4996868669986725,1.7592788934707642,0.10288338363170624,0.01943906396627426,0.6689596772193909,1.8326445817947388,0.3255944848060608,0.019260354340076447,0.49869412183761597,1.8230299949645996,0.1083112508058548,0.020114710554480553,0.6718528270721436,1.924401044845581,-0.011152160353958607,0.0184527225792408,0.5275538563728333,1.8909755945205688,-0.2955624759197235,0.012163296341896057
2026-04-30T18:50:38.352372,10,0.6013867259025574,0.06944607198238373,-0.47115248441696167,0.9897342920303345,0.6098965406417847,0.039709970355033875,-0.4699004590511322,0.9801430702209473,0.6173414587974548,0.03959972411394119,-0.46985024213790894,0.9769240617752075,0.6249469518661499,0.039749227464199066,-0.4699834883213043,0.9755064845085144,0.5867472887039185,0.03352977707982063,-0.4795757234096527,0.9872449636459351,0.5759708881378174,0.029660511761903763,-0.4794098734855652,0.9885082840919495,0.5659260749816895,0.02466016449034214,-0.47960519790649414,0.9913731813430786,0.6225517392158508,0.039342839270830154,-0.31443044543266296,0.968653678894043,0.5379101037979126,0.026303622871637344,-0.35604599118232727,0.9925671815872192,0.6046620607376099,0.09964127093553543,-0.4016258120536804,0.9956873059272766,0.5745823979377747,0.09527530521154404,-0.41273942589759827,0.9982683658599854,0.6832419633865356,0.20145921409130096,-0.1573319286108017,0.9983188509941101,0.43336400389671326,0.21339748799800873,-0.23261268436908722,0.9998832941055298,0.7127259969711304,0.48469194769859314,0.06520892679691315,0.917174756526947,0.385818749666214,0.5057026147842407,-0.04682406783103943,0.9893329739570618,0.7380987405776978,0.7420634031295776,-0.004475730005651712,0.6248211860656738,0.37281516194343567,0.7957929968833923,-0.0064928666688501835,0.9180222749710083,0.7485755085945129,0.8340752124786377,-0.05233513563871384,0.5433102250099182,0.36624857783317566,0.8794517517089844,-0.023271681740880013,0.8528005480766296,0.7354845404624939,0.8385759592056274,-0.12907156348228455,0.5721094608306885,0.38051241636276245,0.873303234577179,-0.10409964621067047,0.8776522278785706,0.7241731882095337,0.8102816343307495,-0.040007270872592926,0.6074751615524292,0.38756170868873596,0.8481871485710144,-0.03879456967115402,0.884181797504425,0.6250869631767273,0.7954832911491394,0.012363913469016552,0.8168464303016663,0.4640997350215912,0.7953434586524963,-0.011863104067742825,0.8760043978691101,0.6057397127151489,1.2727015018463135,-0.002360118320211768,0.13904954493045807,0.4433037340641022,1.2567776441574097,-0.05923491716384888,0.1506785899400711,0.6277289986610413,1.7457597255706787,0.27415600419044495,0.01674267090857029,0.45782470703125,1.7285542488098145,0.07184243202209473,0.020113542675971985,0.6234995722770691,1.801680326461792,0.28685685992240906,0.019762646406888962,0.4576393663883209,1.791604995727539,0.07449768483638763,0.020663566887378693,0.6275006532669067,1.8946870565414429,-0.013060959987342358,0.019664134830236435,0.48586755990982056,1.854437232017517,-0.2924385666847229,0.01252130139619112
2026-04-30T18:50:38.458457,11,0.5468460917472839,0.060781314969062805,-0.4905892014503479,0.9907506108283997,0.5603406429290771,0.02486829087138176,-0.4743405282497406,0.98210608959198,0.5697818994522095,0.02708747237920761,-0.4744119644165039,0.9792121052742004,0.5789937973022461,0.029815755784511566,-0.4745422899723053,0.9779297709465027,0.5306280255317688,0.020164532586932182,-0.48396652936935425,0.9885017275810242,0.5187939405441284,0.017339030280709267,-0.48391738533973694,0.9896419644355774,0.5074198246002197,0.012701686471700668,-0.48409929871559143,0.992217481136322,0.5792533159255981,0.03748885542154312,-0.26097190380096436,0.9717646837234497,0.4796973168849945,0.015810778364539146,-0.3006034791469574,0.9933003187179565,0.5540333390235901,0.09873446822166443,-0.40078553557395935,0.9961097836494446,0.5196257829666138,0.0940527617931366,-0.4114208221435547,0.9984349608421326,0.646984875202179,0.1962498277425766,-0.055786292999982834,0.9984675049781799,0.4085698127746582,0.21175861358642578,-0.1856236606836319,0.999889075756073,0.6776414513587952,0.4730181396007538,0.19531354308128357,0.9201617240905762,0.3660487234592438,0.49838903546333313,-0.011268661357462406,0.9899828433990479,0.7001396417617798,0.7231256365776062,0.08347539603710175,0.6537699699401855,0.34552329778671265,0.7793441414833069,-0.016478251665830612,0.9242904782295227,0.7094654440879822,0.8079839944839478,0.03291388601064682,0.5757942199707031,0.342620313167572,0.8666514754295349,-0.04696134105324745,0.863578736782074,0.7019967436790466,0.8141366839408875,-0.056196730583906174,0.6028374433517456,0.3600431978702545,0.8598178029060364,-0.11742906272411346,0.8864482641220093,0.6908755898475647,0.7880620360374451,0.04130468890070915,0.6352893710136414,0.36681824922561646,0.8349670767784119,-0.045412577688694,0.8924378156661987,0.6012786626815796,0.7888688445091248,0.01416088454425335,0.8334047198295593,0.4446551203727722,0.7858442664146423,-0.01356497686356306,0.8873146176338196,0.5929663181304932,1.2397441864013672,0.016423344612121582,0.1591750532388687,0.44441667199134827,1.2260169982910156,-0.048634447157382965,0.1795140653848648,0.6137813329696655,1.6754059791564941,0.33052852749824524,0.019372913986444473,0.45865827798843384,1.673104166984558,0.11918555200099945,0.025588341057300568,0.6087116003036499,1.72803795337677,0.3491216003894806,0.022420436143875122,0.4561398923397064,1.7317603826522827,0.12747535109519958,0.02574712596833706,0.6200517416000366,1.8187237977981567,0.025303781032562256,0.02217111364006996,0.4887579083442688,1.8044439554214478,-0.23542049527168274,0.015835067257285118
2026-04-30T18:50:38.569973,12,0.5160561800003052,0.058228593319654465,-0.6115289926528931,0.991654098033905,0.5290074348449707,0.022209053859114647,-0.5966254472732544,0.9838511347770691,0.5386163592338562,0.023802896961569786,-0.5966466665267944,0.9812522530555725,0.5479024648666382,0.024988986551761627,-0.5967849493026733,0.9800864458084106,0.49965375661849976,0.01588323526084423,-0.6099958419799805,0.9896137714385986,0.48850998282432556,0.012486216612160206,-0.6100215315818787,0.9906445145606995,0.4772207736968994,0.008277613669633865,-0.6102580428123474,0.9929566383361816,0.548648476600647,0.029624899849295616,-0.368985652923584,0.9745430946350098,0.4535307288169861,0.011514699086546898,-0.42690810561180115,0.9939489960670471,0.5235503911972046,0.09374093264341354,-0.5135928392410278,0.9964811205863953,0.4926554560661316,0.08871038258075714,-0.5295504331588745,0.998577356338501,0.6156109571456909,0.1983049213886261,-0.13316161930561066,0.998593270778656,0.3848830759525299,0.22191934287548065,-0.26016247272491455,0.9998918175697327,0.6435030102729797,0.4744419455528259,0.14379747211933136,0.9234884977340698,0.35101231932640076,0.5010217428207397,-0.044428013265132904,0.9907349944114685,0.669989287853241,0.7130492925643921,0.0019218713277950883,0.6836309432983398,0.32675158977508545,0.7703651785850525,-0.023756418377161026,0.9310450553894043,0.6751607656478882,0.7842069864273071,-0.04687459021806717,0.6104391813278198,0.32350078225135803,0.8607828617095947,-0.0493679977953434,0.8754474520683289,0.6691288948059082,0.7877981662750244,-0.13901342451572418,0.6354990601539612,0.3418305814266205,0.8566673994064331,-0.12091372907161713,0.8962618708610535,0.659339427947998,0.7628871202468872,-0.04098409786820412,0.665054202079773,0.3483153283596039,0.8314924240112305,-0.051612406969070435,0.9016253352165222,0.5822588801383972,0.779478907585144,0.0161838848143816,0.8490447998046875,0.4291204512119293,0.7765898108482361,-0.015584724955260754,0.8980527520179749,0.5965417623519897,1.208909511566162,0.026622146368026733,0.18169145286083221,0.44251561164855957,1.1058719158172607,-0.04350725933909416,0.2074672281742096,0.6199256181716919,1.6322746276855469,0.3463292419910431,0.022043922916054726,0.4656975269317627,1.6413648128509521,0.15329265594482422,0.031350769102573395,0.6148185729980469,1.6825956106185913,0.3734961748123169,0.025605982169508934,0.46429356932640076,1.6948394775390625,0.16380976140499115,0.030842924490571022,0.6275832653045654,1.7716084718704224,0.11277246475219727,0.024602068588137627,0.4957200884819031,1.7770085334777832,-0.19572123885154724,0.019189726561307907
2026-04-30T18:50:38.675500,13,0.48405471444129944,0.05756290629506111,-0.6263614892959595,0.9924783110618591,0.49727195501327515,0.021840015426278114,-0.612758994102478,0.9854450821876526,0.5069155097007751,0.02072307839989662,-0.6127818822860718,0.9831089973449707,0.5166159868240356,0.020493634045124054,-0.6129459738731384,0.9820554852485657,0.4685606062412262,0.013946539722383022,-0.614374041557312,0.9906345009803772,0.45787709951400757,0.009987694211304188,-0.6143558025360107,0.9915636777877808,0.4467829167842865,0.00464677857235074,-0.6145174503326416,0.9936419725418091,0.5232416987419128,0.02303233928978443,-0.39858153462409973,0.9770675301551819,0.4280523359775543,0.007004008628427982,-0.4025968909263611,0.9945423603057861,0.49434202909469604,0.08688686043024063,-0.5349587798118591,0.9968249797821045,0.46242085099220276,0.08214150369167328,-0.5367178916931152,0.9987126588821411,0.6045212149620056,0.1994008719921112,-0.17945213615894318,0.9987147450447083,0.36314985156059265,0.22799094021320343,-0.22396202385425568,0.999894917011261,0.6378169059753418,0.47041556239128113,0.07980645447969437,0.9281299710273743,0.3394958972930908,0.5016013383865356,0.02792970836162567,0.9912140369415283,0.6520476341247559,0.6927727460861206,-0.04052411764860153,0.7102498412132263,0.3176482915878296,0.7719758749008179,0.07177598774433136,0.9363126158714294,0.656041145324707,0.7674470543861389,-0.08685871213674545,0.6411834955215454,0.3099004626274109,0.8594815135002136,0.054320842027664185,0.8846235275268555,0.6419541835784912,0.767947256565094,-0.16983439028263092,0.6645115613937378,0.3264904320240021,0.8560946583747864,-0.017162909731268883,0.9038162231445312,0.6320716738700867,0.7426334619522095,-0.07803426682949066,0.69123774766922,0.333651602268219,0.8319269418716431,0.04330677539110184,0.9086909890174866,0.5741444230079651,0.7673502564430237,0.012791884131729603,0.8633238673210144,0.4234298765659332,0.7705796360969543,-0.01232995931059122,0.9077755808830261,0.5982750058174133,1.1863518953323364,0.008444084785878658,0.21930968761444092,0.4420802593231201,1.1663672924041748,-0.0398772694170475,0.24633511900901794,0.6240617036819458,1.60541832447052,0.3278350532054901,0.028679601848125458,0.46917852759361267,1.6156656742095947,0.14569558203220367,0.03890538960695267,0.6190911531448364,1.656767725944519,0.3513509929180145,0.03207134082913399,0.4686923027038574,1.665173888206482,0.15563592314720154,0.036084722727537155,0.6321588754653931,1.7426272630691528,0.0805027112364769,0.02823824994266033,0.4996127188205719,1.7550121545791626,-0.1899084597826004,0.0227520652115345
2026-04-30T18:50:38.786612,14,0.4633792042732239,0.054224345833063126,-0.34785810112953186,0.9932196140289307,0.478830486536026,0.01644008420407772,-0.33411478996276855,0.9868789911270142,0.4884796142578125,0.016258331015706062,-0.3342434763908386,0.9847797751426697,0.4980650842189789,0.01642635092139244,-0.3343725800514221,0.9838274121284485,0.45211514830589294,0.010077756829559803,-0.32350975275039673,0.9915540814399719,0.4431692659854889,0.006978780031204224,-0.3233979344367981,0.9923917055130005,0.43417787551879883,0.003396646585315466,-0.3236047327518463,0.9942605495452881,0.5096120834350586,0.020016439259052277,-0.1843297779560089,0.9793336987495422,0.42321768403053284,0.009507820010185242,-0.134273499250412,0.9950779676437378,0.47821205854415894,0.08536959439516068,-0.2868894636631012,0.9971302151679993,0.4479164183139801,0.08010111004114151,-0.2719770669937134,0.9988331198692322,0.5921775698661804,0.2072741687297821,-0.08516978472471237,0.9988176822662354,0.35595422983169556,0.2313033491373062,-0.04771851375699043,0.9998983144760132,0.6338018178939819,0.46997544169425964,0.072991743683815,0.9305516481399536,0.33827248215675354,0.5011534690856934,0.1685444414615631,0.9915560483932495,0.6402934789657593,0.681939959526062,-0.10974472761154175,0.7343239188194275,0.3161313533782959,0.7724140286445618,0.2674354612827301,0.9410820007324219,0.6467175483703613,0.7526741027832031,-0.17597389221191406,0.6701176762580872,0.31008967757225037,0.8547515273094177,0.25893262028694153,0.8932766914367676,0.634777843952179,0.7558400630950928,-0.22761674225330353,0.6915467977523804,0.32470405101776123,0.8531041741371155,0.19519129395484924,0.9109297394752502,0.6240476965904236,0.7301042079925537,-0.13720306754112244,0.7158999443054199,0.3315451741218567,0.8303754329681396,0.24184736609458923,0.9155337810516357,0.5781280398368835,0.7626294493675232,0.010014303959906101,0.876390814781189,0.4273938238620758,0.7684668302536011,-0.009548602625727654,0.9167145490646362,0.5987432599067688,1.173545002937317,0.031384147703647614,0.2520885169506073,0.444401353597641,1.1814367771148682,-0.007924022153019905,0.2876994013786316,0.6242786049842834,1.5852278470993042,0.33843162655830383,0.03518713265657425,0.4716835618019104,1.6033366918563843,0.15702560544013977,0.04641719534993172,0.6200771331787109,1.6361249685287476,0.36204344034194946,0.037995707243680954,0.4711410403251648,1.6496683359146118,0.16794292628765106,0.040089063346385956,0.634691596031189,1.7240426540374756,0.1199660524725914,0.032519858330488205,0.5015280246734619,1.7461506128311157,-0.12760181725025177,0.02544124610722065
2026-04-30T18:50:38.904355,15,0.45693010091781616,0.05185817927122116,-0.313323438167572,0.9938874840736389,0.4735601544380188,0.01395535096526146,-0.2991393506526947,0.9881696105003357,0.4831021726131439,0.014148632995784283,-0.2992247939109802,0.986283004283905,0.49264436960220337,0.014580821618437767,-0.29932981729507446,0.9854209423065186,0.4471534788608551,0.009572296403348446,-0.291670024394989,0.9923836588859558,0.43815645575523376,0.007752769161015749,-0.29155904054641724,0.9931399822235107,0.42968979477882385,0.005981959868222475,-0.291807621717453,0.9948211908340454,0.5039510130882263,0.02137046679854393,-0.14959385991096497,0.9813703298568726,0.4201759696006775,0.015265689231455326,-0.11200156062841415,0.9955615997314453,0.4727363586425781,0.08400943875312805,-0.2536703050136566,0.9974055886268616,0.441616952419281,0.07873771339654922,-0.2421807497739792,0.9989427924156189,0.5878071784973145,0.2086135298013687,-0.040475212037563324,0.9989011287689209,0.35090070962905884,0.24235695600509644,-0.05208558961749077,0.9999027252197266,0.6336203813552856,0.4637400805950165,0.10888805240392685,0.9299468994140625,0.3393055200576782,0.4988497495651245,0.10225490480661392,0.9917746782302856,0.6381047368049622,0.6899062991142273,0.02279353141784668,0.7444688081741333,0.318692684173584,0.7679252624511719,0.11588288843631744,0.9451404809951782,0.6435537934303284,0.7566179633140564,-0.02777663990855217,0.6827797293663025,0.3113894462585449,0.8458602428436279,0.09461034834384918,0.9005314707756042,0.6339160203933716,0.7610977292060852,-0.0858563557267189,0.7038375735282898,0.32685351371765137,0.8450949192047119,0.029347172006964684,0.9168936610221863,0.6232664585113525,0.7371931672096252,-0.005991057492792606,0.727416455745697,0.3333154320716858,0.8227502107620239,0.08899123221635818,0.9211845993995667,0.580269992351532,0.7592744827270508,0.009053654968738556,0.8878276348114014,0.42895108461380005,0.7673947811126709,-0.008647949434816837,0.9245546460151672,0.5951172113418579,1.1797078847885132,0.03165433183312416,0.27693381905555725,0.4405921399593353,1.0982788801193237,-0.007539400365203619,0.3158688247203827,0.6229414939880371,1.594570279121399,0.30785509943962097,0.03933150693774223,0.4722166955471039,1.617893099784851,0.12418993562459946,0.05167318508028984,0.6198701858520508,1.6455109119415283,0.3273712992668152,0.04179350286722183,0.47262245416641235,1.668546438217163,0.13283754885196686,0.04211746156215668,0.6319910287857056,1.7370349168777466,0.09899035841226578,0.035152167081832886,0.5015285611152649,1.7543396949768066,-0.14214548468589783,0.027271395549178123
2026-04-30T18:50:39.020281,16,0.4732646048069,0.061809975653886795,-0.3411644399166107,0.9944891333580017,0.4873274266719818,0.02550894394516945,-0.3272964060306549,0.9893325567245483,0.49656206369400024,0.025162553414702415,-0.3273642063140869,0.9876359701156616,0.5056699514389038,0.024872777983546257,-0.32750174403190613,0.9868561625480652,0.46025148034095764,0.023210616782307625,-0.32666897773742676,0.9931303262710571,0.4505670964717865,0.022048206999897957,-0.3265635371208191,0.9938127398490906,0.44111353158950806,0.021232344210147858,-0.32672810554504395,0.99532550573349,0.5122733116149902,0.030155068263411522,-0.16672566533088684,0.9832068681716919,0.4247356355190277,0.03061153180897236,-0.15939466655254364,0.9959965348243713,0.4892234206199646,0.09463739395141602,-0.275199830532074,0.9976553320884705,0.4555785059928894,0.09043321758508682,-0.2723040282726288,0.9990422129631042,0.5936110615730286,0.21922986209392548,-0.03640293329954147,0.9989795684814453,0.35141128301620483,0.2604250907897949,-0.09225615859031677,0.9999061822891235,0.6278887391090393,0.4617536664009094,0.17394520342350006,0.9317649602890015,0.33952635526657104,0.5022795796394348,0.055515360087156296,0.9921757578849792,0.648166298866272,0.6958507895469666,0.1626276820898056,0.7601134181022644,0.3201892077922821,0.764351487159729,0.06599642336368561,0.9492019414901733,0.6571043729782104,0.7641050219535828,0.1281675398349762,0.7004669904708862,0.31265610456466675,0.8448413014411926,0.04364923760294914,0.9076791405677795,0.6476500034332275,0.769456148147583,0.06032421439886093,0.7204118967056274,0.32830971479415894,0.8428312540054321,-0.019332459196448326,0.9227750897407532,0.6364741325378418,0.746407687664032,0.1321549415588379,0.7429224252700806,0.3347133994102478,0.8202551603317261,0.039967142045497894,0.9267452359199524,0.5754677057266235,0.7633936405181885,0.008956303820014,0.898201048374176,0.4302462935447693,0.7704018354415894,-0.008535432629287243,0.9315650463104248,0.5848380923271179,1.063306212425232,0.03784703090786934,0.29183873534202576,0.4368188977241516,1.14292311668396,0.00036456232191994786,0.32717272639274597,0.6139659285545349,1.5856319665908813,0.3192257285118103,0.04008202627301216,0.46955543756484985,1.5977815389633179,0.13744725286960602,0.05271776765584946,0.6120184659957886,1.6318347454071045,0.33943793177604675,0.04315658286213875,0.4707329273223877,1.6481479406356812,0.14727355539798737,0.044395484030246735,0.6181282997131348,1.725728988647461,0.10194386541843414,0.03544747084379196,0.49696630239486694,1.7263281345367432,-0.13366089761257172,0.027871813625097275
2026-04-30T18:50:39.127767,17,0.4713915288448334,0.060894791036844254,-0.33622902631759644,0.9950124621391296,0.48540177941322327,0.02696433663368225,-0.31886720657348633,0.9903406500816345,0.4944409728050232,0.02681940607726574,-0.31892770528793335,0.9888247847557068,0.5036867260932922,0.02684399113059044,-0.31910941004753113,0.9881119132041931,0.46102795004844666,0.0262919794768095,-0.31510573625564575,0.9937692880630493,0.4530712962150574,0.026059383526444435,-0.3148956894874573,0.9943912029266357,0.44542232155799866,0.02623097226023674,-0.3150777816772461,0.9957470893859863,0.515659511089325,0.037759456783533096,-0.15471801161766052,0.9848157167434692,0.43228769302368164,0.04038513824343681,-0.1328548789024353,0.9963629245758057,0.4883720278739929,0.09306970983743668,-0.2706957161426544,0.9978609085083008,0.45887479186058044,0.089517742395401,-0.2635899782180786,0.9991146326065063,0.5990851521492004,0.23451915383338928,-0.036767758429050446,0.9990382790565491,0.355621874332428,0.26397252082824707,-0.07873949408531189,0.9999006986618042,0.6301800012588501,0.46325743198394775,0.12544414401054382,0.9336541295051575,0.34524044394493103,0.5030243396759033,0.03243998810648918,0.9923889636993408,0.6548584699630737,0.7016538381576538,0.05339714139699936,0.7743722200393677,0.324483186006546,0.7644116878509521,-0.1081496924161911,0.9526812434196472,0.6629710793495178,0.7738091945648193,0.007801900617778301,0.716815710067749,0.3203345239162445,0.8418388962745667,-0.1553865373134613,0.9138169288635254,0.6496170163154602,0.7782866954803467,-0.06390803307294846,0.7362698912620544,0.33146125078201294,0.8393300175666809,-0.2160375565290451,0.9278234243392944,0.6387013792991638,0.7551715970039368,0.020248044282197952,0.7574180960655212,0.33713287115097046,0.8168745636940002,-0.13839158415794373,0.9314370155334473,0.5726313591003418,0.7557722330093384,0.00878826342523098,0.9069690704345703,0.43031662702560425,0.7627582550048828,-0.00833678338676691,0.9374671578407288,0.5757154226303101,1.0473536252975464,0.015254114754498005,0.2930709421634674,0.4350734353065491,1.158648133277893,-0.01970231905579567,0.3254023790359497,0.6053088903427124,1.5788512229919434,0.25952380895614624,0.03935657814145088,0.4660746455192566,1.5886213779449463,0.0834885835647583,0.051587022840976715,0.6049851179122925,1.6248887777328491,0.2763383090496063,0.042800504714250565,0.46727991104125977,1.6412955522537231,0.0903913825750351,0.04338047653436661,0.6042709350585938,1.7149922847747803,0.033589497208595276,0.034306567162275314,0.49316510558128357,1.712299108505249,-0.20268814265727997,0.027056537568569183
2026-04-30T18:50:39.235180,18,0.4769238829612732,0.06315622478723526,-0.2822594940662384,0.9955021142959595,0.4907988905906677,0.032394420355558395,-0.26814916729927063,0.9912896752357483,0.49958881735801697,0.032856207340955734,-0.2681717276573181,0.9899296164512634,0.5085956454277039,0.03375568240880966,-0.2682863771915436,0.9892841577529907,0.46721774339675903,0.0321420282125473,-0.2607891857624054,0.9943768978118896,0.459228515625,0.032379548996686935,-0.2605133056640625,0.9949390888214111,0.45138826966285706,0.03291995823383331,-0.2606474757194519,0.9961559772491455,0.5208688378334045,0.05029229447245598,-0.12895458936691284,0.9863158464431763,0.4353705048561096,0.049735262989997864,-0.09306058287620544,0.996717095375061,0.493443101644516,0.09499310702085495,-0.2283916175365448,0.9980665445327759,0.4647550582885742,0.09219609200954437,-0.21696023643016815,0.9991965293884277,0.6015339493751526,0.24281688034534454,-0.045315176248550415,0.9991235733032227,0.3597184419631958,0.27107080817222595,-0.04826057702302933,0.9999040961265564,0.6301677227020264,0.4642949104309082,0.08482270687818527,0.9372646808624268,0.35147345066070557,0.5102381110191345,0.022186603397130966,0.9925946593284607,0.6566915512084961,0.7033799886703491,-0.03179212659597397,0.7916273474693298,0.34017983078956604,0.7615651488304138,-0.10246951878070831,0.9558841586112976,0.6655383706092834,0.7777469158172607,-0.10509683936834335,0.7374191880226135,0.3371340334415436,0.834692656993866,-0.1467459797859192,0.9193990230560303,0.6532915830612183,0.7820357084274292,-0.16544492542743683,0.755920946598053,0.34854090213775635,0.8306741118431091,-0.2149847447872162,0.9324288964271545,0.6424390077590942,0.7593591213226318,-0.06431186944246292,0.7756128311157227,0.35491740703582764,0.8094400763511658,-0.13580447435379028,0.9359561800956726,0.5725329518318176,0.7522287964820862,0.006756068207323551,0.9149531722068787,0.4318021237850189,0.7543345093727112,-0.006202978082001209,0.9426803588867188,0.5722301602363586,1.0393553972244263,-0.0038680038414895535,0.28682857751846313,0.43666166067123413,1.0761436223983765,-0.029394200071692467,0.31959593296051025,0.601701557636261,1.580836534500122,0.21027156710624695,0.037426210939884186,0.4643748700618744,1.5825480222702026,0.043734755367040634,0.04847593605518341,0.6005498170852661,1.6289012432098389,0.2233026772737503,0.04094679653644562,0.4654843211174011,1.635623812675476,0.04684402793645859,0.04054933413863182,0.6044286489486694,1.7140840291976929,-0.01966685615479946,0.03288614749908447,0.4925552308559418,1.7036553621292114,-0.2542482912540436,0.0252591073513031
2026-04-30T18:50:39.349818,19,0.48264116048812866,0.07009850442409515,-0.2908381223678589,0.9959474802017212,0.49697718024253845,0.03921617940068245,-0.27366170287132263,0.9921512603759766,0.5059462189674377,0.039782892912626266,-0.2737273871898651,0.9909287095069885,0.5149518847465515,0.04073430970311165,-0.2738494873046875,0.9903454184532166,0.47157564759254456,0.03878740593791008,-0.26602232456207275,0.9949316382408142,0.46267399191856384,0.03886347636580467,-0.26581045985221863,0.9954386949539185,0.4535251259803772,0.03918162360787392,-0.2658720910549164,0.9965329766273499,0.5212292075157166,0.057646919041872025,-0.12476988136768341,0.987671434879303,0.44392770528793335,0.054162878543138504,-0.0876849815249443,0.9970408082008362,0.4975031316280365,0.10347042977809906,-0.23262599110603333,0.9982548356056213,0.4663631319999695,0.09994354099035263,-0.2209123820066452,0.9992735981941223,0.6057616472244263,0.24992632865905762,-0.027023885399103165,0.9991790652275085,0.3717460632324219,0.27348068356513977,-0.04978233203291893,0.9999067187309265,0.6361309289932251,0.46505123376846313,0.09014730900526047,0.9392844438552856,0.35451772809028625,0.5199471116065979,0.014878416433930397,0.9930674433708191,0.6571520566940308,0.705306887626648,0.0037179526407271624,0.8045987486839294,0.3563629686832428,0.7588322758674622,-0.1280985176563263,0.9590564370155334,0.6646641492843628,0.7796765565872192,-0.0622515007853508,0.751818835735321,0.35405832529067993,0.8299576044082642,-0.17858944833278656,0.9249494075775146,0.6533598899841309,0.7828162312507629,-0.11867569386959076,0.7694875597953796,0.3704659640789032,0.822941243648529,-0.23302678763866425,0.9369986057281494,0.6427804231643677,0.7605874538421631,-0.026320358738303185,0.7884097695350647,0.37682875990867615,0.8014166355133057,-0.15590927004814148,0.9403552412986755,0.5738812685012817,0.7545933127403259,0.006812167353928089,0.9229873418807983,0.4322589337825775,0.7566899061203003,-0.006234542932361364,0.9481569528579712,0.5752518177032471,1.02089262008667,0.019742731004953384,0.3312886655330658,0.4376717209815979,1.043410301208496,-0.003207093570381403,0.3633582890033722,0.6030545234680176,1.5158958435058594,0.254794180393219,0.0545453242957592,0.4669128358364105,1.533126950263977,0.07933162152767181,0.06807951629161835,0.5989431738853455,1.5625096559524536,0.2718055844306946,0.058034539222717285,0.468511164188385,1.5773017406463623,0.08581593632698059,0.05284065380692482,0.6095021963119507,1.6533790826797485,0.05601274222135544,0.040900811553001404,0.49518799781799316,1.6750187873840332,-0.18798911571502686,0.03273962065577507
2026-04-30T18:50:39.456548,20,0.5103995203971863,0.08452465385198593,-0.3299159109592438,0.9963482022285461,0.521628201007843,0.05297159031033516,-0.31507912278175354,0.9929264187812805,0.5297649502754211,0.05336504802107811,-0.31512945890426636,0.9918268322944641,0.5376608967781067,0.05392349511384964,-0.31518110632896423,0.9912990927696228,0.49702009558677673,0.05042533949017525,-0.31697699427604675,0.9954312443733215,0.48743629455566406,0.049194421619176865,-0.3168591856956482,0.9958882927894592,0.47857028245925903,0.0483621321618557,-0.31691858172416687,0.9968724250793457,0.5415096282958984,0.0651070848107338,-0.1609165519475937,0.9888898730278015,0.4671339988708496,0.060733962804079056,-0.1564575582742691,0.9973324537277222,0.5231013894081116,0.11653299629688263,-0.26784196496009827,0.998424768447876,0.4952968955039978,0.11095327883958817,-0.26902899146080017,0.9993435740470886,0.6063260436058044,0.24893102049827576,-0.051387786865234375,0.99922776222229,0.38867080211639404,0.2718709409236908,-0.0769190564751625,0.9999092817306519,0.6484856605529785,0.45579755306243896,0.08772934973239899,0.9373684525489807,0.37285780906677246,0.5198737382888794,0.014833253808319569,0.9933529496192932,0.6556002497673035,0.6996381282806396,-0.0005136228865012527,0.8130537867546082,0.3725410997867584,0.7559436559677124,0.018654217943549156,0.9610844850540161,0.6599608659744263,0.7712307572364807,-0.06456951051950455,0.7614434957504272,0.36634108424186707,0.8242243528366089,-0.001945829950273037,0.9287168979644775,0.6503918766975403,0.7724035382270813,-0.12373646348714828,0.7784955501556396,0.3833048939704895,0.8162801861763,-0.04908669739961624,0.9400681257247925,0.6408722996711731,0.7519341707229614,-0.035034485161304474,0.796341598033905,0.3907041847705841,0.795545756816864,-0.0005813410971313715,0.9434477686882019,0.5748679637908936,0.7561477422714233,0.008357207290828228,0.9298679828643799,0.43938857316970825,0.7580296397209167,-0.007736994884908199,0.952951967716217,0.5789307355880737,1.006913661956787,0.09627512097358704,0.38025423884391785,0.4441811144351959,1.0332725048065186,0.045491788536310196,0.4094982147216797,0.60599285364151,1.4548417329788208,0.373309850692749,0.09222257137298584,0.47378629446029663,1.4843648672103882,0.19060350954532623,0.10247083008289337,0.6002547144889832,1.4976028203964233,0.39742621779441833,0.09707125276327133,0.4757440686225891,1.518832802772522,0.20379450917243958,0.07983817160129547,0.61583411693573,1.597113013267517,0.24041959643363953,0.06409195810556412,0.5023999214172363,1.6362874507904053,-0.023421786725521088,0.05092478543519974
2026-04-30T18:50:39.568183,21,0.5335216522216797,0.09233484417200089,-0.3519360423088074,0.9967039227485657,0.5459294319152832,0.06080390885472298,-0.3342044949531555,0.9936143159866333,0.5542861223220825,0.061479683965444565,-0.33428895473480225,0.9926251769065857,0.5622159242630005,0.062194716185331345,-0.3343817889690399,0.9921461343765259,0.5202218890190125,0.05612826347351074,-0.33808624744415283,0.9958738684654236,0.510470986366272,0.05372394248843193,-0.33796989917755127,0.9962864518165588,0.5008782148361206,0.051663100719451904,-0.3380509316921234,0.9971718788146973,0.5682363510131836,0.07045114785432816,-0.16005705296993256,0.9899700284004211,0.4902442991733551,0.060302380472421646,-0.17588037252426147,0.9975906610488892,0.5452924966812134,0.12304037064313889,-0.282131165266037,0.9985722899436951,0.518616795539856,0.11556550860404968,-0.28630754351615906,0.9994034171104431,0.6156281232833862,0.253381609916687,-0.03626995533704758,0.9992547631263733,0.40557557344436646,0.2707216143608093,-0.09388644993305206,0.9999081492424011,0.6701263189315796,0.45562484860420227,0.10606436431407928,0.9361535310745239,0.38315197825431824,0.5200968980789185,0.008696911856532097,0.9936574697494507,0.6579724550247192,0.6958102583885193,-0.003185338107869029,0.8192352652549744,0.3764045536518097,0.7498724460601807,-0.045772142708301544,0.9633288979530334,0.6624522805213928,0.7694489359855652,-0.06521321833133698,0.7678556442260742,0.36737900972366333,0.813946545124054,-0.08444102108478546,0.9326999187469482,0.6527646780014038,0.7701270580291748,-0.12453179061412811,0.7845503091812134,0.38383740186691284,0.8057001233100891,-0.13111063838005066,0.9433494806289673,0.6433870196342468,0.7489392161369324,-0.03535342589020729,0.8017645478248596,0.3921801447868347,0.7862949371337891,-0.0661977082490921,0.9465270042419434,0.5752174258232117,0.7569894194602966,0.009723291732370853,0.9358957409858704,0.44588789343833923,0.75902259349823,-0.009042246267199516,0.9571411609649658,0.5801104307174683,1.025535225868225,0.07693662494421005,0.4110566973686218,0.44905972480773926,1.0557801723480225,0.031678102910518646,0.43710267543792725,0.6052513718605042,1.4858478307724,0.35825154185295105,0.09978422522544861,0.47373491525650024,1.5119723081588745,0.17707206308841705,0.11124162375926971,0.5990133881568909,1.5301947593688965,0.38018515706062317,0.1056329607963562,0.47559428215026855,1.5519006252288818,0.1887979954481125,0.08519715070724487,0.6153602600097656,1.6216709613800049,0.1796659529209137,0.06719045341014862,0.5024934411048889,1.654523253440857,-0.08156144618988037,0.05438943952322006
2026-04-30T18:50:39.673656,22,0.556801438331604,0.09105031192302704,-0.35619109869003296,0.9970221519470215,0.5689973831176758,0.060620613396167755,-0.33559030294418335,0.9942311644554138,0.5769618153572083,0.06210704147815704,-0.3356480002403259,0.9933413863182068,0.584601640701294,0.0635618045926094,-0.33573463559150696,0.9929072856903076,0.5434990525245667,0.05465756729245186,-0.3443593680858612,0.9962704181671143,0.5332990884780884,0.05216046795248985,-0.3442375063896179,0.9966424107551575,0.5232812166213989,0.04993018880486488,-0.3443257212638855,0.9974390268325806,0.5887433886528015,0.0735960528254509,-0.1644991636276245,0.9909389615058899,0.5108903050422668,0.058550115674734116,-0.18069082498550415,0.9978199005126953,0.5648233890533447,0.12310599535703659,-0.28822270035743713,0.9987050890922546,0.5396111011505127,0.11462490260601044,-0.2971481680870056,0.9994567632675171,0.6332876086235046,0.26134780049324036,-0.049764495342969894,0.9992755651473999,0.4162513315677643,0.2739860713481903,-0.11120928823947906,0.9999026656150818,0.6739891767501831,0.4597019851207733,0.10191144049167633,0.9358528256416321,0.3902248442173004,0.5207735896110535,0.005360722541809082,0.993769109249115,0.6581712365150452,0.6975659132003784,0.029727870598435402,0.8255431652069092,0.38097047805786133,0.7461350560188293,-0.016409674659371376,0.9649287462234497,0.6642423868179321,0.7713415622711182,-0.018663762137293816,0.7747277617454529,0.37034961581230164,0.8080059885978699,-0.043420206755399704,0.9356450438499451,0.6536234021186829,0.7728270888328552,-0.07418163865804672,0.7910010814666748,0.38608333468437195,0.8008795976638794,-0.0960659459233284,0.9457764625549316,0.6442578434944153,0.7503876090049744,0.0018981166649609804,0.807441771030426,0.39487767219543457,0.7824189066886902,-0.038244787603616714,0.9487485289573669,0.581835925579071,0.7577385306358337,0.010529457591474056,0.941461443901062,0.45162105560302734,0.758262038230896,-0.009888555854558945,0.9608538150787354,0.5813132524490356,1.0251445770263672,0.06436749547719955,0.43399786949157715,0.4523678421974182,1.0500141382217407,0.03023676574230194,0.448510080575943,0.605297863483429,1.4946305751800537,0.3178674578666687,0.10181234031915665,0.47200196981430054,1.50637948513031,0.1953931450843811,0.11213112622499466,0.5992217063903809,1.5386459827423096,0.3374355137348175,0.1083042323589325,0.4733629822731018,1.5483900308609009,0.2079644501209259,0.08634254336357117,0.614953339099884,1.6211509704589844,0.1449165642261505,0.06783638149499893,0.5000107288360596,1.6329269409179688,-0.054883427917957306,0.05495002865791321
2026-04-30T18:50:39.780495,23,0.5717130899429321,0.09593413770198822,-0.39113765954971313,0.997316300868988,0.5845652222633362,0.06464327126741409,-0.3615801930427551,0.9948012828826904,0.5927826166152954,0.06658481061458588,-0.3616625666618347,0.9940003156661987,0.600509524345398,0.06842751801013947,-0.36176052689552307,0.9936085939407349,0.5569108724594116,0.05774403363466263,-0.3782762289047241,0.9966381788253784,0.5457988381385803,0.054943494498729706,-0.3781404495239258,0.9969731569290161,0.5351502299308777,0.0523497499525547,-0.37810614705085754,0.9976901412010193,0.6037276387214661,0.07960411161184311,-0.17570777237415314,0.9918335676193237,0.5223609209060669,0.060888879001140594,-0.22256717085838318,0.9980345368385315,0.5800353288650513,0.12817475199699402,-0.31155988574028015,0.9988311529159546,0.5531011819839478,0.11889120191335678,-0.3311414122581482,0.9995090365409851,0.6455315947532654,0.2645481526851654,-0.05279567837715149,0.9993222951889038,0.42416539788246155,0.2788470387458801,-0.1231173425912857,0.9999042749404907,0.6784632802009583,0.470124214887619,0.12551555037498474,0.9380030035972595,0.3972933292388916,0.5214327573776245,-0.007509707473218441,0.994137704372406,0.6584665179252625,0.6981039047241211,0.046210430562496185,0.8352437019348145,0.3874191641807556,0.7458826899528503,-0.07088209688663483,0.9674605131149292,0.6655046343803406,0.7729158997535706,-0.0075074671767652035,0.7852274775505066,0.3811599612236023,0.8050434589385986,-0.1095445528626442,0.9399881958961487,0.6544100046157837,0.7715354561805725,-0.06741388142108917,0.8008423447608948,0.3946479260921478,0.7952053546905518,-0.1653611958026886,0.9494162201881409,0.6456928253173828,0.7509062886238098,0.01674734242260456,0.8162883520126343,0.4014607071876526,0.7769850492477417,-0.09472505748271942,0.9521036148071289,0.5866917371749878,0.7583696842193604,0.011656466871500015,0.9468350410461426,0.45393532514572144,0.7581742405891418,-0.011030920781195164,0.9644344449043274,0.5821852684020996,1.026776909828186,0.058015041053295135,0.45920422673225403,0.4526969790458679,1.0998870134353638,0.026561817154288292,0.4636755883693695,0.6063730120658875,1.4943187236785889,0.31536898016929626,0.10409625619649887,0.4720648229122162,1.5020023584365845,0.19477617740631104,0.1142871081829071,0.6004013419151306,1.538007378578186,0.33506467938423157,0.10997619479894638,0.4734463691711426,1.5435465574264526,0.20715093612670898,0.08666708320379257,0.615540623664856,1.6191959381103516,0.13810011744499207,0.06808999180793762,0.5001065731048584,1.6286566257476807,-0.06610274314880371,0.05584828928112984
2026-04-30T18:50:39.893845,24,0.5724647045135498,0.10086051374673843,-0.35575979948043823,0.9975741505622864,0.5857031941413879,0.07065463811159134,-0.32664284110069275,0.9953066110610962,0.5938223600387573,0.0728507786989212,-0.3268190026283264,0.9945873022079468,0.6014634966850281,0.07500357180833817,-0.32684579491615295,0.9942329525947571,0.558493435382843,0.06435666978359222,-0.3292902708053589,0.9969612956047058,0.5480285882949829,0.062266793102025986,-0.3292231857776642,0.9972631931304932,0.5376784801483154,0.06032554432749748,-0.3292624354362488,0.9979060888290405,0.6068835854530334,0.0904904305934906,-0.15204888582229614,0.9926308989524841,0.5253398418426514,0.07249091565608978,-0.161594957113266,0.9982195496559143,0.5820528268814087,0.13644269108772278,-0.29005998373031616,0.9989397525787354,0.5541215538978577,0.12764018774032593,-0.2938641905784607,0.9995514154434204,0.662151038646698,0.28018760681152344,-0.08123686909675598,0.9993692636489868,0.4300699234008789,0.29099419713020325,-0.08780402690172195,0.9998789429664612,0.7027478218078613,0.473674476146698,-0.07982222735881805,0.9416704177856445,0.3998451232910156,0.5414152145385742,-0.10787399113178253,0.9934619665145874,0.6330381631851196,0.6442416906356812,-0.3247995972633362,0.8493590950965881,0.41731542348861694,0.7158948183059692,-0.3845122456550598,0.9640935659408569,0.6066042184829712,0.6985252499580383,-0.4255812168121338,0.8026329278945923,0.4243691563606262,0.7771534323692322,-0.4608319401741028,0.9357134699821472,0.589758574962616,0.6819085478782654,-0.4592887759208679,0.8170558214187622,0.4353450834751129,0.759390115737915,-0.5087357759475708,0.9453514814376831,0.5938259959220886,0.6638211607933044,-0.3451472222805023,0.8307465314865112,0.4363955557346344,0.7364460825920105,-0.41287922859191895,0.9487623572349548,0.5917286276817322,0.7454603314399719,0.011120259761810303,0.9505653977394104,0.46011218428611755,0.7410519123077393,-0.010382377542555332,0.9666969180107117,0.5825952887535095,1.0182918310165405,0.05563624948263168,0.4792383909225464,0.452730268239975,1.0499072074890137,0.004474298562854528,0.4860018491744995,0.6004665493965149,1.4522910118103027,0.25079038739204407,0.11736363917589188,0.47112640738487244,1.4666764736175537,0.08297108113765717,0.12524211406707764,0.5925386548042297,1.4980921745300293,0.2633588910102844,0.12404873222112656,0.4726969599723816,1.5028691291809082,0.08465154469013214,0.09250827133655548,0.6127406358718872,1.5779770612716675,0.08284079283475876,0.07486697286367416,0.49928411841392517,1.610020399093628,-0.1597694307565689,0.059966810047626495
2026-04-30T18:50:40.001089,25,0.5761834383010864,0.10892181843519211,-0.3048471510410309,0.9978070855140686,0.5873576402664185,0.07742222398519516,-0.26770487427711487,0.9957626461982727,0.5955027937889099,0.07885757833719254,-0.2679445147514343,0.9951164722442627,0.6031538844108582,0.08047802001237869,-0.26806020736694336,0.99479740858078,0.5598095655441284,0.07347292453050613,-0.2774524390697479,0.9972547888755798,0.5489831566810608,0.07241781800985336,-0.27732768654823303,0.9975273609161377,0.5379266142845154,0.07133165001869202,-0.2775719165802002,0.9981060028076172,0.6056196093559265,0.09951360523700714,-0.05099891871213913,0.99335116147995,0.5207861065864563,0.08924730867147446,-0.09147928655147552,0.9983919262886047,0.5851415991783142,0.14589378237724304,-0.2232675552368164,0.9990386962890625,0.5560041666030884,0.13914208114147186,-0.2353774607181549,0.9995914697647095,0.6602660417556763,0.2845476567745209,0.0031503732316195965,0.999424934387207,0.43444451689720154,0.2943754494190216,-0.038653235882520676,0.9998797178268433,0.7011572122573853,0.48981013894081116,-0.06528981775045395,0.9471325278282166,0.4022276997566223,0.5437567830085754,-0.11632044613361359,0.9938456416130066,0.5202848315238953,0.5493796467781067,-0.3264983892440796,0.863656222820282,0.4642401337623596,0.647767186164856,-0.30479270219802856,0.9665724635124207,0.4686918258666992,0.551842987537384,-0.4283948540687561,0.8203346729278564,0.49513792991638184,0.6898509860038757,-0.37009671330451965,0.9391638040542603,0.4615859389305115,0.5292962193489075,-0.4110667109489441,0.8333086371421814,0.5018109083175659,0.6666565537452698,-0.3943758010864258,0.9478626847267151,0.4768257141113281,0.530375599861145,-0.32525333762168884,0.8454020023345947,0.4951459467411041,0.6492242217063904,-0.31683045625686646,0.9509035348892212,0.5945993661880493,0.7456111311912537,0.017467033118009567,0.95467209815979,0.4644586443901062,0.7419084906578064,-0.016384035348892212,0.9690375328063965,0.5981253981590271,1.1550021171569824,-0.007726956158876419,0.4824621379375458,0.4567175805568695,1.060436487197876,-0.018553365021944046,0.47785329818725586,0.6017546653747559,1.542622447013855,0.1656959354877472,0.1091369092464447,0.46953123807907104,1.5288363695144653,0.06509725749492645,0.11603838205337524,0.595713198184967,1.5995885133743286,0.17323090136051178,0.11471224576234818,0.4689381718635559,1.5752137899398804,0.06447525322437286,0.08460380136966705,0.6132867932319641,1.6494593620300293,-0.08336756378412247,0.06968756765127182,0.4957369267940521,1.6568666696548462,-0.23884280025959015,0.05570521205663681
2026-04-30T18:50:40.125566,26,0.5596298575401306,0.11030297726392746,-0.24396288394927979,0.9980210065841675,0.576484739780426,0.08132811635732651,-0.2122911512851715,0.9961775541305542,0.5849351286888123,0.08273332566022873,-0.2124888151884079,0.9955971240997314,0.5937764048576355,0.08435992896556854,-0.2126847505569458,0.9953097105026245,0.546881914138794,0.07874061912298203,-0.21240293979644775,0.9975219368934631,0.5366381406784058,0.07844676822423935,-0.21230275928974152,0.9977676272392273,0.5261483192443848,0.07790470868349075,-0.21254412829875946,0.9982879161834717,0.6039607524871826,0.10886267572641373,-0.02849571779370308,0.9940044283866882,0.5165842771530151,0.09520629793405533,-0.028087103739380836,0.9985485076904297,0.5779480934143066,0.14638304710388184,-0.1741461455821991,0.9991301894187927,0.5419506430625916,0.14253957569599152,-0.17430147528648376,0.9996294975280762,0.6551385521888733,0.2819690704345703,0.019971778616309166,0.9994724988937378,0.4355548024177551,0.2920176684856415,0.002094493480399251,0.9998793601989746,0.6974056959152222,0.48561590909957886,-0.08248616009950638,0.9520850777626038,0.38672152161598206,0.5146440267562866,-0.10424526780843735,0.9942632913589478,0.49518412351608276,0.4550012946128845,-0.27086538076400757,0.8763854503631592,0.5433878302574158,0.5567556619644165,-0.22658762335777283,0.968772292137146,0.44923216104507446,0.45749950408935547,-0.3551301956176758,0.8359549641609192,0.5808075070381165,0.5729701519012451,-0.28015226125717163,0.9418878555297852,0.4492040276527405,0.4379650056362152,-0.3293173909187317,0.8476670980453491,0.587614893913269,0.5462898015975952,-0.37638846039772034,0.9496456384658813,0.46417564153671265,0.4372086822986603,-0.26311737298965454,0.8581216335296631,0.5760371088981628,0.5404669642448425,-0.2434733659029007,0.9521425366401672,0.5925775170326233,0.7412053346633911,0.01781422086060047,0.9587439298629761,0.4642420709133148,0.7373433709144592,-0.01679702289402485,0.9715137481689453,0.5924829244613647,1.0545011758804321,-0.004929800983518362,0.51516193151474,0.45719534158706665,1.046704888343811,-0.008045220747590065,0.5041353106498718,0.6014391183853149,1.522169828414917,0.18539699912071228,0.11399287730455399,0.4703783392906189,1.5211117267608643,0.08872173726558685,0.1178663894534111,0.5944501161575317,1.5767364501953125,0.19688130915164948,0.11381236463785172,0.4693639874458313,1.5661842823028564,0.09243471920490265,0.08074446022510529,0.6106300950050354,1.6313403844833374,-0.032109566032886505,0.06898277997970581,0.49599963426589966,1.6478153467178345,-0.20602881908416748,0.054412100464105606
2026-04-30T18:50:40.236632,27,0.544419527053833,0.11741925030946732,-0.22604069113731384,0.998207688331604,0.5596157312393188,0.09117519110441208,-0.19733072817325592,0.9965391159057617,0.5675566792488098,0.09245719015598297,-0.19747212529182434,0.9960224628448486,0.5756977796554565,0.09397242963314056,-0.1976052224636078,0.9957622289657593,0.5350137948989868,0.08900889754295349,-0.1994607150554657,0.9977526664733887,0.527084231376648,0.08866243064403534,-0.19953984022140503,0.9979761838912964,0.519717812538147,0.08821015805006027,-0.1998414695262909,0.9984411597251892,0.5861507654190063,0.11290032416582108,-0.018490808084607124,0.9945856928825378,0.5133585929870605,0.10372762382030487,-0.026036148890852928,0.9986840486526489,0.560798168182373,0.14846564829349518,-0.15646517276763916,0.9992046356201172,0.5298933386802673,0.14405971765518188,-0.15924754738807678,0.999657928943634,0.639143705368042,0.27949047088623047,0.022455645725131035,0.9995138645172119,0.43266335129737854,0.29072946310043335,-0.010621730238199234,0.999882698059082,0.6544159650802612,0.4666386842727661,-0.06206092983484268,0.9563608765602112,0.40021228790283203,0.4855344593524933,-0.19316904246807098,0.9947130084037781,0.4760642647743225,0.4355040192604065,-0.21489378809928894,0.8880049586296082,0.5901722311973572,0.4589124023914337,-0.30690276622772217,0.9714563488960266,0.4378258287906647,0.4289632737636566,-0.30983564257621765,0.8506168127059937,0.6327546834945679,0.4533296525478363,-0.35711216926574707,0.9462045431137085,0.44160112738609314,0.4125223755836487,-0.23788058757781982,0.8610787391662598,0.6352901458740234,0.42253780364990234,-0.34847378730773926,0.9530271291732788,0.4536226689815521,0.4148789644241333,-0.22335484623908997,0.8703847527503967,0.6197370290756226,0.42483842372894287,-0.2987496554851532,0.95514315366745,0.5922264456748962,0.7407678961753845,0.02069644257426262,0.9625594019889832,0.46357136964797974,0.7388831377029419,-0.019529016688466072,0.9739993810653687,0.5914660692214966,1.0248608589172363,-0.038823265582323074,0.5387521982192993,0.4577358663082123,1.0350674390792847,0.05134695768356323,0.5306087136268616,0.6017657518386841,1.5172520875930786,0.1415800154209137,0.10842759907245636,0.47020307183265686,1.5141136646270752,0.25131380558013916,0.1124061569571495,0.5943472385406494,1.5726691484451294,0.15081003308296204,0.10607010126113892,0.4680391848087311,1.5563832521438599,0.2637525200843811,0.07450930029153824,0.6111156940460205,1.6183276176452637,-0.09637466818094254,0.06578269600868225,0.4970434606075287,1.6364326477050781,-0.012514092028141022,0.051317255944013596
2026-04-30T18:50:40.341213,28,0.527114987373352,0.12963484227657318,-0.22009651362895966,0.998340904712677,0.5413780212402344,0.10587390512228012,-0.2019396722316742,0.9968113899230957,0.5489748120307922,0.10669291019439697,-0.2020636349916458,0.9963562488555908,0.5568544864654541,0.1077803298830986,-0.2022203952074051,0.9961235523223877,0.5201171636581421,0.10360190272331238,-0.2001243531703949,0.9979040026664734,0.5139113664627075,0.10278070718050003,-0.2001829594373703,0.9981019496917725,0.50846266746521,0.1020355373620987,-0.20043106377124786,0.9985125064849854,0.5660030841827393,0.12008121609687805,-0.03825899213552475,0.995071291923523,0.5015764236450195,0.11186324059963226,-0.03134419396519661,0.9987491965293884,0.5402268767356873,0.15661613643169403,-0.15319347381591797,0.9992474317550659,0.5149907469749451,0.1520206779241562,-0.15065248310565948,0.9996547102928162,0.6244483590126038,0.27259361743927,0.0065048085525631905,0.9995406270027161,0.4307025969028473,0.28937017917633057,-0.006965880282223225,0.9998655319213867,0.6331368088722229,0.4419260025024414,-0.10529734194278717,0.9597455859184265,0.41794079542160034,0.47598373889923096,-0.2222440540790558,0.9944556951522827,0.4760037362575531,0.41491276025772095,-0.21390926837921143,0.8974552750587463,0.5885946750640869,0.41082891821861267,-0.40334659814834595,0.9717465043067932,0.44661062955856323,0.4224753677845001,-0.28123825788497925,0.8615204691886902,0.6236028671264648,0.39826133847236633,-0.4539727568626404,0.9457017779350281,0.45115119218826294,0.40029165148735046,-0.23924390971660614,0.8708643913269043,0.6214995980262756,0.3684747517108917,-0.4340236783027649,0.9514828324317932,0.45916786789894104,0.39615264534950256,-0.2062624990940094,0.8784045577049255,0.6086679100990295,0.3704696297645569,-0.3971458971500397,0.9528042078018188,0.5906966924667358,0.7255560159683228,0.020349709317088127,0.9651294946670532,0.46288448572158813,0.728550136089325,-0.0191537756472826,0.9753725528717041,0.5905420184135437,0.9795753955841064,-0.028653865680098534,0.5734929442405701,0.4577125608921051,0.9904100894927979,0.05279941111803055,0.5659196972846985,0.5996941328048706,1.3574309349060059,0.14824484288692474,0.13643285632133484,0.4759191870689392,1.3597153425216675,0.22227561473846436,0.12991689145565033,0.5880210995674133,1.3984071016311646,0.1599350869655609,0.1298280507326126,0.477884441614151,1.391318440437317,0.235350102186203,0.08533225953578949,0.6135370135307312,1.4739468097686768,-0.03958014026284218,0.08204307407140732,0.496751070022583,1.4838367700576782,0.03332342579960823,0.060842204838991165
2026-04-30T18:50:40.443335,29,0.5250870585441589,0.12673123180866241,-0.20230379700660706,0.9985008835792542,0.5396360158920288,0.101896733045578,-0.17515358328819275,0.9971187710762024,0.5478978157043457,0.10272128880023956,-0.17537519335746765,0.9967136383056641,0.5557271242141724,0.1038035973906517,-0.17554081976413727,0.9965027570724487,0.5163458585739136,0.10034419596195221,-0.1742258369922638,0.9981019496917725,0.5090302228927612,0.09993354976177216,-0.17433296144008636,0.9982824921607971,0.5030530691146851,0.09972421824932098,-0.1745239794254303,0.9986468553543091,0.5642824769020081,0.11817348748445511,0.0035659342538565397,0.995557963848114,0.494880735874176,0.11172880977392197,0.008339355699717999,0.998866081237793,0.5393028259277344,0.15486882627010345,-0.13244524598121643,0.9993151426315308,0.511630654335022,0.15123406052589417,-0.13120819628238678,0.9996802806854248,0.6218465566635132,0.27071502804756165,0.030007217079401016,0.9995808005332947,0.42970556020736694,0.28804537653923035,0.03160718083381653,0.9998558759689331,0.6409231424331665,0.439448744058609,-0.08345432579517365,0.9635944366455078,0.4246137738227844,0.47326651215553284,-0.19710634648799896,0.9947108626365662,0.4819823205471039,0.42246878147125244,-0.19544515013694763,0.9072809815406799,0.5847511291503906,0.4050217568874359,-0.3927156925201416,0.9738953709602356,0.45061713457107544,0.4285808503627777,-0.2741401791572571,0.8743822574615479,0.6191425323486328,0.39828476309776306,-0.44923657178878784,0.9492713809013367,0.45282992720603943,0.40747594833374023,-0.21511583030223846,0.8828232884407043,0.6162586212158203,0.37439075112342834,-0.429269015789032,0.9543354511260986,0.4607963562011719,0.4047418534755707,-0.18815374374389648,0.889463484287262,0.6031481623649597,0.3752036392688751,-0.38734036684036255,0.9554477334022522,0.5896767973899841,0.7238362431526184,0.020084092393517494,0.9683955907821655,0.4624209403991699,0.7269071340560913,-0.018916819244623184,0.9774813652038574,0.5890477895736694,0.9828428626060486,-0.05085816979408264,0.6096531748771667,0.45887869596481323,1.0053328275680542,0.0498720221221447,0.6006476283073425,0.6001788377761841,1.4179224967956543,0.09882639348506927,0.13969829678535461,0.480257123708725,1.4231852293014526,0.2068880796432495,0.12848694622516632,0.589222252368927,1.4636518955230713,0.10731419175863266,0.12937431037425995,0.48051124811172485,1.4610811471939087,0.21777990460395813,0.08179005235433578,0.6137515306472778,1.5320240259170532,-0.09997104853391647,0.07913889735937119,0.5061055421829224,1.547197699546814,-0.013490157201886177,0.058110155165195465
2026-04-30T18:50:40.555067,30,0.521523654460907,0.12652528285980225,-0.20950353145599365,0.9986462593078613,0.5362115502357483,0.10193334519863129,-0.1849329173564911,0.9973969459533691,0.5445188283920288,0.10276494920253754,-0.18509332835674286,0.9970360994338989,0.5524329543113708,0.10379881411790848,-0.1851695030927658,0.9968447685241699,0.5137156248092651,0.10076563060283661,-0.18028536438941956,0.9982832074165344,0.5068101286888123,0.10054740309715271,-0.18041488528251648,0.9984476566314697,0.5012234449386597,0.10045580565929413,-0.18065574765205383,0.998772382736206,0.5630663633346558,0.11898962408304214,-0.012567736208438873,0.9959960579872131,0.49486368894577026,0.11372090131044388,0.011312806978821754,0.9989737868309021,0.5371528267860413,0.15502634644508362,-0.14194723963737488,0.9993774890899658,0.5100476741790771,0.15184135735034943,-0.1355549395084381,0.9997059106826782,0.6223939657211304,0.2701070010662079,0.03232819214463234,0.9996166229248047,0.4337557256221771,0.2884161174297333,0.04283678159117699,0.9998593926429749,0.6454044580459595,0.4421078860759735,-0.06844687461853027,0.9670965075492859,0.42475375533103943,0.47494110465049744,-0.1689414083957672,0.9950392246246338,0.49235519766807556,0.42467883229255676,-0.1736026406288147,0.9161954522132874,0.5924655795097351,0.41312023997306824,-0.35244062542915344,0.9760521054267883,0.4580656886100769,0.42971670627593994,-0.22234377264976501,0.8860117793083191,0.6255003213882446,0.4047980010509491,-0.40603145956993103,0.9528893828392029,0.4607502520084381,0.4091568887233734,-0.1796783208847046,0.8936113715171814,0.621878445148468,0.37930014729499817,-0.3854237496852875,0.9572780728340149,0.47038453817367554,0.40599706768989563,-0.15180571377277374,0.8994580507278442,0.6086994409561157,0.38083842396736145,-0.34530729055404663,0.9581608176231384,0.5897513031959534,0.7260498404502869,0.019852936267852783,0.971393883228302,0.463099867105484,0.7286007404327393,-0.018660802394151688,0.9795229434967041,0.5881727933883667,0.9902294874191284,-0.059834569692611694,0.6352951526641846,0.4624691605567932,1.0108753442764282,0.07086804509162903,0.6259186267852783,0.6024269461631775,1.4394830465316772,0.08352351933717728,0.13401126861572266,0.48232191801071167,1.445768117904663,0.25749021768569946,0.12297386676073074,0.5957593321800232,1.4853459596633911,0.09021437168121338,0.12288835644721985,0.481670081615448,1.4853103160858154,0.26941952109336853,0.07636293768882751,0.6139134168624878,1.5519731044769287,-0.1404566764831543,0.07421714812517166,0.5088757276535034,1.569469690322876,0.018904883414506912,0.05458126962184906
2026-04-30T18:50:40.666081,31,0.5273276567459106,0.12504732608795166,-0.21324364840984344,0.9987712502479553,0.5427769422531128,0.10057174414396286,-0.18752482533454895,0.997636079788208,0.5508689284324646,0.10143759101629257,-0.18764746189117432,0.9973178505897522,0.5585448741912842,0.10253846645355225,-0.1877002716064453,0.9971427321434021,0.5194700360298157,0.09916482120752335,-0.18497580289840698,0.9984390139579773,0.5124074220657349,0.09883735328912735,-0.18509505689144135,0.9985904097557068,0.5059632062911987,0.09858965873718262,-0.18536558747291565,0.9988797307014465,0.5692266225814819,0.11760450899600983,-0.012485779821872711,0.9963794946670532,0.5017539262771606,0.11079863458871841,0.001652800478041172,0.9990673661231995,0.5439711809158325,0.15381360054016113,-0.14494924247264862,0.9994226098060608,0.5172487497329712,0.1508190631866455,-0.14121410250663757,0.9997225999832153,0.6283252239227295,0.2711458206176758,0.03204277157783508,0.9996337890625,0.4419195055961609,0.2879541218280792,0.024192918092012405,0.9998607039451599,0.6409693360328674,0.44364088773727417,-0.061686135828495026,0.9700384736061096,0.4254581928253174,0.474589467048645,-0.18776002526283264,0.995381772518158,0.49286308884620667,0.4264828562736511,-0.16196072101593018,0.9237926006317139,0.5898541212081909,0.4240749776363373,-0.3659578859806061,0.9779558777809143,0.46100330352783203,0.4303334951400757,-0.20739193260669708,0.89559406042099,0.6283363103866577,0.4226481020450592,-0.4176022410392761,0.956043004989624,0.46477216482162476,0.4105323851108551,-0.1779002696275711,0.9023870229721069,0.6285870671272278,0.39370691776275635,-0.39061376452445984,0.9598081707954407,0.4742993414402008,0.4074801802635193,-0.14285068213939667,0.9075077772140503,0.6149230599403381,0.39381077885627747,-0.3557417392730713,0.9604806900024414,0.590420663356781,0.7272624373435974,0.0197476614266634,0.9740105271339417,0.46601542830467224,0.7297539114952087,-0.01856917329132557,0.981334388256073,0.5873911380767822,0.9949162602424622,-0.04954324662685394,0.6508442163467407,0.4649670124053955,1.015733242034912,0.06725993752479553,0.6422516703605652,0.6022455096244812,1.4485650062561035,0.11352226883172989,0.1263982206583023,0.4820581078529358,1.4535276889801025,0.2550693154335022,0.11575564742088318,0.5958257913589478,1.4962557554244995,0.12162790447473526,0.11503195017576218,0.4814375936985016,1.493293046951294,0.26587143540382385,0.07051023840904236,0.6108447313308716,1.552104115486145,-0.11189873516559601,0.0694485455751419,0.50877845287323,1.5716052055358887,0.005134535022079945,0.050894010812044144
2026-04-30T18:50:40.779253,32,0.5467612743377686,0.1344597041606903,-0.21229048073291779,0.9988857507705688,0.5605428814888,0.11020873486995697,-0.18864478170871735,0.9978533387184143,0.5683521628379822,0.11136087030172348,-0.18878361582756042,0.9975727796554565,0.5752706527709961,0.11262223869562149,-0.18882876634597778,0.9974116086959839,0.5357682704925537,0.10737527906894684,-0.18630322813987732,0.9985821843147278,0.5270957946777344,0.10638666152954102,-0.1864277869462967,0.9987213611602783,0.5193904042243958,0.10545381903648376,-0.18671771883964539,0.9989795088768005,0.5823007822036743,0.1256963461637497,-0.01776374876499176,0.996725857257843,0.5105555057525635,0.11415658891201019,-0.005730074364691973,0.9991542100906372,0.5601705312728882,0.16199809312820435,-0.14452239871025085,0.9994658827781677,0.5333458185195923,0.15806542336940765,-0.14119486510753632,0.9997406601905823,0.6372136473655701,0.2749271094799042,0.033671438694000244,0.9996336698532104,0.44854575395584106,0.28749799728393555,0.014250697568058968,0.9998620748519897,0.6433774828910828,0.4530903995037079,-0.0589338019490242,0.9726528525352478,0.4350111484527588,0.4762766659259796,-0.18842720985412598,0.9957008361816406,0.49931755661964417,0.425985187292099,-0.16141031682491302,0.9304629564285278,0.6005138754844666,0.430926114320755,-0.35061362385749817,0.9797596335411072,0.4678097367286682,0.4278121590614319,-0.20675182342529297,0.9041016101837158,0.6437773108482361,0.43143948912620544,-0.4007035791873932,0.9591114521026611,0.4718249440193176,0.40702685713768005,-0.18080466985702515,0.9102181792259216,0.6443962454795837,0.4031662940979004,-0.3764691650867462,0.9623470902442932,0.4809332489967346,0.4048875570297241,-0.1429540067911148,0.914630115032196,0.6307238340377808,0.4015740156173706,-0.34034833312034607,0.9628089666366577,0.5936263799667358,0.7284319996833801,0.019563544541597366,0.9762707352638245,0.47092264890670776,0.7301653623580933,-0.01840468868613243,0.9829111695289612,0.5882259011268616,0.9903987646102905,-0.05510368198156357,0.6783503890037537,0.4607357382774353,1.0161629915237427,0.08357872068881989,0.6690479516983032,0.5972740054130554,1.4409778118133545,0.09197451174259186,0.12936554849147797,0.4780048727989197,1.4501103162765503,0.29900479316711426,0.11581005156040192,0.591275155544281,1.487572193145752,0.09847903996706009,0.11535733193159103,0.47752150893211365,1.489414095878601,0.3131083548069,0.067889504134655,0.6012798547744751,1.544069766998291,-0.12577760219573975,0.06784213334321976,0.4989265501499176,1.5664869546890259,0.06764186918735504,0.04920012503862381
2026-04-30T18:50:40.886257,33,0.5458043813705444,0.1374339461326599,-0.21756060421466827,0.9989935755729675,0.5600591897964478,0.11172958463430405,-0.19551905989646912,0.9980593323707581,0.5680571794509888,0.1127655953168869,-0.19564911723136902,0.9978094100952148,0.5754871368408203,0.1140010729432106,-0.19567574560642242,0.9976629614830017,0.5350757837295532,0.10921342670917511,-0.19210277497768402,0.9987176060676575,0.5266429781913757,0.10841580480337143,-0.19220219552516937,0.9988439679145813,0.518865168094635,0.10778766125440598,-0.1924479603767395,0.9990748763084412,0.5841594934463501,0.12581568956375122,-0.026930566877126694,0.9970461130142212,0.5113983154296875,0.11463659256696701,-0.011695584282279015,0.9992347955703735,0.5599390268325806,0.16600923240184784,-0.1512351930141449,0.9995129704475403,0.5323013067245483,0.16368204355239868,-0.1463613063097,0.9997616410255432,0.6405606865882874,0.27457714080810547,0.028422290459275246,0.9996529817581177,0.4523847997188568,0.2840215563774109,0.01728132553398609,0.999864935874939,0.6435479521751404,0.464801162481308,-0.05973237007856369,0.9751856327056885,0.43916648626327515,0.47635120153427124,-0.15632250905036926,0.9959782958030701,0.5008809566497803,0.4275725781917572,-0.15949082374572754,0.9369011521339417,0.6029310822486877,0.4290212094783783,-0.294024258852005,0.9812837243080139,0.4695003926753998,0.42996829748153687,-0.20290294289588928,0.9124228954315186,0.644704282283783,0.4302375614643097,-0.3388914167881012,0.9615564942359924,0.4732746481895447,0.40698444843292236,-0.1736186444759369,0.917908787727356,0.6435065865516663,0.40322914719581604,-0.30883997678756714,0.9642922878265381,0.48213163018226624,0.40449875593185425,-0.1401468813419342,0.9217059016227722,0.6293582916259766,0.4017014801502228,-0.27988001704216003,0.9645230770111084,0.5942630767822266,0.7280253171920776,0.018785884603857994,0.9783891439437866,0.4714337885379791,0.7277995347976685,-0.017643865197896957,0.9843479990959167,0.5882138609886169,0.9828957319259644,-0.06006116420030594,0.7014272212982178,0.4582541584968567,1.0121287107467651,0.09728614240884781,0.691735565662384,0.592089831829071,1.4165126085281372,0.07367806881666183,0.1310485601425171,0.4766462743282318,1.4253391027450562,0.30977755784988403,0.11558149755001068,0.586971640586853,1.4614720344543457,0.07939105480909348,0.11509111523628235,0.4761633276939392,1.4634952545166016,0.32388249039649963,0.06538949906826019,0.5945299863815308,1.5185483694076538,-0.14121724665164948,0.0665157288312912,0.4959915578365326,1.5396308898925781,0.08598493039608002,0.04783434420824051
2026-04-30T18:50:40.992305,34,0.5431044101715088,0.1366032212972641,-0.19452807307243347,0.9990909099578857,0.5583899021148682,0.11236731708049774,-0.17199233174324036,0.9982454180717468,0.5666493773460388,0.11333870142698288,-0.17214347422122955,0.998023271560669,0.5737713575363159,0.11439573019742966,-0.17215906083583832,0.997890293598175,0.5342346429824829,0.11062493920326233,-0.16784076392650604,0.9988394379615784,0.5258464813232422,0.11030323058366776,-0.16795659065246582,0.9989543557167053,0.51872318983078,0.10993648320436478,-0.1681596338748932,0.99916011095047,0.5837863087654114,0.12627096474170685,-0.011434650048613548,0.9973358511924744,0.5105335712432861,0.11730422079563141,0.007918087765574455,0.9993067383766174,0.5594181418418884,0.1655547022819519,-0.13164648413658142,0.9995548129081726,0.5303030610084534,0.1640392243862152,-0.12617245316505432,0.9997791051864624,0.6403032541275024,0.2743968069553375,0.03129667788743973,0.9996763467788696,0.4521372318267822,0.2839660048484802,0.039485760033130646,0.9998620748519897,0.6448250412940979,0.4659220576286316,-0.05323623865842819,0.9775164723396301,0.43645423650741577,0.47348055243492126,-0.10953811556100845,0.9961345195770264,0.4963412880897522,0.4264751076698303,-0.11300281435251236,0.9428261518478394,0.5921313166618347,0.43180954456329346,-0.24413898587226868,0.9822670221328735,0.46464353799819946,0.4339848756790161,-0.15563282370567322,0.9202320575714111,0.6326836347579956,0.4357444643974304,-0.288098007440567,0.9628006815910339,0.46877560019493103,0.4117630422115326,-0.13081374764442444,0.9251642227172852,0.6331169605255127,0.4117089807987213,-0.2663394510746002,0.9650201201438904,0.4779197573661804,0.40813562273979187,-0.09793845564126968,0.9284597635269165,0.619604766368866,0.4092750549316406,-0.23526135087013245,0.9651536345481873,0.5938054919242859,0.7237730026245117,0.017871659249067307,0.9803685545921326,0.4709036350250244,0.7246211767196655,-0.01675473526120186,0.9856781363487244,0.5879064798355103,0.9794046878814697,-0.060445062816143036,0.721319317817688,0.4581155776977539,1.0043041706085205,0.09021467715501785,0.7107113003730774,0.5906606316566467,1.3939937353134155,0.061114124953746796,0.12888842821121216,0.4765015244483948,1.4026340246200562,0.28309518098831177,0.11264878511428833,0.5860198140144348,1.4382144212722778,0.06582872569561005,0.11201848089694977,0.47598618268966675,1.4405721426010132,0.29548147320747375,0.06220880523324013,0.5930817127227783,1.49350106716156,-0.1457841396331787,0.06373584270477295,0.49535173177719116,1.511841893196106,0.06160414218902588,0.04575366899371147
2026-04-30T18:50:41.104178,35,0.5372523069381714,0.13531211018562317,-0.19694845378398895,0.9991724491119385,0.553343653678894,0.11078785359859467,-0.17349527776241302,0.9983978867530823,0.561400294303894,0.11180207133293152,-0.17364971339702606,0.9982063174247742,0.5686237215995789,0.11291202902793884,-0.17367513477802277,0.9980829358100891,0.5310613512992859,0.10890431702136993,-0.17015299201011658,0.9989376664161682,0.5240516066551208,0.10850182920694351,-0.17030194401741028,0.9990453124046326,0.5181289911270142,0.10808403044939041,-0.17052137851715088,0.9992251396179199,0.5802136659622192,0.12532766163349152,-0.014601564034819603,0.9975873231887817,0.5098958611488342,0.11689767241477966,0.0013461112976074219,0.9993633031845093,0.5531191229820251,0.16448691487312317,-0.1349015235900879,0.9995824098587036,0.5258006453514099,0.1627601534128189,-0.1303868293762207,0.999785304069519,0.6373469829559326,0.2760773003101349,0.02835823968052864,0.9996868968009949,0.45045194029808044,0.28377607464790344,0.03222114220261574,0.9998502135276794,0.6459453105926514,0.4670427143573761,-0.052596233785152435,0.979621171951294,0.4341192841529846,0.47270041704177856,-0.11502324044704437,0.9962407946586609,0.4872645437717438,0.4241487681865692,-0.09771586954593658,0.948054850101471,0.5908234119415283,0.4267384707927704,-0.24417166411876678,0.9830476641654968,0.45421653985977173,0.43121394515037537,-0.13853298127651215,0.926980197429657,0.6303003430366516,0.42801254987716675,-0.28674039244651794,0.9637139439582825,0.45717865228652954,0.4106025993824005,-0.11038726568222046,0.9314141273498535,0.6291552782058716,0.4032582938671112,-0.26262742280960083,0.965429425239563,0.46856921911239624,0.40753647685050964,-0.08141440153121948,0.9341884851455688,0.6147800087928772,0.40127480030059814,-0.23389625549316406,0.9653138518333435,0.5917330384254456,0.7245017886161804,0.01675185188651085,0.9819931387901306,0.4697750210762024,0.7249018549919128,-0.01569240167737007,0.9867098331451416,0.5860096216201782,0.9811223745346069,-0.056470680981874466,0.7417052388191223,0.45736250281333923,1.0013644695281982,0.08882156759500504,0.7303670644760132,0.5913840532302856,1.3713974952697754,0.08238856494426727,0.13159935176372528,0.46999579668045044,1.3749791383743286,0.28934216499328613,0.11248168349266052,0.5865689516067505,1.4127830266952515,0.08918458223342896,0.11350275576114655,0.4690271019935608,1.411858081817627,0.3035573661327362,0.06172337755560875,0.5945646166801453,1.470287561416626,-0.13364845514297485,0.06286337971687317,0.48562127351760864,1.4781177043914795,0.08904685825109482,0.04482157155871391
2026-04-30T18:50:41.216604,36,0.5362284779548645,0.13443711400032043,-0.19346407055854797,0.9992411136627197,0.5516405701637268,0.10993827134370804,-0.16806279122829437,0.9985294342041016,0.5596543550491333,0.11098448932170868,-0.16819216310977936,0.9983633756637573,0.5665313005447388,0.1121344342827797,-0.16827625036239624,0.9982509613037109,0.5293932557106018,0.10791194438934326,-0.16630402207374573,0.9990173578262329,0.5225680470466614,0.10746126621961594,-0.1663847267627716,0.9991150498390198,0.5169187188148499,0.10702285915613174,-0.16651475429534912,0.9992712140083313,0.5765734910964966,0.12496953457593918,-0.008471601642668247,0.9978088140487671,0.5067282915115356,0.11683325469493866,-0.00024585291976109147,0.9993988871574402,0.5518258213996887,0.1640443354845047,-0.13147005438804626,0.9996007680892944,0.5236946940422058,0.16182149946689606,-0.12888072431087494,0.9997815489768982,0.6305538415908813,0.27580726146698,0.027541909366846085,0.9996960759162903,0.4502776563167572,0.28356361389160156,0.033660076558589935,0.9998108148574829,0.6448202729225159,0.4580465853214264,-0.05233084037899971,0.9812873601913452,0.4328862726688385,0.4731101989746094,-0.11607084423303604,0.9957153797149658,0.4874030649662018,0.42230990529060364,-0.05812873691320419,0.9521967768669128,0.5857464075088501,0.4254196584224701,-0.2428346574306488,0.980812668800354,0.4543537199497223,0.43175649642944336,-0.09741522371768951,0.9313371777534485,0.6240659356117249,0.42117032408714294,-0.28433725237846375,0.9588291049003601,0.45692190527915955,0.41241171956062317,-0.06756451725959778,0.9352023601531982,0.6238153576850891,0.39914992451667786,-0.2624877989292145,0.9597737789154053,0.46765080094337463,0.40816548466682434,-0.04161357134580612,0.9371607899665833,0.6100276708602905,0.39851894974708557,-0.23458163440227509,0.9589618444442749,0.5899900197982788,0.7209663987159729,0.013100343756377697,0.9831169843673706,0.46950680017471313,0.7201099991798401,-0.012029738165438175,0.9871255159378052,0.5843530893325806,0.9650810956954956,-0.04800880327820778,0.7602617740631104,0.457141637802124,0.9787776470184326,0.08796709775924683,0.7485056519508362,0.5912081003189087,1.283371090888977,0.09152915328741074,0.15515679121017456,0.46881547570228577,1.280712604522705,0.28089237213134766,0.1277018040418625,0.5829466581344604,1.3201647996902466,0.09948833286762238,0.1326935887336731,0.46926483511924744,1.3140512704849243,0.29497963190078735,0.07259003072977066,0.6000022292137146,1.3863428831100464,-0.05984296277165413,0.0751868486404419,0.4715445041656494,1.380977988243103,0.10715949535369873,0.05282267555594444
2026-04-30T18:50:41.331967,37,0.5330685377120972,0.13495765626430511,-0.15141527354717255,0.9992903470993042,0.5457850098609924,0.11038129776716232,-0.12446882575750351,0.9986208081245422,0.5527299046516418,0.11105737835168839,-0.1246194988489151,0.9984866380691528,0.5591591596603394,0.11188184469938278,-0.12473460286855698,0.9983823299407959,0.5259707570075989,0.10863471776247025,-0.12484055757522583,0.9990642666816711,0.5197635889053345,0.10807719826698303,-0.12493475526571274,0.9991574883460999,0.5143272876739502,0.10753019154071808,-0.12505213916301727,0.9992859363555908,0.5656984448432922,0.12443597614765167,0.036563433706760406,0.9979941248893738,0.5031903386116028,0.11775573343038559,0.03458203002810478,0.9994071125984192,0.5461950302124023,0.16395044326782227,-0.0890253409743309,0.9995944499969482,0.5199669599533081,0.16153286397457123,-0.08934687077999115,0.9997514486312866,0.6224504709243774,0.2725677490234375,0.050677161663770676,0.9997035264968872,0.44520705938339233,0.2826165556907654,0.06547501683235168,0.9997671246528625,0.6429892778396606,0.4505942761898041,-0.017643019556999207,0.9828033447265625,0.43043214082717896,0.46950218081474304,-0.0808194950222969,0.995160698890686,0.48300257325172424,0.4229106307029724,-0.018320757895708084,0.9558755159378052,0.584396481513977,0.4193773865699768,-0.19057640433311462,0.9785876274108887,0.451212078332901,0.4338296353816986,-0.05762071534991264,0.9353563189506531,0.6207589507102966,0.4126228094100952,-0.23069433867931366,0.9537888169288635,0.4518831670284271,0.4139958620071411,-0.029812123626470566,0.9387819170951843,0.6221821308135986,0.39258134365081787,-0.21024572849273682,0.9540137052536011,0.4626489579677582,0.4092411398887634,-0.002777563873678446,0.9400417804718018,0.6079795956611633,0.3923931121826172,-0.18302913010120392,0.9529412984848022,0.5884633660316467,0.7102529406547546,0.010733131319284439,0.9841279983520508,0.46887749433517456,0.7118147015571594,-0.009650882333517075,0.9875535368919373,0.5838471055030823,0.9556637406349182,-0.043482471257448196,0.7767504453659058,0.45612186193466187,0.969387412071228,0.0736040323972702,0.7645760774612427,0.5931151509284973,1.2788364887237549,0.1197543740272522,0.16642619669437408,0.4624127447605133,1.2777750492095947,0.26133623719215393,0.13605168461799622,0.5831867456436157,1.3156806230545044,0.13088616728782654,0.14169996976852417,0.46478214859962463,1.3130089044570923,0.2760029137134552,0.07928461581468582,0.6094850301742554,1.3794763088226318,-0.030925393104553223,0.07881798595190048,0.4615646302700043,1.3740639686584473,0.08143962174654007,0.05593416839838028
2026-04-30T18:50:41.447298,38,0.5277241468429565,0.1300159990787506,-0.17230971157550812,0.99933922290802,0.5387200713157654,0.10703369975090027,-0.14730671048164368,0.998706042766571,0.5453842878341675,0.10758868604898453,-0.14744067192077637,0.9986047744750977,0.5517757534980774,0.10813580453395844,-0.14753463864326477,0.9985015392303467,0.520381510257721,0.10565827041864395,-0.14655153453350067,0.9991164803504944,0.5144851207733154,0.10539069026708603,-0.14661458134651184,0.9992105960845947,0.5091617703437805,0.105118528008461,-0.1467675119638443,0.9993129968643188,0.5582979917526245,0.12193308025598526,0.016624191775918007,0.998166561126709,0.4992520809173584,0.1176241785287857,0.0202021561563015,0.9994335174560547,0.5400019884109497,0.15720859169960022,-0.1081651896238327,0.9995905160903931,0.5146691203117371,0.15420755743980408,-0.10690902173519135,0.9997270107269287,0.617252767086029,0.26853320002555847,0.040262650698423386,0.9997023344039917,0.438647985458374,0.2825561761856079,0.052870411425828934,0.9997403621673584,0.6419719457626343,0.4503501057624817,-0.02873753011226654,0.9842956066131592,0.4220086932182312,0.4702076017856598,-0.0932202860713005,0.9949819445610046,0.48025742173194885,0.42365264892578125,-0.05618062615394592,0.9593704342842102,0.5720987915992737,0.42116039991378784,-0.2147926539182663,0.9784397482872009,0.44766736030578613,0.43520960211753845,-0.09947759658098221,0.9395943284034729,0.6114711165428162,0.4147546887397766,-0.2516603171825409,0.9530127048492432,0.447253555059433,0.41546836495399475,-0.07454590499401093,0.9426541328430176,0.6091794371604919,0.39299556612968445,-0.22285763919353485,0.9527495503425598,0.4582904279232025,0.410658061504364,-0.04313546046614647,0.9435034394264221,0.5948773622512817,0.393339604139328,-0.19772455096244812,0.9515140652656555,0.5862725973129272,0.7105641961097717,0.005166108254343271,0.9852297902107239,0.4657885432243347,0.7134037613868713,-0.004173192661255598,0.9882373213768005,0.5832557678222656,0.9588911533355713,-0.04334312677383423,0.7925178408622742,0.45469918847084045,0.9773072004318237,0.07881397008895874,0.7792320251464844,0.5942566394805908,1.3052077293395996,0.12172077596187592,0.16794238984584808,0.4622921943664551,1.3061386346817017,0.29275649785995483,0.13461913168430328,0.5851589441299438,1.3444849252700806,0.13244900107383728,0.14349332451820374,0.46480822563171387,1.3428195714950562,0.30992981791496277,0.08092767745256424,0.6099356412887573,1.4028781652450562,-0.037219204008579254,0.07734158635139465,0.4615088999271393,1.3999274969100952,0.13198143243789673,0.05480508133769035
2026-04-30T18:50:41.551206,39,0.5206462144851685,0.1254548728466034,-0.18205496668815613,0.9993764758110046,0.5314341187477112,0.10365139693021774,-0.15734724700450897,0.9987631440162659,0.5382928848266602,0.10389348119497299,-0.1574832648038864,0.9987019896507263,0.5450299382209778,0.10418310761451721,-0.15757085382938385,0.998594343662262,0.5132464170455933,0.10323521494865417,-0.15640176832675934,0.9991422891616821,0.507445752620697,0.10338418930768967,-0.15648074448108673,0.9992453455924988,0.5023106336593628,0.10348240286111832,-0.15664993226528168,0.9993142485618591,0.5528604984283447,0.11912588775157928,0.011108682490885258,0.9983153343200684,0.4947889745235443,0.11755385994911194,0.01232867781072855,0.999437689781189,0.5337183475494385,0.15228262543678284,-0.11597591638565063,0.9995718598365784,0.5083830952644348,0.1493612378835678,-0.11545984447002411,0.9996744990348816,0.6153796315193176,0.2655448317527771,0.02141333743929863,0.9997060298919678,0.4335811138153076,0.28241488337516785,0.05214015394449234,0.9997098445892334,0.6402719020843506,0.45209088921546936,-0.04537622258067131,0.9857000708580017,0.4162469804286957,0.4712255299091339,-0.09665749967098236,0.9945821762084961,0.4758578836917877,0.42659294605255127,-0.061550527811050415,0.962744951248169,0.5584522485733032,0.42268630862236023,-0.2349642813205719,0.9779975414276123,0.4419650137424469,0.43811967968940735,-0.11459715664386749,0.943902313709259,0.5973555445671082,0.416582316160202,-0.27627983689308167,0.9520048499107361,0.440748929977417,0.41827619075775146,-0.09167759120464325,0.9466336965560913,0.596603512763977,0.3970241844654083,-0.23914945125579834,0.9512786865234375,0.45195573568344116,0.41347143054008484,-0.05478893965482712,0.9471720457077026,0.5823208093643188,0.3969702422618866,-0.21959111094474792,0.9499526023864746,0.5845054388046265,0.7109664678573608,0.000852018769364804,0.9862884879112244,0.46407002210617065,0.7137542366981506,6.626209506066516e-05,0.9889175295829773,0.5814129710197449,0.9586783051490784,-0.0023706448264420033,0.8054901361465454,0.4541684687137604,0.9772908687591553,0.07521678507328033,0.7921939492225647,0.5937652587890625,1.2928589582443237,0.20568092167377472,0.1661633402109146,0.46165141463279724,1.2922625541687012,0.2916784882545471,0.1319473832845688,0.5853877067565918,1.3306976556777954,0.22003872692584991,0.1422492414712906,0.4645380973815918,1.3270312547683716,0.3096958100795746,0.08269675076007843,0.6077519059181213,1.3877112865447998,0.0587005689740181,0.07461635023355484,0.4599808156490326,1.3827550411224365,0.14015871286392212,0.05342668667435646
2026-04-30T18:50:41.657843,40,0.5215141177177429,0.12239904701709747,-0.1776290237903595,0.9994147419929504,0.5325204730033875,0.10161876678466797,-0.14976832270622253,0.9988313317298889,0.5391548871994019,0.10181236267089844,-0.14994922280311584,0.9987978935241699,0.5455222129821777,0.10205532610416412,-0.1500271111726761,0.998690664768219,0.5138354301452637,0.10145637392997742,-0.15010204911231995,0.9991832375526428,0.5078074336051941,0.10172923654317856,-0.15023739635944366,0.9992882609367371,0.5023279786109924,0.10193021595478058,-0.15040650963783264,0.9993354082107544,0.5505309700965881,0.11685792356729507,0.017027176916599274,0.998454749584198,0.49270230531692505,0.11736341565847397,0.014806325547397137,0.9994590282440186,0.5349077582359314,0.14929361641407013,-0.11308952420949936,0.9995600581169128,0.5092224478721619,0.14625410735607147,-0.11356544494628906,0.9996445775032043,0.6126875877380371,0.26402801275253296,0.028365766629576683,0.9997046589851379,0.43042653799057007,0.28233078122138977,0.05713643506169319,0.9996777176856995,0.6395642757415771,0.4517614543437958,-0.042277347296476364,0.9869216084480286,0.4138311743736267,0.4716049134731293,-0.10068788379430771,0.9944071173667908,0.4747750759124756,0.42636263370513916,-0.06912561506032944,0.9656844735145569,0.5566428899765015,0.42289116978645325,-0.23865385353565216,0.977790892124176,0.4401576519012451,0.43958741426467896,-0.11322186887264252,0.9476231932640076,0.5953422784805298,0.41628560423851013,-0.2784079611301422,0.9513333439826965,0.4379824995994568,0.4190511107444763,-0.086341992020607,0.9500598907470703,0.5931370258331299,0.395311176776886,-0.25140535831451416,0.9501808285713196,0.4492875635623932,0.413836807012558,-0.056599535048007965,0.950316846370697,0.579870343208313,0.3957006633281708,-0.2215718775987625,0.9487002491950989,0.5831596851348877,0.7091373801231384,0.0005117108812555671,0.9872636795043945,0.4624848961830139,0.7124468684196472,0.00042078629485331476,0.9895557761192322,0.5804526805877686,0.9556633830070496,-0.004032888449728489,0.8180609345436096,0.4534221589565277,0.975519061088562,0.07171010226011276,0.8046003580093384,0.5938804149627686,1.2935523986816406,0.18760116398334503,0.16521506011486053,0.45821160078048706,1.2967082262039185,0.28599241375923157,0.12959367036819458,0.5854701399803162,1.3318486213684082,0.19875338673591614,0.14161978662014008,0.4605198800563812,1.3324087858200073,0.3024281859397888,0.08256375044584274,0.6073265075683594,1.388429045677185,0.008920191787183285,0.07247680425643921,0.4567650854587555,1.3875231742858887,0.12233369052410126,0.05178934335708618
2026-04-30T18:50:41.770593,41,0.522083044052124,0.1226438581943512,-0.21672961115837097,0.999433159828186,0.5324915647506714,0.10161051899194717,-0.18992112576961517,0.9988570213317871,0.5388988256454468,0.1018059030175209,-0.19008979201316833,0.998853325843811,0.5450290441513062,0.10205252468585968,-0.1901841163635254,0.9987427592277527,0.5137064456939697,0.10142996907234192,-0.19031600654125214,0.99919593334198,0.5075570940971375,0.10165473073720932,-0.19045379757881165,0.9993023872375488,0.501807451248169,0.10183027386665344,-0.19065137207508087,0.9993288516998291,0.5498813390731812,0.11682639271020889,-0.024577196687459946,0.9985508918762207,0.49115055799484253,0.11693963408470154,-0.026725422590970993,0.9994552135467529,0.5347347259521484,0.14943817257881165,-0.15197452902793884,0.9995381832122803,0.5094338655471802,0.1463952511548996,-0.1523740589618683,0.9996089339256287,0.6114362478256226,0.2638145983219147,-0.002997458213940263,0.9996795654296875,0.42960572242736816,0.28222382068634033,0.030428413301706314,0.9996454119682312,0.6372787952423096,0.4521113336086273,-0.05868440866470337,0.9877393245697021,0.41183120012283325,0.47166600823402405,-0.11909403651952744,0.9937734007835388,0.47319093346595764,0.4264914095401764,-0.07472259551286697,0.9670286178588867,0.5550621151924133,0.42445361614227295,-0.2590014934539795,0.9755610823631287,0.43862184882164,0.4386305809020996,-0.11388304084539413,0.9479861259460449,0.5929427742958069,0.417951375246048,-0.29616668820381165,0.946761965751648,0.4372131824493408,0.4178850054740906,-0.08504489064216614,0.9500699639320374,0.5906110405921936,0.3969755470752716,-0.2660723924636841,0.9450294971466064,0.4488692283630371,0.41310831904411316,-0.060691941529512405,0.9497411251068115,0.5779482126235962,0.39742931723594666,-0.2445513755083084,0.9429386854171753,0.5817831754684448,0.7099090218544006,-0.0026274516712874174,0.9879079461097717,0.46143174171447754,0.7130646109580994,0.003511996241286397,0.9898350238800049,0.5793046951293945,0.9534345269203186,-0.010140563361346722,0.8279868960380554,0.4508300721645355,0.9778041839599609,0.07944469898939133,0.8106682896614075,0.5843292474746704,1.2818738222122192,0.17089177668094635,0.1712934821844101,0.45588794350624084,1.2698458433151245,0.3704568147659302,0.1260731816291809,0.5770911574363708,1.3189386129379272,0.18194827437400818,0.14731375873088837,0.4588245749473572,1.300815463066101,0.39768877625465393,0.08371344953775406,0.5938499569892883,1.3775559663772583,0.015735577791929245,0.07475076615810394,0.4500441551208496,1.3579026460647583,0.2570727467536926,0.051094137132167816
2026-04-30T18:50:41.877383,42,0.5201848745346069,0.12102966755628586,-0.22515682876110077,0.9994603395462036,0.5308239459991455,0.10076558589935303,-0.19860967993736267,0.9988994002342224,0.5372642278671265,0.1009475514292717,-0.19877895712852478,0.9989208579063416,0.5433374643325806,0.10120520740747452,-0.19885137677192688,0.9988060593605042,0.5120021104812622,0.10056456923484802,-0.19816526770591736,0.999224066734314,0.5058667659759521,0.10072200000286102,-0.19832643866539001,0.9993332028388977,0.4999367296695709,0.10076417028903961,-0.1985338032245636,0.9993422627449036,0.5488216876983643,0.11621909588575363,-0.03449784591794014,0.9986532926559448,0.4898051619529724,0.11642546206712723,-0.03266136720776558,0.9994708299636841,0.5322123765945435,0.1477559506893158,-0.1610640585422516,0.9995290040969849,0.5076720714569092,0.14466255903244019,-0.16041810810565948,0.9995890259742737,0.6105595827102661,0.26376035809516907,-0.008978601545095444,0.9996613264083862,0.4287986159324646,0.2820572257041931,0.02450626529753208,0.9996321201324463,0.635663628578186,0.45231953263282776,-0.06351222097873688,0.9886500835418701,0.4090527594089508,0.4719666838645935,-0.12193764746189117,0.993573784828186,0.47301703691482544,0.4260779023170471,-0.07729799300432205,0.9688158631324768,0.5550171732902527,0.4246992766857147,-0.2633688151836395,0.974947452545166,0.4392951428890228,0.4384806454181671,-0.1171628087759018,0.9497296810150146,0.5922825932502747,0.4184666574001312,-0.29978132247924805,0.9452721476554871,0.43803542852401733,0.41691917181015015,-0.08856900036334991,0.9515478610992432,0.5900416970252991,0.39752694964408875,-0.26801952719688416,0.9431644678115845,0.4493861794471741,0.4119548797607422,-0.06394720077514648,0.9509133696556091,0.5776359438896179,0.3979080319404602,-0.24995140731334686,0.9408633708953857,0.5813115835189819,0.7098740339279175,-0.004947773180902004,0.9886550903320312,0.4608311057090759,0.7133703231811523,0.0058038304559886456,0.990324854850769,0.5789002180099487,0.9527226090431213,-0.011537572368979454,0.8373851180076599,0.4496673047542572,0.9783876538276672,0.07885932922363281,0.8179519176483154,0.5818387269973755,1.2800236940383911,0.16879519820213318,0.17042434215545654,0.4559292793273926,1.2732044458389282,0.37045326828956604,0.12064770609140396,0.5758517980575562,1.3172484636306763,0.18057194352149963,0.1471395045518875,0.4587823450565338,1.3044300079345703,0.39760422706604004,0.08291776478290558,0.5876781940460205,1.3744455575942993,0.02415795810520649,0.07337453216314316,0.4506559371948242,1.3601717948913574,0.257018506526947,0.04912147670984268
2026-04-30T18:50:41.997721,43,0.5175199508666992,0.11947126686573029,-0.20002707839012146,0.9994900822639465,0.5285189747810364,0.10004040598869324,-0.1732441782951355,0.9989467263221741,0.5351536870002747,0.10031475871801376,-0.17344984412193298,0.9989929795265198,0.5413011312484741,0.1006704643368721,-0.17349448800086975,0.9988738298416138,0.5093544125556946,0.09980301558971405,-0.1717461794614792,0.999254584312439,0.5030955076217651,0.09997353702783585,-0.17195968329906464,0.99936842918396,0.49706563353538513,0.1000247672200203,-0.172176793217659,0.9993584752082825,0.5476014614105225,0.11607452481985092,-0.01132094208151102,0.998757541179657,0.4882114827632904,0.11627646535634995,-0.005837658885866404,0.9994911551475525,0.5298832058906555,0.14608637988567352,-0.1370851695537567,0.9995192885398865,0.5053083300590515,0.14305479824543,-0.13563476502895355,0.9995641112327576,0.6094740629196167,0.26333901286125183,0.005906911101192236,0.9996621608734131,0.42800307273864746,0.28165218234062195,0.050166405737400055,0.9996227622032166,0.6352046728134155,0.4520619213581085,-0.05520424246788025,0.9896271228790283,0.408766508102417,0.4720153510570526,-0.10039131343364716,0.9935783743858337,0.4725876450538635,0.42665740847587585,-0.0740700513124466,0.9712259769439697,0.5547751188278198,0.4242129921913147,-0.2515692710876465,0.9756479859352112,0.4390634596347809,0.4387933611869812,-0.11097617447376251,0.9531634449958801,0.5915239453315735,0.41806647181510925,-0.29115307331085205,0.9464816451072693,0.4371243417263031,0.4176119565963745,-0.0817188024520874,0.9548038244247437,0.5894297361373901,0.397082656621933,-0.26417598128318787,0.9441750645637512,0.448188841342926,0.41276684403419495,-0.058243077248334885,0.9540860056877136,0.577045202255249,0.39724650979042053,-0.24025313556194305,0.9419729113578796,0.5803424119949341,0.7092834115028381,-0.006763990968465805,0.9895150065422058,0.45997148752212524,0.7131140232086182,0.007636848837137222,0.9909579753875732,0.578288197517395,0.9539104700088501,-0.01699036732316017,0.8451414704322815,0.44948920607566833,0.9793809652328491,0.07972502708435059,0.8246541619300842,0.5827879309654236,1.2922002077102661,0.15117259323596954,0.16267122328281403,0.4562057852745056,1.2886916399002075,0.3516063094139099,0.11385003477334976,0.5765513777732849,1.330716848373413,0.16197089850902557,0.1412365585565567,0.4584798812866211,1.3217543363571167,0.374893456697464,0.07968047261238098,0.5866062641143799,1.3867828845977783,0.019716953858733177,0.0690242275595665,0.45314186811447144,1.3789582252502441,0.2164783924818039,0.0460345521569252
2026-04-30T18:50:42.102467,44,0.5165987610816956,0.1193472370505333,-0.20023763179779053,0.9995145201683044,0.5272432565689087,0.09982556849718094,-0.1736791878938675,0.998984694480896,0.5339184999465942,0.10009906440973282,-0.173878476023674,0.9990540742874146,0.540109395980835,0.10044903308153152,-0.17392827570438385,0.9989303350448608,0.5078887939453125,0.09964057803153992,-0.17230825126171112,0.999276340007782,0.5015709400177002,0.0998116061091423,-0.1725080907344818,0.999395489692688,0.49544963240623474,0.09986485540866852,-0.172721266746521,0.999366819858551,0.5463607907295227,0.11586917191743851,-0.011539200320839882,0.9988494515419006,0.48667892813682556,0.11600937694311142,-0.005882184952497482,0.9995049834251404,0.5292070508003235,0.14609435200691223,-0.13723792135715485,0.9995089173316956,0.5044658184051514,0.14308851957321167,-0.13585993647575378,0.9995387196540833,0.6083069443702698,0.2632881999015808,0.006194750312715769,0.9996589422225952,0.42718076705932617,0.2806064486503601,0.04797187075018883,0.9996086955070496,0.6341556310653687,0.4519873559474945,-0.05643974617123604,0.9904776811599731,0.4087911546230316,0.47146329283714294,-0.100997194647789,0.9935224652290344,0.47151198983192444,0.4265764653682709,-0.07618667185306549,0.9732844233512878,0.5548418760299683,0.4230775535106659,-0.2556994557380676,0.9757375121116638,0.4380524158477783,0.4394184350967407,-0.11279986053705215,0.9559720158576965,0.5912331938743591,0.41709423065185547,-0.29497283697128296,0.9464799165725708,0.4359634816646576,0.41814348101615906,-0.08357460051774979,0.9574400186538696,0.5892255306243896,0.39535292983055115,-0.26467210054397583,0.9439239501953125,0.4471494257450104,0.4130053222179413,-0.06030694395303726,0.9566287398338318,0.5767132639884949,0.3950966000556946,-0.24372270703315735,0.941750705242157,0.5797425508499146,0.7093489766120911,-0.0071439966559410095,0.9902338981628418,0.4595034122467041,0.7129112482070923,0.008016662672162056,0.9914770126342773,0.5775050520896912,0.9539607167243958,-0.018338371068239212,0.8518888354301453,0.4495506286621094,0.979766845703125,0.0702895000576973,0.8310989737510681,0.5822507739067078,1.2877953052520752,0.18057122826576233,0.15643368661403656,0.4554111063480377,1.2901721000671387,0.33773273229599,0.10876218229532242,0.5769790410995483,1.3248718976974487,0.19572439789772034,0.13653314113616943,0.45724520087242126,1.3235771656036377,0.35950788855552673,0.07769478112459183,0.5839942693710327,1.3824763298034668,0.043924443423748016,0.06551001965999603,0.4531933665275574,1.3788002729415894,0.19670513272285461,0.0437462292611599
2026-04-30T18:50:42.210968,45,0.515317440032959,0.11797820776700974,-0.2052321434020996,0.9995197057723999,0.5258792042732239,0.09880682080984116,-0.17798037827014923,0.9989769458770752,0.5327409505844116,0.09913981705904007,-0.17818383872509003,0.9990794658660889,0.5391334891319275,0.0995757132768631,-0.1782403439283371,0.9989427328109741,0.5059717893600464,0.09867870062589645,-0.17624109983444214,0.9992690682411194,0.49934154748916626,0.09891451150178909,-0.17646311223506927,0.9993998408317566,0.49301496148109436,0.09903158247470856,-0.1766960769891739,0.9993498921394348,0.545845091342926,0.11528021842241287,-0.012986233457922935,0.9989028573036194,0.4842890202999115,0.11574240773916245,-0.006391369737684727,0.9995005130767822,0.5284014344215393,0.14463748037815094,-0.14091217517852783,0.9994660019874573,0.5029672980308533,0.14169059693813324,-0.13917943835258484,0.9994884729385376,0.6075884103775024,0.2629038393497467,0.006704878062009811,0.9996315836906433,0.42654237151145935,0.2797206938266754,0.04708433896303177,0.9995911121368408,0.6323764324188232,0.4519980251789093,-0.0564902201294899,0.9911279678344727,0.4084591865539551,0.470435231924057,-0.1024945005774498,0.9933816194534302,0.47017645835876465,0.42553552985191345,-0.0773632675409317,0.9745995402336121,0.5548396706581116,0.4234769940376282,-0.2536593973636627,0.9752674102783203,0.4364998936653137,0.4392094910144806,-0.11463063955307007,0.9573883414268494,0.5911380052566528,0.4180794060230255,-0.29431742429733276,0.9452685117721558,0.43447011709213257,0.4174928069114685,-0.08591122180223465,0.9587222933769226,0.5893880724906921,0.3962167799472809,-0.2666636109352112,0.9424381852149963,0.44583845138549805,0.4121071696281433,-0.06178620457649231,0.9577656388282776,0.576859712600708,0.39585745334625244,-0.24256305396556854,0.9400779604911804,0.5792784690856934,0.7093961238861084,-0.006567629985511303,0.9908421635627747,0.45883411169052124,0.7131152749061584,0.00745032262057066,0.9919187426567078,0.5758774280548096,0.9542559385299683,-0.019018402323126793,0.8542126417160034,0.44955897331237793,0.9844141006469727,0.05883636325597763,0.832718014717102,0.5823662877082825,1.2929900884628296,0.190519317984581,0.14943623542785645,0.4534788727760315,1.295172095298767,0.33505767583847046,0.1034180223941803,0.5774831175804138,1.3303831815719604,0.20667460560798645,0.13108918070793152,0.4545478820800781,1.3288497924804688,0.3585611879825592,0.0747152641415596,0.5828114748001099,1.3882124423980713,0.04698044806718826,0.06225161626935005,0.45260781049728394,1.3851063251495361,0.19344225525856018,0.04159095510840416
2026-04-30T18:50:42.315292,46,0.5156304240226746,0.1178475171327591,-0.2018231600522995,0.9995443224906921,0.5259697437286377,0.09872057288885117,-0.1740967184305191,0.9990262389183044,0.5327655076980591,0.09906881302595139,-0.17429722845554352,0.9991371035575867,0.5390591025352478,0.09951922297477722,-0.17436763644218445,0.9990032315254211,0.5058752298355103,0.09858626872301102,-0.1724071055650711,0.9993007183074951,0.49916571378707886,0.09882901608943939,-0.1725982129573822,0.9994286298751831,0.49264416098594666,0.09893953800201416,-0.17280495166778564,0.9993701577186584,0.5452673435211182,0.11520406603813171,-0.00907126348465681,0.9989835619926453,0.4830898344516754,0.11560983210802078,-0.0027681784704327583,0.9995197057723999,0.5286128520965576,0.14459840953350067,-0.13776350021362305,0.9994732737541199,0.5030947327613831,0.14166639745235443,-0.13605855405330658,0.9994872808456421,0.6062749028205872,0.26265934109687805,0.007351862732321024,0.9996328949928284,0.4258166253566742,0.27967944741249084,0.047688938677310944,0.9995806813240051,0.6311302185058594,0.4518687427043915,-0.0581522062420845,0.9917521476745605,0.4083011746406555,0.46932312846183777,-0.10747270286083221,0.9931521415710449,0.46960926055908203,0.4248417615890503,-0.08109577000141144,0.976037859916687,0.5527891516685486,0.4223375916481018,-0.27493950724601746,0.9747989177703857,0.4352150857448578,0.4395403265953064,-0.1182529479265213,0.959141194820404,0.5889343023300171,0.4180147051811218,-0.31982773542404175,0.9443657994270325,0.43300312757492065,0.417599618434906,-0.08765507489442825,0.9603337049484253,0.5870459675788879,0.3966939151287079,-0.29418474435806274,0.9412931799888611,0.44448772072792053,0.4118359684944153,-0.06468984484672546,0.9592497944831848,0.574442982673645,0.3959355354309082,-0.26574277877807617,0.9388267397880554,0.5781065225601196,0.709518313407898,-0.006731119938194752,0.9914770722389221,0.4577997326850891,0.7132425904273987,0.007612364832311869,0.9923568964004517,0.5738755464553833,0.9547796249389648,-0.022110452875494957,0.8590389490127563,0.4485633373260498,0.9809219837188721,0.07006661593914032,0.8368797302246094,0.5827468633651733,1.2920728921890259,0.17444369196891785,0.14661991596221924,0.45106419920921326,1.2911778688430786,0.34395831823349,0.10009066760540009,0.5778120160102844,1.3298648595809937,0.18873941898345947,0.12918290495872498,0.4524528384208679,1.324851155281067,0.3674454092979431,0.0734374150633812,0.5837448835372925,1.3861037492752075,0.03922175616025925,0.060461729764938354,0.44889315962791443,1.3790971040725708,0.20661842823028564,0.04009968787431717
2026-04-30T18:50:42.428904,47,0.5157567262649536,0.11688534170389175,-0.19935399293899536,0.9995591640472412,0.5259041786193848,0.09842195361852646,-0.17139354348182678,0.9990543723106384,0.5325645208358765,0.09886786341667175,-0.17160281538963318,0.999178946018219,0.5387147665023804,0.09939420223236084,-0.17167928814888,0.9990444779396057,0.5058736205101013,0.09805230796337128,-0.1703275889158249,0.9993187189102173,0.49919089674949646,0.09831137210130692,-0.17051251232624054,0.9994471669197083,0.4926428198814392,0.09846953302621841,-0.17072506248950958,0.9993778467178345,0.5440393686294556,0.1150566041469574,-0.006536585744470358,0.9990461468696594,0.4825518727302551,0.11532308906316757,-0.002751309424638748,0.9995293021202087,0.5282592177391052,0.1438615620136261,-0.1355563849210739,0.9994651675224304,0.5029188990592957,0.14059068262577057,-0.13470250368118286,0.9994675517082214,0.6055148839950562,0.2626580595970154,0.008951058611273766,0.9996251463890076,0.4248145520687103,0.2797117829322815,0.047031912952661514,0.9995613098144531,0.6298990249633789,0.45190465450286865,-0.05801497772336006,0.9923086762428284,0.4073724150657654,0.46792832016944885,-0.10814541578292847,0.992813229560852,0.46908897161483765,0.42478498816490173,-0.08753233402967453,0.9773626327514648,0.5506048798561096,0.4221950173377991,-0.2750571370124817,0.974439799785614,0.43455347418785095,0.4397764205932617,-0.12405133247375488,0.9608992338180542,0.5853239297866821,0.4182649850845337,-0.3200119137763977,0.943760097026825,0.4319630563259125,0.4176671802997589,-0.09353971481323242,0.961972713470459,0.5836843848228455,0.3971739411354065,-0.2958771586418152,0.9404797554016113,0.4434296488761902,0.4118202328681946,-0.07091664522886276,0.9607899785041809,0.5710781812667847,0.39626893401145935,-0.2663974165916443,0.9379949569702148,0.5772651433944702,0.7097079157829285,-0.006671832408756018,0.9920786023139954,0.4562299847602844,0.7134758234024048,0.0075362371280789375,0.9927996397018433,0.5713186860084534,0.9565509557723999,-0.022404734045267105,0.8631128072738647,0.44683584570884705,0.9829756021499634,0.06909136474132538,0.8402503728866577,0.5827184915542603,1.2924526929855347,0.15846635401248932,0.14228326082229614,0.4495287835597992,1.2939350605010986,0.34896719455718994,0.09527388215065002,0.578032374382019,1.3302844762802124,0.17019067704677582,0.1254216581583023,0.4509204030036926,1.3278419971466064,0.37424156069755554,0.07061894237995148,0.584494948387146,1.3881745338439941,0.02234809473156929,0.05809763818979263,0.4478624761104584,1.3831006288528442,0.22141563892364502,0.03805474564433098
2026-04-30T18:50:42.540285,48,0.515394389629364,0.11692772805690765,-0.19957885146141052,0.9995781183242798,0.5255013108253479,0.09838410466909409,-0.1717909723520279,0.9990939497947693,0.5321988463401794,0.09884611517190933,-0.17199675738811493,0.9992239475250244,0.5383617877960205,0.09938818961381912,-0.1720723807811737,0.9990926384925842,0.5052534341812134,0.09799408167600632,-0.1707015037536621,0.9993438720703125,0.498455286026001,0.09824790805578232,-0.17088404297828674,0.9994684457778931,0.4917467534542084,0.09839116781949997,-0.1710958182811737,0.9993923306465149,0.5436265468597412,0.11504433304071426,-0.0068929241970181465,0.9991105198860168,0.48099827766418457,0.11521822959184647,-0.0029726498760282993,0.999541699886322,0.5277665853500366,0.14389890432357788,-0.13577768206596375,0.9994729161262512,0.5020889639854431,0.14074118435382843,-0.13484257459640503,0.9994679093360901,0.6034566164016724,0.2626625597476959,0.009046323597431183,0.9996238946914673,0.42305421829223633,0.2798629403114319,0.04631945490837097,0.9995455145835876,0.6287922859191895,0.4518159031867981,-0.06464246660470963,0.9927774667739868,0.4067901074886322,0.46797436475753784,-0.12000992149114609,0.992306113243103,0.46915489435195923,0.42449039220809937,-0.0992981493473053,0.9784358739852905,0.549211859703064,0.42165088653564453,-0.30145514011383057,0.9731864929199219,0.4340194761753082,0.4399156868457794,-0.13639095425605774,0.9620873332023621,0.5837979316711426,0.4176478087902069,-0.3474542200565338,0.9417110085487366,0.4312424659729004,0.41751793026924133,-0.10450190305709839,0.9630276560783386,0.5824570655822754,0.3974604308605194,-0.323668897151947,0.9381857514381409,0.4427627921104431,0.4114888906478882,-0.08201514184474945,0.9616714119911194,0.5697402954101562,0.3965158462524414,-0.2935260832309723,0.9354758262634277,0.5768637657165527,0.7111805081367493,-0.0070906272158026695,0.992530882358551,0.45553961396217346,0.7145667672157288,0.007956455461680889,0.9930763244628906,0.570571780204773,0.9568967819213867,-0.026391515508294106,0.8678525686264038,0.4467957615852356,0.9823592305183411,0.07757066935300827,0.8434038162231445,0.5828124284744263,1.2885105609893799,0.1489013135433197,0.14379990100860596,0.4499700963497162,1.2893565893173218,0.35265761613845825,0.09406553953886032,0.5781055092811584,1.3263858556747437,0.1601836085319519,0.12726204097270966,0.451293408870697,1.3228040933609009,0.3767905831336975,0.07095135003328323,0.5848579406738281,1.3821474313735962,0.009714500978589058,0.05850375071167946,0.4481886327266693,1.377107858657837,0.2222680300474167,0.037649400532245636
2026-04-30T18:50:42.644612,49,0.5153310894966125,0.11690940707921982,-0.1978829950094223,0.9995948076248169,0.5250650644302368,0.09837689995765686,-0.16980931162834167,0.9991285800933838,0.5316387414932251,0.0988396480679512,-0.17000940442085266,0.9992645382881165,0.537689208984375,0.09938652068376541,-0.17008335888385773,0.9991354942321777,0.5049611330032349,0.09796803444623947,-0.168664813041687,0.9993665814399719,0.4981846809387207,0.09820606559515,-0.1688460111618042,0.9994890093803406,0.49142369627952576,0.09834109991788864,-0.1690506786108017,0.9994073510169983,0.542646050453186,0.11502128094434738,-0.004426582250744104,0.9991676807403564,0.4803294539451599,0.115055151283741,-0.000693661393597722,0.9995543956756592,0.5274782776832581,0.14394180476665497,-0.13404187560081482,0.9994766712188721,0.5018573999404907,0.14077885448932648,-0.13314327597618103,0.9994658827781677,0.6028667688369751,0.26299139857292175,0.009789734147489071,0.999622642993927,0.4226546883583069,0.2800692021846771,0.04812028259038925,0.9995355606079102,0.6274449825286865,0.4518321752548218,-0.06685078889131546,0.9932437539100647,0.40612858533859253,0.4677219092845917,-0.12396495044231415,0.9921128749847412,0.46859437227249146,0.4244476854801178,-0.1047624722123146,0.9795746803283691,0.5481593012809753,0.4210161566734314,-0.3069619834423065,0.9727502465248108,0.43342190980911255,0.440022736787796,-0.14226052165031433,0.9635385274887085,0.5823577046394348,0.4171503484249115,-0.35324063897132874,0.9407961368560791,0.43058890104293823,0.417639821767807,-0.11048091948032379,0.9643653035163879,0.580807626247406,0.39747169613838196,-0.32805532217025757,0.9370466470718384,0.44210830330848694,0.41159048676490784,-0.0874926745891571,0.9628808498382568,0.5682334303855896,0.3963424861431122,-0.29846468567848206,0.9342079162597656,0.5762955546379089,0.712013304233551,-0.007281162776052952,0.9929722547531128,0.4549980163574219,0.7148959636688232,0.008138993754982948,0.9933785796165466,0.5698839426040649,0.9571642279624939,-0.03164251893758774,0.8718575239181519,0.4458518624305725,0.9827459454536438,0.07705061137676239,0.8472435474395752,0.5827256441116333,1.2894386053085327,0.14888311922550201,0.1426003873348236,0.4453858435153961,1.2901625633239746,0.349530965089798,0.09275197982788086,0.5781266093254089,1.3273212909698486,0.16041536629199982,0.12608493864536285,0.4469384551048279,1.3237019777297974,0.37280935049057007,0.07030686736106873,0.5852906703948975,1.3825199604034424,0.008715474978089333,0.0576515756547451,0.44326597452163696,1.377764344215393,0.21976175904273987,0.03697581961750984
2026-04-30T18:50:42.756630,50,0.513995349407196,0.11821305751800537,-0.1952705830335617,0.999602735042572,0.523466944694519,0.0989980399608612,-0.16766829788684845,0.9991444945335388,0.5300804376602173,0.0992870181798935,-0.16786175966262817,0.999290406703949,0.5362104773521423,0.0997082069516182,-0.16793662309646606,0.999160885810852,0.5035088658332825,0.09898678213357925,-0.16601736843585968,0.9993749856948853,0.4967419505119324,0.09926793724298477,-0.1661968231201172,0.9994984865188599,0.49003109335899353,0.09941918402910233,-0.16640451550483704,0.9994093775749207,0.5414601564407349,0.11502625793218613,-0.0036004811991006136,0.999210000038147,0.4793891906738281,0.11549017578363419,0.0022580879740417004,0.9995582699775696,0.5264055132865906,0.1454872041940689,-0.13188841938972473,0.9994670748710632,0.500920832157135,0.14270928502082825,-0.1303185075521469,0.9994512796401978,0.6024245619773865,0.2637709677219391,0.010458456352353096,0.9996129870414734,0.42244982719421387,0.28024423122406006,0.04799659177660942,0.9995247721672058,0.6258963942527771,0.4518257677555084,-0.0696270763874054,0.9936076998710632,0.406170517206192,0.46777719259262085,-0.12851901352405548,0.9919050335884094,0.46847718954086304,0.4237977862358093,-0.1086689829826355,0.980412483215332,0.546879768371582,0.4212006628513336,-0.30935680866241455,0.9719746112823486,0.4334767758846283,0.4394758641719818,-0.1460447609424591,0.9644826054573059,0.5816115140914917,0.4172206223011017,-0.356003999710083,0.9393336772918701,0.4308469295501709,0.41657283902168274,-0.11529894918203354,0.9652080535888672,0.5799721479415894,0.39810365438461304,-0.3305685520172119,0.9353518486022949,0.4422356188297272,0.41040050983428955,-0.09192712604999542,0.963593065738678,0.5670236349105835,0.39655816555023193,-0.3008563220500946,0.9323383569717407,0.5758338570594788,0.7137923836708069,-0.007162871304899454,0.9933443665504456,0.4545484483242035,0.7161048054695129,0.00802087876945734,0.99364173412323,0.5692709684371948,0.9576539397239685,-0.0311830285936594,0.8741881251335144,0.44564157724380493,0.9825463891029358,0.07177897542715073,0.8504090905189514,0.5823932886123657,1.2893426418304443,0.15694794058799744,0.1409940868616104,0.4427468180656433,1.2899757623672485,0.32974034547805786,0.09175391495227814,0.5777807831764221,1.3268558979034424,0.16972807049751282,0.12484138458967209,0.4442211091518402,1.323394536972046,0.3514114022254944,0.06975352019071579,0.5853546857833862,1.3823553323745728,0.013247673399746418,0.05687566101551056,0.4415872097015381,1.3778406381607056,0.19194313883781433,0.03651168942451477
2026-04-30T18:50:42.870166,51,0.5123266577720642,0.11802658438682556,-0.20732422173023224,0.9996088147163391,0.5216568112373352,0.09895708411931992,-0.17895741760730743,0.9991524815559387,0.528430163860321,0.09925861656665802,-0.1791447401046753,0.9993094205856323,0.5347062945365906,0.09969166666269302,-0.17922033369541168,0.9991766214370728,0.5014857649803162,0.09897134453058243,-0.17747828364372253,0.9993820190429688,0.4945591390132904,0.09923221170902252,-0.17766739428043365,0.9995065927505493,0.4878651201725006,0.09937529265880585,-0.17789886891841888,0.9994110465049744,0.540563702583313,0.11502329260110855,-0.012249207124114037,0.9992416501045227,0.4778080880641937,0.11547644436359406,-0.006575165782123804,0.9995644688606262,0.525314450263977,0.14549115300178528,-0.14289087057113647,0.9994598627090454,0.4995145797729492,0.1427139788866043,-0.1413843035697937,0.9994410872459412,0.6022297739982605,0.2647225856781006,0.007999309338629246,0.9995964765548706,0.42193809151649475,0.28047627210617065,0.036639563739299774,0.9995231628417969,0.6251803636550903,0.45128414034843445,-0.06859651952981949,0.9938493967056274,0.40533557534217834,0.46779096126556396,-0.1301708072423935,0.9918659329414368,0.4680570065975189,0.42383021116256714,-0.10351867973804474,0.9805743098258972,0.5470886826515198,0.42170318961143494,-0.3005112111568451,0.9712502360343933,0.4333256781101227,0.43955495953559875,-0.1385304033756256,0.9641155004501343,0.5820496082305908,0.4187573790550232,-0.34377455711364746,0.9374493360519409,0.43064460158348083,0.4166564643383026,-0.10779211670160294,0.9647462964057922,0.5804222822189331,0.3988276720046997,-0.31651973724365234,0.9331800937652588,0.4420105516910553,0.41043129563331604,-0.08682097494602203,0.9629350900650024,0.5673220753669739,0.3978847563266754,-0.2901708781719208,0.9299163222312927,0.575300931930542,0.7139030694961548,-0.007107315119355917,0.9937018156051636,0.4542117118835449,0.7162303924560547,0.007962065748870373,0.9939016103744507,0.5686692595481873,0.9586353302001953,-0.031081493943929672,0.8770842552185059,0.44455450773239136,0.9831138849258423,0.06867988407611847,0.8516855239868164,0.5796135663986206,1.2901527881622314,0.15690019726753235,0.14005202054977417,0.4421103894710541,1.288012146949768,0.38336628675460815,0.08790865540504456,0.5756134390830994,1.327820897102356,0.1696673333644867,0.12360862642526627,0.443530797958374,1.3192498683929443,0.41392040252685547,0.06770892441272736,0.5810843706130981,1.3829960823059082,0.011864008381962776,0.05637092888355255,0.44024261832237244,1.3748661279678345,0.2701717019081116,0.03523551672697067
2026-04-30T18:50:42.975024,52,0.508755624294281,0.1180538684129715,-0.19507837295532227,0.9996172785758972,0.5193384885787964,0.09910295158624649,-0.1677493304014206,0.9991647005081177,0.526427149772644,0.099419504404068,-0.16793590784072876,0.9993329048156738,0.5330154299736023,0.09987619519233704,-0.16799838840961456,0.9991968274116516,0.49907612800598145,0.0991167351603508,-0.1643405705690384,0.9993905425071716,0.49220341444015503,0.09937665611505508,-0.16453400254249573,0.9995182156562805,0.4857862889766693,0.09953542798757553,-0.16476331651210785,0.9994154572486877,0.5400370359420776,0.11533021181821823,-0.0063472711481153965,0.9992772340774536,0.47719115018844604,0.11572965979576111,0.007333898451179266,0.999570906162262,0.5227658152580261,0.14553549885749817,-0.1329871118068695,0.999448299407959,0.49621742963790894,0.14276163280010223,-0.12913447618484497,0.9994239807128906,0.6017995476722717,0.2650790810585022,0.010721879079937935,0.9995841383934021,0.4219147562980652,0.2807226777076721,0.048525113612413406,0.9995162487030029,0.6248355507850647,0.4512128531932831,-0.06637834012508392,0.9942001700401306,0.40523386001586914,0.46729758381843567,-0.11905292421579361,0.9917734861373901,0.46778541803359985,0.42385101318359375,-0.09518706798553467,0.9813803434371948,0.5461755394935608,0.4228641092777252,-0.2916831374168396,0.9708949327468872,0.4330930709838867,0.4401777386665344,-0.12960878014564514,0.9652325510978699,0.5813341736793518,0.4200790524482727,-0.3370155990123749,0.9368259906768799,0.4304513931274414,0.4172745943069458,-0.10091505944728851,0.9657950401306152,0.5793998837471008,0.40092897415161133,-0.31021425127983093,0.9323523640632629,0.44173765182495117,0.41091302037239075,-0.07887859642505646,0.9639605283737183,0.5665237903594971,0.40145355463027954,-0.28211408853530884,0.9290574789047241,0.5747109055519104,0.7146346569061279,-0.007211326155811548,0.9940944910049438,0.4534544348716736,0.7163143754005432,0.008058929815888405,0.9942295551300049,0.567524254322052,0.9603798985481262,-0.031031254678964615,0.8800431489944458,0.44346708059310913,0.9844930768013,0.06176328659057617,0.856096088886261,0.5792348980903625,1.2918670177459717,0.15790417790412903,0.13745161890983582,0.4379875063896179,1.291158676147461,0.3663162589073181,0.08606543391942978,0.5755312442779541,1.3295968770980835,0.17075017094612122,0.12102214246988297,0.4390794336795807,1.322462797164917,0.39574509859085083,0.06618967652320862,0.5804423093795776,1.3839730024337769,0.011140582151710987,0.05492048338055611,0.4373432695865631,1.3779865503311157,0.24627229571342468,0.03426801785826683
2026-04-30T18:50:43.081061,53,0.5084378719329834,0.11847814917564392,-0.19060000777244568,0.9996256828308105,0.51917964220047,0.09963253885507584,-0.1634836345911026,0.9991803169250488,0.526302695274353,0.10001412034034729,-0.1636771857738495,0.9993563294410706,0.5328989028930664,0.1005438044667244,-0.16374702751636505,0.9992200136184692,0.4987249970436096,0.09955678135156631,-0.1609642207622528,0.9993992447853088,0.49186015129089355,0.09982060641050339,-0.16114191710948944,0.9995284080505371,0.48539838194847107,0.0999828651547432,-0.16135317087173462,0.9994190335273743,0.5400365591049194,0.11608579754829407,-0.0023320699110627174,0.9993114471435547,0.47688716650009155,0.11642308533191681,0.007646999321877956,0.9995756149291992,0.5227128267288208,0.14632385969161987,-0.1283508837223053,0.9994399547576904,0.4960322976112366,0.1435246616601944,-0.12576329708099365,0.9994092583656311,0.6011618375778198,0.26527735590934753,0.014132976531982422,0.9995823502540588,0.4217722415924072,0.28088444471359253,0.052048034965991974,0.9995028972625732,0.6247857213020325,0.4512251615524292,-0.06001005694270134,0.9945366978645325,0.40493065118789673,0.4672045111656189,-0.10686472803354263,0.9916068315505981,0.46713805198669434,0.42431506514549255,-0.08993981778621674,0.9823463559150696,0.5445600152015686,0.42312702536582947,-0.2731076776981354,0.9708564281463623,0.43224844336509705,0.4408748745918274,-0.12478701770305634,0.9667185544967651,0.5796412229537964,0.421936571598053,-0.31810861825942993,0.9368800520896912,0.4294968247413635,0.41783326864242554,-0.09653499722480774,0.9672250151634216,0.5777912139892578,0.4035036861896515,-0.2931796908378601,0.9323274493217468,0.4408225119113922,0.41148707270622253,-0.07368220388889313,0.9653801321983337,0.5644994974136353,0.4026533365249634,-0.2642304599285126,0.9290081262588501,0.5745676755905151,0.7138974070549011,-0.007100089453160763,0.9944220781326294,0.4532187879085541,0.7158563733100891,0.007934501394629478,0.9944769740104675,0.5676366090774536,0.9610122442245483,-0.030939627438783646,0.8822550177574158,0.44288069009780884,0.9846249222755432,0.049894388765096664,0.8598487377166748,0.5792768001556396,1.292324423789978,0.1613873988389969,0.1347561925649643,0.436903178691864,1.2916313409805298,0.3069479167461395,0.08499015867710114,0.5758033990859985,1.3301831483840942,0.1747589409351349,0.11835378408432007,0.4379376769065857,1.3232253789901733,0.329066663980484,0.06492733955383301,0.5807822942733765,1.3846852779388428,0.016902148723602295,0.053403161466121674,0.4366682171821594,1.3782223463058472,0.16898328065872192,0.03351430222392082
2026-04-30T18:50:43.188529,54,0.5086579918861389,0.11848334968090057,-0.19301071763038635,0.9996342658996582,0.5192592144012451,0.09959244728088379,-0.16570134460926056,0.9991974234580994,0.5263272523880005,0.09998136013746262,-0.1658913493156433,0.9993779063224792,0.5328632593154907,0.10051511228084564,-0.16596035659313202,0.9992421269416809,0.4987197816371918,0.09954579919576645,-0.1637454330921173,0.9994114637374878,0.491821825504303,0.09984246641397476,-0.1639156937599182,0.9995400309562683,0.48527202010154724,0.10007086396217346,-0.1641238033771515,0.9994279146194458,0.539828896522522,0.11607932299375534,-0.003819439560174942,0.9993420839309692,0.4764680862426758,0.11682004481554031,0.0034909802488982677,0.9995846748352051,0.5228827595710754,0.14640706777572632,-0.1304340958595276,0.9994366765022278,0.4962095618247986,0.14373143017292023,-0.1285916268825531,0.9994046688079834,0.6009581089019775,0.2659481167793274,0.014000932686030865,0.9995704293251038,0.4217447340488434,0.2809542119503021,0.04886249080300331,0.9994949102401733,0.6244128942489624,0.4512697458267212,-0.059492625296115875,0.9947854280471802,0.4038180410861969,0.46722230315208435,-0.10826778411865234,0.9915434718132019,0.4667972922325134,0.4242047071456909,-0.08857062458992004,0.982951819896698,0.5446198582649231,0.42321449518203735,-0.26755404472351074,0.9705183506011963,0.43187910318374634,0.4409371316432953,-0.12308847904205322,0.9674415588378906,0.5799241662025452,0.42197316884994507,-0.3108290135860443,0.9361114501953125,0.42912206053733826,0.4178813099861145,-0.09436764568090439,0.9678768515586853,0.5781051516532898,0.40351602435112,-0.2859834134578705,0.9314188957214355,0.44044002890586853,0.4115193486213684,-0.07223577052354813,0.9659702181816101,0.5648837089538574,0.4026269316673279,-0.2583594024181366,0.927960216999054,0.5742816925048828,0.7136597037315369,-0.0069784121587872505,0.9946755766868591,0.45304837822914124,0.7155048251152039,0.007798588834702969,0.9946771860122681,0.5676738023757935,0.9610681533813477,-0.02528967335820198,0.8845813870429993,0.44238919019699097,0.9846606850624084,0.04581397771835327,0.8632298707962036,0.5793077945709229,1.2926406860351562,0.1685391217470169,0.1339998096227646,0.4372369647026062,1.2921340465545654,0.3051060736179352,0.08395496010780334,0.5758793354034424,1.330378770828247,0.18188591301441193,0.1169528216123581,0.4383549690246582,1.3239490985870361,0.3277217447757721,0.06387077271938324,0.5808836221694946,1.3851878643035889,0.02481697127223015,0.05284518375992775,0.4368897080421448,1.379101276397705,0.16922633349895477,0.0330539233982563
2026-04-30T18:50:43.297229,55,0.507980465888977,0.11902778595685959,-0.19061797857284546,0.9996452927589417,0.5188775062561035,0.09988632798194885,-0.16327393054962158,0.9992235898971558,0.5259929895401001,0.10022427141666412,-0.1634557545185089,0.999402642250061,0.532557487487793,0.1007474809885025,-0.1635328233242035,0.9992709159851074,0.4981878399848938,0.10011433064937592,-0.16130372881889343,0.9994288086891174,0.4912789762020111,0.10048739612102509,-0.1614554077386856,0.9995538592338562,0.48471277952194214,0.10077962279319763,-0.16164705157279968,0.9994423389434814,0.5396649241447449,0.11639247089624405,-0.0008622183231636882,0.9993751049041748,0.47611913084983826,0.11761301010847092,0.00656794011592865,0.9995955228805542,0.5225397348403931,0.1469276249408722,-0.12774886190891266,0.9994459748268127,0.49559593200683594,0.14456528425216675,-0.12582509219646454,0.999412477016449,0.6004735231399536,0.2660878598690033,0.017592651769518852,0.9995722770690918,0.42170387506484985,0.2809644043445587,0.0511707067489624,0.9994964599609375,0.6232067942619324,0.45132774114608765,-0.053877778351306915,0.9949741363525391,0.40376004576683044,0.4671364724636078,-0.10847959667444229,0.9914591312408447,0.46671897172927856,0.42423370480537415,-0.08211386948823929,0.9834600687026978,0.5447860956192017,0.4229256212711334,-0.268655002117157,0.9704310297966003,0.4319528639316559,0.4409835934638977,-0.11708630621433258,0.9679667353630066,0.5801375508308411,0.4218192398548126,-0.3122040331363678,0.9358591437339783,0.4292755126953125,0.41792261600494385,-0.08828835934400558,0.9683337211608887,0.5783432722091675,0.4031291902065277,-0.28750914335250854,0.9310544729232788,0.44053930044174194,0.41157296299934387,-0.06585820019245148,0.966327428817749,0.5651518106460571,0.4021550416946411,-0.25954777002334595,0.9273378849029541,0.5740967392921448,0.713440477848053,-0.006948880851268768,0.9949235320091248,0.452920138835907,0.715211033821106,0.007771940436214209,0.994862973690033,0.5674594640731812,0.9611876606941223,-0.025897711515426636,0.8864647746086121,0.44182467460632324,0.9844516515731812,0.040227942168712616,0.8664978742599487,0.5781581997871399,1.2906969785690308,0.1728980392217636,0.13477593660354614,0.43607693910598755,1.2893396615982056,0.3037911355495453,0.0842391848564148,0.5743698477745056,1.3277961015701294,0.18714649975299835,0.1168588250875473,0.4374293386936188,1.3207746744155884,0.3269367218017578,0.06362374871969223,0.5803706645965576,1.383715033531189,0.03078872337937355,0.053144294768571854,0.43537330627441406,1.3770734071731567,0.1697719544172287,0.03320106491446495
2026-04-30T18:50:43.410272,56,0.5073059797286987,0.11943605542182922,-0.18965990841388702,0.9996534585952759,0.5186232924461365,0.10042859613895416,-0.16244147717952728,0.9992374777793884,0.5256584286689758,0.10074982792139053,-0.162618026137352,0.9994198679924011,0.5321210622787476,0.10126151889562607,-0.16268855333328247,0.9992873668670654,0.49815645813941956,0.100798599421978,-0.1600990891456604,0.9994387626647949,0.49136415123939514,0.10122144222259521,-0.16025494039058685,0.9995637536048889,0.48485010862350464,0.10153021663427353,-0.16045020520687103,0.999450147151947,0.5392085313796997,0.11682068556547165,-0.0003746795409824699,0.9993997812271118,0.4761909544467926,0.11777415871620178,0.008764551021158695,0.9996028542518616,0.5216434001922607,0.14712874591350555,-0.1269078254699707,0.9994470477104187,0.49512988328933716,0.1447398066520691,-0.12450019270181656,0.9994131922721863,0.6002954840660095,0.26624247431755066,0.01820906437933445,0.9995707869529724,0.42171940207481384,0.2809184193611145,0.05266757681965828,0.9995045065879822,0.622162938117981,0.4514297842979431,-0.05396028235554695,0.9952032566070557,0.4036386013031006,0.46678152680397034,-0.10904965549707413,0.9915927052497864,0.46632885932922363,0.4241594672203064,-0.08163943886756897,0.9840190410614014,0.5448678731918335,0.4225597083568573,-0.2693901062011719,0.9710387587547302,0.4315633177757263,0.44067618250846863,-0.11631816625595093,0.9686581492424011,0.5803045034408569,0.42123767733573914,-0.31312790513038635,0.9368802309036255,0.4292314052581787,0.4177025854587555,-0.08672292530536652,0.9689592123031616,0.5785268545150757,0.4021144211292267,-0.28817588090896606,0.9320312738418579,0.44043833017349243,0.4114472270011902,-0.06507173925638199,0.966921865940094,0.5653345584869385,0.40107864141464233,-0.26025405526161194,0.9282529354095459,0.5738836526870728,0.7134559750556946,-0.006907803006470203,0.9951862096786499,0.4528299868106842,0.7152311205863953,0.0077301496639847755,0.995083749294281,0.5673444867134094,0.9612537622451782,-0.028984788805246353,0.8873894810676575,0.4418598711490631,0.9840119481086731,0.042960502207279205,0.8685242533683777,0.5782657861709595,1.290385127067566,0.17169195413589478,0.13235948979854584,0.4365134835243225,1.2872583866119385,0.3083650469779968,0.08284083008766174,0.5744543075561523,1.3274964094161987,0.18581867218017578,0.11493606120347977,0.4378929138183594,1.3188223838806152,0.3333354592323303,0.0629860907793045,0.5805677175521851,1.3834153413772583,0.02819480374455452,0.0520409531891346,0.43577519059181213,1.374814510345459,0.17882566154003143,0.03265129774808884
2026-04-30T18:50:43.516054,57,0.5074570775032043,0.11960811167955399,-0.18986350297927856,0.9996650218963623,0.5187253952026367,0.10052766650915146,-0.1625487208366394,0.9992620348930359,0.5257390737533569,0.10085606575012207,-0.16272693872451782,0.9994443655014038,0.5321739912033081,0.10137493908405304,-0.16279758512973785,0.9993140697479248,0.49825501441955566,0.10090551525354385,-0.16049188375473022,0.999455451965332,0.4914706349372864,0.10135793685913086,-0.16064777970314026,0.9995784163475037,0.48495355248451233,0.10168597847223282,-0.16084147989749908,0.9994639158248901,0.5391524434089661,0.11688537150621414,0.00010816500434884802,0.9994309544563293,0.4762764573097229,0.11784464865922928,0.008318593725562096,0.9996147751808167,0.5217323303222656,0.14742018282413483,-0.12693549692630768,0.9994558095932007,0.4952329993247986,0.14500164985656738,-0.1248672753572464,0.9994197487831116,0.5997077226638794,0.2663586735725403,0.01882840134203434,0.9995751976966858,0.4216229319572449,0.2809860408306122,0.052490174770355225,0.9995051622390747,0.6217138171195984,0.45172131061553955,-0.050039250403642654,0.9954262971878052,0.4034622609615326,0.4668651819229126,-0.10887323319911957,0.9916115403175354,0.466177761554718,0.4241977632045746,-0.0743478462100029,0.9846257567405701,0.5449588298797607,0.42247211933135986,-0.2689760625362396,0.9714325666427612,0.4314916133880615,0.4409725069999695,-0.1084132045507431,0.9695616364479065,0.5803357362747192,0.4208322763442993,-0.31250396370887756,0.9376219511032104,0.4292387366294861,0.4177515208721161,-0.078629270195961,0.9698154330253601,0.5785040259361267,0.40133169293403625,-0.28740206360816956,0.9327473640441895,0.44043493270874023,0.4114722013473511,-0.05750475451350212,0.9677814841270447,0.5654700398445129,0.40026170015335083,-0.25974249839782715,0.9289909601211548,0.5734357833862305,0.7125559449195862,-0.006876404397189617,0.9954349994659424,0.4527491629123688,0.7147560119628906,0.007698759436607361,0.995280921459198,0.5671433210372925,0.9608697295188904,-0.029111355543136597,0.8897252678871155,0.44155994057655334,0.9838016033172607,0.04472234472632408,0.8710997104644775,0.5782332420349121,1.2897589206695557,0.1709609031677246,0.13097387552261353,0.43684276938438416,1.2861237525939941,0.31635886430740356,0.0811225175857544,0.5744338035583496,1.3267853260040283,0.18521390855312347,0.11367141455411911,0.4382353723049164,1.3176112174987793,0.3425297439098358,0.062065042555332184,0.5806582570075989,1.3829505443572998,0.02640843391418457,0.05108242854475975,0.4360905587673187,1.3733155727386475,0.19438576698303223,0.03187113627791405
2026-04-30T18:50:43.630588,58,0.5074806213378906,0.11980511248111725,-0.19233955442905426,0.9996744990348816,0.518801212310791,0.10077668726444244,-0.1648102104663849,0.9992815256118774,0.5257973074913025,0.10117952525615692,-0.16498376429080963,0.9994634985923767,0.5322123169898987,0.10177864134311676,-0.16504913568496704,0.9993347525596619,0.4983186721801758,0.1010519415140152,-0.16292449831962585,0.9994698166847229,0.4915462136268616,0.10151393711566925,-0.1630794107913971,0.9995906949043274,0.4850296974182129,0.10184676945209503,-0.16326992213726044,0.9994764924049377,0.5391737818717957,0.11744697391986847,-0.0017000108491629362,0.9994543790817261,0.47630438208580017,0.11810340732336044,0.0055382028222084045,0.9996250867843628,0.521794855594635,0.14772874116897583,-0.12931235134601593,0.999462366104126,0.4952353537082672,0.1450902670621872,-0.12751051783561707,0.9994268417358398,0.5996460318565369,0.2679680287837982,0.018401622772216797,0.9995725154876709,0.42163199186325073,0.28106456995010376,0.05028199404478073,0.9995096921920776,0.6212427020072937,0.4527634382247925,-0.0502563901245594,0.9956276416778564,0.4034777581691742,0.4668726921081543,-0.10922650992870331,0.9917613863945007,0.465871661901474,0.42421528697013855,-0.0749693438410759,0.9852100610733032,0.545521080493927,0.4226857125759125,-0.269275963306427,0.9721211791038513,0.43128687143325806,0.44095712900161743,-0.10991904884576797,0.9703985452651978,0.5808238983154297,0.4208645522594452,-0.31280890107154846,0.9388007521629333,0.4289636015892029,0.4177592992782593,-0.08051852881908417,0.9705971479415894,0.5787760615348816,0.4012429416179657,-0.28720220923423767,0.933921217918396,0.44026127457618713,0.41149967908859253,-0.05845871567726135,0.9685469269752502,0.565921425819397,0.40020692348480225,-0.25985318422317505,0.9300801157951355,0.5731622576713562,0.713435173034668,-0.006553896702826023,0.9956583976745605,0.4526634216308594,0.7151815295219421,0.007359200157225132,0.9954732060432434,0.5669342279434204,0.9614594578742981,-0.0281655453145504,0.8907766342163086,0.4411862790584564,0.9838097095489502,0.04481293261051178,0.8729931116104126,0.5775598883628845,1.2898129224777222,0.17371124029159546,0.12928932905197144,0.43615803122520447,1.2861579656600952,0.3188537061214447,0.07967900484800339,0.5738484859466553,1.3267451524734497,0.18809865415096283,0.11190745234489441,0.4374155104160309,1.317548155784607,0.34545814990997314,0.06097486615180969,0.579836905002594,1.3829749822616577,0.0306853000074625,0.05031410604715347,0.4354167878627777,1.3734476566314697,0.19574005901813507,0.031320441514253616
2026-04-30T18:50:43.739352,59,0.5067731738090515,0.11954285204410553,-0.18870241940021515,0.9996868371963501,0.5185085535049438,0.10071340203285217,-0.16118383407592773,0.9993081092834473,0.5255515575408936,0.10115619748830795,-0.16135850548744202,0.9994876384735107,0.532027006149292,0.10177530348300934,-0.1614321917295456,0.999363124370575,0.49788904190063477,0.10088058561086655,-0.15901921689510345,0.9994853734970093,0.49109601974487305,0.10134626179933548,-0.1591569483280182,0.9996035099029541,0.4845936894416809,0.10170065611600876,-0.15932705998420715,0.999488353729248,0.5391973853111267,0.11746414750814438,0.000475752487545833,0.9994843602180481,0.4763029217720032,0.1180659607052803,0.008897775784134865,0.9996333122253418,0.521255373954773,0.14753587543964386,-0.12633772194385529,0.9994765520095825,0.49470168352127075,0.1448197364807129,-0.12408002465963364,0.9994369149208069,0.5996837019920349,0.26791125535964966,0.018318286165595055,0.9995855093002319,0.42166727781295776,0.2810131311416626,0.05328674986958504,0.9995094537734985,0.6210418939590454,0.4527687132358551,-0.05048400163650513,0.995844304561615,0.4034876227378845,0.4661904275417328,-0.10645347833633423,0.9917003512382507,0.46554070711135864,0.42495837807655334,-0.07552632689476013,0.9858709573745728,0.5455770492553711,0.42270591855049133,-0.267667680978775,0.9721424579620361,0.4305639863014221,0.44393929839134216,-0.11055560410022736,0.9714149832725525,0.5810136198997498,0.4208863377571106,-0.31198564171791077,0.9389669299125671,0.42792290449142456,0.42008858919143677,-0.08127977699041367,0.9715905785560608,0.5789981484413147,0.40122368931770325,-0.28677067160606384,0.9340721964836121,0.43929773569107056,0.4133569300174713,-0.05900714546442032,0.9695321917533875,0.5660730004310608,0.4001092314720154,-0.2586139440536499,0.930166482925415,0.5731650590896606,0.710811197757721,-0.006543463561683893,0.9958161115646362,0.45266908407211304,0.712900698184967,0.0073508163914084435,0.9955542087554932,0.567450761795044,0.9589947462081909,-0.03795209527015686,0.891910970211029,0.44129863381385803,0.9760765433311462,0.04523838683962822,0.875050961971283,0.577563464641571,1.2798484563827515,0.17252026498317719,0.12934553623199463,0.43635377287864685,1.2771931886672974,0.29933205246925354,0.08102598041296005,0.5736117362976074,1.316141128540039,0.18785187602043152,0.1123284101486206,0.43753618001937866,1.3103065490722656,0.3206973075866699,0.06203645467758179,0.579952597618103,1.373564600944519,0.0293920636177063,0.05017384886741638,0.43545565009117126,1.3644243478775024,0.16102252900600433,0.03171076253056526
2026-04-30T18:50:43.851911,60,0.5062087774276733,0.11923117935657501,-0.18903225660324097,0.9996815919876099,0.5181899666786194,0.10043062269687653,-0.16149602830410004,0.9992905855178833,0.5252889394760132,0.10094685107469559,-0.1616697609424591,0.9994814991950989,0.5318225622177124,0.10162252932786942,-0.16174238920211792,0.9993493556976318,0.4973614811897278,0.10057324916124344,-0.15932375192642212,0.9994717836380005,0.4905610680580139,0.10109447687864304,-0.159466952085495,0.9995959997177124,0.48409587144851685,0.10150770843029022,-0.15963953733444214,0.9994754791259766,0.5391939878463745,0.11742427945137024,0.0004828754754271358,0.9994845986366272,0.476271390914917,0.11801062524318695,0.009758821688592434,0.9996265172958374,0.5209234952926636,0.1473068743944168,-0.12655997276306152,0.9994524717330933,0.4942041337490082,0.14452773332595825,-0.12424121797084808,0.9994135499000549,0.599716067314148,0.26806607842445374,0.020160771906375885,0.9995694160461426,0.42166441679000854,0.2810722589492798,0.05417337268590927,0.9995107054710388,0.6204792857170105,0.45277807116508484,-0.03885958716273308,0.9958658814430237,0.4034958779811859,0.4672517478466034,-0.09686891734600067,0.9917723536491394,0.4655567705631256,0.42496731877326965,-0.0471988171339035,0.9855537414550781,0.5460119843482971,0.4241923987865448,-0.23582258820533752,0.9715660810470581,0.4311067461967468,0.44244492053985596,-0.07841730117797852,0.9703850746154785,0.5814949870109558,0.4216875731945038,-0.2770562171936035,0.9374485611915588,0.42918580770492554,0.4187769889831543,-0.04877819865942001,0.9704722166061401,0.5796310901641846,0.4014511704444885,-0.2498328685760498,0.9323117136955261,0.44027644395828247,0.41264715790748596,-0.030479630455374718,0.9683353900909424,0.5665221214294434,0.40077656507492065,-0.22527389228343964,0.9281257390975952,0.5731675624847412,0.7100936770439148,-0.006503989454358816,0.99595707654953,0.45271334052085876,0.7126941680908203,0.007311283610761166,0.9956759214401245,0.5674289464950562,0.9596017003059387,-0.03378644958138466,0.8917348980903625,0.44194307923316956,0.9775238633155823,0.03758736699819565,0.8759838342666626,0.5775771737098694,1.2793824672698975,0.19575919210910797,0.1287839561700821,0.43820318579673767,1.2762378454208374,0.31828776001930237,0.08023625612258911,0.5736171007156372,1.3155834674835205,0.21289730072021484,0.11170005053281784,0.4396180510520935,1.3078632354736328,0.3450661599636078,0.06199114769697189,0.5800589323043823,1.3729805946350098,0.05599069595336914,0.05011823773384094,0.43736839294433594,1.3640732765197754,0.19196465611457825,0.03169025108218193
2026-04-30T18:50:43.961466,61,0.5062706470489502,0.11867634207010269,-0.18927425146102905,0.9996768832206726,0.5182064771652222,0.10012474656105042,-0.1616629809141159,0.9992783069610596,0.5252845287322998,0.10072991997003555,-0.1618354618549347,0.9994785785675049,0.5317980647087097,0.10145974904298782,-0.16190728545188904,0.9993422031402588,0.49737685918807983,0.10013299435377121,-0.1594846397638321,0.9994602799415588,0.49058693647384644,0.10072166472673416,-0.159632608294487,0.9995896816253662,0.4841226637363434,0.10122904926538467,-0.15980729460716248,0.9994639754295349,0.53916996717453,0.11740712076425552,0.0006347232265397906,0.9994871616363525,0.4763011932373047,0.11798318475484848,0.010216361843049526,0.9996181130409241,0.5209491848945618,0.14684844017028809,-0.12673203647136688,0.9994335174560547,0.4942477345466614,0.14405444264411926,-0.12442078441381454,0.9993948340415955,0.5998057723045349,0.26828184723854065,0.020052924752235413,0.9995574951171875,0.42175450921058655,0.2812763750553131,0.054077018052339554,0.9995039701461792,0.6200489401817322,0.4527703821659088,-0.04044259339570999,0.9959386587142944,0.4035066068172455,0.46744105219841003,-0.10043893754482269,0.9918114542961121,0.46566659212112427,0.4249737560749054,-0.05369720607995987,0.9855793714523315,0.5463744401931763,0.424233615398407,-0.23761196434497833,0.9709464907646179,0.4321877062320709,0.4415140151977539,-0.0857686698436737,0.9700944423675537,0.5819173455238342,0.4216917157173157,-0.2779073119163513,0.9360103607177734,0.4307398796081543,0.4182458519935608,-0.054742246866226196,0.970137357711792,0.5802790522575378,0.4014151692390442,-0.25437018275260925,0.9306975603103638,0.4414602220058441,0.41240596771240234,-0.036236125975847244,0.9679080247879028,0.5670112371444702,0.4007683992385864,-0.2281767576932907,0.9262726902961731,0.5731364488601685,0.7095115184783936,-0.006150837056338787,0.996034562587738,0.45271292328834534,0.7121802568435669,0.006963192019611597,0.9957218766212463,0.5675040483474731,0.9596028923988342,-0.03358917683362961,0.892344057559967,0.44271883368492126,0.9765573143959045,0.03780343383550644,0.8774933218955994,0.5778942704200745,1.27309250831604,0.19598020613193512,0.12994007766246796,0.4385915696620941,1.270167589187622,0.3173489570617676,0.08144308626651764,0.5737248063087463,1.3087934255599976,0.21290507912635803,0.1124948114156723,0.44007986783981323,1.3016510009765625,0.3433215916156769,0.06294900923967361,0.5812355279922485,1.3663653135299683,0.05498284846544266,0.05071030557155609,0.43782272934913635,1.3579540252685547,0.18632665276527405,0.03236106038093567
2026-04-30T18:50:44.065220,62,0.506298303604126,0.11819238215684891,-0.18931004405021667,0.9996713399887085,0.5182565450668335,0.09982531517744064,-0.16157260537147522,0.9992656111717224,0.5253239870071411,0.10056007653474808,-0.16174253821372986,0.9994738101959229,0.5318237543106079,0.1013723611831665,-0.16181249916553497,0.9993331432342529,0.49739623069763184,0.09948958456516266,-0.15955395996570587,0.9994516968727112,0.49060970544815063,0.10006643086671829,-0.15970495343208313,0.9995848536491394,0.484149307012558,0.10065246373414993,-0.15988075733184814,0.9994562864303589,0.5392000675201416,0.11739694327116013,0.001231239759363234,0.9994875192642212,0.4763336181640625,0.1177799329161644,0.010004783049225807,0.999614417552948,0.5209706425666809,0.14645794034004211,-0.12660470604896545,0.9994127750396729,0.49427908658981323,0.14359331130981445,-0.12442759424448013,0.9993793368339539,0.5999363660812378,0.26835641264915466,0.022206073626875877,0.999538242816925,0.4217488765716553,0.28137868642807007,0.05392340570688248,0.9994999170303345,0.6200574636459351,0.4527554214000702,-0.037967294454574585,0.995949387550354,0.4034990668296814,0.46863168478012085,-0.10036461055278778,0.9918493628501892,0.4658634662628174,0.4249478876590729,-0.05748223513364792,0.9853718876838684,0.5465012788772583,0.42488351464271545,-0.2387417107820511,0.9703683853149414,0.43280142545700073,0.4410501718521118,-0.09093324840068817,0.9694452285766602,0.5819945931434631,0.4219374358654022,-0.2806064784526825,0.9345843195915222,0.43135809898376465,0.4179782569408417,-0.06124793365597725,0.9694398641586304,0.5804527401924133,0.401418536901474,-0.2550268769264221,0.9291062951087952,0.44206371903419495,0.41223442554473877,-0.04094798490405083,0.967122495174408,0.567172110080719,0.4007887840270996,-0.22885139286518097,0.924433171749115,0.5730624794960022,0.7080870866775513,-0.00552690215408802,0.996112048625946,0.4527398943901062,0.7115815281867981,0.006337044294923544,0.9957956671714783,0.5676257014274597,0.959656298160553,-0.028244122862815857,0.8928224444389343,0.4431478977203369,0.9781671166419983,0.03804374486207962,0.8787355422973633,0.5799249410629272,1.2738163471221924,0.20011582970619202,0.1306678205728531,0.4406494200229645,1.2716420888900757,0.31725242733955383,0.08273854106664658,0.5756903886795044,1.3096822500228882,0.2165408581495285,0.1128159686923027,0.4422985911369324,1.303218126296997,0.34250473976135254,0.06369049102067947,0.5838216543197632,1.366942286491394,0.05578828603029251,0.051066577434539795,0.4401264190673828,1.359488844871521,0.18110257387161255,0.03293822333216667
2026-04-30T18:50:44.172126,63,0.505839467048645,0.11835577338933945,-0.19451944530010223,0.9996659159660339,0.5180539488792419,0.09985414147377014,-0.16781778633594513,0.999253511428833,0.5251970887184143,0.10059439390897751,-0.1679689586162567,0.9994646310806274,0.5317596197128296,0.10142496973276138,-0.16804775595664978,0.9993222951889038,0.4969864785671234,0.09949006140232086,-0.16460929811000824,0.9994410872459412,0.4902309477329254,0.1000613123178482,-0.16474571824073792,0.9995759725570679,0.48379307985305786,0.10063192248344421,-0.164913147687912,0.9994476437568665,0.5392547249794006,0.11745721846818924,-0.007653696928173304,0.9994860887527466,0.4762651026248932,0.11768417060375214,0.006908337119966745,0.9996057748794556,0.5207148790359497,0.1465926468372345,-0.13250526785850525,0.9994016885757446,0.49379438161849976,0.1436842978000641,-0.12854665517807007,0.9993720054626465,0.6001816391944885,0.26821383833885193,0.013912269845604897,0.9995208978652954,0.4217239320278168,0.28138312697410583,0.05076615884900093,0.9995015859603882,0.6200650930404663,0.4525707960128784,-0.03991673141717911,0.9958004355430603,0.4032873511314392,0.46947041153907776,-0.10070657730102539,0.9917325973510742,0.4660622179508209,0.42472729086875916,-0.05787119269371033,0.9844577312469482,0.5468364357948303,0.4250093698501587,-0.24282121658325195,0.9688423871994019,0.4337712228298187,0.43965572118759155,-0.09077537059783936,0.9670860171318054,0.5826581716537476,0.4219440519809723,-0.28535500168800354,0.9313081502914429,0.4325233995914459,0.41691353917121887,-0.061701782047748566,0.9670055508613586,0.5811334848403931,0.40132296085357666,-0.25877755880355835,0.9255656599998474,0.4430414140224457,0.41148459911346436,-0.0416792668402195,0.9644442200660706,0.5677794814109802,0.4006870985031128,-0.23280510306358337,0.9204037189483643,0.5730990171432495,0.7066788077354431,-0.005714169703423977,0.9960228204727173,0.45284613966941833,0.7108781337738037,0.0065236142836511135,0.9957162141799927,0.5679020285606384,0.9596880674362183,-0.02311982773244381,0.8920391798019409,0.44402724504470825,0.9777395129203796,0.03477196767926216,0.8802251219749451,0.5807146430015564,1.2634540796279907,0.2260752022266388,0.13400766253471375,0.4402804970741272,1.2627265453338623,0.30113640427589417,0.08674845099449158,0.5761557221412659,1.2977750301361084,0.24495427310466766,0.11513036489486694,0.4419856071472168,1.2937638759613037,0.3246017098426819,0.06653425097465515,0.5853010416030884,1.3574554920196533,0.08755266666412354,0.05290825664997101,0.43936556577682495,1.3515857458114624,0.16210313141345978,0.03495633974671364
2026-04-30T18:50:44.286234,64,0.5063513517379761,0.11822795122861862,-0.18954989314079285,0.9996421933174133,0.5184653997421265,0.09986400604248047,-0.16169197857379913,0.9991956353187561,0.5254751443862915,0.100626140832901,-0.16185040771961212,0.9994285106658936,0.5319526195526123,0.10148867219686508,-0.16192393004894257,0.9992731213569641,0.4975949227809906,0.09948448091745377,-0.1594388633966446,0.999399721622467,0.49096670746803284,0.10004495829343796,-0.1595977246761322,0.9995490908622742,0.48460307717323303,0.10060278326272964,-0.15978851914405823,0.999413251876831,0.5393521189689636,0.11752878874540329,-0.0011443949770182371,0.9994543790817261,0.4765644967556,0.11762548238039017,0.00936238281428814,0.9995790123939514,0.5208349823951721,0.14614754915237427,-0.12771502137184143,0.9993433356285095,0.4941650927066803,0.14328214526176453,-0.12493006139993668,0.9993160367012024,0.6002628803253174,0.2683202028274536,0.018260102719068527,0.9994887113571167,0.4216423034667969,0.28139957785606384,0.05139300972223282,0.9994939565658569,0.6202961802482605,0.4531981348991394,-0.0393679104745388,0.9957706332206726,0.4031096398830414,0.47137773036956787,-0.09983868896961212,0.991752028465271,0.4660792350769043,0.42494380474090576,-0.05981288105249405,0.9841166138648987,0.5468655824661255,0.42488089203834534,-0.24223101139068604,0.9687517881393433,0.4337678551673889,0.43980422616004944,-0.09316889196634293,0.9662410020828247,0.5826636552810669,0.42184823751449585,-0.2850036323070526,0.930916428565979,0.4325087070465088,0.4172673523426056,-0.06410316377878189,0.9661158323287964,0.5811642408370972,0.4011898338794708,-0.25804489850997925,0.9250859022140503,0.443033367395401,0.41189831495285034,-0.0436784029006958,0.9634931087493896,0.5678178668022156,0.4004400372505188,-0.2320127934217453,0.9197753071784973,0.5731032490730286,0.7070429921150208,-0.005655243527144194,0.9961041808128357,0.45288506150245667,0.7110818028450012,0.006455947645008564,0.9958164095878601,0.5682555437088013,0.9599735140800476,-0.01713075116276741,0.8904268145561218,0.44421476125717163,0.9799630641937256,0.030280258506536484,0.8800549507141113,0.5802927017211914,1.2657129764556885,0.23499687016010284,0.13105091452598572,0.44036513566970825,1.2645171880722046,0.3037014603614807,0.08528027683496475,0.575920045375824,1.3005504608154297,0.2542620897293091,0.11229926347732544,0.44199100136756897,1.2959513664245605,0.32688242197036743,0.065552718937397,0.583750307559967,1.3595653772354126,0.09854035079479218,0.051773637533187866,0.4401146471500397,1.3534882068634033,0.16342081129550934,0.03448271378874779
2026-04-30T18:50:44.399290,65,0.5080980658531189,0.11848580837249756,-0.1993711292743683,0.999609112739563,0.519428551197052,0.0998707264661789,-0.17099441587924957,0.9991168975830078,0.526283860206604,0.10062631219625473,-0.17115658521652222,0.9993765950202942,0.5326163172721863,0.10148622840642929,-0.17122729122638702,0.9992022514343262,0.49837708473205566,0.09954123198986053,-0.17005933821201324,0.9993455410003662,0.49167656898498535,0.100103460252285,-0.17023596167564392,0.9995112419128418,0.4852127134799957,0.10064796358346939,-0.17043909430503845,0.9993640780448914,0.5397031307220459,0.11739935725927353,-0.00610380619764328,0.9994093775749207,0.47658124566078186,0.11761061102151871,-0.0014255136484280229,0.9995454549789429,0.5221618413925171,0.14634546637535095,-0.1354789286851883,0.9992704391479492,0.4954685568809509,0.1437661498785019,-0.1343502700328827,0.9992502331733704,0.6003473401069641,0.26822805404663086,0.015395748429000378,0.9994418621063232,0.42154908180236816,0.2814428210258484,0.04348821938037872,0.9994738101959229,0.620383620262146,0.4531705677509308,-0.03987281396985054,0.9955908060073853,0.4028266370296478,0.4733685553073883,-0.10407610237598419,0.9916288256645203,0.46609264612197876,0.42525404691696167,-0.05169443041086197,0.9830416440963745,0.5468764305114746,0.42504140734672546,-0.24392564594745636,0.9673972129821777,0.43375682830810547,0.44031959772109985,-0.08344103395938873,0.9639376401901245,0.5827540159225464,0.4220585823059082,-0.2860186696052551,0.9281671047210693,0.43248072266578674,0.41778382658958435,-0.05504300445318222,0.963749885559082,0.5813384056091309,0.4012396037578583,-0.25936463475227356,0.9221534132957458,0.4430290758609772,0.4123019278049469,-0.035773880779743195,0.9610113501548767,0.5680752992630005,0.40051478147506714,-0.23372025787830353,0.9165157675743103,0.5731599926948547,0.7076177000999451,-0.005644500255584717,0.9960275292396545,0.4530349671840668,0.7118692994117737,0.006445081438869238,0.995736300945282,0.5685316324234009,0.9616068005561829,-0.017369281500577927,0.8896179795265198,0.4442179203033447,0.9825328588485718,0.03126002103090286,0.878994882106781,0.5797451734542847,1.2671821117401123,0.22334320843219757,0.13108937442302704,0.43992480635643005,1.2656735181808472,0.3106573522090912,0.08444844186306,0.5755184888839722,1.3022733926773071,0.24113838374614716,0.11231706291437149,0.44142037630081177,1.2968336343765259,0.3361389935016632,0.06549688428640366,0.5826835036277771,1.3608049154281616,0.08455353230237961,0.05199329927563667,0.43927162885665894,1.3540531396865845,0.17962656915187836,0.03446965292096138
2026-04-30T18:50:44.512765,66,0.509223997592926,0.11892977356910706,-0.1990286409854889,0.9995756149291992,0.5203571915626526,0.10004629194736481,-0.17074573040008545,0.9990421533584595,0.5270875096321106,0.1008051261305809,-0.17090903222560883,0.9993240833282471,0.533298671245575,0.10164996981620789,-0.17097990214824677,0.9991353154182434,0.4990982413291931,0.09968522936105728,-0.1696116030216217,0.9993004202842712,0.4924007058143616,0.10021974891424179,-0.16978618502616882,0.9994772672653198,0.4859045147895813,0.10073092579841614,-0.16998843848705292,0.9993239045143127,0.5401419401168823,0.11744706332683563,-0.005980802699923515,0.9993566274642944,0.4766501486301422,0.1176254078745842,-0.0023128835018724203,0.9995162487030029,0.5229578614234924,0.14680957794189453,-0.13532154262065887,0.9991984963417053,0.4963091313838959,0.14432352781295776,-0.13395075500011444,0.9991956949234009,0.6005473136901855,0.2683561444282532,0.016298212110996246,0.9993759989738464,0.42146387696266174,0.2817261517047882,0.0417381227016449,0.9994523525238037,0.6203942894935608,0.45321688055992126,-0.03380472585558891,0.9952822923660278,0.40239086747169495,0.47594693303108215,-0.10413682460784912,0.9914221167564392,0.46609625220298767,0.42623770236968994,-0.043850503861904144,0.9817021489143372,0.5470486283302307,0.42723482847213745,-0.23722247779369354,0.9657561779022217,0.43364429473876953,0.44196927547454834,-0.07536526024341583,0.9613330960273743,0.5840075612068176,0.4252642095088959,-0.27714046835899353,0.9249145984649658,0.4322119653224945,0.42007893323898315,-0.048092328011989594,0.961091160774231,0.582838773727417,0.40360763669013977,-0.25127139687538147,0.9186736345291138,0.4429091811180115,0.4143512547016144,-0.02840685471892357,0.9581258893013,0.5696101784706116,0.402334064245224,-0.22676341235637665,0.9126067757606506,0.5732749104499817,0.7079330682754517,-0.0053362855687737465,0.9958857893943787,0.45328330993652344,0.712364137172699,0.00613351259380579,0.9956216812133789,0.5685622096061707,0.9624456763267517,-0.017917539924383163,0.8902199864387512,0.4446864724159241,0.9843596816062927,0.032263513654470444,0.8787482976913452,0.5793410539627075,1.2681567668914795,0.20567336678504944,0.13415215909481049,0.4399988651275635,1.266628623008728,0.31846827268600464,0.0845184326171875,0.5751927495002747,1.3033992052078247,0.22052764892578125,0.11426115781068802,0.4414428174495697,1.297682523727417,0.3448304533958435,0.06558557599782944,0.5820065140724182,1.3615728616714478,0.06491729617118835,0.05357426404953003,0.4392763674259186,1.3548401594161987,0.19312039017677307,0.03484640643000603
2026-04-30T18:50:44.617300,67,0.5092124938964844,0.11921218782663345,-0.20210322737693787,0.9995778203010559,0.5203564167022705,0.1002863422036171,-0.17444303631782532,0.9990406036376953,0.5270904302597046,0.1010080948472023,-0.17460355162620544,0.9993274807929993,0.5333026051521301,0.10183782875537872,-0.17465665936470032,0.9991328120231628,0.49910005927085876,0.10015763342380524,-0.17302194237709045,0.999302327632904,0.49240559339523315,0.10074219107627869,-0.17319941520690918,0.9994809627532959,0.48592066764831543,0.10123614221811295,-0.17340359091758728,0.9993247985839844,0.5402222871780396,0.1176893562078476,-0.010668903589248657,0.9993610978126526,0.4767250120639801,0.1182415559887886,-0.0054448978044092655,0.9995214939117432,0.5230188965797424,0.14702750742435455,-0.13863375782966614,0.9991962909698486,0.4963394105434418,0.1447930634021759,-0.13701312243938446,0.9991961121559143,0.6009385585784912,0.2684161961078644,0.014243793673813343,0.9993727207183838,0.42154961824417114,0.28182241320610046,0.04083628952503204,0.9994595050811768,0.6205853819847107,0.4533610939979553,-0.03532189875841141,0.9953764081001282,0.40209347009658813,0.4759990870952606,-0.10460954904556274,0.9915845394134521,0.4661031663417816,0.42752593755722046,-0.048582565039396286,0.9819332957267761,0.5469152927398682,0.4280291199684143,-0.23782983422279358,0.9662843346595764,0.43362897634506226,0.44404277205467224,-0.08043160289525986,0.9617137312889099,0.5840352177619934,0.4265799820423126,-0.27887314558029175,0.9258050322532654,0.4321175515651703,0.422126829624176,-0.05283502861857414,0.9614391922950745,0.5828776359558105,0.40523865818977356,-0.2523678243160248,0.9195622801780701,0.44282832741737366,0.4161013066768646,-0.032822322100400925,0.9584781527519226,0.5697057247161865,0.40346047282218933,-0.22753334045410156,0.9135358333587646,0.5735396146774292,0.709069013595581,-0.005430945195257664,0.9960089325904846,0.4535360336303711,0.7130587697029114,0.006228245794773102,0.9957370162010193,0.5685639977455139,0.9632862210273743,-0.01830870285630226,0.8913277983665466,0.4447692036628723,0.9853740930557251,0.04439454525709152,0.8791027665138245,0.5793116688728333,1.2729694843292236,0.1887625753879547,0.133994460105896,0.4401493966579437,1.2677592039108276,0.3426092267036438,0.08306824415922165,0.5751993656158447,1.3096204996109009,0.20204412937164307,0.11422879248857498,0.4415760636329651,1.2987456321716309,0.36968860030174255,0.06515273451805115,0.5818827152252197,1.3648476600646973,0.043756432831287384,0.05332404747605324,0.4392012059688568,1.3552899360656738,0.21966853737831116,0.0343252532184124
2026-04-30T18:50:44.724457,68,0.510674238204956,0.12071006000041962,-0.20262253284454346,0.9995747804641724,0.5213560461997986,0.10110601037740707,-0.1749984472990036,0.9990319013595581,0.527929425239563,0.10183464735746384,-0.17515699565410614,0.9993232488632202,0.533990740776062,0.10262326151132584,-0.17520926892757416,0.9991243481636047,0.5000374913215637,0.10091698914766312,-0.1739242821931839,0.9992994666099548,0.4933139681816101,0.10144658386707306,-0.17409177124500275,0.9994788765907288,0.4868756830692291,0.10185951739549637,-0.1742975413799286,0.9993206858634949,0.540629506111145,0.11828747391700745,-0.011283415369689465,0.9993575215339661,0.47701191902160645,0.11871175467967987,-0.007848763838410378,0.999521791934967,0.5240646600723267,0.14876970648765564,-0.13911111652851105,0.9991902709007263,0.49744662642478943,0.1463940590620041,-0.13797235488891602,0.9991944432258606,0.6011108160018921,0.26862823963165283,0.013658406212925911,0.999363899230957,0.4215543866157532,0.2822447717189789,0.03961741179227829,0.9994597434997559,0.6206241846084595,0.4533599019050598,-0.03550569340586662,0.9953817129135132,0.40208178758621216,0.4765854775905609,-0.105063796043396,0.9916061758995056,0.466113418340683,0.4284404218196869,-0.05077975243330002,0.9818916320800781,0.5469387769699097,0.4285869002342224,-0.23969826102256775,0.9663034677505493,0.4336426854133606,0.44526562094688416,-0.0836896151304245,0.9615382552146912,0.5842989683151245,0.4268389940261841,-0.28078708052635193,0.9256852865219116,0.43203607201576233,0.4234728217124939,-0.05544819310307503,0.9612297415733337,0.5831526517868042,0.40574079751968384,-0.25456252694129944,0.9193825721740723,0.4427613615989685,0.4174787700176239,-0.034862469881772995,0.9581941366195679,0.5699738264083862,0.4040548503398895,-0.22943970561027527,0.9132878184318542,0.5736836194992065,0.7104569673538208,-0.005462423898279667,0.9960438013076782,0.45376840233802795,0.7136312127113342,0.006261537317186594,0.9957607984542847,0.5688247680664062,0.9643265604972839,-0.017420928925275803,0.8927592039108276,0.44518035650253296,0.9853006601333618,0.05324332043528557,0.8792130351066589,0.5791906118392944,1.2738808393478394,0.18111024796962738,0.13574419915676117,0.4411562979221344,1.2682206630706787,0.3512815535068512,0.08215536922216415,0.5751405358314514,1.3109543323516846,0.19361551105976105,0.11549625545740128,0.4425864815711975,1.2992827892303467,0.37821510434150696,0.0650695338845253,0.5817347168922424,1.3650200366973877,0.03434740751981735,0.05381635203957558,0.43947935104370117,1.3558300733566284,0.22904889285564423,0.03403715416789055
2026-04-30T18:50:44.830273,69,0.5112197995185852,0.12142305821180344,-0.203765869140625,0.9995718598365784,0.5220392942428589,0.10142631828784943,-0.17603030800819397,0.9990234971046448,0.5287899971008301,0.10217203944921494,-0.17619262635707855,0.999321460723877,0.5347901582717896,0.10294418036937714,-0.17624853551387787,0.9991155862808228,0.5002750158309937,0.10121922194957733,-0.17546764016151428,0.9992996454238892,0.4934927523136139,0.1017264798283577,-0.1756393164396286,0.999480128288269,0.48700636625289917,0.10209086537361145,-0.17585009336471558,0.999319314956665,0.5416055917739868,0.11854395270347595,-0.010944174602627754,0.9993562698364258,0.47702354192733765,0.11886574327945709,-0.008580884896218777,0.99952632188797,0.5250610113143921,0.14973345398902893,-0.1393863409757614,0.9991848468780518,0.49780043959617615,0.14736106991767883,-0.1387549787759781,0.9991945028305054,0.6012996435165405,0.2689274251461029,0.015685882419347763,0.9993510842323303,0.4215194284915924,0.28276950120925903,0.039617229253053665,0.9994592666625977,0.6215639710426331,0.45338666439056396,-0.03491450101137161,0.9953810572624207,0.4019724726676941,0.4768840968608856,-0.10755278170108795,0.9916473627090454,0.46696406602859497,0.4290243685245514,-0.05365925282239914,0.9818484783172607,0.5470085740089417,0.4299907684326172,-0.2494223564863205,0.9664962291717529,0.4341934323310852,0.44649797677993774,-0.08898355066776276,0.9615225791931152,0.5851420164108276,0.42843949794769287,-0.2908443808555603,0.925879716873169,0.4325084090232849,0.42422059178352356,-0.06190819665789604,0.9612152576446533,0.5841262936592102,0.4074914753437042,-0.2656511664390564,0.9195414781570435,0.4431948661804199,0.41810500621795654,-0.03845697641372681,0.9580922722816467,0.5707677602767944,0.40570858120918274,-0.23916535079479218,0.9133617877960205,0.5737530589103699,0.7107459902763367,-0.005310426466166973,0.9960977435112,0.453788697719574,0.7139071226119995,0.006110840477049351,0.9958133697509766,0.5689055919647217,0.9676309823989868,-0.031834378838539124,0.8961440920829773,0.44527655839920044,0.9868306517601013,0.052201081067323685,0.8800366520881653,0.57915860414505,1.277357816696167,0.16531871259212494,0.1392858922481537,0.44291773438453674,1.2735443115234375,0.37620943784713745,0.08103923499584198,0.5752557516098022,1.3149369955062866,0.17841552197933197,0.11756129562854767,0.44426003098487854,1.3036632537841797,0.40637820959091187,0.06431825459003448,0.5811803936958313,1.367903232574463,0.016240429133176804,0.05485862120985985,0.44064751267433167,1.3604884147644043,0.25665539503097534,0.03355780988931656
2026-04-30T18:50:44.939565,70,0.5098994374275208,0.12206383794546127,-0.19482511281967163,0.9995843172073364,0.5216180086135864,0.10214404761791229,-0.16875186562538147,0.9990450739860535,0.5285302400588989,0.10283183306455612,-0.1689043939113617,0.9993407726287842,0.5346786975860596,0.10359276831150055,-0.1689443290233612,0.9991328716278076,0.49976563453674316,0.10193812847137451,-0.166314497590065,0.9993202686309814,0.4930679202079773,0.10234739631414413,-0.16648992896080017,0.9994975328445435,0.4866483807563782,0.1026117280125618,-0.16670763492584229,0.9993388652801514,0.5417305827140808,0.11911043524742126,-0.007997086271643639,0.9993736147880554,0.4770348072052002,0.11908663064241409,0.002175640780478716,0.9995442032814026,0.5246370434761047,0.15016385912895203,-0.13208895921707153,0.9992023706436157,0.49711066484451294,0.14782589673995972,-0.12906500697135925,0.9992150664329529,0.6015002727508545,0.2694869339466095,0.019468383863568306,0.999347448348999,0.4216269552707672,0.2830793261528015,0.04986850172281265,0.9994750618934631,0.6214137077331543,0.45354601740837097,-0.032688695937395096,0.995452880859375,0.40188121795654297,0.47744590044021606,-0.09994805604219437,0.9918545484542847,0.4669764041900635,0.42898961901664734,-0.05227161571383476,0.9819788932800293,0.5467808246612549,0.43044739961624146,-0.24901282787322998,0.9675329923629761,0.434203565120697,0.44644051790237427,-0.08674933016300201,0.9619205594062805,0.5851441621780396,0.42894822359085083,-0.2906726002693176,0.9278995990753174,0.432501882314682,0.42416343092918396,-0.059683073312044144,0.9616014361381531,0.5841372013092041,0.40812569856643677,-0.2653266191482544,0.9216143488883972,0.44319772720336914,0.4180702567100525,-0.03695407509803772,0.9585105776786804,0.570774495601654,0.4063451588153839,-0.23872283101081848,0.9155658483505249,0.5738370418548584,0.7122977375984192,-0.005571176763623953,0.996285617351532,0.45386743545532227,0.7149589657783508,0.006378930993378162,0.9960010647773743,0.5683237314224243,0.9680429697036743,-0.041082751005887985,0.8994888067245483,0.44528093934059143,0.9881435632705688,0.05515536665916443,0.8819730281829834,0.5778845548629761,1.2855701446533203,0.13884982466697693,0.14118313789367676,0.44291168451309204,1.2751944065093994,0.40458041429519653,0.07884323596954346,0.5746251344680786,1.3241130113601685,0.15034504234790802,0.11866559088230133,0.4442519247531891,1.3045560121536255,0.4373190999031067,0.06325983256101608,0.5787414312362671,1.3757166862487793,-0.011319046840071678,0.05507320538163185,0.4404497742652893,1.3618413209915161,0.29743435978889465,0.03261928632855415
2026-04-30T18:50:45.049888,71,0.5098329782485962,0.12236454337835312,-0.19689211249351501,0.9995660185813904,0.5216148495674133,0.1027636006474495,-0.17062699794769287,0.9989945888519287,0.5285273194313049,0.10354503244161606,-0.1707787811756134,0.9993075132369995,0.5346853733062744,0.10440259426832199,-0.1708243191242218,0.9990842342376709,0.49979060888290405,0.1023290827870369,-0.1685645878314972,0.999293863773346,0.4931437373161316,0.10267172008752823,-0.16874361038208008,0.9994795322418213,0.4867805540561676,0.10286791622638702,-0.16897471249103546,0.9993177652359009,0.5419024229049683,0.12027641385793686,-0.009259345009922981,0.999340295791626,0.47734174132347107,0.11920992285013199,-0.0006442238809540868,0.9995325803756714,0.5245922803878784,0.15054188668727875,-0.13389632105827332,0.9991652965545654,0.49710798263549805,0.14804817736148834,-0.13136504590511322,0.9991874694824219,0.6015229821205139,0.26968804001808167,0.019377252086997032,0.9993090033531189,0.42161908745765686,0.2831961214542389,0.046622030436992645,0.9994784593582153,0.6214186549186707,0.4535185992717743,-0.03044688142836094,0.9952784776687622,0.40155282616615295,0.479077011346817,-0.1004391759634018,0.9919148683547974,0.4670383036136627,0.4289877712726593,-0.042353928089141846,0.9809473752975464,0.5467774868011475,0.43175846338272095,-0.24451009929180145,0.9674897193908691,0.434224933385849,0.44635501503944397,-0.07397080957889557,0.9598902463912964,0.5852527618408203,0.43052878975868225,-0.285252183675766,0.927398681640625,0.4325713515281677,0.4241460859775543,-0.04696929082274437,0.9595069289207458,0.5842946171760559,0.40916022658348083,-0.25926175713539124,0.9210134148597717,0.44332098960876465,0.4180540442466736,-0.027005668729543686,0.9562910199165344,0.5710007548332214,0.4073745906352997,-0.23378601670265198,0.9148110151290894,0.573835015296936,0.7122770547866821,-0.005382720846682787,0.9962843060493469,0.45387521386146545,0.7149646878242493,0.00618273951113224,0.9960320591926575,0.5683242678642273,0.9691954851150513,-0.038941800594329834,0.9009016156196594,0.44519132375717163,0.9887145757675171,0.033975712954998016,0.8828129768371582,0.576812744140625,1.2853327989578247,0.14212414622306824,0.14216655492782593,0.4423750936985016,1.2752208709716797,0.385001003742218,0.07735233753919601,0.5739627480506897,1.3236944675445557,0.15325434505939484,0.11846517026424408,0.4436447024345398,1.3044689893722534,0.4136151671409607,0.06240253522992134,0.5770031213760376,1.3756554126739502,-0.006958561949431896,0.05539144575595856,0.4398258328437805,1.3618872165679932,0.26689964532852173,0.03219447657465935
2026-04-30T18:50:45.165089,72,0.5098113417625427,0.1245451271533966,-0.20656609535217285,0.9995700120925903,0.5216740369796753,0.10400179773569107,-0.18106041848659515,0.9990041255950928,0.52865070104599,0.10469961911439896,-0.18122342228889465,0.9993147850036621,0.5348579287528992,0.1054627075791359,-0.18128809332847595,0.9990914463996887,0.49979209899902344,0.10365061461925507,-0.1788870245218277,0.9993011951446533,0.4931478500366211,0.10387016832828522,-0.17905303835868835,0.999485194683075,0.48678261041641235,0.10387379676103592,-0.17926234006881714,0.9993249177932739,0.5424759387969971,0.12096026539802551,-0.019739069044589996,0.9993487000465393,0.47738638520240784,0.11949937790632248,-0.010630442760884762,0.9995390176773071,0.5247174501419067,0.152964249253273,-0.14325271546840668,0.9991737604141235,0.49710822105407715,0.15030735731124878,-0.14066816866397858,0.999196469783783,0.6016637086868286,0.2700783312320709,0.011760542169213295,0.9993069767951965,0.4216441214084625,0.2834259569644928,0.042996473610401154,0.9994842410087585,0.6214643716812134,0.4536396265029907,-0.03239799290895462,0.9952675104141235,0.40157270431518555,0.47984954714775085,-0.1009596437215805,0.9919013977050781,0.4678898751735687,0.42878034710884094,-0.04336097463965416,0.980871319770813,0.5467740893363953,0.4317273199558258,-0.2502129077911377,0.9678828716278076,0.434619277715683,0.44632023572921753,-0.07677920162677765,0.9596807956695557,0.5853375196456909,0.4304809272289276,-0.29123860597610474,0.9280785918235779,0.4332718253135681,0.4240271747112274,-0.04926053807139397,0.9592834115028381,0.584354043006897,0.40912553668022156,-0.2644173502922058,0.9217190146446228,0.4441186785697937,0.4176284074783325,-0.02801315113902092,0.9560211896896362,0.571007251739502,0.40735191106796265,-0.23937109112739563,0.9154065847396851,0.5738404989242554,0.7122337222099304,-0.0055668167769908905,0.9962759017944336,0.45388564467430115,0.7149702310562134,0.006356596946716309,0.996006965637207,0.5683586597442627,0.9694004654884338,-0.0379621796309948,0.9014468193054199,0.44516754150390625,0.9895646572113037,0.0321638248860836,0.8833675384521484,0.5767924189567566,1.282861590385437,0.16137424111366272,0.14179468154907227,0.4416731297969818,1.2724573612213135,0.3638586401939392,0.07633590698242188,0.5739657282829285,1.3202369213104248,0.1758650541305542,0.11777862906455994,0.4428907334804535,1.3010761737823486,0.3934374749660492,0.06187806278467178,0.5768940448760986,1.373358964920044,0.02413933351635933,0.055111028254032135,0.4392430782318115,1.3592807054519653,0.25718894600868225,0.03180934116244316
2026-04-30T18:50:45.272877,73,0.5098304152488708,0.1250024437904358,-0.20628264546394348,0.9995661973953247,0.521783709526062,0.1043364554643631,-0.18058304488658905,0.9989895224571228,0.5287494659423828,0.10508257895708084,-0.18074893951416016,0.9993065595626831,0.5349781513214111,0.10591328144073486,-0.1808169186115265,0.9990754723548889,0.4999969005584717,0.10389154404401779,-0.17855611443519592,0.9992974996566772,0.4934285283088684,0.10409658402204514,-0.17871524393558502,0.9994847178459167,0.48716920614242554,0.10410622507333755,-0.1789185106754303,0.9993246793746948,0.5427209138870239,0.12153900414705276,-0.018806928768754005,0.999337911605835,0.47796931862831116,0.11960580945014954,-0.010250912979245186,0.9995403289794922,0.5247520208358765,0.15356658399105072,-0.1428828239440918,0.9991553425788879,0.4971919059753418,0.15072889626026154,-0.14040298759937286,0.9991884827613831,0.6016868948936462,0.2705720365047455,0.012025674805045128,0.9992755055427551,0.4217897951602936,0.2834473252296448,0.04334920644760132,0.999488890171051,0.6214708089828491,0.4537707567214966,-0.030969515442848206,0.9952117800712585,0.4013320505619049,0.4803037941455841,-0.09844721108675003,0.9919766187667847,0.4678975045681,0.4285506010055542,-0.03598538786172867,0.9804906249046326,0.5467496514320374,0.43337076902389526,-0.24437248706817627,0.9681720733642578,0.43462592363357544,0.4455433487892151,-0.06648387014865875,0.9589966535568237,0.5854052901268005,0.43283143639564514,-0.285057932138443,0.9285731911659241,0.4332716464996338,0.42303311824798584,-0.03948364406824112,0.9585671424865723,0.5844496488571167,0.4115590751171112,-0.25837796926498413,0.9222258925437927,0.44415348768234253,0.41678228974342346,-0.02033153548836708,0.9553039073944092,0.5710148215293884,0.40955621004104614,-0.23349162936210632,0.9158370494842529,0.5738977193832397,0.7129561305046082,-0.005640086252242327,0.9963180422782898,0.4539259076118469,0.715459406375885,0.0064264098182320595,0.9960690140724182,0.568355143070221,0.9698055386543274,-0.03679976612329483,0.9022592902183533,0.4451328217983246,0.9903648495674133,0.03312039375305176,0.8839024901390076,0.5761679410934448,1.2827916145324707,0.1647869050502777,0.14161749184131622,0.44092971086502075,1.2725385427474976,0.3625638782978058,0.07519523799419403,0.5736098885536194,1.3201276063919067,0.17929750680923462,0.11738885194063187,0.4419875741004944,1.3012425899505615,0.3923206031322479,0.06127164885401726,0.5755909085273743,1.3733357191085815,0.025549784302711487,0.0550842359662056,0.43860507011413574,1.359379529953003,0.25200897455215454,0.03145356476306915
2026-04-30T18:50:45.387866,74,0.5076990723609924,0.12500908970832825,-0.19716522097587585,0.9995644688606262,0.5203924775123596,0.10439812391996384,-0.17247340083122253,0.998975396156311,0.5275038480758667,0.10512665659189224,-0.17263172566890717,0.9993038773536682,0.5340113043785095,0.10595988482236862,-0.1726815402507782,0.9990626573562622,0.49925941228866577,0.10399150848388672,-0.1677107810974121,0.9992899894714355,0.49295574426651,0.10419154167175293,-0.16788974404335022,0.9994856119155884,0.4868866503238678,0.10420478135347366,-0.16810095310211182,0.9993220567703247,0.5424817800521851,0.12163761258125305,-0.017730817198753357,0.9993365406990051,0.4783034920692444,0.11961659044027328,0.0030586079228669405,0.9995395541191101,0.5232847929000854,0.15355880558490753,-0.13675354421138763,0.9991300702095032,0.49613770842552185,0.15072058141231537,-0.1309477835893631,0.9991650581359863,0.601758599281311,0.27064910531044006,0.011880375444889069,0.9992495179176331,0.42200160026550293,0.28345993161201477,0.05347796529531479,0.9994924068450928,0.6216181516647339,0.453654408454895,-0.031238144263625145,0.9952784776687622,0.4014355540275574,0.48037418723106384,-0.08608652651309967,0.9920976758003235,0.4679242670536041,0.4275366961956024,-0.03009096346795559,0.980543851852417,0.5466457009315491,0.4332903325557709,-0.23283448815345764,0.9688242077827454,0.43482160568237305,0.4440135657787323,-0.05788532644510269,0.9592046141624451,0.5853740572929382,0.4326164424419403,-0.2741231322288513,0.929976224899292,0.43359875679016113,0.4211045503616333,-0.03269410505890846,0.9587661623954773,0.5844095945358276,0.4114767611026764,-0.24618211388587952,0.9236728549003601,0.4444015920162201,0.41503578424453735,-0.01462293229997158,0.9556504487991333,0.5708912014961243,0.409535676240921,-0.2218637764453888,0.9174047112464905,0.5739210844039917,0.7135173678398132,-0.0069656334817409515,0.9964268207550049,0.4539319574832916,0.7156535983085632,0.007738865911960602,0.9962006211280823,0.5683571100234985,0.9707158803939819,-0.03129812330007553,0.9022796154022217,0.44514936208724976,0.9911953806877136,0.03161119297146797,0.8861056566238403,0.5762911438941956,1.2827688455581665,0.1864427924156189,0.13824141025543213,0.44072502851486206,1.2724767923355103,0.3389912545681,0.07408320903778076,0.5739909410476685,1.32001531124115,0.20282018184661865,0.11470384150743484,0.4417814612388611,1.30125093460083,0.36696702241897583,0.060746822506189346,0.5756543874740601,1.3732984066009521,0.05174713581800461,0.0534866563975811,0.4385986924171448,1.3593279123306274,0.2259228676557541,0.030868057161569595
2026-04-30T18:50:45.494140,75,0.5078336596488953,0.12519066035747528,-0.1944643259048462,0.9995568990707397,0.520663321018219,0.10451929271221161,-0.169258713722229,0.9989546537399292,0.5277274250984192,0.10525783151388168,-0.16941551864147186,0.9992931485176086,0.5342341661453247,0.10610093176364899,-0.16946372389793396,0.9990412592887878,0.49954843521118164,0.1040983572602272,-0.165065735578537,0.9992802143096924,0.49328288435935974,0.1042918786406517,-0.16524633765220642,0.9994813203811646,0.4872860014438629,0.10431154072284698,-0.16546013951301575,0.9993147850036621,0.5426387786865234,0.12175527960062027,-0.013582296669483185,0.9993237853050232,0.4786890149116516,0.11964663118124008,0.004931560251861811,0.9995360374450684,0.5234137177467346,0.15396466851234436,-0.13350912928581238,0.999100923538208,0.4962864816188812,0.15120352804660797,-0.12848123908042908,0.9991443157196045,0.6020182371139526,0.2707720994949341,0.01365999598056078,0.9992245435714722,0.42217183113098145,0.28351303935050964,0.05581650882959366,0.9994913935661316,0.6222929358482361,0.45383384823799133,-0.030026961117982864,0.9952738285064697,0.4014367163181305,0.4808291494846344,-0.08785545080900192,0.9921437501907349,0.46807533502578735,0.4267040193080902,-0.031228303909301758,0.9805001616477966,0.5465673208236694,0.433258056640625,-0.23435553908348083,0.9692956209182739,0.4350941777229309,0.4431423544883728,-0.06002604216337204,0.9592496156692505,0.5853672623634338,0.43251946568489075,-0.2765986919403076,0.930946409702301,0.43395352363586426,0.4197242856025696,-0.03393736481666565,0.9587892293930054,0.584412693977356,0.4113747477531433,-0.24724061787128448,0.9246563911437988,0.4446938931941986,0.41359570622444153,-0.015494003891944885,0.9557176232337952,0.5708171725273132,0.40948736667633057,-0.22293584048748016,0.9183623194694519,0.5740644335746765,0.7153432369232178,-0.007129964418709278,0.9965341687202454,0.45394349098205566,0.7161362767219543,0.007903341203927994,0.9963135719299316,0.5684614181518555,0.9707940816879272,-0.0312185138463974,0.9026249647140503,0.4451023042201996,0.9908114075660706,0.03455527126789093,0.8862098455429077,0.5761802792549133,1.28271484375,0.18525026738643646,0.13668657839298248,0.4401734471321106,1.2724517583847046,0.3630228638648987,0.07262108474969864,0.5739737749099731,1.3199349641799927,0.2015744149684906,0.11338867992162704,0.4410732388496399,1.301206111907959,0.3937229514122009,0.059961795806884766,0.5750988125801086,1.373252272605896,0.051072221249341965,0.05276656895875931,0.4378789961338043,1.3591126203536987,0.2533649802207947,0.030247872695326805
2026-04-30T18:50:45.600295,76,0.50785231590271,0.125412255525589,-0.20229026675224304,0.9995638132095337,0.5207033753395081,0.1046564131975174,-0.17724332213401794,0.9989667534828186,0.5277752876281738,0.1053759753704071,-0.17740298807621002,0.9993010759353638,0.5342847108840942,0.1062176302075386,-0.17745912075042725,0.9990497827529907,0.4995531141757965,0.10434969514608383,-0.17290814220905304,0.9992896914482117,0.4932861328125,0.10459379851818085,-0.17307743430137634,0.9994887709617615,0.4872871935367584,0.10466647893190384,-0.173293337225914,0.9993254542350769,0.5428000688552856,0.12185437977313995,-0.02070523053407669,0.9993310570716858,0.47871536016464233,0.1199326440691948,-0.0018654096638783813,0.9995420575141907,0.5235363841056824,0.15414729714393616,-0.14107120037078857,0.9991087317466736,0.49630206823349,0.15146468579769135,-0.13580991327762604,0.9991540908813477,0.602073073387146,0.2707810699939728,0.004386468790471554,0.9992111921310425,0.42230120301246643,0.28350716829299927,0.05229301005601883,0.9994960427284241,0.6222788095474243,0.45382818579673767,-0.038492601364851,0.9951974749565125,0.40130090713500977,0.48088353872299194,-0.09124769270420074,0.9920775294303894,0.46826767921447754,0.4264119863510132,-0.040464628487825394,0.9800382256507874,0.5459625124931335,0.43322303891181946,-0.24917638301849365,0.9692206978797913,0.43526506423950195,0.44303619861602783,-0.06835772097110748,0.9583513140678406,0.5850085020065308,0.4324427545070648,-0.2921932339668274,0.9309098124504089,0.4340561032295227,0.4196370542049408,-0.044415149837732315,0.9578858613967896,0.584244430065155,0.4116520881652832,-0.2637407183647156,0.924642026424408,0.444804847240448,0.41347840428352356,-0.025708694010972977,0.9548172354698181,0.5705591440200806,0.40968024730682373,-0.2383911907672882,0.9182421565055847,0.5740731358528137,0.7152718901634216,-0.007898645475506783,0.9964847564697266,0.453970730304718,0.7161399722099304,0.008657800033688545,0.9962641596794128,0.5683470964431763,0.9705475568771362,-0.031129661947488785,0.901953935623169,0.4450976252555847,0.9908499121665955,0.030077964067459106,0.8859326243400574,0.572654128074646,1.2802599668502808,0.18969862163066864,0.13566729426383972,0.44017085433006287,1.2708370685577393,0.34447306394577026,0.07198977470397949,0.5703742504119873,1.3165777921676636,0.20645968616008759,0.11261943727731705,0.44107872247695923,1.2993611097335815,0.37396174669265747,0.05992860347032547,0.570362389087677,1.3717516660690308,0.056272827088832855,0.052479274570941925,0.437887966632843,1.3579453229904175,0.2341282069683075,0.030159076675772667
2026-04-30T18:50:45.707646,77,0.5091036558151245,0.1267681121826172,-0.20438167452812195,0.9995604157447815,0.5213823914527893,0.10558377951383591,-0.1786247044801712,0.9989575147628784,0.5283645391464233,0.10627391189336777,-0.17878761887550354,0.9992948174476624,0.5347608923912048,0.10708681493997574,-0.17884716391563416,0.9990386962890625,0.5000727772712708,0.10535493493080139,-0.17570830881595612,0.9992882609367371,0.4937201142311096,0.10559073835611343,-0.1758820116519928,0.9994868040084839,0.4877123236656189,0.10568439215421677,-0.17610828578472137,0.9993237257003784,0.5432084202766418,0.12270757555961609,-0.019712217152118683,0.9993229508399963,0.47878527641296387,0.12070024758577347,-0.006414199713617563,0.9995439052581787,0.5246716141700745,0.15549972653388977,-0.1419358253479004,0.9991073608398438,0.4970865845680237,0.15272483229637146,-0.13835406303405762,0.9991556406021118,0.6022846698760986,0.27155590057373047,0.005596635397523642,0.999201238155365,0.4222920536994934,0.28399422764778137,0.04600146412849426,0.9995028376579285,0.6222814321517944,0.45418277382850647,-0.03775349259376526,0.9950881600379944,0.4011596739292145,0.48225244879722595,-0.10045117139816284,0.992117702960968,0.4687792658805847,0.4267243444919586,-0.04411352053284645,0.9795262217521667,0.5459023714065552,0.43367135524749756,-0.2589401602745056,0.9696109294891357,0.4356479048728943,0.4430990219116211,-0.07384850829839706,0.9574640989303589,0.5850329995155334,0.43240076303482056,-0.30171170830726624,0.9315367937088013,0.43442755937576294,0.41969871520996094,-0.049107134342193604,0.9569779634475708,0.5842581391334534,0.41173306107521057,-0.27530720829963684,0.9252898097038269,0.4451378881931305,0.413600891828537,-0.029532769694924355,0.9538289308547974,0.5705790519714355,0.40985748171806335,-0.24863886833190918,0.9188605546951294,0.5740898847579956,0.7153269648551941,-0.0074727823957800865,0.9965051412582397,0.45397916436195374,0.7161996364593506,0.008238193579018116,0.9962834715843201,0.5682536363601685,0.9710285663604736,-0.03541822358965874,0.9035792946815491,0.4450829029083252,0.9917106032371521,0.030751124024391174,0.8857695460319519,0.5718587636947632,1.2807389497756958,0.16344547271728516,0.13670162856578827,0.44078904390335083,1.2708948850631714,0.3836153745651245,0.06987357139587402,0.5696126222610474,1.3174350261688232,0.17708268761634827,0.1129843145608902,0.44183769822120667,1.299227237701416,0.41787686944007874,0.058753207325935364,0.57012939453125,1.3718618154525757,0.02129765972495079,0.052776824682950974,0.43817704916000366,1.3579362630844116,0.28374823927879333,0.02941753901541233
2026-04-30T18:50:45.816685,78,0.5090575814247131,0.12672287225723267,-0.2043491154909134,0.9995575547218323,0.521388053894043,0.10553289949893951,-0.1783938705921173,0.9989520907402039,0.5283700227737427,0.1062169075012207,-0.1785552203655243,0.9992900490760803,0.534767210483551,0.1070253849029541,-0.17861458659172058,0.9990332126617432,0.5000755190849304,0.10533292591571808,-0.1756180077791214,0.9992878437042236,0.4937213063240051,0.10557679831981659,-0.17578980326652527,0.9994856119155884,0.48771363496780396,0.10567319393157959,-0.17601394653320312,0.9993231892585754,0.543214738368988,0.12263984233140945,-0.019109847024083138,0.9993159770965576,0.47893279790878296,0.12068745493888855,-0.0068456316366791725,0.9995425343513489,0.5246552228927612,0.1554221212863922,-0.1419634222984314,0.9991015195846558,0.49708113074302673,0.1526551991701126,-0.13863082230091095,0.9991553425788879,0.6024412512779236,0.27209603786468506,0.005988017655909061,0.9991745948791504,0.4223085939884186,0.2841432988643646,0.043916232883930206,0.9994988441467285,0.6222839951515198,0.4547322988510132,-0.038230232894420624,0.9949768781661987,0.40124592185020447,0.48222616314888,-0.10217151790857315,0.992053210735321,0.4689475893974304,0.4267759919166565,-0.04423905164003372,0.9789493680000305,0.5458980798721313,0.43382877111434937,-0.25703758001327515,0.9692131280899048,0.43616119027137756,0.44274482131004333,-0.0740717202425003,0.9563632011413574,0.5851133465766907,0.43256819248199463,-0.2986997365951538,0.9306848049163818,0.4348732531070709,0.41936346888542175,-0.048871394246816635,0.9558614492416382,0.5842739343643188,0.4121253192424774,-0.27190932631492615,0.9243460893630981,0.44550085067749023,0.41352999210357666,-0.029478352516889572,0.9526323676109314,0.570608913898468,0.41028401255607605,-0.24647276103496552,0.9177945852279663,0.5741626620292664,0.7153207063674927,-0.007468877825886011,0.9964839220046997,0.45408958196640015,0.7161824107170105,0.008235359564423561,0.9962580800056458,0.5682724714279175,0.9708428978919983,-0.035086534917354584,0.9041166305541992,0.4450332224369049,0.9906503558158875,0.04760561138391495,0.8854468464851379,0.5729115009307861,1.2799197435379028,0.15810273587703705,0.138960599899292,0.44044432044029236,1.268621802330017,0.3801555335521698,0.07005374133586884,0.5703703165054321,1.3167674541473389,0.17088750004768372,0.11471282690763474,0.44150471687316895,1.29738187789917,0.4115772247314453,0.059097275137901306,0.5725616216659546,1.3707122802734375,0.013638848438858986,0.05373901501297951,0.4372154772281647,1.3548495769500732,0.27204522490501404,0.029586467891931534
2026-04-30T18:50:45.921568,79,0.5087405443191528,0.12671558558940887,-0.19996492564678192,0.9995447397232056,0.5212937593460083,0.10561411827802658,-0.173343226313591,0.9989129900932312,0.5283058881759644,0.10631964355707169,-0.17350508272647858,0.9992679953575134,0.5347393155097961,0.10715682059526443,-0.17355723679065704,0.9989960193634033,0.500034749507904,0.10536851733922958,-0.1708470582962036,0.9992676973342896,0.4937136173248291,0.10559859871864319,-0.17103226482868195,0.9994744062423706,0.4877144396305084,0.10568346828222275,-0.17126598954200745,0.9993062019348145,0.5432215929031372,0.12297610193490982,-0.012533999979496002,0.9992890357971191,0.4792570471763611,0.120717853307724,-0.0018966097850352526,0.9995330572128296,0.5244520902633667,0.15538638830184937,-0.13726980984210968,0.9990614652633667,0.49694833159446716,0.15262143313884735,-0.13440975546836853,0.9991230368614197,0.6025081872940063,0.27250558137893677,0.014758525416254997,0.9991480112075806,0.4223026633262634,0.2842339277267456,0.04667024314403534,0.9994994401931763,0.6222833395004272,0.45550665259361267,-0.03016377054154873,0.9949793815612793,0.4011634886264801,0.4826447367668152,-0.09855171293020248,0.9921711683273315,0.4688964784145355,0.428404301404953,-0.03971070796251297,0.9789369106292725,0.5459751486778259,0.4347690939903259,-0.248627707362175,0.969702422618866,0.43606051802635193,0.4445033073425293,-0.06990115344524384,0.9564529657363892,0.5854508876800537,0.4337288439273834,-0.2897849380970001,0.9315018057823181,0.43472060561180115,0.421432226896286,-0.044233135879039764,0.9559500217437744,0.5845993161201477,0.41257962584495544,-0.2625259757041931,0.9251582622528076,0.4453636705875397,0.4155530631542206,-0.02465170994400978,0.952736496925354,0.5710271000862122,0.41070854663848877,-0.23744285106658936,0.9186304211616516,0.5741574764251709,0.7163333892822266,-0.006899299565702677,0.9965647459030151,0.45408114790916443,0.7172949314117432,0.0076584480702877045,0.9963609576225281,0.5677734613418579,0.9747822284698486,-0.03528808057308197,0.9042743444442749,0.4447873532772064,0.9931095838546753,0.035393837839365005,0.8854811787605286,0.5726208090782166,1.2848294973373413,0.16086885333061218,0.13638482987880707,0.4399193823337555,1.275002360343933,0.37635618448257446,0.0679977536201477,0.5702468752861023,1.3222962617874146,0.174014151096344,0.11243407428264618,0.44080811738967896,1.3033338785171509,0.4078368544578552,0.05758371204137802,0.5719121694564819,1.3750345706939697,0.017484275624155998,0.05259419605135918,0.43703755736351013,1.360641360282898,0.2667725086212158,0.028730908408761024
2026-04-30T18:50:46.033317,80,0.5089666843414307,0.12794819474220276,-0.20509202778339386,0.9995307922363281,0.521504819393158,0.10642462223768234,-0.17905935645103455,0.9988785982131958,0.5285056829452515,0.10710354149341583,-0.17922398447990417,0.9992455840110779,0.5349260568618774,0.10791011154651642,-0.17928436398506165,0.9989609122276306,0.5001540184020996,0.1061006486415863,-0.17683695256710052,0.9992486834526062,0.4938015341758728,0.10624547302722931,-0.17702093720436096,0.9994611740112305,0.48779192566871643,0.10624625533819199,-0.17725403606891632,0.9992882013320923,0.5433858036994934,0.12349208444356918,-0.016820352524518967,0.9992696642875671,0.47926902770996094,0.1209176704287529,-0.007275222335010767,0.999525785446167,0.5246847867965698,0.1567344069480896,-0.14145642518997192,0.9990410804748535,0.4970420002937317,0.15376098453998566,-0.13892322778701782,0.9991065263748169,0.6028258204460144,0.2727212607860565,0.013703214935958385,0.9991369247436523,0.42214235663414,0.2842714190483093,0.043308090418577194,0.9995034337043762,0.6223715543746948,0.45612961053848267,-0.03491368889808655,0.9949578642845154,0.40107232332229614,0.4831182062625885,-0.1093788743019104,0.9922454953193665,0.46889710426330566,0.4284718930721283,-0.04794325679540634,0.978739857673645,0.5459893941879272,0.43475255370140076,-0.26535579562187195,0.9701749682426453,0.43604904413223267,0.44455766677856445,-0.07843489944934845,0.9560539722442627,0.5856696367263794,0.43367353081703186,-0.3076886832714081,0.9322001934051514,0.43466290831565857,0.4214824438095093,-0.0505051389336586,0.9555299282073975,0.5846056342124939,0.41253215074539185,-0.27950888872146606,0.9258497357368469,0.44531503319740295,0.41560158133506775,-0.03194696083664894,0.9522734880447388,0.5710436105728149,0.41065698862075806,-0.254106342792511,0.919325590133667,0.5741626024246216,0.7167863845825195,-0.006849684752523899,0.9966168403625488,0.45406490564346313,0.7173363566398621,0.007607000879943371,0.9964224696159363,0.5677627325057983,0.9746701121330261,-0.035129182040691376,0.9045901298522949,0.4446313977241516,0.9930010437965393,0.0378289557993412,0.8850415945053101,0.5734546780586243,1.286183476448059,0.16241133213043213,0.1352902054786682,0.4396677613258362,1.2755205631256104,0.3855818212032318,0.06664468348026276,0.5713878870010376,1.3239086866378784,0.17583376169204712,0.11135131865739822,0.44057363271713257,1.303844928741455,0.41789883375167847,0.05669255927205086,0.572902262210846,1.3759315013885498,0.019695131108164787,0.05200840160250664,0.4367195665836334,1.3610649108886719,0.2749320864677429,0.028134839609265327
2026-04-30T18:50:46.139876,81,0.5085490942001343,0.12793025374412537,-0.20508615672588348,0.9995313882827759,0.521377444267273,0.10648699849843979,-0.17905817925930023,0.9988754987716675,0.5284085273742676,0.1071820929646492,-0.17922484874725342,0.9992468357086182,0.534866452217102,0.10800941288471222,-0.17928604781627655,0.9989581108093262,0.5000500082969666,0.10612278431653976,-0.17664432525634766,0.9992467164993286,0.49373310804367065,0.10626044124364853,-0.17682604491710663,0.9994611144065857,0.4877469539642334,0.10625538229942322,-0.1770569086074829,0.9992842078208923,0.5433924794197083,0.12367931008338928,-0.01767466776072979,0.9992708563804626,0.4793095588684082,0.12091825902462006,-0.007134946994483471,0.9995234608650208,0.5243664979934692,0.1567186564207077,-0.14178410172462463,0.9990426301956177,0.49670475721359253,0.15374144911766052,-0.13891811668872833,0.9991008043289185,0.6033221483230591,0.2727293372154236,0.011664310470223427,0.9991457462310791,0.42214274406433105,0.2843506932258606,0.043629132211208344,0.9995066523551941,0.6234146952629089,0.45650190114974976,-0.037459515035152435,0.9950452446937561,0.4010688364505768,0.48305436968803406,-0.10803304612636566,0.9922432899475098,0.46886706352233887,0.42963096499443054,-0.05102111026644707,0.9789673686027527,0.5458641052246094,0.4347393214702606,-0.2637983560562134,0.9705691337585449,0.43587222695350647,0.44609567523002625,-0.08127461373806,0.9564446806907654,0.5857051610946655,0.4333934783935547,-0.30568066239356995,0.9329262375831604,0.4343717694282532,0.4225284457206726,-0.05365300178527832,0.9559405446052551,0.5847170948982239,0.41219568252563477,-0.27812913060188293,0.9265562295913696,0.4450550675392151,0.41672787070274353,-0.03492412343621254,0.9526930451393127,0.5711339116096497,0.41064199805259705,-0.25278836488723755,0.920023500919342,0.5740775465965271,0.7174111008644104,-0.0068509140983223915,0.9967057108879089,0.45403558015823364,0.7173446416854858,0.007607399486005306,0.9964970350265503,0.5676037669181824,0.9739312529563904,-0.035029321908950806,0.9046656489372253,0.4445580840110779,0.9929805994033813,0.03768682852387428,0.8853098154067993,0.5741594433784485,1.2882405519485474,0.16285395622253418,0.1335023194551468,0.43791264295578003,1.2761143445968628,0.3816894292831421,0.06532010436058044,0.5721836090087891,1.3263280391693115,0.1764814704656601,0.10958240926265717,0.43880659341812134,1.3045661449432373,0.41344770789146423,0.05568813532590866,0.5739706754684448,1.3779370784759521,0.018908271566033363,0.051033176481723785,0.4347616732120514,1.3615009784698486,0.27056336402893066,0.02749812975525856
2026-04-30T18:50:46.244038,82,0.5083892345428467,0.12723714113235474,-0.20554569363594055,0.9995138049125671,0.521303653717041,0.10620438307523727,-0.17917509377002716,0.9988288283348083,0.5283672213554382,0.10693402588367462,-0.1793428361415863,0.99921715259552,0.5348480343818665,0.10779616981744766,-0.1794041097164154,0.9989144206047058,0.4999407231807709,0.10588783770799637,-0.1769600510597229,0.999216616153717,0.49361127614974976,0.1060953363776207,-0.17714115977287292,0.9994407892227173,0.487591415643692,0.10614404827356339,-0.1773718148469925,0.999255895614624,0.5434011220932007,0.1235380694270134,-0.017534105107188225,0.9992390871047974,0.47930803894996643,0.12092091143131256,-0.007457144558429718,0.9995045065879822,0.5243206024169922,0.15594854950904846,-0.14204904437065125,0.9990066885948181,0.4966292977333069,0.15311165153980255,-0.13948525488376617,0.9990660548210144,0.6035439968109131,0.2726829946041107,0.012111393734812737,0.9991329312324524,0.4221457839012146,0.284364253282547,0.04322633892297745,0.999500572681427,0.6234511137008667,0.45680174231529236,-0.0358603410422802,0.9949920773506165,0.40105152130126953,0.4831402897834778,-0.10582838207483292,0.9921790361404419,0.46886974573135376,0.4301914572715759,-0.051288772374391556,0.9787548184394836,0.5459745526313782,0.4355367422103882,-0.25487586855888367,0.9703893065452576,0.43589743971824646,0.4465586543083191,-0.08198663592338562,0.9560668468475342,0.585938036441803,0.4345809519290924,-0.2963886260986328,0.9325008988380432,0.4343739151954651,0.4232405126094818,-0.05491676181554794,0.9555758833885193,0.5850130915641785,0.4130387604236603,-0.2697281241416931,0.9260886311531067,0.4450545310974121,0.4174569845199585,-0.03546961396932602,0.9522688388824463,0.5713914632797241,0.41125038266181946,-0.24401259422302246,0.9193984866142273,0.5740806460380554,0.7171139121055603,-0.00628253910690546,0.9967003464698792,0.45403796434402466,0.7172905802726746,0.0070249224081635475,0.9964888095855713,0.5673873424530029,0.9739473462104797,-0.03532065451145172,0.9037265181541443,0.4446140229701996,0.993330717086792,0.02629024349153042,0.8838750720024109,0.5741612911224365,1.2880839109420776,0.17373809218406677,0.13205108046531677,0.4382430613040924,1.276671051979065,0.3683975636959076,0.06442653387784958,0.5721797943115234,1.3260776996612549,0.18923604488372803,0.10821843892335892,0.4391082227230072,1.3051471710205078,0.4000529646873474,0.05494540557265282,0.5739009976387024,1.3778928518295288,0.03040594980120659,0.05048012360930443,0.43532127141952515,1.3623305559158325,0.2531636953353882,0.027203315868973732
2026-04-30T18:50:46.348027,83,0.5082208514213562,0.12739555537700653,-0.20924043655395508,0.9995279908180237,0.5211756229400635,0.10626690834760666,-0.18318411707878113,0.9988600015640259,0.5283105373382568,0.10695727169513702,-0.1833496391773224,0.9992397427558899,0.5348195433616638,0.10780005156993866,-0.18341103196144104,0.9989418983459473,0.49957793951034546,0.1060514748096466,-0.180555522441864,0.9992368221282959,0.49316877126693726,0.10626950114965439,-0.18072691559791565,0.9994553327560425,0.4870333671569824,0.10630270093679428,-0.1809423863887787,0.9992722272872925,0.5434070825576782,0.12347106635570526,-0.021436918526887894,0.9992627501487732,0.4789188504219055,0.120993971824646,-0.009955296292901039,0.9995177388191223,0.5243147611618042,0.15598663687705994,-0.14569905400276184,0.9990375638008118,0.4963923990726471,0.15321755409240723,-0.14263078570365906,0.9990918636322021,0.6035692095756531,0.27267277240753174,0.010177223943173885,0.999155580997467,0.4221571087837219,0.2843863070011139,0.04315432906150818,0.9995091557502747,0.6244090795516968,0.4573806822299957,-0.03667299821972847,0.9950897693634033,0.40100160241127014,0.48311880230903625,-0.10563088953495026,0.9922147393226624,0.4688759446144104,0.4305253028869629,-0.051423996686935425,0.9791167974472046,0.5460875034332275,0.4357500970363617,-0.2546394467353821,0.9706319570541382,0.43588417768478394,0.4469636082649231,-0.08204598724842072,0.956716001033783,0.5860761404037476,0.43459510803222656,-0.2961803078651428,0.9329140186309814,0.4343505799770355,0.4236568212509155,-0.05486467480659485,0.9562247395515442,0.5851389765739441,0.4130307137966156,-0.26946821808815,0.9264802932739258,0.4450545907020569,0.4177902042865753,-0.035430289804935455,0.952907383441925,0.5714768171310425,0.41124382615089417,-0.24377484619617462,0.9197923541069031,0.5740935802459717,0.7167393565177917,-0.006701563484966755,0.9967591762542725,0.45404180884361267,0.7170348763465881,0.00745104905217886,0.9965287446975708,0.5673856139183044,0.9713308215141296,-0.03647257387638092,0.9048282504081726,0.44460931420326233,0.9935823082923889,0.027305224910378456,0.8839383125305176,0.5733227729797363,1.2871832847595215,0.1736440360546112,0.13210727274417877,0.4383774399757385,1.2764573097229004,0.38236725330352783,0.06344041228294373,0.5714175701141357,1.324981451034546,0.18921241164207458,0.10837375372648239,0.43925684690475464,1.3048856258392334,0.4158124029636383,0.054642725735902786,0.5721162557601929,1.3775883913040161,0.0312647670507431,0.05032587796449661,0.4353172779083252,1.362147569656372,0.27724960446357727,0.026785049587488174
2026-04-30T18:50:46.459283,84,0.5082135796546936,0.1274612993001938,-0.21151521801948547,0.9995394945144653,0.5211682319641113,0.10635501891374588,-0.18544599413871765,0.9988836050033569,0.5283105373382568,0.10701339691877365,-0.18561884760856628,0.999257504940033,0.5348207950592041,0.10782558470964432,-0.18568600714206696,0.9989638924598694,0.49950671195983887,0.10622876137495041,-0.1832023561000824,0.9992532730102539,0.4930744171142578,0.10645721852779388,-0.1833784282207489,0.9994671940803528,0.48689764738082886,0.10646502673625946,-0.18359941244125366,0.9992850422859192,0.5434678792953491,0.123472198843956,-0.023245420306921005,0.9992801547050476,0.47887691855430603,0.12113849818706512,-0.013696630485355854,0.9995280504226685,0.5244008302688599,0.15599240362644196,-0.1478455662727356,0.9990644454956055,0.4963913559913635,0.15325351059436798,-0.1452995240688324,0.9991140961647034,0.6036471128463745,0.2726992070674896,0.00868830643594265,0.9991742372512817,0.422183096408844,0.28439557552337646,0.04151172190904617,0.9995119571685791,0.6246494054794312,0.45780137181282043,-0.0392029844224453,0.9952160120010376,0.40100589394569397,0.48302385210990906,-0.1060490757226944,0.9922799468040466,0.468877375125885,0.4309566617012024,-0.06254689395427704,0.9796940684318542,0.5461575388908386,0.4357752203941345,-0.2577612102031708,0.9712074995040894,0.43588829040527344,0.44747602939605713,-0.09402263164520264,0.9578871726989746,0.5862232446670532,0.4345777630805969,-0.2991495132446289,0.9340393543243408,0.43434080481529236,0.42416948080062866,-0.0664767250418663,0.95741206407547,0.5852854251861572,0.4131968915462494,-0.27181103825569153,0.9276480674743652,0.44503718614578247,0.41838493943214417,-0.046290770173072815,0.9540872573852539,0.5715972781181335,0.41135576367378235,-0.24653847515583038,0.9209680557250977,0.5743452906608582,0.7165676951408386,-0.006768754217773676,0.9968088269233704,0.45415401458740234,0.7169780135154724,0.007514692842960358,0.9965574145317078,0.5673204660415649,0.9706606268882751,-0.04483773559331894,0.9063008427619934,0.44459977746009827,0.9937947988510132,0.032832298427820206,0.8836762309074402,0.5728472471237183,1.2870861291885376,0.16679969429969788,0.1321231722831726,0.43929481506347656,1.2780802249908447,0.38942402601242065,0.06277032196521759,0.5710890889167786,1.3248790502548218,0.18247511982917786,0.10823564231395721,0.4404119849205017,1.306566834449768,0.42257553339004517,0.054046206176280975,0.5709202885627747,1.3775662183761597,0.026052499189972878,0.05020958185195923,0.4361575245857239,1.3643944263458252,0.2815474271774292,0.02644234523177147
2026-04-30T18:50:46.563590,85,0.507882297039032,0.1274585872888565,-0.21111826598644257,0.9995580911636353,0.5208696126937866,0.10635479539632797,-0.1849995255470276,0.9989259839057922,0.5280963778495789,0.10700658708810806,-0.18517126142978668,0.9992876052856445,0.5346760749816895,0.10780802369117737,-0.185237318277359,0.9990034699440002,0.49903687834739685,0.10622981190681458,-0.18274328112602234,0.9992824196815491,0.49251168966293335,0.10645758360624313,-0.18291854858398438,0.9994878768920898,0.4862259328365326,0.10646356642246246,-0.1831388771533966,0.9993094801902771,0.5434019565582275,0.12339549511671066,-0.022953931242227554,0.9993098378181458,0.47839245200157166,0.12114345282316208,-0.013321186415851116,0.9995464086532593,0.5243082046508789,0.15599919855594635,-0.14751054346561432,0.999104380607605,0.49603182077407837,0.1532895267009735,-0.14495806396007538,0.999149739742279,0.6036676168441772,0.27274370193481445,0.009352128021419048,0.9991967678070068,0.4221538007259369,0.28451013565063477,0.041567422449588776,0.9995195269584656,0.6256155967712402,0.4578092694282532,-0.03964904695749283,0.9953751564025879,0.4008702337741852,0.48300954699516296,-0.1058725118637085,0.9923774600028992,0.46945223212242126,0.43084657192230225,-0.06949757784605026,0.9804236888885498,0.5461853742599487,0.4356209337711334,-0.2584412693977356,0.9717393517494202,0.4361353814601898,0.44752854108810425,-0.10257770121097565,0.9593058228492737,0.5864818692207336,0.43391093611717224,-0.29974502325057983,0.9350928664207458,0.43443626165390015,0.42423853278160095,-0.0740874782204628,0.9588369727134705,0.585361659526825,0.4129769206047058,-0.27264028787612915,0.9287173748016357,0.44513973593711853,0.418397456407547,-0.05305672436952591,0.9555113315582275,0.5716033577919006,0.4111239016056061,-0.24730703234672546,0.9220881462097168,0.574436366558075,0.7165575623512268,-0.006745906081050634,0.9968972206115723,0.4541575014591217,0.7170006036758423,0.007491900119930506,0.9966455101966858,0.567355751991272,0.9706721901893616,-0.044268898665905,0.9090995788574219,0.44456610083580017,0.9946926832199097,0.04297437518835068,0.8853911757469177,0.573861837387085,1.2885277271270752,0.155374675989151,0.13558825850486755,0.43988966941833496,1.2830253839492798,0.3945164978504181,0.0631612166762352,0.5721907615661621,1.3265113830566406,0.16909505426883698,0.11034585535526276,0.44108644127845764,1.312078833580017,0.42693275213241577,0.05399687960743904,0.5724695324897766,1.3792978525161743,0.010902704671025276,0.05120520666241646,0.436424195766449,1.369391679763794,0.2850700914859772,0.026446271687746048
2026-04-30T18:50:46.678376,86,0.507618248462677,0.12682096660137177,-0.20872044563293457,0.9995741248130798,0.5205346345901489,0.10618765652179718,-0.18180139362812042,0.9989649653434753,0.5277984142303467,0.10685764253139496,-0.18197688460350037,0.999315083026886,0.5344282388687134,0.10765589773654938,-0.1820422261953354,0.9990406632423401,0.4986966550350189,0.105922631919384,-0.17982348799705505,0.9993075728416443,0.4921579957008362,0.10614334791898727,-0.1799912005662918,0.9995060563087463,0.4858540892601013,0.10618782043457031,-0.18020512163639069,0.9993319511413574,0.5431381464004517,0.12304157763719559,-0.01812557876110077,0.9993367195129395,0.47820621728897095,0.12100090831518173,-0.009631315246224403,0.9995620846748352,0.5239952802658081,0.15493032336235046,-0.1449204385280609,0.999139130115509,0.4958609938621521,0.15242575109004974,-0.14257197082042694,0.9991764426231384,0.6036681532859802,0.2723627984523773,0.014561946503818035,0.999222993850708,0.42214542627334595,0.2847047746181488,0.043043237179517746,0.999525785446167,0.6256685853004456,0.45744219422340393,-0.036783602088689804,0.9954580068588257,0.4007940888404846,0.4827723801136017,-0.09992709010839462,0.992385983467102,0.46948519349098206,0.4308421015739441,-0.0677248165011406,0.9807964563369751,0.5461881160736084,0.43549686670303345,-0.24904033541679382,0.9720398187637329,0.43615245819091797,0.447683185338974,-0.10119958966970444,0.9600061774253845,0.5864365696907043,0.433662086725235,-0.29112714529037476,0.935695230960846,0.43443989753723145,0.4244139790534973,-0.07368111610412598,0.9595640897750854,0.5853140950202942,0.4127999246120453,-0.2657446265220642,0.9293689131736755,0.44513922929763794,0.4185177981853485,-0.05183173343539238,0.956231951713562,0.5715658664703369,0.4109955132007599,-0.2387046068906784,0.9228441119194031,0.5744655132293701,0.7156546115875244,-0.006462809629738331,0.9969859719276428,0.454195111989975,0.7165192365646362,0.007211574353277683,0.9967114329338074,0.5673462748527527,0.9739846587181091,-0.04837054759263992,0.9117528200149536,0.4444459080696106,0.9971933364868164,0.03009013831615448,0.8875223398208618,0.5751615166664124,1.2898133993148804,0.14899322390556335,0.13891634345054626,0.43989020586013794,1.28293776512146,0.3920537233352661,0.062772236764431,0.5733738541603088,1.327946424484253,0.16250838339328766,0.11189444363117218,0.44109106063842773,1.3116719722747803,0.4235216975212097,0.053656384348869324,0.5755600929260254,1.3804740905761719,0.0045876270160079,0.05194685980677605,0.4363490045070648,1.3693013191223145,0.28308969736099243,0.0262653399258852
2026-04-30T18:50:46.804476,87,0.5057714581489563,0.12435732036828995,-0.20222099125385284,0.9995795488357544,0.518558144569397,0.10492881387472153,-0.17571626603603363,0.9989745020866394,0.5259398221969604,0.1057329922914505,-0.17589345574378967,0.9993250370025635,0.5327696204185486,0.1066351979970932,-0.1759597361087799,0.9990521669387817,0.4971884787082672,0.1047377735376358,-0.17282138764858246,0.9993125200271606,0.4907976984977722,0.10518968105316162,-0.17299184203147888,0.9995107650756836,0.484659343957901,0.10551329702138901,-0.17321762442588806,0.9993343949317932,0.5419861078262329,0.12263026833534241,-0.015408538281917572,0.9993468523025513,0.4780566692352295,0.12092306464910507,-0.0029586381278932095,0.9995645880699158,0.5221220254898071,0.15161389112472534,-0.14016759395599365,0.9991512894630432,0.4944690763950348,0.14973828196525574,-0.1366557776927948,0.9991794228553772,0.6036342978477478,0.27180910110473633,0.01659446395933628,0.9992352724075317,0.42221373319625854,0.28471803665161133,0.045411914587020874,0.9995234608650208,0.6263450980186462,0.45697349309921265,-0.03543021157383919,0.9955697059631348,0.4005744457244873,0.48245880007743835,-0.09670543670654297,0.9924220442771912,0.4699631333351135,0.4307329058647156,-0.06686608493328094,0.9813107848167419,0.5458472371101379,0.4352460205554962,-0.24590721726417542,0.9724330902099609,0.43669161200523376,0.4477129280567169,-0.1000271588563919,0.9610637426376343,0.5860997438430786,0.4332776367664337,-0.2879665195941925,0.9365313649177551,0.4347657561302185,0.4246230125427246,-0.0721091702580452,0.9606358408927917,0.5848908424377441,0.4125814735889435,-0.2622579038143158,0.9302049875259399,0.4453502297401428,0.41868913173675537,-0.050793349742889404,0.9573335647583008,0.5710895657539368,0.4109387695789337,-0.23554036021232605,0.9237362146377563,0.5744712352752686,0.7154694199562073,-0.005971989128738642,0.9970996379852295,0.45419907569885254,0.7161726355552673,0.006710211280733347,0.9968200922012329,0.5673377513885498,0.971540093421936,-0.05115852877497673,0.9123401641845703,0.4444170892238617,0.9971578121185303,0.028681036084890366,0.8878313302993774,0.5751796364784241,1.2906438112258911,0.14985744655132294,0.1376674920320511,0.439892441034317,1.2837004661560059,0.3878995180130005,0.062014129012823105,0.5733895897865295,1.3286166191101074,0.16376714408397675,0.11046747118234634,0.4410942494869232,1.3124436140060425,0.41965150833129883,0.05265223979949951,0.5755406618118286,1.3814773559570312,0.0049964431673288345,0.051304891705513,0.4363687038421631,1.370131015777588,0.2769095301628113,0.025891344994306564
2026-04-30T18:50:46.910192,88,0.5055660009384155,0.12460676580667496,-0.19714577496051788,0.9995860457420349,0.5183869004249573,0.1051957830786705,-0.17073623836040497,0.9989883303642273,0.525778591632843,0.10593350976705551,-0.17090609669685364,0.9993367195129395,0.5326300859451294,0.1067880168557167,-0.17096595466136932,0.9990655779838562,0.49699264764785767,0.10503795742988586,-0.1671728789806366,0.9993214011192322,0.4906342029571533,0.10545112192630768,-0.16734108328819275,0.9995177984237671,0.48454150557518005,0.10572274774312973,-0.16756342351436615,0.9993405938148499,0.5419539213180542,0.12266082316637039,-0.010601432994008064,0.9993617534637451,0.47801804542541504,0.12104527652263641,0.005179509986191988,0.9995704293251038,0.5220435261726379,0.15182356536388397,-0.13490711152553558,0.9991661310195923,0.49432310461997986,0.14990535378456116,-0.1305026262998581,0.9991847276687622,0.6036736965179443,0.2715979516506195,0.018520019948482513,0.999255359172821,0.4222588539123535,0.28518858551979065,0.05414365604519844,0.9995263814926147,0.6284794807434082,0.4559241235256195,-0.035107601433992386,0.9956657886505127,0.40040311217308044,0.48242515325546265,-0.09289386123418808,0.9923924207687378,0.47002434730529785,0.4307575523853302,-0.05896655470132828,0.9816506505012512,0.5452257394790649,0.43524062633514404,-0.24572613835334778,0.9725942611694336,0.43677863478660583,0.4478082060813904,-0.09257402271032333,0.9616608023643494,0.5853146314620972,0.4331662058830261,-0.28817880153656006,0.9369143843650818,0.4348067343235016,0.4251141846179962,-0.06482528150081635,0.9612366557121277,0.583751380443573,0.41256657242774963,-0.26237723231315613,0.9305648803710938,0.4453636109828949,0.4193305969238281,-0.04282844811677933,0.9579848647117615,0.5697861909866333,0.41103360056877136,-0.2354394644498825,0.924188494682312,0.5744941830635071,0.716949462890625,-0.006522170267999172,0.9972037076950073,0.4541900157928467,0.7172090411186218,0.007279622368514538,0.9969120025634766,0.5673168301582336,0.9743658304214478,-0.05377085879445076,0.913766622543335,0.4439845681190491,0.9975112080574036,0.030061379075050354,0.8891176581382751,0.5751984715461731,1.2951734066009521,0.14054405689239502,0.13785886764526367,0.4387943744659424,1.2852857112884521,0.3930337429046631,0.06137879565358162,0.5734158158302307,1.3337957859039307,0.15353834629058838,0.11017876118421555,0.44016584753990173,1.3139692544937134,0.42618489265441895,0.05209745094180107,0.5755594968795776,1.3858238458633423,-0.008579177781939507,0.05106562748551369,0.43452078104019165,1.3716275691986084,0.28529900312423706,0.02554767020046711
2026-04-30T18:50:47.016201,89,0.5050682425498962,0.12579648196697235,-0.19628901779651642,0.999578058719635,0.5179784297943115,0.10622883588075638,-0.17083197832107544,0.998953640460968,0.5253580212593079,0.10678870230913162,-0.17099669575691223,0.9993172287940979,0.5321645736694336,0.10750828683376312,-0.17105361819267273,0.9990301132202148,0.49675995111465454,0.10614919662475586,-0.16683635115623474,0.9993038773536682,0.4904913306236267,0.10645778477191925,-0.16701418161392212,0.9995090365409851,0.48446306586265564,0.10666242986917496,-0.1672445833683014,0.9993270635604858,0.5417792797088623,0.1230098083615303,-0.012167911045253277,0.9993427991867065,0.4780924916267395,0.12173303216695786,0.004696985706686974,0.999565064907074,0.5216332674026489,0.15292488038539886,-0.1347530037164688,0.9991413950920105,0.49399465322494507,0.15084411203861237,-0.12968596816062927,0.9991690516471863,0.6036699414253235,0.27167633175849915,0.015189449302852154,0.9992383718490601,0.4227251410484314,0.2852087914943695,0.054167211055755615,0.9995326995849609,0.6294673085212708,0.4543832242488861,-0.035092078149318695,0.9957090020179749,0.3991706073284149,0.48096963763237,-0.08897899091243744,0.9925917387008667,0.4689381718635559,0.4306798577308655,-0.03737359121441841,0.9816007614135742,0.5453107953071594,0.436496764421463,-0.2302604615688324,0.9730276465415955,0.4365767538547516,0.4461570978164673,-0.06657518446445465,0.9615684747695923,0.5850261449813843,0.4348636269569397,-0.27079907059669495,0.9377222061157227,0.43471822142601013,0.4245200455188751,-0.039293982088565826,0.9611169099807739,0.5835690498352051,0.41378167271614075,-0.24291983246803284,0.9313925504684448,0.4453105330467224,0.41912946105003357,-0.02077922783792019,0.9579246640205383,0.5692352056503296,0.4127901792526245,-0.21864819526672363,0.9251134395599365,0.5745384097099304,0.7172147631645203,-0.007339353673160076,0.9972605109214783,0.4543720781803131,0.7174345254898071,0.008095528930425644,0.9969857335090637,0.5672506093978882,0.9753931164741516,-0.05364718288183212,0.9133329391479492,0.4439818859100342,0.9974765181541443,0.036205992102622986,0.88910973072052,0.5755831599235535,1.294901967048645,0.14359118044376373,0.1357317566871643,0.4388023018836975,1.2850865125656128,0.391200453042984,0.06068811193108559,0.5739036798477173,1.3334152698516846,0.15688249468803406,0.10902268439531326,0.44017142057418823,1.3137494325637817,0.4241485595703125,0.05188779532909393,0.5755940675735474,1.3856414556503296,-0.005770414136350155,0.05025400221347809,0.4346034526824951,1.371412992477417,0.283279150724411,0.025234417989850044
2026-04-30T18:50:47.135635,90,0.5047975778579712,0.1264713555574417,-0.20025034248828888,0.9996041059494019,0.5177281498908997,0.10634912550449371,-0.17663004994392395,0.9990018606185913,0.5252337455749512,0.10684814304113388,-0.17678190767765045,0.9993522763252258,0.5321166515350342,0.10754485428333282,-0.17680293321609497,0.9990711808204651,0.49628037214279175,0.1064223125576973,-0.17185428738594055,0.9993404746055603,0.49002543091773987,0.10674729198217392,-0.1720387041568756,0.9995369911193848,0.48401951789855957,0.1069721058011055,-0.17229606211185455,0.9993627667427063,0.5420025587081909,0.1230146661400795,-0.025405574589967728,0.9993680715560913,0.4779645800590515,0.12221534550189972,-0.003752404823899269,0.9995943903923035,0.5216730833053589,0.15393222868442535,-0.14112326502799988,0.9991858005523682,0.4938484728336334,0.1518716812133789,-0.13492128252983093,0.9992250800132751,0.6058228015899658,0.27221938967704773,0.007751088589429855,0.9992552399635315,0.42355233430862427,0.28521817922592163,0.03479202836751938,0.9995580315589905,0.63564532995224,0.45185738801956177,-0.03997073322534561,0.995934247970581,0.386179655790329,0.4779447615146637,-0.10580311715602875,0.9932177066802979,0.4735429286956787,0.4280468225479126,-0.05539444833993912,0.9826043248176575,0.5472170114517212,0.4536733627319336,-0.2253662645816803,0.9748427867889404,0.439630925655365,0.43603259325027466,-0.08710743486881256,0.9636560678482056,0.5889551043510437,0.4567771255970001,-0.26108983159065247,0.9413007497787476,0.4371487498283386,0.4191236197948456,-0.059513550251722336,0.9631665349006653,0.5913404822349548,0.4412529170513153,-0.22580277919769287,0.9351586103439331,0.4480441212654114,0.4141920208930969,-0.03949287533760071,0.9600868225097656,0.5770066380500793,0.4403468072414398,-0.208658367395401,0.9291449189186096,0.5744758248329163,0.7171775102615356,-0.006329855881631374,0.9974029064178467,0.4540855884552002,0.717804491519928,0.007095257751643658,0.997146487236023,0.5672482848167419,0.9778517484664917,-0.058523498475551605,0.9158291220664978,0.4443783760070801,1.003189206123352,0.04115449637174606,0.8924234509468079,0.5763849020004272,1.295932650566101,0.1325705647468567,0.1376572847366333,0.43768006563186646,1.2899057865142822,0.38440555334091187,0.06171467900276184,0.5748491883277893,1.3342652320861816,0.14521341025829315,0.10991423577070236,0.43865352869033813,1.320077657699585,0.4147748351097107,0.05203624442219734,0.5757864713668823,1.3889529705047607,-0.014035249128937721,0.05044643580913544,0.43438130617141724,1.378493070602417,0.2661053538322449,0.025291891768574715
2026-04-30T18:50:47.250842,91,0.5031336545944214,0.12792953848838806,-0.22765080630779266,0.9996420741081238,0.516213595867157,0.10712455213069916,-0.20259582996368408,0.9990970492362976,0.5240373015403748,0.10727589577436447,-0.20276479423046112,0.9994144439697266,0.5312023758888245,0.10771915316581726,-0.2026885747909546,0.9991587400436401,0.4953755736351013,0.10787457972764969,-0.1960999071598053,0.9994032382965088,0.48940521478652954,0.10827469825744629,-0.19634371995925903,0.9995818138122559,0.48363250494003296,0.10868687927722931,-0.19659051299095154,0.9994239807128906,0.5420078635215759,0.12329673767089844,-0.04806217551231384,0.9994286298751831,0.47822442650794983,0.12419641762971878,-0.020932327955961227,0.999634325504303,0.5205669403076172,0.15462598204612732,-0.1709689348936081,0.9992639422416687,0.49287527799606323,0.15283623337745667,-0.16338162124156952,0.9993005990982056,0.611371636390686,0.28162893652915955,0.00506307277828455,0.9993207454681396,0.4232882559299469,0.2890690267086029,0.020963340997695923,0.9995974898338318,0.7021760940551758,0.4481257498264313,-0.1737888753414154,0.9963348507881165,0.34520086646080017,0.4777328670024872,-0.17290005087852478,0.9938806295394897,0.5598835349082947,0.3768090009689331,-0.42570728063583374,0.9843223690986633,0.45537567138671875,0.47077953815460205,-0.4481716752052307,0.9773287177085876,0.5254805088043213,0.3666034936904907,-0.4933691620826721,0.9672386050224304,0.49063000082969666,0.4861083924770355,-0.5054941177368164,0.9470735192298889,0.515134334564209,0.35061386227607727,-0.4500211179256439,0.9667930006980896,0.5027472376823425,0.4652393162250519,-0.4789133071899414,0.9415340423583984,0.523676872253418,0.3539770245552063,-0.4100845456123352,0.9640158414840698,0.4919617772102356,0.4548799693584442,-0.4379192888736725,0.9361145496368408,0.5742115378379822,0.7230191826820374,-0.0018753508338704705,0.9976547360420227,0.45386338233947754,0.721757173538208,0.00253066373988986,0.9974213242530823,0.567268967628479,0.9827533960342407,-0.06592366844415665,0.9081310033798218,0.4446794390678406,1.0035985708236694,0.030482906848192215,0.8883463740348816,0.5763611197471619,1.3001368045806885,0.22529634833335876,0.12497156858444214,0.43437322974205017,1.2899858951568604,0.31378600001335144,0.05708599463105202,0.5754492282867432,1.334591031074524,0.25091272592544556,0.10034935176372528,0.4326629638671875,1.3210643529891968,0.3393273651599884,0.048976898193359375,0.5679582953453064,1.394991159439087,0.11292868852615356,0.04567037150263786,0.4358167052268982,1.3782849311828613,0.18059733510017395,0.023168036714196205
2026-04-30T18:50:47.359089,92,0.5027719736099243,0.12902778387069702,-0.2207392007112503,0.9996774196624756,0.515823245048523,0.10749063640832901,-0.19542136788368225,0.9991863369941711,0.523542046546936,0.10755198448896408,-0.19557949900627136,0.9994723796844482,0.530659019947052,0.10791043192148209,-0.1955191195011139,0.9992417097091675,0.4950541853904724,0.10809650272130966,-0.1886318027973175,0.9994620680809021,0.489046573638916,0.10837884247303009,-0.18879403173923492,0.99962317943573,0.4832916259765625,0.10871489346027374,-0.18893374502658844,0.9994808435440063,0.540932297706604,0.12316610664129257,-0.042258262634277344,0.9994852542877197,0.4779316782951355,0.12384486943483353,-0.01664922758936882,0.999670684337616,0.5193912982940674,0.1554177701473236,-0.1690797507762909,0.9993367791175842,0.4920153021812439,0.15292637050151825,-0.1613195836544037,0.9993699789047241,0.6094417572021484,0.2812083959579468,0.013765117153525352,0.9993840456008911,0.4222061038017273,0.29205116629600525,0.03213542327284813,0.9996321797370911,0.70909583568573,0.42834168672561646,-0.16529662907123566,0.9966906309127808,0.3224419057369232,0.45961394906044006,-0.1670810878276825,0.9944597482681274,0.6104766726493835,0.3162783086299896,-0.4023369252681732,0.9858534932136536,0.3708721399307251,0.43010860681533813,-0.4933527112007141,0.9795501232147217,0.5821879506111145,0.3089483678340912,-0.4631825387477875,0.9704254269599915,0.40110310912132263,0.4330441653728485,-0.5531657338142395,0.9522343873977661,0.5675562024116516,0.29969537258148193,-0.4237181544303894,0.9700160026550293,0.4144960045814514,0.41428452730178833,-0.5323998928070068,0.9472376108169556,0.5707167983055115,0.3043169677257538,-0.3884804844856262,0.9675125479698181,0.4102754592895508,0.4119560122489929,-0.4894448220729828,0.9423582553863525,0.5729292035102844,0.7228705883026123,-0.0010726150358095765,0.997880220413208,0.4542458951473236,0.7259535193443298,0.0017054204363375902,0.997663140296936,0.567523181438446,0.9823882579803467,-0.08793807029724121,0.9006011486053467,0.4457269608974457,1.005022406578064,-0.0023680489975959063,0.8808580040931702,0.5763455629348755,1.2974849939346313,0.22461757063865662,0.11381646990776062,0.43498173356056213,1.2782446146011353,0.29857102036476135,0.05277304723858833,0.5756288766860962,1.3262475728988647,0.2512492835521698,0.09230323880910873,0.4331420063972473,1.3080273866653442,0.3276800513267517,0.046362947672605515,0.5664315223693848,1.39482581615448,0.13060282170772552,0.04146917164325714,0.43934163451194763,1.3661447763442993,0.19356897473335266,0.02125798910856247
2026-04-30T18:50:47.465086,93,0.5040801763534546,0.13124363124370575,-0.23582668602466583,0.9997091889381409,0.5171852111816406,0.1090494692325592,-0.20497135818004608,0.999266505241394,0.5248420238494873,0.10907553881406784,-0.20511507987976074,0.9995243549346924,0.5319513082504272,0.10946185141801834,-0.20509366691112518,0.9993162751197815,0.49533066153526306,0.1094081774353981,-0.20233306288719177,0.9995149374008179,0.48906493186950684,0.10944647341966629,-0.20252270996570587,0.9996602535247803,0.4832329750061035,0.10955438762903214,-0.20266404747962952,0.9995318651199341,0.5415722727775574,0.12393400073051453,-0.04123074561357498,0.9995360374450684,0.4767092764377594,0.12397648394107819,-0.0330088809132576,0.9997032880783081,0.5211913585662842,0.15784481167793274,-0.17958661913871765,0.9994021654129028,0.4922320246696472,0.15378306806087494,-0.17826738953590393,0.9994322657585144,0.6093108654022217,0.28888851404190063,0.01202994305640459,0.9994376301765442,0.4157382845878601,0.294326514005661,0.033890388906002045,0.9996500611305237,0.7249029874801636,0.4290311932563782,-0.18891245126724243,0.9970192909240723,0.2980835437774658,0.4572228193283081,-0.1907820701599121,0.9950004816055298,0.6462861895561218,0.24662253260612488,-0.4054287075996399,0.9872601628303528,0.33341437578201294,0.33183833956718445,-0.5238093733787537,0.9815685749053955,0.6199721097946167,0.21535246074199677,-0.45629972219467163,0.973355770111084,0.35824745893478394,0.29929494857788086,-0.5777464509010315,0.956904947757721,0.6045684218406677,0.21215490996837616,-0.3984537720680237,0.9729815721511841,0.3718312084674835,0.2878829836845398,-0.5310533046722412,0.9523893594741821,0.6058588624000549,0.22445601224899292,-0.38326823711395264,0.970723569393158,0.36977243423461914,0.2996327579021454,-0.5114661455154419,0.9479956030845642,0.5718734860420227,0.7262442708015442,-0.001996576087549329,0.9980784058570862,0.45401254296302795,0.7317222952842712,0.002586647868156433,0.9978668093681335,0.5672171115875244,0.9894206523895264,-0.13763687014579773,0.9022327661514282,0.44688349962234497,1.0113128423690796,0.011445438489317894,0.8751966953277588,0.5763422250747681,1.2980834245681763,0.1952960193157196,0.10478763282299042,0.4383366107940674,1.2789636850357056,0.3720514178276062,0.049240462481975555,0.5756537318229675,1.3260318040847778,0.23531195521354675,0.08576159924268723,0.4375140070915222,1.3084832429885864,0.40735548734664917,0.04475332424044609,0.5660267472267151,1.4007517099380493,0.09016429632902145,0.03797181695699692,0.444205105304718,1.3665229082107544,0.28945475816726685,0.01967533864080906
2026-04-30T18:50:47.579621,94,0.5041137337684631,0.13195623457431793,-0.2684886157512665,0.9997379779815674,0.5170284509658813,0.10917909443378448,-0.2352403849363327,0.9993388652801514,0.5246462821960449,0.10915134102106094,-0.2353639304637909,0.9995713233947754,0.531731903553009,0.10952680557966232,-0.235342338681221,0.9993836283683777,0.4952239394187927,0.10981376469135284,-0.2272980660200119,0.9995626211166382,0.4888025224208832,0.1099587008357048,-0.2275339663028717,0.999693751335144,0.48281192779541016,0.11020929366350174,-0.22771665453910828,0.9995778799057007,0.541579008102417,0.1241159439086914,-0.0745929479598999,0.9995818734169006,0.4755638539791107,0.12581367790699005,-0.04239986464381218,0.9997326731681824,0.5218760967254639,0.159768745303154,-0.21612732112407684,0.9994609355926514,0.49267706274986267,0.1556057184934616,-0.2071274220943451,0.9994882345199585,0.6099246144294739,0.29559326171875,-0.02216070331633091,0.9994798302650452,0.41339820623397827,0.2968168258666992,0.034410059452056885,0.9996591210365295,0.7351735234260559,0.42448291182518005,-0.21943697333335876,0.9973160028457642,0.28807175159454346,0.4345792233943939,-0.1908675879240036,0.9954943060874939,0.67134690284729,0.22836986184120178,-0.4072817862033844,0.9885262250900269,0.32180383801460266,0.24619092047214508,-0.48848438262939453,0.9833900928497314,0.6381699442863464,0.193315327167511,-0.45171627402305603,0.975990355014801,0.3501044511795044,0.20942433178424835,-0.5419567823410034,0.9611055254936218,0.6250150203704834,0.18625198304653168,-0.3954867720603943,0.9756470918655396,0.3642522096633911,0.2049255669116974,-0.48155826330184937,0.95701664686203,0.6264675259590149,0.19570492208003998,-0.38571327924728394,0.9736116528511047,0.36291101574897766,0.21650126576423645,-0.472045361995697,0.9530684351921082,0.5716575384140015,0.7321329116821289,-0.006009315140545368,0.9982508420944214,0.45360422134399414,0.7373706698417664,0.006546942982822657,0.9980428218841553,0.5663897395133972,0.9944713711738586,-0.14534246921539307,0.9045366644859314,0.44672664999961853,1.0139273405075073,0.03652195632457733,0.8742257952690125,0.576399028301239,1.3134713172912598,0.1568809449672699,0.09663406759500504,0.43932050466537476,1.2959052324295044,0.39549118280410767,0.04611888900399208,0.5761252641677856,1.3413654565811157,0.18620164692401886,0.07976017892360687,0.4386410117149353,1.326709270477295,0.42949333786964417,0.04339725151658058,0.56605064868927,1.4190342426300049,0.05690924450755119,0.034704748541116714,0.44649267196655273,1.385597586631775,0.30233341455459595,0.018223628401756287
2026-04-30T18:50:47.688877,95,0.5041152834892273,0.1319790631532669,-0.2881709933280945,0.999763548374176,0.5170789957046509,0.10868782550096512,-0.2511903643608093,0.9994029402732849,0.5246890783309937,0.108760766685009,-0.2512992024421692,0.9996128678321838,0.531775176525116,0.10921620577573776,-0.25128811597824097,0.9994431734085083,0.49508243799209595,0.10925815254449844,-0.24468056857585907,0.9996048808097839,0.48828667402267456,0.10949929803609848,-0.24494436383247375,0.999723494052887,0.48195186257362366,0.10991378873586655,-0.24514849483966827,0.9996188282966614,0.5418847799301147,0.12374987453222275,-0.08035852015018463,0.9996224045753479,0.4747961461544037,0.1254613697528839,-0.05300392955541611,0.9997590184211731,0.5220381021499634,0.1600504070520401,-0.23262882232666016,0.9995128512382507,0.49268579483032227,0.15592072904109955,-0.22553670406341553,0.9995381832122803,0.6114286780357361,0.2940724790096283,-0.020460207015275955,0.9995071291923523,0.4116855561733246,0.29666799306869507,0.02877550758421421,0.9996681213378906,0.7417566776275635,0.3961924612522125,-0.2046414315700531,0.9975818395614624,0.27821141481399536,0.405014306306839,-0.21477338671684265,0.9959401488304138,0.6679692268371582,0.21989721059799194,-0.34977221488952637,0.9896500706672668,0.32429561018943787,0.21591703593730927,-0.4742463231086731,0.9850171208381653,0.637630045413971,0.1916767805814743,-0.389819860458374,0.9782941341400146,0.3566904366016388,0.18914267420768738,-0.527786374092102,0.9648019075393677,0.6237654089927673,0.1905064731836319,-0.3326170742511749,0.9779621362686157,0.36923250555992126,0.18695752322673798,-0.4586222767829895,0.961073637008667,0.6260340809822083,0.1999351978302002,-0.32757368683815,0.9761232137680054,0.3667154908180237,0.19610533118247986,-0.4546148180961609,0.9575240612030029,0.5716761350631714,0.7315037846565247,-0.005951550789177418,0.9983924031257629,0.4535757601261139,0.7368383407592773,0.006465209182351828,0.9981837868690491,0.5663756132125854,0.9937763214111328,-0.13154421746730804,0.9063205122947693,0.44703221321105957,1.0149929523468018,0.035587191581726074,0.8744993805885315,0.5770939588546753,1.3148730993270874,0.15830400586128235,0.09075647592544556,0.4396161437034607,1.3010923862457275,0.3642100691795349,0.0450659915804863,0.5768457055091858,1.343468427658081,0.18621696531772614,0.07564576715230942,0.43918704986572266,1.332651972770691,0.393419086933136,0.04354696348309517,0.5672722458839417,1.4199477434158325,0.05550333112478256,0.03227405622601509,0.44664716720581055,1.3927891254425049,0.25026705861091614,0.01750732958316803
2026-04-30T18:50:47.799275,96,0.5039439797401428,0.1319752186536789,-0.2898039221763611,0.999786376953125,0.5167744159698486,0.10845420509576797,-0.25205302238464355,0.9994601011276245,0.5244081020355225,0.10855657607316971,-0.252133846282959,0.9996498823165894,0.5314403772354126,0.10902271419763565,-0.25212666392326355,0.9994961619377136,0.4945845603942871,0.10897338390350342,-0.24687114357948303,0.9996426701545715,0.48747140169143677,0.10923954099416733,-0.24710647761821747,0.9997500777244568,0.48107418417930603,0.10971865803003311,-0.2473183423280716,0.999655544757843,0.541657030582428,0.12353399395942688,-0.07942954450845718,0.999658465385437,0.4742177426815033,0.1253010481595993,-0.0582570917904377,0.9997826218605042,0.5221197605133057,0.16022051870822906,-0.2335388958454132,0.9995594024658203,0.4926627278327942,0.1561610847711563,-0.22819514572620392,0.9995831251144409,0.6112918257713318,0.29299524426460266,-0.01912505365908146,0.9995279908180237,0.40906721353530884,0.29594185948371887,0.01934116706252098,0.9996745586395264,0.7447916865348816,0.37856483459472656,-0.20041748881340027,0.9978201389312744,0.274575412273407,0.388892263174057,-0.23652932047843933,0.996340274810791,0.6609886288642883,0.2188820093870163,-0.325438916683197,0.9906451106071472,0.3368063271045685,0.21197719871997833,-0.47863906621932983,0.9864639639854431,0.6287580728530884,0.1993376463651657,-0.36475351452827454,0.980288028717041,0.36671143770217896,0.19180946052074432,-0.5322597026824951,0.9680361747741699,0.6142406463623047,0.20061686635017395,-0.30546534061431885,0.9799458980560303,0.37958213686943054,0.19348543882369995,-0.45883089303970337,0.9646048545837402,0.6181246042251587,0.20906829833984375,-0.30208730697631836,0.9782827496528625,0.37634870409965515,0.2019781470298767,-0.45716485381126404,0.9614126086235046,0.5716704726219177,0.7309998869895935,-0.004713313188403845,0.9985134601593018,0.45344892144203186,0.7367449998855591,0.005168849136680365,0.9982959032058716,0.5663726329803467,0.9930633902549744,-0.12790259718894958,0.9081401228904724,0.44705730676651,1.0144671201705933,0.03386583551764488,0.8744955658912659,0.5783066749572754,1.3146767616271973,0.15261419117450714,0.08731930702924728,0.44025126099586487,1.3012534379959106,0.33983832597732544,0.04530967399477959,0.5776530504226685,1.343949556350708,0.17578408122062683,0.07384749501943588,0.44053635001182556,1.332951307296753,0.3665655255317688,0.04460138827562332,0.5711641311645508,1.4198384284973145,0.03769998252391815,0.03072807379066944,0.4465731978416443,1.3935190439224243,0.21930846571922302,0.017275702208280563
2026-04-30T18:50:47.913244,97,0.5032684206962585,0.1324068158864975,-0.3035390377044678,0.9998070001602173,0.5161195397377014,0.10845141112804413,-0.26537996530532837,0.9995118379592896,0.5239109396934509,0.10854402184486389,-0.2654592990875244,0.9996834397315979,0.5309871435165405,0.10899154841899872,-0.26545825600624084,0.9995441436767578,0.4935641288757324,0.10899405181407928,-0.2598448395729065,0.9996767640113831,0.4861598014831543,0.10926815122365952,-0.2600781321525574,0.9997740983963013,0.47982901334762573,0.10975710302591324,-0.26027804613113403,0.9996886253356934,0.5416117310523987,0.12343467026948929,-0.08891092240810394,0.9996912479400635,0.4736563265323639,0.12527799606323242,-0.06704878062009811,0.9998038411140442,0.5220778584480286,0.1608063280582428,-0.2455431967973709,0.9996015429496765,0.49226483702659607,0.1571265161037445,-0.23983636498451233,0.9996234774589539,0.6111851930618286,0.29211461544036865,-0.029607752338051796,0.9995558261871338,0.4085569381713867,0.29576510190963745,0.019704708829522133,0.9996801614761353,0.745674192905426,0.3801122307777405,-0.21983394026756287,0.998035728931427,0.2753913998603821,0.39252597093582153,-0.23720760643482208,0.9966992735862732,0.6599540114402771,0.2257341593503952,-0.3575129806995392,0.9915555715560913,0.3374670743942261,0.22721001505851746,-0.5061013698577881,0.9877800345420837,0.6291696429252625,0.20790793001651764,-0.39907675981521606,0.9821484684944153,0.365622341632843,0.20374150574207306,-0.561072826385498,0.9710302948951721,0.6139723062515259,0.20892702043056488,-0.3331175744533539,0.981814444065094,0.3782092332839966,0.20414075255393982,-0.4884762763977051,0.9678907990455627,0.6174520254135132,0.21742694079875946,-0.33190345764160156,0.9803120493888855,0.37608763575553894,0.21323537826538086,-0.48509836196899414,0.9650217890739441,0.5716584324836731,0.7308874130249023,-0.00762548903003335,0.9986239671707153,0.45340538024902344,0.7372205853462219,0.008033445104956627,0.9983916282653809,0.5651785135269165,0.9930760264396667,-0.14034609496593475,0.908652126789093,0.4470731317996979,1.0148980617523193,0.03800850361585617,0.8707684874534607,0.5781522989273071,1.3136416673660278,0.1560712605714798,0.08183340728282928,0.4443092942237854,1.300485610961914,0.3714185059070587,0.04344318434596062,0.5776462554931641,1.3432254791259766,0.18190711736679077,0.06989286094903946,0.4458293914794922,1.3318544626235962,0.4024602472782135,0.0442044734954834,0.5702477097511292,1.4183586835861206,0.0445980541408062,0.028525978326797485,0.44922956824302673,1.3922044038772583,0.2587463855743408,0.016400836408138275
2026-04-30T18:50:48.025296,98,0.503296971321106,0.13411211967468262,-0.28954631090164185,0.9998252391815186,0.5159685015678406,0.10914147645235062,-0.2526940107345581,0.9995572566986084,0.5235562920570374,0.10900187492370605,-0.2527868151664734,0.9997127652168274,0.5303500890731812,0.10927988588809967,-0.2528003454208374,0.9995861053466797,0.4935709536075592,0.11005828529596329,-0.2484835684299469,0.9997066259384155,0.48617300391197205,0.11028128117322922,-0.24871304631233215,0.999795138835907,0.4798418879508972,0.11066985875368118,-0.24892263114452362,0.9997177124023438,0.5404373407363892,0.12344551831483841,-0.07995286583900452,0.9997199177742004,0.47372308373451233,0.12537965178489685,-0.0641888752579689,0.999822735786438,0.5221519470214844,0.16248640418052673,-0.23207136988639832,0.9996387362480164,0.4926605820655823,0.15879012644290924,-0.2284800112247467,0.9996594786643982,0.6104678511619568,0.2924492657184601,-0.02472556382417679,0.9995760321617126,0.40861621499061584,0.2964799106121063,0.017552198842167854,0.999679684638977,0.7445071935653687,0.380119264125824,-0.19989190995693207,0.9982283711433411,0.27388423681259155,0.39403215050697327,-0.23663942515850067,0.9970213174819946,0.6624439358711243,0.22852054238319397,-0.3274598717689514,0.9923582077026367,0.33971577882766724,0.22642375528812408,-0.48530587553977966,0.9889348745346069,0.6321502327919006,0.20902611315250397,-0.36815887689590454,0.9837561845779419,0.3680897355079651,0.20702916383743286,-0.5369546413421631,0.9735806584358215,0.616631031036377,0.2110321968793869,-0.3139120936393738,0.9834109544754028,0.3808196485042572,0.2073429524898529,-0.46607905626296997,0.9706615209579468,0.6201823949813843,0.21967172622680664,-0.30386772751808167,0.9820453524589539,0.37819910049438477,0.21541772782802582,-0.463838666677475,0.968081533908844,0.5715675950050354,0.733238160610199,-0.00760416965931654,0.9987151622772217,0.45337921380996704,0.7402650713920593,0.008007724769413471,0.9984667301177979,0.5637574791908264,0.9928470253944397,-0.13780584931373596,0.9084303379058838,0.44707924127578735,1.0158964395523071,0.0287811066955328,0.8670220971107483,0.5773767232894897,1.3126122951507568,0.1569727659225464,0.0779191330075264,0.44418883323669434,1.2999194860458374,0.36318355798721313,0.042349860072135925,0.5770238637924194,1.340514898300171,0.18186064064502716,0.06750449538230896,0.44566473364830017,1.3313955068588257,0.3943849503993988,0.04435845836997032,0.569959282875061,1.4171524047851562,0.047638408839702606,0.026964057236909866,0.4489750266075134,1.3911490440368652,0.25752297043800354,0.01588689349591732
2026-04-30T18:50:48.129258,99,0.503291666507721,0.13454750180244446,-0.31090304255485535,0.9998420476913452,0.5159230828285217,0.10923480987548828,-0.269681453704834,0.9995997548103333,0.5235041975975037,0.10910473763942719,-0.2697673439979553,0.9997403025627136,0.5302936434745789,0.10939640551805496,-0.269757479429245,0.999625563621521,0.493424654006958,0.11013197153806686,-0.26658767461776733,0.99973464012146,0.4858952462673187,0.11035049706697464,-0.26682931184768677,0.9998148083686829,0.47943148016929626,0.11074070632457733,-0.2670205235481262,0.9997448325157166,0.540431797504425,0.12356923520565033,-0.08527021110057831,0.9997467994689941,0.4730801582336426,0.1255045235157013,-0.07470912486314774,0.9998400807380676,0.522192120552063,0.16320495307445526,-0.25034099817276,0.9996732473373413,0.4926425516605377,0.1596592515707016,-0.2480589896440506,0.999692440032959,0.6104297041893005,0.2934974431991577,-0.027714479714632034,0.999599039554596,0.4079228341579437,0.29678866267204285,0.005482860840857029,0.9996837377548218,0.7459438443183899,0.3778895437717438,-0.21600393950939178,0.9984028339385986,0.27282091975212097,0.3943868577480316,-0.2666652798652649,0.9973125457763672,0.6618722677230835,0.22748105227947235,-0.35615274310112,0.9930964708328247,0.3389131724834442,0.22743985056877136,-0.5372236967086792,0.9900004267692566,0.6310025453567505,0.2098994255065918,-0.39919766783714294,0.9852670431137085,0.3672676384449005,0.20648346841335297,-0.5937244892120361,0.9760019779205322,0.6159940361976624,0.21190564334392548,-0.33738118410110474,0.9849310517311096,0.3799248933792114,0.2075130194425583,-0.5222612023353577,0.9733210802078247,0.6195801496505737,0.22008222341537476,-0.3320554792881012,0.9836965203285217,0.3774876296520233,0.2159794270992279,-0.5164605975151062,0.9710028171539307,0.5715342164039612,0.7339612245559692,-0.007126939482986927,0.9988102316856384,0.4533352255821228,0.7409848570823669,0.007518579717725515,0.9985561966896057,0.5637463927268982,0.9925525784492493,-0.13835695385932922,0.9085996150970459,0.44707316160202026,1.0163811445236206,0.027347464114427567,0.8644111156463623,0.5770204663276672,1.3139840364456177,0.15949192643165588,0.07344644516706467,0.44481509923934937,1.3007750511169434,0.3658994138240814,0.040725547820329666,0.5767240524291992,1.3424500226974487,0.18491217494010925,0.06445296108722687,0.4462798535823822,1.3317874670028687,0.3975917398929596,0.04370024427771568,0.5696982741355896,1.4180985689163208,0.0488671138882637,0.025203656405210495,0.4497048258781433,1.3920031785964966,0.25830283761024475,0.015155727043747902
2026-04-30T18:50:48.242362,100,0.503462016582489,0.1345328688621521,-0.3101334571838379,0.9998571872711182,0.5159479379653931,0.1091725081205368,-0.2690516710281372,0.9996380805969238,0.5235060453414917,0.10906150937080383,-0.2691381871700287,0.9997650980949402,0.5302914381027222,0.1093645989894867,-0.26913750171661377,0.9996612071990967,0.4934280812740326,0.11005858331918716,-0.26666125655174255,0.9997599720954895,0.4858938753604889,0.11030067503452301,-0.2668871581554413,0.9998325705528259,0.47935065627098083,0.1107267290353775,-0.2670634984970093,0.9997692704200745,0.5403667688369751,0.12355384975671768,-0.0841999500989914,0.999770998954773,0.4724176526069641,0.12550097703933716,-0.07697565853595734,0.9998556971549988,0.5222326517105103,0.16318204998970032,-0.24926793575286865,0.9997043609619141,0.4926539361476898,0.15967336297035217,-0.24780972301959991,0.9997221827507019,0.6097974181175232,0.2931029200553894,-0.0275790486484766,0.9996212124824524,0.40758639574050903,0.29663199186325073,0.004424531012773514,0.9996883273124695,0.7447441220283508,0.37485742568969727,-0.21371492743492126,0.9985589385032654,0.2724415957927704,0.39571425318717957,-0.26280727982521057,0.99757319688797,0.6587113738059998,0.22744235396385193,-0.3513543903827667,0.9937543272972107,0.33619147539138794,0.22985772788524628,-0.5338714122772217,0.9909524917602539,0.6269881129264832,0.21125636994838715,-0.39400869607925415,0.9865981340408325,0.3649756908416748,0.20721910893917084,-0.5896722078323364,0.9781498312950134,0.6123551726341248,0.21337762475013733,-0.3317127525806427,0.986263632774353,0.3772026300430298,0.20759698748588562,-0.5206882953643799,0.9756767153739929,0.6163960695266724,0.22144107520580292,-0.32725387811660767,0.9851453900337219,0.37492096424102783,0.2162504941225052,-0.5138427019119263,0.9735933542251587,0.5715469717979431,0.7337096929550171,-0.007100389804691076,0.9988939762115479,0.4533461928367615,0.7407711148262024,0.007487598806619644,0.9986315369606018,0.563759446144104,0.9939741492271423,-0.13419543206691742,0.9088157415390015,0.4467577040195465,1.0162228345870972,0.028068071231245995,0.8613781332969666,0.5774403810501099,1.313814640045166,0.1589752733707428,0.07005096226930618,0.44578981399536133,1.300347924232483,0.37682682275772095,0.039245665073394775,0.5771635174751282,1.34262216091156,0.18321751058101654,0.06231522932648659,0.44764652848243713,1.3313874006271362,0.4097104072570801,0.04317725822329521,0.5714413523674011,1.417388916015625,0.04687080904841423,0.023834245279431343,0.45045042037963867,1.3914411067962646,0.27455776929855347,0.014529278501868248
2026-04-30T18:50:48.358359,101,0.5034804344177246,0.13461528718471527,-0.3058552145957947,0.9998707175254822,0.5159837007522583,0.10917580872774124,-0.26543402671813965,0.999671995639801,0.5235134363174438,0.10907399654388428,-0.26552051305770874,0.9997870326042175,0.5302928686141968,0.10938456654548645,-0.2655264139175415,0.9996926784515381,0.49342846870422363,0.11005495488643646,-0.26302558183670044,0.9997823238372803,0.48587021231651306,0.11029963940382004,-0.26324984431266785,0.9998483061790466,0.47922152280807495,0.11073433607816696,-0.2634328305721283,0.9997909665107727,0.5403708815574646,0.12363684177398682,-0.08257687836885452,0.9997923374176025,0.4719204902648926,0.1255153864622116,-0.0757574737071991,0.9998696446418762,0.5222485661506653,0.1632816195487976,-0.2457701414823532,0.9997318387031555,0.49262523651123047,0.1598658412694931,-0.24435853958129883,0.999748706817627,0.609599232673645,0.29293105006217957,-0.026017282158136368,0.9996371269226074,0.40712180733680725,0.29656684398651123,0.006486079655587673,0.9996887445449829,0.7463362216949463,0.3745468854904175,-0.20446908473968506,0.9986996650695801,0.2723551392555237,0.39668285846710205,-0.25031721591949463,0.9978083968162537,0.6595883965492249,0.22666777670383453,-0.33804410696029663,0.9943459630012512,0.33517247438430786,0.2311442792415619,-0.5080230832099915,0.9918068647384644,0.627286970615387,0.20985759794712067,-0.3812399208545685,0.9877932071685791,0.36407706141471863,0.2069140374660492,-0.5617015361785889,0.9800658822059631,0.612525463104248,0.21228279173374176,-0.32928717136383057,0.9874576926231384,0.37643882632255554,0.20743779838085175,-0.49553900957107544,0.9777728915214539,0.6163203716278076,0.22076500952243805,-0.3156683146953583,0.986444354057312,0.37431642413139343,0.216663658618927,-0.4880571961402893,0.9758995771408081,0.571541428565979,0.733555018901825,-0.006737628486007452,0.9989632964134216,0.4532009959220886,0.740784227848053,0.007113652769476175,0.9986902475357056,0.5637706518173218,0.9934008121490479,-0.13143429160118103,0.9084375500679016,0.44678372144699097,1.0161687135696411,0.026791054755449295,0.858563244342804,0.5773248076438904,1.3134169578552246,0.1669851839542389,0.06678713113069534,0.4461390972137451,1.3003830909729004,0.36223968863487244,0.03843096271157265,0.5770354270935059,1.3423978090286255,0.19124263525009155,0.06023886054754257,0.4480209946632385,1.3312700986862183,0.39294978976249695,0.043058790266513824,0.5713633298873901,1.4169445037841797,0.05666906386613846,0.022574719041585922,0.4505765438079834,1.3917087316513062,0.25399571657180786,0.014118609949946404
2026-04-30T18:50:48.460085,102,0.5029797554016113,0.13457900285720825,-0.3078055679798126,0.9998831152915955,0.5156876444816589,0.10901995748281479,-0.26779311895370483,0.9997032880783081,0.5232740640640259,0.10893247276544571,-0.267875999212265,0.9998072981834412,0.5301223993301392,0.10925775021314621,-0.26787838339805603,0.9997218251228333,0.4929666519165039,0.1100049838423729,-0.26381611824035645,0.9998030066490173,0.48531633615493774,0.11028589308261871,-0.26404064893722534,0.999862790107727,0.47864848375320435,0.11073396354913712,-0.2642226219177246,0.9998109340667725,0.5404770970344543,0.12361505627632141,-0.08597957342863083,0.999812126159668,0.47167688608169556,0.12551043927669525,-0.07311638444662094,0.9998823404312134,0.5221388936042786,0.16327008605003357,-0.24846646189689636,0.9997572898864746,0.4922350347042084,0.15987682342529297,-0.24484355747699738,0.9997729063034058,0.6097355484962463,0.29281502962112427,-0.02791271172463894,0.9996554851531982,0.4072602391242981,0.296537846326828,0.008276273496448994,0.9996929168701172,0.7468863725662231,0.3769337832927704,-0.20730701088905334,0.9988270401954651,0.27307575941085815,0.3968278467655182,-0.24503985047340393,0.9980202913284302,0.6613948941230774,0.2281143218278885,-0.338435560464859,0.9948872327804565,0.33605408668518066,0.2307465374469757,-0.5063894987106323,0.9925782084465027,0.6296842694282532,0.20929817855358124,-0.3803333342075348,0.9889059662818909,0.3645452857017517,0.20696455240249634,-0.5608707666397095,0.9817956686019897,0.6143695712089539,0.21138794720172882,-0.322051465511322,0.9885793924331665,0.37739333510398865,0.20751555263996124,-0.4910641312599182,0.9796656370162964,0.617540180683136,0.22034241259098053,-0.31473058462142944,0.9876593947410583,0.3754349648952484,0.21664436161518097,-0.4858420789241791,0.9779859185218811,0.5715543627738953,0.7341340184211731,-0.007033762522041798,0.9990314245223999,0.4531971514225006,0.7415101528167725,0.007418463937938213,0.9987508654594421,0.5637804269790649,0.9941540956497192,-0.13321295380592346,0.9081850647926331,0.44667309522628784,1.0168187618255615,0.03113151155412197,0.8557521104812622,0.577318012714386,1.3157669305801392,0.16658899188041687,0.06359749287366867,0.446155309677124,1.3019168376922607,0.369770348072052,0.03732717037200928,0.5770348310470581,1.3448824882507324,0.19092480838298798,0.05800597369670868,0.4480784833431244,1.3327062129974365,0.4009530544281006,0.04265617951750755,0.5712991952896118,1.4193593263626099,0.05481431633234024,0.021336719393730164,0.4504759907722473,1.3931306600570679,0.2611362934112549,0.013629479333758354
2026-04-30T18:50:48.565376,103,0.5028988718986511,0.13426338136196136,-0.30409666895866394,0.9998941421508789,0.5156601071357727,0.10883589833974838,-0.26105645298957825,0.9997307062149048,0.5232433080673218,0.10881511121988297,-0.2611697316169739,0.9998252391815186,0.5301018357276917,0.10918845981359482,-0.26119357347488403,0.9997473955154419,0.49289268255233765,0.10980051010847092,-0.2570897340774536,0.9998210072517395,0.485243022441864,0.11015377193689346,-0.25734391808509827,0.9998756051063538,0.478543758392334,0.11068275570869446,-0.25755101442337036,0.9998283982276917,0.5405135750770569,0.12362327426671982,-0.08097319304943085,0.9998297095298767,0.4715901017189026,0.12551377713680267,-0.06793496012687683,0.9998936653137207,0.5221176743507385,0.16307960450649261,-0.2480710744857788,0.9997795224189758,0.4921628534793854,0.15974006056785583,-0.24450144171714783,0.9997941851615906,0.6097146272659302,0.2926848828792572,-0.025004902854561806,0.9996693730354309,0.4073697626590729,0.29664772748947144,0.012033564038574696,0.999690592288971,0.7457444667816162,0.3785284459590912,-0.20520226657390594,0.9989423155784607,0.2741982042789459,0.3971042037010193,-0.24120721220970154,0.9982122182846069,0.663081169128418,0.229672372341156,-0.32472628355026245,0.9953763484954834,0.3355851173400879,0.2304878681898117,-0.5026193857192993,0.9932852983474731,0.6314224600791931,0.2114853858947754,-0.36215710639953613,0.9899221658706665,0.363883912563324,0.20842434465885162,-0.5573962926864624,0.9834357500076294,0.6174765229225159,0.21315336227416992,-0.29934051632881165,0.9896064400672913,0.37630119919776917,0.2078259140253067,-0.48696333169937134,0.9814707636833191,0.6207813620567322,0.2214265912771225,-0.2993704080581665,0.9887758493423462,0.37427669763565063,0.21604500710964203,-0.48203739523887634,0.9799638986587524,0.5715931057929993,0.7341495752334595,-0.00610583508387208,0.9991025924682617,0.4531574249267578,0.7415737509727478,0.006498754024505615,0.9988256096839905,0.5638194680213928,0.9941157102584839,-0.13212300837039948,0.910563588142395,0.4466758668422699,1.0183080434799194,0.028159435838460922,0.8582225441932678,0.5773026347160339,1.321352481842041,0.16837236285209656,0.0606159009039402,0.4475216269493103,1.3113678693771362,0.35987186431884766,0.03642411530017853,0.5770336985588074,1.350744605064392,0.19256696105003357,0.05579006299376488,0.4492819905281067,1.3421404361724854,0.38993486762046814,0.04196985065937042,0.5705564022064209,1.4268633127212524,0.05895615369081497,0.020072050392627716,0.4525895118713379,1.4040031433105469,0.25108617544174194,0.013081085868179798
2026-04-30T18:50:48.671727,104,0.5023751854896545,0.13468264043331146,-0.3100343942642212,0.9999042749404907,0.5152531266212463,0.1090373545885086,-0.26997166872024536,0.9997563362121582,0.522921621799469,0.10899213701486588,-0.2700601816177368,0.9998418688774109,0.5298475027084351,0.10935408622026443,-0.2700442373752594,0.9997712969779968,0.49253925681114197,0.11011702567338943,-0.26502472162246704,0.9998379349708557,0.48490819334983826,0.11048369854688644,-0.26525697112083435,0.9998874664306641,0.478263795375824,0.11102661490440369,-0.26545071601867676,0.9998447299003601,0.5405741930007935,0.12385903298854828,-0.08918691426515579,0.9998459815979004,0.47156834602355957,0.12588045001029968,-0.07117719948291779,0.9999039769172668,0.5219029784202576,0.1638285219669342,-0.2517388164997101,0.999800443649292,0.4918752610683441,0.16047869622707367,-0.24697324633598328,0.999813973903656,0.6097838878631592,0.2934066653251648,-0.02915169671177864,0.9996870756149292,0.4074491560459137,0.29666492342948914,0.01153472252190113,0.9996987581253052,0.7459698915481567,0.37968912720680237,-0.2204340696334839,0.9990459680557251,0.2748492360115051,0.39726847410202026,-0.253277450799942,0.9983846545219421,0.6616483926773071,0.23066474497318268,-0.3694494664669037,0.9958204030990601,0.3363195061683655,0.2305418998003006,-0.5345835089683533,0.9939212799072266,0.6315196752548218,0.21150732040405273,-0.41215386986732483,0.9908466935157776,0.3643983006477356,0.20834805071353912,-0.5928196907043457,0.9848964214324951,0.6165550351142883,0.2137472927570343,-0.34953436255455017,0.9905439019203186,0.3772634267807007,0.20784874260425568,-0.520114541053772,0.9830797910690308,0.6193123459815979,0.22239018976688385,-0.345184862613678,0.9897913336753845,0.37530937790870667,0.21620365977287292,-0.5138527750968933,0.9817292094230652,0.5715861916542053,0.7340765595436096,-0.005846064537763596,0.999159574508667,0.45293107628822327,0.7415452599525452,0.006249934900552034,0.9988791942596436,0.5638705492019653,0.9940088391304016,-0.1383078396320343,0.9108901023864746,0.44667306542396545,1.0182907581329346,0.03147685155272484,0.8573597073554993,0.5779203176498413,1.3217360973358154,0.15868526697158813,0.057965219020843506,0.4474846422672272,1.3113887310028076,0.3591246008872986,0.03577612712979317,0.5778329968452454,1.3515141010284424,0.181676983833313,0.053865477442741394,0.44921985268592834,1.3425326347351074,0.3885000944137573,0.04168250411748886,0.5706970691680908,1.4268798828125,0.036857180297374725,0.018985938280820847,0.452775776386261,1.4038549661636353,0.24190744757652283,0.012695818208158016
2026-04-30T18:50:48.776837,105,0.5022696256637573,0.13463330268859863,-0.30895939469337463,0.999913215637207,0.5151880979537964,0.1088918149471283,-0.2684623599052429,0.9997785687446594,0.5228487253189087,0.10882101953029633,-0.2685431241989136,0.9998564124107361,0.529778242111206,0.10914129763841629,-0.2685299217700958,0.9997919797897339,0.4924687445163727,0.11005110293626785,-0.26394280791282654,0.9998525381088257,0.48487353324890137,0.11043914407491684,-0.26420432329177856,0.999897837638855,0.4782373011112213,0.11100538820028305,-0.2644248604774475,0.9998588562011719,0.5405799150466919,0.12343993782997131,-0.08691351115703583,0.9998602271080017,0.47157326340675354,0.1258396953344345,-0.06782122701406479,0.9999130964279175,0.5217997431755066,0.16353636980056763,-0.24856960773468018,0.9998185038566589,0.4918372631072998,0.16041342914104462,-0.2464103251695633,0.9998312592506409,0.6101425886154175,0.2931942343711853,-0.02852129563689232,0.9996983408927917,0.4074747562408447,0.2965681254863739,0.018944909796118736,0.9996988773345947,0.7453823089599609,0.3804645538330078,-0.2143172025680542,0.9991394877433777,0.27537664771080017,0.397914856672287,-0.2438264787197113,0.9985401630401611,0.6624417304992676,0.23204642534255981,-0.35523998737335205,0.9962196946144104,0.3374231159687042,0.23123790323734283,-0.524838387966156,0.9944970011711121,0.6336899995803833,0.21157976984977722,-0.3965640664100647,0.9916856288909912,0.36487987637519836,0.20915444195270538,-0.5827029347419739,0.9862388372421265,0.6191837787628174,0.21342268586158752,-0.3353486955165863,0.9913954734802246,0.37799838185310364,0.20850028097629547,-0.5159690976142883,0.9845612049102783,0.6214611530303955,0.2225698083639145,-0.3311361074447632,0.9907142519950867,0.3761557936668396,0.21682363748550415,-0.5064491033554077,0.9833500981330872,0.5715835094451904,0.7341290712356567,-0.006695236079394817,0.9992140531539917,0.452836275100708,0.7415552139282227,0.007106977514922619,0.9989352226257324,0.5635839104652405,0.9944695830345154,-0.14041531085968018,0.9120211601257324,0.44634509086608887,1.0189831256866455,0.031004320830106735,0.8577048182487488,0.5770416259765625,1.3211759328842163,0.1717120110988617,0.054980527609586716,0.4481438994407654,1.3113459348678589,0.36023861169815063,0.03472794592380524,0.5773625373840332,1.3511207103729248,0.19753143191337585,0.05163954943418503,0.4498327672481537,1.342377781867981,0.3901752829551697,0.04118680953979492,0.5670344233512878,1.4264789819717407,0.06308935582637787,0.017820047214627266,0.4534892439842224,1.4036654233932495,0.24652640521526337,0.012163692153990269
2026-04-30T18:50:48.885351,106,0.5027667284011841,0.13459698855876923,-0.29820626974105835,0.9999215006828308,0.5156968235969543,0.10886833816766739,-0.2583160996437073,0.9997995495796204,0.5232466459274292,0.10881669074296951,-0.2584044337272644,0.9998700618743896,0.5301787257194519,0.1091437041759491,-0.25842761993408203,0.999811589717865,0.4927443861961365,0.1099800169467926,-0.2534370422363281,0.9998664259910583,0.48517632484436035,0.11038584262132645,-0.2536751627922058,0.9999074935913086,0.4784151017665863,0.11098972707986832,-0.2538738250732422,0.9998722076416016,0.5411020517349243,0.12362399697303772,-0.08253780007362366,0.9998735189437866,0.47157925367355347,0.12591087818145752,-0.06287293136119843,0.9999215602874756,0.5220981240272522,0.16352783143520355,-0.24153348803520203,0.9998356103897095,0.4920629858970642,0.1604229062795639,-0.23811757564544678,0.999847412109375,0.610477089881897,0.29331058263778687,-0.02536344900727272,0.9997145533561707,0.40754780173301697,0.2965756356716156,0.023811597377061844,0.9997082948684692,0.7458752989768982,0.3811327815055847,-0.2036537379026413,0.999223530292511,0.2756447494029999,0.39851459860801697,-0.22242471575737,0.9986799955368042,0.6631125211715698,0.23301975429058075,-0.33585020899772644,0.9965767860412598,0.3375402092933655,0.2326735109090805,-0.4813726842403412,0.9950108528137207,0.6346487998962402,0.21195918321609497,-0.37645697593688965,0.9924272894859314,0.3647547662258148,0.2099442034959793,-0.5358113050460815,0.9874193072319031,0.6202132701873779,0.21386341750621796,-0.3129693865776062,0.9921454191207886,0.3777162432670593,0.2093178629875183,-0.46698087453842163,0.9858584403991699,0.6225219368934631,0.2231377214193344,-0.31146571040153503,0.9915273189544678,0.3759578764438629,0.21773937344551086,-0.4621189534664154,0.9847765564918518,0.5715817809104919,0.734101414680481,-0.0070519582368433475,0.9992676377296448,0.4527897238731384,0.7415265440940857,0.007471390999853611,0.9989885091781616,0.5635901093482971,0.9947785139083862,-0.13599543273448944,0.9129242300987244,0.44612956047058105,1.0181790590286255,0.04088197275996208,0.85687655210495,0.5768939852714539,1.3208993673324585,0.16622166335582733,0.052874088287353516,0.4490698277950287,1.3071500062942505,0.3889523148536682,0.03353491052985191,0.5773173570632935,1.35067880153656,0.18982070684432983,0.05031014606356621,0.45104748010635376,1.3370450735092163,0.42190176248550415,0.04063735902309418,0.5670982003211975,1.4257694482803345,0.06052785366773605,0.01696355827152729,0.4536730647087097,1.3989925384521484,0.2963795065879822,0.011679759249091148
2026-04-30T18:50:49.000929,107,0.5034052133560181,0.13479606807231903,-0.2995446026325226,0.9999287724494934,0.5160897374153137,0.10913817584514618,-0.26053276658058167,0.9998178482055664,0.5235050916671753,0.10912884026765823,-0.2606201171875,0.9998818635940552,0.5304370522499084,0.10947702825069427,-0.2606440484523773,0.999828577041626,0.4930865168571472,0.1101696640253067,-0.25626710057258606,0.9998785257339478,0.48562493920326233,0.1105794757604599,-0.2564968764781952,0.9999159574508667,0.47877222299575806,0.11118555814027786,-0.25668925046920776,0.9998839497566223,0.5412918925285339,0.12392672151327133,-0.08383523672819138,0.9998850226402283,0.47162872552871704,0.12630881369113922,-0.06744768470525742,0.9999290108680725,0.5225577354431152,0.16399390995502472,-0.24191656708717346,0.9998505711555481,0.49255457520484924,0.160829097032547,-0.23851116001605988,0.9998617172241211,0.6104974150657654,0.2931930422782898,-0.025251656770706177,0.9997255802154541,0.40760549902915955,0.2965526580810547,0.021144401282072067,0.9997150897979736,0.7458052635192871,0.38146206736564636,-0.20311994850635529,0.9992983341217041,0.2757353186607361,0.3988530933856964,-0.22629714012145996,0.9988045692443848,0.663152813911438,0.2332991659641266,-0.34126582741737366,0.9968893527984619,0.3378991484642029,0.23321443796157837,-0.4919777512550354,0.9954676032066345,0.6346204280853271,0.2124973088502884,-0.3826451003551483,0.9930558800697327,0.36515170335769653,0.21132758259773254,-0.5464886426925659,0.988452672958374,0.6203655004501343,0.21421881020069122,-0.31839218735694885,0.9927731156349182,0.37830597162246704,0.2100827693939209,-0.4762147068977356,0.9869922995567322,0.6227608919143677,0.2234366089105606,-0.3166625201702118,0.9922088384628296,0.3764793574810028,0.21809162199497223,-0.47182273864746094,0.9860204458236694,0.5715935230255127,0.7334667444229126,-0.007167653180658817,0.9993005394935608,0.4528226852416992,0.7413492202758789,0.007583993021398783,0.9990084767341614,0.5637574791908264,0.9945751428604126,-0.1352510303258896,0.9121063351631165,0.4461945593357086,1.0172003507614136,0.041219182312488556,0.8529629707336426,0.57771897315979,1.31699538230896,0.16618165373802185,0.05106423422694206,0.4515135884284973,1.3007413148880005,0.3889961838722229,0.03267651051282883,0.5781906843185425,1.3462063074111938,0.18979628384113312,0.04915767163038254,0.4538195729255676,1.3300960063934326,0.42181482911109924,0.04050055146217346,0.5689584016799927,1.4214756488800049,0.05947055295109749,0.016263216733932495,0.4559285640716553,1.392270803451538,0.2914252281188965,0.011362217366695404
2026-04-30T18:50:49.109632,108,0.5044859647750854,0.13469070196151733,-0.2858903408050537,0.9999353289604187,0.5166537165641785,0.10913572460412979,-0.24604257941246033,0.9998341202735901,0.5238736867904663,0.10913228988647461,-0.24614615738391876,0.9998924732208252,0.5307386517524719,0.10949493944644928,-0.24617210030555725,0.9998437762260437,0.49374037981033325,0.1101500540971756,-0.2436213195323944,0.9998892545700073,0.4864657521247864,0.1105678379535675,-0.24385753273963928,0.9999235272407532,0.4794880747795105,0.11118359118700027,-0.24405653774738312,0.9998943209648132,0.5413421392440796,0.1240154281258583,-0.07163398712873459,0.9998953938484192,0.4718129634857178,0.12640509009361267,-0.06408631801605225,0.9999356865882874,0.5231198668479919,0.16397833824157715,-0.2298499345779419,0.9998637437820435,0.49352043867111206,0.16082383692264557,-0.2288978397846222,0.9998744130134583,0.6105362176895142,0.29324427247047424,-0.01920505426824093,0.9997340440750122,0.4076235294342041,0.29653215408325195,0.02100755274295807,0.9997134804725647,0.745658278465271,0.3812558948993683,-0.1893758475780487,0.999366283416748,0.2759432792663574,0.39898908138275146,-0.22876355051994324,0.9989177584648132,0.6630662679672241,0.23316054046154022,-0.312534898519516,0.9971773028373718,0.33832401037216187,0.23278671503067017,-0.4918874204158783,0.9958787560462952,0.6345372796058655,0.21250341832637787,-0.35044923424720764,0.9936546683311462,0.3656180799007416,0.21097250282764435,-0.546369731426239,0.9893958568572998,0.6203885078430176,0.21431225538253784,-0.2889644503593445,0.9933776259422302,0.37886327505111694,0.21016521751880646,-0.47508445382118225,0.9880269765853882,0.6227902173995972,0.22361519932746887,-0.2885192632675171,0.9928656220436096,0.37702667713165283,0.2182195484638214,-0.47165197134017944,0.9871571063995361,0.5715864896774292,0.7334476113319397,-0.004873664118349552,0.9993415474891663,0.452767550945282,0.741316020488739,0.005286429077386856,0.9990504384040833,0.5638783574104309,0.9919038414955139,-0.13121141493320465,0.9125754237174988,0.4461679458618164,1.0171561241149902,0.028501659631729126,0.8534427881240845,0.577711820602417,1.315535068511963,0.17287495732307434,0.049358710646629333,0.451028972864151,1.300830602645874,0.3460363745689392,0.03226751461625099,0.5781800150871277,1.344248652458191,0.1967391073703766,0.04812997952103615,0.4530264437198639,1.3302072286605835,0.37489449977874756,0.0403686948120594,0.5689767599105835,1.419803261756897,0.07184374332427979,0.015572704374790192,0.45583242177963257,1.3924988508224487,0.24266460537910461,0.011101891286671162
2026-04-30T18:50:49.215151,109,0.5046346187591553,0.13546480238437653,-0.2900565266609192,0.9999412894248962,0.5169278979301453,0.10959676653146744,-0.2510261833667755,0.9998490810394287,0.5241015553474426,0.10959506034851074,-0.2511233985424042,0.9999021291732788,0.5310393571853638,0.1099519357085228,-0.2511395812034607,0.9998576045036316,0.4940243363380432,0.11052609235048294,-0.24822941422462463,0.99989914894104,0.48692187666893005,0.11089258641004562,-0.2484651505947113,0.9999304413795471,0.4799870550632477,0.11143030971288681,-0.2486605942249298,0.9999038577079773,0.5417343378067017,0.12433383613824844,-0.07543827593326569,0.9999047517776489,0.4721326231956482,0.12647227942943573,-0.0665380135178566,0.9999417662620544,0.5233069658279419,0.16514325141906738,-0.23306985199451447,0.9998759627342224,0.49373769760131836,0.16150499880313873,-0.2314295768737793,0.9998860955238342,0.6105166077613831,0.2941471040248871,-0.019783925265073776,0.9997430443763733,0.4076513648033142,0.29653069376945496,0.019248975440859795,0.9997214078903198,0.7453218698501587,0.38181671500205994,-0.18970850110054016,0.9994268417358398,0.2760623097419739,0.39912334084510803,-0.23125572502613068,0.9990195631980896,0.6649519205093384,0.23364855349063873,-0.31985950469970703,0.9974325895309448,0.3379838764667511,0.23302365839481354,-0.4980134963989258,0.9962512850761414,0.6364315748214722,0.2127525955438614,-0.35839301347732544,0.9941775798797607,0.36570677161216736,0.21132080256938934,-0.5516773462295532,0.9902468919754028,0.6225253939628601,0.2141907662153244,-0.2958349585533142,0.9939028024673462,0.37889066338539124,0.21020373702049255,-0.4803147315979004,0.98896324634552,0.6246131658554077,0.22365781664848328,-0.2957226037979126,0.9934350848197937,0.37704071402549744,0.2181444615125656,-0.4773586690425873,0.9881840944290161,0.5716977119445801,0.733430027961731,-0.004914098419249058,0.9993706345558167,0.45297402143478394,0.7413409352302551,0.005327391903847456,0.9990764260292053,0.5640397667884827,0.9869584441184998,-0.13111484050750732,0.9112740159034729,0.4461645483970642,1.0161538124084473,0.028638342395424843,0.8498835563659668,0.5774999856948853,1.3122446537017822,0.1726255863904953,0.047613225877285004,0.45093172788619995,1.2977107763290405,0.3581511080265045,0.03141741827130318,0.5779412984848022,1.3404353857040405,0.19641710817813873,0.047190576791763306,0.4528888165950775,1.326945424079895,0.389536052942276,0.04028710350394249,0.5689550042152405,1.4163131713867188,0.06971375644207001,0.014948532916605473,0.4556809067726135,1.389612078666687,0.26204365491867065,0.010800699703395367
2026-04-30T18:50:49.326798,110,0.5059522986412048,0.1365591138601303,-0.306988000869751,0.9999467730522156,0.517822265625,0.11040197312831879,-0.2679336667060852,0.9998631477355957,0.5248008966445923,0.1103672906756401,-0.2680124342441559,0.9999111890792847,0.5316475033760071,0.11068487167358398,-0.26801228523254395,0.9998707175254822,0.49515336751937866,0.11121741682291031,-0.26550984382629395,0.9999085068702698,0.48827147483825684,0.11147280782461166,-0.2657175064086914,0.9999368786811829,0.4814586043357849,0.1118854507803917,-0.2658758759498596,0.9999127984046936,0.5419333577156067,0.12476518750190735,-0.0837642177939415,0.9999135732650757,0.47267094254493713,0.12668158113956451,-0.0771062821149826,0.9999473094940186,0.5240429639816284,0.16613927483558655,-0.24569471180438995,0.9998874068260193,0.4950660169124603,0.16230498254299164,-0.24443471431732178,0.9998968839645386,0.6102675795555115,0.294319748878479,-0.02395252138376236,0.9997552037239075,0.40776538848876953,0.2963504195213318,0.013602612540125847,0.999731183052063,0.7450996041297913,0.3836137354373932,-0.2134268581867218,0.9994809031486511,0.2762226462364197,0.398788720369339,-0.2527223229408264,0.9991099238395691,0.6647472977638245,0.23403359949588776,-0.37614649534225464,0.9976633787155151,0.33849409222602844,0.23171517252922058,-0.5378702282905579,0.9965823888778687,0.6368024349212646,0.213128462433815,-0.4219634532928467,0.9946466684341431,0.366287499666214,0.21100255846977234,-0.595098614692688,0.9909788370132446,0.6226398944854736,0.21440652012825012,-0.3588782548904419,0.9943746328353882,0.37944331765174866,0.21000972390174866,-0.5246744751930237,0.9897671937942505,0.6245036721229553,0.22384436428546906,-0.3523990511894226,0.9939425587654114,0.37748777866363525,0.2177801877260208,-0.5177499651908875,0.9890696406364441,0.5716996192932129,0.7334278225898743,-0.005394681356847286,0.9993932247161865,0.4530165195465088,0.7412959337234497,0.005810008849948645,0.9990913271903992,0.5646669864654541,0.9863454103469849,-0.13120479881763458,0.9107977151870728,0.44575005769729614,1.0148266553878784,0.03489736095070839,0.8476638197898865,0.5788916349411011,1.3140441179275513,0.16020019352436066,0.04691160097718239,0.449624240398407,1.2977451086044312,0.3701135814189911,0.03124954178929329,0.5789304375648499,1.3430461883544922,0.18180392682552338,0.04689253494143486,0.4515747129917145,1.327083945274353,0.40181198716163635,0.040851905941963196,0.5723081827163696,1.4178791046142578,0.04103647544980049,0.01463040430098772,0.45353445410728455,1.389663577079773,0.26700544357299805,0.010734193958342075
2026-04-30T18:50:49.439331,111,0.5083905458450317,0.13753052055835724,-0.30174684524536133,0.9999517798423767,0.5197552442550659,0.11111179739236832,-0.2625851035118103,0.9998758435249329,0.5267193913459778,0.11123485118150711,-0.26267296075820923,0.9999194145202637,0.5334092378616333,0.11167916655540466,-0.2626776099205017,0.9998826384544373,0.4966506063938141,0.11163127422332764,-0.26230376958847046,0.9999169111251831,0.4896582067012787,0.11180827766656876,-0.2625196576118469,0.9999427199363708,0.4827256202697754,0.11215649545192719,-0.2626688778400421,0.9999208450317383,0.5434402823448181,0.12608496844768524,-0.07779422402381897,0.9999216198921204,0.4728085994720459,0.12721697986125946,-0.07549412548542023,0.9999523758888245,0.525598406791687,0.16767869889736176,-0.24023668467998505,0.999897837638855,0.4964964985847473,0.16356591880321503,-0.24178628623485565,0.9999066591262817,0.6104176044464111,0.29467737674713135,-0.018649376928806305,0.9997683167457581,0.4077971875667572,0.29632818698883057,0.013140452094376087,0.9997408986091614,0.7450286746025085,0.39239615201950073,-0.19983795285224915,0.9995306134223938,0.2763370871543884,0.39962053298950195,-0.2503340542316437,0.9991934299468994,0.6647934317588806,0.23531502485275269,-0.3639187812805176,0.9978793859481812,0.33885741233825684,0.23193491995334625,-0.5268193483352661,0.9968873262405396,0.6376656293869019,0.2133823186159134,-0.412503182888031,0.9951096773147583,0.366633802652359,0.21146079897880554,-0.5827858448028564,0.9916868209838867,0.6238102912902832,0.2144995480775833,-0.3550800681114197,0.9948490262031555,0.37983831763267517,0.2103542685508728,-0.5129261612892151,0.9905504584312439,0.6253200173377991,0.22406969964504242,-0.3427504897117615,0.9944530129432678,0.3778076469898224,0.21809764206409454,-0.5067085027694702,0.9899259209632874,0.571692168712616,0.7334235906600952,-0.0035789546091109514,0.9994230270385742,0.4529007375240326,0.7413402795791626,0.004029165953397751,0.9991229772567749,0.565235435962677,0.9861871600151062,-0.13113220036029816,0.9122365713119507,0.44547420740127563,1.0146435499191284,0.03298552706837654,0.8491075038909912,0.5789067149162292,1.3140296936035156,0.1630455106496811,0.0462447926402092,0.4481005072593689,1.298563838005066,0.35841602087020874,0.03143414109945297,0.5789158344268799,1.342984914779663,0.18561303615570068,0.046969540417194366,0.44931116700172424,1.3282808065414429,0.38849183917045593,0.041497912257909775,0.5724222660064697,1.4179179668426514,0.05174482613801956,0.014311968348920345,0.4527812898159027,1.3905717134475708,0.2522619068622589,0.010687673464417458
2026-04-30T18:50:49.547698,112,0.508348822593689,0.13809219002723694,-0.2929428219795227,0.9999563097953796,0.5197628736495972,0.11181004345417023,-0.2566803991794586,0.9998872876167297,0.5267437696456909,0.11199107766151428,-0.2567870616912842,0.9999268651008606,0.5334476232528687,0.11246394366025925,-0.2567990720272064,0.9998934268951416,0.4966903626918793,0.11225305497646332,-0.2529185116291046,0.9999244213104248,0.4897635877132416,0.1124119833111763,-0.25312626361846924,0.9999479055404663,0.4829191565513611,0.11270690709352493,-0.25327226519584656,0.9999279975891113,0.5437571406364441,0.12690576910972595,-0.07711298763751984,0.9999289512634277,0.4732319712638855,0.12825459241867065,-0.06213143467903137,0.9999569058418274,0.5256104469299316,0.16797712445259094,-0.23375728726387024,0.9999072551727295,0.49648517370224,0.16399222612380981,-0.2302018105983734,0.999915361404419,0.6114391684532166,0.29510197043418884,-0.017414897680282593,0.9997824430465698,0.40882015228271484,0.2978880703449249,0.021446483209729195,0.9997507929801941,0.7440589666366577,0.41704902052879333,-0.20089414715766907,0.9995758533477783,0.28078749775886536,0.4078880846500397,-0.22800934314727783,0.9992672204971313,0.6649205684661865,0.23973597586154938,-0.36959290504455566,0.9980795979499817,0.33924955129623413,0.23234151303768158,-0.5155960321426392,0.9971706867218018,0.6380484104156494,0.21390758454799652,-0.41614827513694763,0.9955497980117798,0.3668995797634125,0.21155692636966705,-0.5749624371528625,0.992373526096344,0.6250504851341248,0.21468289196491241,-0.35698676109313965,0.995305061340332,0.3799976706504822,0.21065406501293182,-0.5117480158805847,0.9913177490234375,0.6266263127326965,0.22435563802719116,-0.3472798764705658,0.9949430227279663,0.37799710035324097,0.2184438705444336,-0.49928417801856995,0.9907588958740234,0.5716219544410706,0.73358154296875,-0.0037093546707183123,0.9994577169418335,0.4528385102748871,0.7413257956504822,0.0041698492132127285,0.9991651177406311,0.5657094120979309,0.9856261014938354,-0.131205752491951,0.9131943583488464,0.44542446732521057,1.0137274265289307,0.03303154557943344,0.8500553965568542,0.5788342952728271,1.3136932849884033,0.16805902123451233,0.04489240422844887,0.44798675179481506,1.2983583211898804,0.384621798992157,0.030681684613227844,0.5788410902023315,1.3423043489456177,0.19229862093925476,0.046030089259147644,0.44909143447875977,1.3280117511749268,0.4188218116760254,0.04120228439569473,0.5722899436950684,1.417728304862976,0.06129384785890579,0.013736587949097157,0.452746719121933,1.390132188796997,0.2878682315349579,0.010356754995882511
2026-04-30T18:50:49.651867,113,0.5086609125137329,0.13909630477428436,-0.1964402198791504,0.9999604225158691,0.5200773477554321,0.11242438852787018,-0.17070363461971283,0.9998977780342102,0.5270838141441345,0.11245505511760712,-0.17085294425487518,0.9999337196350098,0.5337227582931519,0.11279349774122238,-0.17091602087020874,0.9999033212661743,0.4968360364437103,0.11328896135091782,-0.16461654007434845,0.999931275844574,0.489898145198822,0.11349938809871674,-0.16482499241828918,0.9999526739120483,0.48303166031837463,0.11375998705625534,-0.16498175263404846,0.9999345541000366,0.544143557548523,0.12692978978157043,-0.019164089113473892,0.9999356865882874,0.4732488989830017,0.12862111628055573,0.006606539245694876,0.9999610185623169,0.5257832407951355,0.16815228760242462,-0.14348231256008148,0.9999158382415771,0.4964658319950104,0.16468402743339539,-0.1365954577922821,0.9999232888221741,0.6138874292373657,0.2926020622253418,0.035328298807144165,0.9997984766960144,0.4112381339073181,0.2973497211933136,0.0849793553352356,0.9997657537460327,0.733564019203186,0.4411953091621399,-0.12632492184638977,0.9996157884597778,0.2912335991859436,0.431510329246521,-0.1290389746427536,0.9993310570716858,0.6613004207611084,0.25877466797828674,-0.2922284007072449,0.9982590675354004,0.34038326144218445,0.24495096504688263,-0.4178852438926697,0.9974293112754822,0.6369363069534302,0.2286188155412674,-0.3328295350074768,0.9959555268287659,0.36699342727661133,0.21725435554981232,-0.46951133012771606,0.9930312633514404,0.6244903206825256,0.22252435982227325,-0.27854248881340027,0.9957278966903687,0.3801833391189575,0.21410523355007172,-0.4169031083583832,0.9920581579208374,0.6261078715324402,0.23465991020202637,-0.27051272988319397,0.9953968524932861,0.3781574070453644,0.22300681471824646,-0.40432292222976685,0.9915571212768555,0.5715674161911011,0.7315765619277954,-0.00437948340550065,0.9995001554489136,0.4527777135372162,0.7397755980491638,0.004913602955639362,0.999225378036499,0.5679153800010681,0.9855086803436279,-0.1300642192363739,0.9164368510246277,0.44532665610313416,1.0137068033218384,0.03866346925497055,0.8542502522468567,0.5786365270614624,1.309220790863037,0.1463642418384552,0.044044360518455505,0.4479838013648987,1.2931427955627441,0.399038702249527,0.029651647433638573,0.5787421464920044,1.3356374502182007,0.16907984018325806,0.045715540647506714,0.44909054040908813,1.321645736694336,0.4350285530090332,0.04054620862007141,0.5700048208236694,1.4158471822738647,0.05545293167233467,0.013267368078231812,0.45260047912597656,1.3833640813827515,0.32881471514701843,0.00988681148737669
2026-04-30T18:50:49.756724,114,0.5152445435523987,0.14041371643543243,-0.18818366527557373,0.9999586939811707,0.5263746380805969,0.11435566842556,-0.165513813495636,0.9999010562896729,0.5323996543884277,0.11464393138885498,-0.1657353937625885,0.9999339580535889,0.5385328531265259,0.1151675432920456,-0.16594529151916504,0.999905526638031,0.5049411654472351,0.11380339413881302,-0.17147834599018097,0.9999324083328247,0.4966655373573303,0.11367185413837433,-0.17154783010482788,0.9999520182609558,0.4894888401031494,0.11377499997615814,-0.1716594249010086,0.9999356269836426,0.5451125502586365,0.12774766981601715,-0.00946462620049715,0.999936580657959,0.47667747735977173,0.12743061780929565,0.0009958123555406928,0.9999621510505676,0.527779757976532,0.16857615113258362,-0.12863409519195557,0.9999186396598816,0.4999564290046692,0.16470055282115936,-0.13837459683418274,0.9999268054962158,0.6080949306488037,0.2902514338493347,0.04096604511141777,0.999787449836731,0.4105536937713623,0.29367706179618835,0.0542520172894001,0.9997482895851135,0.7005029916763306,0.4369927644729614,-0.10849618911743164,0.9989559650421143,0.31210193037986755,0.4590601325035095,-0.18277767300605774,0.9990367889404297,0.656650960445404,0.35330361127853394,-0.3245333731174469,0.9966326951980591,0.34127846360206604,0.33092206716537476,-0.5596296191215515,0.9972896575927734,0.6402125954627991,0.3420568108558655,-0.37804561853408813,0.9935054183006287,0.36698952317237854,0.29024365544319153,-0.6103315353393555,0.99280846118927,0.620259165763855,0.3053855001926422,-0.3526838421821594,0.9930884838104248,0.3793518841266632,0.2730714976787567,-0.5893603563308716,0.9918527007102966,0.6239160299301147,0.32278454303741455,-0.3207988739013672,0.992877185344696,0.37792450189590454,0.2829025089740753,-0.5570734143257141,0.9913632273674011,0.571602463722229,0.7267547249794006,-0.003095183754339814,0.9994498491287231,0.45323023200035095,0.735521137714386,0.0036853011697530746,0.9991244077682495,0.5681187510490417,0.9828861355781555,-0.09652583301067352,0.9078968167304993,0.44592276215553284,1.011210322380066,0.04575897008180618,0.840304970741272,0.5779048204421997,1.2755019664764404,0.14176872372627258,0.045796673744916916,0.44671082496643066,1.2610481977462769,0.3770906925201416,0.0298461951315403,0.5766863822937012,1.2989786863327026,0.16051927208900452,0.0477466844022274,0.44842529296875,1.2863659858703613,0.40985217690467834,0.04054488241672516,0.5713931322097778,1.3804280757904053,0.052034102380275726,0.014083470217883587,0.4472869038581848,1.3523634672164917,0.31402018666267395,0.010043967515230179
2026-04-30T18:50:49.866724,115,0.5166033506393433,0.1404106467962265,-0.21081528067588806,0.9999623894691467,0.5283188819885254,0.11433979868888855,-0.185483917593956,0.9999101161956787,0.5344930291175842,0.11462773382663727,-0.18566283583641052,0.999940037727356,0.5410402417182922,0.11513649672269821,-0.1857270747423172,0.9999139904975891,0.5066110491752625,0.11372409015893936,-0.18740394711494446,0.9999384880065918,0.49790722131729126,0.11354885250329971,-0.18754497170448303,0.9999564290046692,0.49076908826828003,0.11357150971889496,-0.18765777349472046,0.9999414086341858,0.5475645661354065,0.12775927782058716,-0.023478174582123756,0.9999425411224365,0.4773944020271301,0.12664397060871124,-0.015591852366924286,0.9999657273292542,0.5284785628318787,0.1685747355222702,-0.1504955142736435,0.9999263882637024,0.5008469820022583,0.16472825407981873,-0.15463057160377502,0.9999337792396545,0.6081634759902954,0.29167017340660095,0.029736319556832314,0.9998065829277039,0.4110805094242096,0.2951003313064575,0.04902588576078415,0.9997690320014954,0.6973779201507568,0.467749685049057,-0.11012490093708038,0.9990535378456116,0.3274276852607727,0.4780580401420593,-0.18481771647930145,0.9991084933280945,0.5951188206672668,0.3788151443004608,-0.32639867067337036,0.9969562888145447,0.39576107263565063,0.38074928522109985,-0.5458821058273315,0.9975411891937256,0.5624827146530151,0.3590286076068878,-0.3868979811668396,0.9941204190254211,0.4205405116081238,0.3556787371635437,-0.600232720375061,0.9934597015380859,0.5558961033821106,0.33057793974876404,-0.35141974687576294,0.9937425255775452,0.424818217754364,0.3306207060813904,-0.5685731172561646,0.9925897717475891,0.560509204864502,0.33628177642822266,-0.31991690397262573,0.9935438632965088,0.42540091276168823,0.3357408940792084,-0.5366600751876831,0.9921407103538513,0.5717057585716248,0.7253997921943665,-0.0029101253021508455,0.999494731426239,0.45319613814353943,0.7339992523193359,0.003525394946336746,0.999194860458374,0.5690280795097351,0.982818603515625,-0.10473708063364029,0.9112797975540161,0.4458799362182617,1.0108511447906494,0.04671592637896538,0.8469288349151611,0.5801089406013489,1.2790298461914062,0.17957141995429993,0.04522797837853432,0.4456936717033386,1.2682603597640991,0.38567572832107544,0.030240237712860107,0.5792747139930725,1.3031065464019775,0.20586256682872772,0.04730074852705002,0.44602012634277344,1.2962384223937988,0.4183414578437805,0.04046078398823738,0.5732594728469849,1.3854022026062012,0.07838614284992218,0.013588340021669865,0.44733697175979614,1.356131911277771,0.3072194755077362,0.00981102418154478
2026-04-30T18:50:49.973032,116,0.5174927115440369,0.13928227126598358,-0.23506717383861542,0.9999595880508423,0.5292683243751526,0.1140839233994484,-0.22090891003608704,0.9999019503593445,0.5354958772659302,0.11447138339281082,-0.22107791900634766,0.9999335408210754,0.5420464873313904,0.1150275394320488,-0.22105605900287628,0.9999028444290161,0.5081764459609985,0.11296688765287399,-0.21977882087230682,0.9999341368675232,0.49969321489334106,0.11275794357061386,-0.21991987526416779,0.9999536275863647,0.49273496866226196,0.11268246918916702,-0.22016635537147522,0.9999380707740784,0.5487114787101746,0.12775617837905884,-0.07287334650754929,0.999932587146759,0.48060470819473267,0.12540984153747559,-0.0646326094865799,0.9999651908874512,0.5288967490196228,0.16758370399475098,-0.17389558255672455,0.999922513961792,0.501842737197876,0.16380572319030762,-0.17388871312141418,0.999934732913971,0.6078222990036011,0.2888142168521881,-0.03189554065465927,0.999798595905304,0.4174864888191223,0.2893955409526825,-0.004618081729859114,0.9997817277908325,0.6652253866195679,0.4585355520248413,-0.12443388998508453,0.9990844130516052,0.34437209367752075,0.4711291491985321,-0.18742960691452026,0.9991282820701599,0.5121071338653564,0.3972460627555847,-0.31050828099250793,0.9971216320991516,0.4616265296936035,0.47490447759628296,-0.4274011254310608,0.9975406527519226,0.48053526878356934,0.39215606451034546,-0.3674428164958954,0.9943941831588745,0.5027077794075012,0.4889163672924042,-0.47438183426856995,0.9933887720108032,0.47902005910873413,0.37170395255088806,-0.34446048736572266,0.994037926197052,0.515473484992981,0.4726398289203644,-0.4482642710208893,0.9925312995910645,0.487405002117157,0.3724328577518463,-0.2995286285877228,0.9938001036643982,0.5052996277809143,0.4588529169559479,-0.4149325489997864,0.9920392632484436,0.5718668103218079,0.718122661113739,-0.002090005436912179,0.9994632601737976,0.45335108041763306,0.7200381755828857,0.0026612167712301016,0.9991863369941711,0.5703016519546509,0.9685652852058411,-0.04138798266649246,0.9075713753700256,0.4458732008934021,0.9955739378929138,0.043110258877277374,0.8478548526763916,0.5785671472549438,1.270601511001587,0.23395606875419617,0.046179935336112976,0.444270521402359,1.2681056261062622,0.31506967544555664,0.03139863908290863,0.5777856111526489,1.2984212636947632,0.25739699602127075,0.04783518239855766,0.44437432289123535,1.296730637550354,0.3407458961009979,0.04033607244491577,0.5703784227371216,1.3714741468429565,0.12763845920562744,0.014194992370903492,0.447441428899765,1.3564469814300537,0.19942748546600342,0.01029631495475769
2026-04-30T18:50:50.085606,117,0.515265166759491,0.13924536108970642,-0.2382594347000122,0.9999556541442871,0.5279886722564697,0.11413406580686569,-0.22095747292041779,0.9998895525932312,0.5346896052360535,0.11456049233675003,-0.22112517058849335,0.9999234676361084,0.5414300560951233,0.11509666591882706,-0.22110620141029358,0.9998888969421387,0.5063135623931885,0.11299847066402435,-0.2189907282590866,0.9999266862869263,0.4987896978855133,0.11278055608272552,-0.21910735964775085,0.9999471306800842,0.49240249395370483,0.11268845200538635,-0.21935634315013885,0.9999303221702576,0.5486724376678467,0.12788043916225433,-0.07580430805683136,0.9999170899391174,0.48057636618614197,0.12540321052074432,-0.06335502862930298,0.999961793422699,0.5278722643852234,0.16740034520626068,-0.17828693985939026,0.9999176859855652,0.5007290840148926,0.16379250586032867,-0.17681680619716644,0.9999340176582336,0.6078663468360901,0.28529271483421326,-0.04317731410264969,0.9997901916503906,0.4233226180076599,0.28522202372550964,-0.012788405641913414,0.9997924566268921,0.6399059891700745,0.45090019702911377,-0.12391078472137451,0.9989709258079529,0.3637997806072235,0.46304798126220703,-0.18193621933460236,0.9990896582603455,0.48765015602111816,0.4041241407394409,-0.21159441769123077,0.9968997240066528,0.5156320333480835,0.4859637916088104,-0.34301620721817017,0.9969891905784607,0.45752090215682983,0.411221444606781,-0.2601499557495117,0.9938411116600037,0.5573415160179138,0.5011733770370483,-0.38719111680984497,0.9918228387832642,0.4538682997226715,0.3958110511302948,-0.23589229583740234,0.9934782385826111,0.5649069547653198,0.4838072955608368,-0.35762640833854675,0.9907679557800293,0.46485304832458496,0.3915514349937439,-0.19950422644615173,0.9930741190910339,0.5550921559333801,0.47555971145629883,-0.32916146516799927,0.9900879859924316,0.5719473361968994,0.7114469408988953,-0.0012707537971436977,0.9994129538536072,0.4541130065917969,0.713047444820404,0.001891778432764113,0.9991351366043091,0.5704342722892761,0.9616672992706299,-0.046979159116744995,0.9089861512184143,0.4456675946712494,0.9879650473594666,0.0590597502887249,0.8524699807167053,0.5784813761711121,1.2656084299087524,0.173676535487175,0.058230165392160416,0.44039496779441833,1.256819486618042,0.3436338007450104,0.03516509756445885,0.5757416486740112,1.297090768814087,0.1860029101371765,0.055407289415597916,0.4411618113517761,1.2854092121124268,0.36891689896583557,0.04169255122542381,0.5736196041107178,1.3665655851364136,0.03610869124531746,0.019091635942459106,0.44163280725479126,1.34535551071167,0.2175431251525879,0.012040441855788231
2026-04-30T18:50:50.195504,118,0.5151798129081726,0.13835535943508148,-0.22603733837604523,0.9999407529830933,0.5278674960136414,0.11401644349098206,-0.2038995772600174,0.999854326248169,0.534572184085846,0.11448479443788528,-0.20403297245502472,0.9998967051506042,0.54108065366745,0.11501669883728027,-0.20407266914844513,0.9998536109924316,0.5061193704605103,0.11287430673837662,-0.1996905356645584,0.9999036192893982,0.498680979013443,0.11265400052070618,-0.19979766011238098,0.9999289512634277,0.492184579372406,0.11255748569965363,-0.20003995299339294,0.9999089241027832,0.5483821034431458,0.12764663994312286,-0.05142489820718765,0.9998870491981506,0.4804597795009613,0.12514835596084595,-0.029377158731222153,0.9999492764472961,0.5276914834976196,0.16588427126407623,-0.16443169116973877,0.9998896718025208,0.500630259513855,0.1626792699098587,-0.1592998504638672,0.9999148845672607,0.6076911091804504,0.279318243265152,-0.038440559059381485,0.9997337460517883,0.42514437437057495,0.28024354577064514,-0.004175044596195221,0.999795138835907,0.6170047521591187,0.43888089060783386,-0.10602135956287384,0.9981343150138855,0.39049091935157776,0.45769935846328735,-0.17617163062095642,0.9988462924957275,0.4783913493156433,0.4024544060230255,-0.1546129435300827,0.994044303894043,0.5502880811691284,0.4579712450504303,-0.3087959289550781,0.9951909184455872,0.4503682553768158,0.40683460235595703,-0.19847306609153748,0.9884247779846191,0.5866697430610657,0.46903496980667114,-0.35305219888687134,0.9873086214065552,0.4492925703525543,0.3914877772331238,-0.17723587155342102,0.9881078004837036,0.5910308361053467,0.44894060492515564,-0.3259696364402771,0.9858680367469788,0.45931896567344666,0.38840994238853455,-0.14452554285526276,0.987244188785553,0.5800603628158569,0.44394731521606445,-0.2969067096710205,0.9845461249351501,0.5719331502914429,0.699027955532074,-0.002104040700942278,0.9990417957305908,0.4545186161994934,0.7026236653327942,0.002811515238136053,0.9987890720367432,0.5700976252555847,0.9562441110610962,-0.06283754855394363,0.9108717441558838,0.4455462098121643,0.9858770966529846,0.03695497661828995,0.859423041343689,0.5748518705368042,1.2617840766906738,0.12986920773983002,0.07678704708814621,0.4362200200557709,1.2525166273117065,0.3301934599876404,0.043215081095695496,0.5696133971214294,1.2973891496658325,0.1411133110523224,0.06911823898553848,0.4379984736442566,1.2818808555603027,0.3574252128601074,0.04644603654742241,0.573541522026062,1.3564561605453491,-0.019840043038129807,0.02744651399552822,0.4328133463859558,1.3405301570892334,0.2085704803466797,0.01597357913851738
2026-04-30T18:50:50.298364,119,0.5136323571205139,0.1359485536813736,-0.2287563979625702,0.9998920559883118,0.5266615748405457,0.11295558512210846,-0.20528164505958557,0.9997459650039673,0.5336462259292603,0.11349073797464371,-0.20541635155677795,0.9998124837875366,0.5400088429450989,0.11408893018960953,-0.20547136664390564,0.9997433423995972,0.5044220089912415,0.11200568079948425,-0.20062318444252014,0.9998297691345215,0.49730992317199707,0.11189177632331848,-0.2007521688938141,0.9998703598976135,0.49092021584510803,0.11190111935138702,-0.2009841501712799,0.9998380541801453,0.5476207137107849,0.12647798657417297,-0.04983432590961456,0.9998111128807068,0.4802975654602051,0.12415537238121033,-0.025238409638404846,0.9999048113822937,0.5270897150039673,0.1629902422428131,-0.16682419180870056,0.9998148083686829,0.4993683695793152,0.16020111739635468,-0.1607620120048523,0.9998536705970764,0.6065452694892883,0.2762744724750519,-0.03324123099446297,0.9996098279953003,0.4257443845272064,0.2751629650592804,-0.000492184073664248,0.9997758269309998,0.6069219708442688,0.434998482465744,-0.11717227846384048,0.9968551993370056,0.4039815068244934,0.45161914825439453,-0.1923721432685852,0.9982872605323792,0.46794992685317993,0.4138008654117584,-0.15648028254508972,0.9890720844268799,0.5578967928886414,0.4275999665260315,-0.3641563951969147,0.9918400049209595,0.44261565804481506,0.4211701452732086,-0.19600674510002136,0.9796139597892761,0.5960006713867188,0.4299464821815491,-0.4117712378501892,0.9802011251449585,0.4434642195701599,0.40201669931411743,-0.1738848239183426,0.9793121814727783,0.5989804863929749,0.4105856716632843,-0.37917211651802063,0.9781513214111328,0.45197582244873047,0.3994412124156952,-0.14499983191490173,0.9780023097991943,0.5874499082565308,0.40883761644363403,-0.3519938886165619,0.9758227467536926,0.571933388710022,0.70212721824646,-0.004255728330463171,0.9985946416854858,0.45472851395606995,0.7059932351112366,0.005024353973567486,0.9983899593353271,0.569601833820343,0.958451509475708,-0.05605759471654892,0.9103162884712219,0.4455975592136383,0.9874817132949829,0.03956981003284454,0.8641141057014465,0.5726832151412964,1.2551714181900024,0.14894741773605347,0.09115549176931381,0.435542494058609,1.247169852256775,0.33228451013565063,0.05157166346907616,0.5663016438484192,1.2915570735931396,0.15704207122325897,0.08080801367759705,0.43791621923446655,1.2770124673843384,0.3623366951942444,0.051399894058704376,0.5735971331596375,1.34786057472229,0.00921554397791624,0.03466107323765755,0.4298730790615082,1.3350615501403809,0.22499199211597443,0.020207226276397705
2026-04-30T18:50:50.407291,120,0.5138124227523804,0.13536173105239868,-0.22486340999603271,0.9998523592948914,0.5265129208564758,0.112608402967453,-0.20158639550209045,0.9996535181999207,0.5334877371788025,0.1131088063120842,-0.2017265111207962,0.9997441172599792,0.5399172902107239,0.11362303048372269,-0.20179907977581024,0.9996542930603027,0.5042530298233032,0.11176459491252899,-0.19741316139698029,0.9997650384902954,0.4971321225166321,0.1116863340139389,-0.19754758477210999,0.9998189210891724,0.49073654413223267,0.11169762909412384,-0.1977786272764206,0.9997721314430237,0.547347903251648,0.12554018199443817,-0.04349270090460777,0.9997550845146179,0.4802151620388031,0.1237231120467186,-0.02279382385313511,0.999862790107727,0.5272565484046936,0.16220837831497192,-0.16152186691761017,0.9997511506080627,0.4994981288909912,0.15956750512123108,-0.15613988041877747,0.9997913241386414,0.6062198877334595,0.2719627022743225,-0.030445009469985962,0.9995373487472534,0.4257908761501312,0.27378806471824646,0.0016471896087750793,0.9997514486312866,0.6190637350082397,0.43116849660873413,-0.10806319862604141,0.9960612654685974,0.40341201424598694,0.45010703802108765,-0.18992270529270172,0.997516930103302,0.4777119755744934,0.41301095485687256,-0.12989962100982666,0.985272228717804,0.5537849068641663,0.4178514778614044,-0.3483310639858246,0.9876846075057983,0.4489824175834656,0.42254334688186646,-0.1658399999141693,0.9722434878349304,0.5913997888565063,0.41496413946151733,-0.39404183626174927,0.9720051884651184,0.44972342252731323,0.4021312892436981,-0.14245367050170898,0.971956193447113,0.5926452875137329,0.3964672088623047,-0.3673098683357239,0.9694063663482666,0.45836299657821655,0.3980174958705902,-0.1173354759812355,0.97035813331604,0.5802152752876282,0.39555788040161133,-0.3385229706764221,0.9662304520606995,0.5723093152046204,0.7039728760719299,-0.004297706764191389,0.9981908798217773,0.45485052466392517,0.7074024677276611,0.005074596032500267,0.9980020523071289,0.5700682401657104,0.9574748277664185,-0.054318130016326904,0.9105660915374756,0.44570088386535645,0.987758994102478,0.036096829921007156,0.8685100674629211,0.5707885026931763,1.2573128938674927,0.14361396431922913,0.10336015373468399,0.4356676936149597,1.2504055500030518,0.3311378061771393,0.057411883026361465,0.5636905431747437,1.293616533279419,0.15488791465759277,0.09108708053827286,0.43808111548423767,1.2803235054016113,0.3592870831489563,0.054829955101013184,0.5735666751861572,1.350634217262268,0.0002822865208145231,0.04064479097723961,0.4300216734409332,1.3383216857910156,0.2154751718044281,0.02327742986381054
2026-04-30T18:50:50.514021,121,0.5148866176605225,0.13530249893665314,-0.2134118378162384,0.999829113483429,0.5266897082328796,0.11260606348514557,-0.18904253840446472,0.9996062517166138,0.5334252119064331,0.11311257630586624,-0.1891910284757614,0.9997079968452454,0.5397953987121582,0.11361803859472275,-0.1892692744731903,0.9996092915534973,0.5045531988143921,0.11173631250858307,-0.18760623037815094,0.9997336864471436,0.49726900458335876,0.11163823306560516,-0.18774522840976715,0.9997918009757996,0.4908253252506256,0.11164306104183197,-0.18795856833457947,0.9997380375862122,0.5469133853912354,0.12556375563144684,-0.024410327896475792,0.9997199177742004,0.4801551401615143,0.12371920049190521,-0.018383856862783432,0.9998410940170288,0.5276471376419067,0.1622440218925476,-0.14773184061050415,0.9997100830078125,0.5001760125160217,0.15959124267101288,-0.1463838666677475,0.9997544288635254,0.6044424772262573,0.27213913202285767,-0.0014571317005902529,0.9994874596595764,0.4258371889591217,0.2746119797229767,0.016694102436304092,0.9997262954711914,0.6232306957244873,0.4354943037033081,-0.0876859575510025,0.9954924583435059,0.3985876739025116,0.4515584707260132,-0.15454523265361786,0.9967485666275024,0.4793783128261566,0.41537097096443176,-0.13845926523208618,0.9834693670272827,0.5453381538391113,0.421276718378067,-0.3104008138179779,0.9844431281089783,0.44776058197021484,0.429090678691864,-0.1776665598154068,0.968692421913147,0.5837807655334473,0.4193972051143646,-0.35410210490226746,0.965369462966919,0.4480609893798828,0.4079924523830414,-0.15267549455165863,0.9684010148048401,0.5835475921630859,0.4009717106819153,-0.33022555708885193,0.9623438715934753,0.4579724371433258,0.402389258146286,-0.12578651309013367,0.9664289355278015,0.5697912573814392,0.39937177300453186,-0.30121558904647827,0.9584370851516724,0.5725216269493103,0.7051877975463867,-0.004283308982849121,0.9979720115661621,0.4551476836204529,0.7088345885276794,0.005060163326561451,0.9977583289146423,0.5700231790542603,0.9628676176071167,-0.05880938097834587,0.912672758102417,0.445793092250824,0.9889993071556091,0.03623111546039581,0.872869074344635,0.5716776251792908,1.2622816562652588,0.11425542831420898,0.11942541599273682,0.4355437159538269,1.2608542442321777,0.33657974004745483,0.06391509622335434,0.5645857453346252,1.3034930229187012,0.12385866791009903,0.10179170966148376,0.4378742575645447,1.2906982898712158,0.3647897243499756,0.05697503313422203,0.5764111280441284,1.354364037513733,-0.0403049997985363,0.048265885561704636,0.4304698407649994,1.3480207920074463,0.21660535037517548,0.02629534713923931
2026-04-30T18:50:50.617456,122,0.515205979347229,0.13124078512191772,-0.20827312767505646,0.9998228549957275,0.526636004447937,0.11027123779058456,-0.18260236084461212,0.9995884895324707,0.5333343744277954,0.11110088229179382,-0.18276062607765198,0.9996981024742126,0.5397446751594543,0.11193694174289703,-0.1828206479549408,0.9995902180671692,0.5046225786209106,0.10903900116682053,-0.18122299015522003,0.9997245073318481,0.4973143935203552,0.10926345735788345,-0.18138594925403595,0.9997865557670593,0.4908961355686188,0.10952572524547577,-0.181606262922287,0.9997291564941406,0.5464964509010315,0.12453318387269974,-0.01792128197848797,0.999708890914917,0.4800949990749359,0.12258847802877426,-0.012555587105453014,0.9998371005058289,0.5277878046035767,0.15884901583194733,-0.14335492253303528,0.9996951818466187,0.5005488991737366,0.15631665289402008,-0.1419859081506729,0.999740719795227,0.6044776439666748,0.27135249972343445,0.010259087197482586,0.9994748830795288,0.4256817400455475,0.27516600489616394,0.035258494317531586,0.9997233152389526,0.6251908540725708,0.44781339168548584,-0.05524099990725517,0.9954476356506348,0.3961409628391266,0.4641581177711487,-0.12097767740488052,0.9964920282363892,0.4747057557106018,0.4186011552810669,-0.09688551723957062,0.9831798672676086,0.5395320653915405,0.42867863178253174,-0.2925002872943878,0.9839751720428467,0.4399116039276123,0.4321320652961731,-0.13330967724323273,0.9678974747657776,0.5789586305618286,0.42821159958839417,-0.3368861973285675,0.9641035199165344,0.4402504861354828,0.4087786078453064,-0.10543639957904816,0.9675488471984863,0.5783947706222534,0.4090600609779358,-0.31093794107437134,0.9608993530273438,0.451429545879364,0.4031078517436981,-0.0822359099984169,0.9654406309127808,0.5645373463630676,0.40779152512550354,-0.2822679877281189,0.9568171501159668,0.573034405708313,0.7066603899002075,-0.005441351793706417,0.9979898929595947,0.4552338719367981,0.7094311118125916,0.00623678881675005,0.9977619647979736,0.5700188875198364,0.9691445231437683,-0.061033569276332855,0.9146434664726257,0.4455503821372986,0.9917042255401611,0.03561530262231827,0.8754112720489502,0.5743100643157959,1.2704981565475464,0.12174652516841888,0.12392743676900864,0.43476682901382446,1.2611794471740723,0.4011527895927429,0.06280046701431274,0.5696297883987427,1.3128844499588013,0.13385304808616638,0.10409872978925705,0.43671947717666626,1.291401743888855,0.4378501772880554,0.05605242773890495,0.5780019164085388,1.3572570085525513,-0.022255446761846542,0.049543075263500214,0.4289621412754059,1.349029541015625,0.3105165958404541,0.025982826948165894
2026-04-30T18:50:50.724755,123,0.5164157748222351,0.13111083209514618,-0.1786722093820572,0.9998038411140442,0.526898980140686,0.11021621525287628,-0.1537177562713623,0.999544084072113,0.5333675146102905,0.11101595312356949,-0.15388377010822296,0.9996733069419861,0.5396542549133301,0.11180716007947922,-0.15392646193504333,0.9995484352111816,0.505261242389679,0.109034463763237,-0.15312735736370087,0.9996964931488037,0.49779409170150757,0.10926269739866257,-0.1532943993806839,0.999769389629364,0.4914105534553528,0.10952716320753098,-0.15349794924259186,0.9997023344039917,0.5460777282714844,0.12428006529808044,0.008700862526893616,0.9996858239173889,0.4800992012023926,0.12255320698022842,0.010128946974873543,0.9998223781585693,0.528398871421814,0.15850940346717834,-0.11422426998615265,0.9996439814567566,0.5016518235206604,0.15617747604846954,-0.11392544209957123,0.9996944665908813,0.6040171980857849,0.2709174156188965,0.03872164711356163,0.9994646310806274,0.4254275858402252,0.2753244638442993,0.06459487229585648,0.99970942735672,0.6272481083869934,0.4536794126033783,-0.022462334483861923,0.9955279231071472,0.3965108394622803,0.47200170159339905,-0.09325193613767624,0.9961409568786621,0.47368425130844116,0.4240459203720093,-0.06814198195934296,0.983593225479126,0.5330018997192383,0.4290534555912018,-0.27366501092910767,0.9835243225097656,0.43778443336486816,0.44076964259147644,-0.105013407766819,0.9685257077217102,0.5697654485702515,0.4278649389743805,-0.31835752725601196,0.9630432724952698,0.43645477294921875,0.4170159101486206,-0.07786408811807632,0.968176543712616,0.5692952871322632,0.40846508741378784,-0.2945365309715271,0.9596949219703674,0.44797682762145996,0.41077280044555664,-0.05332817882299423,0.9660550951957703,0.5560530424118042,0.4064752161502838,-0.26462194323539734,0.9556058049201965,0.573248028755188,0.7076173424720764,-0.0048660896718502045,0.9979997873306274,0.4552062451839447,0.7102155685424805,0.005671990104019642,0.9977787137031555,0.5701717138290405,0.9728795886039734,-0.044788166880607605,0.916631281375885,0.44565343856811523,0.996283233165741,0.03255995735526085,0.8790994882583618,0.5751579999923706,1.2812012434005737,0.12397634983062744,0.1266442835330963,0.4349306523799896,1.2764670848846436,0.3753957748413086,0.06313785165548325,0.5711867213249207,1.3225457668304443,0.13884836435317993,0.10550425201654434,0.4368375241756439,1.30625581741333,0.40660858154296875,0.05551232397556305,0.5784867405891418,1.366655945777893,-0.009364431723952293,0.049823496490716934,0.4294587969779968,1.3632066249847412,0.2599024772644043,0.025816980749368668
2026-04-30T18:50:50.829263,124,0.5167029500007629,0.13117524981498718,-0.18213653564453125,0.9998013377189636,0.5270401835441589,0.11020620912313461,-0.15656867623329163,0.9995306730270386,0.5334187746047974,0.1109844222664833,-0.15672758221626282,0.99966961145401,0.5396140217781067,0.11174566298723221,-0.15675464272499084,0.9995344281196594,0.5054270029067993,0.10904939472675323,-0.15599170327186584,0.9996911287307739,0.4979223310947418,0.10927320271730423,-0.1561707705259323,0.9997685551643372,0.49154773354530334,0.1095346063375473,-0.15638139843940735,0.9996967911720276,0.5460470914840698,0.12419619411230087,0.00800244603306055,0.9996821880340576,0.4800708293914795,0.12255680561065674,0.00920170359313488,0.9998229742050171,0.528782069683075,0.1585700660943985,-0.11709556728601456,0.9996271729469299,0.50196373462677,0.15624336898326874,-0.11684856563806534,0.9996819496154785,0.6040086150169373,0.27114611864089966,0.040116216987371445,0.9994596838951111,0.42524465918540955,0.27588140964508057,0.06378695368766785,0.9997087717056274,0.6270419955253601,0.4551679790019989,-0.0224436167627573,0.9956613183021545,0.3957357406616211,0.4732874929904938,-0.10025107860565186,0.9961009621620178,0.4704738259315491,0.4262154698371887,-0.06595749408006668,0.9840793609619141,0.5372890830039978,0.43324515223503113,-0.27685102820396423,0.983561098575592,0.4344303607940674,0.4428390562534332,-0.10350769758224487,0.9692943692207336,0.5764018893241882,0.4335748851299286,-0.3212431073188782,0.9628262519836426,0.43257936835289,0.4196564555168152,-0.07580150663852692,0.9689223766326904,0.5753930807113647,0.4138270616531372,-0.29478883743286133,0.9593599438667297,0.44457998871803284,0.4135962724685669,-0.05103101581335068,0.9668115973472595,0.5611108541488647,0.4114517569541931,-0.2661438584327698,0.9553273320198059,0.5734351277351379,0.708979070186615,-0.004644951783120632,0.998056173324585,0.45516687631607056,0.7108876705169678,0.005466877482831478,0.9978473782539368,0.5701339244842529,0.9780508279800415,-0.049075931310653687,0.9199017286300659,0.44560760259628296,1.0005031824111938,0.03519890457391739,0.8833037614822388,0.5761849284172058,1.2924896478652954,0.1256272792816162,0.13119648396968842,0.43498292565345764,1.2892985343933105,0.3966614305973053,0.06296981126070023,0.573387861251831,1.3338890075683594,0.1381942331790924,0.1079244613647461,0.4366988241672516,1.3186520338058472,0.4296340346336365,0.05481676757335663,0.5787870287895203,1.3790440559387207,-0.02182738110423088,0.05057536065578461,0.4299517273902893,1.3758476972579956,0.28418976068496704,0.025513028725981712
2026-04-30T18:50:50.935675,125,0.5174153447151184,0.13121344149112701,-0.191012904047966,0.9997899532318115,0.527458667755127,0.11021969467401505,-0.1652587503194809,0.9994967579841614,0.533634603023529,0.11099350452423096,-0.16541437804698944,0.9996498227119446,0.5396913290023804,0.11174493283033371,-0.16544994711875916,0.9994993805885315,0.5058308839797974,0.10906129330396652,-0.16439023613929749,0.9996726512908936,0.4981599450111389,0.10927536338567734,-0.16456344723701477,0.9997574687004089,0.49173179268836975,0.10952629148960114,-0.1647718995809555,0.9996789693832397,0.546026349067688,0.12418229877948761,-0.0007543761166743934,0.9996606111526489,0.48005542159080505,0.12254608422517776,0.002027437323704362,0.9998151659965515,0.5293281674385071,0.15859338641166687,-0.1264333575963974,0.999595046043396,0.5023921728134155,0.1563199907541275,-0.1260797679424286,0.9996599555015564,0.6039397716522217,0.27142757177352905,0.03266207128763199,0.9994361996650696,0.42519864439964294,0.27623292803764343,0.05564423277974129,0.9996984004974365,0.6260499358177185,0.4570278823375702,-0.032988354563713074,0.9957016110420227,0.39555513858795166,0.47554513812065125,-0.11195391416549683,0.9959661364555359,0.46997055411338806,0.4278010129928589,-0.07629759609699249,0.9841717481613159,0.5400161743164062,0.43519920110702515,-0.2823268473148346,0.9830179810523987,0.4334186911582947,0.44610661268234253,-0.11270409822463989,0.9692505598068237,0.5794919729232788,0.43544620275497437,-0.3249722421169281,0.9614192247390747,0.4315677583217621,0.4224921762943268,-0.08321604877710342,0.9688466787338257,0.5785948634147644,0.41544002294540405,-0.29710349440574646,0.9577586054801941,0.4437212347984314,0.4157428741455078,-0.06057262420654297,0.9666447639465332,0.5644518136978149,0.4128020107746124,-0.2707340717315674,0.9535487294197083,0.5736672282218933,0.7111703753471375,-0.00437969621270895,0.9980245232582092,0.4551698565483093,0.7129250764846802,0.005198397673666477,0.9978201389312744,0.5701330900192261,0.9785364270210266,-0.04457355663180351,0.9220336079597473,0.4454750120639801,1.0010526180267334,0.04179368168115616,0.886076807975769,0.5775881409645081,1.2920564413070679,0.1275072991847992,0.1369532197713852,0.43500885367393494,1.288986325263977,0.39064130187034607,0.0642908439040184,0.5751188397407532,1.3323198556900024,0.14229217171669006,0.11191155761480331,0.43651509284973145,1.3184312582015991,0.4223107695579529,0.055348705500364304,0.579886794090271,1.3795318603515625,-0.013632221147418022,0.05245894566178322,0.43040814995765686,1.3756262063980103,0.2772081792354584,0.025916889309883118
2026-04-30T18:50:51.042854,126,0.5187230110168457,0.13127154111862183,-0.194707989692688,0.9997792840003967,0.5284892320632935,0.11020470410585403,-0.16884630918502808,0.9994728565216064,0.5343589782714844,0.11097462475299835,-0.1689959615468979,0.9996328353881836,0.5403931140899658,0.11171714216470718,-0.1690281331539154,0.9994738101959229,0.5065249800682068,0.10904587060213089,-0.16658546030521393,0.9996587038040161,0.4984617829322815,0.1092635914683342,-0.1667649894952774,0.9997473359107971,0.49189695715904236,0.10951730608940125,-0.16698679327964783,0.9996655583381653,0.5463592410087585,0.12408460676670074,-0.005677893292158842,0.9996427893638611,0.48004165291786194,0.12246845662593842,0.0006419050041586161,0.9998080134391785,0.5303458571434021,0.15866445004940033,-0.13138194382190704,0.9995678663253784,0.5030311346054077,0.15643201768398285,-0.1301371157169342,0.9996428489685059,0.603875994682312,0.27143606543540955,0.028274988755583763,0.9994099140167236,0.4250599443912506,0.27655544877052307,0.0521538145840168,0.9996852278709412,0.6259838342666626,0.4563785791397095,-0.04339193180203438,0.9956009984016418,0.3954009413719177,0.47527292370796204,-0.1194746121764183,0.9956785440444946,0.4695892333984375,0.42748814821243286,-0.0914778858423233,0.9838452339172363,0.536512017250061,0.43587371706962585,-0.293511301279068,0.9818938970565796,0.4329957962036133,0.4450245797634125,-0.12950363755226135,0.9683941006660461,0.5765945315361023,0.4374951422214508,-0.33736610412597656,0.958945095539093,0.431090772151947,0.42178720235824585,-0.10050053894519806,0.9679612517356873,0.5750541090965271,0.41877481341362,-0.31024882197380066,0.9550952315330505,0.44334644079208374,0.4153302013874054,-0.07640440762042999,0.9656318426132202,0.561642050743103,0.4160088300704956,-0.28265637159347534,0.9506275653839111,0.5737150311470032,0.7112582325935364,-0.004236075095832348,0.9979314804077148,0.45517000555992126,0.7130385637283325,0.005050850100815296,0.9977269768714905,0.570330798625946,0.9781047701835632,-0.0356072373688221,0.9232859015464783,0.4458238482475281,1.0010254383087158,0.04745730012655258,0.8881845474243164,0.5782803297042847,1.2898207902908325,0.144343301653862,0.14362215995788574,0.4350305497646332,1.2886927127838135,0.38463926315307617,0.06723202764987946,0.5755718350410461,1.3302892446517944,0.1571986824274063,0.11680137366056442,0.43645185232162476,1.317650556564331,0.4132205545902252,0.05691515654325485,0.5809911489486694,1.3777111768722534,-0.004538337700068951,0.05504489690065384,0.43066325783729553,1.375430703163147,0.25891879200935364,0.027037333697080612
2026-04-30T18:50:51.150974,127,0.519525945186615,0.1312597543001175,-0.19631744921207428,0.9997789859771729,0.5290683507919312,0.10986647009849548,-0.17059938609600067,0.9994751811027527,0.5347765684127808,0.11064348369836807,-0.1707553118467331,0.9996347427368164,0.5408052206039429,0.11141382902860641,-0.17080402374267578,0.9994765520095825,0.5070751309394836,0.10881711542606354,-0.16929247975349426,0.9996590614318848,0.49879273772239685,0.10911191254854202,-0.16945460438728333,0.9997464418411255,0.492159366607666,0.10941407084465027,-0.16966237127780914,0.9996634721755981,0.5465599298477173,0.1239059641957283,-0.006734830792993307,0.9996461272239685,0.48003101348876953,0.12241869419813156,-0.0029898574575781822,0.9998080730438232,0.5310420989990234,0.1587022840976715,-0.1320773959159851,0.9995723366737366,0.5036007165908813,0.15648800134658813,-0.131720632314682,0.9996426701545715,0.6040260791778564,0.271504670381546,0.027882004156708717,0.999422013759613,0.4249664843082428,0.2767132818698883,0.05018753930926323,0.9996824860572815,0.6260728240013123,0.4577411115169525,-0.031949326395988464,0.9955418705940247,0.39543357491493225,0.47523677349090576,-0.10948522388935089,0.9952307939529419,0.4707716107368469,0.4269391894340515,-0.07278968393802643,0.9836701154708862,0.5364024043083191,0.43482843041419983,-0.2794070839881897,0.9804931879043579,0.43370795249938965,0.44485101103782654,-0.10863776504993439,0.9678400158882141,0.577472448348999,0.4355449378490448,-0.32251089811325073,0.9560583233833313,0.43190592527389526,0.42062821984291077,-0.08009950071573257,0.9673796892166138,0.5754451155662537,0.41661733388900757,-0.2979545295238495,0.9519288539886475,0.443951278924942,0.41435831785202026,-0.05751246213912964,0.964907705783844,0.5609837770462036,0.41496434807777405,-0.2697790265083313,0.9471819400787354,0.573696494102478,0.7114925384521484,-0.004136871080845594,0.9979395866394043,0.4548933506011963,0.7133742570877075,0.004956074524670839,0.9976933598518372,0.5701892971992493,0.9782124757766724,-0.04002877324819565,0.9253028035163879,0.44520992040634155,1.000192403793335,0.042086709290742874,0.890313982963562,0.5776404142379761,1.2897813320159912,0.1313178837299347,0.15166188776493073,0.4350659251213074,1.283275842666626,0.39242643117904663,0.06749241799116135,0.5747660994529724,1.3297278881072998,0.14264021813869476,0.12192615866661072,0.4364860951900482,1.3101593255996704,0.42552176117897034,0.05692199245095253,0.58094722032547,1.3783866167068481,-0.016225088387727737,0.05796744301915169,0.4306580424308777,1.3701852560043335,0.28955942392349243,0.027253177016973495
2026-04-30T18:50:51.262591,128,0.520086407661438,0.13129545748233795,-0.19792501628398895,0.9997585415840149,0.5296952128410339,0.1098490059375763,-0.17217469215393066,0.9994348287582397,0.5352802276611328,0.1106342002749443,-0.172333225607872,0.9996064901351929,0.5412799119949341,0.11140647530555725,-0.17238840460777283,0.9994372129440308,0.5079087018966675,0.10874108970165253,-0.1711103618144989,0.999631404876709,0.49941930174827576,0.10902330279350281,-0.17126832902431488,0.9997256398200989,0.49270185828208923,0.10931437462568283,-0.1714726835489273,0.999636173248291,0.5468493700027466,0.1239015981554985,-0.007885867729783058,0.9996198415756226,0.4802626669406891,0.12231199443340302,-0.005059835966676474,0.999791145324707,0.5314570665359497,0.15874727070331573,-0.13336166739463806,0.9995355606079102,0.5039936304092407,0.15653358399868011,-0.13311079144477844,0.9996089935302734,0.6043370962142944,0.2716023623943329,0.02599511668086052,0.9994077682495117,0.4248831272125244,0.27684175968170166,0.049311842769384384,0.9996651411056519,0.6270496249198914,0.45829203724861145,-0.03785763308405876,0.9954437613487244,0.3951706886291504,0.474712997674942,-0.1128353700041771,0.9947777390480042,0.4713497757911682,0.42793530225753784,-0.07960362732410431,0.9833154678344727,0.5357199907302856,0.43389877676963806,-0.2871772050857544,0.9790692925453186,0.4345218241214752,0.44541114568710327,-0.11588899046182632,0.9669496417045593,0.5763233304023743,0.43456289172172546,-0.33147916197776794,0.953104555606842,0.43296676874160767,0.4214421808719635,-0.08722369372844696,0.9664769172668457,0.5749939680099487,0.4159148037433624,-0.3053312599658966,0.9487228393554688,0.44509243965148926,0.41517743468284607,-0.06427158415317535,0.9638739824295044,0.560314953327179,0.4148491621017456,-0.27717363834381104,0.9436103105545044,0.5737005472183228,0.7120433449745178,-0.004148918204009533,0.9978905320167542,0.454744428396225,0.7135348916053772,0.0049636405892670155,0.9976223707199097,0.5701122879981995,0.9786367416381836,-0.04055678844451904,0.9252195954322815,0.4450151026248932,1.0001540184020996,0.03669930249452591,0.891196608543396,0.5776373147964478,1.2879177331924438,0.1523386389017105,0.15383651852607727,0.43272456526756287,1.280652403831482,0.3784961402416229,0.06841928511857986,0.5747655630111694,1.3275197744369507,0.16601981222629547,0.12286650389432907,0.43382516503334045,1.307858943939209,0.4105360507965088,0.0569455623626709,0.5808714628219604,1.3765902519226074,0.006856649182736874,0.058740030974149704,0.42873311042785645,1.366944432258606,0.26814955472946167,0.027596423402428627
2026-04-30T18:50:51.367906,129,0.5217599868774414,0.1313217431306839,-0.19097712635993958,0.9997469782829285,0.531017005443573,0.1098388209939003,-0.16557659208774567,0.9994091391563416,0.5365232229232788,0.11063549667596817,-0.16574595868587494,0.9995931386947632,0.5425797700881958,0.11142527312040329,-0.16580082476139069,0.9994131326675415,0.5100758671760559,0.10852702707052231,-0.16573813557624817,0.9996154308319092,0.5013834238052368,0.10872197896242142,-0.1658989042043686,0.9997161030769348,0.49430257081985474,0.10898245871067047,-0.1661035567522049,0.9996196031570435,0.5474940538406372,0.1239948570728302,0.0009527577203698456,0.9996095895767212,0.48082828521728516,0.12216054648160934,-0.0017145642777904868,0.9997842311859131,0.5324375033378601,0.15880019962787628,-0.12491418421268463,0.999508261680603,0.5052965879440308,0.1565711349248886,-0.12609705328941345,0.9995834827423096,0.6043649911880493,0.2716790437698364,0.03320418670773506,0.9994046688079834,0.4248258173465729,0.27709755301475525,0.05559246987104416,0.999657928943634,0.6277569532394409,0.45776429772377014,-0.03738183528184891,0.995518147945404,0.3951149582862854,0.47389715909957886,-0.11317722499370575,0.9945392608642578,0.4728635251522064,0.42728284001350403,-0.09097417443990707,0.9836218357086182,0.5343707203865051,0.43272510170936584,-0.2942813038825989,0.9788359999656677,0.43556690216064453,0.44441086053848267,-0.12866030633449554,0.967551589012146,0.5737636685371399,0.43333354592323303,-0.3381056487560272,0.9525731801986694,0.4342220425605774,0.4207037687301636,-0.09933438897132874,0.9671102166175842,0.5730332136154175,0.4149147570133209,-0.3066943287849426,0.9481585621833801,0.44640955328941345,0.41444143652915955,-0.07591494917869568,0.9645465612411499,0.55879807472229,0.413326233625412,-0.2832230031490326,0.9431570768356323,0.5736165642738342,0.7122321724891663,-0.003788704751059413,0.9979122281074524,0.45437702536582947,0.7138152718544006,0.004597197286784649,0.997646689414978,0.5699833631515503,0.979286789894104,-0.041367705911397934,0.9269009232521057,0.4449595510959625,1.0000975131988525,0.035687003284692764,0.8932999968528748,0.5774893760681152,1.2904554605484009,0.15204326808452606,0.15461328625679016,0.4328235685825348,1.2846386432647705,0.377931147813797,0.06817732751369476,0.574755847454071,1.3299853801727295,0.1651569902896881,0.1229407787322998,0.4339168071746826,1.3127166032791138,0.40977993607521057,0.05626118555665016,0.5803407430648804,1.3787542581558228,0.0028476500883698463,0.05825800076127052,0.4289093017578125,1.3706505298614502,0.2629954218864441,0.02717834711074829
2026-04-30T18:50:51.471910,130,0.5229912400245667,0.13092929124832153,-0.19278296828269958,0.9997345209121704,0.5320304036140442,0.10894835740327835,-0.16742150485515594,0.9993825554847717,0.5375667810440063,0.10983960330486298,-0.16758674383163452,0.9995760321617126,0.5438982844352722,0.11077113449573517,-0.16764062643051147,0.999387800693512,0.5110398530960083,0.10738767683506012,-0.16730618476867676,0.9995968341827393,0.5021030902862549,0.10762868076562881,-0.16746559739112854,0.9997034072875977,0.49465885758399963,0.10809213668107986,-0.16767248511314392,0.9996013641357422,0.5484293699264526,0.12368877232074738,-0.0015016553224995732,0.9995946884155273,0.48086872696876526,0.12150602042675018,-0.002973328810185194,0.9997739791870117,0.5332421064376831,0.15869848430156708,-0.12729007005691528,0.9994766712188721,0.5058902502059937,0.15642140805721283,-0.12797728180885315,0.9995561838150024,0.6043993234634399,0.2717164158821106,0.03153906762599945,0.9993876814842224,0.4247727394104004,0.27734214067459106,0.05388139560818672,0.9996412396430969,0.6276413798332214,0.457222044467926,-0.03956067934632301,0.9955170154571533,0.39500290155410767,0.47339001297950745,-0.1148577481508255,0.9942129850387573,0.4724176526069641,0.4266267716884613,-0.08441347628831863,0.9836205840110779,0.5344448089599609,0.43174266815185547,-0.2951027750968933,0.9775815010070801,0.4349871277809143,0.44404366612434387,-0.12037760019302368,0.9673885107040405,0.5740086436271667,0.43206122517585754,-0.3389492630958557,0.9500072002410889,0.4334200918674469,0.42049723863601685,-0.09152841567993164,0.9669346213340759,0.5726442933082581,0.41372162103652954,-0.31053292751312256,0.9453936219215393,0.4458034634590149,0.4142025411128998,-0.0689644068479538,0.9643373489379883,0.5585707426071167,0.4121314287185669,-0.28472650051116943,0.9402366280555725,0.573573887348175,0.7123737931251526,-0.003782053245231509,0.9978458285331726,0.454071581363678,0.7140210270881653,0.004589826799929142,0.9975762963294983,0.5700291991233826,0.9785916209220886,-0.03246326744556427,0.9271646738052368,0.44487887620925903,0.9999135732650757,0.031845878809690475,0.8951684832572937,0.5768158435821533,1.2869665622711182,0.17416462302207947,0.15554721653461456,0.4326910376548767,1.2841280698776245,0.3466503322124481,0.06948982924222946,0.5741997361183167,1.3257428407669067,0.18878309428691864,0.12336345762014389,0.433706670999527,1.3124079704284668,0.3748600482940674,0.05661538243293762,0.5789358019828796,1.3755775690078735,0.03006012737751007,0.058494869619607925,0.42907458543777466,1.37028968334198,0.2226317673921585,0.02756260707974434
2026-04-30T18:50:51.575722,131,0.5228801965713501,0.1315264254808426,-0.19419826567173004,0.9997313022613525,0.5320597887039185,0.10913681238889694,-0.1687220335006714,0.9993767738342285,0.5375891327857971,0.10999610275030136,-0.16888530552387238,0.999572217464447,0.5439234972000122,0.11089529097080231,-0.16893848776817322,0.9993835687637329,0.5109471082687378,0.10768987983465195,-0.16853131353855133,0.9995892643928528,0.5020507574081421,0.10792757570743561,-0.16869065165519714,0.9996978640556335,0.49463343620300293,0.10835768282413483,-0.16889575123786926,0.999592661857605,0.5487662553787231,0.1237645298242569,-0.002847852651029825,0.9995936155319214,0.48087334632873535,0.12157143652439117,-0.003912255633622408,0.999767541885376,0.533328115940094,0.15944907069206238,-0.1288556158542633,0.9994731545448303,0.505865216255188,0.15710298717021942,-0.12937721610069275,0.9995455741882324,0.6044120192527771,0.2717829942703247,0.031231742352247238,0.9994014501571655,0.42474499344825745,0.27753058075904846,0.053090132772922516,0.999637246131897,0.6278007626533508,0.45703598856925964,-0.03992339223623276,0.9955825805664062,0.3967691957950592,0.4732232391834259,-0.1102813109755516,0.9938065409660339,0.4718450605869293,0.4277508854866028,-0.08086975663900375,0.9838591814041138,0.5350016355514526,0.43120452761650085,-0.29192614555358887,0.97714763879776,0.4349164068698883,0.4458265006542206,-0.11543148756027222,0.9676398038864136,0.5738207101821899,0.43120720982551575,-0.33609578013420105,0.9491733312606812,0.43311506509780884,0.4213235676288605,-0.08589810132980347,0.9672030210494995,0.573185920715332,0.41289860010147095,-0.31028199195861816,0.9445227980613708,0.4453205168247223,0.4147701561450958,-0.06474508345127106,0.9646049737930298,0.5587319135665894,0.41155463457107544,-0.28261512517929077,0.9392810463905334,0.5735177397727966,0.7124879956245422,-0.0038501948583871126,0.9978241324424744,0.45381230115890503,0.7141693234443665,0.004647424910217524,0.9975214004516602,0.5699115991592407,0.9762489199638367,-0.02827439084649086,0.9252218008041382,0.4441172480583191,0.9986396431922913,0.02222379855811596,0.8943413496017456,0.5710278749465942,1.2842106819152832,0.18346118927001953,0.15217062830924988,0.4322947859764099,1.2775533199310303,0.3394383490085602,0.0681796446442604,0.5682042837142944,1.3220573663711548,0.1990765482187271,0.12113115936517715,0.43315887451171875,1.3051992654800415,0.36898913979530334,0.05573582276701927,0.5707590579986572,1.3736454248428345,0.05005187541246414,0.05716775730252266,0.4289170205593109,1.3635023832321167,0.2270384281873703,0.027099447324872017
2026-04-30T18:50:51.683071,132,0.5222247838973999,0.12992288172245026,-0.2000596821308136,0.9997293949127197,0.531770646572113,0.10782258212566376,-0.17397280037403107,0.9993672370910645,0.5373537540435791,0.10882129520177841,-0.17413827776908875,0.9995682835578918,0.5436028242111206,0.10988671332597733,-0.17418219149112701,0.9993740916252136,0.5103813409805298,0.10649001598358154,-0.17358310520648956,0.9995847940444946,0.5016685724258423,0.10693595558404922,-0.1737498790025711,0.9996961355209351,0.49438339471817017,0.10751156508922577,-0.17396065592765808,0.9995881915092468,0.5486732125282288,0.12323535978794098,-0.00689682736992836,0.9995888471603394,0.48083099722862244,0.12103350460529327,-0.006461757235229015,0.99976646900177,0.533092737197876,0.15821784734725952,-0.13420319557189941,0.9994641542434692,0.505465567111969,0.15590381622314453,-0.13421739637851715,0.999538779258728,0.6046839356422424,0.2718154489994049,0.029172439128160477,0.9993935823440552,0.4247162342071533,0.2777167558670044,0.049817293882369995,0.9996353387832642,0.6279855966567993,0.4570101499557495,-0.03964404761791229,0.9956260323524475,0.39716747403144836,0.47320783138275146,-0.11246861517429352,0.9938727021217346,0.47173643112182617,0.42825958132743835,-0.08064007014036179,0.9839754700660706,0.5385940670967102,0.4318747818470001,-0.28714242577552795,0.9772448539733887,0.43538302183151245,0.4457975924015045,-0.11628450453281403,0.9677292704582214,0.5797768235206604,0.43323391675949097,-0.3305155634880066,0.9490387439727783,0.43395480513572693,0.4207650423049927,-0.08771387487649918,0.9672747254371643,0.5799632668495178,0.4153572916984558,-0.3037899136543274,0.9443069100379944,0.4458603858947754,0.41424405574798584,-0.06504935771226883,0.964641809463501,0.5642639994621277,0.41268426179885864,-0.27657851576805115,0.9390091300010681,0.5735268592834473,0.7125869989395142,-0.0038790430407971144,0.9978204369544983,0.4538191854953766,0.7140696048736572,0.004675370175391436,0.9975273609161377,0.569877028465271,0.9761152267456055,-0.030927639454603195,0.926490068435669,0.44412651658058167,0.9979981780052185,0.03172310069203377,0.8960021734237671,0.5721763372421265,1.2850918769836426,0.17857320606708527,0.15484747290611267,0.4323924481868744,1.2797839641571045,0.3676021099090576,0.06873821467161179,0.5698285698890686,1.3235019445419312,0.19216756522655487,0.12261653691530228,0.4332887530326843,1.3082289695739746,0.3986131548881531,0.05581623315811157,0.5720359086990356,1.3743674755096436,0.031824685633182526,0.0578727051615715,0.4290238916873932,1.3657994270324707,0.25199049711227417,0.027297409251332283
2026-04-30T18:50:51.794965,133,0.5183874368667603,0.12804633378982544,-0.19019374251365662,0.999720573425293,0.5289856791496277,0.1071658656001091,-0.16491767764091492,0.9993430972099304,0.5350866317749023,0.10819735378026962,-0.16510452330112457,0.9995594024658203,0.5412260890007019,0.10934186726808548,-0.16515101492404938,0.9993565678596497,0.5080596208572388,0.10609431564807892,-0.16228440403938293,0.9995637536048889,0.5004199743270874,0.106662318110466,-0.1624639332294464,0.999686062335968,0.4937136769294739,0.10731339454650879,-0.16268859803676605,0.9995681643486023,0.5472071170806885,0.1230161041021347,-0.004770286846905947,0.9995840191841125,0.48102641105651855,0.12101820856332779,0.0048308889381587505,0.9997519850730896,0.5310328006744385,0.1566324532032013,-0.12771643698215485,0.9994367957115173,0.5038627982139587,0.15425802767276764,-0.1250351369380951,0.9994984865188599,0.6049120426177979,0.27168554067611694,0.02771669253706932,0.99940425157547,0.42479872703552246,0.2778160274028778,0.06095990538597107,0.9996253848075867,0.6279690861701965,0.45692890882492065,-0.0408417209982872,0.995821475982666,0.3979649543762207,0.4729926884174347,-0.10175549983978271,0.9936760067939758,0.4722932279109955,0.42924556136131287,-0.08466102182865143,0.9846975207328796,0.5321868658065796,0.4313987195491791,-0.29012423753738403,0.9775119423866272,0.43612462282180786,0.4473423361778259,-0.12084291875362396,0.9691230654716492,0.5559052228927612,0.42134764790534973,-0.3334258794784546,0.9497868418693542,0.434635728597641,0.422016441822052,-0.0908440575003624,0.9687142968177795,0.5708094239234924,0.4147413671016693,-0.3045652210712433,0.9451274275779724,0.44636982679367065,0.41543638706207275,-0.06908601522445679,0.9661925435066223,0.553386390209198,0.4121711552143097,-0.2793881297111511,0.9400368928909302,0.5735264420509338,0.711902379989624,-0.004423924721777439,0.9978618621826172,0.4537251591682434,0.7132899761199951,0.005198436789214611,0.9975727200508118,0.5699450969696045,0.9734345078468323,-0.03195971995592117,0.9253740310668945,0.4442692697048187,0.996311366558075,0.025080490857362747,0.8966165781021118,0.5723550915718079,1.284271001815796,0.1882816106081009,0.1488243192434311,0.4346407949924469,1.2799559831619263,0.32861799001693726,0.0677657425403595,0.5704144835472107,1.3222988843917847,0.20429834723472595,0.11813497543334961,0.43558722734451294,1.308822512626648,0.3556388020515442,0.05481114238500595,0.5722354650497437,1.3734968900680542,0.04853198677301407,0.05526919290423393,0.4333742558956146,1.36593496799469,0.204201340675354,0.026678476482629776
2026-04-30T18:50:51.904334,134,0.5149532556533813,0.12551800906658173,-0.18558312952518463,0.9997180104255676,0.5266346335411072,0.10545060783624649,-0.16008591651916504,0.9993369579315186,0.5333627462387085,0.10653360933065414,-0.16026178002357483,0.9995582103729248,0.5395479798316956,0.10789380222558975,-0.16030290722846985,0.9993528127670288,0.5050008893013,0.1049400046467781,-0.15697698295116425,0.9995582699775696,0.4979587197303772,0.10579133778810501,-0.15714865922927856,0.9996846318244934,0.4915773272514343,0.1067710891366005,-0.15735802054405212,0.9995640516281128,0.5466883778572083,0.122444748878479,-0.0011760680936276913,0.9995831847190857,0.480785608291626,0.12102151662111282,0.01135722454637289,0.9997484087944031,0.529333233833313,0.15494230389595032,-0.12360286712646484,0.9994215965270996,0.5017721056938171,0.1530659943819046,-0.12019579112529755,0.9994816184043884,0.6049267649650574,0.2716718912124634,0.028309103101491928,0.9994000792503357,0.42495018243789673,0.2778591215610504,0.06552238762378693,0.9996187090873718,0.6278440952301025,0.4569668769836426,-0.03829110786318779,0.9959563612937927,0.39776521921157837,0.4728209674358368,-0.0927402600646019,0.9935988783836365,0.47234153747558594,0.4288046956062317,-0.0828796774148941,0.9852167367935181,0.5319584608078003,0.4313279092311859,-0.2758411169052124,0.9776586294174194,0.4356425702571869,0.4463127851486206,-0.11872229725122452,0.9700812697410583,0.5592462420463562,0.42293277382850647,-0.32109174132347107,0.9500511884689331,0.433959424495697,0.42138421535491943,-0.09102310240268707,0.96969074010849,0.5706464052200317,0.41456133127212524,-0.2947925627231598,0.9453799724578857,0.4457957148551941,0.4150156080722809,-0.06780640035867691,0.9672403931617737,0.5537758469581604,0.4119769334793091,-0.26637667417526245,0.9403485059738159,0.5734915733337402,0.711950957775116,-0.004401725716888905,0.9979122281074524,0.45373106002807617,0.7133729457855225,0.005173114128410816,0.9976349472999573,0.5697585344314575,0.9742719531059265,-0.029918109998106956,0.9243522882461548,0.4443211555480957,0.9965223670005798,0.02553936280310154,0.897733211517334,0.5725856423377991,1.2843819856643677,0.19262877106666565,0.14478850364685059,0.4337698519229889,1.280934453010559,0.3255232274532318,0.06779595464468002,0.5709272027015686,1.32231605052948,0.20864073932170868,0.11491413414478302,0.4344797730445862,1.3104684352874756,0.3518849015235901,0.054212745279073715,0.5723987817764282,1.3735500574111938,0.049573417752981186,0.053503360599279404,0.43283987045288086,1.3669184446334839,0.19598808884620667,0.02645994909107685
2026-04-30T18:50:52.009948,135,0.5150474905967712,0.12528158724308014,-0.18943390250205994,0.9997121691703796,0.5266578197479248,0.10446010529994965,-0.1633484661579132,0.9993225932121277,0.5333197116851807,0.10547857731580734,-0.1635209023952484,0.9995504021644592,0.5393636226654053,0.10679958015680313,-0.16356228291988373,0.9993398189544678,0.5049360990524292,0.1042424663901329,-0.16039733588695526,0.9995501637458801,0.49771422147750854,0.10525389015674591,-0.1605834811925888,0.9996798038482666,0.49119648337364197,0.10639241337776184,-0.16079114377498627,0.9995561242103577,0.5463529229164124,0.1212214007973671,-0.003098377725109458,0.9995765089988708,0.48014721274375916,0.12100617587566376,0.009781284257769585,0.9997439980506897,0.5293533205986023,0.1548745483160019,-0.12674430012702942,0.999403715133667,0.5017788410186768,0.15311606228351593,-0.12344671785831451,0.9994670748710632,0.6050113439559937,0.2716783285140991,0.026767918840050697,0.9993814826011658,0.4249323904514313,0.2781030833721161,0.06465012580156326,0.9996089935302734,0.6273528337478638,0.45688432455062866,-0.03872380405664444,0.995970606803894,0.39770758152008057,0.47303974628448486,-0.09584284573793411,0.9934952855110168,0.4720914363861084,0.42833223938941956,-0.07695627212524414,0.985145092010498,0.533685028553009,0.4309921860694885,-0.279506653547287,0.977097749710083,0.4354730546474457,0.44561511278152466,-0.11131570488214493,0.9698570966720581,0.5689655542373657,0.42310523986816406,-0.3242683708667755,0.9486701488494873,0.43399959802627563,0.42080700397491455,-0.0838221088051796,0.9694589376449585,0.5738162398338318,0.4134894013404846,-0.29724153876304626,0.9438194036483765,0.4458281099796295,0.41455599665641785,-0.06156400591135025,0.9669650793075562,0.556790828704834,0.4110718369483948,-0.2695830464363098,0.9386373162269592,0.573495090007782,0.7120170593261719,-0.004640496335923672,0.997882604598999,0.45371493697166443,0.7134208679199219,0.0054122069850564,0.9976142048835754,0.56972736120224,0.9740132093429565,-0.03017158806324005,0.9250233173370361,0.4443911910057068,0.9965179562568665,0.045402009040117264,0.8987712860107422,0.5743592977523804,1.283884048461914,0.18728555738925934,0.1460462361574173,0.4342373311519623,1.281101942062378,0.35398489236831665,0.06927086412906647,0.5729779005050659,1.321927547454834,0.20315401256084442,0.11572064459323883,0.43508458137512207,1.310929536819458,0.38084933161735535,0.05499933287501335,0.5737055540084839,1.3726938962936401,0.046466074883937836,0.053849127143621445,0.43292492628097534,1.3670626878738403,0.21837909519672394,0.026930976659059525
2026-04-30T18:50:52.118833,136,0.5146857500076294,0.12218157202005386,-0.18574705719947815,0.9997074604034424,0.5257881283760071,0.10309263318777084,-0.16004905104637146,0.999313473701477,0.5324749946594238,0.10415991395711899,-0.16022878885269165,0.9995477795600891,0.538392186164856,0.10558383911848068,-0.1602718085050583,0.9993337988853455,0.504284679889679,0.10317803174257278,-0.15733502805233002,0.9995435476303101,0.4971567690372467,0.1044338271021843,-0.1575140655040741,0.999677300453186,0.49075236916542053,0.10583832114934921,-0.15772174298763275,0.9995501041412354,0.5454724431037903,0.12071666121482849,-0.001348700374364853,0.9995741248130798,0.4800476133823395,0.12100517749786377,0.010216476395726204,0.9997391700744629,0.5290085673332214,0.15236949920654297,-0.12380842864513397,0.9993874430656433,0.5013917684555054,0.15109144151210785,-0.1207374557852745,0.9994489550590515,0.6049450635910034,0.271187961101532,0.026363924145698547,0.999378502368927,0.42486804723739624,0.2781566381454468,0.06432713568210602,0.9995995759963989,0.6274002194404602,0.4567999541759491,-0.03876414895057678,0.9960770010948181,0.39796140789985657,0.4734126031398773,-0.09815258532762527,0.9934391379356384,0.47238975763320923,0.428049236536026,-0.07794545590877533,0.9856425523757935,0.5335630178451538,0.4307306706905365,-0.28128892183303833,0.9775598049163818,0.43583354353904724,0.44538041949272156,-0.11247315257787704,0.9709016680717468,0.5689243078231812,0.42389312386512756,-0.32488030195236206,0.9497029185295105,0.4343370795249939,0.4203721880912781,-0.08954711258411407,0.9705365896224976,0.5727168917655945,0.4129762053489685,-0.29982689023017883,0.9449211955070496,0.4461050033569336,0.41417303681373596,-0.06227722764015198,0.9681205749511719,0.5561869144439697,0.41044631600379944,-0.2706328332424164,0.939898669719696,0.5734959840774536,0.712051510810852,-0.004800536669790745,0.9979404211044312,0.45371437072753906,0.713481605052948,0.0055697644129395485,0.9976823925971985,0.5697191953659058,0.9740532040596008,-0.02957403101027012,0.9252048134803772,0.4444054067134857,0.9965681433677673,0.05171998217701912,0.8997260928153992,0.5778102278709412,1.284299612045288,0.18615421652793884,0.14374716579914093,0.43424123525619507,1.2818313837051392,0.35474109649658203,0.0692683756351471,0.5766914486885071,1.322385311126709,0.20287016034126282,0.113796666264534,0.4350892901420593,1.3122156858444214,0.3811299502849579,0.05451264604926109,0.5773715972900391,1.3727729320526123,0.04227795824408531,0.05254725366830826,0.43290892243385315,1.3673847913742065,0.2212367057800293,0.02661055326461792
2026-04-30T18:50:52.229315,137,0.5147679448127747,0.12195120006799698,-0.18219228088855743,0.999710202217102,0.5257776379585266,0.10274746268987656,-0.15654507279396057,0.9993228316307068,0.5324130058288574,0.10379626601934433,-0.1567334681749344,0.9995566606521606,0.538256049156189,0.10519721359014511,-0.15678752958774567,0.9993456602096558,0.5042704343795776,0.10290101915597916,-0.15436801314353943,0.9995474219322205,0.497121661901474,0.1041993722319603,-0.15453681349754333,0.9996810555458069,0.49072298407554626,0.10563874244689941,-0.15473367273807526,0.9995521306991577,0.5450148582458496,0.12037883698940277,0.002704568672925234,0.9995855689048767,0.4800383448600769,0.12094756960868835,0.011465689167380333,0.9997393488883972,0.5289841890335083,0.15210182964801788,-0.11990579217672348,0.9993937015533447,0.5013843774795532,0.1509121209383011,-0.11765217781066895,0.9994463920593262,0.6049495935440063,0.2711409330368042,0.026625875383615494,0.9993976354598999,0.42477256059646606,0.27827760577201843,0.0699964091181755,0.9995911121368408,0.6274410486221313,0.4568595290184021,-0.038181208074092865,0.9962122440338135,0.3985055387020111,0.4733697474002838,-0.09314125776290894,0.993162214756012,0.4722273349761963,0.4288657009601593,-0.08023960888385773,0.9862052202224731,0.5311740040779114,0.43052375316619873,-0.283277690410614,0.9776082634925842,0.4356466233730316,0.44744399189949036,-0.11530009657144547,0.9720154404640198,0.5560449361801147,0.4147202670574188,-0.32699573040008545,0.9499990344047546,0.43390417098999023,0.4214838147163391,-0.0911027044057846,0.9716850519180298,0.5705339908599854,0.412737101316452,-0.30042004585266113,0.9452469944953918,0.44569826126098633,0.41497641801834106,-0.06483425199985504,0.9693231582641602,0.5523378252983093,0.41024163365364075,-0.27251070737838745,0.9403727650642395,0.5735145807266235,0.7118821740150452,-0.006127165164798498,0.9979832172393799,0.45374512672424316,0.7135071158409119,0.006900166627019644,0.9977124929428101,0.5696896910667419,0.9740597009658813,-0.032717857509851456,0.9262070059776306,0.4444712996482849,0.9965829253196716,0.050220053642988205,0.9006375670433044,0.5790570378303528,1.2851250171661377,0.17618851363658905,0.14284174144268036,0.4345856308937073,1.282702922821045,0.35520970821380615,0.06940709799528122,0.5782055258750916,1.323301911354065,0.19143037497997284,0.11290974915027618,0.4355195164680481,1.3133533000946045,0.38161981105804443,0.05434298515319824,0.5784256458282471,1.3734480142593384,0.03273389860987663,0.051636409014463425,0.43290430307388306,1.3678666353225708,0.22460994124412537,0.026339126750826836
2026-04-30T18:50:52.334624,138,0.5142073035240173,0.1232040748000145,-0.1831986904144287,0.999722421169281,0.5252847075462341,0.10321099311113358,-0.15794909000396729,0.9993515014648438,0.5320123434066772,0.10419473797082901,-0.15813539922237396,0.9995775818824768,0.5378634333610535,0.1055067926645279,-0.15818992257118225,0.9993749856948853,0.5034958124160767,0.10360273718833923,-0.15576618909835815,0.9995652437210083,0.49648839235305786,0.10486158728599548,-0.1559324562549591,0.9996943473815918,0.4901510775089264,0.10618890821933746,-0.15612919628620148,0.9995678067207336,0.544769823551178,0.1204700917005539,0.0025041275657713413,0.9996069073677063,0.47992539405822754,0.12124413996934891,0.010075612924993038,0.999748945236206,0.5286613702774048,0.15322251617908478,-0.12084029614925385,0.9994193911552429,0.5009467005729675,0.15230967104434967,-0.11840604245662689,0.9994634389877319,0.6049537062644958,0.2711555063724518,0.026036325842142105,0.9994239807128906,0.424754798412323,0.2783442437648773,0.06970854103565216,0.9995966553688049,0.6273254752159119,0.457401305437088,-0.03846235200762749,0.9963728785514832,0.3985859751701355,0.4733559191226959,-0.09384550154209137,0.9929799437522888,0.4723368287086487,0.4290938079357147,-0.08134964108467102,0.9868367314338684,0.5300785899162292,0.4292692542076111,-0.28998881578445435,0.9779669046401978,0.4356156289577484,0.4477175772190094,-0.1158696785569191,0.9732685685157776,0.5561717748641968,0.415376752614975,-0.33581656217575073,0.9508979916572571,0.43394309282302856,0.421330064535141,-0.0928591787815094,0.9729762673377991,0.5688727498054504,0.4109540581703186,-0.3121300935745239,0.9462062120437622,0.44573646783828735,0.41480234265327454,-0.06603038311004639,0.9706960320472717,0.549956202507019,0.40756991505622864,-0.281477153301239,0.9415638446807861,0.573540985584259,0.7116065621376038,-0.006343844346702099,0.9980491995811462,0.4537420868873596,0.7134712934494019,0.007118017878383398,0.9977672100067139,0.5695620179176331,0.9744499921798706,-0.03722158074378967,0.9271374344825745,0.4444749355316162,0.9966884255409241,0.05007661134004593,0.9015711545944214,0.5793194770812988,1.2881417274475098,0.14877812564373016,0.140539288520813,0.4346996247768402,1.2830880880355835,0.35955876111984253,0.06812157481908798,0.5785344839096069,1.3268383741378784,0.16123932600021362,0.11116056144237518,0.435647577047348,1.3136513233184814,0.3870611786842346,0.05322141945362091,0.5787302255630493,1.3764898777008057,0.004406552296131849,0.05019908770918846,0.43293190002441406,1.3683334589004517,0.23967504501342773,0.02560979500412941
2026-04-30T18:50:52.438356,139,0.5130122303962708,0.12340200692415237,-0.1842075139284134,0.9997134208679199,0.5244295597076416,0.10325513780117035,-0.1594669222831726,0.999328076839447,0.5312609076499939,0.10421334207057953,-0.15965332090854645,0.9995651245117188,0.5371996164321899,0.1055193692445755,-0.1597045660018921,0.9993540048599243,0.5027998685836792,0.10369125753641129,-0.15641243755817413,0.9995495080947876,0.4960070550441742,0.10491876304149628,-0.15658999979496002,0.9996851682662964,0.4897979199886322,0.10620992630720139,-0.15680059790611267,0.9995527863502502,0.5443235635757446,0.12043377757072449,-0.0008621045271866024,0.9995961785316467,0.4799216687679291,0.1211845800280571,0.009270609356462955,0.9997394680976868,0.5277168154716492,0.15324340760707855,-0.12233582884073257,0.999397337436676,0.5002655982971191,0.1523457020521164,-0.11878831684589386,0.9994388818740845,0.6049596071243286,0.2711600363254547,0.024123506620526314,0.9994178414344788,0.4247398376464844,0.27839747071266174,0.06956538558006287,0.9995941519737244,0.6270769834518433,0.457511842250824,-0.038505516946315765,0.9964156150817871,0.3987581729888916,0.473309189081192,-0.09418594092130661,0.9929449558258057,0.47210612893104553,0.4292197525501251,-0.08146235346794128,0.9869404435157776,0.5305067300796509,0.4291582703590393,-0.2902551591396332,0.9781436324119568,0.43556222319602966,0.44781723618507385,-0.11586304754018784,0.9734633564949036,0.5603691339492798,0.4184470474720001,-0.33612173795700073,0.9511619806289673,0.43404436111450195,0.4212515950202942,-0.09192986786365509,0.9731830358505249,0.5690798163414001,0.4108099043369293,-0.31218498945236206,0.9464455246925354,0.4457781910896301,0.4147166609764099,-0.06635633856058121,0.9709240198135376,0.5515202283859253,0.407435804605484,-0.28168338537216187,0.9418354630470276,0.573449432849884,0.7116370797157288,-0.006436450872570276,0.99806809425354,0.45364850759506226,0.7136011123657227,0.007204371504485607,0.9977976083755493,0.5693870782852173,0.9742193222045898,-0.036349691450595856,0.9268414378166199,0.4445771276950836,0.9968596696853638,0.04918183758854866,0.9020209312438965,0.5793188214302063,1.288143277168274,0.15720748901367188,0.1382073611021042,0.43470054864883423,1.2833271026611328,0.360768586397171,0.06762293726205826,0.5785106420516968,1.3267924785614014,0.1705712527036667,0.10931874066591263,0.4356514513492584,1.3138763904571533,0.3887433707714081,0.05272224545478821,0.578721821308136,1.37650465965271,0.009970737621188164,0.049196016043424606,0.43292003870010376,1.3685187101364136,0.240277498960495,0.025338901206851006
2026-04-30T18:50:52.543322,140,0.513046145439148,0.12347039580345154,-0.18804609775543213,0.99972003698349,0.524456262588501,0.10316065698862076,-0.16318672895431519,0.9993416666984558,0.5312694311141968,0.10410789400339127,-0.16337116062641144,0.9995751976966858,0.5371910333633423,0.10540631413459778,-0.163423091173172,0.9993677139282227,0.5027898550033569,0.10361845046281815,-0.1606399267911911,0.99955815076828,0.4959440231323242,0.1048646941781044,-0.16081368923187256,0.999691367149353,0.48969778418540955,0.10617363452911377,-0.16101525723934174,0.9995595812797546,0.5442822575569153,0.12032166123390198,-0.0033732454758137465,0.9996069073677063,0.47971487045288086,0.12114620208740234,0.005224280990660191,0.9997438788414001,0.5277259349822998,0.15328246355056763,-0.12540842592716217,0.9994126558303833,0.5002721548080444,0.1523706614971161,-0.12254469096660614,0.9994492530822754,0.6050064563751221,0.27115151286125183,0.023835904896259308,0.9994314908981323,0.4245918393135071,0.2785228490829468,0.06736387312412262,0.9995986223220825,0.6270279884338379,0.4581366777420044,-0.03731298819184303,0.9964710474014282,0.3987106680870056,0.47318029403686523,-0.09566091001033783,0.9928370118141174,0.471904456615448,0.429672509431839,-0.07768180966377258,0.9870907068252563,0.5322232842445374,0.4290800988674164,-0.2859337329864502,0.9780095815658569,0.43514958024024963,0.4488590359687805,-0.11194678395986557,0.9736964702606201,0.568039059638977,0.42067182064056396,-0.33063870668411255,0.9508606195449829,0.43372029066085815,0.4219202399253845,-0.08565331250429153,0.9734240770339966,0.5711309909820557,0.4107091724872589,-0.306460440158844,0.9460728168487549,0.4455181062221527,0.4151809811592102,-0.062001049518585205,0.97115558385849,0.5548303127288818,0.4073565602302551,-0.2770630717277527,0.9414761662483215,0.5735427141189575,0.7115095257759094,-0.006566572934389114,0.9980812668800354,0.45367735624313354,0.7136001586914062,0.007339430041611195,0.9978019595146179,0.5693875551223755,0.9741712808609009,-0.03841923177242279,0.9275391101837158,0.44493594765663147,0.9964298009872437,0.05141283944249153,0.9022042155265808,0.5793140530586243,1.2881991863250732,0.15116818249225616,0.13881129026412964,0.43487605452537537,1.2833406925201416,0.3799883723258972,0.06728491932153702,0.5784760117530823,1.32688570022583,0.16404548287391663,0.10995133966207504,0.4358404576778412,1.3138620853424072,0.4102540910243988,0.052668944001197815,0.5787671804428101,1.376759648323059,0.004540113266557455,0.04914473742246628,0.43285226821899414,1.36855947971344,0.26585179567337036,0.02517070062458515
2026-04-30T18:50:52.657121,141,0.5130792856216431,0.12316154688596725,-0.18852929770946503,0.9997091293334961,0.5244719386100769,0.10309296101331711,-0.16336682438850403,0.9993135333061218,0.5312479734420776,0.10403339564800262,-0.16354842483997345,0.999559760093689,0.5371338129043579,0.1053139939904213,-0.16359570622444153,0.9993407130241394,0.5028215050697327,0.1035274788737297,-0.16081474721431732,0.9995386004447937,0.496019184589386,0.1047811508178711,-0.1609933078289032,0.999680757522583,0.48982277512550354,0.10608557611703873,-0.16119453310966492,0.999542772769928,0.5439633131027222,0.12016785889863968,-0.003505383152514696,0.9995934367179871,0.4797711968421936,0.12101922184228897,0.0049688261933624744,0.9997349381446838,0.5277332663536072,0.1525474637746811,-0.12578164041042328,0.9993850588798523,0.5003035664558411,0.15153871476650238,-0.12288032472133636,0.9994245171546936,0.6050123572349548,0.27105674147605896,0.02374894544482231,0.9994284510612488,0.42460447549819946,0.2785647511482239,0.06685635447502136,0.9995954632759094,0.6269991397857666,0.4582001268863678,-0.03759210184216499,0.9965317249298096,0.398521363735199,0.47316011786460876,-0.09625515341758728,0.9929604530334473,0.47188878059387207,0.42978793382644653,-0.07858563959598541,0.9872580766677856,0.5329957604408264,0.4305639863014221,-0.28344306349754333,0.9783692359924316,0.435208261013031,0.44884440302848816,-0.11343695968389511,0.9739841222763062,0.5716708898544312,0.4267454743385315,-0.32894277572631836,0.9515159726142883,0.43379679322242737,0.42180952429771423,-0.08698403835296631,0.9737123250961304,0.5724107027053833,0.4120948910713196,-0.3035089671611786,0.9467653632164001,0.44558000564575195,0.4150882959365845,-0.06307516992092133,0.9714946150779724,0.5567376613616943,0.40964165329933167,-0.27398306131362915,0.9422164559364319,0.5735428929328918,0.7118331789970398,-0.0065781669691205025,0.9981135129928589,0.45372867584228516,0.7140695452690125,0.007351061794906855,0.9978374242782593,0.56971275806427,0.9747081398963928,-0.03641185536980629,0.9263870120048523,0.4448687434196472,0.9967229962348938,0.050617001950740814,0.902086079120636,0.5819177627563477,1.288158655166626,0.17263789474964142,0.13583703339099884,0.4342882037162781,1.2828437089920044,0.369691401720047,0.06715838611125946,0.5810396671295166,1.3268290758132935,0.18777546286582947,0.10796339064836502,0.4351414144039154,1.3135956525802612,0.397900253534317,0.05266641825437546,0.5817959904670715,1.3766250610351562,0.025000642985105515,0.04789041727781296,0.43251505494117737,1.3679081201553345,0.24284641444683075,0.024988098070025444
2026-04-30T18:50:52.762966,142,0.5116217732429504,0.12319699674844742,-0.19350650906562805,0.9997174739837646,0.523347020149231,0.10310047119855881,-0.16848741471767426,0.9993308782577515,0.5303657650947571,0.10403267294168472,-0.1686641126871109,0.9995728135108948,0.5364531874656677,0.10530292987823486,-0.16870301961898804,0.9993570446968079,0.5016193389892578,0.10353504866361618,-0.16485875844955444,0.9995502829551697,0.49506014585494995,0.10478676855564117,-0.1650305688381195,0.9996898174285889,0.4888719618320465,0.10609018057584763,-0.16523626446723938,0.9995534420013428,0.5437467694282532,0.12010512501001358,-0.009036287665367126,0.9996066093444824,0.47955918312072754,0.1210082620382309,0.004479421302676201,0.9997426271438599,0.5268608331680298,0.15246909856796265,-0.1309131681919098,0.9994038939476013,0.4993051588535309,0.15149612724781036,-0.12657035887241364,0.9994379281997681,0.6050844788551331,0.27105531096458435,0.021045256406068802,0.999442458152771,0.42459726333618164,0.2786453366279602,0.06643770635128021,0.9996048212051392,0.6267538666725159,0.4583195149898529,-0.04017060995101929,0.9966366291046143,0.3985316753387451,0.47294342517852783,-0.09679149091243744,0.9931060075759888,0.47150173783302307,0.4298302233219147,-0.07909612357616425,0.9876070618629456,0.5332437753677368,0.4308376908302307,-0.28393083810806274,0.9790700674057007,0.4350709021091461,0.4487350583076477,-0.11438977718353271,0.9745885133743286,0.5729860067367554,0.4293856918811798,-0.32954171299934387,0.952834963798523,0.43374472856521606,0.42166122794151306,-0.08781139552593231,0.9743090271949768,0.5728633403778076,0.4127637445926666,-0.30420422554016113,0.9481375813484192,0.4454873204231262,0.4150565266609192,-0.06385286152362823,0.972139835357666,0.5574398636817932,0.4098472595214844,-0.274618923664093,0.9437121152877808,0.5735628008842468,0.7118508219718933,-0.007123827934265137,0.9981705546379089,0.453712522983551,0.7140487432479858,0.007900511845946312,0.9978955984115601,0.569683849811554,0.9753633141517639,-0.04112004488706589,0.9275729656219482,0.44481539726257324,0.9968987107276917,0.04517738148570061,0.9037275314331055,0.5818504691123962,1.2895221710205078,0.16273248195648193,0.1347585767507553,0.4343537390232086,1.2829540967941284,0.3820853531360626,0.06568396091461182,0.5809743404388428,1.3286091089248657,0.17695675790309906,0.10669092833995819,0.4352932572364807,1.3135780096054077,0.4141297936439514,0.05168282613158226,0.5817517042160034,1.3779807090759277,0.015958454459905624,0.047060802578926086,0.4324677586555481,1.3679890632629395,0.27205130457878113,0.024377809837460518
2026-04-30T18:50:52.869906,143,0.5120095014572144,0.12322887033224106,-0.19079455733299255,0.9997163414955139,0.5234084725379944,0.10324686020612717,-0.16549767553806305,0.9993228316307068,0.5303916335105896,0.1041550263762474,-0.1656690239906311,0.9995716214179993,0.5364600419998169,0.10539186745882034,-0.16569282114505768,0.9993495941162109,0.5018294453620911,0.10369757562875748,-0.16249555349349976,0.9995476603507996,0.49532073736190796,0.10493610799312592,-0.16267524659633636,0.9996907114982605,0.489215224981308,0.10620018094778061,-0.16289088129997253,0.9995520114898682,0.5437343120574951,0.12015677988529205,-0.005290250293910503,0.9996047019958496,0.47970977425575256,0.12113767117261887,0.006344014313071966,0.9997438192367554,0.5269784331321716,0.15247999131679535,-0.12798292934894562,0.9993923902511597,0.4997260570526123,0.15149961411952972,-0.12440238147974014,0.9994291663169861,0.6051123142242432,0.2710599899291992,0.02566526271402836,0.9994361996650696,0.424638569355011,0.2789444923400879,0.06561396270990372,0.9996084570884705,0.6266465187072754,0.4583722651004791,-0.03740743175148964,0.9967132210731506,0.39848214387893677,0.4729134440422058,-0.09708337485790253,0.9933096170425415,0.47153061628341675,0.4297928214073181,-0.07933291792869568,0.9878907203674316,0.5339453220367432,0.43138885498046875,-0.28439563512802124,0.979738712310791,0.4350965917110443,0.44865524768829346,-0.11526398360729218,0.9751943349838257,0.573866605758667,0.4306527376174927,-0.3300608992576599,0.9541259407997131,0.43382152915000916,0.4213981330394745,-0.08973584324121475,0.9749265313148499,0.5739740133285522,0.4129330515861511,-0.30468839406967163,0.9495140314102173,0.4455161988735199,0.41484010219573975,-0.06427134573459625,0.9728298783302307,0.5584741830825806,0.41045209765434265,-0.27505233883857727,0.9452639818191528,0.5735611915588379,0.7122770547866821,-0.006468989886343479,0.9982128739356995,0.453702837228775,0.7147043347358704,0.007251886185258627,0.9979604482650757,0.5696321725845337,0.9764947295188904,-0.04082973301410675,0.9288212060928345,0.4448474049568176,0.9994432330131531,0.04394625127315521,0.9055625200271606,0.5818578004837036,1.2925798892974854,0.16215969622135162,0.13344039022922516,0.4343298375606537,1.2888469696044922,0.37951433658599854,0.06498286128044128,0.5810078978538513,1.3319096565246582,0.17602375149726868,0.10540486872196198,0.4352174401283264,1.3197104930877686,0.4109152853488922,0.05103674530982971,0.5816777944564819,1.380829095840454,0.012535860762000084,0.046074241399765015,0.43246182799339294,1.3737657070159912,0.26876550912857056,0.02390865795314312
2026-04-30T18:50:52.975061,144,0.5119504332542419,0.12329287827014923,-0.18884630501270294,0.9997275471687317,0.5233247876167297,0.10346145927906036,-0.16409887373447418,0.9993434548377991,0.5302824974060059,0.10436364263296127,-0.164271742105484,0.9995891451835632,0.536354124546051,0.1055741235613823,-0.1642753779888153,0.9993699193000793,0.5018323659896851,0.10387003421783447,-0.16104581952095032,0.999563455581665,0.49532875418663025,0.10505960881710052,-0.1612413376569748,0.9997043013572693,0.48922914266586304,0.10626360028982162,-0.16146844625473022,0.9995676279067993,0.5435749888420105,0.12027765810489655,-0.004543754737824202,0.999621570110321,0.479849249124527,0.12113561481237411,0.007654099725186825,0.9997555017471313,0.5267563462257385,0.15249580144882202,-0.1262037754058838,0.9994085431098938,0.4996671676635742,0.15149256587028503,-0.12261990457773209,0.9994430541992188,0.6051113605499268,0.27095139026641846,0.026917079463601112,0.9994516968727112,0.4246266484260559,0.2790115177631378,0.06597943603992462,0.9996232390403748,0.6266258955001831,0.45858755707740784,-0.0377168133854866,0.9968985915184021,0.39841705560684204,0.4729289412498474,-0.09897018224000931,0.9936367869377136,0.47159630060195923,0.42975956201553345,-0.09681683778762817,0.9885932207107544,0.5339527726173401,0.43142223358154297,-0.2991054058074951,0.9809275269508362,0.43512433767318726,0.4485936760902405,-0.13602130115032196,0.9766448140144348,0.57418292760849,0.4308845102787018,-0.3467072546482086,0.9565978050231934,0.43386560678482056,0.4209899306297302,-0.11072196811437607,0.9763927459716797,0.5739577412605286,0.4129171073436737,-0.32174980640411377,0.9521844983100891,0.44555115699768066,0.41440048813819885,-0.08224885165691376,0.9744284152984619,0.5585447549819946,0.41035911440849304,-0.2898195683956146,0.948276937007904,0.5736516714096069,0.7123098373413086,-0.006546852644532919,0.9983060359954834,0.4537010192871094,0.714775800704956,0.007337493356317282,0.9980770349502563,0.5698841214179993,0.9769850373268127,-0.040384966880083084,0.9305076003074646,0.4446163773536682,0.9998682141304016,0.053917575627565384,0.9072915315628052,0.5820406675338745,1.298426866531372,0.15655335783958435,0.12903542816638947,0.4355396330356598,1.2973968982696533,0.3990938067436218,0.06257890164852142,0.5818378925323486,1.3387371301651,0.1692144274711609,0.10219816118478775,0.43632856011390686,1.3285655975341797,0.4304722249507904,0.049503143876791,0.5815731287002563,1.3854750394821167,0.004148147068917751,0.04391418769955635,0.4337589740753174,1.3814823627471924,0.28488868474960327,0.02280343696475029
2026-04-30T18:50:53.080912,145,0.512065052986145,0.12338794022798538,-0.1915985345840454,0.9997217655181885,0.5234416723251343,0.10351482778787613,-0.1670774519443512,0.9993211030960083,0.5303599238395691,0.10442445427179337,-0.16724734008312225,0.9995790123939514,0.5364128351211548,0.10562250763177872,-0.16725176572799683,0.9993477463722229,0.5020236968994141,0.10387623310089111,-0.16433463990688324,0.9995520710945129,0.49552375078201294,0.10504887253046036,-0.16454049944877625,0.9996992945671082,0.4894823431968689,0.10620556771755219,-0.16477733850479126,0.9995572566986084,0.5435729622840881,0.12025357037782669,-0.00661676749587059,0.9996132850646973,0.47996029257774353,0.1207679733633995,0.004801515955477953,0.9997528195381165,0.5267589688301086,0.15252748131752014,-0.12830093502998352,0.9993909597396851,0.499697208404541,0.15148670971393585,-0.12507784366607666,0.9994287490844727,0.6051165461540222,0.27082476019859314,0.02674008533358574,0.999445378780365,0.4246269166469574,0.27906304597854614,0.0633220374584198,0.9996287822723389,0.6266282796859741,0.4585951566696167,-0.03785116598010063,0.9969648718833923,0.3983999788761139,0.4728507697582245,-0.10288026183843613,0.9938074350357056,0.4716219902038574,0.4297148883342743,-0.09345026314258575,0.9887510538101196,0.5348454713821411,0.43140166997909546,-0.29903262853622437,0.9813811779022217,0.4351526200771332,0.4483995735645294,-0.13063806295394897,0.9769281148910522,0.5755292773246765,0.43115705251693726,-0.34569868445396423,0.9573089480400085,0.4338882565498352,0.42072203755378723,-0.10346456617116928,0.9766652584075928,0.5753483772277832,0.41286513209342957,-0.3194933533668518,0.9529029130935669,0.4455708861351013,0.414141446352005,-0.07809924334287643,0.9747376441955566,0.559730052947998,0.4102517068386078,-0.28912171721458435,0.9491307139396667,0.5736528038978577,0.7123174071311951,-0.006460712756961584,0.9983260631561279,0.45366382598876953,0.7147808074951172,0.007253364659845829,0.9981206655502319,0.5698965787887573,0.9771357774734497,-0.03858036920428276,0.9311419725418091,0.4446036219596863,1.0000016689300537,0.05301107093691826,0.9080856442451477,0.5829123854637146,1.2979679107666016,0.1612381488084793,0.1268438845872879,0.4357057511806488,1.2969825267791748,0.3940030336380005,0.061744265258312225,0.5829331874847412,1.3380451202392578,0.17449288070201874,0.10056280344724655,0.43648019433021545,1.3280752897262573,0.4248587191104889,0.049001146107912064,0.5819465517997742,1.385231614112854,0.00667567690834403,0.04282236844301224,0.43394845724105835,1.3813133239746094,0.27650442719459534,0.022366393357515335
2026-04-30T18:50:53.188995,146,0.5120750665664673,0.12331478297710419,-0.18791761994361877,0.9997288584709167,0.5233474969863892,0.10352858155965805,-0.16282108426094055,0.999340295791626,0.530232310295105,0.10443581640720367,-0.16300678253173828,0.9995920062065125,0.536270260810852,0.1056298315525055,-0.163031205534935,0.9993680715560913,0.5020237565040588,0.10388036072254181,-0.16022059321403503,0.9995616674423218,0.4955318868160248,0.10504761338233948,-0.16040214896202087,0.999705970287323,0.4894891381263733,0.10619792342185974,-0.16061639785766602,0.9995647668838501,0.5432753562927246,0.12026233971118927,-0.0030685015954077244,0.9996271133422852,0.47998398542404175,0.12074505537748337,0.00705863768234849,0.9997560381889343,0.5266295075416565,0.15230950713157654,-0.12534400820732117,0.999407947063446,0.49968189001083374,0.15100978314876556,-0.12254313379526138,0.9994370341300964,0.6046629548072815,0.2706177532672882,0.02665187045931816,0.9994685649871826,0.42460671067237854,0.2790985703468323,0.06569734215736389,0.9996280670166016,0.6266254782676697,0.45848849415779114,-0.04039203003048897,0.9970744252204895,0.39847201108932495,0.4722166657447815,-0.10130287706851959,0.993645429611206,0.4724138379096985,0.42991966009140015,-0.10235720872879028,0.9892292618751526,0.5319855213165283,0.4313609004020691,-0.30147096514701843,0.9816009402275085,0.435758113861084,0.44888612627983093,-0.14229601621627808,0.9778832793235779,0.5591106414794922,0.41850024461746216,-0.34997865557670593,0.9579861760139465,0.4343920648097992,0.4210386276245117,-0.11724744737148285,0.9776496887207031,0.5722683668136597,0.41301265358924866,-0.32714277505874634,0.9536765217781067,0.4459536075592041,0.41443538665771484,-0.08808652311563492,0.9757882952690125,0.5568903684616089,0.41022685170173645,-0.29347798228263855,0.9500663876533508,0.5736051201820374,0.712113082408905,-0.0066962772980332375,0.9983691573143005,0.4536358714103699,0.7146759033203125,0.007481290493160486,0.9981527328491211,0.5700024366378784,0.9767600893974304,-0.03855668753385544,0.9305398464202881,0.44462713599205017,0.9998114705085754,0.0475197359919548,0.9076941609382629,0.5828843116760254,1.2976877689361572,0.16213414072990417,0.12421359866857529,0.43586406111717224,1.29677414894104,0.3605490028858185,0.061150386929512024,0.5828884243965149,1.3377584218978882,0.17566333711147308,0.09879709035158157,0.43664687871932983,1.3278976678848267,0.38844507932662964,0.048534054309129715,0.5819377303123474,1.3850406408309937,0.013175392523407936,0.041650161147117615,0.4339774250984192,1.3807040452957153,0.2413880079984665,0.021988045424222946
2026-04-30T18:50:53.304598,147,0.5111068487167358,0.12431621551513672,-0.18975603580474854,0.9997261166572571,0.5227304697036743,0.1042969599366188,-0.16522616147994995,0.9993280172348022,0.5296905636787415,0.10515932738780975,-0.16539938747882843,0.9995865821838379,0.5358352065086365,0.10626696050167084,-0.16542086005210876,0.9993565678596497,0.5015550255775452,0.10461076349020004,-0.1619938313961029,0.9995546340942383,0.49524450302124023,0.10562843829393387,-0.16217906773090363,0.9997026920318604,0.489269882440567,0.10660883784294128,-0.16239236295223236,0.9995582699775696,0.543163001537323,0.12062767893075943,-0.0069121443666517735,0.9996219873428345,0.47998207807540894,0.12098507583141327,0.006439104676246643,0.9997533559799194,0.5260692834854126,0.1531190276145935,-0.12747332453727722,0.9993962049484253,0.4991893768310547,0.1517021507024765,-0.12381468713283539,0.9994268417358398,0.6046785116195679,0.27077117562294006,0.025894423946738243,0.9994624257087708,0.42469435930252075,0.27939775586128235,0.06468759477138519,0.999631941318512,0.6266058087348938,0.4584886133670807,-0.03950705751776695,0.9971142411231995,0.39842110872268677,0.4722117781639099,-0.10132904350757599,0.9938029646873474,0.47239965200424194,0.42984628677368164,-0.08140890300273895,0.9892818927764893,0.5343870520591736,0.431209534406662,-0.28794825077056885,0.9819200038909912,0.4357740879058838,0.448435515165329,-0.11481799185276031,0.9778995513916016,0.5688999891281128,0.4197880029678345,-0.3321209251880646,0.9583714604377747,0.43442320823669434,0.42059335112571716,-0.08686871826648712,0.9776508212089539,0.5749363303184509,0.4122673273086548,-0.304293692111969,0.9540166854858398,0.44596830010414124,0.4140215218067169,-0.06529179960489273,0.9757913947105408,0.5595093965530396,0.4092941880226135,-0.277302086353302,0.9504125118255615,0.573599100112915,0.7121116518974304,-0.006691407412290573,0.9983674883842468,0.4536469876766205,0.7145907282829285,0.007476046681404114,0.998168408870697,0.5700015425682068,0.9762380123138428,-0.035619836300611496,0.9309337735176086,0.44498753547668457,0.99960857629776,0.04816320165991783,0.9089438915252686,0.5829046368598938,1.2954368591308594,0.16382554173469543,0.12406615167856216,0.43588143587112427,1.2956583499908447,0.36211293935775757,0.06163446232676506,0.5828458666801453,1.3353993892669678,0.1773143708705902,0.09871462732553482,0.43666163086891174,1.326987862586975,0.3905123472213745,0.0488751046359539,0.5819319486618042,1.3825620412826538,0.013868841342628002,0.04145531728863716,0.43399494886398315,1.37987220287323,0.24213305115699768,0.02208089455962181
2026-04-30T18:50:53.418026,148,0.5132771134376526,0.12445445358753204,-0.19152924418449402,0.9997120499610901,0.5236064791679382,0.10444126278162003,-0.1662748157978058,0.9992914199829102,0.5302523970603943,0.1052856594324112,-0.16645243763923645,0.9995670318603516,0.5362166166305542,0.10635145753622055,-0.1664758175611496,0.999323844909668,0.502815842628479,0.10469680279493332,-0.16418929398059845,0.9995308518409729,0.4963332712650299,0.10570134967565536,-0.16438274085521698,0.9996892213821411,0.49048805236816406,0.10665663331747055,-0.1646072417497635,0.9995357990264893,0.5431090593338013,0.1206391304731369,-0.006758072879165411,0.9996057748794556,0.4803261160850525,0.12099228799343109,0.003019138006493449,0.999742865562439,0.5269030332565308,0.15332216024398804,-0.12827730178833008,0.9993682503700256,0.5004695653915405,0.1517687737941742,-0.12606078386306763,0.9993964433670044,0.6045581698417664,0.2708187699317932,0.025900304317474365,0.9994603991508484,0.4245961308479309,0.279647558927536,0.05865940451622009,0.9996286034584045,0.6265761852264404,0.45848649740219116,-0.040747009217739105,0.9971626400947571,0.39847806096076965,0.47225290536880493,-0.1130814328789711,0.9939207434654236,0.47233501076698303,0.43012505769729614,-0.08881403505802155,0.9894512891769409,0.5358868837356567,0.4311469793319702,-0.2964840531349182,0.9824023842811584,0.43566566705703735,0.4485712945461273,-0.12430460751056671,0.9782184958457947,0.5737189054489136,0.4217781722545624,-0.34138908982276917,0.9592417478561401,0.43438220024108887,0.42056456208229065,-0.09531498700380325,0.9779752492904663,0.5763911008834839,0.4122490882873535,-0.3139720857143402,0.9549446702003479,0.4459259510040283,0.4139934778213501,-0.0727011188864708,0.9761415719985962,0.5607262253761292,0.4092288911342621,-0.28595206141471863,0.9514461755752563,0.5735812187194824,0.7123849987983704,-0.006406211294233799,0.9983729720115662,0.4535306990146637,0.7147423624992371,0.007187912706285715,0.9981817603111267,0.5698398947715759,0.9772091507911682,-0.03505121171474457,0.9310104846954346,0.4448358416557312,0.9997189044952393,0.04765181243419647,0.909113347530365,0.5830503106117249,1.2953394651412964,0.16781000792980194,0.12175105512142181,0.4352978765964508,1.2955114841461182,0.36247190833091736,0.060611970722675323,0.582960307598114,1.3352047204971313,0.18171510100364685,0.09696123003959656,0.4360094666481018,1.3268144130706787,0.39095059037208557,0.04815202206373215,0.5822792053222656,1.3825174570083618,0.016692113131284714,0.04036812484264374,0.43365317583084106,1.3795775175094604,0.24323029816150665,0.021595053374767303
2026-04-30T18:50:53.527091,149,0.5130261182785034,0.1244116872549057,-0.19272753596305847,0.9997113943099976,0.5234656929969788,0.10444929450750351,-0.16705623269081116,0.9992867708206177,0.5301057696342468,0.1053028255701065,-0.16723404824733734,0.9995654821395874,0.5360716581344604,0.10637745261192322,-0.16725824773311615,0.9993196129798889,0.5027256608009338,0.10469618439674377,-0.16492359340190887,0.9995282292366028,0.4962906837463379,0.10569581389427185,-0.1651153266429901,0.9996880292892456,0.4904678761959076,0.10664752125740051,-0.16534648835659027,0.9995328187942505,0.5429387092590332,0.12068998068571091,-0.0067552728578448296,0.999603271484375,0.4804328382015228,0.12097977101802826,0.0030381870456039906,0.9997419714927673,0.5267359018325806,0.15323327481746674,-0.12913212180137634,0.9993693828582764,0.5003461837768555,0.1515628546476364,-0.1267894059419632,0.9993947744369507,0.6045020818710327,0.2708568274974823,0.02634955570101738,0.999466061592102,0.4245818555355072,0.27977079153060913,0.05736994743347168,0.9996341466903687,0.6265815496444702,0.4583253860473633,-0.040753722190856934,0.9972000122070312,0.3984380066394806,0.4722454845905304,-0.11284027993679047,0.9940454959869385,0.47250619530677795,0.43011051416397095,-0.09440109878778458,0.9895936846733093,0.5367559194564819,0.4311385750770569,-0.29666486382484436,0.9828466773033142,0.43594780564308167,0.4485289752483368,-0.1319546401500702,0.9784535765647888,0.576826274394989,0.424451619386673,-0.34233567118644714,0.960023045539856,0.43470215797424316,0.42055830359458923,-0.1045197993516922,0.9782150387763977,0.5781492590904236,0.41245895624160767,-0.31521275639533997,0.9557703137397766,0.4461359977722168,0.41397926211357117,-0.07928492873907089,0.9763908982276917,0.5621079802513123,0.40925294160842896,-0.2862452268600464,0.9523178339004517,0.5734257102012634,0.7125398516654968,-0.005595002789050341,0.9984068870544434,0.45340853929519653,0.7147390246391296,0.006377920508384705,0.9982198476791382,0.5698104500770569,0.9772094488143921,-0.043329525738954544,0.931152880191803,0.44467592239379883,0.9996858835220337,0.037319865077733994,0.9090737104415894,0.5830188989639282,1.2953702211380005,0.16244104504585266,0.12040814757347107,0.4352506995201111,1.295217514038086,0.3808322548866272,0.059271398931741714,0.5828919410705566,1.3352326154708862,0.17652341723442078,0.09559380263090134,0.4359632432460785,1.3257774114608765,0.41367673873901367,0.04711517319083214,0.5822969675064087,1.3825780153274536,0.009702973067760468,0.039718836545944214,0.43362635374069214,1.3791300058364868,0.266272634267807,0.021147554740309715
2026-04-30T18:50:53.638379,150,0.5130102634429932,0.12325309216976166,-0.19198504090309143,0.9997158050537109,0.5234661102294922,0.1035839170217514,-0.1660611629486084,0.9992997646331787,0.5301074385643005,0.10445674508810043,-0.16623948514461517,0.9995741248130798,0.5360704064369202,0.10560695827007294,-0.16626647114753723,0.9993327260017395,0.5026644468307495,0.1038796529173851,-0.16430962085723877,0.9995365738868713,0.4961860775947571,0.1049739420413971,-0.16449357569217682,0.9996936917304993,0.4903198182582855,0.1060945987701416,-0.16471633315086365,0.9995402693748474,0.5429326295852661,0.12033267319202423,-0.004780957475304604,0.9996111989021301,0.48037490248680115,0.12079811841249466,0.0031447906512767076,0.9997470378875732,0.5267260670661926,0.15207238495349884,-0.12834465503692627,0.9993806481361389,0.5002760887145996,0.15060821175575256,-0.1264093816280365,0.9994046688079834,0.6044255495071411,0.2707367539405823,0.028079917654395103,0.9994734525680542,0.4244118630886078,0.27990323305130005,0.05744735524058342,0.9996338486671448,0.6265566349029541,0.45831719040870667,-0.0380597822368145,0.9972310066223145,0.3982613682746887,0.4723972976207733,-0.1074092760682106,0.9940649271011353,0.4724692404270172,0.4301561415195465,-0.09424516558647156,0.9897568225860596,0.5367937684059143,0.43129637837409973,-0.28476613759994507,0.9829438924789429,0.4358997344970703,0.44876211881637573,-0.13210149109363556,0.9787924289703369,0.5773322582244873,0.42701634764671326,-0.33025699853897095,0.9601814150810242,0.4346767067909241,0.42056602239608765,-0.10475993156433105,0.9785585999488831,0.5780308246612549,0.41277265548706055,-0.3053223192691803,0.9559269547462463,0.44610801339149475,0.4139692485332489,-0.07915429770946503,0.9767508506774902,0.5620250105857849,0.4099827706813812,-0.2751416862010956,0.9525222778320312,0.5733795166015625,0.7125200629234314,-0.0054192873649299145,0.998436689376831,0.4533669352531433,0.7147172689437866,0.0062078977935016155,0.9982456564903259,0.5697704553604126,0.9776098132133484,-0.043614454567432404,0.9319823980331421,0.4446820318698883,0.9999112486839294,0.03851761668920517,0.9097999334335327,0.5830209851264954,1.295366883277893,0.1586454063653946,0.12138180434703827,0.4349328577518463,1.2948527336120605,0.3802356421947479,0.05937002971768379,0.5828615427017212,1.3351937532424927,0.17217309772968292,0.09596457332372665,0.435613214969635,1.3253881931304932,0.41245022416114807,0.046851806342601776,0.5824680924415588,1.3825970888137817,0.0061048902571201324,0.03970467299222946,0.43309253454208374,1.3787964582443237,0.2646319568157196,0.021054206416010857
2026-04-30T18:50:53.752464,151,0.5134073495864868,0.12222934514284134,-0.1916646957397461,0.9997018575668335,0.5235759615898132,0.10313498228788376,-0.16522495448589325,0.9992716312408447,0.5301560759544373,0.10405149310827255,-0.16540752351284027,0.9995557069778442,0.536094069480896,0.10524590313434601,-0.16544076800346375,0.9993082284927368,0.5029119253158569,0.1033569872379303,-0.1641632467508316,0.9995174407958984,0.4964262843132019,0.10452845692634583,-0.16434678435325623,0.9996801018714905,0.4906010031700134,0.10572626441717148,-0.164568692445755,0.9995217323303223,0.5427944660186768,0.12007954716682434,-0.002596217906102538,0.9995930194854736,0.48057323694229126,0.12064623087644577,0.0018778478261083364,0.9997341632843018,0.5268653631210327,0.15102806687355042,-0.1279313564300537,0.9993565082550049,0.5005075335502625,0.14948280155658722,-0.12644042074680328,0.9993806481361389,0.6040881872177124,0.27047935128211975,0.028363704681396484,0.9994693994522095,0.4236830770969391,0.28027352690696716,0.05652829259634018,0.9996208548545837,0.6261487007141113,0.4582592844963074,-0.03584444150328636,0.9971885085105896,0.39818742871284485,0.47312867641448975,-0.10703577846288681,0.9939525127410889,0.47245851159095764,0.43026256561279297,-0.09394443035125732,0.9897010922431946,0.536742627620697,0.43233978748321533,-0.2840782701969147,0.982825517654419,0.4358803629875183,0.4491676390171051,-0.1319291889667511,0.9787220358848572,0.5772082209587097,0.4301415681838989,-0.3298138678073883,0.9599222540855408,0.43458572030067444,0.42070072889328003,-0.10470090061426163,0.978493332862854,0.5771111845970154,0.4139387309551239,-0.3054906725883484,0.9556606411933899,0.44606104493141174,0.4140245318412781,-0.07906108349561691,0.976652979850769,0.5610836744308472,0.4119832217693329,-0.27480050921440125,0.9522189497947693,0.5733436346054077,0.7118769288063049,-0.005313107743859291,0.9984261989593506,0.45334261655807495,0.7143335342407227,0.006098688114434481,0.9982292056083679,0.5698328018188477,0.9776096343994141,-0.04310476407408714,0.9315000176429749,0.4447011947631836,0.9989984035491943,0.04339150711894035,0.9084901213645935,0.5830650329589844,1.2927190065383911,0.16183964908123016,0.12119542807340622,0.4349607527256012,1.2918853759765625,0.37985295057296753,0.05957529693841934,0.5828375816345215,1.3320586681365967,0.17567387223243713,0.09575743973255157,0.43563541769981384,1.3224505186080933,0.41165250539779663,0.04684704169631004,0.5827895402908325,1.3796831369400024,0.009686222299933434,0.039618682116270065,0.43309035897254944,1.3759586811065674,0.26415976881980896,0.021104509010910988
2026-04-30T18:50:53.867158,152,0.5133554339408875,0.12212871760129929,-0.19135615229606628,0.9996889233589172,0.5235328078269958,0.10303286463022232,-0.16450947523117065,0.9992451071739197,0.5301036238670349,0.10394851118326187,-0.1646866798400879,0.9995364546775818,0.5360090136528015,0.10513702034950256,-0.16472318768501282,0.9992822408676147,0.5028563737869263,0.10319220274686813,-0.16369999945163727,0.9994997978210449,0.4963759481906891,0.10434151440858841,-0.16387979686260223,0.9996676445007324,0.49053460359573364,0.10554394125938416,-0.1640983521938324,0.9995074272155762,0.542542576789856,0.11995672434568405,-0.0008694996358826756,0.9995712041854858,0.48042041063308716,0.12055995315313339,0.0022111008875072002,0.9997247457504272,0.5267904996871948,0.1508258879184723,-0.12748105823993683,0.9993308186531067,0.500397801399231,0.14921912550926208,-0.12628021836280823,0.99936443567276,0.6037393808364868,0.2704858183860779,0.029454931616783142,0.9994543194770813,0.4230775833129883,0.2805808484554291,0.05546056106686592,0.9996131062507629,0.6258411407470703,0.4580071270465851,-0.032908596098423004,0.9970682263374329,0.3973533809185028,0.47320228815078735,-0.1067671924829483,0.9939528107643127,0.472594678401947,0.4297022223472595,-0.08873367309570312,0.9892833232879639,0.537146270275116,0.43322983384132385,-0.27596035599708557,0.9824421405792236,0.43603014945983887,0.44852229952812195,-0.1280045211315155,0.9779342412948608,0.5778315663337708,0.43296587467193604,-0.3217538297176361,0.9590752124786377,0.4346800744533539,0.42051947116851807,-0.10193739086389542,0.9777070879936218,0.5776530504226685,0.415371298789978,-0.29691386222839355,0.9547725915908813,0.44614940881729126,0.41379183530807495,-0.07484923303127289,0.975803554058075,0.5613483190536499,0.41295522451400757,-0.2662918269634247,0.9511443972587585,0.5730680227279663,0.7117328643798828,-0.0047446368262171745,0.9983861446380615,0.4532910883426666,0.7142325639724731,0.0055308872833848,0.9981851577758789,0.5698137879371643,0.9767889380455017,-0.04283180832862854,0.9307410717010498,0.44468480348587036,0.9974320530891418,0.03702346235513687,0.9079422354698181,0.5827440619468689,1.2879791259765625,0.1711355745792389,0.12320491671562195,0.4346119463443756,1.284490704536438,0.36104461550712585,0.06099645420908928,0.5819823145866394,1.326255440711975,0.18633657693862915,0.09735354036092758,0.4351620078086853,1.3146817684173584,0.3906080722808838,0.047772593796253204,0.5827618837356567,1.3759019374847412,0.02259962633252144,0.040544237941503525,0.4329080581665039,1.3695684671401978,0.23712439835071564,0.02173093892633915
2026-04-30T18:50:53.972573,153,0.514387309551239,0.12213733792304993,-0.20282959938049316,0.9996930360794067,0.5239554047584534,0.10303644090890884,-0.1740257292985916,0.9992516040802002,0.5303502082824707,0.10395241528749466,-0.17419978976249695,0.9995408058166504,0.5361328125,0.10513921827077866,-0.17421813309192657,0.9992867708206177,0.5034906268119812,0.10318299382925034,-0.17499379813671112,0.9995057582855225,0.4968949258327484,0.10433169454336166,-0.1751774400472641,0.999671995639801,0.4910429120063782,0.10552950203418732,-0.1754041612148285,0.9995133280754089,0.5423904657363892,0.11993751674890518,-0.004060117527842522,0.9995724558830261,0.4804495871067047,0.12055454403162003,-0.008501933887600899,0.9997302293777466,0.5270937085151672,0.15083356201648712,-0.13658398389816284,0.9993410706520081,0.5008834600448608,0.14920927584171295,-0.1379297971725464,0.9993759393692017,0.6035222411155701,0.2705637812614441,0.028745319694280624,0.9994605183601379,0.4223225712776184,0.28148090839385986,0.04272865131497383,0.9996205568313599,0.6258171796798706,0.4580015242099762,-0.03398864343762398,0.9970639944076538,0.3967198133468628,0.474002480506897,-0.11528006941080093,0.9941369295120239,0.4725503921508789,0.4296489357948303,-0.09551538527011871,0.9892545938491821,0.5384494066238403,0.43537238240242004,-0.27704891562461853,0.9827786087989807,0.43589314818382263,0.44850778579711914,-0.13636592030525208,0.9778420329093933,0.5805069208145142,0.4363018274307251,-0.3220224678516388,0.9596613049507141,0.4343629479408264,0.4205440282821655,-0.10916433483362198,0.9776008129119873,0.5803743004798889,0.4173840880393982,-0.2977711856365204,0.9554251432418823,0.4459419846534729,0.4137808084487915,-0.08162764459848404,0.9757071137428284,0.5635299682617188,0.4146610200405121,-0.2668593227863312,0.9518699645996094,0.5730240941047668,0.7118724584579468,-0.004091066773980856,0.9984019994735718,0.45328202843666077,0.7144490480422974,0.00490140076726675,0.9981949925422668,0.5694197416305542,0.9772515892982483,-0.04319222643971443,0.9314568638801575,0.4440942704677582,0.9974368810653687,0.03479684889316559,0.9075708389282227,0.5825520157814026,1.288801908493042,0.15815185010433197,0.12383437156677246,0.4341751039028168,1.282142996788025,0.39559808373451233,0.059150610119104385,0.5816265940666199,1.3276296854019165,0.17145225405693054,0.09775873273611069,0.4345901906490326,1.3110779523849487,0.4309752881526947,0.047034911811351776,0.5827876329421997,1.3768839836120605,0.009314489550888538,0.04053313657641411,0.43197980523109436,1.3664734363555908,0.2935704290866852,0.021219858899712563
2026-04-30T18:50:54.082446,154,0.5143896341323853,0.12159997969865799,-0.20691518485546112,0.9997029900550842,0.523935854434967,0.10270682722330093,-0.1782003939151764,0.9992742538452148,0.5303331613540649,0.10363659262657166,-0.17837321758270264,0.9995549917221069,0.536102831363678,0.1048426553606987,-0.17838867008686066,0.9993072748184204,0.5034300684928894,0.10291800647974014,-0.17890973389148712,0.9995210766792297,0.4968215525150299,0.10413746535778046,-0.1790824681520462,0.9996820092201233,0.4909350872039795,0.10540563613176346,-0.17930500209331512,0.9995273351669312,0.5422642827033997,0.11981897801160812,-0.007566928863525391,0.9995843768119812,0.4803338646888733,0.120546355843544,-0.011549236252903938,0.999739944934845,0.5271190404891968,0.15026125311851501,-0.14068365097045898,0.9993649125099182,0.5008741617202759,0.14876361191272736,-0.14179280400276184,0.9993985295295715,0.603462815284729,0.270570307970047,0.027699321508407593,0.999474048614502,0.4218674302101135,0.28155776858329773,0.040181487798690796,0.9996306896209717,0.6257451772689819,0.4580570459365845,-0.03417143225669861,0.9970749616622925,0.3959028124809265,0.4741397798061371,-0.11627823114395142,0.9942802786827087,0.4724293351173401,0.42969146370887756,-0.09729371964931488,0.9893313646316528,0.5385971665382385,0.4369129240512848,-0.2780280113220215,0.9830031394958496,0.43577098846435547,0.44850751757621765,-0.1381768137216568,0.9779472351074219,0.5808675289154053,0.4390047490596771,-0.323454886674881,0.9599975943565369,0.4341312348842621,0.42056700587272644,-0.11082341521978378,0.9776896834373474,0.5807122588157654,0.4188949763774872,-0.29875826835632324,0.9557843804359436,0.4458158016204834,0.4138098657131195,-0.08327917009592056,0.9758001565933228,0.5636958479881287,0.41580310463905334,-0.26799818873405457,0.9523007869720459,0.5727435350418091,0.7116186022758484,-0.0037333033978939056,0.9984341859817505,0.45308685302734375,0.7142677903175354,0.004558981396257877,0.9982202649116516,0.5693708658218384,0.9765010476112366,-0.043613240122795105,0.9323063492774963,0.44365835189819336,0.9971670508384705,0.03397722542285919,0.9074402451515198,0.5817604660987854,1.2889952659606934,0.15140052139759064,0.12478484213352203,0.4341546595096588,1.2810600996017456,0.41114306449890137,0.05743161216378212,0.5806423425674438,1.3281757831573486,0.16404902935028076,0.09829336404800415,0.4345749318599701,1.3092855215072632,0.44779714941978455,0.04623355716466904,0.5825265049934387,1.3771703243255615,0.0024568375665694475,0.040623318403959274,0.431816965341568,1.3653393983840942,0.31377434730529785,0.020742127671837807
2026-04-30T18:50:54.191538,155,0.5159370303153992,0.12108388543128967,-0.19593794643878937,0.9996972680091858,0.5246080160140991,0.1025327742099762,-0.16597619652748108,0.9992621541023254,0.5307203531265259,0.10350199788808823,-0.1661493480205536,0.9995473027229309,0.5363093018531799,0.10471699386835098,-0.16617146134376526,0.999296247959137,0.5047271251678467,0.10255170613527298,-0.16853521764278412,0.9995145797729492,0.49792593717575073,0.10374271869659424,-0.1687142252922058,0.9996773600578308,0.4920944273471832,0.10500988364219666,-0.16894447803497314,0.9995214939117432,0.5420554876327515,0.11974107474088669,0.005329173989593983,0.9995748400688171,0.48061007261276245,0.12046841531991959,-0.006314129568636417,0.9997373223304749,0.5276313424110413,0.14965876936912537,-0.12958577275276184,0.999355673789978,0.501930296421051,0.14779406785964966,-0.13314715027809143,0.9993926286697388,0.6031785607337952,0.2707454562187195,0.037993744015693665,0.9994691014289856,0.4214150905609131,0.2819077670574188,0.041221894323825836,0.9996278882026672,0.6257513761520386,0.45800578594207764,-0.025527874007821083,0.9970319271087646,0.39552873373031616,0.4743216931819916,-0.11565671116113663,0.9943509697914124,0.47249293327331543,0.42967355251312256,-0.09212876856327057,0.9892085194587708,0.5386011600494385,0.4373151361942291,-0.2762323021888733,0.983115017414093,0.43582797050476074,0.44847920536994934,-0.13482919335365295,0.9777340292930603,0.5809021592140198,0.43985873460769653,-0.3217673897743225,0.9601547122001648,0.4341382086277008,0.420582115650177,-0.10794690996408463,0.9774831533432007,0.5808466672897339,0.41953811049461365,-0.2982770502567291,0.9559882283210754,0.4458251893520355,0.4138081669807434,-0.07872650772333145,0.9755733609199524,0.5638459920883179,0.41633397340774536,-0.26667287945747375,0.9525325894355774,0.572545051574707,0.7115947604179382,-0.0019917332101613283,0.9984384179115295,0.4529648423194885,0.7142598628997803,0.002821265021339059,0.998225748538971,0.569261908531189,0.9764385223388672,-0.04577473923563957,0.9329687356948853,0.4436461925506592,0.9970914125442505,0.03029649332165718,0.9069311022758484,0.5811609029769897,1.2883661985397339,0.1524481624364853,0.1257590651512146,0.4348253309726715,1.2804603576660156,0.407005250453949,0.056412626057863235,0.579835057258606,1.3273868560791016,0.1652284562587738,0.09878232330083847,0.4350937008857727,1.3085079193115234,0.442376047372818,0.04571203514933586,0.5821969509124756,1.3764443397521973,0.003502634121105075,0.040825434029102325,0.4326588213443756,1.364372968673706,0.30215367674827576,0.020476600155234337
2026-04-30T18:50:54.311814,156,0.5155843496322632,0.12150511890649796,-0.20030951499938965,0.9996963739395142,0.5244721174240112,0.10287178307771683,-0.17074376344680786,0.9992596507072449,0.5306209325790405,0.10387434810400009,-0.17091107368469238,0.999544620513916,0.5362236499786377,0.10509969294071198,-0.17093798518180847,0.9992921948432922,0.504477858543396,0.10278591513633728,-0.17214341461658478,0.9995126724243164,0.49774259328842163,0.10393047332763672,-0.1723175346851349,0.9996757507324219,0.49190133810043335,0.10515341907739639,-0.17253834009170532,0.9995198845863342,0.5419745445251465,0.12002544850111008,-0.0005773155717179179,0.9995704293251038,0.4805747866630554,0.12057480216026306,-0.00783084612339735,0.999735951423645,0.5275225639343262,0.15004616975784302,-0.13457202911376953,0.9993578195571899,0.5016964673995972,0.14812803268432617,-0.13660912215709686,0.9993972182273865,0.6030893325805664,0.2709682583808899,0.030448252335190773,0.9994701743125916,0.4210111200809479,0.2821190059185028,0.04170319810509682,0.9996286630630493,0.6257396936416626,0.45800191164016724,-0.030907923355698586,0.9970158338546753,0.39535969495773315,0.4745555520057678,-0.11573636531829834,0.9944047331809998,0.4724484086036682,0.4297417402267456,-0.09207548201084137,0.9890923500061035,0.5390322208404541,0.43753841519355774,-0.27720120549201965,0.9831027388572693,0.4358242154121399,0.44865506887435913,-0.13439534604549408,0.9774216413497925,0.58188396692276,0.44006818532943726,-0.3228128254413605,0.9600546360015869,0.43407121300697327,0.4209272563457489,-0.10673029720783234,0.9771530032157898,0.58160400390625,0.4198150336742401,-0.29881560802459717,0.9558725357055664,0.4457743763923645,0.41406306624412537,-0.07842279225587845,0.9752052426338196,0.564470648765564,0.4165545403957367,-0.26767486333847046,0.9523341655731201,0.5725268125534058,0.7117336392402649,-0.002352998126298189,0.9984279274940491,0.45295748114585876,0.7143266797065735,0.003184561152011156,0.9982057809829712,0.5693075656890869,0.9763461947441101,-0.0457024946808815,0.933407187461853,0.44366398453712463,0.9949104189872742,0.03354063630104065,0.9070764780044556,0.5811805129051208,1.2849684953689575,0.15714925527572632,0.12829504907131195,0.43485546112060547,1.275712251663208,0.40419521927833557,0.056909143924713135,0.5798126459121704,1.3236125707626343,0.1710609346628189,0.10087387263774872,0.4351256787776947,1.3040375709533691,0.43858399987220764,0.046641942113637924,0.5824753642082214,1.3739333152770996,0.013364441692829132,0.041766081005334854,0.4325917363166809,1.359592318534851,0.2981318533420563,0.020794270560145378
2026-04-30T18:50:54.417955,157,0.5145703554153442,0.12118479609489441,-0.20251110196113586,0.9997027516365051,0.5240237712860107,0.10279962420463562,-0.17297907173633575,0.9992737770080566,0.5302801132202148,0.10382058471441269,-0.17315293848514557,0.9995539784431458,0.5359467267990112,0.10505922138690948,-0.17317652702331543,0.9993058443069458,0.503838837146759,0.10267813503742218,-0.1739812195301056,0.9995213150978088,0.49724501371383667,0.1038178876042366,-0.17415833473205566,0.999681830406189,0.49140802025794983,0.10504868626594543,-0.17437843978405,0.9995275139808655,0.5417208671569824,0.1200244203209877,-0.0023220861330628395,0.9995783567428589,0.48050886392593384,0.12051595747470856,-0.008312421850860119,0.9997406601905823,0.5269626975059509,0.14964541792869568,-0.1368407905101776,0.9993733763694763,0.5008472204208374,0.14766910672187805,-0.1383950263261795,0.9994083642959595,0.6024724245071411,0.2712172567844391,0.030320802703499794,0.9994820356369019,0.42081135511398315,0.2824222147464752,0.04163374751806259,0.9996339678764343,0.6257128119468689,0.4579918086528778,-0.03134820982813835,0.9970636367797852,0.39532679319381714,0.47465354204177856,-0.1151602491736412,0.9944584965705872,0.472461998462677,0.42974740266799927,-0.09506313502788544,0.9892017245292664,0.5393850207328796,0.4376435875892639,-0.27639463543891907,0.9832592010498047,0.4358189105987549,0.4486667811870575,-0.13622888922691345,0.9775917530059814,0.5823413729667664,0.44002702832221985,-0.3214808404445648,0.9603235125541687,0.43406742811203003,0.4209959805011749,-0.10819867998361588,0.9773221611976624,0.5818100571632385,0.41994673013687134,-0.29771336913108826,0.9561647772789001,0.4457741379737854,0.41408976912498474,-0.08092242479324341,0.9753976464271545,0.5647057294845581,0.41664308309555054,-0.2668483257293701,0.9526973366737366,0.5723305940628052,0.71164470911026,-0.002209666185081005,0.99845951795578,0.4528958201408386,0.7143221497535706,0.003040993120521307,0.9982278347015381,0.5692958235740662,0.9761931896209717,-0.046165455132722855,0.9329816102981567,0.4435865879058838,0.9949302077293396,0.029611846432089806,0.9061880707740784,0.5811375379562378,1.2852673530578613,0.15576641261577606,0.1260061264038086,0.434594064950943,1.2755672931671143,0.4036542475223541,0.055011820048093796,0.5797363519668579,1.3240591287612915,0.16964098811149597,0.09930738061666489,0.4347521662712097,1.3037071228027344,0.4386899471282959,0.045596931129693985,0.5825017690658569,1.3741509914398193,0.011599252931773663,0.040867432951927185,0.43240493535995483,1.359257459640503,0.30120161175727844,0.020182203501462936
2026-04-30T18:50:54.524636,158,0.5123611688613892,0.12107955664396286,-0.20026609301567078,0.9997053742408752,0.5228078365325928,0.10272416472434998,-0.17132720351219177,0.999275803565979,0.5293337106704712,0.10374417155981064,-0.17149700224399567,0.9995566010475159,0.5351980924606323,0.10497960448265076,-0.17151470482349396,0.9993077516555786,0.5022497177124023,0.10260399430990219,-0.17173293232917786,0.9995245337486267,0.49583131074905396,0.10373102128505707,-0.1719132959842682,0.999684751033783,0.48993200063705444,0.10497789084911346,-0.17214182019233704,0.9995306730270386,0.5413687825202942,0.11997219920158386,-0.0018560511525720358,0.9995788931846619,0.4801245629787445,0.12047315388917923,-0.004584150388836861,0.9997442364692688,0.5258004069328308,0.14952176809310913,-0.13490471243858337,0.9993758201599121,0.4993685781955719,0.14753511548042297,-0.13559581339359283,0.9994123578071594,0.6023310422897339,0.2713001072406769,0.03290863335132599,0.9994796514511108,0.42078202962875366,0.28251156210899353,0.04289161413908005,0.999638020992279,0.6256822347640991,0.4578854441642761,-0.029048269614577293,0.9970883727073669,0.39528369903564453,0.47468701004981995,-0.11040643602609634,0.9945997595787048,0.4724162220954895,0.42971670627593994,-0.09231904149055481,0.9892997145652771,0.5401597023010254,0.43827521800994873,-0.269307404756546,0.9835086464881897,0.435822069644928,0.44852811098098755,-0.13323251903057098,0.9778006672859192,0.5824707746505737,0.440523236989975,-0.313890278339386,0.9607340693473816,0.4340977072715759,0.42094066739082336,-0.10602827370166779,0.9775210618972778,0.582030177116394,0.4203019440174103,-0.2897351384162903,0.9565839171409607,0.44577908515930176,0.4140477776527405,-0.07838243991136551,0.9756156206130981,0.5651034712791443,0.41711682081222534,-0.2593167722225189,0.95316082239151,0.5722845792770386,0.7116432785987854,-0.0016624408308416605,0.9984955191612244,0.4527971148490906,0.7143259644508362,0.002489987062290311,0.9982736706733704,0.5691234469413757,0.9766937494277954,-0.04759659245610237,0.9335534572601318,0.4433634281158447,0.9961186051368713,0.029800305142998695,0.9066899418830872,0.5811101198196411,1.2896915674209595,0.15296271443367004,0.125907763838768,0.4345160126686096,1.2818135023117065,0.4025002419948578,0.054332636296749115,0.5797352194786072,1.3292162418365479,0.16640803217887878,0.09879306703805923,0.4346838891506195,1.31019926071167,0.43702706694602966,0.044887181371450424,0.5824047327041626,1.378051519393921,0.002658560872077942,0.04067433625459671,0.43239182233810425,1.3663029670715332,0.2971077859401703,0.019957616925239563
2026-04-30T18:50:54.628940,159,0.5120565295219421,0.12122967839241028,-0.2048867642879486,0.999700665473938,0.522494912147522,0.10278574377298355,-0.17650412023067474,0.9992672204971313,0.5290664434432983,0.10380544513463974,-0.1766713559627533,0.9995502233505249,0.5349706411361694,0.1050361841917038,-0.1766984760761261,0.999298632144928,0.5017397403717041,0.10266952216625214,-0.1759233921766281,0.999518096446991,0.4953041672706604,0.10379821807146072,-0.17610156536102295,0.9996798634529114,0.48923569917678833,0.10506387799978256,-0.17631776630878448,0.9995242953300476,0.5412946343421936,0.12001197040081024,-0.007530258037149906,0.9995719194412231,0.4794522225856781,0.12063861638307571,-0.006042848341166973,0.9997402429580688,0.5256317853927612,0.1498005986213684,-0.13947488367557526,0.9993687868118286,0.49909114837646484,0.14805419743061066,-0.13897199928760529,0.9994062781333923,0.602327823638916,0.27195632457733154,0.028934111818671227,0.9994730353355408,0.4207583963871002,0.28296738862991333,0.04270597919821739,0.9996342062950134,0.6255840063095093,0.45787954330444336,-0.03759675472974777,0.9970862865447998,0.39495256543159485,0.4747978746891022,-0.11873388290405273,0.9946374297142029,0.47244539856910706,0.429654598236084,-0.09478269517421722,0.9892765879631042,0.5402034521102905,0.4377242624759674,-0.2879616320133209,0.9833978414535522,0.43582314252853394,0.4483918845653534,-0.13417686522006989,0.9776321053504944,0.5824776887893677,0.4393318295478821,-0.3328872323036194,0.9602882862091064,0.43410229682922363,0.4207659363746643,-0.10628201067447662,0.9773343205451965,0.5820387601852417,0.4183458685874939,-0.3043766915798187,0.9560619592666626,0.4457801282405853,0.41390079259872437,-0.08004726469516754,0.9753642082214355,0.5651468634605408,0.41610080003738403,-0.27657991647720337,0.9524939060211182,0.5722382664680481,0.7123209834098816,-0.001666401163674891,0.9984723925590515,0.45262640714645386,0.7149743437767029,0.0024912941735237837,0.9982505440711975,0.5691198110580444,0.9767676591873169,-0.04313062131404877,0.9337615966796875,0.44331541657447815,0.9963216781616211,0.026934146881103516,0.9075192809104919,0.5811079144477844,1.2881584167480469,0.1686910092830658,0.1278020441532135,0.433891624212265,1.2805243730545044,0.3861726224422455,0.05495592579245567,0.5797115564346313,1.327218770980835,0.18353812396526337,0.09972554445266724,0.43412184715270996,1.3089126348495483,0.41916197538375854,0.04525037109851837,0.5824359655380249,1.3763489723205566,0.02141612209379673,0.04149770364165306,0.4319721758365631,1.3648556470870972,0.2747805416584015,0.02028953656554222
2026-04-30T18:50:54.732500,160,0.510646402835846,0.1213373988866806,-0.20910441875457764,0.9997026324272156,0.5216778516769409,0.10284584015607834,-0.18216517567634583,0.9992716312408447,0.528459370136261,0.10384772717952728,-0.1823272705078125,0.9995520710945129,0.534536600112915,0.10506296902894974,-0.18236002326011658,0.9993011355400085,0.5008147954940796,0.10277091711759567,-0.180519700050354,0.9995211958885193,0.4945244789123535,0.10388319194316864,-0.180692657828331,0.9996811747550964,0.4884156584739685,0.1051410660147667,-0.1809059977531433,0.9995269179344177,0.5412641763687134,0.12002623826265335,-0.01633312553167343,0.9995726346969604,0.4792894423007965,0.12063786387443542,-0.009183764457702637,0.9997420907020569,0.5249876976013184,0.14987635612487793,-0.14427602291107178,0.9993767142295837,0.49827027320861816,0.1481873244047165,-0.14239291846752167,0.9994156956672668,0.6024160981178284,0.2721460163593292,0.02230849303305149,0.9994715452194214,0.42099761962890625,0.28298789262771606,0.041071049869060516,0.9996382594108582,0.6251944303512573,0.4579179883003235,-0.04272204264998436,0.9970704913139343,0.39437228441238403,0.4747752845287323,-0.12247780710458755,0.9947192072868347,0.4724886417388916,0.4295092821121216,-0.09680630266666412,0.9892104864120483,0.5402048826217651,0.4375068247318268,-0.29537326097488403,0.9834331274032593,0.43587785959243774,0.447102427482605,-0.1352398544549942,0.9774162769317627,0.5824600458145142,0.4390878975391388,-0.34076741337776184,0.9602060914039612,0.43427175283432007,0.4197215735912323,-0.10719573497772217,0.9770995378494263,0.5820173621177673,0.41802629828453064,-0.3112420439720154,0.9559296369552612,0.44588956236839294,0.413286030292511,-0.08182161301374435,0.9750804901123047,0.5651375651359558,0.41603097319602966,-0.28369444608688354,0.952239453792572,0.572184145450592,0.7123231887817383,-0.0016807246720418334,0.9984675645828247,0.4525891840457916,0.714975893497467,0.002504457952454686,0.9982472658157349,0.5691164135932922,0.9765496850013733,-0.04330471530556679,0.9340313673019409,0.4433080554008484,0.9963661432266235,0.028535738587379456,0.9080626368522644,0.5811762809753418,1.2870197296142578,0.16781094670295715,0.13036379218101501,0.4331884980201721,1.279923677444458,0.38784489035606384,0.055877842009067535,0.5797531008720398,1.32588529586792,0.18245187401771545,0.10117729753255844,0.43351444602012634,1.3084198236465454,0.4208909869194031,0.04568034037947655,0.5824893712997437,1.375512719154358,0.02027551643550396,0.0425688736140728,0.4310111999511719,1.3644680976867676,0.2753000855445862,0.0207221657037735
2026-04-30T18:50:54.835774,161,0.5104522705078125,0.1223616898059845,-0.20809133350849152,0.9997052550315857,0.5216323137283325,0.10322690010070801,-0.1816588044166565,0.9992803931236267,0.5284518003463745,0.10421339422464371,-0.18182559311389923,0.9995568990707397,0.5345298647880554,0.105397067964077,-0.18185320496559143,0.9993087649345398,0.5004866123199463,0.10305878520011902,-0.18006496131420135,0.9995267391204834,0.4941019117832184,0.10408394783735275,-0.1802305430173874,0.9996843934059143,0.4878728985786438,0.10529322922229767,-0.18042467534542084,0.9995319843292236,0.5413711071014404,0.12014506012201309,-0.01587102934718132,0.9995779991149902,0.4788278043270111,0.12064481526613235,-0.008680232800543308,0.9997456073760986,0.5249073505401611,0.15081028640270233,-0.14408648014068604,0.9993836283683777,0.49793773889541626,0.14935913681983948,-0.14102864265441895,0.999423623085022,0.6025370955467224,0.2722727656364441,0.022541683167219162,0.9994688630104065,0.4211199879646301,0.28306013345718384,0.044495839625597,0.9996405243873596,0.6250672936439514,0.458111435174942,-0.04086115583777428,0.9970533847808838,0.39437317848205566,0.47512286901474,-0.11827030032873154,0.994717538356781,0.47245678305625916,0.42948129773139954,-0.08501902222633362,0.9891347885131836,0.5400194525718689,0.4367978274822235,-0.29451245069503784,0.9833402633666992,0.4357530474662781,0.4470287263393402,-0.1202060729265213,0.9772356748580933,0.5822947025299072,0.43843159079551697,-0.33922335505485535,0.9599202275276184,0.43423914909362793,0.41962626576423645,-0.09136859327554703,0.9769048094749451,0.5818607211112976,0.4173009693622589,-0.30880486965179443,0.9555620551109314,0.44583576917648315,0.41325318813323975,-0.06914819031953812,0.9748558402061462,0.5649601221084595,0.4148021936416626,-0.282607764005661,0.9517742395401001,0.5721870064735413,0.7123237252235413,-0.001805719337426126,0.9984707236289978,0.45258039236068726,0.7149794101715088,0.0026244125328958035,0.9982534646987915,0.5690962076187134,0.9773747324943542,-0.038855768740177155,0.9342113137245178,0.4434641897678375,0.9963871836662292,0.03859248384833336,0.9091203808784485,0.5812751650810242,1.2869924306869507,0.1676853448152542,0.13222667574882507,0.43286600708961487,1.2798813581466675,0.38551124930381775,0.057229768484830856,0.5798643827438354,1.3258434534072876,0.18206050992012024,0.10246966779232025,0.43324121832847595,1.3084267377853394,0.41695302724838257,0.04634067788720131,0.5825645327568054,1.37539803981781,0.01960418000817299,0.04324759542942047,0.4307122826576233,1.3645002841949463,0.26828238368034363,0.02111891284584999
2026-04-30T18:50:54.944700,162,0.5114156007766724,0.12295491993427277,-0.21116967499256134,0.9997079968452454,0.522351086139679,0.10352586209774017,-0.18469932675361633,0.9992889165878296,0.5290319919586182,0.10454332083463669,-0.18486599624156952,0.9995605945587158,0.5349892973899841,0.10572311282157898,-0.18490120768547058,0.9993163347244263,0.5010894536972046,0.10316261649131775,-0.18363961577415466,0.9995325207710266,0.49453315138816833,0.10414693504571915,-0.18380217254161835,0.9996870160102844,0.4882890284061432,0.10531201958656311,-0.18400248885154724,0.99953693151474,0.5417786240577698,0.12034427374601364,-0.018387923017144203,0.9995806813240051,0.4788268208503723,0.12065531313419342,-0.01381189189851284,0.9997485280036926,0.525235652923584,0.15157140791416168,-0.14643509685993195,0.9993945956230164,0.49828848242759705,0.15000766515731812,-0.14465034008026123,0.9994354844093323,0.6025673747062683,0.27291712164878845,0.02102041058242321,0.9994702935218811,0.4211713373661041,0.2830881178379059,0.03999966010451317,0.9996420741081238,0.625066876411438,0.45832592248916626,-0.04513987526297569,0.99704909324646,0.39438802003860474,0.4753022789955139,-0.12145938724279404,0.9947221875190735,0.4727286398410797,0.42948833107948303,-0.10127907991409302,0.9891101717948914,0.5403631925582886,0.43675151467323303,-0.2940429151058197,0.9832169413566589,0.4362456798553467,0.4470147490501404,-0.13881942629814148,0.9770789742469788,0.5826800465583801,0.43807002902030945,-0.3387698531150818,0.9595051407814026,0.434611976146698,0.4195776581764221,-0.10891146957874298,0.9767377972602844,0.5822156667709351,0.41688138246536255,-0.30930593609809875,0.9551016092300415,0.446077823638916,0.41323521733283997,-0.08552161604166031,0.9746390581130981,0.5650254487991333,0.41470178961753845,-0.28247278928756714,0.9512026309967041,0.5721237659454346,0.7125402688980103,-0.0017348885303363204,0.9984474778175354,0.45252782106399536,0.7150656580924988,0.0025501144118607044,0.9982201457023621,0.5690386295318604,0.9777525067329407,-0.03902590274810791,0.9339719414710999,0.44344836473464966,0.9963913559913635,0.04184741899371147,0.9085748195648193,0.5813691020011902,1.2870042324066162,0.16435757279396057,0.13400575518608093,0.4327307343482971,1.2796893119812012,0.3856961727142334,0.058036476373672485,0.5799285173416138,1.3258624076843262,0.17822115123271942,0.10362748056650162,0.4331260621547699,1.3083492517471313,0.4174228608608246,0.046674441546201706,0.582866370677948,1.375363826751709,0.014003852382302284,0.04400916397571564,0.4306492805480957,1.3643877506256104,0.2691348195075989,0.02150174044072628
2026-04-30T18:50:55.049479,163,0.5119849443435669,0.12329702824354172,-0.21042053401470184,0.9997081160545349,0.5227344632148743,0.10355766117572784,-0.1838090717792511,0.9992941617965698,0.5293610692024231,0.10456999391317368,-0.1839762181043625,0.9995617866516113,0.5352277159690857,0.10574699938297272,-0.18400989472866058,0.9993209838867188,0.5012951493263245,0.10318277776241302,-0.18276245892047882,0.9995352029800415,0.4946082532405853,0.10416225343942642,-0.18292731046676636,0.999687135219574,0.48832955956459045,0.10531944781541824,-0.1831302046775818,0.9995388984680176,0.5420669913291931,0.12038588523864746,-0.01766280271112919,0.999582827091217,0.4787115454673767,0.1206902265548706,-0.013320490717887878,0.9997500777244568,0.5255455374717712,0.152125284075737,-0.14573006331920624,0.999401330947876,0.4984845519065857,0.1506931632757187,-0.14404422044754028,0.999442458152771,0.6029267907142639,0.27339598536491394,0.021175339818000793,0.9994691610336304,0.4212106764316559,0.28310689330101013,0.0403495654463768,0.9996412396430969,0.6250333189964294,0.45878830552101135,-0.044178638607263565,0.9970025420188904,0.3944759666919708,0.4754207730293274,-0.12097517400979996,0.9946500658988953,0.4729957580566406,0.42952683568000793,-0.09603624045848846,0.9889381527900696,0.54033362865448,0.4365848898887634,-0.2909421920776367,0.9828277826309204,0.4362546503543854,0.447020947933197,-0.13282404839992523,0.9766752123832703,0.5826651453971863,0.4379565119743347,-0.3351455330848694,0.9586252570152283,0.4347826838493347,0.41956934332847595,-0.1027483344078064,0.9763199090957642,0.582193911075592,0.41684281826019287,-0.3067967891693115,0.9541357755661011,0.44627538323402405,0.41322797536849976,-0.08012069761753082,0.9741654396057129,0.564982533454895,0.41468003392219543,-0.2799108624458313,0.9500747323036194,0.5721059441566467,0.7126446962356567,-0.0017243206966668367,0.998431384563446,0.45248469710350037,0.7150904536247253,0.0025379047729074955,0.9981966614723206,0.5689772367477417,0.9786558151245117,-0.03848500922322273,0.9335938096046448,0.443390429019928,0.9967873692512512,0.04243563860654831,0.9082708358764648,0.5811419486999512,1.2869703769683838,0.1642349660396576,0.1357758641242981,0.43264397978782654,1.2793681621551514,0.38488131761550903,0.05885370448231697,0.5796622633934021,1.3257849216461182,0.1780906468629837,0.10490306466817856,0.43308138847351074,1.3080790042877197,0.4162585139274597,0.04703404754400253,0.5826724767684937,1.3752942085266113,0.013981575146317482,0.04486168920993805,0.4304923415184021,1.3642609119415283,0.2676045596599579,0.021859271451830864
2026-04-30T18:50:55.155431,164,0.512012779712677,0.12325629591941833,-0.20990267395973206,0.9997133612632751,0.5228729248046875,0.10352253168821335,-0.1832127571105957,0.9993086457252502,0.5295227766036987,0.10455252975225449,-0.18337960541248322,0.9995709657669067,0.5353897213935852,0.10574569553136826,-0.18341320753097534,0.9993349313735962,0.501372218132019,0.10308536142110825,-0.18237702548503876,0.9995432496070862,0.49466076493263245,0.10405423492193222,-0.18254342675209045,0.9996927380561829,0.4883939325809479,0.10520052909851074,-0.18274901807308197,0.9995468258857727,0.5424116849899292,0.12042590975761414,-0.01752917841076851,0.9995918273925781,0.4787171483039856,0.12067974358797073,-0.013194920495152473,0.9997543692588806,0.5255687832832336,0.15212327241897583,-0.14513704180717468,0.9994125962257385,0.4984923303127289,0.15066558122634888,-0.1436297744512558,0.9994524717330933,0.6034728288650513,0.2736949324607849,0.01920795813202858,0.9994716048240662,0.4213733673095703,0.28317388892173767,0.04061125963926315,0.9996423125267029,0.6248304843902588,0.45898085832595825,-0.047744713723659515,0.9970523715019226,0.394701212644577,0.47532421350479126,-0.12171150743961334,0.9947056770324707,0.47288745641708374,0.42952945828437805,-0.10138676315546036,0.989096462726593,0.5401557683944702,0.4355628192424774,-0.2980019450187683,0.9830197691917419,0.4359045624732971,0.4470423758029938,-0.1379261463880539,0.9769726991653442,0.5813955664634705,0.43665841221809387,-0.34340837597846985,0.9590467810630798,0.43458789587020874,0.4195614159107208,-0.10880444943904877,0.976627767086029,0.5810832977294922,0.4161390960216522,-0.3146340250968933,0.9545915722846985,0.44614535570144653,0.4132097363471985,-0.08580667525529861,0.9744945764541626,0.564436137676239,0.4136882424354553,-0.2870825231075287,0.9505244493484497,0.5720317363739014,0.712723433971405,-0.001725250855088234,0.9984428882598877,0.4524313509464264,0.715093731880188,0.0025366556365042925,0.9982078075408936,0.5690107941627502,0.9786764979362488,-0.034354645758867264,0.9332529902458191,0.4434281885623932,0.9967831373214722,0.039556436240673065,0.9090754389762878,0.5811194777488708,1.2859042882919312,0.17521195113658905,0.1350511610507965,0.4324350357055664,1.2781116962432861,0.3702909052371979,0.05902064964175224,0.5796226263046265,1.3242526054382324,0.19005659222602844,0.10430629551410675,0.4328278601169586,1.3069325685501099,0.40057381987571716,0.047062117606401443,0.5825887322425842,1.3742924928665161,0.03054903820157051,0.04458837956190109,0.4304729402065277,1.362817645072937,0.25299543142318726,0.021867960691452026
2026-04-30T18:50:55.264661,165,0.5124944448471069,0.12359993904829025,-0.2062816619873047,0.9997203350067139,0.5232993364334106,0.10381320863962173,-0.1791916787624359,0.9993252754211426,0.5298882722854614,0.10490495711565018,-0.1793726235628128,0.9995826482772827,0.5357292890548706,0.10613679140806198,-0.17940753698349,0.9993529319763184,0.5017349720001221,0.1032504290342331,-0.17837238311767578,0.999552845954895,0.49491506814956665,0.10420498251914978,-0.17854180932044983,0.9996992945671082,0.48861637711524963,0.10531563311815262,-0.1787448674440384,0.9995539784431458,0.5427724123001099,0.12096291035413742,-0.013221018016338348,0.9996040463447571,0.4787260890007019,0.12095623463392258,-0.00958070158958435,0.9997579455375671,0.5258851051330566,0.15291833877563477,-0.14157292246818542,0.9994255900382996,0.4987145960330963,0.151178777217865,-0.14043302834033966,0.9994587302207947,0.6035498976707458,0.2742638885974884,0.020366046577692032,0.9994822144508362,0.4213946759700775,0.2832920253276825,0.043939050287008286,0.9996395111083984,0.6246760487556458,0.4590146243572235,-0.04726339504122734,0.9971306324005127,0.39528071880340576,0.4750755727291107,-0.12030501663684845,0.9945976138114929,0.4723602831363678,0.4297613799571991,-0.10142502933740616,0.9893597364425659,0.5401551723480225,0.43453532457351685,-0.2968098819255829,0.9829089641571045,0.43510112166404724,0.44741392135620117,-0.13808374106884003,0.9774630069732666,0.5813746452331543,0.4345081150531769,-0.34214073419570923,0.9588450789451599,0.43346768617630005,0.4198576509952545,-0.10914351046085358,0.9771374464035034,0.5806930065155029,0.4147501587867737,-0.3138996958732605,0.9543699026107788,0.44523072242736816,0.4134925603866577,-0.08586757630109787,0.9750362038612366,0.5643678903579712,0.4123460352420807,-0.28600889444351196,0.9503726363182068,0.5720241665840149,0.712675929069519,-0.0016613451298326254,0.9984510540962219,0.4523175358772278,0.7150894403457642,0.002470798557624221,0.9982033371925354,0.5689741373062134,0.9787642955780029,-0.03537026792764664,0.9336785078048706,0.4435456693172455,0.9965761303901672,0.039217717945575714,0.9096004366874695,0.5813482999801636,1.2866504192352295,0.1626754105091095,0.1341428905725479,0.43247970938682556,1.2789723873138428,0.3722153306007385,0.05856664478778839,0.5798769593238831,1.3253321647644043,0.1758468896150589,0.10346952080726624,0.43285074830055237,1.3080408573150635,0.40282687544822693,0.04656505957245827,0.5829304456710815,1.3746460676193237,0.014197592623531818,0.04403122514486313,0.4305790066719055,1.3634141683578491,0.2552599012851715,0.021612131968140602
2026-04-30T18:50:55.371040,166,0.5128346681594849,0.12357614189386368,-0.20373037457466125,0.9997190833091736,0.5237849354743958,0.10381271690130234,-0.1760033369064331,0.9993250370025635,0.530272364616394,0.10490819811820984,-0.17618581652641296,0.9995812773704529,0.5360357165336609,0.10614525526762009,-0.17623035609722137,0.9993534684181213,0.5022558569908142,0.10316341370344162,-0.17571958899497986,0.9995512962341309,0.49531808495521545,0.10407331585884094,-0.17588143050670624,0.9996973276138306,0.4890371263027191,0.10511747747659683,-0.1760801523923874,0.9995516538619995,0.5429140329360962,0.1209736168384552,-0.008599032647907734,0.999602735042572,0.47886982560157776,0.12077466398477554,-0.008004063740372658,0.9997556805610657,0.5259846448898315,0.1529136747121811,-0.13866227865219116,0.9994251132011414,0.4988160729408264,0.15111376345157623,-0.13845491409301758,0.999456524848938,0.6035277247428894,0.27438491582870483,0.023266959935426712,0.9994822144508362,0.4214065670967102,0.28331512212753296,0.04528546333312988,0.9996336698532104,0.6244961023330688,0.4590311050415039,-0.045813076198101044,0.9971069693565369,0.3954620063304901,0.4746255576610565,-0.11483602225780487,0.9944149255752563,0.4720804691314697,0.4296518564224243,-0.10016030073165894,0.9892483353614807,0.5400015115737915,0.4343547224998474,-0.28572016954421997,0.9825032353401184,0.43474841117858887,0.44735389947891235,-0.13729140162467957,0.9771971106529236,0.5810811519622803,0.4343491196632385,-0.33083611726760864,0.958061695098877,0.43308860063552856,0.41984620690345764,-0.10806059837341309,0.9768804907798767,0.580237090587616,0.4146299660205841,-0.30512315034866333,0.9535527229309082,0.44495099782943726,0.4134587347507477,-0.0846707671880722,0.9747589826583862,0.564263105392456,0.41218435764312744,-0.2760637402534485,0.9494842290878296,0.5719698667526245,0.7125405669212341,-0.0014837743947282434,0.9984410405158997,0.45230159163475037,0.714880108833313,0.002286529168486595,0.9981732964515686,0.5689595937728882,0.9790595173835754,-0.03737447038292885,0.9327771663665771,0.4435473084449768,0.9966261386871338,0.03515467792749405,0.9085473418235779,0.581214427947998,1.286811113357544,0.161067396402359,0.13357487320899963,0.4323132038116455,1.278412938117981,0.36838558316230774,0.05844167247414589,0.5797182321548462,1.3255259990692139,0.17428812384605408,0.10294903814792633,0.43262749910354614,1.3074967861175537,0.3989453911781311,0.046296194195747375,0.5828460454940796,1.3747003078460693,0.012229693122208118,0.04384896904230118,0.4302845895290375,1.3627506494522095,0.25101032853126526,0.021599307656288147
2026-04-30T18:50:55.476812,167,0.5133262872695923,0.12305649369955063,-0.19835124909877777,0.9997162818908691,0.5240642428398132,0.1035882756114006,-0.16980448365211487,0.9993190169334412,0.5304945707321167,0.10472812503576279,-0.16998162865638733,0.9995778203010559,0.5362018346786499,0.10602090507745743,-0.17002072930335999,0.9993487000465393,0.5025161504745483,0.10287366062402725,-0.16973331570625305,0.9995467662811279,0.495466411113739,0.10381638258695602,-0.1699049323797226,0.99969482421875,0.48915451765060425,0.10489889979362488,-0.17010223865509033,0.9995480179786682,0.543067991733551,0.12097834050655365,-0.002017008373513818,0.9995986819267273,0.47884994745254517,0.12078257650136948,-0.002353999298065901,0.9997528791427612,0.526290774345398,0.15258647501468658,-0.1333790421485901,0.9994127154350281,0.49908819794654846,0.15082873404026031,-0.13355164229869843,0.9994476437568665,0.6035251021385193,0.2745055854320526,0.02648516558110714,0.9994720220565796,0.42141789197921753,0.28348225355148315,0.047033362090587616,0.999625027179718,0.6242128610610962,0.45874837040901184,-0.044009964913129807,0.9971119165420532,0.3956717848777771,0.4740857183933258,-0.11461545526981354,0.994392991065979,0.4708253741264343,0.42967602610588074,-0.09821542352437973,0.9892471432685852,0.5401012897491455,0.43426498770713806,-0.2843346893787384,0.982153594493866,0.4340788722038269,0.4475308954715729,-0.13616475462913513,0.9771880507469177,0.5811918377876282,0.43435007333755493,-0.32973819971084595,0.9573560953140259,0.4323161542415619,0.42036011815071106,-0.10767617076635361,0.9768874645233154,0.5805168151855469,0.41458550095558167,-0.3038299083709717,0.9528040885925293,0.44420385360717773,0.41388005018234253,-0.08325763046741486,0.9747605323791504,0.5644624829292297,0.4118770360946655,-0.2745581567287445,0.9486300349235535,0.5719583630561829,0.7125403881072998,-0.0009572745184414089,0.9984166622161865,0.4522855281829834,0.7149561643600464,0.001752074109390378,0.9981536865234375,0.5690877437591553,0.97905033826828,-0.03626112639904022,0.9328018426895142,0.4436019957065582,0.9966301321983337,0.0335700586438179,0.9093438386917114,0.5814791917800903,1.286572813987732,0.170111745595932,0.1347130984067917,0.43231528997421265,1.2793867588043213,0.349316269159317,0.060272954404354095,0.5799241065979004,1.3252049684524536,0.18416711688041687,0.10373158752918243,0.4326205253601074,1.309180736541748,0.3768743574619293,0.04707686975598335,0.5831027030944824,1.3744062185287476,0.0193670354783535,0.044316574931144714,0.4304737150669098,1.3639640808105469,0.21695680916309357,0.022163141518831253
2026-04-30T18:50:55.583963,168,0.5133405923843384,0.12307725846767426,-0.19652381539344788,0.9997161030769348,0.5241355299949646,0.10356508195400238,-0.16859588027000427,0.999323308467865,0.5305776596069336,0.1047046035528183,-0.1687687635421753,0.9995792508125305,0.5362727046012878,0.10600616782903671,-0.16881194710731506,0.9993530511856079,0.5025295615196228,0.10285428166389465,-0.16817252337932587,0.9995484948158264,0.49547213315963745,0.10379703342914581,-0.16833530366420746,0.9996950626373291,0.48916134238243103,0.10487987846136093,-0.1685246080160141,0.9995492696762085,0.543253481388092,0.12098176777362823,-0.002084700157865882,0.9996002316474915,0.47883492708206177,0.12074051797389984,-0.0012497857678681612,0.9997521042823792,0.52631014585495,0.1526147872209549,-0.13198114931583405,0.9994131922721863,0.4990958571434021,0.15089963376522064,-0.13177372515201569,0.9994488954544067,0.6035934686660767,0.2746911942958832,0.026522180065512657,0.9994682669639587,0.42149192094802856,0.2835109829902649,0.049417316913604736,0.9996165037155151,0.6242028474807739,0.4587695002555847,-0.04357631877064705,0.9970844388008118,0.3955700993537903,0.4738992154598236,-0.11181573569774628,0.9942383766174316,0.470781147480011,0.42966708540916443,-0.09576492011547089,0.9891603589057922,0.5394834876060486,0.4340450167655945,-0.28317657113075256,0.9815346002578735,0.4339582920074463,0.44750529527664185,-0.13351352512836456,0.9770136475563049,0.581129789352417,0.4343031942844391,-0.32854098081588745,0.9561800360679626,0.43225759267807007,0.42027944326400757,-0.10514108091592789,0.9767252802848816,0.5804575085639954,0.4144951403141022,-0.30224254727363586,0.9515401721000671,0.4441518783569336,0.413825124502182,-0.08070506900548935,0.974562406539917,0.5642122030258179,0.41153639554977417,-0.2732779383659363,0.9472196698188782,0.571935772895813,0.7126559019088745,-0.0011238246224820614,0.9983910322189331,0.4522607922554016,0.7151609659194946,0.0019156292546540499,0.9981133341789246,0.5689367055892944,0.9794253706932068,-0.03629424422979355,0.9324725866317749,0.4437863826751709,0.997050940990448,0.034725774079561234,0.9094498753547668,0.5814706087112427,1.2858859300613403,0.16984790563583374,0.13635320961475372,0.4317396581172943,1.2781211137771606,0.3538568913936615,0.061630599200725555,0.579856812953949,1.3242319822311401,0.1838545948266983,0.10500790178775787,0.43199029564857483,1.3080050945281982,0.38233065605163574,0.04780128598213196,0.583116888999939,1.373918890953064,0.019143329933285713,0.04503381624817848,0.4300754964351654,1.3627618551254272,0.22783704102039337,0.02261749468743801
2026-04-30T18:50:55.689872,169,0.5133877992630005,0.12350372970104218,-0.19489939510822296,0.9997228980064392,0.5241876840591431,0.1039360836148262,-0.16727527976036072,0.9993351697921753,0.530638575553894,0.10506447404623032,-0.16744813323020935,0.9995881915092468,0.5363398194313049,0.10635379701852798,-0.16748343408107758,0.9993647933006287,0.5025593042373657,0.10324470698833466,-0.1670079082250595,0.9995567798614502,0.4955219328403473,0.10416225343942642,-0.16717563569545746,0.9997010231018066,0.48922252655029297,0.10519155859947205,-0.16737665235996246,0.9995559453964233,0.543369710445404,0.12130674719810486,-0.0007296722615137696,0.9996086359024048,0.4788745939731598,0.12103965133428574,-0.0005451441975310445,0.9997574090957642,0.526382565498352,0.15280820429325104,-0.13009580969810486,0.999424159526825,0.4991742968559265,0.15114037692546844,-0.13018815219402313,0.9994589686393738,0.6036244034767151,0.27480894327163696,0.02969551458954811,0.9994760751724243,0.4215988218784332,0.28352996706962585,0.04992479458451271,0.9996210932731628,0.6240578293800354,0.4589312672615051,-0.0401572659611702,0.9971527457237244,0.39557376503944397,0.47315487265586853,-0.10844738781452179,0.9942814111709595,0.4701138436794281,0.4300261437892914,-0.09546010941267014,0.9894182682037354,0.5395213961601257,0.4349828064441681,-0.27552324533462524,0.981517493724823,0.43312937021255493,0.4481911361217499,-0.13350336253643036,0.9775397777557373,0.5812233686447144,0.4372781217098236,-0.3199840188026428,0.9561663269996643,0.4313991665840149,0.4211227595806122,-0.10512813180685043,0.9772591590881348,0.5807496309280396,0.4172672629356384,-0.29528430104255676,0.9515302777290344,0.4434555470943451,0.4145628809928894,-0.08045030385255814,0.975131094455719,0.5645631551742554,0.4136524796485901,-0.26579979062080383,0.947299599647522,0.5719280242919922,0.7127895355224609,-0.0007959770155139267,0.9984138011932373,0.45224571228027344,0.7154290080070496,0.0015921328449621797,0.9981406331062317,0.5687808990478516,0.9794842004776001,-0.0381937101483345,0.9333323836326599,0.44378861784935,0.9973910450935364,0.0343228243291378,0.9096085429191589,0.5811349749565125,1.28821861743927,0.15914328396320343,0.13649538159370422,0.43215784430503845,1.2827935218811035,0.3710164427757263,0.06089020520448685,0.5796194672584534,1.3270822763442993,0.1721552014350891,0.10504746437072754,0.4323647916316986,1.3125274181365967,0.40231114625930786,0.04730334132909775,0.5823845267295837,1.376482367515564,0.008461016230285168,0.04490869119763374,0.4303618371486664,1.3672007322311401,0.2535129189491272,0.02234598807990551
2026-04-30T18:50:55.798944,170,0.5118916630744934,0.12367696315050125,-0.1913338452577591,0.9997226595878601,0.523415744304657,0.10421447455883026,-0.16433128714561462,0.9993367195129395,0.530199408531189,0.10534495860338211,-0.1644991934299469,0.999588668346405,0.5360455513000488,0.10662443190813065,-0.16454118490219116,0.9993677139282227,0.5014853477478027,0.10349336266517639,-0.1627136617898941,0.999554455280304,0.49459347128868103,0.10435197502374649,-0.1628742516040802,0.9996993541717529,0.48830127716064453,0.10538391768932343,-0.16306565701961517,0.9995534420013428,0.5433630347251892,0.12158114463090897,-0.0004028986149933189,0.9996098279953003,0.4786214232444763,0.12111791968345642,0.005470976233482361,0.9997532963752747,0.5258694887161255,0.15285570919513702,-0.1277170032262802,0.9994226694107056,0.4983592629432678,0.15119938552379608,-0.12610313296318054,0.9994557499885559,0.6036407351493835,0.27483877539634705,0.02936633862555027,0.9994792342185974,0.4216312766075134,0.28354617953300476,0.05450159311294556,0.9996136426925659,0.6240448951721191,0.45886489748954773,-0.040855374187231064,0.9971902966499329,0.39562493562698364,0.472991019487381,-0.10421349108219147,0.994140088558197,0.4699796140193939,0.43007534742355347,-0.09377197176218033,0.9895472526550293,0.5391904711723328,0.43480536341667175,-0.27342620491981506,0.9809868335723877,0.43289223313331604,0.44833847880363464,-0.13115419447422028,0.9777173399925232,0.5810264348983765,0.43710383772850037,-0.31867238879203796,0.955208420753479,0.4310356676578522,0.42142587900161743,-0.10310158878564835,0.97745680809021,0.5802932977676392,0.41717180609703064,-0.2929620146751404,0.9505109786987305,0.44315266609191895,0.41487058997154236,-0.07854104042053223,0.9753262996673584,0.5642560720443726,0.4134927988052368,-0.2636558711528778,0.9461072683334351,0.571907639503479,0.7128035426139832,-0.0008448553271591663,0.9983906149864197,0.45223602652549744,0.715531587600708,0.0016368168871849775,0.9981059432029724,0.5688816905021667,0.9786299467086792,-0.036936625838279724,0.9315441846847534,0.44407421350479126,0.9961852431297302,0.03349680081009865,0.9093066453933716,0.5816333889961243,1.284186840057373,0.18070030212402344,0.13530784845352173,0.4320827126502991,1.2801283597946167,0.3363317549228668,0.06280914694070816,0.579922080039978,1.3219914436340332,0.19656722247600555,0.10462145507335663,0.4322267174720764,1.3105595111846924,0.36256423592567444,0.048152901232242584,0.5828831195831299,1.3729612827301025,0.034877024590969086,0.04479234665632248,0.4306131899356842,1.3651596307754517,0.20249450206756592,0.02296902984380722
2026-04-30T18:50:55.904334,171,0.5120558738708496,0.12378139048814774,-0.18782146275043488,0.9997274279594421,0.5234612226486206,0.10431612282991409,-0.16096994280815125,0.9993464946746826,0.5302340388298035,0.10542652755975723,-0.1611393392086029,0.999596118927002,0.536069393157959,0.10669199377298355,-0.16117137670516968,0.9993772506713867,0.5015454292297363,0.10365020483732224,-0.1594693511724472,0.9995614886283875,0.4946634769439697,0.10453053563833237,-0.15963855385780334,0.9997050166130066,0.48837462067604065,0.10556201636791229,-0.15983089804649353,0.9995604753494263,0.5434848666191101,0.12167350947856903,0.002705358201637864,0.9996171593666077,0.47864556312561035,0.12129128724336624,0.008217223919928074,0.9997574090957642,0.5260640382766724,0.15295512974262238,-0.12411965429782867,0.9994259476661682,0.4985400140285492,0.15132039785385132,-0.12266033887863159,0.9994600415229797,0.6036738157272339,0.2748097777366638,0.031537480652332306,0.9994823932647705,0.42175403237342834,0.28356611728668213,0.059155553579330444,0.9996153712272644,0.6238303780555725,0.4589131772518158,-0.03709842637181282,0.9972535967826843,0.395720899105072,0.4730287194252014,-0.10263606160879135,0.9941978454589844,0.46985942125320435,0.430099219083786,-0.0914478451013565,0.9898194670677185,0.5390611886978149,0.4347932040691376,-0.27471923828125,0.9813252091407776,0.4326404631137848,0.44853103160858154,-0.12977218627929688,0.9783146977424622,0.580803394317627,0.4372892677783966,-0.3210054636001587,0.9559909105300903,0.4308033585548401,0.4215838611125946,-0.10251937061548233,0.9780715703964233,0.5800694823265076,0.4171746075153351,-0.2959226667881012,0.9513723850250244,0.442920982837677,0.41496697068214417,-0.07663889229297638,0.9759990572929382,0.5642483234405518,0.41383039951324463,-0.2652897238731384,0.947081983089447,0.5719073414802551,0.7129837274551392,-0.0008755486342124641,0.9984104037284851,0.4522281587123871,0.7160177826881409,0.0016667742747813463,0.9981386065483093,0.568874716758728,0.9782922267913818,-0.03639840707182884,0.9323897361755371,0.4443152844905853,0.9964735507965088,0.03530871495604515,0.9104123711585999,0.5816359519958496,1.2850911617279053,0.1783054918050766,0.13466686010360718,0.43285518884658813,1.2837741374969482,0.3393562436103821,0.06304386258125305,0.5799614191055298,1.3229905366897583,0.19359032809734344,0.10427945107221603,0.43294912576675415,1.314518690109253,0.36780986189842224,0.048246633261442184,0.5827058553695679,1.373759150505066,0.031596459448337555,0.04436340928077698,0.43154358863830566,1.368568778038025,0.21455013751983643,0.022859731689095497
2026-04-30T18:50:56.007706,172,0.5120793581008911,0.12377702444791794,-0.1883702427148819,0.9997139573097229,0.5234655737876892,0.10435469448566437,-0.16149911284446716,0.9993160963058472,0.5302368402481079,0.10546853393316269,-0.161667600274086,0.9995765089988708,0.5360733270645142,0.10674785077571869,-0.16170090436935425,0.9993487000465393,0.5015596151351929,0.10370426625013351,-0.16012832522392273,0.9995428919792175,0.4946710169315338,0.10459250956773758,-0.16029807925224304,0.9996925592422485,0.48838692903518677,0.10562930256128311,-0.16049306094646454,0.9995439648628235,0.5435060262680054,0.12180384993553162,0.002284042537212372,0.9995964765548706,0.4786563813686371,0.12142312526702881,0.0075015174224972725,0.9997476935386658,0.5260788798332214,0.1528974026441574,-0.12458565086126328,0.999393880367279,0.4985538423061371,0.15126875042915344,-0.12325818836688995,0.9994369745254517,0.6037359237670898,0.27485376596450806,0.0314725898206234,0.9994568228721619,0.4217606484889984,0.28358685970306396,0.05788728594779968,0.9996066689491272,0.6237298250198364,0.45890673995018005,-0.03581538796424866,0.9971907734870911,0.39572247862815857,0.4729434847831726,-0.10269609838724136,0.9942055940628052,0.4697451591491699,0.4298672378063202,-0.08758151531219482,0.9896036386489868,0.5392599105834961,0.4351072609424591,-0.2718746066093445,0.9809807538986206,0.4326431155204773,0.44811201095581055,-0.12563392519950867,0.9779605269432068,0.5811009407043457,0.43735185265541077,-0.3171233534812927,0.9551874399185181,0.43083542585372925,0.42140787839889526,-0.09936593472957611,0.9777243137359619,0.5804480314254761,0.4173508286476135,-0.2909478545188904,0.9504984021186829,0.4429289698600769,0.4147965610027313,-0.07326565682888031,0.9756145477294922,0.5646310448646545,0.41396564245224,-0.2617913484573364,0.9460984468460083,0.5718871355056763,0.7130424976348877,-0.0005830488516949117,0.9983804821968079,0.4522194266319275,0.7160696387290955,0.0013667833991348743,0.9981245398521423,0.5688239336013794,0.9782928228378296,-0.035734113305807114,0.9318235516548157,0.4443182051181793,0.9973830580711365,0.03523917496204376,0.9101948738098145,0.5816600918769836,1.2848557233810425,0.178892582654953,0.134831503033638,0.4328140318393707,1.2836742401123047,0.3454769253730774,0.06392297893762589,0.5799757242202759,1.3226605653762817,0.1940041333436966,0.10433042049407959,0.43289417028427124,1.3143398761749268,0.3739871680736542,0.04850851744413376,0.5827077627182007,1.3734456300735474,0.03062882088124752,0.04459702596068382,0.4315618574619293,1.3684557676315308,0.21794123947620392,0.023151688277721405
2026-04-30T18:50:56.122431,173,0.5119230151176453,0.12367775291204453,-0.1887952834367752,0.9997106790542603,0.5233451128005981,0.10433406382799149,-0.16191986203193665,0.9993098974227905,0.5301555395126343,0.10544029623270035,-0.1620887666940689,0.9995728135108948,0.5360053777694702,0.10671913623809814,-0.16212283074855804,0.9993433356285095,0.5014510750770569,0.10370433330535889,-0.1604975014925003,0.9995366334915161,0.4945999085903168,0.1045936793088913,-0.16066642105579376,0.9996889233589172,0.48833203315734863,0.10563203692436218,-0.16086266934871674,0.9995383024215698,0.543470561504364,0.12179286032915115,0.0021908609196543694,0.9995942711830139,0.4786534309387207,0.12141396850347519,0.007419975008815527,0.9997429847717285,0.5260278582572937,0.15265561640262604,-0.12496749311685562,0.9993861317634583,0.49847501516342163,0.15107589960098267,-0.12364815175533295,0.9994269609451294,0.6037424802780151,0.274842768907547,0.029896464198827744,0.9994581341743469,0.42178472876548767,0.28355494141578674,0.058780211955308914,0.9996007680892944,0.6237175464630127,0.45901545882225037,-0.03803219646215439,0.9972244501113892,0.39575135707855225,0.47266656160354614,-0.10197238624095917,0.9941405057907104,0.4696787893772125,0.4299001097679138,-0.09133066982030869,0.9897910356521606,0.5378216505050659,0.43503326177597046,-0.2733592391014099,0.9810120463371277,0.43259865045547485,0.4483961760997772,-0.12958812713623047,0.97834312915802,0.5795164108276367,0.43733471632003784,-0.31980493664741516,0.9553403854370117,0.43080902099609375,0.4215339124202728,-0.10399196296930313,0.978122889995575,0.5785011053085327,0.417334645986557,-0.2935139834880829,0.9506779909133911,0.4428831934928894,0.4148808419704437,-0.07709456235170364,0.9760403037071228,0.5631189346313477,0.4141952395439148,-0.26354894042015076,0.946273684501648,0.5718677043914795,0.7130464315414429,-0.0008749923435971141,0.9983782768249512,0.45221152901649475,0.7160546183586121,0.0016410269308835268,0.9981228709220886,0.5688199400901794,0.9782854914665222,-0.03570017218589783,0.9304565191268921,0.44441014528274536,0.9978846311569214,0.026637857779860497,0.9099449515342712,0.581625759601593,1.2850598096847534,0.19219371676445007,0.13202887773513794,0.4331545829772949,1.284024953842163,0.3287374973297119,0.06417378038167953,0.5799691677093506,1.322740077972412,0.20905134081840515,0.10231474786996841,0.43334969878196716,1.314685344696045,0.35566461086273193,0.04835711419582367,0.582533061504364,1.3737441301345825,0.046972744166851044,0.04368434101343155,0.4326956868171692,1.3690382242202759,0.19630436599254608,0.023130696266889572
2026-04-30T18:50:56.234300,174,0.5119050741195679,0.12270580232143402,-0.18631766736507416,0.9997085332870483,0.5232812762260437,0.1041196659207344,-0.1596170961856842,0.9993117451667786,0.5300884246826172,0.10524240136146545,-0.15979433059692383,0.9995720386505127,0.5359581708908081,0.10654809325933456,-0.15984682738780975,0.9993471503257751,0.5014524459838867,0.10356442630290985,-0.1578507125377655,0.9995335340499878,0.4946078658103943,0.1044989675283432,-0.1580001413822174,0.999684751033783,0.488346666097641,0.10557623952627182,-0.15818962454795837,0.999533474445343,0.543425440788269,0.12179910391569138,0.0024784384295344353,0.9995949268341064,0.4787443280220032,0.12145267426967621,0.00865471363067627,0.999735414981842,0.5260087251663208,0.15145564079284668,-0.12351713329553604,0.9993883371353149,0.4984756112098694,0.149976909160614,-0.1218353882431984,0.9994221925735474,0.603768527507782,0.2746642529964447,0.02866416610777378,0.9994674921035767,0.42191433906555176,0.2835647165775299,0.06115449219942093,0.9995851516723633,0.6236717700958252,0.45904210209846497,-0.039064716547727585,0.9972083568572998,0.395746111869812,0.4723763167858124,-0.09506230056285858,0.9936583638191223,0.46997252106666565,0.4302562475204468,-0.09530024230480194,0.9898356795310974,0.5356133580207825,0.4350968301296234,-0.2729571461677551,0.980061948299408,0.4327671527862549,0.44928866624832153,-0.1348840296268463,0.9784328937530518,0.5758724212646484,0.4377264976501465,-0.3198789656162262,0.9538149237632751,0.4309008717536926,0.42217159271240234,-0.11028127372264862,0.9782387018203735,0.5761208534240723,0.4178019165992737,-0.2938831150531769,0.9490857720375061,0.44296541810035706,0.4154144823551178,-0.08145401626825333,0.9761328101158142,0.5608938932418823,0.4154895842075348,-0.26381242275238037,0.9445469379425049,0.571823000907898,0.7130481004714966,-0.0016495545860379934,0.9983761310577393,0.45221632719039917,0.7160370945930481,0.0023996434174478054,0.9980889558792114,0.5686447024345398,0.9782068729400635,-0.03910142928361893,0.9280484914779663,0.4444084167480469,0.996263325214386,0.029052620753645897,0.907243013381958,0.5813001394271851,1.2850855588912964,0.1852339208126068,0.13097108900547028,0.433488130569458,1.2823569774627686,0.33561238646507263,0.0648224726319313,0.5794047117233276,1.3227806091308594,0.2018927037715912,0.10186699032783508,0.43384408950805664,1.3130112886428833,0.3630984425544739,0.0485340878367424,0.5824926495552063,1.3738372325897217,0.042791448533535004,0.04359665513038635,0.43282175064086914,1.3676482439041138,0.20669598877429962,0.023386871442198753
2026-04-30T18:50:56.348850,175,0.5120664834976196,0.12268364429473877,-0.17813067138195038,0.9996926784515381,0.5233196020126343,0.10403911769390106,-0.1508578360080719,0.9992791414260864,0.5301092267036438,0.10516141355037689,-0.15103325247764587,0.9995524883270264,0.5359671115875244,0.10646948963403702,-0.1510869264602661,0.9993197917938232,0.5015071034431458,0.10345285385847092,-0.1497449278831482,0.9995099306106567,0.49463915824890137,0.10438597947359085,-0.14990034699440002,0.999668538570404,0.4883718490600586,0.10547937452793121,-0.1500970870256424,0.9995092749595642,0.5434247255325317,0.12169792503118515,0.012555885128676891,0.9995769262313843,0.478720486164093,0.12145134806632996,0.016596298664808273,0.9997200965881348,0.5261064171791077,0.15143996477127075,-0.11468364298343658,0.999355673789978,0.49863186478614807,0.14996354281902313,-0.11362109333276749,0.9993883967399597,0.603931725025177,0.2746645212173462,0.0380856990814209,0.9994523525238037,0.4219180941581726,0.2836958169937134,0.06381504982709885,0.9995643496513367,0.6236452460289001,0.45903700590133667,-0.032218486070632935,0.9971577525138855,0.39651817083358765,0.4723365604877472,-0.09435142576694489,0.9934061765670776,0.4699578881263733,0.4302569031715393,-0.08819035440683365,0.98967045545578,0.5356968641281128,0.4346981346607208,-0.26813921332359314,0.9791607856750488,0.432763010263443,0.44930943846702576,-0.12848123908042908,0.9781633019447327,0.575901448726654,0.4370821714401245,-0.3148551285266876,0.9521709680557251,0.4309054911136627,0.42219817638397217,-0.10384757816791534,0.9779984354972839,0.5761903524398804,0.41722366213798523,-0.29014497995376587,0.9473360776901245,0.44296392798423767,0.4154433310031891,-0.07464873790740967,0.9758638739585876,0.5609596371650696,0.414545476436615,-0.2593659460544586,0.942705512046814,0.5718302726745605,0.7130485773086548,-0.00040533067658543587,0.9983475208282471,0.45221179723739624,0.7161141037940979,0.0011663292534649372,0.9980536699295044,0.568415105342865,0.9789724946022034,-0.042197056114673615,0.928170919418335,0.4444763660430908,0.9980548620223999,0.025905460119247437,0.907199501991272,0.5812430381774902,1.2851589918136597,0.18121173977851868,0.13202019035816193,0.4335012435913086,1.2823600769042969,0.33923399448394775,0.06538739800453186,0.5792698860168457,1.3228265047073364,0.1975574940443039,0.10240763425827026,0.4338409900665283,1.312965989112854,0.367116242647171,0.04840782284736633,0.5825103521347046,1.3738503456115723,0.03345446288585663,0.04390711709856987,0.43304434418678284,1.3676351308822632,0.20981642603874207,0.023502761498093605
2026-04-30T18:50:56.464275,176,0.5120826959609985,0.12135104835033417,-0.17890556156635284,0.9996858835220337,0.5233224034309387,0.10365854948759079,-0.15145382285118103,0.9992649555206299,0.5301061868667603,0.10484278202056885,-0.15162846446037292,0.9995436072349548,0.535964846611023,0.1062096655368805,-0.15167488157749176,0.9993065595626831,0.5015673637390137,0.10307735949754715,-0.15020045638084412,0.999498724937439,0.4947449564933777,0.10407958924770355,-0.15035872161388397,0.9996622204780579,0.4885360598564148,0.10523263365030289,-0.1505572348833084,0.9995005130767822,0.5433440804481506,0.12164787203073502,0.011726006865501404,0.9995679259300232,0.4788888990879059,0.12141776084899902,0.016389017924666405,0.9997127652168274,0.5261079668998718,0.1498684287071228,-0.11564058065414429,0.9993382096290588,0.4986559748649597,0.1482057422399521,-0.11445106565952301,0.9993723630905151,0.6037785410881042,0.2746129631996155,0.037229739129543304,0.9994475245475769,0.42192405462265015,0.2837090790271759,0.06371937692165375,0.9995564818382263,0.6233368515968323,0.4589740037918091,-0.03235796466469765,0.9971603155136108,0.39654868841171265,0.47224971652030945,-0.09505192935466766,0.9934128522872925,0.4699583649635315,0.4302547872066498,-0.09136857092380524,0.9897584319114685,0.5356276631355286,0.4346993565559387,-0.2717970013618469,0.9794063568115234,0.43277373909950256,0.44931063055992126,-0.13245975971221924,0.9783814549446106,0.5758430361747742,0.43707701563835144,-0.3201303780078888,0.9527891874313354,0.4309094548225403,0.42219874262809753,-0.10806312412023544,0.9782288074493408,0.5759555697441101,0.41722866892814636,-0.2954457998275757,0.948031485080719,0.4429570734500885,0.41544321179389954,-0.07810236513614655,0.9761285781860352,0.5608106851577759,0.4145343005657196,-0.2631397843360901,0.9434270858764648,0.5718256235122681,0.7131035923957825,-0.0004113831964787096,0.9983557462692261,0.45224642753601074,0.7161182761192322,0.001172240125015378,0.9980653524398804,0.5684152841567993,0.9788988828659058,-0.04214072227478027,0.9268938899040222,0.444547563791275,0.9980928301811218,0.022702926769852638,0.9069188833236694,0.5813680291175842,1.2851518392562866,0.19179701805114746,0.12976349890232086,0.43349966406822205,1.282355546951294,0.32848674058914185,0.0658317282795906,0.5793834924697876,1.322752833366394,0.20905379951000214,0.10088970512151718,0.4338153004646301,1.312972903251648,0.35525810718536377,0.048435311764478683,0.5826084613800049,1.3738529682159424,0.04601220041513443,0.04315195977687836,0.4332215189933777,1.367628574371338,0.1944713294506073,0.023548200726509094
2026-04-30T18:50:56.578413,177,0.5120754837989807,0.1216658353805542,-0.1858973205089569,0.9996987581253052,0.5232989192008972,0.10373960435390472,-0.15872640907764435,0.9992930293083191,0.5300946235656738,0.10492201894521713,-0.15889592468738556,0.9995618462562561,0.5359601974487305,0.1062965840101242,-0.15892843902111053,0.9993321895599365,0.5015115141868591,0.1031755581498146,-0.15713897347450256,0.9995182156562805,0.49470290541648865,0.10417798161506653,-0.15730726718902588,0.9996755719184875,0.4884811341762543,0.10533865541219711,-0.1575140506029129,0.9995189309120178,0.5433427691459656,0.12171179801225662,0.005302807316184044,0.9995855689048767,0.47882944345474243,0.1214999258518219,0.011542031541466713,0.9997251033782959,0.5261111259460449,0.15033911168575287,-0.12225942313671112,0.9993672370910645,0.4986453652381897,0.14874525368213654,-0.12059299647808075,0.9993996024131775,0.603799045085907,0.27502214908599854,0.033826909959316254,0.999460756778717,0.42193126678466797,0.2839268743991852,0.05891808867454529,0.999569296836853,0.6233853101730347,0.4590122103691101,-0.03857262805104256,0.997225284576416,0.39650648832321167,0.4722444415092468,-0.10794041305780411,0.9935828447341919,0.4700167775154114,0.4302317798137665,-0.09843158721923828,0.98995441198349,0.5365597009658813,0.4345446825027466,-0.29053592681884766,0.9798723459243774,0.43285948038101196,0.44918060302734375,-0.1386786550283432,0.9787619113922119,0.5770401358604431,0.43648776412010193,-0.3375179171562195,0.9537047147750854,0.43107056617736816,0.4221283793449402,-0.11193519830703735,0.9785997271537781,0.577137291431427,0.41653865575790405,-0.31110790371894836,0.9489904046058655,0.44306617975234985,0.415387898683548,-0.08407752215862274,0.9765191674232483,0.5614392757415771,0.4136865437030792,-0.28068476915359497,0.9444856643676758,0.5718198418617249,0.7139319777488708,-0.0005745879607275128,0.9983920454978943,0.4522281289100647,0.7164990305900574,0.0013461727648973465,0.9981046319007874,0.5684215426445007,0.978918194770813,-0.04331072047352791,0.9283170700073242,0.44455236196517944,0.9985083937644958,0.02745778299868107,0.9077931642532349,0.5810825228691101,1.2858664989471436,0.16468293964862823,0.13099128007888794,0.4339485764503479,1.2822132110595703,0.3756955564022064,0.06470291316509247,0.5791617631912231,1.3238064050674438,0.17848803102970123,0.10176444053649902,0.43427586555480957,1.312431812286377,0.4080143868923187,0.04809272661805153,0.5822792053222656,1.3745520114898682,0.01817791536450386,0.043390512466430664,0.4332644045352936,1.3671592473983765,0.2653314471244812,0.023213768377900124
2026-04-30T18:50:56.683942,178,0.5120006799697876,0.12176197022199631,-0.1860032081604004,0.9997012615203857,0.5232669115066528,0.10374149680137634,-0.15882718563079834,0.9993009567260742,0.530072033405304,0.10491866618394852,-0.15899668633937836,0.9995660781860352,0.5359416604042053,0.10628601908683777,-0.15902896225452423,0.9993394613265991,0.5014709234237671,0.10320141166448593,-0.15727165341377258,0.9995214343070984,0.4946751594543457,0.10420092195272446,-0.1574394404888153,0.9996775388717651,0.4884418845176697,0.10536210238933563,-0.15764543414115906,0.9995224475860596,0.5433390736579895,0.12167996913194656,0.004801963455975056,0.9995907545089722,0.47880858182907104,0.12148604542016983,0.011338917538523674,0.9997254014015198,0.5260876417160034,0.15039673447608948,-0.12234663963317871,0.9993706345558167,0.4986206889152527,0.14882297813892365,-0.12073280662298203,0.9994016885757446,0.6037365198135376,0.2748330235481262,0.031118929386138916,0.999463677406311,0.42193740606307983,0.28394225239753723,0.06037547439336777,0.9995637536048889,0.6230762600898743,0.45903730392456055,-0.03882768377661705,0.9972023963928223,0.396218478679657,0.47226211428642273,-0.10308889299631119,0.9934040307998657,0.4699609875679016,0.43004390597343445,-0.09550333768129349,0.9898935556411743,0.5362111330032349,0.43460509181022644,-0.2885483503341675,0.9794706702232361,0.43283796310424805,0.4484885036945343,-0.13431254029273987,0.9786298871040344,0.5767549872398376,0.43668872117996216,-0.3357868194580078,0.9530728459358215,0.4310692846775055,0.4212827980518341,-0.1077401414513588,0.9784757494926453,0.576289713382721,0.4166855812072754,-0.3094941973686218,0.9483361840248108,0.44305914640426636,0.41473388671875,-0.08099962770938873,0.9763929843902588,0.560336709022522,0.4136824309825897,-0.279063880443573,0.9437580704689026,0.5717760920524597,0.7137544751167297,-0.0015706293052062392,0.9983693957328796,0.4522249102592468,0.7165034413337708,0.002337351907044649,0.9980654120445251,0.5684072375297546,0.9785429835319519,-0.04136104881763458,0.9271416664123535,0.44456610083580017,0.9982200860977173,0.027505552396178246,0.9071038365364075,0.5807577967643738,1.2842766046524048,0.17597219347953796,0.13042590022087097,0.4335416257381439,1.2795759439468384,0.3463898301124573,0.06555898487567902,0.5787287950515747,1.3216389417648315,0.19139575958251953,0.10173910111188889,0.4338393211364746,1.3099983930587769,0.3742011785507202,0.048810575157403946,0.5817254781723022,1.373653769493103,0.03430604189634323,0.04334369674324989,0.43268194794654846,1.364881157875061,0.22491899132728577,0.02352840080857277
2026-04-30T18:50:56.791397,179,0.5110853314399719,0.12176331132650375,-0.18699194490909576,0.9997049570083618,0.5226391553878784,0.10371942818164825,-0.15986953675746918,0.9993063807487488,0.5295830965042114,0.10489355772733688,-0.1600380837917328,0.9995712041854858,0.5355633497238159,0.10626164078712463,-0.16006433963775635,0.9993439316749573,0.5008637309074402,0.10320239514112473,-0.15802183747291565,0.9995259642601013,0.4941541254520416,0.10420556366443634,-0.1581946611404419,0.9996821284294128,0.48793625831604004,0.10538721829652786,-0.1583995521068573,0.9995275139808655,0.5431830883026123,0.12168736010789871,0.0038012764416635036,0.9995954632759094,0.4787448048591614,0.12153161317110062,0.011171817779541016,0.999729573726654,0.5256342887878418,0.1504083126783371,-0.12337871640920639,0.9993736147880554,0.4980625510215759,0.1488627791404724,-0.12137013673782349,0.9994060397148132,0.6036781072616577,0.2748732566833496,0.031084299087524414,0.999466598033905,0.42194288969039917,0.2841113209724426,0.060293227434158325,0.9995686411857605,0.6231179237365723,0.45895281434059143,-0.03883034735918045,0.9972752928733826,0.3957754969596863,0.4724341332912445,-0.1031513437628746,0.9935908913612366,0.469977468252182,0.43003979325294495,-0.09544031322002411,0.9901382923126221,0.5362114906311035,0.4350074529647827,-0.2875671982765198,0.9800260066986084,0.43303918838500977,0.4484882652759552,-0.13427631556987762,0.9791087508201599,0.5767596960067749,0.4372037351131439,-0.33461683988571167,0.9541462659835815,0.4311583936214447,0.4212830364704132,-0.10771960020065308,0.9789550304412842,0.5762636661529541,0.4172130823135376,-0.30866166949272156,0.9494860172271729,0.44311171770095825,0.4147259593009949,-0.08091479539871216,0.9769258499145508,0.5603218078613281,0.41507893800735474,-0.2782277464866638,0.9450106024742126,0.5717211961746216,0.7137554883956909,-0.0014980518026277423,0.9983943700790405,0.45218223333358765,0.7165830731391907,0.0022650209721177816,0.9981008768081665,0.5686854124069214,0.9785458445549011,-0.04130186513066292,0.9273983240127563,0.4445730745792389,0.9987064599990845,0.027523571625351906,0.9078784584999084,0.5809683203697205,1.2853572368621826,0.17666801810264587,0.12852045893669128,0.43361663818359375,1.2819557189941406,0.34658437967300415,0.06508255004882812,0.5790923237800598,1.3230949640274048,0.19211219251155853,0.10041475296020508,0.433887779712677,1.312552809715271,0.3745023012161255,0.048423197120428085,0.5818787217140198,1.3743889331817627,0.03394327312707901,0.04255335405468941,0.4332515597343445,1.3671380281448364,0.2218702733516693,0.023242585361003876
