timestamp,frame_idx,lm0_x,lm0_y,lm0_z,lm0_v,lm1_x,lm1_y,lm1_z,lm1_v,lm2_x,lm2_y,lm2_z,lm2_v,lm3_x,lm3_y,lm3_z,lm3_v,lm4_x,lm4_y,lm4_z,lm4_v,lm5_x,lm5_y,lm5_z,lm5_v,lm6_x,lm6_y,lm6_z,lm6_v,lm7_x,lm7_y,lm7_z,lm7_v,lm8_x,lm8_y,lm8_z,lm8_v,lm9_x,lm9_y,lm9_z,lm9_v,lm10_x,lm10_y,lm10_z,lm10_v,lm11_x,lm11_y,lm11_z,lm11_v,lm12_x,lm12_y,lm12_z,lm12_v,lm13_x,lm13_y,lm13_z,lm13_v,lm14_x,lm14_y,lm14_z,lm14_v,lm15_x,lm15_y,lm15_z,lm15_v,lm16_x,lm16_y,lm16_z,lm16_v,lm17_x,lm17_y,lm17_z,lm17_v,lm18_x,lm18_y,lm18_z,lm18_v,lm19_x,lm19_y,lm19_z,lm19_v,lm20_x,lm20_y,lm20_z,lm20_v,lm21_x,lm21_y,lm21_z,lm21_v,lm22_x,lm22_y,lm22_z,lm22_v,lm23_x,lm23_y,lm23_z,lm23_v,lm24_x,lm24_y,lm24_z,lm24_v,lm25_x,lm25_y,lm25_z,lm25_v,lm26_x,lm26_y,lm26_z,lm26_v,lm27_x,lm27_y,lm27_z,lm27_v,lm28_x,lm28_y,lm28_z,lm28_v,lm29_x,lm29_y,lm29_z,lm29_v,lm30_x,lm30_y,lm30_z,lm30_v,lm31_x,lm31_y,lm31_z,lm31_v,lm32_x,lm32_y,lm32_z,lm32_v
2026-04-30T18:46:50.722459,0,0.47809118032455444,0.3383162319660187,-0.9528352618217468,0.9999666213989258,0.5013099312782288,0.26507896184921265,-0.9416970014572144,0.9999438524246216,0.5156287550926208,0.2629202604293823,-0.941371738910675,0.999927282333374,0.5297685861587524,0.2607513666152954,-0.9418069124221802,0.9999381303787231,0.45421701669692993,0.26561254262924194,-0.9454237818717957,0.9999511241912842,0.4352836012840271,0.26330989599227905,-0.9450012445449829,0.9999411106109619,0.4170369505882263,0.2608550190925598,-0.9450715780258179,0.9999538660049438,0.5425354838371277,0.2639448642730713,-0.6852247714996338,0.9999409914016724,0.38062044978141785,0.26227909326553345,-0.6930537819862366,0.999970555305481,0.4978550374507904,0.38830679655075073,-0.8422399759292603,0.9999850988388062,0.43897494673728943,0.38738685846328735,-0.8435289263725281,0.999991774559021,0.6388185024261475,0.5099144577980042,-0.4940822124481201,0.9998041987419128,0.2591860890388489,0.5220524072647095,-0.5080056190490723,0.9999028444290161,0.7023397088050842,0.9290575385093689,-0.3895830512046814,0.670905590057373,0.1593029499053955,0.9228578805923462,-0.4026525914669037,0.7523099184036255,0.7681546211242676,1.2107526063919067,-0.5259236097335815,0.16092786192893982,0.10294125229120255,1.2228244543075562,-0.6366615295410156,0.20717023313045502,0.8057972192764282,1.289752721786499,-0.5964059233665466,0.16354092955589294,0.0627194344997406,1.3103934526443481,-0.6960747241973877,0.20094187557697296,0.7757022976875305,1.2836190462112427,-0.6585721373558044,0.2485342025756836,0.09206119179725647,1.3047313690185547,-0.7934128046035767,0.28883063793182373,0.7494659423828125,1.2567752599716187,-0.5615134239196777,0.2649771571159363,0.12140200287103653,1.276032567024231,-0.685250461101532,0.3076888918876648,0.5810638666152954,1.1807429790496826,-0.032673660665750504,0.004295558203011751,0.3379698395729065,1.1915818452835083,0.035959403961896896,0.004727871157228947,0.5771560072898865,1.711081862449646,0.040149591863155365,0.001364705734886229,0.3455228805541992,1.7276501655578613,0.10032232105731964,0.000567796581890434,0.5698208212852478,2.168877124786377,0.5424647927284241,0.00010765473416540772,0.35168880224227905,2.1760404109954834,0.42991796135902405,2.198078618675936e-05,0.5752177238464355,2.2342138290405273,0.5710400938987732,9.293024777434766e-05,0.3477417826652527,2.242447853088379,0.4537966847419739,4.580844324664213e-05,0.5327866077423096,2.341918468475342,0.18738678097724915,7.572719914605841e-05,0.38350236415863037,2.3417086601257324,-0.0034534342121332884,5.098494148114696e-05
2026-04-30T18:46:50.899063,1,0.4834214150905609,0.338537335395813,-1.0090434551239014,0.9999634623527527,0.5054810047149658,0.2662610113620758,-0.9933557510375977,0.9999383687973022,0.5207545161247253,0.2632947266101837,-0.9932328462600708,0.9999213814735413,0.5355458855628967,0.2607646882534027,-0.9936343431472778,0.999931275844574,0.458055317401886,0.26737165451049805,-1.0039266347885132,0.9999474287033081,0.4397440552711487,0.2649160921573639,-1.0037778615951538,0.9999382495880127,0.42159825563430786,0.262071430683136,-1.0039563179016113,0.9999511241912842,0.5460376143455505,0.2633984684944153,-0.7057449221611023,0.9999340772628784,0.3836785554885864,0.2623358964920044,-0.7453898191452026,0.9999694228172302,0.5034533739089966,0.3878638446331024,-0.8851339221000671,0.9999827146530151,0.4501182436943054,0.3873691260814667,-0.8958927989006042,0.9999909400939941,0.6438732147216797,0.5090133547782898,-0.48604345321655273,0.9997808337211609,0.2639971077442169,0.5228286385536194,-0.5439433455467224,0.9998956322669983,0.7044867277145386,0.9253799915313721,-0.3645678162574768,0.6604591608047485,0.16562989354133606,0.9216817617416382,-0.4495473802089691,0.7496650218963623,0.7762256860733032,1.2118312120437622,-0.5336465835571289,0.15925420820713043,0.12053994089365005,1.2226780652999878,-0.700698971748352,0.20415683090686798,0.8162668943405151,1.291413426399231,-0.6049085855484009,0.1629619151353836,0.0874737799167633,1.3103724718093872,-0.7703031897544861,0.19845177233219147,0.7900546789169312,1.2860562801361084,-0.6815423369407654,0.24701856076717377,0.11502309888601303,1.3044135570526123,-0.8663581609725952,0.28551292419433594,0.7612255811691284,1.259203314781189,-0.5753843784332275,0.2623523771762848,0.1416434347629547,1.2754764556884766,-0.7481172680854797,0.3029226064682007,0.5837075114250183,1.186197280883789,-0.022053834050893784,0.004313291050493717,0.33955854177474976,1.1984351873397827,0.024815170094370842,0.004723507445305586,0.5786713361740112,1.7312806844711304,0.043736375868320465,0.0014232273679226637,0.3474313020706177,1.7460006475448608,0.06109631061553955,0.0006022333982400596,0.5721932649612427,2.2081992626190186,0.5424773097038269,0.00011802594235632569,0.35427117347717285,2.2197368144989014,0.37862810492515564,2.7242753276368603e-05,0.5766581892967224,2.2736892700195312,0.5710343718528748,9.951012179953977e-05,0.3511676490306854,2.287587881088257,0.3992932438850403,5.381511800806038e-05,0.5364117622375488,2.383995294570923,0.18339213728904724,9.09394002519548e-05,0.38486936688423157,2.3835465908050537,-0.07745338976383209,6.196396134328097e-05
2026-04-30T18:46:51.001255,2,0.4894016683101654,0.33846360445022583,-1.0037075281143188,0.9999614953994751,0.5106192231178284,0.2669035494327545,-0.9748026132583618,0.99993497133255,0.5258508324623108,0.2638545036315918,-0.974838137626648,0.9999172687530518,0.5403743386268616,0.26127925515174866,-0.9751456379890442,0.999926745891571,0.4647570252418518,0.26763734221458435,-0.9925643801689148,0.9999455213546753,0.44702261686325073,0.26500314474105835,-0.9926674962043762,0.9999368786811829,0.42883509397506714,0.2620985805988312,-0.9929531216621399,0.9999499320983887,0.5494924187660217,0.26405513286590576,-0.6683250665664673,0.9999279975891113,0.3906671106815338,0.26234641671180725,-0.7247450947761536,0.9999688267707825,0.5084010362625122,0.38718605041503906,-0.8692444562911987,0.9999806880950928,0.4587942957878113,0.3862828314304352,-0.8894381523132324,0.9999903440475464,0.6461724042892456,0.5090225338935852,-0.43903812766075134,0.9997624158859253,0.27240368723869324,0.5254937410354614,-0.5296182036399841,0.9998905062675476,0.7110753059387207,0.9218424558639526,-0.3242419362068176,0.6511926651000977,0.17459402978420258,0.9203893542289734,-0.4432041049003601,0.7482868432998657,0.7872245907783508,1.2056277990341187,-0.5251911878585815,0.1563757210969925,0.1350165158510208,1.2223390340805054,-0.6905427575111389,0.2033514827489853,0.8283648490905762,1.284374475479126,-0.6006982922554016,0.1609179526567459,0.10524486005306244,1.3097279071807861,-0.7606037855148315,0.197743758559227,0.8024224042892456,1.2798268795013428,-0.6812247633934021,0.2435460090637207,0.13390693068504333,1.3021607398986816,-0.8566834330558777,0.2843564748764038,0.7734351754188538,1.2537766695022583,-0.5694414973258972,0.2580815255641937,0.15845239162445068,1.27345871925354,-0.7380567193031311,0.3006797134876251,0.5872094035148621,1.1942323446273804,-0.019878650084137917,0.004309474024921656,0.34333285689353943,1.2076551914215088,0.022654717788100243,0.004709827713668346,0.5861523747444153,1.74452543258667,0.04286090284585953,0.001441328669898212,0.35586240887641907,1.7594094276428223,0.04857701063156128,0.000606392277404666,0.5832987427711487,2.2282626628875732,0.5370456576347351,0.00012271860032342374,0.3661006987094879,2.238571882247925,0.36419034004211426,2.91036230919417e-05,0.5868678689002991,2.2951536178588867,0.5645491480827332,0.00010309040226275101,0.36302512884140015,2.3074257373809814,0.3846394717693329,5.716367741115391e-05,0.5504481792449951,2.4022088050842285,0.168657124042511,9.780938125913963e-05,0.3978835642337799,2.4005508422851562,-0.09581466019153595,6.633938755840063e-05
2026-04-30T18:46:51.110601,3,0.5012838840484619,0.3382464349269867,-1.0127408504486084,0.9999592304229736,0.520872175693512,0.2671819031238556,-0.9888938665390015,0.9999312162399292,0.5357457399368286,0.26409798860549927,-0.9888312220573425,0.9999135136604309,0.5489091873168945,0.26149213314056396,-0.9891940355300903,0.9999222159385681,0.47562798857688904,0.26775068044662476,-1.0059483051300049,0.9999431371688843,0.4580307900905609,0.26502031087875366,-1.0058971643447876,0.9999353885650635,0.4404217600822449,0.2620992064476013,-1.0060884952545166,0.9999481439590454,0.5540075302124023,0.2641320526599884,-0.6764159798622131,0.999922513961792,0.40135708451271057,0.2623522877693176,-0.7496978044509888,0.9999681115150452,0.5175029039382935,0.38561582565307617,-0.882402777671814,0.9999789595603943,0.4698173403739929,0.3852721154689789,-0.902237594127655,0.9999898076057434,0.647213339805603,0.5082380175590515,-0.4467329978942871,0.999755859375,0.2787742614746094,0.5277212262153625,-0.5452817678451538,0.9998871684074402,0.7140683531761169,0.9093902111053467,-0.31811344623565674,0.6494816541671753,0.1846923977136612,0.9141138195991516,-0.4505636692047119,0.748175859451294,0.7916831374168396,1.1836049556732178,-0.5225099325180054,0.16095569729804993,0.1388261616230011,1.2092751264572144,-0.7050405144691467,0.20290036499500275,0.8333864212036133,1.2589918375015259,-0.5979717969894409,0.16523578763008118,0.10687793791294098,1.2941244840621948,-0.7781751751899719,0.19735155999660492,0.8092480897903442,1.2550147771835327,-0.6790693998336792,0.24772025644779205,0.13453346490859985,1.2844620943069458,-0.8777550458908081,0.2834811210632324,0.7794206142425537,1.2312414646148682,-0.5688072443008423,0.26153796911239624,0.15968887507915497,1.255894422531128,-0.7538965940475464,0.2987959384918213,0.5901196002960205,1.19251549243927,-0.011571168899536133,0.004405075218528509,0.3469705283641815,1.2070683240890503,0.014155633747577667,0.004755090456455946,0.5884079337120056,1.7417182922363281,0.055524587631225586,0.0014571602223441005,0.359003484249115,1.756893277168274,0.037817664444446564,0.0006107541848905385,0.587040901184082,2.2230043411254883,0.5388438701629639,0.0001300537696806714,0.36995354294776917,2.2324869632720947,0.34761980175971985,3.160546475555748e-05,0.5899251699447632,2.290052652359009,0.5656450986862183,0.00011053484195144847,0.36710065603256226,2.3008475303649902,0.36604994535446167,6.149070395622402e-05,0.5567308664321899,2.395172357559204,0.169973224401474,0.00010952537559205666,0.40141329169273376,2.393789052963257,-0.11963076889514923,7.279937562998384e-05
2026-04-30T18:46:51.216304,4,0.5130676627159119,0.3382534086704254,-1.0359309911727905,0.9999525547027588,0.5321351885795593,0.26875224709510803,-1.0127360820770264,0.9999206066131592,0.5456129312515259,0.2656938135623932,-1.0127735137939453,0.9999023675918579,0.5571543574333191,0.263029545545578,-1.013187289237976,0.9999098181724548,0.48809003829956055,0.2688835561275482,-1.0334235429763794,0.9999361634254456,0.47181740403175354,0.2660951614379883,-1.0334694385528564,0.9999300837516785,0.45436662435531616,0.26305046677589417,-1.0337097644805908,0.9999431371688843,0.5578480362892151,0.2650836408138275,-0.6933602094650269,0.9999095797538757,0.41389399766921997,0.2632358968257904,-0.788557231426239,0.9999654293060303,0.525453507900238,0.38520869612693787,-0.9024779200553894,0.9999745488166809,0.4813903272151947,0.3850199580192566,-0.9280663728713989,0.9999881982803345,0.6471254229545593,0.5051997900009155,-0.4511745572090149,0.9997366666793823,0.28531259298324585,0.5280014276504517,-0.5592686533927917,0.9998773336410522,0.7199596166610718,0.8834389448165894,-0.327479749917984,0.6562099456787109,0.19618722796440125,0.9001954197883606,-0.4630891680717468,0.7519738674163818,0.7902877926826477,1.1613048315048218,-0.5579443573951721,0.16607190668582916,0.13951435685157776,1.17890202999115,-0.7262259125709534,0.20675498247146606,0.8148099184036255,1.258146047592163,-0.6355015635490417,0.16956612467765808,0.10567420721054077,1.256815791130066,-0.8036057353019714,0.201059490442276,0.8076326251029968,1.2334281206130981,-0.7231267094612122,0.2515527904033661,0.131815105676651,1.2459989786148071,-0.9050129055976868,0.2879446744918823,0.777804970741272,1.2095847129821777,-0.6055223941802979,0.2640233337879181,0.15774796903133392,1.2191251516342163,-0.7757947444915771,0.30137452483177185,0.590844988822937,1.1722979545593262,-0.003762438427656889,0.004597698338329792,0.35233932733535767,1.1897493600845337,0.0059711867943406105,0.004898028913885355,0.5894823670387268,1.721721887588501,0.012038255110383034,0.001901051145978272,0.36667776107788086,1.735679268836975,-0.034258048981428146,0.0007616267539560795,0.5907152891159058,2.2207953929901123,0.41057372093200684,0.00016656279331073165,0.3819814622402191,2.229029417037964,0.19913972914218903,4.8340571083826944e-05,0.5918849110603333,2.2883083820343018,0.4290476441383362,0.0001377749867970124,0.38086310029029846,2.29953670501709,0.20659872889518738,8.418272045673802e-05,0.566213071346283,2.384528398513794,0.03788029029965401,0.00015983267803676426,0.4110386371612549,2.3792824745178223,-0.26857638359069824,0.0001023128570523113
2026-04-30T18:46:51.326215,5,0.5325490832328796,0.318444162607193,-1.191490888595581,0.9999417066574097,0.5489000678062439,0.2585727572441101,-1.15975022315979,0.9999030828475952,0.5603688955307007,0.2574833631515503,-1.1599029302597046,0.9998829364776611,0.569765031337738,0.25651997327804565,-1.1601753234863281,0.9998854398727417,0.5094572305679321,0.25635769963264465,-1.1811835765838623,0.9999251961708069,0.49426016211509705,0.2543582618236542,-1.1815667152404785,0.999921977519989,0.4787083566188812,0.25315138697624207,-1.1819050312042236,0.9999355673789978,0.5688028335571289,0.2629545331001282,-0.792303740978241,0.9998853802680969,0.4445040822029114,0.26126664876937866,-0.889586329460144,0.9999592900276184,0.5439575910568237,0.3619016408920288,-1.0372828245162964,0.9999657869338989,0.5029523968696594,0.3641553819179535,-1.0652271509170532,0.9999845027923584,0.6626691222190857,0.5060425996780396,-0.47267240285873413,0.9996520280838013,0.3149276673793793,0.5230851173400879,-0.5797203779220581,0.9998620748519897,0.7402602434158325,0.8463781476020813,-0.3115333020687103,0.6725168824195862,0.22697710990905762,0.8346195816993713,-0.4572978913784027,0.771999180316925,0.7831244468688965,1.1496450901031494,-0.5593338012695312,0.18284060060977936,0.21906828880310059,1.1141607761383057,-0.7214807271957397,0.2459835559129715,0.7973484396934509,1.247097134590149,-0.6351984739303589,0.18020828068256378,0.2009202539920807,1.1904551982879639,-0.8003376126289368,0.23172715306282043,0.7761661410331726,1.2328627109527588,-0.7246801257133484,0.2601783871650696,0.2226683795452118,1.1708496809005737,-0.8906893730163574,0.3186756372451782,0.7557777166366577,1.202466607093811,-0.6045725345611572,0.2708081305027008,0.2371383160352707,1.1427292823791504,-0.7646142244338989,0.32738757133483887,0.6058880686759949,1.154244065284729,-0.005599199328571558,0.012598475441336632,0.3848150670528412,1.1627061367034912,0.007856976240873337,0.014441891573369503,0.5972586274147034,1.6540148258209229,-0.07598189264535904,0.004655776545405388,0.3870246112346649,1.6498128175735474,-0.015591448172926903,0.002281022956594825,0.6078978776931763,2.123338460922241,0.3628537058830261,0.000433387205703184,0.40750521421432495,2.1333558559417725,0.23488609492778778,0.00039334711618721485,0.6089850664138794,2.18886661529541,0.3874225914478302,0.00034906098153442144,0.4084348678588867,2.20381760597229,0.24391953647136688,0.0005731314886361361,0.5842381715774536,2.2812564373016357,-0.0023045174311846495,0.00043156681931577623,0.43018969893455505,2.276618242263794,-0.2054746150970459,0.0005439887172542512
2026-04-30T18:46:51.430679,6,0.5374401807785034,0.30030813813209534,-1.146742582321167,0.9999237060546875,0.5546139478683472,0.24885939061641693,-1.132294774055481,0.999875545501709,0.5660690665245056,0.24997051060199738,-1.1332638263702393,0.9998470544815063,0.5756503939628601,0.25133711099624634,-1.1330441236495972,0.9998474717140198,0.5183115601539612,0.24468262493610382,-1.1622788906097412,0.999910295009613,0.5039893388748169,0.24379923939704895,-1.1653850078582764,0.9999094009399414,0.4903312623500824,0.2439156174659729,-1.1668307781219482,0.9999269843101501,0.5770772695541382,0.262668251991272,-0.7122441530227661,0.9998385906219482,0.46204298734664917,0.2592264711856842,-0.7985110878944397,0.9999516010284424,0.5496649146080017,0.3464352488517761,-1.0260823965072632,0.9999551177024841,0.509687602519989,0.34637993574142456,-1.0481970310211182,0.9999807476997375,0.6701318621635437,0.5199315547943115,-0.42387333512306213,0.9994352459907532,0.3413184881210327,0.5175415873527527,-0.5046231746673584,0.9998552799224854,0.7432221174240112,0.8509272933006287,-0.25318703055381775,0.6797725558280945,0.25285375118255615,0.814479410648346,-0.3648903965950012,0.7902137041091919,0.753162145614624,1.1434952020645142,-0.472092866897583,0.17792673408985138,0.28463152050971985,1.0818003416061401,-0.60728520154953,0.27075430750846863,0.7606381177902222,1.2369954586029053,-0.5423120260238647,0.17373956739902496,0.2804650068283081,1.1585233211517334,-0.6822192668914795,0.24705711007118225,0.7366917133331299,1.2274936437606812,-0.6246167421340942,0.24877816438674927,0.3069210946559906,1.1307873725891113,-0.7525993585586548,0.3327782452106476,0.7227181196212769,1.1940020322799683,-0.5122958421707153,0.25839963555336,0.31337442994117737,1.0904793739318848,-0.6379748582839966,0.33775824308395386,0.6092607378959656,1.1456210613250732,-0.006104237399995327,0.018270554021000862,0.3962852358818054,1.14559006690979,0.008332289755344391,0.02348153293132782,0.5965028405189514,1.6586006879806519,-0.0595623143017292,0.006007719784975052,0.38506895303726196,1.6498476266860962,-0.022738324478268623,0.0032958134543150663,0.6052307486534119,2.126396656036377,0.35613512992858887,0.0006571657140739262,0.4002639651298523,2.1316020488739014,0.21254463493824005,0.0006720124511048198,0.6076380014419556,2.1898019313812256,0.3771362900733948,0.0004933963646180928,0.39996907114982605,2.19946551322937,0.22128024697303772,0.000982864759862423,0.5796009302139282,2.2835538387298584,-0.029673701152205467,0.0005918598035350442,0.42523425817489624,2.275010824203491,-0.24623775482177734,0.0008444657432846725
2026-04-30T18:46:51.537102,7,0.54303377866745,0.28516480326652527,-1.1403645277023315,0.999896228313446,0.5605403184890747,0.2412310689687729,-1.1089669466018677,0.9998354315757751,0.5717920064926147,0.24316821992397308,-1.109197974205017,0.999805748462677,0.5821887254714966,0.24604755640029907,-1.1093393564224243,0.9998040795326233,0.5272916555404663,0.23745891451835632,-1.1246577501296997,0.9998782873153687,0.5146434903144836,0.23763824999332428,-1.1254602670669556,0.9998810291290283,0.5029740333557129,0.23865267634391785,-1.1260135173797607,0.9999004602432251,0.5880833268165588,0.26251107454299927,-0.7472994923591614,0.9997923970222473,0.4825177788734436,0.25889506936073303,-0.8143399953842163,0.999923050403595,0.5576465725898743,0.334392249584198,-1.0044574737548828,0.9999333024024963,0.5184321403503418,0.33267614245414734,-1.0227245092391968,0.9999648928642273,0.6797587871551514,0.5222346782684326,-0.44416388869285583,0.9992466568946838,0.3664887547492981,0.513683021068573,-0.5091370344161987,0.99980229139328,0.7417858839035034,0.8468076586723328,-0.2646563649177551,0.6914971470832825,0.28560200333595276,0.7825956344604492,-0.3646327555179596,0.8045546412467957,0.7192472815513611,1.1037613153457642,-0.4654674530029297,0.18980729579925537,0.30974218249320984,1.0331928730010986,-0.5820012092590332,0.2865391671657562,0.7413923740386963,1.2211134433746338,-0.5288543701171875,0.18109460175037384,0.30524295568466187,1.1067286729812622,-0.6503966450691223,0.25494763255119324,0.7153981924057007,1.205320119857788,-0.6177352070808411,0.25321412086486816,0.3291800320148468,1.086639404296875,-0.7226347327232361,0.3381762206554413,0.6949442625045776,1.1468415260314941,-0.5066577196121216,0.2605116069316864,0.3351314961910248,1.0414283275604248,-0.6146081686019897,0.3405086100101471,0.6160544753074646,1.1094448566436768,-0.007229269947856665,0.03428133949637413,0.42781582474708557,1.047471523284912,0.009520305320620537,0.043665096163749695,0.5987890362739563,1.602277398109436,-0.15399351716041565,0.008065595291554928,0.3964548110961914,1.5875619649887085,-0.06222270801663399,0.005343171767890453,0.6065837740898132,2.0685229301452637,0.19694200158119202,0.0009504276677034795,0.40863996744155884,2.0716090202331543,0.0922514945268631,0.0011625511106103659,0.608595073223114,2.130136489868164,0.2110307663679123,0.0006987114320509136,0.40919914841651917,2.1392815113067627,0.09101779758930206,0.0016018837923184037,0.5792970657348633,2.2150864601135254,-0.2085181176662445,0.000844378664623946,0.4284023344516754,2.2033321857452393,-0.3640536963939667,0.0014104341389611363
2026-04-30T18:46:51.646395,8,0.5587533712387085,0.2870444655418396,-1.1283934116363525,0.9998195767402649,0.5748369693756104,0.24265657365322113,-1.0926299095153809,0.9997095465660095,0.585146963596344,0.2438981831073761,-1.092741847038269,0.9996722340583801,0.5948752760887146,0.2461453080177307,-1.0928796529769897,0.9996688365936279,0.5442495942115784,0.23936133086681366,-1.1050662994384766,0.9997838735580444,0.5327370762825012,0.23914380371570587,-1.105499267578125,0.9997968077659607,0.5220237970352173,0.23961056768894196,-1.105910301208496,0.9998288750648499,0.6003514528274536,0.26439857482910156,-0.7420395016670227,0.9996354579925537,0.5054196119308472,0.26090389490127563,-0.8009728193283081,0.9998411536216736,0.5715070962905884,0.3349747359752655,-0.9893820881843567,0.9998672008514404,0.5364060401916504,0.3317941725254059,-1.0054481029510498,0.9999178051948547,0.6930118203163147,0.5264293551445007,-0.4468309283256531,0.9988119006156921,0.38544154167175293,0.5139279961585999,-0.490487664937973,0.9997149109840393,0.7393827438354492,0.8307844996452332,-0.2561996579170227,0.6999447345733643,0.30957916378974915,0.771861732006073,-0.30830636620521545,0.8178449869155884,0.7221486568450928,1.0766364336013794,-0.46327337622642517,0.19793596863746643,0.3269438147544861,1.011212944984436,-0.5247021317481995,0.3080945611000061,0.7328307032585144,1.1793067455291748,-0.5248822569847107,0.18604563176631927,0.317466139793396,1.0826975107192993,-0.5940324664115906,0.2686727046966553,0.7040566205978394,1.1527888774871826,-0.6132107973098755,0.25498563051223755,0.34142377972602844,1.064740538597107,-0.667730450630188,0.3500891923904419,0.6931158304214478,1.11520516872406,-0.5042906999588013,0.26008254289627075,0.34954994916915894,1.0226727724075317,-0.5585944056510925,0.34911391139030457,0.6183160543441772,1.1058542728424072,-0.007797767873853445,0.04214666038751602,0.42762884497642517,1.0799486637115479,0.009686845354735851,0.0544295608997345,0.5959908366203308,1.5731639862060547,-0.19098180532455444,0.00904881302267313,0.3935149013996124,1.5421881675720215,-0.1292327642440796,0.006982679013162851,0.6034961938858032,2.0282480716705322,0.1559499204158783,0.001092405989766121,0.4041941165924072,2.021709680557251,0.028713524341583252,0.00147567770909518,0.6043331027030945,2.0893752574920654,0.16822120547294617,0.0007965668337419629,0.4038768410682678,2.0901215076446533,0.027285436168313026,0.001988854492083192,0.5760596990585327,2.167433500289917,-0.2595007121562958,0.0009998910827562213,0.4258430004119873,2.148685932159424,-0.4339473843574524,0.001906862249597907
2026-04-30T18:46:51.763791,9,0.5720442533493042,0.28887122869491577,-1.0862928628921509,0.9997656941413879,0.5856607556343079,0.2514992654323578,-1.0410691499710083,0.9996135830879211,0.5947378873825073,0.2531697154045105,-1.041320562362671,0.9995710849761963,0.6032889485359192,0.2556456923484802,-1.0413185358047485,0.999563992023468,0.5579092502593994,0.24724584817886353,-1.0474696159362793,0.9997120499610901,0.5472615361213684,0.24681998789310455,-1.0479458570480347,0.9997317790985107,0.537270724773407,0.24734778702259064,-1.0483763217926025,0.9997707009315491,0.6074866652488708,0.2730919122695923,-0.6867429614067078,0.9995330572128296,0.5195119380950928,0.26683148741722107,-0.7202739715576172,0.9997766017913818,0.5824037790298462,0.3381052315235138,-0.9439619779586792,0.9998279213905334,0.5504634976387024,0.335601270198822,-0.9525734186172485,0.9998850226402283,0.69929438829422,0.5343626737594604,-0.40128058195114136,0.9986374974250793,0.4031541347503662,0.5140771269798279,-0.410815954208374,0.999666154384613,0.7535223960876465,0.8154995441436768,-0.21240630745887756,0.7141851782798767,0.32187420129776,0.759794294834137,-0.22564080357551575,0.8306291103363037,0.7293333411216736,1.0662921667099,-0.4381403923034668,0.213030606508255,0.3307005763053894,0.9878244400024414,-0.4581960141658783,0.33423522114753723,0.7439988255500793,1.1617138385772705,-0.502753734588623,0.19610558450222015,0.3232508897781372,1.0605483055114746,-0.5294331312179565,0.28697025775909424,0.7151750326156616,1.1408870220184326,-0.5894491672515869,0.26290881633758545,0.344843327999115,1.0459129810333252,-0.6074961423873901,0.3669644296169281,0.702597975730896,1.107002854347229,-0.4790937900543213,0.26564982533454895,0.35202574729919434,1.0049145221710205,-0.4951724112033844,0.36267560720443726,0.6218410730361938,1.1049338579177856,-0.012206911109387875,0.05321434512734413,0.43392080068588257,1.0892020463943481,0.013691958971321583,0.06856963783502579,0.5956990718841553,1.557632565498352,-0.22252745926380157,0.010076538659632206,0.4001864790916443,1.5270706415176392,-0.1356731504201889,0.0088453134521842,0.6022056937217712,2.0154027938842773,0.1128096804022789,0.0012195371091365814,0.4035293459892273,2.010207414627075,0.007671489380300045,0.0018191178096458316,0.6033656001091003,2.0771334171295166,0.12401895225048065,0.0008853227482177317,0.40320858359336853,2.0800416469573975,0.004613655619323254,0.0024389936588704586,0.5744258761405945,2.15228533744812,-0.30275607109069824,0.0011378233321011066,0.4238506257534027,2.1345067024230957,-0.45538777112960815,0.0024246475659310818
2026-04-30T18:46:51.868516,10,0.5809988975524902,0.2982988655567169,-0.6896182894706726,0.9996041059494019,0.5936474204063416,0.2678947448730469,-0.6479812860488892,0.9992736577987671,0.6019536256790161,0.269516259431839,-0.6483327746391296,0.9992035031318665,0.6096447110176086,0.2716277539730072,-0.6486062407493591,0.9991559386253357,0.5679064393043518,0.26456406712532043,-0.6517825722694397,0.9995079636573792,0.5577681064605713,0.26416292786598206,-0.6520577669143677,0.9995707273483276,0.5478375554084778,0.26478007435798645,-0.6525963544845581,0.9996493458747864,0.6121648550033569,0.2881676256656647,-0.33896344900131226,0.999000608921051,0.5309954881668091,0.28074079751968384,-0.34946268796920776,0.9996677041053772,0.5902630686759949,0.34024813771247864,-0.570236086845398,0.9996758699417114,0.5598021745681763,0.33895522356033325,-0.5731571912765503,0.9998103976249695,0.7087079286575317,0.5422772169113159,-0.11100117117166519,0.9979490637779236,0.4118413031101227,0.5148401856422424,-0.1676671802997589,0.9996457099914551,0.7665201425552368,0.8013824224472046,0.007568767759948969,0.7060233950614929,0.32440289855003357,0.7674577236175537,-0.0570039339363575,0.8442661166191101,0.7301339507102966,1.040687918663025,-0.2834722399711609,0.21027541160583496,0.3153272271156311,1.016656756401062,-0.3209860920906067,0.3738730251789093,0.7501850128173828,1.142412543296814,-0.3595845103263855,0.19380998611450195,0.30485305190086365,1.0916476249694824,-0.4033265709877014,0.3204936683177948,0.7202738523483276,1.1322654485702515,-0.4437128007411957,0.2574348747730255,0.32918781042099,1.0816009044647217,-0.47506508231163025,0.39854252338409424,0.7051633596420288,1.1020504236221313,-0.3292410969734192,0.26033833622932434,0.338696151971817,1.042910099029541,-0.35641029477119446,0.39202287793159485,0.6202730536460876,1.1113407611846924,-0.013567726127803326,0.059828050434589386,0.43047505617141724,1.0946471691131592,0.015017075464129448,0.08033759891986847,0.5865265130996704,1.5724316835403442,-0.19815990328788757,0.010348008014261723,0.39733660221099854,1.5389611721038818,-0.10743644088506699,0.009754572995007038,0.5785849094390869,2.0284526348114014,0.11049541085958481,0.0012612908612936735,0.388882577419281,2.014713764190674,0.028207842260599136,0.0019358155550435185,0.5791829824447632,2.089824676513672,0.12147907167673111,0.0009226101101376116,0.38353586196899414,2.082277297973633,0.026735082268714905,0.0026409453712403774,0.5431033372879028,2.1621286869049072,-0.2813767194747925,0.001203428371809423,0.4039030969142914,2.1425020694732666,-0.41768988966941833,0.002553482074290514
2026-04-30T18:46:51.986033,11,0.5719801187515259,0.30757930874824524,-0.6542598605155945,0.9995666742324829,0.5868787169456482,0.2780705690383911,-0.6163367629051208,0.9991902709007263,0.5962014198303223,0.27956539392471313,-0.6166023015975952,0.9991305470466614,0.6049776077270508,0.281668096780777,-0.6169195175170898,0.9990748167037964,0.5583113431930542,0.27545782923698425,-0.619438111782074,0.9994373917579651,0.5476613640785217,0.2752598822116852,-0.619515061378479,0.9995128512382507,0.537178635597229,0.2760607600212097,-0.6200194954872131,0.9995943903923035,0.61027991771698,0.2989674210548401,-0.31701356172561646,0.9989150762557983,0.520296037197113,0.2911301255226135,-0.32341742515563965,0.9996241331100464,0.584159255027771,0.3482694625854492,-0.5378562808036804,0.999645471572876,0.5496267080307007,0.3443845510482788,-0.5395666360855103,0.9997866749763489,0.7051507234573364,0.5483075380325317,-0.09373612701892853,0.9978718161582947,0.41173943877220154,0.5184001326560974,-0.15183459222316742,0.9996246099472046,0.7645062804222107,0.8050763607025146,0.014225740917026997,0.7033324837684631,0.32590875029563904,0.7685800194740295,-0.0555097870528698,0.852898895740509,0.7336078882217407,1.0525851249694824,-0.27116668224334717,0.20775742828845978,0.3047865629196167,1.0100373029708862,-0.32214242219924927,0.39389434456825256,0.7522144913673401,1.1559500694274902,-0.3478460907936096,0.19221962988376617,0.2940729558467865,1.0814296007156372,-0.40506091713905334,0.3359704613685608,0.724999725818634,1.1484676599502563,-0.4373520016670227,0.2545894384384155,0.31672030687332153,1.0726358890533447,-0.47902947664260864,0.41354724764823914,0.7076179385185242,1.1177103519439697,-0.3202112317085266,0.2576034963130951,0.3267510235309601,1.0332801342010498,-0.3605498671531677,0.4053024351596832,0.619194746017456,1.1123677492141724,-0.013674361631274223,0.06249258294701576,0.43732279539108276,1.0636776685714722,0.015190556645393372,0.08368794620037079,0.5841561555862427,1.582492470741272,-0.17483168840408325,0.010246177203953266,0.39537492394447327,1.553030014038086,-0.10447321832180023,0.009730193763971329,0.5657466650009155,2.038165330886841,0.1302156299352646,0.0012693864991888404,0.3749019503593445,2.0256309509277344,0.02202684059739113,0.0019185540731996298,0.5652853846549988,2.0988121032714844,0.13982024788856506,0.0009404373704455793,0.3688024878501892,2.093626022338867,0.019193340092897415,0.0025859409943223,0.5276614427566528,2.17193341255188,-0.2754550278186798,0.0012486890191212296,0.38565054535865784,2.152099847793579,-0.43752628564834595,0.002556754043325782
2026-04-30T18:46:52.093009,12,0.5691480040550232,0.31049075722694397,-0.5088465809822083,0.9994310736656189,0.5853594541549683,0.2819421887397766,-0.4725405275821686,0.9989156126976013,0.5951083302497864,0.28315064311027527,-0.4728620648384094,0.998842179775238,0.6044477224349976,0.2849162817001343,-0.47311726212501526,0.9987894892692566,0.5537211298942566,0.27971717715263367,-0.4703461527824402,0.9992828965187073,0.5411685705184937,0.2796066701412201,-0.4703996777534485,0.9993851184844971,0.5291496515274048,0.2804866135120392,-0.4710913300514221,0.9995114207267761,0.6070612668991089,0.30427616834640503,-0.21598848700523376,0.9983885884284973,0.5105711221694946,0.29725775122642517,-0.1944258064031601,0.9995369911193848,0.5813131928443909,0.34854012727737427,-0.4117981791496277,0.9994519352912903,0.5461642146110535,0.34467118978500366,-0.40545958280563354,0.9997052550315857,0.7017000913619995,0.5578576326370239,-0.029533684253692627,0.9965563416481018,0.4042583405971527,0.5303752422332764,-0.09663441777229309,0.9995989203453064,0.7483949661254883,0.7932090163230896,0.011812439188361168,0.6522931456565857,0.31249403953552246,0.7743226885795593,-0.03182830661535263,0.856674075126648,0.7207643985748291,0.9862850308418274,-0.2936200797557831,0.19067265093326569,0.2927522361278534,1.0263761281967163,-0.297283798456192,0.3981524407863617,0.7356280088424683,1.0421271324157715,-0.3740956485271454,0.17779365181922913,0.2796296179294586,1.1002838611602783,-0.38127219676971436,0.33909139037132263,0.7204715013504028,1.0226799249649048,-0.4460411071777344,0.23545873165130615,0.3042663037776947,1.0880740880966187,-0.4443550705909729,0.4158831238746643,0.706856369972229,1.0021306276321411,-0.33849555253982544,0.2384772002696991,0.3158351480960846,1.0514509677886963,-0.33214443922042847,0.4076347351074219,0.6171535849571228,1.1142420768737793,-0.012916577979922295,0.05783011019229889,0.4331609308719635,1.0671969652175903,0.014629167504608631,0.0784771740436554,0.582183837890625,1.5911861658096313,-0.16666194796562195,0.009643950499594212,0.3941914737224579,1.567034363746643,-0.10822129249572754,0.009279361926019192,0.5641085505485535,2.0492379665374756,0.11445701122283936,0.001193177537061274,0.3718443512916565,2.0395071506500244,-0.005410431884229183,0.0017939605750143528,0.5643327236175537,2.1105949878692627,0.12085534632205963,0.0008848698926158249,0.36480042338371277,2.106752395629883,-0.008385317400097847,0.0024189024697989225,0.5265410542488098,2.1870343685150146,-0.28569310903549194,0.0012027076445519924,0.3861287236213684,2.1698415279388428,-0.4509759545326233,0.002432570792734623
2026-04-30T18:46:52.211319,13,0.5580450296401978,0.3152986764907837,-0.5366617441177368,0.9994050860404968,0.5769906044006348,0.2908298373222351,-0.4948210120201111,0.9988789558410645,0.5864630341529846,0.2921880781650543,-0.4950768053531647,0.9987753629684448,0.595335066318512,0.2940674126148224,-0.4951040744781494,0.9987320899963379,0.5487461686134338,0.28845271468162537,-0.4972434639930725,0.9992685317993164,0.5392062664031982,0.28830134868621826,-0.49725404381752014,0.9993619918823242,0.5273812413215637,0.2890901565551758,-0.49790215492248535,0.9995059370994568,0.5992904305458069,0.3135633170604706,-0.2222491204738617,0.9982323050498962,0.5054330229759216,0.3064243495464325,-0.22620519995689392,0.9995344281196594,0.5729304552078247,0.35139939188957214,-0.43548792600631714,0.9993751049041748,0.5387995839118958,0.3466164767742157,-0.4372478425502777,0.9996820688247681,0.6794100999832153,0.5633189678192139,-0.05042482540011406,0.9953110814094543,0.39589858055114746,0.5407903790473938,-0.11258947849273682,0.9995855093002319,0.7093467116355896,0.7607274651527405,-0.08289121091365814,0.6366263628005981,0.3047715127468109,0.7916366457939148,-0.08380027860403061,0.8658267855644226,0.6220625638961792,0.7042184472084045,-0.47310566902160645,0.2072743922472,0.28950393199920654,1.027621865272522,-0.3270431458950043,0.43081554770469666,0.6111888289451599,0.6853159070014954,-0.559450626373291,0.1924702227115631,0.2709677815437317,1.1041685342788696,-0.40192070603370667,0.3683589994907379,0.611859917640686,0.6676865220069885,-0.5446340441703796,0.2467954009771347,0.2984389662742615,1.107879638671875,-0.46182069182395935,0.44276803731918335,0.60740727186203,0.676596999168396,-0.48763614892959595,0.24834613502025604,0.3101808428764343,1.063340663909912,-0.359697550535202,0.43419647216796875,0.599647581577301,1.1158502101898193,-0.00942324660718441,0.05971274897456169,0.43087393045425415,1.070369839668274,0.011351403780281544,0.0830715149641037,0.569089412689209,1.5941317081451416,-0.17894543707370758,0.009411037899553776,0.3873734176158905,1.570914626121521,-0.12851837277412415,0.009179445914924145,0.5541034936904907,2.047395944595337,0.0761922150850296,0.0011242841137573123,0.36190563440322876,2.038226842880249,-0.04512151703238487,0.0016975895268842578,0.5548958778381348,2.106914520263672,0.08001409471035004,0.0008254334679804742,0.35395917296409607,2.103097677230835,-0.04990938678383827,0.0022757146507501602,0.5174986124038696,2.1789865493774414,-0.33196166157722473,0.0012058870634064078,0.37946614623069763,2.1690049171447754,-0.4900083541870117,0.0024332143366336823
2026-04-30T18:46:52.319061,14,0.5207825899124146,0.3382907509803772,-0.36488646268844604,0.9994469881057739,0.5366180539131165,0.3133830428123474,-0.3247075378894806,0.9989514350891113,0.5447291731834412,0.31455203890800476,-0.324920117855072,0.9988561272621155,0.5526919960975647,0.3160480856895447,-0.32481226325035095,0.9988192319869995,0.5102717280387878,0.31205159425735474,-0.32014399766921997,0.9993152022361755,0.5015483498573303,0.3126506507396698,-0.320138543844223,0.9994004368782043,0.4925599694252014,0.314123272895813,-0.3207521438598633,0.9995360970497131,0.5588287115097046,0.33541956543922424,-0.09154640138149261,0.9983404874801636,0.4765639305114746,0.33275410532951355,-0.06502817571163177,0.9995594024658203,0.5334351658821106,0.37137526273727417,-0.27981171011924744,0.9993954300880432,0.49914947152137756,0.3686577379703522,-0.2733655273914337,0.9996888637542725,0.6319370865821838,0.5729503631591797,-0.014929041266441345,0.9954554438591003,0.3824068009853363,0.559355616569519,0.011017965152859688,0.9995783567428589,0.6881609559059143,0.7567495703697205,-0.26974940299987793,0.6596434116363525,0.3012017607688904,0.8149747252464294,0.015481829643249512,0.8689960241317749,0.5811511278152466,0.6167510747909546,-0.6535612940788269,0.26482442021369934,0.2704610228538513,1.0336593389511108,-0.18837091326713562,0.44593167304992676,0.5485382676124573,0.6046781539916992,-0.7495476007461548,0.24216757714748383,0.24203474819660187,1.1118075847625732,-0.2546718120574951,0.38301408290863037,0.5436292886734009,0.5818931460380554,-0.7164687514305115,0.2931870222091675,0.27079907059669495,1.1096712350845337,-0.30845963954925537,0.4562506079673767,0.5454334020614624,0.5979815721511841,-0.6573412418365479,0.29220521450042725,0.2910611927509308,1.0659832954406738,-0.2197505533695221,0.44856512546539307,0.5778053402900696,1.1177430152893066,-0.009983235970139503,0.06458448618650436,0.4112704396247864,1.0735487937927246,0.01196771115064621,0.08877787739038467,0.5559056997299194,1.5969123840332031,-0.17066438496112823,0.009903870522975922,0.37896856665611267,1.5752129554748535,-0.12073685973882675,0.010165458545088768,0.5511997938156128,2.0504062175750732,0.04140529781579971,0.0011022704420611262,0.36099788546562195,2.04145884513855,-0.08380337059497833,0.0016970051219686866,0.5533367395401001,2.109543561935425,0.043109096586704254,0.0007996694766916335,0.35404497385025024,2.1051928997039795,-0.09137256443500519,0.0022501868661493063,0.5179604887962341,2.1823301315307617,-0.3417443633079529,0.001308992737904191,0.380859911441803,2.1734235286712646,-0.49230894446372986,0.002572383964434266
2026-04-30T18:46:52.431199,15,0.48957544565200806,0.35301798582077026,-0.3718312680721283,0.9994779825210571,0.5022464394569397,0.32571789622306824,-0.326127290725708,0.9990131258964539,0.5102731585502625,0.32644641399383545,-0.32640933990478516,0.9989263415336609,0.5181956887245178,0.32769665122032166,-0.32632291316986084,0.9988970160484314,0.47729986906051636,0.32626351714134216,-0.3277556002140045,0.9993472695350647,0.4676748812198639,0.3274327516555786,-0.3277847170829773,0.9994218349456787,0.45766720175743103,0.3293091058731079,-0.3283747136592865,0.9995517730712891,0.5234729051589966,0.3458936810493469,-0.0675760954618454,0.9984273314476013,0.44501763582229614,0.3474905788898468,-0.06857530772686005,0.9995695948600769,0.5011794567108154,0.3837556838989258,-0.2767108380794525,0.9993964433670044,0.4683777391910553,0.3842850625514984,-0.27846071124076843,0.9996766448020935,0.6012969017028809,0.5769233703613281,0.0005124442395754158,0.9955633282661438,0.3589452803134918,0.5719598531723022,0.027048597112298012,0.9995240569114685,0.6474284529685974,0.735399603843689,-0.34532707929611206,0.6827971935272217,0.29175591468811035,0.815021812915802,0.06464473158121109,0.8743887543678284,0.5213258862495422,0.5686686635017395,-0.8422859311103821,0.32785508036613464,0.2532310485839844,1.0375491380691528,-0.10464100539684296,0.4684402048587799,0.48965463042259216,0.5194173455238342,-0.9564927220344543,0.302207887172699,0.23028871417045593,1.1142560243606567,-0.16121190786361694,0.4027670621871948,0.4907923638820648,0.5275657176971436,-0.9331967234611511,0.34914445877075195,0.2519074082374573,1.1098681688308716,-0.2196311503648758,0.47448933124542236,0.5016937851905823,0.520139753818512,-0.8526419401168823,0.3455824553966522,0.2689121961593628,1.0671560764312744,-0.13648128509521484,0.46724146604537964,0.550636887550354,1.1113964319229126,-0.010100997053086758,0.08096487075090408,0.3802064061164856,1.0763128995895386,0.012146023102104664,0.10856493562459946,0.5429641604423523,1.5806819200515747,-0.20651087164878845,0.01039460301399231,0.3728867173194885,1.5563844442367554,-0.14548009634017944,0.011564556509256363,0.5473635196685791,2.0243825912475586,-0.011546915397047997,0.0010854133870452642,0.36111050844192505,2.01676344871521,-0.11633364856243134,0.0017430539010092616,0.5506527423858643,2.08085036277771,-0.010529142804443836,0.0007737996056675911,0.3546961843967438,2.078791379928589,-0.1249442845582962,0.0022567727137356997,0.517072856426239,2.1468863487243652,-0.402555376291275,0.0014101386768743396,0.38206568360328674,2.1412100791931152,-0.5278822779655457,0.0027642089407891035
2026-04-30T18:46:52.535556,16,0.45982518792152405,0.3678426146507263,-0.313151478767395,0.9995237588882446,0.4742355942726135,0.33684465289115906,-0.27410727739334106,0.9990978240966797,0.48403745889663696,0.33708441257476807,-0.27422335743904114,0.9990206956863403,0.49331626296043396,0.3380330502986908,-0.2740745544433594,0.9989943504333496,0.44598388671875,0.33941709995269775,-0.27430233359336853,0.99940025806427,0.4354709982872009,0.34085434675216675,-0.27418410778045654,0.9994674921035767,0.4258791506290436,0.342812180519104,-0.27473047375679016,0.9995855093002319,0.4990532398223877,0.35669270157814026,-0.034607719630002975,0.9985620975494385,0.41438865661621094,0.36054694652557373,-0.029652442783117294,0.9996011257171631,0.4739971160888672,0.3973696827888489,-0.22491636872291565,0.9994378685951233,0.4402028024196625,0.3996286392211914,-0.2250583916902542,0.999695360660553,0.5777523517608643,0.5772287845611572,0.015115836635231972,0.9959021806716919,0.3360847532749176,0.5789543390274048,0.052839942276477814,0.9995388388633728,0.6173740029335022,0.7430709004402161,-0.3398980498313904,0.7048977613449097,0.2760303318500519,0.8210464119911194,0.10497896373271942,0.8811546564102173,0.4958610534667969,0.5716348886489868,-0.8085362315177917,0.38678812980651855,0.24196508526802063,1.0403661727905273,-0.025104248896241188,0.491335928440094,0.4632437825202942,0.5213255286216736,-0.9099327325820923,0.35763880610466003,0.21708795428276062,1.1156094074249268,-0.06698121130466461,0.42224380373954773,0.4635635316371918,0.5117539167404175,-0.8787485957145691,0.4008568823337555,0.2422710657119751,1.1113295555114746,-0.12435372918844223,0.49237117171287537,0.4723075032234192,0.5237756967544556,-0.813776969909668,0.39586445689201355,0.25436100363731384,1.080070972442627,-0.05425640195608139,0.4858197271823883,0.5378695726394653,1.1072003841400146,-0.010127552784979343,0.09643776714801788,0.37359413504600525,1.0568679571151733,0.012064054608345032,0.12611642479896545,0.5379525423049927,1.5736348628997803,-0.19274720549583435,0.010228930972516537,0.36939889192581177,1.553179144859314,-0.12862321734428406,0.012050860561430454,0.5432903170585632,2.0072760581970215,-0.0011942088603973389,0.0010454731527715921,0.3601946234703064,2.0059187412261963,-0.07907147705554962,0.0017128584440797567,0.5472836494445801,2.0610194206237793,0.0008568166522309184,0.0007510056020691991,0.35330793261528015,2.067328691482544,-0.0873577818274498,0.002219917718321085,0.5149537920951843,2.133441686630249,-0.3655335009098053,0.0014592240331694484,0.3825529217720032,2.128919839859009,-0.4808819890022278,0.0027859502006322145
2026-04-30T18:46:52.647142,17,0.436821848154068,0.38453879952430725,-0.3629032373428345,0.9995604157447815,0.4537849426269531,0.34984928369522095,-0.32860809564590454,0.9991675019264221,0.46452078223228455,0.3493141531944275,-0.3287850022315979,0.9990958571434021,0.4748472571372986,0.34966611862182617,-0.32866066694259644,0.9990729093551636,0.42488449811935425,0.3545026481151581,-0.3242206871509552,0.9994450211524963,0.4141395092010498,0.35633745789527893,-0.3241138756275177,0.999504804611206,0.40526795387268066,0.3584326207637787,-0.32460591197013855,0.9996153116226196,0.4880894124507904,0.36944931745529175,-0.0985058918595314,0.9986700415611267,0.39950674772262573,0.3743177056312561,-0.07315807044506073,0.9996292591094971,0.45302146673202515,0.4140033423900604,-0.27644485235214233,0.9994643926620483,0.41949591040611267,0.4183010458946228,-0.2701933979988098,0.9997081756591797,0.5683404803276062,0.5893275737762451,-0.006449657492339611,0.9958719611167908,0.3246614634990692,0.5888012051582336,0.017512846738100052,0.9995446801185608,0.6056206822395325,0.7325451374053955,-0.30375799536705017,0.7130253314971924,0.26334887742996216,0.8252599239349365,0.04736289754509926,0.8848903179168701,0.481762170791626,0.5633710622787476,-0.6582933664321899,0.42731064558029175,0.23228642344474792,1.042531967163086,-0.12873190641403198,0.5151816010475159,0.45104336738586426,0.5134085416793823,-0.7419288754463196,0.3944413661956787,0.20530720055103302,1.116897463798523,-0.1842024177312851,0.4464670717716217,0.4556211829185486,0.5210514664649963,-0.6673393249511719,0.43503862619400024,0.22787626087665558,1.1120662689208984,-0.23893657326698303,0.5146889090538025,0.462193101644516,0.515104353427887,-0.63618004322052,0.4284268319606781,0.24712756276130676,1.0745105743408203,-0.159063458442688,0.5076111555099487,0.5170567035675049,1.1085532903671265,-0.009722965769469738,0.1024370938539505,0.34779030084609985,1.0748637914657593,0.011661676689982414,0.13451579213142395,0.5078065991401672,1.5693879127502441,-0.20316383242607117,0.010628128424286842,0.34805676341056824,1.5482838153839111,-0.1351739913225174,0.013127828016877174,0.517108678817749,2.000887393951416,-0.02147086337208748,0.0010258113034069538,0.3435778319835663,2.0030837059020996,-0.11658672243356705,0.0017159159760922194,0.5210835337638855,2.0556089878082275,-0.021217843517661095,0.0007248999900184572,0.33892327547073364,2.065814256668091,-0.1257745325565338,0.0021611761767417192,0.48732462525367737,2.1285903453826904,-0.39193153381347656,0.0015651024878025055,0.36457306146621704,2.1284759044647217,-0.514159083366394,0.00296858511865139
2026-04-30T18:46:52.757809,18,0.43087634444236755,0.3930904269218445,-0.4532283842563629,0.9995394349098206,0.44843918085098267,0.3612408936023712,-0.4201672077178955,0.9991431832313538,0.45859283208847046,0.36129340529441833,-0.42034775018692017,0.9990618824958801,0.4688987731933594,0.3619844317436218,-0.42034417390823364,0.9990468621253967,0.4208143353462219,0.3633037507534027,-0.4183317720890045,0.9994236826896667,0.4117094576358795,0.36440354585647583,-0.41829508543014526,0.9994757175445557,0.40193063020706177,0.36574316024780273,-0.41875749826431274,0.9995957016944885,0.48201242089271545,0.3823745846748352,-0.1727958619594574,0.9986147284507751,0.3959326148033142,0.38211172819137573,-0.16464665532112122,0.9995975494384766,0.4465393126010895,0.4245999753475189,-0.36224788427352905,0.9993972182273865,0.41411057114601135,0.4263235628604889,-0.3588733971118927,0.9996671080589294,0.5572220087051392,0.5946609973907471,-0.04624750837683678,0.9955010414123535,0.31654953956604004,0.5986473560333252,-0.04525739327073097,0.9995041489601135,0.5985625386238098,0.7670726180076599,-0.05929659679532051,0.6857647895812988,0.25309625267982483,0.8439894318580627,0.011094329878687859,0.8871747851371765,0.5096807479858398,0.6639803647994995,-0.23793689906597137,0.42339178919792175,0.22405579686164856,1.0665920972824097,-0.1856689602136612,0.528122067451477,0.5017811059951782,0.5314700603485107,-0.29402416944503784,0.3944329023361206,0.20276328921318054,1.1310168504714966,-0.24922366440296173,0.46034005284309387,0.4997773766517639,0.5825144052505493,-0.3156197667121887,0.43467170000076294,0.22307924926280975,1.1288455724716187,-0.3109793961048126,0.5276613235473633,0.49824610352516174,0.5361611843109131,-0.2558923363685608,0.42636168003082275,0.24047288298606873,1.1003085374832153,-0.2209223061800003,0.5198497772216797,0.5124891400337219,1.1082050800323486,-0.008963579311966896,0.09859951585531235,0.3459585905075073,1.0882985591888428,0.010862184688448906,0.129786416888237,0.5009187459945679,1.5605409145355225,-0.20238849520683289,0.010200508870184422,0.344154953956604,1.544998049736023,-0.10956593602895737,0.012670318596065044,0.5135324597358704,1.9865996837615967,0.004052913282066584,0.000983557547442615,0.34226733446121216,1.9933784008026123,-0.07504090666770935,0.0016488090623170137,0.5174912810325623,2.040315866470337,0.008495512418448925,0.0006918740691617131,0.3377150297164917,2.0549581050872803,-0.08122039586305618,0.002034436911344528,0.4859815239906311,2.1106231212615967,-0.3554716110229492,0.0016201370162889361,0.3625170588493347,2.1124351024627686,-0.47163766622543335,0.00291868532076478
2026-04-30T18:46:52.863222,19,0.4265163540840149,0.39018526673316956,-0.5357445478439331,0.9995183348655701,0.4455838203430176,0.35844045877456665,-0.49577245116233826,0.9991039633750916,0.4559783339500427,0.3582974672317505,-0.49592775106430054,0.9990228414535522,0.46626654267311096,0.35886499285697937,-0.4956793785095215,0.9989970326423645,0.4166398048400879,0.36174488067626953,-0.49256759881973267,0.9993923306465149,0.4087270200252533,0.36349356174468994,-0.4926076829433441,0.9994431138038635,0.4004895091056824,0.3654461205005646,-0.4931442141532898,0.9995678067207336,0.48242291808128357,0.3801046311855316,-0.23091819882392883,0.9984944462776184,0.3962118625640869,0.3837932348251343,-0.20904210209846497,0.9995718598365784,0.44525009393692017,0.4213331341743469,-0.43841060996055603,0.9993064403533936,0.41059961915016174,0.4247507154941559,-0.4331589639186859,0.9996170401573181,0.5642557740211487,0.5975343585014343,-0.05220150202512741,0.9936200976371765,0.31776487827301025,0.6006491184234619,-0.088280089199543,0.9993969202041626,0.606691300868988,0.7567961812019348,-0.22943079471588135,0.6690119504928589,0.2529677748680115,0.8456162810325623,-0.06573868542909622,0.8848764896392822,0.4941886365413666,0.6124919056892395,-0.5566853284835815,0.4373708665370941,0.22384564578533173,1.0819528102874756,-0.2547491192817688,0.5339340567588806,0.48491746187210083,0.5875979661941528,-0.6270126104354858,0.4092220067977905,0.19979842007160187,1.1528879404067993,-0.3107089400291443,0.466129869222641,0.48384910821914673,0.584064245223999,-0.6114994287490845,0.44913139939308167,0.22134587168693542,1.1568684577941895,-0.3609860837459564,0.5335171222686768,0.48181191086769104,0.5921756029129028,-0.5664283037185669,0.4374845027923584,0.2372564971446991,1.129789113998413,-0.28423231840133667,0.5249810218811035,0.5118488073348999,1.1089012622833252,-0.007857779040932655,0.09309420734643936,0.3429502844810486,1.0932433605194092,0.009830149821937084,0.12305881828069687,0.49687546491622925,1.5406874418258667,-0.2144414633512497,0.009750762023031712,0.34030550718307495,1.5138486623764038,-0.1718190312385559,0.01222069002687931,0.512475311756134,1.9622745513916016,0.013184912502765656,0.0009357628878206015,0.34162166714668274,1.9611629247665405,-0.0971483439207077,0.0015727793797850609,0.5168082118034363,2.0176100730895996,0.017676785588264465,0.0006551567930728197,0.3373933434486389,2.023385524749756,-0.10201475769281387,0.0019299511332064867,0.4839462637901306,2.0821564197540283,-0.35946035385131836,0.0016357131535187364,0.36258381605148315,2.080864667892456,-0.4993756413459778,0.0029319182503968477
2026-04-30T18:46:52.971921,20,0.43650922179222107,0.39375039935112,-0.6329101324081421,0.9995006322860718,0.45424097776412964,0.36170050501823425,-0.5896276831626892,0.9990668892860413,0.4642738699913025,0.36173340678215027,-0.58985835313797,0.9990062117576599,0.47406911849975586,0.3622346818447113,-0.589966893196106,0.9989715814590454,0.42537084221839905,0.36359289288520813,-0.5976830720901489,0.999338686466217,0.41601547598838806,0.3649369478225708,-0.597732663154602,0.9994034767150879,0.40701422095298767,0.3668765127658844,-0.5981718897819519,0.9995183944702148,0.48568445444107056,0.38041484355926514,-0.2981796860694885,0.9984971880912781,0.398678719997406,0.3843821585178375,-0.325644850730896,0.9995209574699402,0.4536822736263275,0.4253077805042267,-0.5228775143623352,0.9993134140968323,0.4178619980812073,0.4278971254825592,-0.5307151675224304,0.9995977282524109,0.5722955465316772,0.607099711894989,-0.06544549763202667,0.9937491416931152,0.31722313165664673,0.6032960414886475,-0.1803475320339203,0.9993326663970947,0.6045049428939819,0.8159875869750977,0.016669362783432007,0.64364093542099,0.25440531969070435,0.8470011949539185,-0.08948279917240143,0.8831554055213928,0.5713611841201782,1.086097240447998,-0.23537218570709229,0.40667644143104553,0.22537901997566223,1.0790867805480957,-0.32124173641204834,0.5281010270118713,0.593334436416626,1.149543046951294,-0.2937145233154297,0.3831700086593628,0.20281043648719788,1.1484489440917969,-0.39454859495162964,0.4616334140300751,0.583562970161438,1.1570968627929688,-0.37502533197402954,0.42424309253692627,0.2209056317806244,1.1540446281433105,-0.4555504322052002,0.5308791995048523,0.5678972005844116,1.131940245628357,-0.2813260555267334,0.412862092256546,0.23587092757225037,1.124904751777649,-0.35541868209838867,0.5193350315093994,0.5151354670524597,1.1076247692108154,-0.007177375257015228,0.08871331065893173,0.34453514218330383,1.0932600498199463,0.009076857939362526,0.11697220802307129,0.4944826066493988,1.5388493537902832,-0.21070680022239685,0.009480824694037437,0.3313468098640442,1.5157279968261719,-0.1528283804655075,0.011589450761675835,0.5019363760948181,1.958669662475586,0.03700019419193268,0.0009292069007642567,0.32731980085372925,1.9569145441055298,-0.06389458477497101,0.0015143100172281265,0.5058430433273315,2.0144948959350586,0.04616671800613403,0.0006544801290147007,0.3241129219532013,2.021799325942993,-0.06796063482761383,0.0018445331370458007,0.47032564878463745,2.0766055583953857,-0.35884156823158264,0.0016220133984461427,0.3418586850166321,2.0654125213623047,-0.49064892530441284,0.002867384348064661
2026-04-30T18:46:53.083702,21,0.44475045800209045,0.39561375975608826,-0.5634424090385437,0.9994034171104431,0.4622527062892914,0.36528101563453674,-0.5209620594978333,0.9988999962806702,0.47233110666275024,0.3653125464916229,-0.5212615728378296,0.9988188147544861,0.48210200667381287,0.3658871352672577,-0.5213226675987244,0.9987824559211731,0.43317532539367676,0.3668883442878723,-0.5298948287963867,0.9992277026176453,0.4234820008277893,0.3679623007774353,-0.5299662351608276,0.9992979764938354,0.41420993208885193,0.36933019757270813,-0.5303505659103394,0.99944007396698,0.4928375780582428,0.38249191641807556,-0.25669699907302856,0.9981876611709595,0.4042991101741791,0.38653966784477234,-0.2924405038356781,0.9994108080863953,0.46093320846557617,0.4282917082309723,-0.46584099531173706,0.9991487860679626,0.42547208070755005,0.43126124143600464,-0.474468857049942,0.9994897246360779,0.5781947374343872,0.6055318713188171,-0.05660673975944519,0.992953896522522,0.3183189034461975,0.6057206392288208,-0.166298046708107,0.9992731809616089,0.6082135438919067,0.8150080442428589,0.042516931891441345,0.600215494632721,0.263001024723053,0.851721465587616,-0.08972663432359695,0.8880613446235657,0.5726179480552673,0.9411264657974243,-0.18115827441215515,0.3809303641319275,0.24476930499076843,1.0782873630523682,-0.331037312746048,0.5441980957984924,0.5902923941612244,0.9796721935272217,-0.24552443623542786,0.3634845018386841,0.22612324357032776,1.147531509399414,-0.4068557322025299,0.4779497981071472,0.582737147808075,0.9696772694587708,-0.3129619359970093,0.40398555994033813,0.2522420287132263,1.1524739265441895,-0.45902019739151,0.5462743639945984,0.5710827112197876,0.9553509950637817,-0.22076180577278137,0.39289695024490356,0.26282933354377747,1.1238027811050415,-0.361378014087677,0.533530592918396,0.515956699848175,1.1034114360809326,-0.0072177983820438385,0.08467274159193039,0.3579983115196228,1.093289852142334,0.009136284701526165,0.11292843520641327,0.5020233392715454,1.500414252281189,-0.21929478645324707,0.009309196844696999,0.3401828408241272,1.4820438623428345,-0.11497797816991806,0.011462233029305935,0.5073882341384888,1.9112519025802612,0.03221111744642258,0.000926972075831145,0.3387957513332367,1.9152549505233765,-0.0421261265873909,0.0015155584551393986,0.5105620622634888,1.9653065204620361,0.040017519146203995,0.0006471893866546452,0.3355945646762848,1.9767314195632935,-0.04804074391722679,0.0018331237370148301,0.4729062020778656,2.0274360179901123,-0.34973281621932983,0.0016582340467721224,0.34750354290008545,2.026954174041748,-0.41749557852745056,0.0029256914276629686
2026-04-30T18:46:53.193400,22,0.448434978723526,0.4048580825328827,-0.6722118258476257,0.9990692138671875,0.46501851081848145,0.37433892488479614,-0.6374887228012085,0.9983003735542297,0.47557276487350464,0.3741287887096405,-0.6377495527267456,0.9982278943061829,0.4855021834373474,0.3744029700756073,-0.6377596855163574,0.9981749057769775,0.43463587760925293,0.37591174244880676,-0.6364680528640747,0.9987309575080872,0.42693695425987244,0.3768390417098999,-0.6366184949874878,0.9988293647766113,0.4204246997833252,0.3781622052192688,-0.6371119022369385,0.9990476369857788,0.49583420157432556,0.3891292214393616,-0.3750187158584595,0.9973189234733582,0.4185154438018799,0.3934033215045929,-0.36333510279655457,0.9988805055618286,0.4628761410713196,0.4336632788181305,-0.5714747309684753,0.9987751841545105,0.42686861753463745,0.4355301558971405,-0.5679072141647339,0.9991652965545654,0.5806240439414978,0.6076486110687256,-0.1675284504890442,0.9920967817306519,0.34209129214286804,0.6092455983161926,-0.1898450404405594,0.999174952507019,0.614524781703949,0.8149656653404236,-0.03569025546312332,0.568717896938324,0.2926746904850006,0.8524694442749023,-0.08626484870910645,0.8867424130439758,0.5898924469947815,0.9648882150650024,-0.2981116473674774,0.3585217297077179,0.26910400390625,1.0790221691131592,-0.3166092038154602,0.542436420917511,0.6041418313980103,1.006048321723938,-0.3761589825153351,0.3464084267616272,0.2529371380805969,1.1468596458435059,-0.38753584027290344,0.4775632619857788,0.6002572774887085,0.9925705790519714,-0.42582568526268005,0.38717523217201233,0.27472537755966187,1.1505943536758423,-0.44321197271347046,0.5466964840888977,0.590623140335083,0.9751641750335693,-0.26917779445648193,0.3755355477333069,0.2828144431114197,1.1237002611160278,-0.34753698110580444,0.5330128073692322,0.524753212928772,1.0954110622406006,-0.013217255473136902,0.08047967404127121,0.37192052602767944,1.0864208936691284,0.015211847610771656,0.10930287092924118,0.5033957362174988,1.4752388000488281,-0.24655279517173767,0.009044741280376911,0.3559265732765198,1.4468040466308594,-0.14975406229496002,0.011365818791091442,0.5118865370750427,1.8805135488510132,0.01593569666147232,0.000902869738638401,0.3543297350406647,1.8765907287597656,-0.06002902239561081,0.0014988469192758203,0.5164011120796204,1.9348081350326538,0.023717541247606277,0.0006336192600429058,0.35135069489479065,1.9386979341506958,-0.06497744470834732,0.0018340882379561663,0.4788030683994293,1.9914366006851196,-0.35783571004867554,0.0016422123881056905,0.36266928911209106,1.9825210571289062,-0.44529905915260315,0.0029637182597070932
2026-04-30T18:46:53.297520,23,0.47877246141433716,0.425462931394577,-0.631439208984375,0.9989434480667114,0.4959374964237213,0.3924202620983124,-0.5968379974365234,0.9979996681213379,0.5051347017288208,0.3925209641456604,-0.5970595479011536,0.9979326128959656,0.5142677426338196,0.39310628175735474,-0.5970972776412964,0.99783855676651,0.4678415358066559,0.3922622501850128,-0.5959054231643677,0.998508870601654,0.45954036712646484,0.39212366938591003,-0.5959911942481995,0.9986339211463928,0.452413946390152,0.39230915904045105,-0.596476674079895,0.9988835453987122,0.5241104364395142,0.4036358892917633,-0.34538912773132324,0.9968688488006592,0.4481581747531891,0.4010246694087982,-0.32786956429481506,0.9986977577209473,0.49424615502357483,0.4516439139842987,-0.5309618711471558,0.998646080493927,0.46127310395240784,0.44995003938674927,-0.5313439965248108,0.9990767240524292,0.6132998466491699,0.6133824586868286,-0.14880555868148804,0.9913842678070068,0.36814945936203003,0.6068075299263,-0.17384321987628937,0.9991666078567505,0.6263817548751831,0.8313401341438293,-0.04560469463467598,0.5471681356430054,0.31536614894866943,0.8523355722427368,-0.028528612107038498,0.8883028030395508,0.6165604591369629,1.0284323692321777,-0.28826817870140076,0.3340966999530792,0.29726022481918335,1.0737121105194092,-0.22730474174022675,0.5403668284416199,0.6278131008148193,1.0809062719345093,-0.348266065120697,0.3249214291572571,0.2784575819969177,1.1463885307312012,-0.29094821214675903,0.47526347637176514,0.6236973404884338,1.0727169513702393,-0.4180242419242859,0.3648957908153534,0.2993389070034027,1.1499900817871094,-0.34711578488349915,0.5449010133743286,0.6135717034339905,1.050856590270996,-0.3192835748195648,0.3540631830692291,0.3140992224216461,1.121416449546814,-0.2579556107521057,0.530539870262146,0.5398622155189514,1.0965250730514526,-0.01812676712870598,0.07668463885784149,0.40121641755104065,1.053545355796814,0.01995338313281536,0.10604549944400787,0.5061956644058228,1.4860490560531616,-0.23404264450073242,0.008901561610400677,0.3616112768650055,1.4548648595809937,-0.13701990246772766,0.011384193785488605,0.514141321182251,1.890723466873169,0.024092460051178932,0.0009065968333743513,0.3561862111091614,1.8846862316131592,-0.046520061790943146,0.001517708064056933,0.518153965473175,1.944419264793396,0.031801942735910416,0.0006426165346056223,0.35331791639328003,1.9463943243026733,-0.0506124421954155,0.0018912190571427345,0.4828410744667053,2.007174253463745,-0.3534393608570099,0.0016192583134397864,0.36277514696121216,1.995210886001587,-0.4288162589073181,0.002965532476082444
2026-04-30T18:46:53.413988,24,0.5079154372215271,0.42948517203330994,-0.5113967061042786,0.9989655017852783,0.5249581933021545,0.3969699442386627,-0.4850846827030182,0.9980009198188782,0.5342373251914978,0.39723441004753113,-0.4852837026119232,0.9979574084281921,0.5432049632072449,0.39809513092041016,-0.48545926809310913,0.997850239276886,0.49750494956970215,0.39701518416404724,-0.4801003932952881,0.9985150098800659,0.4879814684391022,0.3970971703529358,-0.4801279604434967,0.9986574649810791,0.48008689284324646,0.3974153697490692,-0.48064088821411133,0.998894214630127,0.5524004697799683,0.4101308286190033,-0.2656390964984894,0.996903657913208,0.47532185912132263,0.4051051437854767,-0.23176388442516327,0.9987168312072754,0.5230640172958374,0.4571971297264099,-0.42367658019065857,0.9986771941184998,0.4921421408653259,0.4547484517097473,-0.4156770706176758,0.9990952610969543,0.6361032724380493,0.6267638802528381,-0.07862845808267593,0.9912452697753906,0.39030563831329346,0.6052442193031311,-0.12202105671167374,0.9991886019706726,0.6568892002105713,0.8494247198104858,0.01864333264529705,0.5273954272270203,0.33489593863487244,0.8495703935623169,-0.0025501365307718515,0.8844797611236572,0.6684077978134155,1.0942060947418213,-0.1789260357618332,0.3074243366718292,0.31182026863098145,1.0708366632461548,-0.18166008591651917,0.5249573588371277,0.6822350025177002,1.154536485671997,-0.22761492431163788,0.30028194189071655,0.29156216979026794,1.1448718309402466,-0.2427004873752594,0.46303653717041016,0.670991837978363,1.1549122333526611,-0.2959519326686859,0.3389648497104645,0.3096204698085785,1.1488564014434814,-0.29629603028297424,0.5337636470794678,0.6584205627441406,1.1304454803466797,-0.2164795696735382,0.32918667793273926,0.32444044947624207,1.1199203729629517,-0.2115151435136795,0.5182886123657227,0.5577496290206909,1.1043592691421509,-0.017487430945038795,0.07170367985963821,0.40255969762802124,1.0673739910125732,0.019223889335989952,0.1002945750951767,0.5183457136154175,1.4943346977233887,-0.20837144553661346,0.008678462356328964,0.36882996559143066,1.4681257009506226,-0.12367097288370132,0.011016069911420345,0.5152453184127808,1.909820795059204,0.02502971515059471,0.0008876550709828734,0.35833150148391724,1.9037315845489502,-0.04342292994260788,0.0014653870603069663,0.5197869539260864,1.9640958309173584,0.03342721611261368,0.0006357224192470312,0.3549692928791046,1.9653923511505127,-0.04742800444364548,0.0018327179132029414,0.4852546155452728,2.0278589725494385,-0.31802672147750854,0.001574686262756586,0.36431676149368286,2.0145134925842285,-0.42107096314430237,0.0028669964522123337
2026-04-30T18:46:53.521213,25,0.509181797504425,0.43189942836761475,-0.5007598400115967,0.9986683130264282,0.5291422605514526,0.39943593740463257,-0.47871217131614685,0.9973366856575012,0.5387809872627258,0.39974892139434814,-0.4789028763771057,0.9972851872444153,0.5481868386268616,0.40065261721611023,-0.4790121912956238,0.9971266388893127,0.5019067525863647,0.3991694748401642,-0.4702301025390625,0.9980592131614685,0.4935239851474762,0.39890897274017334,-0.4702609181404114,0.998266875743866,0.48614516854286194,0.3988345265388489,-0.470813512802124,0.9985763430595398,0.5606794953346252,0.41314882040023804,-0.26652494072914124,0.9958800673484802,0.4838607907295227,0.4060305953025818,-0.219256192445755,0.9983687400817871,0.5259434580802917,0.4610883295536041,-0.4175717234611511,0.9984068274497986,0.49480143189430237,0.4596739411354065,-0.4035464823246002,0.9988961815834045,0.6448043584823608,0.6270396113395691,-0.08298074454069138,0.9902753829956055,0.4044216573238373,0.6041538119316101,-0.10964139550924301,0.9991801977157593,0.6592334508895874,0.8394525051116943,0.005609131883829832,0.50717693567276,0.3524482846260071,0.8396130204200745,-0.0035288487561047077,0.8851426243782043,0.6462467312812805,1.0291160345077515,-0.20007124543190002,0.284769743680954,0.32981836795806885,1.055736780166626,-0.1923181116580963,0.5223519206047058,0.6536015868186951,1.0805402994155884,-0.2521132528781891,0.2795361578464508,0.3125428259372711,1.125964641571045,-0.2543811798095703,0.4593355059623718,0.645869255065918,1.0718995332717896,-0.317876935005188,0.3167675733566284,0.32938313484191895,1.1314774751663208,-0.3085107207298279,0.5299371480941772,0.6366141438484192,1.0512968301773071,-0.2366373986005783,0.30806154012680054,0.3431166112422943,1.0911715030670166,-0.22217340767383575,0.5144994854927063,0.5697951316833496,1.099461317062378,-0.01787453331053257,0.06806278228759766,0.4235914349555969,1.0440036058425903,0.01955452375113964,0.09738003462553024,0.5278365612030029,1.48699951171875,-0.195574551820755,0.008505547419190407,0.37957483530044556,1.456699013710022,-0.10283728688955307,0.010980915278196335,0.5171536803245544,1.8859630823135376,0.052552588284015656,0.0008889789460226893,0.3614584803581238,1.8740607500076294,-0.0070809898898005486,0.0014708911767229438,0.5216077566146851,1.937087893486023,0.06163344532251358,0.0006411639624275267,0.3576652705669403,1.9324017763137817,-0.008654538542032242,0.0018970946548506618,0.48622363805770874,2.0003724098205566,-0.2880503833293915,0.0015408992767333984,0.36523693799972534,1.983789086341858,-0.3823123276233673,0.002825113944709301
2026-04-30T18:46:53.628344,26,0.5101249814033508,0.43514078855514526,-0.48343294858932495,0.9983062148094177,0.5324747562408447,0.40298762917518616,-0.4644242227077484,0.9961382746696472,0.5425117015838623,0.40338581800460815,-0.4645459055900574,0.9962854981422424,0.5521612763404846,0.4042653441429138,-0.4644959568977356,0.9957261085510254,0.506462574005127,0.4020175635814667,-0.4518418312072754,0.9972752928733826,0.4991397261619568,0.40149587392807007,-0.45189112424850464,0.9977383017539978,0.49247750639915466,0.40120524168014526,-0.4525611996650696,0.9980528950691223,0.564062774181366,0.41659191250801086,-0.26752546429634094,0.9939585328102112,0.49122652411460876,0.4083986282348633,-0.20379292964935303,0.9979509115219116,0.526278555393219,0.46504494547843933,-0.4077729284763336,0.9977404475212097,0.496332585811615,0.46325451135635376,-0.38905462622642517,0.998534083366394,0.6494580507278442,0.6240679025650024,-0.11146539449691772,0.987337589263916,0.41135430335998535,0.6073793768882751,-0.08393758535385132,0.9991017580032349,0.6999330520629883,0.8126199841499329,-0.2622760236263275,0.5061548948287964,0.3626517355442047,0.8409010171890259,0.028282105922698975,0.8777937293052673,0.6379271745681763,0.716593861579895,-0.5437079668045044,0.2892754077911377,0.33939671516418457,1.0511530637741089,-0.07714023441076279,0.512882649898529,0.6438363790512085,0.689278244972229,-0.5967656373977661,0.27707839012145996,0.32588595151901245,1.123331069946289,-0.11064765602350235,0.4492054879665375,0.6359264254570007,0.6790363788604736,-0.5757859945297241,0.3124382197856903,0.3392524719238281,1.1242623329162598,-0.1609605848789215,0.5197176337242126,0.6264184713363647,0.6905148029327393,-0.547512412071228,0.30506861209869385,0.3510435223579407,1.0910906791687012,-0.10200335085391998,0.5051377415657043,0.5897617340087891,1.10537588596344,-0.027776142582297325,0.06316578388214111,0.440303236246109,1.0479212999343872,0.029483050107955933,0.09097061306238174,0.5635210871696472,1.491982340812683,-0.16025467216968536,0.008327764458954334,0.4079624116420746,1.4626388549804688,-0.06780035048723221,0.010871646925807,0.5549665093421936,1.8998007774353027,0.08929085731506348,0.0008755477610975504,0.4001010060310364,1.885764479637146,0.04180648550391197,0.0014078615931794047,0.5577735304832458,1.9525833129882812,0.0984729677438736,0.0006431161891669035,0.395272433757782,1.9428210258483887,0.04323138669133186,0.0019117690389975905,0.5264854431152344,2.0146901607513428,-0.2459792196750641,0.0015307738212868571,0.42155900597572327,1.9982974529266357,-0.32060033082962036,0.0027503068558871746
2026-04-30T18:46:53.731392,27,0.5178512334823608,0.43037277460098267,-0.5417543649673462,0.9973291158676147,0.5382200479507446,0.39820700883865356,-0.5092462301254272,0.9939785599708557,0.5477093458175659,0.39845240116119385,-0.5096067190170288,0.9940614104270935,0.556766152381897,0.39924782514572144,-0.5097054243087769,0.993402898311615,0.5125319957733154,0.39805346727371216,-0.5084606409072876,0.995914101600647,0.5047078728675842,0.39790958166122437,-0.5085828900337219,0.9966421127319336,0.4974331855773926,0.3979910910129547,-0.5093323588371277,0.9971860647201538,0.5664044618606567,0.4126338064670563,-0.27087196707725525,0.9904869198799133,0.4922974109649658,0.4077678322792053,-0.24153363704681396,0.9970293641090393,0.5335228443145752,0.4606983959674835,-0.4483484625816345,0.9969865679740906,0.5031923055648804,0.4592515230178833,-0.44212332367897034,0.9980427622795105,0.6502572894096375,0.6229450106620789,-0.09531161934137344,0.9862653613090515,0.41308969259262085,0.6141611933708191,-0.12348715215921402,0.9990608096122742,0.6866649389266968,0.8215936422348022,-0.02805512212216854,0.48137807846069336,0.3631221652030945,0.8522613048553467,-0.030509158968925476,0.882402777671814,0.6421608328819275,0.8968334794044495,-0.29788780212402344,0.26642683148384094,0.33882448077201843,1.0719350576400757,-0.2717131972312927,0.5153321623802185,0.6445514559745789,0.9401707053184509,-0.3623933494091034,0.2561815083026886,0.3236129879951477,1.1459484100341797,-0.34889844059944153,0.4487777054309845,0.6385120749473572,0.9172595739364624,-0.4251394271850586,0.2897149622440338,0.34120607376098633,1.149810791015625,-0.4085569381713867,0.5186994671821594,0.6319032311439514,0.9008389711380005,-0.33562999963760376,0.2832411527633667,0.34917572140693665,1.1055890321731567,-0.30351272225379944,0.5056530833244324,0.5955535769462585,1.0689446926116943,-0.026879549026489258,0.05859843268990517,0.45127710700035095,1.0519970655441284,0.02856082282960415,0.08579470962285995,0.5889719128608704,1.4962595701217651,-0.1609915941953659,0.007921558804810047,0.42998751997947693,1.4704784154891968,-0.07739152759313583,0.01043667457997799,0.5835461616516113,1.890606164932251,0.1292359083890915,0.0008552296785637736,0.425734281539917,1.8814603090286255,0.04923810437321663,0.0013794495025649667,0.5853296518325806,1.9415851831436157,0.13823392987251282,0.0006302504916675389,0.42126479744911194,1.9366896152496338,0.05120864510536194,0.0019538719207048416,0.5584844350814819,2.0020761489868164,-0.23527617752552032,0.0014648701762780547,0.44494038820266724,1.9897114038467407,-0.3436183035373688,0.0026757498271763325
2026-04-30T18:46:53.842919,28,0.516471266746521,0.43170320987701416,-0.4405388832092285,0.9973355531692505,0.5370410680770874,0.40101614594459534,-0.4154667854309082,0.9939557313919067,0.5465355515480042,0.4008588492870331,-0.4156753122806549,0.9940419793128967,0.5558028817176819,0.4011674225330353,-0.41583171486854553,0.993411123752594,0.5115031003952026,0.4018239676952362,-0.41309911012649536,0.9959282279014587,0.503649115562439,0.40191224217414856,-0.4130917191505432,0.9966716170310974,0.4964069426059723,0.4021417200565338,-0.4137311577796936,0.9972206354141235,0.5683788061141968,0.4144839644432068,-0.21402493119239807,0.9903708696365356,0.4947325587272644,0.41247841715812683,-0.18838416039943695,0.9970503449440002,0.5330860614776611,0.4614233672618866,-0.3625996708869934,0.9969866871833801,0.5026453137397766,0.46213141083717346,-0.3557242453098297,0.9980580806732178,0.6632511615753174,0.6241846084594727,-0.05916844680905342,0.9863114953041077,0.4150124490261078,0.621951162815094,-0.12370151281356812,0.9990956783294678,0.6821390986442566,0.8290278315544128,0.031057048588991165,0.44962644577026367,0.36567336320877075,0.8717213273048401,-0.0628146231174469,0.8767991662025452,0.6542596220970154,1.0278267860412598,-0.12582771480083466,0.24338166415691376,0.3341546058654785,1.0774198770523071,-0.2748892903327942,0.5006303787231445,0.6624416708946228,1.0843926668167114,-0.1675063818693161,0.23522835969924927,0.31313377618789673,1.1500434875488281,-0.34495916962623596,0.4374699592590332,0.6526464223861694,1.077862024307251,-0.22883279621601105,0.2671023905277252,0.33187443017959595,1.152584433555603,-0.3995944559574127,0.5081586837768555,0.6432451605796814,1.0557247400283813,-0.1598181277513504,0.2613910436630249,0.3453940749168396,1.1190398931503296,-0.3049493432044983,0.4951317012310028,0.6080328226089478,1.0940338373184204,-0.018637660890817642,0.053598180413246155,0.4570690095424652,1.059713363647461,0.020340070128440857,0.07904552668333054,0.5919835567474365,1.5015169382095337,-0.12028057873249054,0.007460687775164843,0.4324163794517517,1.4901385307312012,-0.0773974061012268,0.009752687066793442,0.5888748168945312,1.898088812828064,0.1493695080280304,0.0008114886586554348,0.42849501967430115,1.8896924257278442,0.04489970952272415,0.0012910027289763093,0.59151291847229,1.9501019716262817,0.15806134045124054,0.0005989562487229705,0.4243914484977722,1.9464865922927856,0.04647046700119972,0.0018412030767649412,0.5620911121368408,2.0112597942352295,-0.18242302536964417,0.0013850972754880786,0.4453323483467102,1.9996081590652466,-0.3249325156211853,0.0025127704720944166
2026-04-30T18:46:53.949852,29,0.5279092788696289,0.4294743537902832,-0.48119479417800903,0.9972656965255737,0.5468230843544006,0.3984769880771637,-0.4464096128940582,0.9937573671340942,0.5558319091796875,0.3983590006828308,-0.446816623210907,0.9938309192657471,0.5645430684089661,0.39872851967811584,-0.44719594717025757,0.9931553602218628,0.5212982892990112,0.399273544549942,-0.45735782384872437,0.995843768119812,0.5129609107971191,0.39941856265068054,-0.45763763785362244,0.9966416358947754,0.5048573613166809,0.3997654616832733,-0.45839443802833557,0.9972119331359863,0.5756241083145142,0.4123379588127136,-0.21601173281669617,0.9898582696914673,0.4986289441585541,0.4106760025024414,-0.23539502918720245,0.9970419406890869,0.5443755984306335,0.4593433141708374,-0.39125797152519226,0.9969339370727539,0.5123335123062134,0.4600939452648163,-0.3998423218727112,0.9980729818344116,0.6739257574081421,0.6232001185417175,-0.06762083619832993,0.9858584403991699,0.41479063034057617,0.6238892078399658,-0.15051279962062836,0.9991157054901123,0.6962214708328247,0.8380914330482483,0.013349497690796852,0.42775243520736694,0.3656124770641327,0.8831883072853088,-0.08232082426548004,0.8793685436248779,0.672667384147644,1.0696179866790771,-0.1932004988193512,0.22265887260437012,0.3319208025932312,1.109050989151001,-0.30188828706741333,0.500063419342041,0.6826335787773132,1.1307090520858765,-0.24300551414489746,0.2159556746482849,0.30997806787490845,1.1554350852966309,-0.3730049133300781,0.43403974175453186,0.6728830933570862,1.1299227476119995,-0.30897843837738037,0.24614505469799042,0.32881438732147217,1.1559886932373047,-0.4333569407463074,0.5059381723403931,0.6616717576980591,1.1054387092590332,-0.23027107119560242,0.24113234877586365,0.3436022698879242,1.1267726421356201,-0.33328956365585327,0.49203622341156006,0.6122494339942932,1.1012154817581177,-0.017729686573147774,0.051030904054641724,0.45701485872268677,1.0609360933303833,0.019321851432323456,0.07735301554203033,0.5953637361526489,1.503873586654663,-0.12189280986785889,0.00833037681877613,0.43653178215026855,1.492935061454773,-0.07767736166715622,0.010035648010671139,0.5914746522903442,1.8971723318099976,0.15379485487937927,0.0009661136427894235,0.4300290644168854,1.891912579536438,0.05954497307538986,0.0014299119357019663,0.5937839150428772,1.949905276298523,0.1628420054912567,0.000690059328917414,0.4263032376766205,1.9494564533233643,0.06121019646525383,0.0020755897276103497,0.5619021654129028,2.0104994773864746,-0.18615156412124634,0.0014907724689692259,0.44481945037841797,2.0007386207580566,-0.3158761262893677,0.002695223316550255
2026-04-30T18:46:54.061485,30,0.5326169729232788,0.42657265067100525,-0.5503665804862976,0.9969779253005981,0.5488569736480713,0.3918554186820984,-0.514182448387146,0.9929015040397644,0.5575065016746521,0.391169011592865,-0.5145628452301025,0.9931079149246216,0.5658391714096069,0.3908994793891907,-0.5148153901100159,0.9921391606330872,0.5235289335250854,0.39323845505714417,-0.5208262205123901,0.995339572429657,0.5146631002426147,0.39317214488983154,-0.5210407972335815,0.9963662028312683,0.5066723227500916,0.3933910131454468,-0.5217851400375366,0.9969587326049805,0.5753076672554016,0.40500572323799133,-0.2628087103366852,0.9882776737213135,0.49733930826187134,0.4057699143886566,-0.27695950865745544,0.9968122243881226,0.5483914017677307,0.4575260877609253,-0.4526797831058502,0.9965737462043762,0.5149730443954468,0.4570964574813843,-0.4574451446533203,0.9979400634765625,0.674735426902771,0.616967499256134,-0.07042363286018372,0.9848100543022156,0.41153615713119507,0.6225501298904419,-0.17256483435630798,0.9990991950035095,0.7036656737327576,0.835655152797699,-0.007674593478441238,0.4017392694950104,0.35843050479888916,0.8872931003570557,-0.1044575572013855,0.8765428066253662,0.6980612277984619,1.0726991891860962,-0.23640862107276917,0.20339418947696686,0.32969895005226135,1.1029270887374878,-0.34059205651283264,0.49614983797073364,0.7134101390838623,1.1365487575531006,-0.29102641344070435,0.19786790013313293,0.3080727159976959,1.1554303169250488,-0.4147748351097107,0.42850252985954285,0.7007507085800171,1.1385403871536255,-0.3424232304096222,0.22659796476364136,0.3283231556415558,1.156308889389038,-0.47702091932296753,0.5029999613761902,0.6874669194221497,1.1117548942565918,-0.2688249349594116,0.22214069962501526,0.34165117144584656,1.1279438734054565,-0.3732664883136749,0.4875451624393463,0.612242579460144,1.1105579137802124,-0.017886225134134293,0.04686787724494934,0.4537857174873352,1.0617680549621582,0.019532322883605957,0.07159420102834702,0.5960373282432556,1.508001685142517,-0.13423806428909302,0.008396198973059654,0.43251222372055054,1.50126051902771,-0.07830359041690826,0.009594561532139778,0.593471884727478,1.8995420932769775,0.14974401891231537,0.000979987671598792,0.427337110042572,1.8948280811309814,0.06398291140794754,0.0013924904633313417,0.5961822271347046,1.95322585105896,0.15942874550819397,0.0006950223469175398,0.4231279492378235,1.9525495767593384,0.06636941432952881,0.0020368597470223904,0.5638793706893921,2.0127451419830322,-0.1998918056488037,0.0015053126262500882,0.44484955072402954,2.003338575363159,-0.3222513198852539,0.002672296715900302
2026-04-30T18:46:54.168248,31,0.5370670557022095,0.40641430020332336,-0.5621526837348938,0.9972496628761292,0.5494691133499146,0.36760029196739197,-0.5225132703781128,0.9935268759727478,0.5574620962142944,0.36748838424682617,-0.5227491855621338,0.9937227368354797,0.5652627348899841,0.3676941692829132,-0.5229772329330444,0.9928317070007324,0.5233136415481567,0.3677510619163513,-0.5290511250495911,0.9957454800605774,0.5136839747428894,0.36769554018974304,-0.5291085243225098,0.9966866970062256,0.5051411986351013,0.3680596649646759,-0.5296352505683899,0.9972190260887146,0.5723848342895508,0.3838807940483093,-0.27176085114479065,0.9893119931221008,0.4937566816806793,0.3876653015613556,-0.2927020192146301,0.9970901608467102,0.5509302616119385,0.4439390301704407,-0.4689708650112152,0.9968777894973755,0.5150155425071716,0.4417208731174469,-0.47466254234313965,0.9981251358985901,0.6702485680580139,0.6150287985801697,-0.1401452124118805,0.9862009286880493,0.40626853704452515,0.6214033365249634,-0.19695985317230225,0.9991574287414551,0.7072426080703735,0.852876603603363,-0.10131305456161499,0.39557895064353943,0.3288862109184265,0.8930909633636475,-0.13135024905204773,0.8679749369621277,0.7138298749923706,1.1136902570724487,-0.3369096517562866,0.18640004098415375,0.2797205150127411,1.105215072631836,-0.3390576243400574,0.4664769172668457,0.7378638982772827,1.1861716508865356,-0.3939317464828491,0.18202026188373566,0.2497907429933548,1.169760823249817,-0.40025854110717773,0.40159597992897034,0.7137811779975891,1.1989787817001343,-0.4495398998260498,0.21068976819515228,0.27468836307525635,1.168174386024475,-0.4669303297996521,0.477282851934433,0.6987072229385376,1.1683070659637451,-0.37105828523635864,0.20619186758995056,0.2898917496204376,1.1434597969055176,-0.3736201524734497,0.46251004934310913,0.6145645976066589,1.1304233074188232,-0.026843246072530746,0.04241730645298958,0.4497728943824768,1.132243037223816,0.028790995478630066,0.06477475166320801,0.6084650754928589,1.546226978302002,-0.1037045568227768,0.007793019991368055,0.43908828496932983,1.5595152378082275,-0.02285177633166313,0.008721500635147095,0.6119195222854614,1.9341328144073486,0.2439744472503662,0.000919885525945574,0.4417436718940735,1.9429460763931274,0.17768481373786926,0.0012658295454457402,0.6161635518074036,1.9954330921173096,0.2606302499771118,0.0006482115713879466,0.4385479986667633,2.0046801567077637,0.18581503629684448,0.0018571317195892334,0.5844888091087341,2.050157308578491,-0.08630965650081635,0.0014070686884224415,0.46112871170043945,2.0509679317474365,-0.20028451085090637,0.0024344653356820345
2026-04-30T18:46:54.274015,32,0.5323682427406311,0.3826129138469696,-0.6561781167984009,0.9975160956382751,0.5461762547492981,0.3395945429801941,-0.6114182472229004,0.9941496253013611,0.5544914603233337,0.34033986926078796,-0.6115025877952576,0.9943253397941589,0.5625872611999512,0.34160706400871277,-0.611660361289978,0.9935199022293091,0.521565318107605,0.33957815170288086,-0.6182440519332886,0.9961518049240112,0.5091744661331177,0.3406848907470703,-0.6181309819221497,0.9970022439956665,0.49792176485061646,0.34232833981513977,-0.6185474991798401,0.997482180595398,0.5703256130218506,0.35859277844429016,-0.335069477558136,0.9903317093849182,0.4810330271720886,0.36431047320365906,-0.35817644000053406,0.9973666071891785,0.5469836592674255,0.4254091680049896,-0.5544450879096985,0.9971800446510315,0.5125095844268799,0.4221261739730835,-0.5607455372810364,0.9983071088790894,0.6664791107177734,0.6148394346237183,-0.19585523009300232,0.98748779296875,0.3684689998626709,0.617946445941925,-0.23578155040740967,0.999221682548523,0.7052587270736694,0.8727763295173645,-0.16631409525871277,0.38468602299690247,0.2732311189174652,0.8938291668891907,-0.1420154869556427,0.8607854247093201,0.7321390509605408,1.1295336484909058,-0.465496689081192,0.17043587565422058,0.21707947552204132,1.1040492057800293,-0.3791259825229645,0.44167986512184143,0.7608391046524048,1.201498031616211,-0.53708416223526,0.16669213771820068,0.18814489245414734,1.1677663326263428,-0.4420021176338196,0.37786591053009033,0.7331539392471313,1.2071393728256226,-0.5935075283050537,0.19470785558223724,0.2107148915529251,1.168673038482666,-0.516448974609375,0.4554067552089691,0.7170999050140381,1.1752468347549438,-0.5027059316635132,0.19056779146194458,0.22653785347938538,1.1444706916809082,-0.4182141423225403,0.44207268953323364,0.6130595803260803,1.1595436334609985,-0.03567581623792648,0.03829820826649666,0.42282208800315857,1.170690894126892,0.03819425776600838,0.058478061109781265,0.6114896535873413,1.5861237049102783,-0.052907586097717285,0.00706609757617116,0.4325491786003113,1.6080830097198486,0.059093572199344635,0.007868964225053787,0.6118358373641968,1.9769831895828247,0.41722244024276733,0.0008341461652889848,0.43254509568214417,1.9908262491226196,0.3800908327102661,0.0011410595616325736,0.6160959005355835,2.0454657077789307,0.44351857900619507,0.0005872931214980781,0.4288145899772644,2.0573456287384033,0.3998498320579529,0.0016750480281189084,0.5838931798934937,2.1009790897369385,0.06504800170660019,0.001276685856282711,0.45389240980148315,2.106566905975342,-0.025452982634305954,0.0022001047618687153
2026-04-30T18:46:54.377872,33,0.5202277898788452,0.31254804134368896,-0.6229272484779358,0.997748613357544,0.532878041267395,0.270971417427063,-0.5777977705001831,0.9946931600570679,0.542294442653656,0.2725106477737427,-0.5779270529747009,0.994853138923645,0.551068127155304,0.2749086320400238,-0.5780758857727051,0.9941276907920837,0.5003988146781921,0.2680523097515106,-0.5838828682899475,0.996496856212616,0.4869334101676941,0.26799046993255615,-0.5838323831558228,0.9972673654556274,0.4742709696292877,0.26937049627304077,-0.5843340158462524,0.9976997971534729,0.5515073537826538,0.298660010099411,-0.31743454933166504,0.9912346601486206,0.4506210684776306,0.29286816716194153,-0.3370254933834076,0.9975995421409607,0.5304807424545288,0.36298492550849915,-0.5278957486152649,0.9974467158317566,0.4900527596473694,0.3560469448566437,-0.5354732871055603,0.9984655976295471,0.6434048414230347,0.5921663641929626,-0.19947156310081482,0.9886762499809265,0.32590869069099426,0.5760994553565979,-0.24778930842876434,0.9992619752883911,0.7026422619819641,0.8975880742073059,-0.20490369200706482,0.398657888174057,0.20527783036231995,0.8748394250869751,-0.21500477194786072,0.8562555313110352,0.7331687211990356,1.128648281097412,-0.5115298628807068,0.15969251096248627,0.09691546857357025,1.054992914199829,-0.4730170667171478,0.4196467399597168,0.7634811997413635,1.2037081718444824,-0.5806217193603516,0.15595600008964539,0.05699824169278145,1.1175894737243652,-0.5346145629882812,0.3559477925300598,0.7371116876602173,1.210851788520813,-0.640469491481781,0.18483005464076996,0.059656303375959396,1.1311885118484497,-0.623916506767273,0.4336448013782501,0.7191830277442932,1.1791263818740845,-0.5499053001403809,0.18177221715450287,0.08955956995487213,1.0990079641342163,-0.5208593606948853,0.4251832365989685,0.5882657766342163,1.1200426816940308,-0.028178658336400986,0.03536272794008255,0.38364624977111816,1.1552979946136475,0.03135759383440018,0.05376036837697029,0.6037334203720093,1.579785943031311,0.029972800984978676,0.0064287735149264336,0.4109986424446106,1.597543716430664,0.06462812423706055,0.007103378418833017,0.6059153079986572,1.9733349084854126,0.5291033983230591,0.0007557131466455758,0.4205341935157776,1.981146216392517,0.41106492280960083,0.0010285440366715193,0.6119946837425232,2.042160987854004,0.5563897490501404,0.0005325170932337642,0.41394466161727905,2.0469541549682617,0.4324631690979004,0.00151030661072582,0.5762843489646912,2.099252939224243,0.18679234385490417,0.0011537272948771715,0.4498249888420105,2.1032602787017822,0.013270236551761627,0.0019841683097183704
2026-04-30T18:46:54.484155,34,0.510465145111084,0.2318282127380371,-0.9035676717758179,0.9979656338691711,0.5217944383621216,0.1832766979932785,-0.8583735227584839,0.9951996207237244,0.532366156578064,0.18517152965068817,-0.858354389667511,0.9953473806381226,0.541124165058136,0.18705704808235168,-0.8585817217826843,0.9946916103363037,0.4818478226661682,0.1811237931251526,-0.8697975277900696,0.9968135356903076,0.46617117524147034,0.182062566280365,-0.869707465171814,0.9975075721740723,0.45136985182762146,0.1835092008113861,-0.8700541257858276,0.9978912472724915,0.5384436249732971,0.20999230444431305,-0.5558358430862427,0.9920873045921326,0.42113742232322693,0.2062058299779892,-0.6034654378890991,0.997815728187561,0.5236470103263855,0.28536832332611084,-0.7899084687232971,0.9976956248283386,0.47469791769981384,0.2826779782772064,-0.8034271001815796,0.9986130595207214,0.6229695677757263,0.5241425633430481,-0.4011971056461334,0.9897931814193726,0.28150051832199097,0.48676934838294983,-0.45300745964050293,0.9992963671684265,0.6907953023910522,0.8837499022483826,-0.4115304946899414,0.43740570545196533,0.10843129456043243,0.7725906372070312,-0.4928929805755615,0.8664993047714233,0.7169946432113647,1.136957049369812,-0.7251105308532715,0.15769387781620026,-0.12818461656570435,0.9037228226661682,-0.7663266658782959,0.42386314272880554,0.7443251609802246,1.234086513519287,-0.7918188571929932,0.14895735681056976,-0.19524185359477997,0.9335163235664368,-0.8369681239128113,0.34516531229019165,0.7167671918869019,1.2452588081359863,-0.8588842153549194,0.17987070977687836,-0.1814504861831665,0.9552309513092041,-0.9376205205917358,0.4248795509338379,0.702786922454834,1.20955491065979,-0.764623761177063,0.17821548879146576,-0.15030339360237122,0.9549376964569092,-0.8216163516044617,0.42278388142585754,0.5536915063858032,1.0408354997634888,-0.025292877107858658,0.03314041346311569,0.3546418249607086,1.0662997961044312,0.02878676913678646,0.04921754449605942,0.5745178461074829,1.5759036540985107,0.18856659531593323,0.0059796711429953575,0.3631914258003235,1.5798746347427368,0.1722274124622345,0.006453788839280605,0.5811079740524292,1.9660214185714722,0.8340063095092773,0.0006874143145978451,0.3693564832210541,1.973975419998169,0.6913002729415894,0.0009281618404202163,0.5884363651275635,2.036006212234497,0.8755193948745728,0.0004847092495765537,0.36243683099746704,2.042431592941284,0.730876088142395,0.0013647372834384441,0.550815224647522,2.102109432220459,0.46144038438796997,0.0010437164455652237,0.40873852372169495,2.1118922233581543,0.23719100654125214,0.0017903492553159595
2026-04-30T18:46:54.591232,35,0.47736507654190063,0.1732843965291977,-0.913509726524353,0.9981551766395569,0.5022314190864563,0.11925599724054337,-0.8653930425643921,0.995644748210907,0.5179235935211182,0.12170296162366867,-0.8655182123184204,0.99578458070755,0.5293881893157959,0.12484017014503479,-0.8657686114311218,0.9951914548873901,0.44957366585731506,0.11760786920785904,-0.8763561248779297,0.9970890283584595,0.43258410692214966,0.11775875836610794,-0.8762690424919128,0.9977160692214966,0.4171692728996277,0.1178322285413742,-0.8766931295394897,0.9980520606040955,0.5332161784172058,0.15205839276313782,-0.5528222918510437,0.9928528666496277,0.3856992721557617,0.13823430240154266,-0.6032956838607788,0.9980060458183289,0.5022490620613098,0.23359033465385437,-0.7967842817306519,0.9979162216186523,0.44047364592552185,0.2287290245294571,-0.8114822506904602,0.9987428784370422,0.6135801076889038,0.4867333471775055,-0.39757323265075684,0.9907896518707275,0.2522529363632202,0.42551150918006897,-0.45291653275489807,0.9993081092834473,0.6896803975105286,0.8798677325248718,-0.4397197663784027,0.47449013590812683,0.05814700573682785,0.6739872097969055,-0.6268492937088013,0.8754303455352783,0.7404383420944214,1.1132266521453857,-0.7538896799087524,0.16816508769989014,-0.19402997195720673,0.7788024544715881,-1.0806925296783447,0.4419281482696533,0.7731994986534119,1.207703709602356,-0.8217785954475403,0.15232044458389282,-0.2653012275695801,0.803881824016571,-1.170257806777954,0.35275742411613464,0.733294665813446,1.2085055112838745,-0.8890697360038757,0.18868862092494965,-0.24556168913841248,0.8093814253807068,-1.256476640701294,0.4361001253128052,0.7152138948440552,1.1751000881195068,-0.7933842539787292,0.1914398968219757,-0.21237710118293762,0.8152586817741394,-1.134690523147583,0.4414713680744171,0.5238837003707886,1.020492672920227,0.006656968034803867,0.032258208841085434,0.32020679116249084,1.037243366241455,-0.002990481210872531,0.046172596514225006,0.5393499732017517,1.567112684249878,0.19626952707767487,0.0057427226565778255,0.31446775794029236,1.5760620832443237,0.09717024117708206,0.005902252625674009,0.5385173559188843,1.9615644216537476,0.7849569320678711,0.0006258079665713012,0.3137465715408325,1.9674795866012573,0.5158649682998657,0.0008378952625207603,0.5469142198562622,2.029940366744995,0.8212291598320007,0.00044525618432089686,0.30664175748825073,2.034144401550293,0.5432993769645691,0.001232691342011094,0.49836334586143494,2.098662853240967,0.4249331057071686,0.0009446432814002037,0.34691646695137024,2.105264186859131,0.07067279517650604,0.0016156269703060389
2026-04-30T18:46:54.703094,36,0.46358999609947205,0.16136965155601501,-0.7765994071960449,0.9983197450637817,0.4932299554347992,0.09980212897062302,-0.7284207940101624,0.9960469603538513,0.5100946426391602,0.10180757194757462,-0.7284591197967529,0.9961625933647156,0.5229672193527222,0.10394749790430069,-0.7287080883979797,0.995643138885498,0.4345633089542389,0.09478314220905304,-0.7372838854789734,0.9973412156105042,0.41761279106140137,0.09359825402498245,-0.7371002435684204,0.9978898763656616,0.4019707143306732,0.09290049970149994,-0.7375112771987915,0.9982070326805115,0.5308002233505249,0.12652119994163513,-0.4445865750312805,0.9935332536697388,0.37228500843048096,0.11602134257555008,-0.4741184711456299,0.9981751441955566,0.4921410083770752,0.21964240074157715,-0.6692346334457397,0.9981138706207275,0.42565783858299255,0.21362924575805664,-0.6808980703353882,0.9988605976104736,0.6140252351760864,0.4810299575328827,-0.29681020975112915,0.9916548728942871,0.2230498343706131,0.403660386800766,-0.35821533203125,0.9992833137512207,0.6915045976638794,0.8786891102790833,-0.33110448718070984,0.49544045329093933,0.002623403910547495,0.6584210991859436,-0.5827967524528503,0.880102276802063,0.7629259824752808,1.1272324323654175,-0.6036847233772278,0.161654993891716,-0.14392438530921936,0.6838865280151367,-1.1071561574935913,0.4571032226085663,0.7941388487815857,1.2213246822357178,-0.663458526134491,0.14647267758846283,-0.18605060875415802,0.6910269260406494,-1.1975123882293701,0.36244824528694153,0.7573312520980835,1.211545705795288,-0.7182532548904419,0.18410323560237885,-0.15825940668582916,0.6728185415267944,-1.2392456531524658,0.44496849179267883,0.7376887798309326,1.1829050779342651,-0.6387423276901245,0.1897255927324295,-0.13383282721042633,0.6898719668388367,-1.1423099040985107,0.4555584788322449,0.5144768357276917,1.014412760734558,0.018405605107545853,0.02960396371781826,0.29960912466049194,1.0372836589813232,-0.014484870247542858,0.04210943356156349,0.5203169584274292,1.5837428569793701,0.17175601422786713,0.0052478681318461895,0.27882781624794006,1.5824978351593018,0.07857652008533478,0.005368907004594803,0.5075895190238953,2.0106663703918457,0.7713130712509155,0.000564733927603811,0.2832877039909363,1.9897401332855225,0.48473724722862244,0.0007546849083155394,0.5130102634429932,2.082265853881836,0.8044589757919312,0.00040261869435198605,0.27547284960746765,2.0523946285247803,0.5114198327064514,0.0011102845892310143,0.4690564274787903,2.156822919845581,0.3955661654472351,0.0008513234788551927,0.32821762561798096,2.1485555171966553,0.02897489443421364,0.0014550102641806006
2026-04-30T18:46:54.825478,37,0.46386486291885376,0.13725870847702026,-0.7323097586631775,0.9984824061393738,0.4935499131679535,0.07962518185377121,-0.6855565309524536,0.996431827545166,0.5095796585083008,0.08061167597770691,-0.685569167137146,0.996533989906311,0.5223050713539124,0.08224435150623322,-0.6857626438140869,0.9960700869560242,0.4362451136112213,0.07664076238870621,-0.6933757066726685,0.9975935816764832,0.41690725088119507,0.0753520280122757,-0.6931406855583191,0.9980817437171936,0.4001641273498535,0.07478554546833038,-0.6935025453567505,0.9983699917793274,0.5312449932098389,0.10367812216281891,-0.4204775393009186,0.994171679019928,0.3685327470302582,0.09509463608264923,-0.4324178695678711,0.9983437061309814,0.4903796315193176,0.1954568326473236,-0.6275068521499634,0.9982985258102417,0.42233267426490784,0.19313345849514008,-0.6376844644546509,0.998970627784729,0.6177212595939636,0.4747677147388458,-0.2803725600242615,0.9924707412719727,0.21791887283325195,0.38551101088523865,-0.3166021406650543,0.999286949634552,0.6960693597793579,0.8866163492202759,-0.35244399309158325,0.5164602994918823,-0.01381448470056057,0.6384429335594177,-0.5884298086166382,0.8804494738578796,0.7621684670448303,1.1307389736175537,-0.6352996826171875,0.16501371562480927,-0.12369692325592041,0.5928505659103394,-1.168091058731079,0.47265082597732544,0.7925525903701782,1.226570725440979,-0.6972682476043701,0.15054211020469666,-0.16084375977516174,0.5767281651496887,-1.260176658630371,0.3756493926048279,0.7582706809043884,1.212593674659729,-0.7480618953704834,0.19320061802864075,-0.13526961207389832,0.5571324825286865,-1.284851312637329,0.45714646577835083,0.7376691699028015,1.183766484260559,-0.6702178716659546,0.20232902467250824,-0.1099872961640358,0.5818764567375183,-1.1991811990737915,0.4726535379886627,0.5148833990097046,1.0276122093200684,0.01999027654528618,0.02709796652197838,0.2884886562824249,1.0466588735580444,-0.015524600632488728,0.03831975534558296,0.5188598036766052,1.6272387504577637,0.1149372085928917,0.004775307606905699,0.27342650294303894,1.6174533367156982,0.07197356969118118,0.00486006448045373,0.5032861828804016,2.073063611984253,0.6646097898483276,0.0005091905477456748,0.27698221802711487,2.041125535964966,0.38396432995796204,0.0006793981301598251,0.5083814859390259,2.1459641456604004,0.6909058094024658,0.00036369520239531994,0.26792678236961365,2.1042377948760986,0.40303248167037964,0.0009995470754802227,0.4641268253326416,2.2222368717193604,0.2753736078739166,0.0007669741753488779,0.32113945484161377,2.2098581790924072,-0.008548804558813572,0.001309974817559123
2026-04-30T18:46:54.936055,38,0.46698713302612305,0.12985925376415253,-0.7142534255981445,0.9986296892166138,0.4958675503730774,0.06756040453910828,-0.6716047525405884,0.9967791438102722,0.5114660859107971,0.06849147379398346,-0.6718893647193909,0.9968698024749756,0.5241157412528992,0.07026471197605133,-0.6719850897789001,0.9964550137519836,0.4404408931732178,0.06311636418104172,-0.6759560108184814,0.9978228807449341,0.42038291692733765,0.061061255633831024,-0.6759213209152222,0.9982582926750183,0.4025816023349762,0.060005348175764084,-0.6764023303985596,0.9985201954841614,0.5328661203384399,0.09180888533592224,-0.4064365029335022,0.9947466850280762,0.3684816360473633,0.0768761932849884,-0.4155901074409485,0.9985001683235168,0.4913782477378845,0.1953628808259964,-0.6128632426261902,0.998465359210968,0.4259609580039978,0.18884462118148804,-0.6182354688644409,0.9990711808204651,0.6289212703704834,0.4686220586299896,-0.262152761220932,0.9932028651237488,0.21793372929096222,0.38149717450141907,-0.29981470108032227,0.9993088245391846,0.7032045722007751,0.8966110348701477,-0.3205322027206421,0.539391815662384,-0.013097597286105156,0.6419121623039246,-0.4973811209201813,0.8809760212898254,0.7735466361045837,1.149850606918335,-0.6176719069480896,0.16224752366542816,-0.13439027965068817,0.6576287150382996,-1.0113427639007568,0.4761720895767212,0.8047205805778503,1.2454826831817627,-0.6831020712852478,0.1500389724969864,-0.17090077698230743,0.6568137407302856,-1.09023916721344,0.3816329538822174,0.7698941826820374,1.2290526628494263,-0.7369158267974854,0.19594554603099823,-0.14458461105823517,0.6347364187240601,-1.1247261762619019,0.4620901048183441,0.7491155862808228,1.1983184814453125,-0.6543256044387817,0.20591036975383759,-0.1191253662109375,0.6525418162345886,-1.0432955026626587,0.4798857867717743,0.5263823866844177,1.0994333028793335,0.022115759551525116,0.024812854826450348,0.2881394624710083,1.0655978918075562,-0.017436478286981583,0.03491395339369774,0.5254844427108765,1.6729778051376343,0.09315215051174164,0.004367118235677481,0.278280645608902,1.6609092950820923,0.04613026604056358,0.004410971887409687,0.5059512853622437,2.1420204639434814,0.631062388420105,0.0004598879022523761,0.27775809168815613,2.116790533065796,0.3525918424129486,0.000611836148891598,0.5100541710853577,2.2158448696136475,0.6551570296287537,0.0003295147034805268,0.26753759384155273,2.18357515335083,0.3703969419002533,0.0009001161088235676,0.465426504611969,2.300811767578125,0.2345668077468872,0.0006919934530742466,0.3209300935268402,2.294384002685547,-0.12890267372131348,0.0011797933839261532
2026-04-30T18:46:55.045564,39,0.4707626402378082,0.11764577776193619,-0.6593137979507446,0.9987615942955017,0.4981998801231384,0.05622633546590805,-0.6159713268280029,0.9970903992652893,0.5129669904708862,0.05851306393742561,-0.6158444881439209,0.9971715807914734,0.5248752236366272,0.06113714724779129,-0.6161834001541138,0.9968005418777466,0.4460245668888092,0.04674123600125313,-0.6275042295455933,0.9980279207229614,0.42662352323532104,0.042880602180957794,-0.6270917654037476,0.9984169602394104,0.4086478650569916,0.04026321694254875,-0.6274155378341675,0.9986540675163269,0.5337823629379272,0.08213580399751663,-0.3392811417579651,0.995263397693634,0.3728032410144806,0.05556487292051315,-0.388484925031662,0.9986414909362793,0.4933132529258728,0.1827659159898758,-0.5573768615722656,0.9986151456832886,0.4298539161682129,0.1751127988100052,-0.5724008083343506,0.9991616010665894,0.6351267099380493,0.45303311944007874,-0.23799821734428406,0.9938633441925049,0.22041848301887512,0.35874924063682556,-0.2926437258720398,0.9993383884429932,0.7070126533508301,0.8915621638298035,-0.2913020849227905,0.5585188865661621,-0.0159306563436985,0.6218559145927429,-0.4605692923069,0.8794931769371033,0.7730056047439575,1.1325068473815918,-0.5727152824401855,0.15832990407943726,-0.15054206550121307,0.6529491543769836,-0.9694297909736633,0.4722951054573059,0.8034391403198242,1.2212306261062622,-0.6364984512329102,0.14821022748947144,-0.19091114401817322,0.6562424302101135,-1.044257402420044,0.3805910348892212,0.7716044187545776,1.207876205444336,-0.6915497779846191,0.19607481360435486,-0.16499152779579163,0.6340530514717102,-1.08866548538208,0.45899417996406555,0.7516887784004211,1.1789218187332153,-0.608873724937439,0.20591166615486145,-0.1383114606142044,0.6500820517539978,-1.0050584077835083,0.4793147146701813,0.5289971232414246,1.0500518083572388,0.02978326939046383,0.02279793657362461,0.28486430644989014,1.0725091695785522,-0.02513006702065468,0.031893473118543625,0.525373637676239,1.6809484958648682,0.08833993226289749,0.00401121424511075,0.26906946301460266,1.6710537672042847,0.017667774111032486,0.00401826249435544,0.501935601234436,2.1690516471862793,0.6051734089851379,0.0004166367289144546,0.2656654715538025,2.1506528854370117,0.31221750378608704,0.0005513846990652382,0.5050492286682129,2.2439301013946533,0.6264809370040894,0.000299696228466928,0.25253695249557495,2.220539093017578,0.3236740231513977,0.0008109971531666815,0.4643259048461914,2.3303780555725098,0.2072545289993286,0.0006256537744775414,0.3157883882522583,2.326341390609741,-0.20613396167755127,0.0010630777105689049
2026-04-30T18:46:55.154396,40,0.4710020422935486,0.05479085072875023,-0.7663390040397644,0.998875617980957,0.4992150664329529,0.0010590958409011364,-0.7138641476631165,0.9973660111427307,0.5138336420059204,0.005699977278709412,-0.7137094736099243,0.9974355697631836,0.5258612036705017,0.010023838840425014,-0.7142546772956848,0.9971080422401428,0.4487152695655823,-0.010931594297289848,-0.7307718396186829,0.9982033967971802,0.4299503266811371,-0.01328094583004713,-0.7302517890930176,0.9985445737838745,0.41240429878234863,-0.014279957860708237,-0.7305015325546265,0.9987605214118958,0.5344590544700623,0.038376107811927795,-0.3743182420730591,0.995726466178894,0.37386369705200195,0.013831458054482937,-0.4531112313270569,0.9987594485282898,0.4932052493095398,0.121590256690979,-0.6415874361991882,0.9987503886222839,0.4311709403991699,0.11068540066480637,-0.6644175052642822,0.9992412328720093,0.6363716125488281,0.4075559079647064,-0.2612631916999817,0.9944718480110168,0.21551096439361572,0.3111255466938019,-0.3569202423095703,0.9993685483932495,0.7101693749427795,0.816659152507782,-0.2750556468963623,0.5918132066726685,-0.013728643767535686,0.5451541543006897,-0.6557790637016296,0.8789246082305908,0.7670386433601379,1.1271458864212036,-0.5472834706306458,0.17258544266223907,-0.2160911113023758,0.5985966324806213,-1.283584713935852,0.46971699595451355,0.7956817150115967,1.2349445819854736,-0.6079270243644714,0.15803495049476624,-0.27943140268325806,0.6117213368415833,-1.3912160396575928,0.3766656517982483,0.761105477809906,1.2209233045578003,-0.6808063387870789,0.21106912195682526,-0.2550114393234253,0.6002421975135803,-1.4752665758132935,0.4543991982936859,0.7416293621063232,1.187426209449768,-0.5891028046607971,0.22185637056827545,-0.22369273006916046,0.6174179911613464,-1.3420345783233643,0.4810410141944885,0.516621470451355,1.0411887168884277,0.02519512176513672,0.02143910340964794,0.2848382592201233,1.068875789642334,-0.02091820351779461,0.02929319068789482,0.5133569836616516,1.6691371202468872,0.1431770920753479,0.0036626094952225685,0.2547297179698944,1.6621037721633911,0.0432618111371994,0.003644720884039998,0.4868198335170746,2.181220293045044,0.7906108498573303,0.0003765332221519202,0.24511423707008362,2.161302328109741,0.46562129259109497,0.0004967247368767858,0.4890075623989105,2.258765935897827,0.8240687251091003,0.0002711527340579778,0.23219633102416992,2.2302472591400146,0.4921741485595703,0.0007306711049750447,0.4507197439670563,2.3454082012176514,0.35292768478393555,0.0005639833980239928,0.2886703610420227,2.3435888290405273,-0.10166005045175552,0.0009573290008120239
2026-04-30T18:46:55.266292,41,0.4699069857597351,0.04860713705420494,-0.9088505506515503,0.9989717602729797,0.49821585416793823,-0.0149860680103302,-0.8638077974319458,0.9976038932800293,0.5130546689033508,-0.007540429010987282,-0.8636065721511841,0.9976634979248047,0.525879442691803,-0.00013822659093420953,-0.8641753196716309,0.9973763823509216,0.4499312937259674,-0.02796228416264057,-0.877226710319519,0.9983489513397217,0.43222576379776,-0.027872562408447266,-0.876703143119812,0.9986452460289001,0.41548967361450195,-0.025939974933862686,-0.8769270777702332,0.9988391399383545,0.5348993539810181,0.04189268872141838,-0.5119360685348511,0.9961363077163696,0.37856361269950867,0.019723286852240562,-0.5791907906532288,0.9988552927970886,0.48942360281944275,0.14612142741680145,-0.7760536074638367,0.998869776725769,0.4300326406955719,0.14172734320163727,-0.7951223850250244,0.9993102550506592,0.6438030004501343,0.37458059191703796,-0.36774298548698425,0.9950190782546997,0.21807579696178436,0.2736334800720215,-0.4473167061805725,0.9994067549705505,0.7142249345779419,0.7928229570388794,-0.33294540643692017,0.6196774840354919,-0.021913636475801468,0.4930974543094635,-0.7640495300292969,0.8769900798797607,0.783514142036438,1.1272032260894775,-0.5820550918579102,0.1915983408689499,-0.20460906624794006,0.5348652601242065,-1.4040462970733643,0.4726093113422394,0.8191494941711426,1.2370522022247314,-0.6481679081916809,0.1729499250650406,-0.26544469594955444,0.5375385284423828,-1.5164523124694824,0.37681901454925537,0.7855658531188965,1.2255165576934814,-0.7261396050453186,0.23159734904766083,-0.24081125855445862,0.530023992061615,-1.5934475660324097,0.45388370752334595,0.7606528401374817,1.1909897327423096,-0.6267853379249573,0.24345479905605316,-0.20987451076507568,0.5509507060050964,-1.4607664346694946,0.48556628823280334,0.5174240469932556,1.023725986480713,0.022999800741672516,0.020550895482301712,0.28647753596305847,1.045841932296753,-0.01893039420247078,0.027348443865776062,0.5104845762252808,1.6588134765625,0.20009179413318634,0.0033448399044573307,0.25309959053993225,1.650686264038086,0.08014879375696182,0.003305106656625867,0.4813736081123352,2.181826114654541,0.9033809900283813,0.00034073280403390527,0.23924532532691956,2.162801504135132,0.5688893795013428,0.00044749706285074353,0.48251891136169434,2.2579309940338135,0.9446173906326294,0.00024590871180407703,0.22702184319496155,2.231860876083374,0.6028891801834106,0.0006583231152035296,0.4434475004673004,2.3498117923736572,0.46612977981567383,0.0005087453755550086,0.27319076657295227,2.3436479568481445,0.0037332773208618164,0.0008622094173915684
2026-04-30T18:46:55.378021,42,0.4654103219509125,0.04202426224946976,-1.2995505332946777,0.9990597367286682,0.4932222366333008,-0.05440688878297806,-1.2606701850891113,0.9978240132331848,0.5085311532020569,-0.04696347564458847,-1.2604467868804932,0.9978752136230469,0.5222960114479065,-0.03942934796214104,-1.2610609531402588,0.9976204037666321,0.4456246495246887,-0.06289113312959671,-1.272760033607483,0.9984889030456543,0.42873525619506836,-0.060415931046009064,-1.272287368774414,0.9987486004829407,0.4126809537410736,-0.05789830908179283,-1.2724359035491943,0.9989190697669983,0.534297525882721,-0.01214588712900877,-0.8281819224357605,0.9965097308158875,0.3784793019294739,-0.03705952689051628,-0.8870843052864075,0.9989464282989502,0.4847298562526703,0.12337815761566162,-1.1270710229873657,0.998978853225708,0.428069531917572,0.12144630402326584,-1.1442265510559082,0.9993737936019897,0.6474640369415283,0.2874252498149872,-0.5941541194915771,0.9955136775970459,0.21552297472953796,0.19104300439357758,-0.6349807381629944,0.9994506239891052,0.7174474000930786,0.7532825469970703,-0.5000622272491455,0.6495465040206909,-0.02452700585126877,0.43921634554862976,-1.0526936054229736,0.8830655813217163,0.7969372272491455,1.1251105070114136,-0.7240879535675049,0.21376577019691467,-0.17495189607143402,0.45364323258399963,-1.8784745931625366,0.48270124197006226,0.8346120715141296,1.2276462316513062,-0.7963885068893433,0.18509884178638458,-0.22289510071277618,0.4438157379627228,-2.0219664573669434,0.3775748908519745,0.8036185503005981,1.2201290130615234,-0.8860725164413452,0.24817918241024017,-0.19399726390838623,0.4410763382911682,-2.085190773010254,0.45396149158477783,0.7765125036239624,1.1844730377197266,-0.7705450057983398,0.2615925073623657,-0.16660846769809723,0.4637075364589691,-1.9312254190444946,0.4887315630912781,0.5174271464347839,0.9959240555763245,0.003037769580259919,0.02288495935499668,0.28803306818008423,1.0183030366897583,0.0006033263634890318,0.028455737978219986,0.5121687650680542,1.6493432521820068,0.32280150055885315,0.003185630775988102,0.2479850798845291,1.6440503597259521,0.2733975946903229,0.0030372808687388897,0.4793933033943176,2.1869428157806396,1.1952612400054932,0.00031273564673028886,0.2262599915266037,2.1765170097351074,0.9307675361633301,0.00040403290768153965,0.4810490608215332,2.2661595344543457,1.2543127536773682,0.00022627496218774468,0.2166680544614792,2.2503225803375244,0.9830454587936401,0.0005951577913947403,0.4320141673088074,2.373000144958496,0.7223325371742249,0.00046032891259528697,0.24632573127746582,2.368333339691162,0.3363817632198334,0.0007775027770549059
2026-04-30T18:46:55.480951,43,0.45570459961891174,0.048564083874225616,-1.6290515661239624,0.9991295337677002,0.49439817667007446,-0.047754235565662384,-1.6049162149429321,0.9980052709579468,0.5088329911231995,-0.04688776656985283,-1.6047372817993164,0.9980513453483582,0.5265097618103027,-0.04569001868367195,-1.6055694818496704,0.9978273510932922,0.44449591636657715,-0.05174950510263443,-1.6032180786132812,0.9985842704772949,0.4146159291267395,-0.052114784717559814,-1.602757215499878,0.9988005757331848,0.39737728238105774,-0.05157993733882904,-1.6029834747314453,0.998927891254425,0.5337149500846863,-0.013338674791157246,-1.1391528844833374,0.9968408942222595,0.3705384135246277,-0.051674846559762955,-1.1294814348220825,0.9989746809005737,0.47766977548599243,0.1208159551024437,-1.4355570077896118,0.9990767240524292,0.4193314015865326,0.11814972013235092,-1.4332681894302368,0.9994266033172607,0.6563278436660767,0.24287457764148712,-0.8565205335617065,0.9959600567817688,0.2132072001695633,0.13621504604816437,-0.7561569213867188,0.999484658241272,0.7256606221199036,0.7286109328269958,-0.7319824695587158,0.679480254650116,-0.016940834000706673,0.37966543436050415,-1.1944260597229004,0.8863712549209595,0.8179395794868469,1.1485799551010132,-0.9500241279602051,0.24687859416007996,-0.1788095235824585,0.4494036138057709,-2.144665241241455,0.47538578510284424,0.8587548136711121,1.281370759010315,-1.0359618663787842,0.19983965158462524,-0.23143374919891357,0.45663657784461975,-2.2940926551818848,0.36061373353004456,0.8221262693405151,1.2858901023864746,-1.127422571182251,0.26746708154678345,-0.2044985294342041,0.45655128359794617,-2.386503219604492,0.4343265891075134,0.7922061681747437,1.237484335899353,-0.9933925867080688,0.2819766700267792,-0.17616522312164307,0.4735373854637146,-2.210521697998047,0.47188377380371094,0.5166990160942078,0.9672857522964478,-0.05656597018241882,0.028013166040182114,0.2878766655921936,0.9851699471473694,0.059756089001894,0.03134002909064293,0.5157681703567505,1.6446685791015625,0.31582385301589966,0.003280549542978406,0.24982932209968567,1.6409727334976196,0.5474637746810913,0.002840799279510975,0.48568883538246155,2.2010512351989746,1.2532413005828857,0.0003178126644343138,0.2178003042936325,2.1969332695007324,1.4223681688308716,0.00036860560066998005,0.48851656913757324,2.2853965759277344,1.3158661127090454,0.0002336549514438957,0.2066027671098709,2.281625509262085,1.4978199005126953,0.000551438657566905,0.43015170097351074,2.409231662750244,0.7083184123039246,0.00042128333006985486,0.2315141260623932,2.398825168609619,0.8000146150588989,0.0007059613708406687
2026-04-30T18:46:55.586324,44,0.4330061078071594,0.0801260694861412,-1.660968542098999,0.9991928935050964,0.48941054940223694,-0.0321904793381691,-1.6660535335540771,0.9981735348701477,0.5069063901901245,-0.03389358147978783,-1.6658504009246826,0.9982095956802368,0.525915265083313,-0.03520917519927025,-1.6667858362197876,0.9980165958404541,0.43527165055274963,-0.03277771919965744,-1.6418498754501343,0.9986860156059265,0.3971339762210846,-0.0186395812779665,-1.6411826610565186,0.9988560080528259,0.38133859634399414,-0.020845357328653336,-1.6413447856903076,0.9989546537399292,0.5336933732032776,-0.010838881134986877,-1.232059121131897,0.997144877910614,0.36811167001724243,-0.044082898646593094,-1.1110601425170898,0.9990105032920837,0.4623246192932129,0.12441928684711456,-1.4678477048873901,0.9991664886474609,0.4087773263454437,0.11717266589403152,-1.4347895383834839,0.9994763731956482,0.6596606969833374,0.1907590925693512,-0.9515573382377625,0.9963620901107788,0.2175123244524002,0.08782897144556046,-0.6651614904403687,0.9995219111442566,0.7320913672447205,0.6561205387115479,-0.8000723719596863,0.708773672580719,-0.002575958613306284,0.3114791214466095,-1.3435914516448975,0.8945450186729431,0.8162373304367065,1.153314232826233,-0.890236496925354,0.30238085985183716,-0.15803945064544678,0.349846750497818,-2.5971004962921143,0.5036011338233948,0.8574566841125488,1.2989795207977295,-0.9593227505683899,0.2370469719171524,-0.20184779167175293,0.34380844235420227,-2.7631192207336426,0.3713565766811371,0.8214565515518188,1.3082470893859863,-1.0233384370803833,0.30669865012168884,-0.15954014658927917,0.3334282338619232,-2.809098243713379,0.4410884976387024,0.7890027761459351,1.2585911750793457,-0.9157193303108215,0.32175907492637634,-0.13811197876930237,0.3590681850910187,-2.648007869720459,0.4819493591785431,0.5190948247909546,0.9370167851448059,-0.14862515032291412,0.0537278987467289,0.29226142168045044,0.9507731795310974,0.15154516696929932,0.049631282687187195,0.5237847566604614,1.6422350406646729,0.180890291929245,0.004118757322430611,0.26067885756492615,1.6399115324020386,0.8462536931037903,0.0029140987899154425,0.5053632259368896,2.2294199466705322,1.0019186735153198,0.00037999972118996084,0.23781344294548035,2.2243688106536865,1.9187895059585571,0.00034549966221675277,0.5155140161514282,2.3167150020599365,1.0509498119354248,0.0002587503695394844,0.22774431109428406,2.310077667236328,2.017516851425171,0.0005376022309064865,0.43718162178993225,2.4450602531433105,0.5971214175224304,0.0003922647447325289,0.24803383648395538,2.4333155155181885,1.3076632022857666,0.0006525142816826701
2026-04-30T18:46:55.690103,45,0.4344401955604553,0.049843866378068924,-1.5642420053482056,0.9991753101348877,0.49068284034729004,-0.04028964042663574,-1.560654878616333,0.9982218742370605,0.5102909207344055,-0.04045404493808746,-1.5606075525283813,0.9982258677482605,0.5313509702682495,-0.04018129035830498,-1.5614713430404663,0.9980785250663757,0.43689221143722534,-0.04539918899536133,-1.5436958074569702,0.9986475110054016,0.3936449885368347,-0.04985547065734863,-1.5430526733398438,0.9987376928329468,0.3795786499977112,-0.05211503803730011,-1.5435006618499756,0.9987741708755493,0.5501887798309326,-0.041078101843595505,-1.1271600723266602,0.9973690509796143,0.3713245987892151,-0.0673694834113121,-1.0454365015029907,0.9988948106765747,0.46397924423217773,0.12066531181335449,-1.3755505084991455,0.9992387294769287,0.4067254662513733,0.11292808502912521,-1.3546669483184814,0.9995007514953613,0.6682509183883667,0.19605931639671326,-0.8481729626655579,0.9967204928398132,0.22270970046520233,0.09439878165721893,-0.6667002439498901,0.9995479583740234,0.7338699698448181,0.655707061290741,-0.6346923112869263,0.7332539558410645,0.008344762958586216,0.2455151081085205,-1.4063122272491455,0.9001187682151794,0.8065721392631531,1.1788824796676636,-0.8637078404426575,0.34002169966697693,-0.10371017456054688,0.24751543998718262,-2.6579160690307617,0.5330603122711182,0.8416716456413269,1.352648138999939,-0.8425198793411255,0.25981616973876953,-0.1288362443447113,0.23632465302944183,-2.8396830558776855,0.38871240615844727,0.8087713122367859,1.3579235076904297,-0.939214825630188,0.3313158452510834,-0.08900084346532822,0.2256753295660019,-2.8848795890808105,0.45417270064353943,0.7806524038314819,1.295620322227478,-0.8358197212219238,0.3469986915588379,-0.06876977533102036,0.25032275915145874,-2.7098357677459717,0.49724406003952026,0.5268167853355408,0.9488304257392883,-0.12106261402368546,0.09037826955318451,0.2948738634586334,0.9509273767471313,0.12367551028728485,0.07985207438468933,0.5363454222679138,1.6404120922088623,0.1699741780757904,0.004981435369700193,0.26524555683135986,1.637417197227478,0.7302893996238708,0.0030409758910536766,0.5150695443153381,2.224820613861084,1.0780878067016602,0.00044047320261597633,0.24529707431793213,2.2071497440338135,1.7906999588012695,0.0003362737188581377,0.5232509970664978,2.3075664043426514,1.135599970817566,0.0002794324536807835,0.23650550842285156,2.2873990535736084,1.8871307373046875,0.0005419541848823428,0.44352397322654724,2.4388585090637207,0.4907163083553314,0.00036874786019325256,0.2536347210407257,2.4121956825256348,1.1773027181625366,0.0006072840769775212
2026-04-30T18:46:55.795316,46,0.4368251860141754,0.03074229508638382,-1.4474377632141113,0.9989091157913208,0.4950162470340729,-0.06098898872733116,-1.4490984678268433,0.9978413581848145,0.5164951086044312,-0.06102709099650383,-1.4491764307022095,0.997771680355072,0.5388981699943542,-0.060629285871982574,-1.4500930309295654,0.9977025985717773,0.4376567304134369,-0.06739342212677002,-1.4355385303497314,0.9981750845909119,0.3978577256202698,-0.08077062666416168,-1.4351866245269775,0.9980954527854919,0.38431909680366516,-0.08455383032560349,-1.4356756210327148,0.9979621767997742,0.5631750226020813,-0.06993450224399567,-1.0336287021636963,0.9973457455635071,0.37121155858039856,-0.09395681321620941,-0.9719119071960449,0.9983276724815369,0.46710142493247986,0.10557004064321518,-1.2614396810531616,0.999264121055603,0.40752115845680237,0.09186151623725891,-1.2464001178741455,0.9994608163833618,0.6765076518058777,0.1603606790304184,-0.7515367865562439,0.9970297813415527,0.22562280297279358,0.05244841426610947,-0.5986877679824829,0.9995495676994324,0.7372656464576721,0.6015825867652893,-0.5512917637825012,0.7539032697677612,0.010435933247208595,0.20940078794956207,-1.2335436344146729,0.9024397730827332,0.802261233329773,1.0998024940490723,-0.5080598592758179,0.36840736865997314,-0.10042067617177963,0.2354278862476349,-2.369410991668701,0.5537875294685364,0.8378356695175171,1.3172446489334106,-0.5295080542564392,0.27479586005210876,-0.12071852385997772,0.23625969886779785,-2.5282294750213623,0.3975248634815216,0.8054624795913696,1.3182346820831299,-0.6082483530044556,0.34624671936035156,-0.08060623705387115,0.2247140258550644,-2.575075626373291,0.4585869014263153,0.7778356671333313,1.2669013738632202,-0.5239554643630981,0.36365416646003723,-0.05971885845065117,0.2486392706632614,-2.418609857559204,0.5046156048774719,0.5296375751495361,0.9544299244880676,-0.1029769629240036,0.12390607595443726,0.2958834171295166,0.9531762003898621,0.10515664517879486,0.10984578728675842,0.5370098352432251,1.6469099521636963,0.2443186491727829,0.0073022665455937386,0.2601853013038635,1.6359058618545532,0.6275984048843384,0.003752675838768482,0.5151751041412354,2.243795156478882,1.1581000089645386,0.0005656150169670582,0.2433881312608719,2.2155492305755615,1.5744221210479736,0.0003749734896700829,0.5225343108177185,2.327380418777466,1.2191779613494873,0.00035178379039280117,0.23678910732269287,2.296682119369507,1.6615211963653564,0.0006222361116670072,0.4478614330291748,2.463002920150757,0.6061931252479553,0.00036021770210936666,0.25276368856430054,2.422241449356079,1.0019361972808838,0.000589015253353864
2026-04-30T18:46:55.903879,47,0.45325684547424316,-0.005692730657756329,-1.6630041599273682,0.9988067150115967,0.5005269646644592,-0.091643787920475,-1.6499000787734985,0.9977251887321472,0.523213267326355,-0.09106860309839249,-1.649761438369751,0.9975905418395996,0.546309232711792,-0.09006575495004654,-1.6505126953125,0.9975549578666687,0.4395301342010498,-0.09857042878866196,-1.641080617904663,0.9980165958404541,0.4101872444152832,-0.10517105460166931,-1.6409518718719482,0.9978808760643005,0.39064115285873413,-0.10973087698221207,-1.6414873600006104,0.9977249503135681,0.5728055238723755,-0.09110281616449356,-1.189978003501892,0.9974051713943481,0.36978161334991455,-0.12421812862157822,-1.1516940593719482,0.9981491565704346,0.47118082642555237,0.08377394080162048,-1.4643765687942505,0.9992980360984802,0.41014355421066284,0.0639590248465538,-1.4556748867034912,0.9994528889656067,0.6801236867904663,0.17304815351963043,-0.8488462567329407,0.9973048567771912,0.22398391366004944,0.056278765201568604,-0.7933785915374756,0.9995641708374023,0.7383226156234741,0.6281589865684509,-0.5291110277175903,0.7714816331863403,-0.01105538196861744,0.22139006853103638,-1.5214868783950806,0.9096851348876953,0.798069417476654,1.101020097732544,-0.48636120557785034,0.39761847257614136,-0.09660932421684265,0.1263451725244522,-2.658146381378174,0.5920500755310059,0.8331327438354492,1.3327090740203857,-0.507584273815155,0.2942783534526825,-0.11895720660686493,0.0840107724070549,-2.83791184425354,0.4360294044017792,0.800264835357666,1.329803228378296,-0.5875645279884338,0.3652232885360718,-0.08090861886739731,0.06166473776102066,-2.870269775390625,0.4919475317001343,0.7743098735809326,1.2753956317901611,-0.5119166970252991,0.3856792151927948,-0.059726208448410034,0.10155168175697327,-2.701916456222534,0.5369886159896851,0.5332323312759399,0.9621195197105408,-0.09161354601383209,0.1840202510356903,0.29706695675849915,0.9584312438964844,0.09499647468328476,0.16980120539665222,0.5362058877944946,1.6665276288986206,0.27656397223472595,0.00969710573554039,0.25605469942092896,1.6462692022323608,0.5477164387702942,0.004551704041659832,0.5133065581321716,2.273259162902832,1.3349378108978271,0.000691517605446279,0.23703408241271973,2.2454824447631836,1.5543886423110962,0.000395416805986315,0.5189328789710999,2.3522369861602783,1.4111769199371338,0.0004582029941957444,0.2298937290906906,2.324145555496216,1.6465078592300415,0.0006527442019432783,0.4507670998573303,2.501920223236084,0.7963265180587769,0.00035958809894509614,0.24410328269004822,2.4604086875915527,0.9573616981506348,0.0005716528976336122
2026-04-30T18:46:56.017873,48,0.4550541937351227,0.014629839919507504,-1.7188622951507568,0.9986564517021179,0.5027610659599304,-0.0597769059240818,-1.7249387502670288,0.9975228905677795,0.5260559320449829,-0.05910215899348259,-1.7249095439910889,0.9973533153533936,0.5493518114089966,-0.05804036185145378,-1.7256965637207031,0.997370183467865,0.4335368573665619,-0.06890877336263657,-1.7168588638305664,0.9977574348449707,0.4081838130950928,-0.07410591095685959,-1.7166144847869873,0.9975225925445557,0.3882230818271637,-0.07896345108747482,-1.716994285583496,0.9972891807556152,0.5750240683555603,-0.05963188409805298,-1.291288137435913,0.9974379539489746,0.3594425916671753,-0.09400621056556702,-1.2551459074020386,0.9978087544441223,0.4838917851448059,0.10354399681091309,-1.521332025527954,0.9993175268173218,0.4114120900630951,0.08806751668453217,-1.5137585401535034,0.9994259476661682,0.6823118329048157,0.17100295424461365,-0.9537352323532104,0.9975509643554688,0.21996350586414337,0.08154242485761642,-0.816551685333252,0.99955815076828,0.7396639585494995,0.6426799297332764,-0.6755675077438354,0.785301148891449,-0.016304897144436836,0.25468119978904724,-1.3909591436386108,0.9122053384780884,0.794620931148529,1.1011769771575928,-0.6337813138961792,0.40785956382751465,-0.09416674822568893,0.13777713477611542,-2.359694242477417,0.6097719669342041,0.8276283144950867,1.3592339754104614,-0.6498407125473022,0.29363366961479187,-0.11684344708919525,0.09334351867437363,-2.508096218109131,0.4393603801727295,0.796355128288269,1.354214072227478,-0.7388648986816406,0.3631681799888611,-0.08122143894433975,0.07511076331138611,-2.5354743003845215,0.4905986785888672,0.7705371379852295,1.2991286516189575,-0.6593223214149475,0.3862256109714508,-0.05979297310113907,0.11509155482053757,-2.3980889320373535,0.5388734936714172,0.5365595817565918,0.9658374786376953,-0.08703793585300446,0.20414480566978455,0.29812049865722656,0.965499222278595,0.09167272597551346,0.19240744411945343,0.543674111366272,1.6884530782699585,0.3292330503463745,0.01133198756724596,0.25866183638572693,1.66591477394104,0.523428738117218,0.00532397860661149,0.5226037502288818,2.29884934425354,1.3091998100280762,0.000828281685244292,0.24155446887016296,2.277078866958618,1.4459176063537598,0.0004375009739305824,0.5241236090660095,2.3760271072387695,1.3782823085784912,0.0005665672942996025,0.23420126736164093,2.3548550605773926,1.5282244682312012,0.0007214326760731637,0.4706578254699707,2.533707857131958,0.7636087536811829,0.0003664450196083635,0.2516636252403259,2.494753360748291,0.8435160517692566,0.0005800686776638031
2026-04-30T18:46:56.131588,49,0.4210180640220642,-0.22417616844177246,-1.7300713062286377,0.9987643957138062,0.45928263664245605,-0.288921982049942,-1.7236053943634033,0.9977478981018066,0.48425841331481934,-0.2825368642807007,-1.7235591411590576,0.9975907802581787,0.506453812122345,-0.27726638317108154,-1.7240655422210693,0.9976136684417725,0.38891521096229553,-0.299192875623703,-1.6685158014297485,0.997946560382843,0.36827462911605835,-0.2993653118610382,-1.6680196523666382,0.9977192878723145,0.34860700368881226,-0.3000198006629944,-1.668331503868103,0.9975075721740723,0.5555506348609924,-0.2305404096841812,-1.3519116640090942,0.9976827502250671,0.3417009711265564,-0.261879026889801,-1.1066515445709229,0.9979587197303772,0.4646618962287903,-0.1052388921380043,-1.5793484449386597,0.9993807077407837,0.3916376233100891,-0.10043838620185852,-1.5075414180755615,0.9994674324989319,0.6857736706733704,0.16867385804653168,-1.1709650754928589,0.9977830648422241,0.2182067334651947,0.08163885027170181,-0.7061535716056824,0.9995487332344055,0.7449597120285034,0.6592422723770142,-1.1004348993301392,0.8032986521720886,-0.019274601712822914,0.3035373091697693,-1.0396043062210083,0.9159290790557861,0.7923650145530701,1.1298127174377441,-1.2711083889007568,0.4417458474636078,-0.1747833639383316,0.16369763016700745,-2.13200044631958,0.6374423503875732,0.8258892297744751,1.3903509378433228,-1.3600232601165771,0.31774383783340454,-0.21096329391002655,0.11069861054420471,-2.276970624923706,0.46813616156578064,0.7939828038215637,1.3887393474578857,-1.4411475658416748,0.3877895176410675,-0.2065477818250656,0.08166190981864929,-2.311011791229248,0.5164662599563599,0.7685049176216125,1.3261513710021973,-1.3037285804748535,0.41393327713012695,-0.17715784907341003,0.12246982753276825,-2.1697609424591064,0.5649256110191345,0.5463298559188843,0.9588963389396667,-0.1565878987312317,0.25373122096061707,0.3015192747116089,0.9634600281715393,0.15968731045722961,0.24241553246974945,0.5616368055343628,1.6867319345474243,0.021500064060091972,0.010686260648071766,0.2607143223285675,1.6654170751571655,0.6501392126083374,0.005239354912191629,0.5499061346054077,2.2946081161499023,1.209518551826477,0.0007849553367123008,0.2465420514345169,2.281646728515625,1.773934006690979,0.0004179624083917588,0.5610345602035522,2.3747451305389404,1.285766839981079,0.0005413930048234761,0.24208173155784607,2.365767240524292,1.8689959049224854,0.000696234405040741,0.49176231026649475,2.5140466690063477,0.6778678894042969,0.0003441351873334497,0.2565416693687439,2.491041660308838,1.1087520122528076,0.0005542064318433404
2026-04-30T18:46:56.244757,50,0.4257740080356598,0.1125665083527565,-1.6036964654922485,0.9988102912902832,0.4663333296775818,0.04963494837284088,-1.635919213294983,0.9978477358818054,0.4894832968711853,0.044930584728717804,-1.635636329650879,0.9976994395256042,0.510461688041687,0.038775280117988586,-1.6364047527313232,0.9977339506149292,0.3995612561702728,0.04179735854268074,-1.5993759632110596,0.9980190992355347,0.3703053891658783,0.03196653351187706,-1.5988878011703491,0.9977898597717285,0.3492843508720398,0.01962972618639469,-1.5990265607833862,0.9975776076316833,0.5551439523696899,-0.0002493453794158995,-1.3427307605743408,0.9978543519973755,0.3435749411582947,-0.048805121332407,-1.1672637462615967,0.9980018138885498,0.4652302861213684,0.12765765190124512,-1.4586787223815918,0.9994257092475891,0.39215153455734253,0.10475756973028183,-1.4115958213806152,0.9994898438453674,0.684817373752594,0.19517681002616882,-1.074453353881836,0.9979942440986633,0.2306896150112152,0.10314738750457764,-0.7511960864067078,0.9995783567428589,0.7554394006729126,0.6741053462028503,-0.9029768705368042,0.815649688243866,-0.01291780173778534,0.32487425208091736,-1.429041862487793,0.9205461144447327,0.8126123547554016,1.2339670658111572,-1.0663219690322876,0.4501955807209015,-0.0720057263970375,0.20710860192775726,-2.501312017440796,0.6563524603843689,0.8419893383979797,1.407043695449829,-1.0769346952438354,0.31835368275642395,-0.0790550485253334,0.15681083500385284,-2.635056257247925,0.4763262867927551,0.8155584335327148,1.4215904474258423,-1.0913478136062622,0.3897976279258728,-0.061266858130693436,0.13621343672275543,-2.641448974609375,0.5222809910774231,0.7864534854888916,1.3694995641708374,-1.2216888666152954,0.4174981713294983,-0.04529381915926933,0.17765972018241882,-2.531623363494873,0.5702429413795471,0.5489603281021118,0.9694830179214478,-0.14431947469711304,0.2509109675884247,0.3143348693847656,0.9688873887062073,0.14649632573127747,0.24196144938468933,0.5612279176712036,1.726235032081604,-0.05309871584177017,0.010997823439538479,0.2617727518081665,1.70679771900177,0.5893669128417969,0.00523511553183198,0.5475783944129944,2.379700183868408,0.6414394974708557,0.0009897374548017979,0.24850085377693176,2.356445789337158,1.270263671875,0.00042325418326072395,0.5583269000053406,2.4608256816864014,0.6732405424118042,0.0006415799725800753,0.2434711456298828,2.435732126235962,1.3224530220031738,0.000730021798517555,0.4881557822227478,2.5868048667907715,0.02999875508248806,0.00036199542228132486,0.2595363259315491,2.5575966835021973,0.6138241291046143,0.0005707131931558251
2026-04-30T18:46:56.349931,51,0.47127923369407654,0.1329628974199295,-1.6714223623275757,0.998813271522522,0.504485011100769,0.05435335636138916,-1.6768159866333008,0.9978679418563843,0.5232874155044556,0.0491882748901844,-1.6765896081924438,0.9977301955223083,0.5396734476089478,0.04399016126990318,-1.677366852760315,0.9977657794952393,0.44204506278038025,0.05829703435301781,-1.6643362045288086,0.9980325698852539,0.4195044934749603,0.05384143441915512,-1.6639810800552368,0.9978114366531372,0.3976823687553406,0.046283550560474396,-1.6642513275146484,0.9975689053535461,0.5632526874542236,0.018113356083631516,-1.2884676456451416,0.9979570508003235,0.3754339814186096,-0.01044377963989973,-1.2303715944290161,0.9979802966117859,0.49450549483299255,0.14984743297100067,-1.4978344440460205,0.9994434118270874,0.4318365454673767,0.1382264494895935,-1.4828464984893799,0.9994781017303467,0.6844322681427002,0.206703320145607,-1.0110576152801514,0.9981806874275208,0.24102751910686493,0.1042097881436348,-0.8237131237983704,0.9995926022529602,0.7595134973526001,0.6777142882347107,-0.8355965614318848,0.828859806060791,-0.0042965589091181755,0.3285476267337799,-1.4267866611480713,0.921593189239502,0.826993465423584,1.2137806415557861,-0.8878104090690613,0.4645082950592041,-0.14839394390583038,0.2198719084262848,-2.443826198577881,0.6739639043807983,0.8557997941970825,1.3883140087127686,-0.9226804971694946,0.32673847675323486,-0.20113754272460938,0.21177656948566437,-2.5860519409179688,0.49078693985939026,0.8366918563842773,1.3928509950637817,-0.9838326573371887,0.3994906544685364,-0.19512449204921722,0.1897379606962204,-2.652219533920288,0.5362119674682617,0.8078897595405579,1.3405810594558716,-0.9469047784805298,0.4289223253726959,-0.163138747215271,0.21203137934207916,-2.50303316116333,0.5855250954627991,0.5491214394569397,0.9802092909812927,-0.1380004733800888,0.2537952661514282,0.3257589340209961,1.0017914772033691,0.13791434466838837,0.24672311544418335,0.5596831440925598,1.73444402217865,0.14561603963375092,0.011657255701720715,0.26450416445732117,1.7185944318771362,0.4362354278564453,0.005363733507692814,0.5455682873725891,2.3839852809906006,0.8875823020935059,0.0010820573661476374,0.24977847933769226,2.365858554840088,1.0845829248428345,0.0004267876211088151,0.555189311504364,2.465399742126465,0.9208159446716309,0.0006972264964133501,0.2444612681865692,2.4454185962677,1.1364566087722778,0.0007399634341709316,0.4889451861381531,2.5899391174316406,0.2293177843093872,0.0003646074328571558,0.25896698236465454,2.5571978092193604,0.4327806830406189,0.0005542797734960914
2026-04-30T18:46:56.456086,52,0.4851168096065521,0.08439423888921738,-1.7063623666763306,0.9987534880638123,0.5156348347663879,0.04437082260847092,-1.6917343139648438,0.9977861046791077,0.5321065187454224,0.047081828117370605,-1.69180428981781,0.9976823925971985,0.546991765499115,0.0386035218834877,-1.6925325393676758,0.9977262020111084,0.46000343561172485,0.035802211612463,-1.6826978921890259,0.9978688359260559,0.4408024251461029,0.0305685605853796,-1.6823536157608032,0.9976511001586914,0.4222103953361511,0.02505398355424404,-1.682777762413025,0.9973509311676025,0.5637907385826111,0.014965023845434189,-1.288047194480896,0.9979743361473083,0.39382457733154297,-0.012339095585048199,-1.2359814643859863,0.9977874159812927,0.5049577951431274,0.12102716416120529,-1.5373733043670654,0.999433159828186,0.4463880956172943,0.10585413128137589,-1.5235302448272705,0.9994204044342041,0.6810550689697266,0.21503520011901855,-1.0159368515014648,0.9983376860618591,0.25423485040664673,0.13145285844802856,-0.8059476613998413,0.9995596408843994,0.757447361946106,0.680881917476654,-0.8919328451156616,0.8419328331947327,0.007607142440974712,0.43552151322364807,-0.9151087999343872,0.9241127967834473,0.8262670636177063,1.1639142036437988,-1.1971690654754639,0.48033004999160767,-0.20188447833061218,0.39491894841194153,-1.525794267654419,0.6866881251335144,0.850949764251709,1.3292607069015503,-1.2968409061431885,0.3352440297603607,-0.27459952235221863,0.3840236961841583,-1.6284765005111694,0.5015503764152527,0.832888126373291,1.3273468017578125,-1.3988471031188965,0.40920132398605347,-0.29414278268814087,0.34868496656417847,-1.7880398035049438,0.5483194589614868,0.8060954809188843,1.2831989526748657,-1.2554537057876587,0.4438095986843109,-0.25927025079727173,0.36998817324638367,-1.6160980463027954,0.600605845451355,0.5584877729415894,0.9806501269340515,-0.12520650029182434,0.26510825753211975,0.33794206380844116,1.0029315948486328,0.12602722644805908,0.25626352429389954,0.5739027857780457,1.7252453565597534,0.12121615558862686,0.011700974777340889,0.28876662254333496,1.7101333141326904,0.4162193834781647,0.00544118694961071,0.5642844438552856,2.3472063541412354,0.8968480825424194,0.0011239541927352548,0.27632656693458557,2.3298516273498535,1.099599003791809,0.0004574022314045578,0.5693190693855286,2.4274935722351074,0.9433150291442871,0.0007859374163672328,0.26986342668533325,2.409006357192993,1.154114842414856,0.0008281438495032489,0.5195561647415161,2.551378011703491,0.32912978529930115,0.000364491919754073,0.28800442814826965,2.5239672660827637,0.4407028257846832,0.0005643165204674006
2026-04-30T18:46:56.564748,53,0.5015995502471924,0.03609361872076988,-1.5974032878875732,0.9987174868583679,0.5264269113540649,0.007888519205152988,-1.5357959270477295,0.997773289680481,0.5396485924720764,0.015570788644254208,-1.535642147064209,0.9976763129234314,0.5521897673606873,0.016582906246185303,-1.5362117290496826,0.9977179169654846,0.48316317796707153,-0.006985055282711983,-1.5689103603363037,0.9978746771812439,0.46827131509780884,-0.010447033680975437,-1.5692307949066162,0.9976928234100342,0.45352450013160706,-0.012622985057532787,-1.5697921514511108,0.9974180459976196,0.5643246173858643,0.01278998889029026,-1.0995604991912842,0.9979703426361084,0.4303804039955139,-0.019222727045416832,-1.1699248552322388,0.9978429675102234,0.5142050981521606,0.08532247692346573,-1.4279775619506836,0.9994296431541443,0.4682391583919525,0.07350175082683563,-1.5177929401397705,0.9994181394577026,0.6749572157859802,0.23831582069396973,-0.7895842790603638,0.9984666705131531,0.2702573537826538,0.18042919039726257,-0.7622613310813904,0.9995768666267395,0.7509394884109497,0.6842402219772339,-0.5128339529037476,0.853899359703064,0.06401662528514862,0.5576996207237244,-0.6327620148658752,0.9293447732925415,0.7768915891647339,1.0523632764816284,-0.7626482844352722,0.48513495922088623,-0.12198593467473984,0.6389821767807007,-1.0620659589767456,0.7033863067626953,0.8031622171401978,1.2068084478378296,-0.8497088551521301,0.3390551209449768,-0.19913339614868164,0.664070725440979,-1.151655673980713,0.5224416851997375,0.7667930722236633,1.2119957208633423,-0.9762908816337585,0.4123809337615967,-0.23579326272010803,0.6457907557487488,-1.3011075258255005,0.5690031051635742,0.756746768951416,1.0923887491226196,-0.8257582783699036,0.4476298391819,-0.19647268950939178,0.6427462697029114,-1.1382520198822021,0.6189923286437988,0.5654186606407166,0.9823890328407288,-0.07011570036411285,0.28374403715133667,0.3512232303619385,1.0015239715576172,0.07106049358844757,0.2808536887168884,0.5783354043960571,1.704621434211731,0.019157875329256058,0.011748479679226875,0.3129649758338928,1.7052967548370361,0.08402363955974579,0.005702613852918148,0.5750815272331238,2.3315250873565674,0.6601178646087646,0.001187653630040586,0.31282132863998413,2.320173501968384,0.5015765428543091,0.0005227867513895035,0.5783001184463501,2.411297559738159,0.6931560635566711,0.0008792950538918376,0.30766868591308594,2.3992860317230225,0.5220729112625122,0.0009390761842951179,0.5414285063743591,2.535837411880493,0.1064247116446495,0.00040096856537275016,0.3324181139469147,2.5062031745910645,-0.1616392582654953,0.0005935307708568871
2026-04-30T18:46:56.679215,54,0.5299997329711914,0.08590074628591537,-1.5924583673477173,0.9988048672676086,0.5511055588722229,0.03825920820236206,-1.5646100044250488,0.9979124665260315,0.5621492862701416,0.03944734111428261,-1.5643699169158936,0.9978116750717163,0.5731547474861145,0.03812549263238907,-1.5647648572921753,0.9978340864181519,0.51589035987854,0.024967771023511887,-1.5781638622283936,0.9980249404907227,0.502680242061615,0.01474769227206707,-1.5784122943878174,0.9978659749031067,0.4888494908809662,0.0044897934421896935,-1.578905701637268,0.9976223111152649,0.5845677852630615,0.024918613955378532,-1.144017219543457,0.9980722665786743,0.4678303599357605,-0.014619646593928337,-1.1868233680725098,0.9980161190032959,0.5382890701293945,0.12198809534311295,-1.4196118116378784,0.9994612336158752,0.49983423948287964,0.11098763346672058,-1.4464666843414307,0.9994590282440186,0.6747475862503052,0.25382012128829956,-0.7231550812721252,0.9985894560813904,0.30438968539237976,0.2263793647289276,-0.7497473359107971,0.9996153712272644,0.7469285726547241,0.6632768511772156,-0.2458791732788086,0.8654883503913879,0.16987136006355286,0.568576455116272,-0.4869654178619385,0.9360166788101196,0.7556793093681335,0.9938734769821167,-0.40416550636291504,0.5185017585754395,0.08561025559902191,0.8225958347320557,-0.7977204918861389,0.7319347858428955,0.7709006667137146,1.1230700016021729,-0.4512416422367096,0.3771701753139496,0.04452327638864517,0.9021991491317749,-0.8656492233276367,0.5670610070228577,0.7464200258255005,1.1333519220352173,-0.585384726524353,0.44791942834854126,0.06087983772158623,0.8921442627906799,-1.00314199924469,0.609483003616333,0.7322314977645874,1.0694072246551514,-0.46140772104263306,0.4802743196487427,0.08044751733541489,0.8710737824440002,-0.8555440902709961,0.6541762351989746,0.5684609413146973,0.9757800698280334,-0.041492193937301636,0.3214307129383087,0.3608192801475525,0.9878019690513611,0.04218301549553871,0.32937321066856384,0.5785731673240662,1.660382866859436,-0.21175742149353027,0.013196035288274288,0.33661699295043945,1.6528384685516357,-0.06775674968957901,0.007605713792145252,0.5744151473045349,2.3094918727874756,0.27328866720199585,0.0013931503053754568,0.33099493384361267,2.3116471767425537,0.14769111573696136,0.0008962713181972504,0.5753860473632812,2.3861570358276367,0.29537543654441833,0.0011244199704378843,0.32486504316329956,2.39760422706604,0.14880327880382538,0.0014744473155587912,0.5407000780105591,2.498321056365967,-0.25619783997535706,0.0005951786879450083,0.3499588668346405,2.4649367332458496,-0.47646117210388184,0.0009117956506088376
2026-04-30T18:46:56.787441,55,0.5359482765197754,0.08539096266031265,-0.8084060549736023,0.9988766312599182,0.5550855398178101,0.04206933081150055,-0.7687428593635559,0.9980368614196777,0.5660801529884338,0.042219892144203186,-0.7689080238342285,0.9979404211044312,0.5770521759986877,0.041186798363924026,-0.7693125009536743,0.9979577660560608,0.5193973779678345,0.0317007452249527,-0.7852566242218018,0.9981591701507568,0.5055090188980103,0.023047251626849174,-0.7852264642715454,0.9980176687240601,0.49142155051231384,0.014272747561335564,-0.7855826616287231,0.9978039264678955,0.5886467695236206,0.03433738648891449,-0.40368157625198364,0.9981561899185181,0.47230473160743713,0.0069242361932992935,-0.46901074051856995,0.9981599450111389,0.5464599132537842,0.12295982241630554,-0.6624456644058228,0.9994791150093079,0.5100405216217041,0.11173509806394577,-0.6816127300262451,0.9994845390319824,0.6748112440109253,0.27772825956344604,-0.11501187086105347,0.9986692667007446,0.32928037643432617,0.25839683413505554,-0.23992547392845154,0.999638557434082,0.744475245475769,0.6499027013778687,0.13420140743255615,0.872674822807312,0.23848645389080048,0.6080101728439331,-0.04012834280729294,0.9409506320953369,0.748894989490509,0.9363908171653748,-0.14308065176010132,0.5358898043632507,0.18824373185634613,0.9283203482627869,-0.2515624165534973,0.7507300972938538,0.7636164426803589,1.0232089757919312,-0.20995955169200897,0.40361055731773376,0.1565963625907898,1.0151573419570923,-0.3123745620250702,0.597761869430542,0.7475758194923401,1.02882719039917,-0.3215840756893158,0.47136691212654114,0.17735011875629425,1.0222363471984863,-0.3980523645877838,0.6382033228874207,0.7316569089889526,0.9942017793655396,-0.1981498897075653,0.5000579357147217,0.19581042230129242,0.9883701801300049,-0.290896475315094,0.6776307225227356,0.5732370018959045,0.9697085618972778,-0.007988963276147842,0.35820868611335754,0.37173792719841003,0.9693660736083984,0.009232915006577969,0.3714542090892792,0.5637466311454773,1.627068042755127,-0.17675533890724182,0.014272551983594894,0.3343292474746704,1.595613718032837,-0.1211792379617691,0.009964372962713242,0.5732253193855286,2.2453198432922363,0.18367020785808563,0.001505660475231707,0.33001959323883057,2.233224630355835,0.0232507586479187,0.0013056111056357622,0.5735544562339783,2.3160362243652344,0.19996216893196106,0.0012991055846214294,0.32373952865600586,2.314061164855957,0.023196764290332794,0.002039150567725301,0.5351120233535767,2.4160618782043457,-0.26911845803260803,0.0008760617929510772,0.3502058982849121,2.38293194770813,-0.5209604501724243,0.0014263929333537817
2026-04-30T18:46:56.893544,56,0.5425240993499756,0.069426991045475,-0.6529682874679565,0.9988803267478943,0.5596521496772766,0.03962522745132446,-0.6202942132949829,0.998036801815033,0.5705003142356873,0.039947617799043655,-0.6202370524406433,0.9979487657546997,0.581318199634552,0.039523836225271225,-0.6206763982772827,0.9979673624038696,0.5251173377037048,0.03007417730987072,-0.6291423439979553,0.9981916546821594,0.5119128227233887,0.020143331959843636,-0.6287446022033691,0.9980654716491699,0.4988822042942047,0.011899641714990139,-0.6292591094970703,0.9978889226913452,0.5925278663635254,0.03365954011678696,-0.3100520670413971,0.9980975985527039,0.4804958403110504,0.005640075542032719,-0.3367072641849518,0.9982335567474365,0.5553262829780579,0.11173482984304428,-0.5314332246780396,0.9994679689407349,0.5213934779167175,0.10049548745155334,-0.5391697883605957,0.999483585357666,0.6746347546577454,0.2815364897251129,-0.11377708613872528,0.9987387657165527,0.34331709146499634,0.2719217538833618,-0.1595248281955719,0.9996597170829773,0.7279254794120789,0.6389315128326416,0.11172766983509064,0.8704503774642944,0.2877124547958374,0.6061023473739624,0.10915040969848633,0.942520022392273,0.7215204238891602,0.950435996055603,-0.09269370138645172,0.5204486846923828,0.23933029174804688,0.9449203014373779,-0.0076285796239972115,0.7608219981193542,0.7393171787261963,1.0698188543319702,-0.15068483352661133,0.4000885784626007,0.20301592350006104,1.0352703332901,-0.04875251278281212,0.6185228824615479,0.7167655229568481,1.0674166679382324,-0.23908591270446777,0.46701353788375854,0.2141934335231781,1.0454699993133545,-0.15660607814788818,0.6585860848426819,0.7005852460861206,1.0219825506210327,-0.13925662636756897,0.49516740441322327,0.23560655117034912,1.0051884651184082,-0.05562147498130798,0.6944547295570374,0.5754169225692749,0.9610822796821594,-0.016628751531243324,0.36071527004241943,0.37543946504592896,0.9572585821151733,0.018219202756881714,0.3825182318687439,0.5624326467514038,1.6253807544708252,-0.09652228653430939,0.013144619762897491,0.3309175372123718,1.5937086343765259,-0.07753071933984756,0.009338258765637875,0.5570241212844849,2.2479708194732666,0.4022703766822815,0.0013754419051110744,0.3233765959739685,2.2343335151672363,0.19012975692749023,0.0011920933611690998,0.5536633133888245,2.319615125656128,0.42939049005508423,0.0011978764086961746,0.31741806864738464,2.3156638145446777,0.20341041684150696,0.0018664622912183404,0.5262606739997864,2.426588773727417,-0.060099899768829346,0.0008148705819621682,0.34148234128952026,2.3924529552459717,-0.3862805962562561,0.0013025397202000022
2026-04-30T18:46:57.006400,57,0.55316162109375,0.06376925855875015,-1.0093214511871338,0.9988299012184143,0.5702821612358093,0.02828073874115944,-0.9594880938529968,0.9980208873748779,0.5814561247825623,0.02810719609260559,-0.9596812129020691,0.9979417324066162,0.592583179473877,0.027146613225340843,-0.9600579142570496,0.9979301691055298,0.5337100625038147,0.021889960393309593,-0.9849519729614258,0.9981746673583984,0.5192594528198242,0.015099853277206421,-0.9847222566604614,0.9980758428573608,0.5047897696495056,0.010533914901316166,-0.9851760864257812,0.997907817363739,0.6008955836296082,0.029736997559666634,-0.5351802110671997,0.9980356097221375,0.4819156527519226,0.004616496618837118,-0.642725944519043,0.9982833862304688,0.5637795329093933,0.1095743402838707,-0.8458503484725952,0.9994454383850098,0.5264082551002502,0.0994710847735405,-0.8741928339004517,0.9994717836380005,0.6667935848236084,0.29974475502967834,-0.18681477010250092,0.998699426651001,0.3554331362247467,0.2785230278968811,-0.3688402771949768,0.9995965361595154,0.6993905305862427,0.6390836238861084,0.09006885439157486,0.8640212416648865,0.3126605451107025,0.6117622256278992,-0.19460372626781464,0.9432489275932312,0.6693522334098816,0.9426743984222412,-0.25232627987861633,0.5020443201065063,0.2875001132488251,0.9351114630699158,-0.4614100456237793,0.7590039968490601,0.6716682314872742,1.0499136447906494,-0.3342399299144745,0.39469924569129944,0.25192397832870483,1.0685875415802002,-0.5406167507171631,0.625385582447052,0.6672924160957336,1.0528508424758911,-0.44935402274131775,0.4592815041542053,0.27033570408821106,1.0289033651351929,-0.6480302810668945,0.6661723256111145,0.6525002121925354,1.0137735605239868,-0.31345057487487793,0.4870564043521881,0.2926446199417114,0.970953106880188,-0.5112147927284241,0.6995598673820496,0.5746106505393982,0.9623538851737976,0.013867338187992573,0.3937470316886902,0.38225695490837097,0.9538402557373047,-0.012110115960240364,0.41443073749542236,0.562240481376648,1.621894121170044,-0.06162477657198906,0.014565804041922092,0.33449116349220276,1.593824028968811,-0.092238649725914,0.011122328229248524,0.5566666126251221,2.2472853660583496,0.4777393341064453,0.0014796587638556957,0.3250998556613922,2.228961944580078,0.2322487086057663,0.001381715526804328,0.5530965924263,2.319392204284668,0.5015683174133301,0.0013388011138886213,0.3190513849258423,2.3082191944122314,0.2464122772216797,0.0021177411545068026,0.5239147543907166,2.4276249408721924,-0.04455230012536049,0.0009670598083175719,0.345876008272171,2.3925726413726807,-0.4013057351112366,0.0014982577413320541
2026-04-30T18:46:57.117161,58,0.550481915473938,0.08468949794769287,-0.38644808530807495,0.9989371299743652,0.5656033754348755,0.05026112124323845,-0.3358777165412903,0.9982020854949951,0.5767924189567566,0.05241788178682327,-0.3361676335334778,0.9981327056884766,0.588679313659668,0.05400164797902107,-0.3363493084907532,0.9981196522712708,0.5314614176750183,0.04117219150066376,-0.3692893981933594,0.998342752456665,0.518078625202179,0.03633936867117882,-0.3687976002693176,0.9982559680938721,0.5050387382507324,0.03310631588101387,-0.3691835403442383,0.9981023669242859,0.5962992310523987,0.0768076628446579,-0.03144458681344986,0.9982116222381592,0.4813483655452728,0.05225326865911484,-0.17564471065998077,0.9984463453292847,0.559777557849884,0.13644926249980927,-0.2739664614200592,0.999489426612854,0.5248844027519226,0.12192438542842865,-0.31631675362586975,0.9995153546333313,0.6431149244308472,0.3511583209037781,0.16117992997169495,0.9988083243370056,0.3536221385002136,0.30293065309524536,-0.18083727359771729,0.9996274709701538,0.6747745275497437,0.6502974629402161,0.35631340742111206,0.8640576004981995,0.30808135867118835,0.6389816999435425,-0.17147210240364075,0.9459243416786194,0.6690752506256104,0.9541803598403931,0.1902666985988617,0.5039794445037842,0.27126073837280273,0.9780727624893188,-0.3974158465862274,0.7753488421440125,0.6797848343849182,1.063576579093933,0.12634600698947906,0.41124600172042847,0.2390434741973877,1.0560319423675537,-0.46074801683425903,0.6541695594787598,0.6686988472938538,1.0623418092727661,0.03776382654905319,0.4747897982597351,0.26367777585983276,1.0680286884307861,-0.5497187376022339,0.6927194595336914,0.6491745114326477,1.0051687955856323,0.13769792020320892,0.5049084424972534,0.28428447246551514,1.0189977884292603,-0.4418209493160248,0.723802924156189,0.5739602446556091,0.9628024697303772,0.05433826521039009,0.4082387387752533,0.3895215392112732,0.9564470052719116,-0.051740001887083054,0.42775920033454895,0.5659987926483154,1.6249045133590698,-0.08593769371509552,0.01386836264282465,0.3601427376270294,1.5988208055496216,-0.13230636715888977,0.010892636142671108,0.5563822984695435,2.2577269077301025,0.20422832667827606,0.0013532059965655208,0.34097614884376526,2.2432000637054443,-0.0376192070543766,0.0012815368827432394,0.5529251098632812,2.325878143310547,0.20944026112556458,0.001234660274349153,0.3278014063835144,2.3197619915008545,-0.03819125145673752,0.0019395723938941956,0.5342075824737549,2.4410107135772705,-0.2280072420835495,0.0009464975446462631,0.37100690603256226,2.4103448390960693,-0.5801762342453003,0.0014288253150880337
2026-04-30T18:46:57.214287,59,0.5408939719200134,0.10600264370441437,-0.49101677536964417,0.9990252256393433,0.5491431951522827,0.06773857772350311,-0.4508311152458191,0.9983483552932739,0.5583198070526123,0.06917594373226166,-0.4509665369987488,0.9982922673225403,0.567810595035553,0.07007256895303726,-0.4510917067527771,0.9982731342315674,0.5210025310516357,0.06235163286328316,-0.47600799798965454,0.9984758496284485,0.511005699634552,0.05963597446680069,-0.47555994987487793,0.9984039664268494,0.5007687211036682,0.05778852850198746,-0.47567206621170044,0.9982563853263855,0.5634908080101013,0.09087613224983215,-0.16439750790596008,0.9983553290367126,0.47269096970558167,0.08050414174795151,-0.2673991918563843,0.9985836148262024,0.5468769073486328,0.15734563767910004,-0.3838713765144348,0.9995248317718506,0.5143191814422607,0.15046396851539612,-0.41342130303382874,0.9995494484901428,0.6094392538070679,0.36464181542396545,0.02150736004114151,0.9989100694656372,0.34416139125823975,0.32777827978134155,-0.23367471992969513,0.9996522665023804,0.6256125569343567,0.6687101721763611,0.17992152273654938,0.8654672503471375,0.2883917987346649,0.6433238387107849,-0.19631406664848328,0.9488475918769836,0.6530329585075378,0.9698707461357117,-0.008214176632463932,0.5117980241775513,0.2578032314777374,1.0007778406143188,-0.40101417899131775,0.7891706824302673,0.670762836933136,1.075406551361084,-0.07919150590896606,0.42897847294807434,0.2319326400756836,1.0821706056594849,-0.46191126108169556,0.6768593788146973,0.6580636501312256,1.081756591796875,-0.16771402955055237,0.4915284514427185,0.26221543550491333,1.0866262912750244,-0.5435749292373657,0.7139571905136108,0.6412890553474426,1.0235776901245117,-0.06047708913683891,0.5231935381889343,0.28199049830436707,1.039044737815857,-0.44350171089172363,0.7434604167938232,0.5683841705322266,0.9632653594017029,0.0401325486600399,0.42108699679374695,0.3867274522781372,0.9580830335617065,-0.03795130178332329,0.43746069073677063,0.5593580007553101,1.6312975883483887,-0.06954877078533173,0.012993782758712769,0.35486114025115967,1.6146464347839355,-0.11151261627674103,0.01043642871081829,0.5501261949539185,2.2848153114318848,0.29146677255630493,0.0012398760300129652,0.338758647441864,2.2688674926757812,0.038868509232997894,0.0011774369049817324,0.5451432466506958,2.352396249771118,0.3049129843711853,0.0011398456990718842,0.3266204595565796,2.3454010486602783,0.04472259432077408,0.0017746954690665007,0.5318822264671326,2.4749717712402344,-0.13201889395713806,0.0008980612619780004,0.3696648180484772,2.4383676052093506,-0.5071598291397095,0.00132948555983603
2026-04-30T18:46:57.318996,60,0.52406245470047,0.12291792035102844,-0.514399528503418,0.9990963339805603,0.531216025352478,0.08323221653699875,-0.45760250091552734,0.9984825849533081,0.539404034614563,0.08365175873041153,-0.4581659734249115,0.998432993888855,0.547654390335083,0.08287504315376282,-0.45858874917030334,0.998417854309082,0.5058999061584473,0.07853059470653534,-0.49292078614234924,0.9985944628715515,0.49785465002059937,0.07579699903726578,-0.49260085821151733,0.9985288977622986,0.48964017629623413,0.07322456687688828,-0.492800235748291,0.998389720916748,0.5386309623718262,0.1008124053478241,-0.0679364949464798,0.9984953999519348,0.45651713013648987,0.09531128406524658,-0.22582194209098816,0.9986988306045532,0.5269153714179993,0.17232297360897064,-0.36768996715545654,0.9995562434196472,0.49523693323135376,0.16512589156627655,-0.41394147276878357,0.9995720982551575,0.5882536172866821,0.35497644543647766,0.13054382801055908,0.9990074038505554,0.3424886465072632,0.3379254639148712,-0.15028122067451477,0.9996552467346191,0.6163860559463501,0.6555402874946594,0.2030370533466339,0.8734925985336304,0.29101884365081787,0.6383683681488037,-0.3814829885959625,0.9525940418243408,0.627079427242279,0.9147239923477173,-0.10495834052562714,0.5274772047996521,0.3734508454799652,0.5922212600708008,-1.043966293334961,0.8075470328330994,0.6428855061531067,0.9888591766357422,-0.1797257959842682,0.4491557478904724,0.39068788290023804,0.5774638652801514,-1.1558657884597778,0.7035782337188721,0.6352652311325073,0.999047040939331,-0.27050119638442993,0.5103063583374023,0.38597923517227173,0.5359999537467957,-1.1536859273910522,0.7374933958053589,0.6210606098175049,0.9634696841239929,-0.15610858798027039,0.5434054136276245,0.39149847626686096,0.5404189229011536,-1.0603116750717163,0.7650480270385742,0.5598112940788269,0.9619269967079163,0.04233675077557564,0.46414709091186523,0.38464799523353577,0.9566309452056885,-0.04055223613977432,0.4739339053630829,0.547690749168396,1.6018505096435547,-0.08097665756940842,0.016164815053343773,0.3495332598686218,1.5985027551651,-0.14406359195709229,0.013780108653008938,0.5223944783210754,2.25443172454834,0.2406248301267624,0.0012432305375114083,0.3333558440208435,2.24440336227417,-0.02747732400894165,0.0012497719144448638,0.5158390998840332,2.3174238204956055,0.2479679137468338,0.001155028585344553,0.3204295337200165,2.310621500015259,-0.026616696268320084,0.001830817898735404,0.5107897520065308,2.436075448989868,-0.2244069129228592,0.0009120541508309543,0.3634079694747925,2.412283420562744,-0.6109379529953003,0.001396943349391222
2026-04-30T18:46:57.432917,61,0.48034968972206116,0.12574292719364166,-0.49018168449401855,0.9991540908813477,0.4946708083152771,0.08227355033159256,-0.4444143772125244,0.9985841512680054,0.5053884387016296,0.08205656707286835,-0.44480428099632263,0.9985441565513611,0.5159510970115662,0.08114726841449738,-0.44503122568130493,0.9985255599021912,0.46506088972091675,0.07966918498277664,-0.4553470015525818,0.9986879229545593,0.4562888741493225,0.07753419876098633,-0.4549528956413269,0.9986306428909302,0.44752198457717896,0.0757223591208458,-0.4551694393157959,0.9985023736953735,0.5198841094970703,0.09813567250967026,-0.12412097305059433,0.9985843300819397,0.42366886138916016,0.09637580066919327,-0.16179241240024567,0.9987905621528625,0.49361181259155273,0.17456309497356415,-0.36941638588905334,0.9995623826980591,0.4562195837497711,0.16960427165031433,-0.3802672028541565,0.9995793104171753,0.5825803279876709,0.35486724972724915,0.05499052256345749,0.9990705251693726,0.333396852016449,0.34899428486824036,-0.02678653597831726,0.9996485710144043,0.6104909181594849,0.6437928676605225,0.1347218006849289,0.874790608882904,0.2872280478477478,0.6423637866973877,0.05507015064358711,0.9549267292022705,0.6136170029640198,0.869683563709259,-0.17432260513305664,0.5494288206100464,0.2821483910083771,0.9217808246612549,-0.18006369471549988,0.8182525038719177,0.6243813633918762,0.9212274551391602,-0.2507072985172272,0.47931647300720215,0.26898688077926636,0.984168291091919,-0.2459547221660614,0.7222267389297485,0.6178411245346069,0.9309336543083191,-0.3447071611881256,0.537106990814209,0.27905720472335815,0.9857338666915894,-0.32811635732650757,0.7548328638076782,0.6030957698822021,0.8846167325973511,-0.22551409900188446,0.5688353776931763,0.29442039132118225,0.9356896281242371,-0.2237452268600464,0.7807926535606384,0.5456326603889465,0.9591031670570374,0.03563793748617172,0.49720028042793274,0.38329312205314636,0.9513856768608093,-0.03415033593773842,0.5048438310623169,0.5329915285110474,1.593833565711975,-0.10835771262645721,0.01931707002222538,0.34258177876472473,1.5704585313796997,-0.09848164021968842,0.017580846324563026,0.5180588960647583,2.2186126708984375,0.1432972401380539,0.0013479124754667282,0.3319050371646881,2.1930012702941895,-0.03176480904221535,0.0014573292573913932,0.514283299446106,2.2859232425689697,0.14713194966316223,0.001291279448196292,0.31867092847824097,2.262946367263794,-0.036334194242954254,0.002058099489659071,0.49956661462783813,2.3944122791290283,-0.30118387937545776,0.0011870765592902899,0.3596314489841461,2.3719186782836914,-0.554700493812561,0.0016891154227778316
2026-04-30T18:46:57.539712,62,0.44009000062942505,0.13823099434375763,-0.585478663444519,0.9991710782051086,0.45410990715026855,0.09169027954339981,-0.5548356175422668,0.9986082911491394,0.46381044387817383,0.09081371128559113,-0.5550826191902161,0.9985922574996948,0.47383683919906616,0.0896775871515274,-0.5553123950958252,0.9985471367835999,0.42777591943740845,0.09187435358762741,-0.5607694983482361,0.9987199902534485,0.4194197654724121,0.09108198434114456,-0.5606907606124878,0.9986798763275146,0.4111762046813965,0.09092119336128235,-0.560939610004425,0.9985415935516357,0.4858214259147644,0.10836169868707657,-0.2691943049430847,0.9986103177070618,0.398646742105484,0.10989422351121902,-0.2903577983379364,0.9988202452659607,0.4568701386451721,0.18492993712425232,-0.4753163456916809,0.9995434284210205,0.42220884561538696,0.18419910967350006,-0.47929152846336365,0.9995598196983337,0.5582886934280396,0.35372787714004517,-0.05275309830904007,0.9990999102592468,0.32357504963874817,0.35994550585746765,-0.11720386892557144,0.9996316432952881,0.5950919389724731,0.6290757656097412,0.10864760726690292,0.8795881271362305,0.28230780363082886,0.659263551235199,-0.0319967195391655,0.9581209421157837,0.5962907075881958,0.7911974191665649,-0.09104648977518082,0.5871849656105042,0.2602018713951111,0.9716367125511169,-0.24461622536182404,0.8321192860603333,0.6055272817611694,0.8584998846054077,-0.15978190302848816,0.5209420919418335,0.2394315004348755,1.0575822591781616,-0.2978461980819702,0.7427684664726257,0.5897229909896851,0.863594114780426,-0.24459309875965118,0.5739197731018066,0.256202757358551,1.055368423461914,-0.36960986256599426,0.7731488943099976,0.5780497789382935,0.8402302861213684,-0.1343861222267151,0.6027622222900391,0.27260667085647583,1.0107090473175049,-0.2816638648509979,0.7968815565109253,0.5274801254272461,0.9508799314498901,0.0313047356903553,0.543964684009552,0.379195898771286,0.9470994472503662,-0.031134719029068947,0.551345705986023,0.5110968351364136,1.5457347631454468,-0.1038074642419815,0.03693064674735069,0.3320872187614441,1.5284653902053833,-0.0833975076675415,0.03980467468500137,0.5177723169326782,2.1245689392089844,0.13297417759895325,0.004677915945649147,0.3311856985092163,2.1234898567199707,-0.06333187222480774,0.008313783444464207,0.5142970085144043,2.1945927143096924,0.1408674269914627,0.004953012801706791,0.3177279829978943,2.1967103481292725,-0.07208064943552017,0.008532693609595299,0.4996754229068756,2.2996325492858887,-0.2364034354686737,0.006190967746078968,0.35755813121795654,2.3007657527923584,-0.5055102109909058,0.007424641866236925
2026-04-30T18:46:57.646679,63,0.42469292879104614,0.14583469927310944,-0.6188657283782959,0.9992265701293945,0.4421217441558838,0.09838295727968216,-0.5794329643249512,0.9986987709999084,0.4537128508090973,0.09799537807703018,-0.5796743035316467,0.9986855983734131,0.46570080518722534,0.09749745577573776,-0.579914927482605,0.9986377954483032,0.4119599759578705,0.09883208572864532,-0.583655595779419,0.9988067746162415,0.40243810415267944,0.09860016405582428,-0.5833512544631958,0.998772144317627,0.39324069023132324,0.0990220308303833,-0.5835159420967102,0.9986446499824524,0.4842544496059418,0.1178533062338829,-0.27691763639450073,0.9986902475357056,0.3856869339942932,0.11860893666744232,-0.28147298097610474,0.9989008903503418,0.4464317858219147,0.19440670311450958,-0.5028753876686096,0.9995638132095337,0.40715575218200684,0.19458737969398499,-0.5040223598480225,0.9995806813240051,0.566874623298645,0.3652103841304779,-0.04625289887189865,0.9991161227226257,0.31784406304359436,0.36606624722480774,-0.1189056858420372,0.9996166229248047,0.5960428714752197,0.6326540112495422,0.14404484629631042,0.884730875492096,0.27618229389190674,0.6523616909980774,-0.027609169483184814,0.960642397403717,0.5908198356628418,0.7871766686439514,-0.01955360919237137,0.6119534373283386,0.261713445186615,0.961948037147522,-0.25699448585510254,0.8442643284797668,0.6009037494659424,0.877038836479187,-0.09078622609376907,0.5506508946418762,0.2389288693666458,1.0477516651153564,-0.3228803277015686,0.7618998885154724,0.5822861790657043,0.859119176864624,-0.17365586757659912,0.6006366610527039,0.26325544714927673,1.043680191040039,-0.39183181524276733,0.7905158400535583,0.5697252154350281,0.8401908278465271,-0.06449062377214432,0.6276223659515381,0.28092750906944275,0.9935448169708252,-0.2951621413230896,0.8122661709785461,0.5192059874534607,0.9496800303459167,0.027557823807001114,0.5795780420303345,0.3706900179386139,0.9412021636962891,-0.027085786685347557,0.5855706334114075,0.498191773891449,1.5512384176254272,-0.14497005939483643,0.04983597993850708,0.3091866075992584,1.527875304222107,-0.06693204492330551,0.04860599711537361,0.5061187148094177,2.14288592338562,0.08368651568889618,0.005420825909823179,0.31572163105010986,2.1307618618011475,-0.044293858110904694,0.009307150729000568,0.5034903883934021,2.2143452167510986,0.08799806237220764,0.005720383021980524,0.3122406601905823,2.20603084564209,-0.05449783802032471,0.00971857737749815,0.4841575026512146,2.3135387897491455,-0.3381781280040741,0.00709106819704175,0.3337438702583313,2.303581476211548,-0.5297570824623108,0.008937661536037922
2026-04-30T18:46:57.755938,64,0.4148193299770355,0.167985200881958,-0.5164914131164551,0.99921053647995,0.43085941672325134,0.12261012941598892,-0.4795812964439392,0.9987336993217468,0.4416140615940094,0.12121700495481491,-0.480121374130249,0.9987232685089111,0.45270711183547974,0.1198490709066391,-0.4806574285030365,0.998690664768219,0.4037347733974457,0.12477722764015198,-0.4679604470729828,0.9988176822662354,0.39470264315605164,0.1250310093164444,-0.46773862838745117,0.9987664222717285,0.3857269585132599,0.12577958405017853,-0.4680543541908264,0.9986465573310852,0.4726834297180176,0.13366179168224335,-0.16555346548557281,0.998740553855896,0.38062089681625366,0.14083313941955566,-0.1093921884894371,0.9988788962364197,0.436140775680542,0.20753934979438782,-0.39746996760368347,0.9995368123054504,0.4000755846500397,0.20977555215358734,-0.3827098309993744,0.9995140433311462,0.5568391680717468,0.36861303448677063,-0.007085458841174841,0.9991428256034851,0.31800490617752075,0.3683058023452759,0.06274633854627609,0.9994927048683167,0.5809569358825684,0.6281465291976929,-0.05504051595926285,0.8856022953987122,0.29696348309516907,0.6450604796409607,-0.1404425948858261,0.9586475491523743,0.5779656171798706,0.7639167308807373,-0.4735542833805084,0.6377391815185547,0.3462095260620117,0.49951738119125366,-0.774946391582489,0.8579503893852234,0.5972152948379517,0.8284225463867188,-0.5726427435874939,0.5817328095436096,0.3524363040924072,0.4464064836502075,-0.8866931796073914,0.7824249863624573,0.5809712409973145,0.8393688797950745,-0.6423423290252686,0.6289211511611938,0.35589465498924255,0.42976129055023193,-0.8831011056900024,0.8084285259246826,0.5629987120628357,0.7774255871772766,-0.5144427418708801,0.6537837386131287,0.35268980264663696,0.5017646551132202,-0.7953773736953735,0.828406572341919,0.5167659521102905,0.9304880499839783,0.008505196310579777,0.6100262403488159,0.36889633536338806,0.9189023971557617,-0.007817795500159264,0.6147134900093079,0.5044194459915161,1.5222952365875244,-0.19675199687480927,0.05291200056672096,0.30980804562568665,1.5153634548187256,-0.1160438060760498,0.05065447464585304,0.5073857307434082,2.143559455871582,0.06838390976190567,0.0050929877907037735,0.31545713543891907,2.1326520442962646,-0.08006701618432999,0.00867144949734211,0.5049542188644409,2.214474678039551,0.07741595059633255,0.005319694522768259,0.3115794360637665,2.204190731048584,-0.08590808510780334,0.009012858383357525,0.4861944317817688,2.3087360858917236,-0.3846442401409149,0.006543327588587999,0.3393097519874573,2.289910316467285,-0.6114175915718079,0.008267932571470737
2026-04-30T18:46:57.869054,65,0.41924500465393066,0.18393173813819885,-0.5912684202194214,0.9990043044090271,0.43664175271987915,0.1451643854379654,-0.5485942363739014,0.9985256791114807,0.4478476941585541,0.14494070410728455,-0.5490982532501221,0.998492419719696,0.4592033922672272,0.14484409987926483,-0.549726128578186,0.9985044598579407,0.40827828645706177,0.14546853303909302,-0.5527127981185913,0.9986175894737244,0.39945822954177856,0.14561592042446136,-0.5524705052375793,0.9985249638557434,0.39055177569389343,0.1460624635219574,-0.5527722835540771,0.9984579682350159,0.4760611057281494,0.15672633051872253,-0.21428780257701874,0.9984785914421082,0.38263818621635437,0.1555398851633072,-0.2265314757823944,0.9986802339553833,0.43954429030418396,0.21853256225585938,-0.46448296308517456,0.999415934085846,0.404165118932724,0.21921060979366302,-0.4681246280670166,0.9993661642074585,0.5614734888076782,0.4035021960735321,-0.01058376394212246,0.9989795088768005,0.3175453543663025,0.37574657797813416,-0.041608866304159164,0.9992262125015259,0.5827339887619019,0.6291099190711975,0.06765607744455338,0.8872836232185364,0.29219505190849304,0.6419254541397095,0.06730819493532181,0.9580205082893372,0.589173436164856,0.7833492159843445,-0.21186693012714386,0.6299423575401306,0.32225340604782104,0.6346315145492554,-0.10952824354171753,0.8635939359664917,0.6053876280784607,0.880852460861206,-0.29351523518562317,0.5748974084854126,0.3188023567199707,0.6451913714408875,-0.16165128350257874,0.7906833291053772,0.5906373262405396,0.8882398009300232,-0.37284499406814575,0.6218538284301758,0.32599011063575745,0.6337595582008362,-0.21788617968559265,0.8157677054405212,0.5738130807876587,0.8369181752204895,-0.25755494832992554,0.647675096988678,0.33482566475868225,0.6458154916763306,-0.13919374346733093,0.8348886966705322,0.5177353620529175,0.9333639144897461,0.004686293192207813,0.6400156021118164,0.36683180928230286,0.9192537069320679,-0.004536304622888565,0.6418101191520691,0.4996238648891449,1.5359249114990234,-0.18648436665534973,0.06635657697916031,0.3079354763031006,1.5220649242401123,-0.10924883186817169,0.06207789108157158,0.5039244294166565,2.1553778648376465,0.099204421043396,0.005681551992893219,0.3151889443397522,2.140510082244873,-0.0536358579993248,0.009574334137141705,0.5011540651321411,2.2267708778381348,0.10781373828649521,0.005712834186851978,0.31130251288414,2.2136666774749756,-0.05925979092717171,0.010085513815283775,0.4816392958164215,2.3208494186401367,-0.3630044460296631,0.006490636151283979,0.33930402994155884,2.297337532043457,-0.588212788105011,0.008574815467000008
2026-04-30T18:46:57.974875,66,0.4261725842952728,0.18872886896133423,-0.5249064564704895,0.9990122318267822,0.44256192445755005,0.1525731384754181,-0.47592777013778687,0.9985474348068237,0.452833354473114,0.1518086940050125,-0.4764411449432373,0.9985155463218689,0.46327081322669983,0.15145611763000488,-0.4769746661186218,0.9985315203666687,0.4148409366607666,0.15425609052181244,-0.4811776280403137,0.9986419081687927,0.40578168630599976,0.15455225110054016,-0.48088377714157104,0.9985559582710266,0.39664310216903687,0.15556377172470093,-0.48121577501296997,0.9985061883926392,0.47745180130004883,0.1658860743045807,-0.1436360776424408,0.9984527230262756,0.3864452540874481,0.16817191243171692,-0.15544560551643372,0.998706579208374,0.4446123540401459,0.22006207704544067,-0.4011238217353821,0.9993952512741089,0.41029229760169983,0.22134806215763092,-0.4050169885158539,0.9993476271629333,0.5655916333198547,0.4065941572189331,0.05511784553527832,0.9989847540855408,0.3235628604888916,0.3836638033390045,0.004286575131118298,0.9992162585258484,0.5919781923294067,0.6300601363182068,0.13644035160541534,0.8917543292045593,0.30762284994125366,0.6385809183120728,0.1483413428068161,0.9596735835075378,0.5974220037460327,0.7939493060112,-0.18841499090194702,0.6394635438919067,0.3022953271865845,0.8501347303390503,-0.0423339419066906,0.8710308074951172,0.6126269698143005,0.9034616351127625,-0.2802298665046692,0.5865421891212463,0.2903401851654053,0.904809832572937,-0.10050719976425171,0.8021926283836365,0.5989559292793274,0.9094507098197937,-0.36463040113449097,0.6320340633392334,0.3005880117416382,0.9110011458396912,-0.17303259670734406,0.8261563181877136,0.5820193290710449,0.8609939813613892,-0.2377862185239792,0.6573623418807983,0.3119980990886688,0.8885316252708435,-0.07888182997703552,0.844091534614563,0.5198021531105042,0.9342682361602783,0.0045664943754673,0.6672995090484619,0.3666176497936249,0.9217034578323364,-0.004292651079595089,0.6683959364891052,0.5018985271453857,1.5340969562530518,-0.17084242403507233,0.07119156420230865,0.3084264099597931,1.514266848564148,-0.0982307568192482,0.06871313601732254,0.5043954849243164,2.143066644668579,0.09688808023929596,0.005760361440479755,0.3155900239944458,2.126101493835449,-0.03503624349832535,0.009853575378656387,0.502031683921814,2.2122550010681152,0.10446332395076752,0.005851644091308117,0.31285232305526733,2.19777512550354,-0.03950502350926399,0.01058974489569664,0.4813374876976013,2.3068389892578125,-0.34853872656822205,0.006416028831154108,0.3399403691291809,2.2853195667266846,-0.5598669052124023,0.008801817893981934
2026-04-30T18:46:58.087783,67,0.4302152693271637,0.18876855075359344,-0.5824915766716003,0.9989394545555115,0.44759640097618103,0.15202970802783966,-0.5351943373680115,0.9984937906265259,0.4583563208580017,0.1513550579547882,-0.5356467366218567,0.9984590411186218,0.46912822127342224,0.15112526714801788,-0.5361868143081665,0.9984842538833618,0.4172397255897522,0.15400798618793488,-0.5394123196601868,0.9985607266426086,0.4072791635990143,0.15437278151512146,-0.5391881465911865,0.9984609484672546,0.3973162770271301,0.15543600916862488,-0.5394876003265381,0.9984138011932373,0.482896625995636,0.16839271783828735,-0.18333202600479126,0.9984005689620972,0.38718169927597046,0.1714414656162262,-0.18929369747638702,0.9985960125923157,0.4489918351173401,0.22227592766284943,-0.45228123664855957,0.9993221759796143,0.4128468930721283,0.2234542965888977,-0.4554828703403473,0.9992240071296692,0.5689328908920288,0.4068557322025299,0.047085508704185486,0.9989361763000488,0.33299940824508667,0.39493033289909363,0.006295821163803339,0.9989628791809082,0.5918587446212769,0.6233269572257996,0.13845695555210114,0.8937720656394958,0.30734238028526306,0.6579605937004089,-0.00380890560336411,0.9594806432723999,0.5998315811157227,0.7997699975967407,-0.18148140609264374,0.655806839466095,0.3080959916114807,0.7928970456123352,-0.43890851736068726,0.8810898661613464,0.6152147054672241,0.9147760272026062,-0.27558884024620056,0.6046866178512573,0.2924439311027527,0.90013188123703,-0.5567588210105896,0.8171095848083496,0.601012110710144,0.9113615155220032,-0.3665975034236908,0.6491023302078247,0.2976185977458954,0.8787230849266052,-0.6049684882164001,0.839352011680603,0.5854268074035645,0.8725640773773193,-0.23396757245063782,0.6724381446838379,0.32650792598724365,0.783018946647644,-0.47572946548461914,0.8555191159248352,0.5211528539657593,0.9351895451545715,-0.0030887052416801453,0.6949217915534973,0.36617156863212585,0.9213600754737854,0.0036863957066088915,0.6943343877792358,0.5003935694694519,1.5268536806106567,-0.2471768856048584,0.08966521918773651,0.3087615370750427,1.5063632726669312,-0.12333309650421143,0.07816212624311447,0.5051679015159607,2.1260719299316406,0.028462190181016922,0.006767661776393652,0.319699227809906,2.111776113510132,-0.09110252559185028,0.010774128139019012,0.5025339126586914,2.1971564292907715,0.036068566143512726,0.006314148660749197,0.31877273321151733,2.185673952102661,-0.10035379230976105,0.011204369366168976,0.4822792410850525,2.281357526779175,-0.45042338967323303,0.006772802211344242,0.34470558166503906,2.263892412185669,-0.6356947422027588,0.009186217561364174
2026-04-30T18:46:58.193830,68,0.4572475850582123,0.20095635950565338,-0.43117278814315796,0.9989184141159058,0.46942105889320374,0.16941818594932556,-0.3743821978569031,0.9985392093658447,0.4778827726840973,0.16967029869556427,-0.37501853704452515,0.9985108375549316,0.48611313104629517,0.16989469528198242,-0.3756445348262787,0.9985408186912537,0.44415950775146484,0.16835473477840424,-0.40032339096069336,0.9985764622688293,0.43603459000587463,0.16787730157375336,-0.40023574233055115,0.9984733462333679,0.42829570174217224,0.16804353892803192,-0.40049833059310913,0.9983996152877808,0.48843011260032654,0.18651719391345978,-0.008006910793483257,0.9984831213951111,0.4165647029876709,0.18430979549884796,-0.12290544807910919,0.9985833168029785,0.47162336111068726,0.23455098271369934,-0.29000067710876465,0.9992824792861938,0.4428882598876953,0.2321396768093109,-0.32433685660362244,0.9991231560707092,0.5681753754615784,0.4288522005081177,0.24953635036945343,0.9988807439804077,0.3540962338447571,0.39031946659088135,-0.021473156288266182,0.9987685084342957,0.5747506022453308,0.6594486236572266,0.3318153917789459,0.8911575675010681,0.326880544424057,0.6214434504508972,-0.2963933050632477,0.9602904915809631,0.5955453515052795,0.8055512309074402,0.07575119286775589,0.6669825315475464,0.3732815086841583,0.5237740278244019,-0.846237301826477,0.8915479183197021,0.613338828086853,0.9208840727806091,0.005890915635973215,0.6174384951591492,0.3740326762199402,0.4996512234210968,-0.9528717994689941,0.832592785358429,0.6006613969802856,0.9142863154411316,-0.08860074728727341,0.6611929535865784,0.36513298749923706,0.481742262840271,-0.960218608379364,0.8528370261192322,0.5863699316978455,0.8794508576393127,0.024567214772105217,0.6834026575088501,0.3766297698020935,0.4895666241645813,-0.8659491539001465,0.867481529712677,0.5202987194061279,0.9348767995834351,0.04429379478096962,0.7229163646697998,0.37625759840011597,0.920892596244812,-0.04365771263837814,0.7218561768531799,0.49977993965148926,1.52410089969635,-0.21106338500976562,0.1360829770565033,0.3199828267097473,1.5081202983856201,-0.15414753556251526,0.11341147869825363,0.5058567523956299,2.1097095012664795,0.06028500944375992,0.01086860429495573,0.33066558837890625,2.1156411170959473,-0.1561954915523529,0.019711848348379135,0.500537633895874,2.177286386489868,0.06803026050329208,0.009907030500471592,0.32410818338394165,2.191012382507324,-0.16694357991218567,0.016438646242022514,0.5031036138534546,2.2608141899108887,-0.3732469975948334,0.011100303381681442,0.36261022090911865,2.2560551166534424,-0.6471450328826904,0.015228780917823315
2026-04-30T18:46:58.302473,69,0.5005420446395874,0.2257581353187561,-0.32931771874427795,0.9988927245140076,0.5096506476402283,0.190178781747818,-0.26849356293678284,0.9985979795455933,0.5170282125473022,0.1904207020998001,-0.26914840936660767,0.9985780715942383,0.5238150954246521,0.19051654636859894,-0.2696824371814728,0.9986046552658081,0.48315876722335815,0.1878080815076828,-0.3125956058502197,0.9986173510551453,0.47252121567726135,0.18618044257164001,-0.31270021200180054,0.9985264539718628,0.4619812071323395,0.18471045792102814,-0.3130863308906555,0.9984341859817505,0.514014720916748,0.20465268194675446,0.09168732166290283,0.9985803961753845,0.4416375756263733,0.19641834497451782,-0.10518654435873032,0.9986361861228943,0.5107082724571228,0.2635907530784607,-0.18704020977020264,0.9992547035217285,0.4816053807735443,0.2565659284591675,-0.24573568999767303,0.9990494251251221,0.5707401037216187,0.4541460871696472,0.3359004855155945,0.9987809062004089,0.36990436911582947,0.38892820477485657,-0.10046625137329102,0.9986677169799805,0.5782171487808228,0.6982471346855164,0.40500348806381226,0.877866268157959,0.359212189912796,0.4670839011669159,-0.5557260513305664,0.963028609752655,0.5927966833114624,0.8269422054290771,0.15504951775074005,0.674010694026947,0.47938674688339233,0.2985425293445587,-1.0506987571716309,0.901980459690094,0.6098008155822754,0.9028096795082092,0.09290862828493118,0.6243243217468262,0.48896169662475586,0.23608244955539703,-1.1682037115097046,0.8481054306030273,0.5992163419723511,0.9022470712661743,0.0020995207596570253,0.6679686903953552,0.48996129631996155,0.23964597284793854,-1.1290929317474365,0.8663548231124878,0.5855910181999207,0.8797649145126343,0.10715653002262115,0.6881390810012817,0.4871745705604553,0.25801995396614075,-1.0488929748535156,0.8794087171554565,0.5222920775413513,0.9414247870445251,0.08147847652435303,0.744182825088501,0.38459357619285583,0.9213727712631226,-0.08103721588850021,0.7433924078941345,0.49959754943847656,1.5222691297531128,-0.19557347893714905,0.16633424162864685,0.320629745721817,1.5077651739120483,-0.19547756016254425,0.13791309297084808,0.5062287449836731,2.098587989807129,0.06532410532236099,0.013112562708556652,0.33193397521972656,2.1178441047668457,-0.20882239937782288,0.025565650314092636,0.499450147151947,2.164592981338501,0.07427264004945755,0.011877155862748623,0.32364779710769653,2.1950058937072754,-0.22084292769432068,0.01972806081175804,0.5279369950294495,2.2522621154785156,-0.35790368914604187,0.014478811994194984,0.3791285455226898,2.2528297901153564,-0.6805431246757507,0.019370062276721
2026-04-30T18:46:58.416535,70,0.5172126889228821,0.2311786562204361,-0.4439219832420349,0.9989044666290283,0.530091404914856,0.19735197722911835,-0.3945348560810089,0.9986473321914673,0.537868857383728,0.19884327054023743,-0.39502212405204773,0.9986334443092346,0.5449073314666748,0.20049366354942322,-0.39555537700653076,0.9986522793769836,0.5022919178009033,0.19312892854213715,-0.40632811188697815,0.9986523985862732,0.4907127916812897,0.19149821996688843,-0.4063240885734558,0.998568594455719,0.4790792465209961,0.19031283259391785,-0.40677395462989807,0.9984623789787292,0.5389196872711182,0.21748057007789612,-0.04623212292790413,0.9986546039581299,0.4600321352481842,0.20456385612487793,-0.18332238495349884,0.9986804723739624,0.5257925391197205,0.2716311812400818,-0.3111608326435089,0.9992616772651672,0.4953669011592865,0.2619640827178955,-0.323224812746048,0.9990597367286682,0.5820894241333008,0.4581117331981659,0.191620871424675,0.9987761974334717,0.37664467096328735,0.39132797718048096,-0.13124626874923706,0.9986630082130432,0.5803446173667908,0.7138064503669739,0.28489136695861816,0.8755574822425842,0.36539095640182495,0.516721248626709,-0.4088461399078369,0.9649711847305298,0.5903090238571167,0.8697971701622009,0.024167947471141815,0.6726170778274536,0.48257485032081604,0.3759196996688843,-0.8442756533622742,0.9108617305755615,0.6064420938491821,0.9213320016860962,-0.04737483337521553,0.6255524754524231,0.49456173181533813,0.31987476348876953,-0.9416419863700867,0.8611275553703308,0.5942591428756714,0.9073891043663025,-0.13648170232772827,0.6693696975708008,0.49396243691444397,0.3224307894706726,-0.9334519505500793,0.8777036666870117,0.5808097124099731,0.8871142864227295,-0.024393487721681595,0.6903358697891235,0.4916878640651703,0.3374228775501251,-0.8533689379692078,0.8894720077514648,0.5229992866516113,0.9427608847618103,0.06618097424507141,0.7606574892997742,0.3864209055900574,0.9220609068870544,-0.06543591618537903,0.7583652138710022,0.5001951456069946,1.521454095840454,-0.1907450258731842,0.1969330608844757,0.3242603838443756,1.5085995197296143,-0.16538365185260773,0.15896078944206238,0.5062800645828247,2.1029090881347656,0.08599245548248291,0.014386690221726894,0.3314686119556427,2.1112101078033447,-0.12973202764987946,0.027823496609926224,0.4974544942378998,2.167386054992676,0.09574870020151138,0.012536050751805305,0.32242733240127563,2.184466600418091,-0.13676877319812775,0.020524851977825165,0.5242523550987244,2.256255626678467,-0.3446537256240845,0.01578773371875286,0.37038522958755493,2.2398836612701416,-0.6296097040176392,0.0216009970754385
2026-04-30T18:46:58.524083,71,0.52818363904953,0.23323529958724976,-0.5414091348648071,0.9989708662033081,0.5409716367721558,0.20019079744815826,-0.49246129393577576,0.9987329244613647,0.5488971471786499,0.20159149169921875,-0.4930158257484436,0.9987238645553589,0.556357204914093,0.20316043496131897,-0.49349650740623474,0.9987340569496155,0.5126185417175293,0.19666405022144318,-0.5312758684158325,0.9987342953681946,0.5008711218833923,0.19536688923835754,-0.5310323238372803,0.9986589550971985,0.48878663778305054,0.19448970258235931,-0.5311182737350464,0.9985514283180237,0.5538688898086548,0.22025872766971588,-0.12985150516033173,0.9987461566925049,0.468478262424469,0.2097807675600052,-0.31651201844215393,0.9987732172012329,0.5362088680267334,0.27452436089515686,-0.4013638496398926,0.9993091821670532,0.5045884847640991,0.26652416586875916,-0.4519694745540619,0.9991277456283569,0.5946425199508667,0.4550926387310028,0.17348612844944,0.9988317489624023,0.3810900151729584,0.39293575286865234,-0.16096508502960205,0.9987280964851379,0.5860592126846313,0.7189332246780396,0.2462209165096283,0.8797927498817444,0.3680204749107361,0.5400536060333252,-0.2950250208377838,0.966405987739563,0.5918431878089905,0.8817664980888367,-0.008112245239317417,0.6748896241188049,0.4327242970466614,0.5704526901245117,-0.6257146000862122,0.9178752303123474,0.6087124943733215,0.9288271069526672,-0.05425577610731125,0.6313018202781677,0.42914214730262756,0.587272584438324,-0.7015684247016907,0.8717904686927795,0.5956015586853027,0.9238060116767883,-0.15310433506965637,0.6746410727500916,0.4345361590385437,0.5496373772621155,-0.731653094291687,0.8871127963066101,0.5825237035751343,0.8930658102035522,-0.05014960840344429,0.6971722841262817,0.44088858366012573,0.5482724905014038,-0.6457053422927856,0.8979325890541077,0.5289707183837891,0.9409958124160767,0.059136223047971725,0.7788085341453552,0.3908197283744812,0.9207231998443604,-0.05834582448005676,0.7749450206756592,0.5027446150779724,1.5067919492721558,-0.13489314913749695,0.22826990485191345,0.3358819782733917,1.4922478199005127,-0.15296058356761932,0.1782519817352295,0.5115567445755005,2.084761619567871,0.1061871275305748,0.016177278012037277,0.3355303406715393,2.077982187271118,-0.12851308286190033,0.030578438192605972,0.5017813444137573,2.146894693374634,0.11245260387659073,0.014112044125795364,0.32674336433410645,2.147944927215576,-0.13535133004188538,0.022441843524575233,0.5222485661506653,2.2395200729370117,-0.29153212904930115,0.017082856968045235,0.36982718110084534,2.2066893577575684,-0.591457724571228,0.02390126697719097
2026-04-30T18:46:58.636163,72,0.5346459150314331,0.2362702190876007,-0.342270165681839,0.99906986951828,0.5462074279785156,0.2002299427986145,-0.2961263358592987,0.9988534450531006,0.5540157556533813,0.20154599845409393,-0.2965838313102722,0.998846173286438,0.5613659620285034,0.20316965878009796,-0.2968774735927582,0.9988544583320618,0.518224835395813,0.19662903249263763,-0.32935211062431335,0.9988546371459961,0.5063130259513855,0.1953275203704834,-0.3287137746810913,0.9987877011299133,0.4939880967140198,0.19461017847061157,-0.32867783308029175,0.9986895322799683,0.5596893429756165,0.22056740522384644,-0.0008023797417990863,0.9988638162612915,0.4726080298423767,0.21021629869937897,-0.14704976975917816,0.9988916516304016,0.5424103140830994,0.27938419580459595,-0.22955217957496643,0.9993740320205688,0.5110395550727844,0.27123886346817017,-0.2715943157672882,0.9992114901542664,0.5999183058738708,0.4586103856563568,0.22928237915039062,0.9989215135574341,0.38461267948150635,0.39748910069465637,-0.13203391432762146,0.9988438487052917,0.5870699286460876,0.726520836353302,0.33594876527786255,0.8863931894302368,0.3643360733985901,0.6253468990325928,-0.14484287798404694,0.9681932926177979,0.5932751893997192,0.9296228289604187,0.11699225753545761,0.6730293035507202,0.3725913465023041,0.8682729005813599,-0.35150474309921265,0.9236454963684082,0.6096621155738831,1.011415958404541,0.03683803603053093,0.6400255560874939,0.3474402129650116,0.9262692928314209,-0.411888062953949,0.8820063471794128,0.5969634652137756,1.0012959241867065,-0.04032996669411659,0.6826709508895874,0.35830390453338623,0.9198132157325745,-0.45963889360427856,0.896296501159668,0.5835813283920288,0.9519850015640259,0.06879828125238419,0.707369327545166,0.3727831244468689,0.8815101385116577,-0.37912747263908386,0.9064687490463257,0.5295445919036865,0.9391261339187622,0.10585351288318634,0.7837474346160889,0.3936655819416046,0.9164578914642334,-0.10430385172367096,0.7786350250244141,0.503272533416748,1.5069559812545776,-0.03901055082678795,0.22558027505874634,0.3363320529460907,1.4860224723815918,-0.07953477650880814,0.18058805167675018,0.5047769546508789,2.0787012577056885,0.10768748819828033,0.015199300833046436,0.33353230357170105,2.067779779434204,-0.12646833062171936,0.029147159308195114,0.494284063577652,2.1396968364715576,0.10776825249195099,0.013622463680803776,0.31615737080574036,2.1348772048950195,-0.11940578371286392,0.021274350583553314,0.5213674306869507,2.230229139328003,-0.27753308415412903,0.017241042107343674,0.3687288165092468,2.207151174545288,-0.5467194318771362,0.025260576978325844
2026-04-30T18:46:58.745540,73,0.5354558229446411,0.24109087884426117,-0.4047241806983948,0.9991466403007507,0.5467349290847778,0.2063070386648178,-0.35780221223831177,0.9989503622055054,0.5545117259025574,0.20704242587089539,-0.3583282232284546,0.9989448189735413,0.5618366003036499,0.20807909965515137,-0.3588201403617859,0.9989522695541382,0.5186715126037598,0.20320788025856018,-0.38878604769706726,0.9989488124847412,0.5066764950752258,0.20175738632678986,-0.38828369975090027,0.9988876581192017,0.4947524070739746,0.20074746012687683,-0.3883097469806671,0.9987959265708923,0.5596261620521545,0.22267381846904755,-0.03154023736715317,0.9989606738090515,0.47265759110450745,0.2132004052400589,-0.16952401399612427,0.9989866018295288,0.5446926951408386,0.2807334065437317,-0.278982013463974,0.9994255304336548,0.5120661854743958,0.27255022525787354,-0.3191797137260437,0.9992784857749939,0.6009782552719116,0.45335716009140015,0.18822768330574036,0.9990103840827942,0.38722994923591614,0.3957541882991791,-0.10350284725427628,0.9989275336265564,0.5874792337417603,0.7195073962211609,0.29706302285194397,0.893748939037323,0.372491717338562,0.6363418102264404,-0.17364993691444397,0.9698939919471741,0.5975874066352844,0.9283518195152283,0.04300118237733841,0.6873601078987122,0.3719291687011719,0.8106337189674377,-0.41091838479042053,0.9299417734146118,0.6157974004745483,0.9992368817329407,-0.03477047383785248,0.6569921970367432,0.3584514558315277,0.8342071771621704,-0.4668564200401306,0.8916891813278198,0.6023164987564087,0.9947727918624878,-0.11391259729862213,0.6981896758079529,0.36522454023361206,0.891693115234375,-0.5052987933158875,0.9048156142234802,0.5878947377204895,0.9468812942504883,-0.005800173617899418,0.7225520610809326,0.377794086933136,0.8354686498641968,-0.440960556268692,0.9141592383384705,0.5301867723464966,0.9374588131904602,0.0890020802617073,0.8005187511444092,0.3937111794948578,0.9147129654884338,-0.08757581561803818,0.7938642501831055,0.5046000480651855,1.4976009130477905,-0.04592108353972435,0.24650147557258606,0.3440937101840973,1.4789183139801025,-0.08244358003139496,0.1937047392129898,0.5082722902297974,2.068608045578003,0.14562970399856567,0.0156405009329319,0.3433048129081726,2.0553526878356934,-0.0925762727856636,0.0294454637914896,0.498699814081192,2.127004384994507,0.14745838940143585,0.014223651960492134,0.33071985840797424,2.1187987327575684,-0.08671124279499054,0.021430306136608124,0.519816517829895,2.224142551422119,-0.2313971221446991,0.017339417710900307,0.37321147322654724,2.195801019668579,-0.5265020132064819,0.025793442502617836
2026-04-30T18:46:58.851095,74,0.5213518142700195,0.2386774867773056,-0.5246747732162476,0.9992002248764038,0.5376034379005432,0.20441924035549164,-0.4936765134334564,0.9990085363388062,0.545813262462616,0.20513245463371277,-0.4939348101615906,0.9990045428276062,0.5533990859985352,0.2060711830854416,-0.49442750215530396,0.9990097284317017,0.5117594003677368,0.20126937329769135,-0.4989139139652252,0.9990079402923584,0.5026620626449585,0.19985291361808777,-0.49825605750083923,0.9989488124847412,0.4937312602996826,0.19898827373981476,-0.4982866644859314,0.9988633394241333,0.5534900426864624,0.22067245841026306,-0.20541813969612122,0.9990168809890747,0.46948567032814026,0.21248863637447357,-0.22608701884746552,0.9990474581718445,0.5326460599899292,0.2780649960041046,-0.4138321876525879,0.9994644522666931,0.5018951296806335,0.2704179883003235,-0.4186616539955139,0.9993294477462769,0.600583016872406,0.4529956877231598,-0.009893182665109634,0.9990801215171814,0.3834165930747986,0.3960150480270386,-0.08872522413730621,0.9989947080612183,0.5915786027908325,0.7181376814842224,0.11573673784732819,0.9007968902587891,0.36573466658592224,0.6342644095420837,0.06584331393241882,0.9704921841621399,0.6030763983726501,0.923828661441803,-0.12002847343683243,0.6963955163955688,0.32714706659317017,0.8713917136192322,-0.06512419134378433,0.931584358215332,0.6184655427932739,0.991587221622467,-0.18938668072223663,0.665561854839325,0.301135778427124,0.9377011060714722,-0.10532186925411224,0.8944256901741028,0.6024355888366699,0.9864318370819092,-0.2658529281616211,0.7068426609039307,0.31156283617019653,0.9453250765800476,-0.16521479189395905,0.9075900912284851,0.5886589884757996,0.945109486579895,-0.16343864798545837,0.7305114269256592,0.33173325657844543,0.8977007269859314,-0.09574150294065475,0.9165245294570923,0.5296791791915894,0.9308751821517944,0.030054304748773575,0.8118836283683777,0.39306819438934326,0.9126642346382141,-0.02898659184575081,0.8034554123878479,0.5046777129173279,1.4890514612197876,-0.11274168640375137,0.2362416386604309,0.34287744760513306,1.463568091392517,-0.08083557337522507,0.1855078637599945,0.5069342851638794,2.061109781265259,0.11553587019443512,0.014709185808897018,0.34186071157455444,2.0341098308563232,-0.07083760201931,0.02734803780913353,0.49894028902053833,2.1239676475524902,0.12143467366695404,0.013562091626226902,0.33026397228240967,2.1014459133148193,-0.07001763582229614,0.020399585366249084,0.49388012290000916,2.2149388790130615,-0.2901664078235626,0.016072895377874374,0.36685219407081604,2.1747498512268066,-0.5268160700798035,0.023988358676433563
2026-04-30T18:46:58.964553,75,0.5066890120506287,0.24442563951015472,-0.660979688167572,0.9992613792419434,0.5222259163856506,0.21062879264354706,-0.6324990391731262,0.9990797638893127,0.5300917029380798,0.21070487797260284,-0.6326853632926941,0.9990779757499695,0.5376741886138916,0.21101157367229462,-0.6330547332763672,0.9990817308425903,0.4999052882194519,0.2089507281780243,-0.6396094560623169,0.9990769028663635,0.49305614829063416,0.20796772837638855,-0.6392792463302612,0.9990193247795105,0.4866364896297455,0.207585409283638,-0.6394400000572205,0.9989367723464966,0.539749026298523,0.22303400933742523,-0.3307080864906311,0.9990907311439514,0.46679821610450745,0.2181587964296341,-0.36401769518852234,0.9991158246994019,0.5187512636184692,0.27995651960372925,-0.5415907502174377,0.9995051622390747,0.4884968400001526,0.2748592495918274,-0.5513510704040527,0.9993795156478882,0.6003361940383911,0.45119497179985046,-0.09708549827337265,0.9991641640663147,0.3810276687145233,0.39560550451278687,-0.12243745476007462,0.9990715384483337,0.5932372808456421,0.6997417211532593,0.07148700952529907,0.9080883860588074,0.3632848262786865,0.6074914932250977,0.15776945650577545,0.9716594219207764,0.6108097434043884,0.9188547730445862,-0.19505786895751953,0.7165577411651611,0.3465384840965271,0.7438982129096985,0.2086121290922165,0.93653804063797,0.6242221593856812,0.9870469570159912,-0.26784127950668335,0.6851441860198975,0.34007391333580017,0.782294511795044,0.19819791615009308,0.9008276462554932,0.6091528534889221,0.9854239821434021,-0.35748499631881714,0.7252343893051147,0.34699898958206177,0.770643413066864,0.13544747233390808,0.9132368564605713,0.5960420370101929,0.9443798661231995,-0.2421407401561737,0.7473000288009644,0.35906046628952026,0.7648274898529053,0.18568001687526703,0.9217148423194885,0.5297968983650208,0.925648033618927,0.009274864569306374,0.827655553817749,0.3925290107727051,0.9103130102157593,-0.00831106398254633,0.8191488981246948,0.5116143226623535,1.4616104364395142,-0.15297165513038635,0.22958287596702576,0.3526168167591095,1.4474372863769531,-0.10198702663183212,0.1769750416278839,0.5136023163795471,2.025972604751587,0.10818624496459961,0.01403491199016571,0.3485255837440491,2.0051121711730957,-0.06958141177892685,0.02533375658094883,0.5083542466163635,2.0880637168884277,0.11760188639163971,0.013117668218910694,0.34069567918777466,2.072230100631714,-0.07152881473302841,0.019218526780605316,0.49478879570961,2.177886724472046,-0.2986769676208496,0.014911581762135029,0.37539851665496826,2.137051820755005,-0.5370110273361206,0.02206229977309704
2026-04-30T18:46:59.069225,76,0.4777880311012268,0.2438509464263916,-0.5664049983024597,0.9992656707763672,0.49224892258644104,0.2078174501657486,-0.5473160147666931,0.9990701079368591,0.5002893209457397,0.20847901701927185,-0.5471735596656799,0.999078631401062,0.5087429285049438,0.2094535082578659,-0.5468838214874268,0.9990754127502441,0.4706321656703949,0.20501631498336792,-0.5192270278930664,0.9990705251693726,0.464674174785614,0.20381507277488708,-0.5190436840057373,0.9990121126174927,0.45962071418762207,0.2033069133758545,-0.5194731950759888,0.9989283680915833,0.5170831084251404,0.22099439799785614,-0.2525660991668701,0.9990611672401428,0.44532641768455505,0.21510188281536102,-0.21242377161979675,0.9991067051887512,0.491446316242218,0.27265363931655884,-0.5005740523338318,0.9994910359382629,0.46324095129966736,0.2734549641609192,-0.44700461626052856,0.9993699193000793,0.592852771282196,0.44310706853866577,-0.06319023668766022,0.9992287755012512,0.3700672388076782,0.39894619584083557,0.00016631305334158242,0.9991298317909241,0.5934496521949768,0.6743705868721008,0.015798572450876236,0.9134751558303833,0.343418687582016,0.6273800134658813,0.2508154511451721,0.9727758765220642,0.6112061738967896,0.8847976922988892,-0.2878430485725403,0.733152449131012,0.29999372363090515,0.9074521660804749,0.20053184032440186,0.9360538125038147,0.6242204308509827,0.9404956102371216,-0.3664757013320923,0.7000635862350464,0.28148123621940613,0.9736185073852539,0.1844533085823059,0.8982868194580078,0.6103333234786987,0.9529292583465576,-0.44801101088523865,0.7383466362953186,0.2969372272491455,0.9725109338760376,0.10270186513662338,0.9113760590553284,0.5978677868843079,0.9294965863227844,-0.3324210047721863,0.7586575746536255,0.30989325046539307,0.9494711756706238,0.1652364730834961,0.9202157855033875,0.5306894183158875,0.9226270318031311,-0.019222436472773552,0.8386544585227966,0.39216262102127075,0.9103745818138123,0.02023506350815296,0.8316877484321594,0.5184085965156555,1.4628760814666748,-0.1679495871067047,0.21180084347724915,0.35657840967178345,1.4368308782577515,-0.10543006658554077,0.1649174690246582,0.5192688703536987,2.0144567489624023,0.10035894811153412,0.013055725954473019,0.35398465394973755,1.9849903583526611,-0.06734093278646469,0.023187648504972458,0.5179656744003296,2.0766537189483643,0.11153167486190796,0.012316934764385223,0.34911614656448364,2.0497214794158936,-0.07067623734474182,0.017949048429727554,0.4955929219722748,2.16483998298645,-0.29716458916664124,0.013805813156068325,0.38229450583457947,2.131584644317627,-0.5239458084106445,0.02012825198471546
2026-04-30T18:46:59.175391,77,0.4550272822380066,0.23909276723861694,-0.525846540927887,0.9992862343788147,0.47034764289855957,0.2053743302822113,-0.48806920647621155,0.9990811347961426,0.4798123240470886,0.2058444768190384,-0.4882130026817322,0.9990962147712708,0.48911720514297485,0.20671887695789337,-0.48826083540916443,0.9990975260734558,0.44593924283981323,0.20416754484176636,-0.47268909215927124,0.9990799427032471,0.43911057710647583,0.20196853578090668,-0.47235044836997986,0.9990267157554626,0.43225550651550293,0.2008354514837265,-0.4727660119533539,0.9989495873451233,0.5023461580276489,0.21883563697338104,-0.1943562924861908,0.9990510940551758,0.4215300977230072,0.21370501816272736,-0.15141969919204712,0.9991040229797363,0.47201472520828247,0.2695072889328003,-0.4418095648288727,0.9994858503341675,0.4415675699710846,0.2719894349575043,-0.4045271873474121,0.9993553161621094,0.5847269892692566,0.44218504428863525,-0.03042035736143589,0.9992542862892151,0.35728877782821655,0.40717774629592896,-0.006593008991330862,0.9991233944892883,0.592706561088562,0.6737275719642639,0.07527567446231842,0.9132678508758545,0.33369770646095276,0.6385558247566223,0.08982133120298386,0.972139835357666,0.6091932058334351,0.8898393511772156,-0.2694024443626404,0.7328042387962341,0.2898833453655243,0.9339638352394104,-0.1022741049528122,0.9310287833213806,0.6211274862289429,0.9632263779640198,-0.3320671617984772,0.6963605284690857,0.269827663898468,0.9904225468635559,-0.1370716392993927,0.8907139301300049,0.6070269346237183,0.9670245051383972,-0.4103323519229889,0.7351991534233093,0.28608188033103943,0.9968335628509521,-0.16939063370227814,0.905075192451477,0.5940569639205933,0.9354216456413269,-0.32668495178222656,0.7554394006729126,0.29975172877311707,0.9724103212356567,-0.1252909004688263,0.9142148494720459,0.5303536057472229,0.9368468523025513,-0.017373811453580856,0.8374614715576172,0.3895728588104248,0.9211943745613098,0.018805107101798058,0.8295990228652954,0.5209969878196716,1.469247579574585,-0.16400551795959473,0.19215154647827148,0.3557569086551666,1.4441335201263428,-0.10610613971948624,0.1504928171634674,0.5218619108200073,2.022728681564331,0.10086753219366074,0.011863204650580883,0.3521663546562195,2.0021328926086426,-0.05338306352496147,0.02105761505663395,0.5231786370277405,2.085566520690918,0.11175537109375,0.011216390877962112,0.3479228615760803,2.068636178970337,-0.0542118176817894,0.016451716423034668,0.49602586030960083,2.1743316650390625,-0.2992199659347534,0.012535367161035538,0.38117045164108276,2.147967576980591,-0.5227946043014526,0.0183197483420372
2026-04-30T18:46:59.288736,78,0.4497032165527344,0.23691441118717194,-0.33459413051605225,0.9992353916168213,0.4632461965084076,0.20432692766189575,-0.2961309254169464,0.9989879131317139,0.47191721200942993,0.20500272512435913,-0.2965330183506012,0.9990271329879761,0.48063212633132935,0.2060725837945938,-0.2968306243419647,0.9990295767784119,0.4403765797615051,0.2022913098335266,-0.288635790348053,0.9990106225013733,0.4336322844028473,0.2000807672739029,-0.28857892751693726,0.9989592432975769,0.42687684297561646,0.19896166026592255,-0.2889992296695709,0.9988869428634644,0.49318820238113403,0.21739649772644043,-0.05038200691342354,0.9989210367202759,0.41488537192344666,0.21285371482372284,-0.012325907126069069,0.9990025162696838,0.4650709629058838,0.2648788392543793,-0.24575594067573547,0.9993749260902405,0.43614068627357483,0.27007466554641724,-0.2326984405517578,0.999237060546875,0.5727317929267883,0.43952852487564087,-0.005852860398590565,0.9992523193359375,0.3498590588569641,0.40703949332237244,0.12540243566036224,0.9990993738174438,0.590170681476593,0.6585361957550049,0.040509358048439026,0.9144464135169983,0.322369784116745,0.6393358111381531,0.22719693183898926,0.9713222980499268,0.605779230594635,0.8872758150100708,-0.2586643099784851,0.7452411651611328,0.2895267903804779,0.9276229739189148,0.07451926171779633,0.9278171062469482,0.6187349557876587,0.9474499225616455,-0.3382638096809387,0.7075546979904175,0.2684515416622162,0.9948691129684448,0.036652375012636185,0.8855043649673462,0.6046352386474609,0.956681489944458,-0.4079536497592926,0.7443305850028992,0.2835783362388611,0.9981102347373962,-0.02912881411612034,0.9004997611045837,0.5914784073829651,0.9329030513763428,-0.30009275674819946,0.7627931237220764,0.2985922396183014,0.9642728567123413,0.041111890226602554,0.9092527031898499,0.5285187363624573,0.9372977614402771,-0.024107694625854492,0.8475033640861511,0.38603630661964417,0.922491729259491,0.024876410141587257,0.8412296772003174,0.5198422074317932,1.4522942304611206,-0.18237100541591644,0.1842426359653473,0.35410091280937195,1.42458975315094,-0.10364512354135513,0.14626149833202362,0.5239667296409607,1.9774856567382812,0.00925738550722599,0.011532675474882126,0.3594529330730438,1.9573779106140137,-0.08782941102981567,0.020174378529191017,0.5262844562530518,2.0390026569366455,0.016912881284952164,0.011023793369531631,0.35850638151168823,2.0215933322906494,-0.09422673285007477,0.01630072109401226,0.49778637290000916,2.124647378921509,-0.3438965976238251,0.01215856522321701,0.3912414312362671,2.1075222492218018,-0.5109782218933105,0.01731865294277668
2026-04-30T18:46:59.394679,79,0.44890183210372925,0.2354259341955185,-0.4064720571041107,0.9992697238922119,0.4629209041595459,0.20271223783493042,-0.3650865852832794,0.9990379214286804,0.47142666578292847,0.20363982021808624,-0.36550942063331604,0.9990757703781128,0.4803010821342468,0.20496025681495667,-0.36590224504470825,0.9990811347961426,0.4381350576877594,0.20041526854038239,-0.36986711621284485,0.9990540742874146,0.43049541115760803,0.19842924177646637,-0.3696579337120056,0.9990051984786987,0.4231916069984436,0.19755730032920837,-0.3699590265750885,0.9989340305328369,0.49163952469825745,0.21621964871883392,-0.07530726492404938,0.9989805817604065,0.4087229371070862,0.2130899578332901,-0.09351811558008194,0.999049723148346,0.46444353461265564,0.2642630934715271,-0.29893171787261963,0.9994059205055237,0.43355226516723633,0.26832494139671326,-0.3033141791820526,0.9992682933807373,0.5644196271896362,0.4347337484359741,0.06523655354976654,0.9992954134941101,0.34523582458496094,0.40714794397354126,0.09038281440734863,0.999101996421814,0.5804325342178345,0.6568773984909058,0.1403304934501648,0.9184436202049255,0.32278603315353394,0.6300642490386963,-0.0999927967786789,0.9725663661956787,0.6022337079048157,0.886944591999054,-0.09815626591444016,0.7576968669891357,0.31396058201789856,0.7313836812973022,-0.547238290309906,0.9336643218994141,0.6168330311775208,0.946936845779419,-0.17658130824565887,0.718947172164917,0.3016456067562103,0.7525638937950134,-0.640977144241333,0.8940839171409607,0.6023625135421753,0.9558199644088745,-0.26099103689193726,0.7547554969787598,0.31394368410110474,0.7322863936424255,-0.6821539402008057,0.9079433679580688,0.588523268699646,0.9315362572669983,-0.14300532639026642,0.7727429270744324,0.32862284779548645,0.7250320911407471,-0.5766932368278503,0.915956437587738,0.5249474048614502,0.9383836388587952,-0.021272439509630203,0.8586681485176086,0.38220900297164917,0.9235758185386658,0.02146877720952034,0.8512551784515381,0.519802451133728,1.4498159885406494,-0.16142097115516663,0.1778419315814972,0.35345351696014404,1.4269263744354248,-0.10825489461421967,0.14252044260501862,0.5246217250823975,1.9813501834869385,0.018754083663225174,0.0109362518414855,0.35927480459213257,1.9643962383270264,-0.08463503420352936,0.019143229350447655,0.5257948637008667,2.0417940616607666,0.033266469836235046,0.010365569032728672,0.3576652407646179,2.0285909175872803,-0.0892600268125534,0.015569498762488365,0.5011018514633179,2.1291022300720215,-0.3208855390548706,0.011344363912940025,0.39393311738967896,2.1070399284362793,-0.5131992101669312,0.016313333064317703
2026-04-30T18:46:59.504480,80,0.4464479088783264,0.22991147637367249,-0.42808350920677185,0.9993104934692383,0.46083584427833557,0.19696515798568726,-0.3846399486064911,0.999087393283844,0.46960359811782837,0.19732698798179626,-0.3850063681602478,0.9991264343261719,0.478956401348114,0.19834475219249725,-0.38541048765182495,0.9991305470466614,0.43466639518737793,0.1966427117586136,-0.3919711112976074,0.9991013407707214,0.42665213346481323,0.1955147385597229,-0.39173680543899536,0.9990571141242981,0.4191855788230896,0.1955997198820114,-0.3919786810874939,0.9989894032478333,0.4889487624168396,0.21412236988544464,-0.09075327217578888,0.999026894569397,0.40406695008277893,0.21237713098526,-0.11913309246301651,0.9990940093994141,0.4627475142478943,0.26128503680229187,-0.3178420066833496,0.999433159828186,0.43041476607322693,0.26649951934814453,-0.3258356750011444,0.9992997050285339,0.5598636865615845,0.4336174428462982,0.0635545626282692,0.9993295073509216,0.3407740890979767,0.407845675945282,0.0342739038169384,0.9991191029548645,0.5754736661911011,0.6578414440155029,0.14668606221675873,0.9212029576301575,0.3227839171886444,0.6299723386764526,0.06938129663467407,0.9730693101882935,0.6008341312408447,0.8950324654579163,-0.08994326740503311,0.7616662979125977,0.2969968914985657,0.8514516353607178,-0.11737480014562607,0.9344942569732666,0.6158955693244934,0.9569623470306396,-0.16628174483776093,0.72091144323349,0.2795220613479614,0.9120233058929443,-0.17265774309635162,0.8949471712112427,0.6012493968009949,0.9630701541900635,-0.25083014369010925,0.7565892934799194,0.28956300020217896,0.9161107540130615,-0.23704585433006287,0.9089036583900452,0.5869832038879395,0.9366047382354736,-0.13502773642539978,0.7733830809593201,0.3023223280906677,0.8966025710105896,-0.14900173246860504,0.9162085652351379,0.5237234830856323,0.9388799667358398,-0.015621786005795002,0.8681843876838684,0.3797313868999481,0.923566460609436,0.01615060307085514,0.860610842704773,0.5170097947120667,1.4502547979354858,-0.15957872569561005,0.17342670261859894,0.35286444425582886,1.425862193107605,-0.10817275196313858,0.13995707035064697,0.5238719582557678,1.9730643033981323,0.04750192537903786,0.0109249297529459,0.3583354651927948,1.9550915956497192,-0.08039800077676773,0.018644271418452263,0.5255640745162964,2.0348708629608154,0.058696359395980835,0.010330959223210812,0.3566633462905884,2.020831823348999,-0.08499083667993546,0.015647368505597115,0.5002299547195435,2.1202280521392822,-0.3176724314689636,0.01096607930958271,0.3921498656272888,2.098489999771118,-0.5120185017585754,0.0156879760324955
2026-04-30T18:46:59.608609,81,0.4462068974971771,0.22094102203845978,-0.4398917257785797,0.9993414878845215,0.4600023329257965,0.18628720939159393,-0.39627164602279663,0.9991198778152466,0.4685627818107605,0.18602459132671356,-0.3966749310493469,0.9991620182991028,0.47788935899734497,0.18643255531787872,-0.39710506796836853,0.9991591572761536,0.43396663665771484,0.1876675933599472,-0.40511783957481384,0.999135434627533,0.4256194233894348,0.18731068074703217,-0.4048580527305603,0.9990969896316528,0.41803407669067383,0.18830035626888275,-0.4050971567630768,0.9990283250808716,0.48708587884902954,0.2052234709262848,-0.10979928076267242,0.9990567564964294,0.4023333489894867,0.210010826587677,-0.12130798399448395,0.9991300106048584,0.4621683657169342,0.25503256916999817,-0.32443928718566895,0.9994529485702515,0.4295852780342102,0.26007434725761414,-0.3363300561904907,0.9993281960487366,0.5573012828826904,0.42656004428863525,0.03774716705083847,0.9993600249290466,0.3379962742328644,0.40751421451568604,0.023385364562273026,0.9991579055786133,0.5739356279373169,0.657252848148346,0.1314747929573059,0.9248284697532654,0.3184801936149597,0.6301650404930115,0.08254335075616837,0.9745198488235474,0.6009232997894287,0.8952730298042297,-0.09093160927295685,0.7704315781593323,0.2921849489212036,0.888135552406311,-0.07581041008234024,0.9367069602012634,0.6160210371017456,0.9571466445922852,-0.17180681228637695,0.727150559425354,0.27307450771331787,0.9548254013061523,-0.12112285196781158,0.8970529437065125,0.6022329330444336,0.9640827775001526,-0.2559395432472229,0.7615717649459839,0.28495460748672485,0.956965982913971,-0.18505582213401794,0.9107967615127563,0.5881426334381104,0.9369964599609375,-0.13731953501701355,0.7776640057563782,0.2980707883834839,0.9322131276130676,-0.10622654110193253,0.917473316192627,0.5228313207626343,0.9375753402709961,-0.012889280915260315,0.8787567615509033,0.37928369641304016,0.9226329326629639,0.013481383211910725,0.8718581795692444,0.5170334577560425,1.4439975023269653,-0.15646769106388092,0.171046182513237,0.3556767702102661,1.4187233448028564,-0.10779263824224472,0.1394437551498413,0.5298624038696289,1.9520752429962158,0.05707259848713875,0.011099687777459621,0.3687671422958374,1.935496211051941,-0.07500609755516052,0.018594909459352493,0.5315789580345154,2.0121092796325684,0.07066622376441956,0.010560285300016403,0.3678329288959503,2.0009710788726807,-0.07815985381603241,0.016300030052661896,0.5086711645126343,2.099924325942993,-0.2759854197502136,0.010794314555823803,0.40013304352760315,2.077105760574341,-0.48477858304977417,0.01532741542905569
2026-04-30T18:46:59.717081,82,0.44462037086486816,0.2140214890241623,-0.5789021253585815,0.9993306398391724,0.4573722779750824,0.1784113049507141,-0.533760666847229,0.9990763068199158,0.4657409191131592,0.17727123200893402,-0.5340830087661743,0.9991346001625061,0.4748339056968689,0.1765689253807068,-0.5344408750534058,0.9991133213043213,0.4330170750617981,0.1807689666748047,-0.5391556024551392,0.9990923404693604,0.42519229650497437,0.18056859076023102,-0.5391151905059814,0.9990673065185547,0.4180413782596588,0.18157261610031128,-0.5393924117088318,0.9989832043647766,0.48610860109329224,0.1970229148864746,-0.23299738764762878,0.9990198612213135,0.40390530228614807,0.20592321455478668,-0.24811658263206482,0.9990832209587097,0.4608531892299652,0.24785329401493073,-0.4630002975463867,0.9994295239448547,0.42996397614479065,0.25235408544540405,-0.4687764644622803,0.999295711517334,0.5574367046356201,0.41702404618263245,-0.027021681889891624,0.9993306994438171,0.3388095498085022,0.4049293100833893,-0.03345077857375145,0.999130368232727,0.5724717378616333,0.653786838054657,0.1016203984618187,0.9272450804710388,0.31541770696640015,0.6300517320632935,0.06600417196750641,0.9755565524101257,0.6004823446273804,0.8895701169967651,-0.149995356798172,0.7826539278030396,0.2856352627277374,0.8866254091262817,-0.10303159803152084,0.9393162727355957,0.615822434425354,0.9469336271286011,-0.22616836428642273,0.7376976013183594,0.2692584693431854,0.9505178332328796,-0.15707240998744965,0.9000287055969238,0.6014670729637146,0.9536810517311096,-0.3205955922603607,0.7706272006034851,0.27985817193984985,0.9520676732063293,-0.25942936539649963,0.9133349657058716,0.5876762866973877,0.9312615990638733,-0.19925543665885925,0.7853143215179443,0.29182809591293335,0.9264665842056274,-0.15303561091423035,0.9190576076507568,0.5214192271232605,0.9241551160812378,-0.013605749234557152,0.8886290192604065,0.3779895305633545,0.9131689667701721,0.014201752841472626,0.8825563788414001,0.5069901943206787,1.4100884199142456,-0.2012433260679245,0.17746219038963318,0.34606868028640747,1.3844974040985107,-0.10789314657449722,0.14905548095703125,0.527620792388916,1.9068353176116943,0.04538493975996971,0.012679810635745525,0.36801090836524963,1.9004554748535156,-0.07372600585222244,0.02139631099998951,0.5295352339744568,1.9685359001159668,0.05664273351430893,0.012134392745792866,0.36526790261268616,1.9672573804855347,-0.07679052650928497,0.019230978563427925,0.507288932800293,2.0463757514953613,-0.32039695978164673,0.01186753436923027,0.3933589458465576,2.038245439529419,-0.49198517203330994,0.017149148508906364
2026-04-30T18:46:59.823116,83,0.4463997781276703,0.2088129073381424,-0.705153226852417,0.9993326663970947,0.45924362540245056,0.17398937046527863,-0.6604253649711609,0.9990564584732056,0.4677760601043701,0.1729138046503067,-0.6606646776199341,0.999121904373169,0.47691527009010315,0.1723097711801529,-0.661010205745697,0.9990861415863037,0.4345875680446625,0.17593121528625488,-0.6699004173278809,0.9990684390068054,0.4265395700931549,0.1755606234073639,-0.6698480844497681,0.9990538954734802,0.41921132802963257,0.17636717855930328,-0.6700949668884277,0.9989598989486694,0.48755183815956116,0.19357402622699738,-0.3405040204524994,0.9989978671073914,0.4051305651664734,0.20211990177631378,-0.37730515003204346,0.9990565180778503,0.46249526739120483,0.24334529042243958,-0.5822364091873169,0.9994243383407593,0.4313736855983734,0.2458186149597168,-0.5926379561424255,0.9992910623550415,0.5573714375495911,0.41709259152412415,-0.08598588407039642,0.9992684721946716,0.33888930082321167,0.4028066396713257,-0.15653325617313385,0.999103844165802,0.5720421671867371,0.6544752717018127,0.078792043030262,0.9262644648551941,0.31079432368278503,0.6324633359909058,-0.03990974277257919,0.9761680960655212,0.598447859287262,0.8885130286216736,-0.18354864418506622,0.7859917283058167,0.2838752865791321,0.8908222913742065,-0.291008323431015,0.9392415285110474,0.6138800382614136,0.9470320343971252,-0.25710347294807434,0.7387253046035767,0.2694581151008606,0.9537270665168762,-0.3585244417190552,0.8994749784469604,0.5987890958786011,0.9536980390548706,-0.3588328957557678,0.7715308666229248,0.2806248366832733,0.9523339867591858,-0.43240636587142944,0.9130100607872009,0.5853296518325806,0.9303733706474304,-0.23598697781562805,0.7848910093307495,0.2920067608356476,0.9289854764938354,-0.3291197717189789,0.9175742864608765,0.5179924368858337,0.9235135316848755,-0.012029418721795082,0.8952202796936035,0.3743639588356018,0.9125221371650696,0.012714487500488758,0.8898723721504211,0.4937058091163635,1.412518858909607,-0.19408470392227173,0.1779875010251999,0.32741814851760864,1.3873578310012817,-0.10444523394107819,0.15220315754413605,0.5140405893325806,1.9080225229263306,0.06343497335910797,0.01392977312207222,0.34820371866226196,1.8999254703521729,-0.04073404520750046,0.023516129702329636,0.514458179473877,1.9715921878814697,0.07731128484010696,0.013307162560522556,0.34978124499320984,1.9674468040466309,-0.045896343886852264,0.02152467891573906,0.4964297413825989,2.0452375411987305,-0.3138061761856079,0.01267528347671032,0.36887505650520325,2.0352818965911865,-0.4816752076148987,0.018861006945371628
2026-04-30T18:46:59.929820,84,0.4462727904319763,0.20229341089725494,-0.4415059983730316,0.999360978603363,0.45846810936927795,0.16875311732292175,-0.4047114849090576,0.9990881085395813,0.466703325510025,0.16791893541812897,-0.4049728810787201,0.9991575479507446,0.47565460205078125,0.1675993949174881,-0.4051794409751892,0.9991166591644287,0.43436694145202637,0.1698053926229477,-0.4071008265018463,0.9991032481193542,0.42631831765174866,0.1692073792219162,-0.40718355774879456,0.9990935325622559,0.41907042264938354,0.1698034703731537,-0.40743526816368103,0.998998761177063,0.484764039516449,0.18973390758037567,-0.1725541651248932,0.9990344047546387,0.4041929841041565,0.1971934586763382,-0.17787939310073853,0.9990909695625305,0.461453914642334,0.23696167767047882,-0.35225969552993774,0.9994418621063232,0.43088752031326294,0.23721100389957428,-0.3546673655509949,0.9993159770965576,0.5527445077896118,0.41522401571273804,-0.05441850423812866,0.9992976188659668,0.33587533235549927,0.4005914032459259,-0.02231406792998314,0.9991467595100403,0.5722880363464355,0.6453163623809814,0.05355192348361015,0.9309225082397461,0.3050587475299835,0.6329300999641418,0.06385498493909836,0.9775184988975525,0.5985652208328247,0.8843157291412354,-0.1944698840379715,0.8026129007339478,0.2822563946247101,0.8877866268157959,-0.1264316439628601,0.9421271681785583,0.6129428148269653,0.9458061456680298,-0.2703857421875,0.7561797499656677,0.2686103582382202,0.9545339941978455,-0.17263451218605042,0.9032393097877502,0.5977350473403931,0.9503875374794006,-0.35435014963150024,0.7863629460334778,0.28019043803215027,0.9529081583023071,-0.23925237357616425,0.9161520600318909,0.5848150253295898,0.9286729097366333,-0.2383783757686615,0.7987353801727295,0.2908549904823303,0.9277164936065674,-0.16015124320983887,0.9202770590782166,0.5170513391494751,0.9181784391403198,-0.013914475217461586,0.9042502641677856,0.37309038639068604,0.910356879234314,0.01442806888371706,0.8996630311012268,0.49199193716049194,1.3965823650360107,-0.1875937134027481,0.18141621351242065,0.328281044960022,1.3689521551132202,-0.10305716097354889,0.1589391678571701,0.5136253237724304,1.8840066194534302,0.04844433814287186,0.014708536677062511,0.3482222259044647,1.8751593828201294,-0.05624958127737045,0.02496904879808426,0.5138324499130249,1.9449057579040527,0.06030256673693657,0.014206942170858383,0.3500785827636719,1.9385173320770264,-0.06285236030817032,0.022748634219169617,0.4965060353279114,2.021735906600952,-0.29857417941093445,0.013738494366407394,0.36928126215934753,2.0164144039154053,-0.466808021068573,0.01975153759121895
2026-04-30T18:47:00.039152,85,0.4425828456878662,0.2078232765197754,-0.4524873197078705,0.9993482232093811,0.45513439178466797,0.17322513461112976,-0.4157660901546478,0.9990488886833191,0.46317872405052185,0.17240086197853088,-0.4161258637905121,0.9991201162338257,0.4718502163887024,0.17217609286308289,-0.416526734828949,0.9990676641464233,0.4317215085029602,0.1735144406557083,-0.42591434717178345,0.999082088470459,0.4238457679748535,0.17236624658107758,-0.42587336897850037,0.9990742802619934,0.41653871536254883,0.17250630259513855,-0.426085889339447,0.9989847540855408,0.48205095529556274,0.19183021783828735,-0.1725223958492279,0.998957633972168,0.4019879698753357,0.19826693832874298,-0.17209185659885406,0.9990574717521667,0.45750054717063904,0.24302765727043152,-0.3559112250804901,0.9993892908096313,0.4270024299621582,0.24378298223018646,-0.36750727891921997,0.9992809891700745,0.5506352186203003,0.4152490496635437,-0.04075206071138382,0.999206006526947,0.3346101641654968,0.40048763155937195,0.009262763895094395,0.9991328716278076,0.5698016881942749,0.6364572644233704,0.06761196255683899,0.9260401725769043,0.3015593886375427,0.6382696032524109,0.12597738206386566,0.9772750735282898,0.5884817838668823,0.8679215908050537,-0.22435970604419708,0.8073102831840515,0.28377386927604675,0.8988609910011292,-0.09649408608675003,0.9410212635993958,0.6017979383468628,0.9242627620697021,-0.3111436367034912,0.761320948600769,0.269408255815506,0.9680722951889038,-0.1502143293619156,0.9022817015647888,0.5869590044021606,0.9211750030517578,-0.3915588855743408,0.7904085516929626,0.28160256147384644,0.9633032083511353,-0.2151612788438797,0.915482759475708,0.574490487575531,0.9061039686203003,-0.2690183222293854,0.8013190627098083,0.29283443093299866,0.9363230466842651,-0.1297234445810318,0.9188751578330994,0.5116826891899109,0.9106469750404358,-0.014871923252940178,0.9083107709884644,0.371417760848999,0.901353657245636,0.015593552961945534,0.9054780602455139,0.4890283942222595,1.3905339241027832,-0.20308205485343933,0.17610378563404083,0.3272857367992401,1.364439606666565,-0.10546214878559113,0.15635457634925842,0.5102670788764954,1.8772317171096802,0.03142855688929558,0.01480164099484682,0.3453858494758606,1.8717994689941406,-0.0665505900979042,0.024774586781859398,0.5098448991775513,1.9394785165786743,0.042318012565374374,0.014495457522571087,0.34757739305496216,1.9366825819015503,-0.07385259866714478,0.02275003492832184,0.49494051933288574,2.0141098499298096,-0.3191322386264801,0.014243537560105324,0.3669368028640747,2.01121187210083,-0.4686707854270935,0.01985573023557663
2026-04-30T18:47:00.152700,86,0.44167646765708923,0.20905613899230957,-0.46099287271499634,0.9993202686309814,0.4532703757286072,0.17450550198554993,-0.41803115606307983,0.999012291431427,0.4609564244747162,0.17358949780464172,-0.41860857605934143,0.999093770980835,0.46919506788253784,0.1732739508152008,-0.41919898986816406,0.9990360140800476,0.4302269518375397,0.1749366670846939,-0.44652247428894043,0.9990246891975403,0.42242392897605896,0.17375808954238892,-0.44651883840560913,0.999017059803009,0.41517218947410583,0.17387819290161133,-0.4465869963169098,0.9989023208618164,0.4782641530036926,0.1925775706768036,-0.16339953243732452,0.9989339113235474,0.39831069111824036,0.19891424477100372,-0.21219086647033691,0.9989733695983887,0.45621663331985474,0.24422377347946167,-0.3621305227279663,0.99936443567276,0.42611080408096313,0.24539095163345337,-0.3823522925376892,0.9992296099662781,0.5414931178092957,0.4124685227870941,0.031889963895082474,0.9992240071296692,0.3294258713722229,0.40097978711128235,-0.03915480896830559,0.9989996552467346,0.5647739171981812,0.630932629108429,0.17695486545562744,0.9285308122634888,0.30239468812942505,0.6355724930763245,-0.03518621623516083,0.9771316051483154,0.5852726697921753,0.8600711822509766,-0.08474770188331604,0.8170493245124817,0.2852895259857178,0.8509985208511353,-0.37389010190963745,0.9443961381912231,0.5980050563812256,0.9185889363288879,-0.16198351979255676,0.7713911533355713,0.2708183228969574,0.8592492938041687,-0.4469206929206848,0.9074918627738953,0.5826801061630249,0.9197205305099487,-0.25595396757125854,0.7993857860565186,0.2829301953315735,0.8711660504341125,-0.5015631914138794,0.9199416637420654,0.5699123740196228,0.9008285999298096,-0.13357360661029816,0.8096123337745667,0.29421383142471313,0.8649684190750122,-0.4038955271244049,0.9228113293647766,0.5054396986961365,0.9091145396232605,-0.007130318786948919,0.9150058627128601,0.369600385427475,0.9015070199966431,0.007684907875955105,0.9113495945930481,0.48902663588523865,1.3813302516937256,-0.1605629324913025,0.18970723450183868,0.32936930656433105,1.3633652925491333,-0.10730014741420746,0.16667594015598297,0.5091952681541443,1.8672945499420166,0.09289706498384476,0.016350938007235527,0.34676533937454224,1.8668771982192993,-0.06171063333749771,0.027629343792796135,0.5075396299362183,1.9254916906356812,0.10304097831249237,0.015490533784031868,0.3481341004371643,1.9311832189559937,-0.06675895303487778,0.025258326902985573,0.4951401352882385,2.0041990280151367,-0.2525060176849365,0.015099028125405312,0.36926087737083435,1.9960113763809204,-0.4705331325531006,0.021074626594781876
2026-04-30T18:47:00.262427,87,0.43972247838974,0.20929645001888275,-0.45392265915870667,0.9993353486061096,0.4512959420681,0.17483527958393097,-0.4120894968509674,0.9990131855010986,0.45881956815719604,0.1738683581352234,-0.4124349057674408,0.9991051554679871,0.46692776679992676,0.173496276140213,-0.4127478003501892,0.9990334510803223,0.42836546897888184,0.17533321678638458,-0.4326774477958679,0.999036967754364,0.4203053116798401,0.1741715967655182,-0.4327163100242615,0.9990426898002625,0.41273683309555054,0.17425110936164856,-0.4328590929508209,0.9989194273948669,0.47377634048461914,0.19259922206401825,-0.1463662087917328,0.9989417195320129,0.3934004604816437,0.1988583356142044,-0.21140384674072266,0.9989981651306152,0.45291638374328613,0.2442738115787506,-0.3505437672138214,0.9993605017662048,0.42283591628074646,0.24543635547161102,-0.3712765574455261,0.9992309808731079,0.5329567193984985,0.41193801164627075,0.07392434775829315,0.9991644024848938,0.32481592893600464,0.39918556809425354,-0.053551673889160156,0.9990273118019104,0.5556667447090149,0.6218175888061523,0.23766270279884338,0.9261391758918762,0.30047574639320374,0.6293942332267761,-0.034322820603847504,0.9784873127937317,0.5749763250350952,0.8448095321655273,0.01612980291247368,0.8249903321266174,0.2766411602497101,0.8625094294548035,-0.22255933284759521,0.9471176862716675,0.5889139771461487,0.9055554270744324,-0.047793786972761154,0.7789605855941772,0.26365163922309875,0.9050778746604919,-0.2679363489151001,0.9116670489311218,0.5742363929748535,0.911844789981842,-0.13284242153167725,0.805519163608551,0.2750362753868103,0.910535991191864,-0.32611915469169617,0.923444390296936,0.5615383982658386,0.8903056383132935,-0.0280466265976429,0.81471848487854,0.28535813093185425,0.8950479030609131,-0.24932582676410675,0.9257875680923462,0.5003048181533813,0.9008776545524597,0.022337589412927628,0.9200122952461243,0.3689771890640259,0.8964778780937195,-0.02193167619407177,0.9177476763725281,0.46913018822669983,1.3349614143371582,-0.10657880455255508,0.19823169708251953,0.31825321912765503,1.3234143257141113,-0.11564330756664276,0.1921636462211609,0.4868864417076111,1.7995696067810059,0.11601375043392181,0.019972899928689003,0.33163920044898987,1.8245446681976318,-0.0895157903432846,0.0367884486913681,0.480736643075943,1.8630099296569824,0.1252630054950714,0.019711105152964592,0.3235095143318176,1.8920849561691284,-0.09824134409427643,0.033641792833805084,0.49528613686561584,1.9290438890457153,-0.1685146987438202,0.020304827019572258,0.36965420842170715,1.9621917009353638,-0.47456806898117065,0.027892112731933594
2026-04-30T18:47:00.369558,88,0.43238481879234314,0.21002893149852753,-0.6216129660606384,0.9993623495101929,0.44385164976119995,0.1760692000389099,-0.5825780630111694,0.9990309476852417,0.45127883553504944,0.17533165216445923,-0.5827433466911316,0.9991293549537659,0.45903438329696655,0.17518210411071777,-0.5829592943191528,0.9990458488464355,0.4215077757835388,0.17617954313755035,-0.5948017835617065,0.9990640878677368,0.4137147068977356,0.17496012151241302,-0.5948992967605591,0.9990801811218262,0.40608224272727966,0.17497171461582184,-0.5951043963432312,0.9989522099494934,0.46539506316185,0.194134920835495,-0.2983291447162628,0.9989715814590454,0.3875158429145813,0.1992110162973404,-0.34886497259140015,0.9990372657775879,0.44399863481521606,0.2458747923374176,-0.5104257464408875,0.9993830919265747,0.41590365767478943,0.24643239378929138,-0.5252907276153564,0.9992623925209045,0.5248984098434448,0.41250428557395935,-0.055598657578229904,0.9991421103477478,0.31850486993789673,0.3996068239212036,-0.13939909636974335,0.9990695118904114,0.5554882287979126,0.6241055727005005,0.13139013946056366,0.9278985857963562,0.2912617623806,0.635580837726593,-0.0294832531362772,0.9799066781997681,0.5697767734527588,0.8447431921958923,-0.07493950426578522,0.8338536620140076,0.27130475640296936,0.8690504431724548,-0.2217119038105011,0.949352502822876,0.5825728178024292,0.903396487236023,-0.11752389371395111,0.7868083119392395,0.2600061595439911,0.9318931698799133,-0.2626132071018219,0.9143545031547546,0.5689197778701782,0.9118591547012329,-0.21077995002269745,0.8121432662010193,0.270815908908844,0.9334236979484558,-0.32407981157302856,0.9256277084350586,0.5561702847480774,0.8891165256500244,-0.116851307451725,0.8202794194221497,0.2800319492816925,0.9095614552497864,-0.24843254685401917,0.9274519681930542,0.4972418248653412,0.8964220285415649,0.019571837037801743,0.9253329038619995,0.3677480220794678,0.8933413624763489,-0.019141418859362602,0.9243400692939758,0.4650975167751312,1.3289923667907715,-0.11824754625558853,0.21311470866203308,0.3071920871734619,1.3199400901794434,-0.11536989361047745,0.22004541754722595,0.4805479943752289,1.7949211597442627,0.1224365234375,0.026954805478453636,0.3218861222267151,1.8195264339447021,-0.07590292394161224,0.05011232569813728,0.474109947681427,1.8580718040466309,0.13385914266109467,0.02756950631737709,0.3174493908882141,1.8854373693466187,-0.08589344471693039,0.04478570446372032,0.49208131432533264,1.9254740476608276,-0.17857414484024048,0.02689391002058983,0.36216074228286743,1.9592368602752686,-0.46070510149002075,0.03676852211356163
2026-04-30T18:47:00.482680,89,0.4271651804447174,0.22129115462303162,-0.6296237707138062,0.9993751645088196,0.43844670057296753,0.1855115294456482,-0.5952984094619751,0.9990274906158447,0.4457424283027649,0.18417015671730042,-0.5954967737197876,0.9991348385810852,0.45337286591529846,0.18351800739765167,-0.5956680178642273,0.9990369081497192,0.41706743836402893,0.18688955903053284,-0.6040847897529602,0.9990677237510681,0.4096853733062744,0.18603219091892242,-0.6041768789291382,0.9990922212600708,0.4023904800415039,0.18632358312606812,-0.6043995022773743,0.9989554286003113,0.46048521995544434,0.2003377377986908,-0.32172873616218567,0.9989814758300781,0.38533148169517517,0.20594169199466705,-0.3582316040992737,0.999052107334137,0.4392450451850891,0.25618648529052734,-0.5209313035011292,0.999392032623291,0.4122917056083679,0.25681614875793457,-0.5315571427345276,0.9992756843566895,0.5242738127708435,0.41259852051734924,-0.0950918197631836,0.9991521835327148,0.3151952624320984,0.4025815427303314,-0.14093025028705597,0.9991083741188049,0.5499993562698364,0.6144875884056091,0.05488577485084534,0.930402398109436,0.2880544066429138,0.6475411057472229,-0.01679881289601326,0.9812973141670227,0.5691217184066772,0.839855432510376,-0.21408052742481232,0.8445472121238708,0.2690160870552063,0.8903440237045288,-0.20116141438484192,0.9518627524375916,0.5826092958450317,0.898834764957428,-0.28114888072013855,0.7979150414466858,0.258064866065979,0.9612088799476624,-0.24270875751972198,0.9175295829772949,0.5696204900741577,0.9058616161346436,-0.3724301755428314,0.8218069672584534,0.26968032121658325,0.9578346014022827,-0.30739444494247437,0.928295373916626,0.5569787621498108,0.8837992548942566,-0.2584393322467804,0.8291156888008118,0.2788454592227936,0.931925356388092,-0.22982196509838104,0.9298114776611328,0.49187570810317993,0.8933629393577576,0.01530555821955204,0.9301279187202454,0.36579760909080505,0.8917949795722961,-0.01512056402862072,0.930244505405426,0.46476441621780396,1.3221243619918823,-0.1345416009426117,0.22513937950134277,0.307101845741272,1.3110066652297974,-0.11164364963769913,0.24477647244930267,0.48396414518356323,1.7831132411956787,0.10576442629098892,0.031357139348983765,0.32423287630081177,1.802427887916565,-0.07092998921871185,0.05818970501422882,0.47862547636032104,1.8433375358581543,0.11808061599731445,0.032941658049821854,0.3183037042617798,1.8652312755584717,-0.08167464286088943,0.0531567819416523,0.49229565262794495,1.9168468713760376,-0.20348699390888214,0.030600378289818764,0.3626801371574402,1.9436743259429932,-0.4511069655418396,0.04182153940200806
2026-04-30T18:47:00.598742,90,0.4259265959262848,0.22926516830921173,-0.6979951858520508,0.9993734359741211,0.4369491934776306,0.19335900247097015,-0.6595995426177979,0.9989908933639526,0.44421592354774475,0.19193939864635468,-0.6598349213600159,0.9991139769554138,0.4520017206668854,0.19127847254276276,-0.6600795984268188,0.9989964962005615,0.4154546856880188,0.19510355591773987,-0.6705432534217834,0.9990288019180298,0.40792933106422424,0.1943095624446869,-0.6706053018569946,0.9990646839141846,0.4005654454231262,0.19468806684017181,-0.6707867980003357,0.9989030361175537,0.45900121331214905,0.20697639882564545,-0.3598063588142395,0.998967707157135,0.3834081292152405,0.21220536530017853,-0.40589675307273865,0.9990137219429016,0.43846529722213745,0.26389777660369873,-0.5790058374404907,0.9993811845779419,0.41100797057151794,0.2645992040634155,-0.5922169089317322,0.999253511428833,0.5214446187019348,0.41263246536254883,-0.10526516288518906,0.9991418719291687,0.31610915064811707,0.40340492129325867,-0.16564762592315674,0.9990912675857544,0.545448362827301,0.6169373989105225,0.058297764509916306,0.9322226643562317,0.2897182106971741,0.6468460559844971,-0.036382775753736496,0.9822579026222229,0.5699537992477417,0.8409545421600342,-0.2120409905910492,0.8527423143386841,0.27017080783843994,0.8880677819252014,-0.250177264213562,0.9531634449958801,0.5832118391990662,0.9000105261802673,-0.28202828764915466,0.8053512573242188,0.25948527455329895,0.9544603228569031,-0.30451297760009766,0.9186633229255676,0.5705513954162598,0.9074499607086182,-0.3801959455013275,0.8285411596298218,0.2701569199562073,0.9533786773681641,-0.3746546506881714,0.9292619824409485,0.5582383871078491,0.8857392072677612,-0.26052019000053406,0.8349604606628418,0.2791840732097626,0.9278291463851929,-0.283582866191864,0.9303306937217712,0.4862394332885742,0.8943748474121094,0.008965526707470417,0.9340350031852722,0.3646675944328308,0.8900375962257385,-0.008658665232360363,0.9349292516708374,0.459164559841156,1.3179694414138794,-0.15895108878612518,0.2437739074230194,0.30127185583114624,1.3057658672332764,-0.10795080661773682,0.2679430842399597,0.4798514246940613,1.775047779083252,0.10438339412212372,0.037983618676662445,0.3234264850616455,1.796267032623291,-0.050359420478343964,0.06959807872772217,0.4754830002784729,1.8334250450134277,0.1173303946852684,0.04100850597023964,0.3210722804069519,1.85910165309906,-0.0600544698536396,0.06490451097488403,0.4811275899410248,1.9103530645370483,-0.21350865066051483,0.035464540123939514,0.3486940264701843,1.9353259801864624,-0.4447859227657318,0.04954718425869942
2026-04-30T18:47:00.713432,91,0.4236934185028076,0.23384793102741241,-0.591570258140564,0.9992823004722595,0.43491801619529724,0.1992296576499939,-0.5545063018798828,0.9987931847572327,0.44215288758277893,0.19808124005794525,-0.5547493696212769,0.9989603161811829,0.4499817490577698,0.19766190648078918,-0.5550453066825867,0.9988193511962891,0.41396602988243103,0.20021986961364746,-0.5625007748603821,0.9988362789154053,0.40670284628868103,0.19930103421211243,-0.5625678300857544,0.9988862872123718,0.3996576964855194,0.19947446882724762,-0.5627685785293579,0.9986727237701416,0.4578844904899597,0.21418993175029755,-0.2875826954841614,0.9988287091255188,0.38387376070022583,0.2179608792066574,-0.31841322779655457,0.9987651109695435,0.43571823835372925,0.26699671149253845,-0.48491373658180237,0.9992442727088928,0.4092053472995758,0.26783475279808044,-0.4946959912776947,0.9990186095237732,0.5223268270492554,0.42204660177230835,-0.06248817965388298,0.9989582896232605,0.31649452447891235,0.40341252088546753,-0.08811788260936737,0.9988963007926941,0.5455020666122437,0.6188611388206482,0.14012929797172546,0.9294315576553345,0.30247873067855835,0.6259714961051941,0.062196534126996994,0.9806749224662781,0.5695618987083435,0.8409289717674255,-0.026486050337553024,0.8521301746368408,0.2708788514137268,0.8813676238059998,-0.08933070302009583,0.9497370719909668,0.5821724534034729,0.9005795121192932,-0.07162727415561676,0.8027623891830444,0.26025712490081787,0.9450767040252686,-0.12460676580667496,0.9141659140586853,0.5700955986976624,0.9082925915718079,-0.15894021093845367,0.8261262774467468,0.26968368887901306,0.9483871459960938,-0.19006392359733582,0.925187885761261,0.5581164360046387,0.8869228959083557,-0.06780164688825607,0.8320333957672119,0.27839112281799316,0.9272425174713135,-0.12055559456348419,0.9257156252861023,0.48600879311561584,0.895160973072052,0.004418050404638052,0.9360008835792542,0.3632736802101135,0.888430655002594,-0.003985405899584293,0.9377958178520203,0.4507087767124176,1.2999794483184814,-0.1822059601545334,0.25494489073753357,0.2916378378868103,1.287026047706604,-0.10793973505496979,0.2808164656162262,0.4682697653770447,1.749187707901001,0.07338333129882812,0.040378861129283905,0.31867486238479614,1.770769476890564,-0.05129145458340645,0.07293695956468582,0.46344757080078125,1.805977463722229,0.08649361878633499,0.0449162982404232,0.3216104805469513,1.8332833051681519,-0.060520730912685394,0.06829323619604111,0.4664391577243805,1.8844398260116577,-0.21924611926078796,0.037843260914087296,0.33702486753463745,1.9091132879257202,-0.4361841082572937,0.05198733136057854
2026-04-30T18:47:00.828504,92,0.4246598780155182,0.23302938044071198,-0.5695375800132751,0.9993082284927368,0.43607330322265625,0.19867390394210815,-0.5304301381111145,0.9988284111022949,0.4434868395328522,0.1977541297674179,-0.53065425157547,0.9989896416664124,0.4514497220516205,0.1976536214351654,-0.530860424041748,0.9988496899604797,0.4146479070186615,0.19949938356876373,-0.5306967496871948,0.9988749027252197,0.4071226119995117,0.19865578413009644,-0.5307425260543823,0.9989257454872131,0.39994558691978455,0.19889269769191742,-0.5309451818466187,0.9987238049507141,0.45882806181907654,0.2153521180152893,-0.26731353998184204,0.998853325843811,0.384491503238678,0.21808072924613953,-0.2610885500907898,0.9988085627555847,0.43695878982543945,0.2664404511451721,-0.4657641351222992,0.9992638230323792,0.409856379032135,0.267085999250412,-0.465485155582428,0.9990538954734802,0.5233117938041687,0.4236662983894348,-0.05196062847971916,0.9989511370658875,0.31880298256874084,0.4044422209262848,-0.050022952258586884,0.9989238381385803,0.5465836524963379,0.6253183484077454,0.09364064037799835,0.9317028522491455,0.29967206716537476,0.6326790452003479,0.07166487723588943,0.9814648032188416,0.5699108839035034,0.8448867201805115,-0.13023220002651215,0.8585980534553528,0.27164238691329956,0.8805117011070251,-0.12927721440792084,0.9512328505516052,0.5814989805221558,0.9080346822738647,-0.19622860848903656,0.808845579624176,0.26078134775161743,0.9454313516616821,-0.1755748987197876,0.9159936308860779,0.5682916641235352,0.91297847032547,-0.280709445476532,0.8314463496208191,0.27032899856567383,0.9460618495941162,-0.23959612846374512,0.9268147349357605,0.5565530061721802,0.8920866250991821,-0.17168666422367096,0.8364421725273132,0.27925023436546326,0.9241911172866821,-0.16070862114429474,0.9268550872802734,0.48603445291519165,0.8963483572006226,-0.0030375528149306774,0.9392350912094116,0.36204028129577637,0.889182984828949,0.0035175886005163193,0.9416446685791016,0.4520672857761383,1.3125433921813965,-0.1854858100414276,0.2582683265209198,0.292652428150177,1.2932883501052856,-0.10568828880786896,0.28444981575012207,0.46959781646728516,1.7640576362609863,0.06313437968492508,0.04015370085835457,0.3198029398918152,1.7698196172714233,-0.046314533799886703,0.07180307805538177,0.46575117111206055,1.8210465908050537,0.07587220519781113,0.044885773211717606,0.3228299915790558,1.8306230306625366,-0.05400894954800606,0.06761649250984192,0.4635046124458313,1.8958536386489868,-0.24237015843391418,0.037411123514175415,0.3390648066997528,1.9042210578918457,-0.42991775274276733,0.051294390112161636
2026-04-30T18:47:00.937008,93,0.42685189843177795,0.2398691028356552,-0.5685423612594604,0.999234676361084,0.43859776854515076,0.20703546702861786,-0.5289174318313599,0.9987162351608276,0.4468347430229187,0.20644338428974152,-0.5291393995285034,0.9988785982131958,0.4550451338291168,0.2067766636610031,-0.5293427109718323,0.9987349510192871,0.41683611273765564,0.20747680962085724,-0.5308482050895691,0.9987581968307495,0.40871214866638184,0.20683155953884125,-0.5308544039726257,0.9988090395927429,0.4008578658103943,0.20729555189609528,-0.5310549139976501,0.9986125826835632,0.46455898880958557,0.22507984936237335,-0.2351866066455841,0.9987160563468933,0.3859960734844208,0.22570842504501343,-0.2537718415260315,0.9986851215362549,0.44145745038986206,0.27524518966674805,-0.46322569251060486,0.9991872310638428,0.41242170333862305,0.273797869682312,-0.4645169675350189,0.9989751577377319,0.529112696647644,0.4260816276073456,0.006399977020919323,0.998832643032074,0.32530853152275085,0.40612465143203735,-0.05323472619056702,0.9987764358520508,0.5449637174606323,0.625788688659668,0.18045096099376678,0.9282001852989197,0.3097382187843323,0.6319778561592102,0.01041344739496708,0.9805757999420166,0.5641873478889465,0.8543577194213867,-0.04932555928826332,0.8475915789604187,0.27346932888031006,0.8766348361968994,-0.34132692217826843,0.9519262313842773,0.5753647685050964,0.9182173609733582,-0.12505948543548584,0.7961925864219666,0.2639782130718231,0.9237878918647766,-0.4224671423435211,0.9170974493026733,0.5600097179412842,0.9223343133926392,-0.2151469737291336,0.8203850984573364,0.271854043006897,0.9306753277778625,-0.48108887672424316,0.927873969078064,0.5482501983642578,0.8997625708580017,-0.09583824127912521,0.825282871723175,0.2806669771671295,0.9147563576698303,-0.37394261360168457,0.9274850487709045,0.48364147543907166,0.9007824063301086,-0.0023271054960787296,0.9402764439582825,0.3590896725654602,0.8913946151733398,0.0029494320042431355,0.9421722292900085,0.4506111741065979,1.3150689601898193,-0.17233410477638245,0.26309165358543396,0.2934352457523346,1.3005948066711426,-0.10541124641895294,0.2823668122291565,0.4653359055519104,1.7780746221542358,0.07690586149692535,0.03977873548865318,0.3187025785446167,1.7815896272659302,-0.040406521409749985,0.07063507288694382,0.4622141718864441,1.8350740671157837,0.0870894342660904,0.04361855983734131,0.3223872780799866,1.8433425426483154,-0.045410268008708954,0.06653349101543427,0.45073390007019043,1.9110532999038696,-0.24753597378730774,0.03583410382270813,0.33616381883621216,1.9121695756912231,-0.4358324408531189,0.04983074590563774
2026-04-30T18:47:01.043552,94,0.43025723099708557,0.23983369767665863,-0.7996130585670471,0.9992406368255615,0.44272762537002563,0.207919642329216,-0.7627987265586853,0.9986994862556458,0.45148196816444397,0.20755480229854584,-0.7629685997962952,0.9988620281219482,0.4600149095058441,0.2081117182970047,-0.7630562782287598,0.9987093806266785,0.4201928675174713,0.2085021436214447,-0.7635725736618042,0.9987316131591797,0.41189780831336975,0.20781104266643524,-0.7635630965232849,0.998784065246582,0.40393775701522827,0.2081531137228012,-0.7638770341873169,0.9985892176628113,0.47096380591392517,0.2268228828907013,-0.4558711647987366,0.9986894130706787,0.3921012282371521,0.22686289250850677,-0.45762792229652405,0.9986475706100464,0.4462723135948181,0.2746829688549042,-0.6790184378623962,0.999194324016571,0.4170351028442383,0.27297720313072205,-0.6792868375778198,0.9989979267120361,0.5389000177383423,0.4307496249675751,-0.19528833031654358,0.9988141655921936,0.3286169171333313,0.4072268307209015,-0.17984840273857117,0.9988075494766235,0.545326292514801,0.6369137167930603,-0.041815124452114105,0.9286907315254211,0.3095906376838684,0.6391264796257019,-0.011232057586312294,0.980552077293396,0.5651115775108337,0.8606258034706116,-0.3635748624801636,0.8532004952430725,0.273868203163147,0.8738673329353333,-0.29507994651794434,0.9520875811576843,0.5756490230560303,0.9276828765869141,-0.45190247893333435,0.80244380235672,0.2638165354728699,0.9242143630981445,-0.3687177300453186,0.917280912399292,0.5607026219367981,0.9319133758544922,-0.5511460304260254,0.8264881372451782,0.2714947760105133,0.9298002123832703,-0.4468483030796051,0.928431510925293,0.5491025447845459,0.9095876216888428,-0.41446274518966675,0.8304489850997925,0.2803894877433777,0.9141891598701477,-0.333932101726532,0.9276195764541626,0.48422518372535706,0.9009297490119934,-0.009004829451441765,0.9366933703422546,0.35713303089141846,0.891384482383728,0.010083859786391258,0.9412237405776978,0.45322418212890625,1.3305970430374146,-0.2323307991027832,0.25378960371017456,0.2941763997077942,1.3050040006637573,-0.20820152759552002,0.2746029496192932,0.46754732728004456,1.7850006818771362,0.07658979296684265,0.03801288083195686,0.3170609772205353,1.7838326692581177,-0.08172907680273056,0.06787120550870895,0.4642053246498108,1.8420689105987549,0.08751779794692993,0.0418340340256691,0.3208892047405243,1.8482552766799927,-0.08211968839168549,0.06492907553911209,0.4546383023262024,1.917784333229065,-0.2896856665611267,0.034153472632169724,0.33323806524276733,1.9059092998504639,-0.5258543491363525,0.04874539375305176
2026-04-30T18:47:01.159321,95,0.43150395154953003,0.23920758068561554,-0.6970103979110718,0.9991633892059326,0.4439857006072998,0.2078966647386551,-0.6583494544029236,0.9985523819923401,0.4526039659976959,0.20761404931545258,-0.6585649251937866,0.9987207055091858,0.4610608220100403,0.20822983980178833,-0.6588000059127808,0.9985663890838623,0.4216388165950775,0.20835869014263153,-0.6677216291427612,0.9985808730125427,0.41339558362960815,0.2075391411781311,-0.6676831841468811,0.9986274838447571,0.40557751059532166,0.2077304571866989,-0.6678482294082642,0.9984378218650818,0.4716150164604187,0.2273506373167038,-0.35984933376312256,0.9984779953956604,0.39388179779052734,0.22672341763973236,-0.4172430634498596,0.9984197616577148,0.4468022286891937,0.27397421002388,-0.580168604850769,0.9990981221199036,0.41796913743019104,0.2724316418170929,-0.5881234407424927,0.9989016652107239,0.5388950109481812,0.4313124418258667,-0.14391303062438965,0.9987384676933289,0.33021801710128784,0.40969496965408325,-0.10630781948566437,0.9987362027168274,0.545085608959198,0.6376182436943054,-0.0435091033577919,0.9269481897354126,0.3082474172115326,0.646248459815979,0.06216813996434212,0.9792318940162659,0.5649269819259644,0.8603163361549377,-0.3605349659919739,0.8540286421775818,0.2705219089984894,0.8736993670463562,-0.18518763780593872,0.9474141597747803,0.5747393369674683,0.9276445508003235,-0.44744500517845154,0.8025145530700684,0.26208779215812683,0.9242472052574158,-0.24885165691375732,0.9099106192588806,0.5610619783401489,0.9353123307228088,-0.5341516733169556,0.8265767693519592,0.2690752148628235,0.9290373921394348,-0.33757373690605164,0.9223191142082214,0.5496705174446106,0.911474347114563,-0.40662306547164917,0.8297030329704285,0.27780625224113464,0.9138705730438232,-0.22908738255500793,0.9213805794715881,0.4846890866756439,0.8994468450546265,-0.017693357542157173,0.9368816018104553,0.3572673797607422,0.8915684819221497,0.018704097718000412,0.9423075914382935,0.4611935019493103,1.331030011177063,-0.23310630023479462,0.2501341998577118,0.30326035618782043,1.3076459169387817,-0.17651911079883575,0.27249428629875183,0.4743300974369049,1.782265543937683,0.05879247933626175,0.037002623081207275,0.322539359331131,1.7779697179794312,-0.07847602665424347,0.06577639281749725,0.47253280878067017,1.8389304876327515,0.07074882835149765,0.04067469388246536,0.32672393321990967,1.8409332036972046,-0.07754383236169815,0.06391912698745728,0.4582490026950836,1.9090439081192017,-0.3082295060157776,0.03290519490838051,0.33720165491104126,1.8952959775924683,-0.5176711082458496,0.04741958528757095
2026-04-30T18:47:01.270337,96,0.4315730929374695,0.23886093497276306,-0.584626317024231,0.9991644024848938,0.4441779553890228,0.20889593660831451,-0.5367879271507263,0.9985501766204834,0.45269209146499634,0.20866023004055023,-0.5370509028434753,0.9987220168113708,0.46107712388038635,0.2092120498418808,-0.5372815132141113,0.9985681176185608,0.42176923155784607,0.2094169408082962,-0.5505566000938416,0.9985728859901428,0.4135347008705139,0.20869214832782745,-0.55051189661026,0.9986267685890198,0.4057316184043884,0.2088649868965149,-0.550762951374054,0.9984332323074341,0.4706152379512787,0.22850480675697327,-0.24229192733764648,0.9984633922576904,0.3937597870826721,0.22819873690605164,-0.3104051649570465,0.9984069466590881,0.44689053297042847,0.2735734283924103,-0.4728446900844574,0.9990817904472351,0.41802531480789185,0.2719804346561432,-0.4898611903190613,0.9988772869110107,0.534410834312439,0.4345395863056183,-0.03176278620958328,0.998658299446106,0.3301047384738922,0.4107136130332947,-0.10553872585296631,0.9986937642097473,0.5452076196670532,0.6420338749885559,0.10515616089105606,0.9226183891296387,0.3064979910850525,0.6458615064620972,0.027897056192159653,0.9793519973754883,0.563846230506897,0.8598803281784058,-0.11972423642873764,0.8485584855079651,0.2662968635559082,0.872386634349823,-0.20972152054309845,0.9465140700340271,0.5740972757339478,0.9275018572807312,-0.18348835408687592,0.7947311401367188,0.2584077715873718,0.9242267608642578,-0.27703768014907837,0.9084920287132263,0.5610777139663696,0.9353408813476562,-0.27734822034835815,0.8196751475334167,0.26655325293540955,0.9275752305984497,-0.3503410220146179,0.9211893081665039,0.5497590899467468,0.912179708480835,-0.16737207770347595,0.822503387928009,0.2752203941345215,0.9121707677841187,-0.24738147854804993,0.919845700263977,0.4845290184020996,0.8959900140762329,-0.015558725222945213,0.9384338855743408,0.3567107617855072,0.8882419466972351,0.016688786447048187,0.9441367983818054,0.4608909487724304,1.3308804035186768,-0.22944888472557068,0.25363048911094666,0.3042444586753845,1.303333044052124,-0.16372743248939514,0.27626529335975647,0.47490230202674866,1.7660940885543823,0.05009579658508301,0.03690937161445618,0.32414036989212036,1.7628363370895386,-0.09595002979040146,0.06596559286117554,0.47299090027809143,1.8222564458847046,0.059355687350034714,0.040531255304813385,0.32847264409065247,1.8256844282150269,-0.10059911012649536,0.06378057599067688,0.45869383215904236,1.8907673358917236,-0.3028683066368103,0.03252367302775383,0.33761924505233765,1.8821769952774048,-0.5114830136299133,0.047603100538253784
2026-04-30T18:47:01.389493,97,0.41919589042663574,0.23851388692855835,-0.5825653672218323,0.9991859197616577,0.4322797358036041,0.2086622714996338,-0.5388312935829163,0.9985824823379517,0.44053468108177185,0.2084672600030899,-0.5390985012054443,0.998754620552063,0.4483575224876404,0.20905862748622894,-0.5393251180648804,0.9986039996147156,0.41067880392074585,0.20919732749462128,-0.5462161302566528,0.9986006617546082,0.40334653854370117,0.20854289829730988,-0.5461854338645935,0.9986552000045776,0.39568501710891724,0.2087903469800949,-0.5464388728141785,0.9984620809555054,0.45821309089660645,0.22863218188285828,-0.24767151474952698,0.9984949827194214,0.38470402359962463,0.2282027155160904,-0.28939691185951233,0.9984343647956848,0.43361616134643555,0.2732204794883728,-0.47346216440200806,0.9991064667701721,0.40638574957847595,0.2716468572616577,-0.48316359519958496,0.9989082217216492,0.5181025266647339,0.4344824254512787,-0.052510518580675125,0.9987241625785828,0.32268959283828735,0.4104824364185333,-0.08050332963466644,0.9987449049949646,0.5392842888832092,0.6396525502204895,0.045072127133607864,0.9270427227020264,0.29918602108955383,0.6457708477973938,0.045377638190984726,0.9802035689353943,0.5563939809799194,0.8555848598480225,-0.23329207301139832,0.8590099811553955,0.2621881365776062,0.8709781169891357,-0.19538545608520508,0.9489918947219849,0.5665246844291687,0.9183000326156616,-0.31564316153526306,0.8070001602172852,0.25364598631858826,0.9243113994598389,-0.26248642802238464,0.9119016528129578,0.5550301671028137,0.9266732931137085,-0.40643373131752014,0.8305336833000183,0.2619706690311432,0.9275047183036804,-0.34085696935653687,0.9241245985031128,0.5443735718727112,0.9060531854629517,-0.2794399857521057,0.8328149318695068,0.2701374292373657,0.9116920828819275,-0.23454706370830536,0.9227516651153564,0.47531023621559143,0.8796869516372681,-0.015207603573799133,0.9423834681510925,0.350831001996994,0.8686912655830383,0.01621231809258461,0.9480043053627014,0.4583783745765686,1.3162167072296143,-0.21676945686340332,0.2597058415412903,0.3044620752334595,1.2871525287628174,-0.1632717102766037,0.284954696893692,0.47378039360046387,1.7448124885559082,0.043710045516490936,0.0372842438519001,0.32427340745925903,1.7437498569488525,-0.10864609479904175,0.06668528914451599,0.47197088599205017,1.8003766536712646,0.05211319774389267,0.041065968573093414,0.3285096287727356,1.8055428266525269,-0.11415614932775497,0.06445981562137604,0.4599715769290924,1.868041753768921,-0.3004208505153656,0.032158493995666504,0.3389156758785248,1.8621407747268677,-0.5132784843444824,0.047357503324747086
2026-04-30T18:47:01.495526,98,0.40957945585250854,0.23828016221523285,-0.5854834914207458,0.9991505146026611,0.4222852289676666,0.2083955705165863,-0.5428494811058044,0.9985137581825256,0.4302843511104584,0.208217054605484,-0.5431258082389832,0.9986910223960876,0.4379258155822754,0.20879879593849182,-0.5432875752449036,0.9985315203666687,0.40085896849632263,0.20891126990318298,-0.5477423667907715,0.998533308506012,0.3933961093425751,0.20829056203365326,-0.547734260559082,0.9985907673835754,0.38572779297828674,0.20857273042201996,-0.5480030179023743,0.9983977675437927,0.44807368516921997,0.22834163904190063,-0.26038068532943726,0.9983994960784912,0.3757515549659729,0.22807350754737854,-0.2898629307746887,0.9983660578727722,0.4234984517097473,0.2729432284832001,-0.47906285524368286,0.9990769624710083,0.3970401883125305,0.2714523375034332,-0.485712468624115,0.9988901615142822,0.5090851187705994,0.4338138699531555,-0.06643550097942352,0.9987285733222961,0.3128432631492615,0.4104539155960083,-0.08078928291797638,0.9987797141075134,0.5337551832199097,0.6319843530654907,0.039962731301784515,0.9284101724624634,0.2900853157043457,0.6454907655715942,0.04570493847131729,0.9809274077415466,0.5519622564315796,0.850817084312439,-0.25631779432296753,0.8647797107696533,0.2581571042537689,0.870615541934967,-0.19600224494934082,0.9506682753562927,0.5617499351501465,0.9105178117752075,-0.340823769569397,0.8134099841117859,0.25080636143684387,0.9251407980918884,-0.26364654302597046,0.9140831828117371,0.5522037148475647,0.9189799427986145,-0.4321603775024414,0.8362170457839966,0.2590343952178955,0.928955614566803,-0.3410746157169342,0.9260108470916748,0.5417736768722534,0.8995397090911865,-0.30338677763938904,0.8380355834960938,0.26645833253860474,0.9119845032691956,-0.23466932773590088,0.9244421720504761,0.46949005126953125,0.8813619613647461,-0.014770601876080036,0.9439505338668823,0.3437006175518036,0.8703893423080444,0.015746191143989563,0.950158953666687,0.45808592438697815,1.3141847848892212,-0.21310248970985413,0.25623536109924316,0.30532199144363403,1.2853753566741943,-0.18896198272705078,0.28614962100982666,0.4741753041744232,1.7369840145111084,0.04602779075503349,0.03636673092842102,0.32650256156921387,1.736883521080017,-0.11435673385858536,0.06564886122941971,0.47207146883010864,1.791573166847229,0.055503975600004196,0.040408018976449966,0.33096155524253845,1.7984387874603271,-0.11815658956766129,0.06467436999082565,0.46054744720458984,1.8597818613052368,-0.2965294122695923,0.031075401231646538,0.3403870463371277,1.8525718450546265,-0.5173696279525757,0.04656198248267174
2026-04-30T18:47:01.608110,99,0.40418171882629395,0.2372118979692459,-0.607897937297821,0.9991389513015747,0.4166521430015564,0.2075943946838379,-0.5658571720123291,0.998494029045105,0.4247070848941803,0.20728346705436707,-0.5661476254463196,0.9986786246299744,0.432373046875,0.207663431763649,-0.56632399559021,0.9985201954841614,0.3951191306114197,0.20850439369678497,-0.5687226057052612,0.9985018372535706,0.38766175508499146,0.20808149874210358,-0.5687347650527954,0.9985618591308594,0.3801586627960205,0.20849186182022095,-0.569016695022583,0.9983640313148499,0.44298863410949707,0.22709687054157257,-0.28502482175827026,0.99837327003479,0.3712981939315796,0.22798989713191986,-0.3006901443004608,0.9983236789703369,0.41892868280410767,0.27034860849380493,-0.5012984871864319,0.9990684986114502,0.39191943407058716,0.2696544826030731,-0.5048633813858032,0.9988777041435242,0.5061130523681641,0.4271368384361267,-0.08768845349550247,0.9987553954124451,0.3094407021999359,0.4093415439128876,-0.08681615442037582,0.9987743496894836,0.5296615362167358,0.6243811249732971,0.023662304505705833,0.9307945966720581,0.28851473331451416,0.644156813621521,0.043389834463596344,0.9812226295471191,0.5486984848976135,0.8426262736320496,-0.26497018337249756,0.8703753352165222,0.2567487359046936,0.8704530596733093,-0.19521334767341614,0.9509885311126709,0.5597317814826965,0.8977929353713989,-0.3453795611858368,0.8194522857666016,0.24994806945323944,0.9252452254295349,-0.2616472542285919,0.9140185117721558,0.5515230894088745,0.907920241355896,-0.43749791383743286,0.841620922088623,0.25745677947998047,0.9294487833976746,-0.33849036693573,0.9260060787200928,0.540772557258606,0.8885318040847778,-0.311909019947052,0.8430228233337402,0.26468825340270996,0.9121990203857422,-0.23342278599739075,0.9242565631866455,0.4686722159385681,0.8810920119285583,-0.014938381500542164,0.9460563659667969,0.3415948748588562,0.8702974319458008,0.015876304358243942,0.9522834420204163,0.45845288038253784,1.312330722808838,-0.21104276180267334,0.25390222668647766,0.30901509523391724,1.285354733467102,-0.17907342314720154,0.2857661843299866,0.47755274176597595,1.7321155071258545,0.04836530610918999,0.03578939661383629,0.33215051889419556,1.7309587001800537,-0.11168982088565826,0.06437855958938599,0.47700929641723633,1.7865111827850342,0.05800045281648636,0.03941783681511879,0.33649101853370667,1.7910431623458862,-0.1169646829366684,0.06352468580007553,0.4642461836338043,1.8522359132766724,-0.29664239287376404,0.03017975389957428,0.34870797395706177,1.8457468748092651,-0.5141173601150513,0.04569529369473457
2026-04-30T18:47:01.722084,100,0.4057290554046631,0.23374487459659576,-0.7299989461898804,0.998981237411499,0.4186282753944397,0.20515231788158417,-0.6885778903961182,0.9982342720031738,0.42655763030052185,0.20494110882282257,-0.6888511776924133,0.9983921647071838,0.43422427773475647,0.2053215205669403,-0.6889379024505615,0.99821537733078,0.39672210812568665,0.20637847483158112,-0.688084065914154,0.9982998967170715,0.38930147886276245,0.20635078847408295,-0.6881896257400513,0.9983397722244263,0.38177648186683655,0.20707231760025024,-0.6885969638824463,0.9981723427772522,0.444979190826416,0.2254931479692459,-0.38592034578323364,0.9979679584503174,0.3722306489944458,0.22701868414878845,-0.37960323691368103,0.9980847239494324,0.41992777585983276,0.2635281980037689,-0.6139043569564819,0.9989271759986877,0.3926522135734558,0.26380765438079834,-0.6120842099189758,0.9987639784812927,0.5081055164337158,0.4257963001728058,-0.17628899216651917,0.9985236525535583,0.3101038932800293,0.40884292125701904,-0.12092604488134384,0.9987595081329346,0.5300781726837158,0.6028968691825867,-0.11104419082403183,0.9244548082351685,0.28847771883010864,0.6439977288246155,0.051996517926454544,0.9806423187255859,0.5398498773574829,0.7568982243537903,-0.4711002707481384,0.8598147034645081,0.2570691704750061,0.8741554617881775,-0.14967794716358185,0.9440081119537354,0.5464187860488892,0.8073025941848755,-0.5579351782798767,0.8071268796920776,0.2496008425951004,0.9289284348487854,-0.20401494204998016,0.901881992816925,0.5437843799591064,0.8221320509910583,-0.629794180393219,0.8299466967582703,0.2569988965988159,0.9335899353027344,-0.28564900159835815,0.915547788143158,0.5294944643974304,0.7488048076629639,-0.5109583139419556,0.8297371864318848,0.2649887204170227,0.9153273105621338,-0.1884945183992386,0.9139665365219116,0.47084730863571167,0.8816526532173157,-0.019265610724687576,0.9332966804504395,0.34245309233665466,0.8724817633628845,0.020166000351309776,0.9472813606262207,0.4688279628753662,1.3135433197021484,-0.2180558741092682,0.245316743850708,0.3185940086841583,1.2876642942428589,-0.20062963664531708,0.2827470302581787,0.48744282126426697,1.738603949546814,0.044997476041316986,0.03469002991914749,0.3392597436904907,1.7391616106033325,-0.11252693831920624,0.0626206248998642,0.48760470747947693,1.7929344177246094,0.054188258945941925,0.03771228343248367,0.3431529402732849,1.7997784614562988,-0.11672021448612213,0.06240212544798851,0.47471922636032104,1.8599849939346313,-0.31399810314178467,0.028844041749835014,0.3565438687801361,1.8561737537384033,-0.5263723134994507,0.04471801966428757
2026-04-30T18:47:01.829830,101,0.40620866417884827,0.23357033729553223,-0.7923133969306946,0.9990113377571106,0.41914287209510803,0.20506176352500916,-0.752398669719696,0.9982848763465881,0.42740148305892944,0.20486028492450714,-0.7526190876960754,0.9984370470046997,0.43512994050979614,0.20523510873317719,-0.7527506351470947,0.9982621073722839,0.397844523191452,0.20633509755134583,-0.7627507448196411,0.9983464479446411,0.39063704013824463,0.20630759000778198,-0.7628500461578369,0.998388946056366,0.3831711709499359,0.20699702203273773,-0.7631224989891052,0.9982240200042725,0.44653430581092834,0.2253241389989853,-0.450716495513916,0.9980336427688599,0.37299269437789917,0.226435124874115,-0.49657273292541504,0.9981551766395569,0.42079490423202515,0.26268330216407776,-0.6747137308120728,0.9989748001098633,0.3939093053340912,0.26238584518432617,-0.6877329349517822,0.9988234639167786,0.5077432990074158,0.4238942563533783,-0.20507796108722687,0.9985867142677307,0.3104744255542755,0.4088127017021179,-0.2402110993862152,0.9988051652908325,0.5308228135108948,0.6049219369888306,-0.05925843119621277,0.9282660484313965,0.2846311032772064,0.647266149520874,-0.08108346164226532,0.9818795919418335,0.5420038104057312,0.7647557854652405,-0.3604373633861542,0.8668122291564941,0.2570360600948334,0.8788414597511292,-0.2968175709247589,0.9465615153312683,0.54901123046875,0.8121423125267029,-0.43994417786598206,0.813856840133667,0.2491733729839325,0.9391337633132935,-0.3595908582210541,0.9047039747238159,0.5448541641235352,0.8233383893966675,-0.5265591144561768,0.8359900116920471,0.25725671648979187,0.9406835436820984,-0.43509745597839355,0.9179663062095642,0.5300084352493286,0.7830724716186523,-0.40514785051345825,0.8354077935218811,0.2654217481613159,0.9202955365180969,-0.332082599401474,0.9162065982818604,0.4717457890510559,0.8812696933746338,-0.017731143161654472,0.9349918961524963,0.34293437004089355,0.8753641843795776,0.018583964556455612,0.9491003155708313,0.46913543343544006,1.3129531145095825,-0.19139383733272552,0.2418312430381775,0.319163978099823,1.2873139381408691,-0.19251081347465515,0.2813693583011627,0.48764151334762573,1.7290908098220825,0.07982225716114044,0.0343325138092041,0.33985528349876404,1.7279828786849976,-0.08527857065200806,0.062450096011161804,0.48755279183387756,1.7815872430801392,0.08883577585220337,0.03703019767999649,0.34370535612106323,1.7872810363769531,-0.0880088210105896,0.06341393291950226,0.47548002004623413,1.8491215705871582,-0.27987751364707947,0.02800074778497219,0.3573054075241089,1.8410013914108276,-0.5025778412818909,0.04475610703229904
2026-04-30T18:47:01.939075,102,0.4077383875846863,0.23353888094425201,-0.799388587474823,0.9990007281303406,0.4206480383872986,0.20494535565376282,-0.7607051134109497,0.9982671737670898,0.42887020111083984,0.20474909245967865,-0.7609267234802246,0.998417854309082,0.4366418719291687,0.2051415741443634,-0.7610645890235901,0.9982395768165588,0.3991280794143677,0.20618195831775665,-0.7703447937965393,0.9983310699462891,0.39177635312080383,0.20614248514175415,-0.77043616771698,0.9983777403831482,0.38420021533966064,0.20683029294013977,-0.7707238793373108,0.99821537733078,0.447471559047699,0.22521774470806122,-0.46295446157455444,0.9980177879333496,0.3736567497253418,0.22628344595432281,-0.5046684741973877,0.9981649518013,0.4222732186317444,0.26252588629722595,-0.6832577586174011,0.9989920258522034,0.39507240056991577,0.2621705234050751,-0.6951786279678345,0.998852550983429,0.5082283616065979,0.4225621819496155,-0.21327869594097137,0.9986059069633484,0.31042423844337463,0.4117600619792938,-0.25220146775245667,0.9988500475883484,0.5276525616645813,0.6060254573822021,-0.04044799506664276,0.930192232131958,0.2843557596206665,0.6520377397537231,-0.08540897071361542,0.9828000664710999,0.5434480905532837,0.7782869935035706,-0.3270440697669983,0.8702205419540405,0.2574484944343567,0.8832911849021912,-0.2970162034034729,0.9486005902290344,0.5508096814155579,0.8360072374343872,-0.4097062051296234,0.8167321681976318,0.24945048987865448,0.9472072124481201,-0.3590738773345947,0.9070429801940918,0.5456550717353821,0.8516134023666382,-0.4936358332633972,0.8386014103889465,0.2574874758720398,0.9472169876098633,-0.4378240704536438,0.9199963212013245,0.5324524641036987,0.8255206942558289,-0.3721197247505188,0.8379309773445129,0.265652060508728,0.9263380765914917,-0.33380407094955444,0.9180096387863159,0.47176593542099,0.881509006023407,-0.016725895926356316,0.9362168908119202,0.34339800477027893,0.8773888945579529,0.01755863055586815,0.950649619102478,0.470214307308197,1.3122748136520386,-0.1845908910036087,0.23563840985298157,0.3210020065307617,1.288192629814148,-0.18570248782634735,0.2774091958999634,0.4894413948059082,1.724225401878357,0.09418819844722748,0.0333426296710968,0.3441186547279358,1.7243672609329224,-0.07124008238315582,0.06078771874308586,0.48935335874557495,1.7764942646026611,0.10382622480392456,0.035812102258205414,0.34812942147254944,1.7832731008529663,-0.07286705821752548,0.06254903227090836,0.47861820459365845,1.8427352905273438,-0.26658037304878235,0.026843750849366188,0.3621346354484558,1.8350815773010254,-0.49069565534591675,0.043713781982660294
2026-04-30T18:47:02.043967,103,0.407703697681427,0.22779634594917297,-0.7900069952011108,0.998974084854126,0.4213450849056244,0.20163922011852264,-0.7410306334495544,0.998211681842804,0.42953458428382874,0.20201441645622253,-0.7415221333503723,0.9983614683151245,0.43745023012161255,0.20285780727863312,-0.7418471574783325,0.9981877207756042,0.3993014693260193,0.20264053344726562,-0.7598687410354614,0.9982989430427551,0.3920438885688782,0.2030489444732666,-0.7600744962692261,0.9983495473861694,0.3846976161003113,0.20403233170509338,-0.7607770562171936,0.9982037544250488,0.44805675745010376,0.22341986000537872,-0.4123700261116028,0.9979380965232849,0.37407606840133667,0.2238924503326416,-0.482462078332901,0.9981288909912109,0.42219144105911255,0.2569713294506073,-0.6496408581733704,0.9989975690841675,0.3950677514076233,0.25712254643440247,-0.6844998598098755,0.9988629817962646,0.5110898017883301,0.42199867963790894,-0.18636633455753326,0.998579740524292,0.3102937936782837,0.41228005290031433,-0.2080768346786499,0.9989058375358582,0.5278074741363525,0.6073893904685974,-0.030840804800391197,0.9315016865730286,0.2839295268058777,0.652458131313324,-0.030834490433335304,0.9833808541297913,0.5443562269210815,0.7813931107521057,-0.2965483069419861,0.8666398525238037,0.2581588327884674,0.8836098909378052,-0.18651273846626282,0.9492056369781494,0.5523644685745239,0.8373104333877563,-0.3564355671405792,0.8106074929237366,0.24956195056438446,0.9496442079544067,-0.23844949901103973,0.9070051908493042,0.5460946559906006,0.8594010472297668,-0.43940719962120056,0.8329030871391296,0.2581356167793274,0.9492484927177429,-0.31163984537124634,0.9199808835983276,0.5346256494522095,0.8381903767585754,-0.3366853594779968,0.8323777914047241,0.2667493224143982,0.9277586340904236,-0.22038201987743378,0.917726457118988,0.4744083881378174,0.8826094269752502,-0.0170026533305645,0.936520516872406,0.3434733748435974,0.8799021244049072,0.017768044024705887,0.9521104097366333,0.4703136086463928,1.3098785877227783,-0.18829411268234253,0.2286267727613449,0.3215939998626709,1.286126971244812,-0.1696586310863495,0.2734449803829193,0.489570289850235,1.714498519897461,0.08943711221218109,0.03212292864918709,0.34454378485679626,1.7123873233795166,-0.05082021281123161,0.05826691538095474,0.4898660182952881,1.7655409574508667,0.09893815219402313,0.03422047942876816,0.3484485149383545,1.7690660953521729,-0.05188170075416565,0.06029118597507477,0.47858014702796936,1.8298004865646362,-0.26617103815078735,0.02549567073583603,0.3623943030834198,1.8215926885604858,-0.44735798239707947,0.04172823950648308
2026-04-30T18:47:02.152258,104,0.4086581766605377,0.2259756624698639,-0.6791344881057739,0.9990114569664001,0.42363977432250977,0.19982977211475372,-0.6343746185302734,0.9982878565788269,0.4324871599674225,0.2004595249891281,-0.6346926093101501,0.9984313249588013,0.44083133339881897,0.20156925916671753,-0.6350225210189819,0.9982679486274719,0.3996056020259857,0.20050065219402313,-0.6512315273284912,0.9983637928962708,0.39237019419670105,0.20100487768650055,-0.6512442231178284,0.998415470123291,0.3850541412830353,0.2020885944366455,-0.6516042947769165,0.9982785582542419,0.45021647214889526,0.22221951186656952,-0.3317515254020691,0.9980208873748779,0.3743491768836975,0.22077549993991852,-0.40075045824050903,0.998220682144165,0.42335420846939087,0.2564205527305603,-0.5584263205528259,0.9990506172180176,0.3954228162765503,0.25650671124458313,-0.5818641781806946,0.9989225268363953,0.512531578540802,0.415201336145401,-0.11416937410831451,0.9986554980278015,0.31107378005981445,0.41168108582496643,-0.1939719170331955,0.9989539384841919,0.5284271836280823,0.6078751683235168,0.05155450105667114,0.9350138306617737,0.28417065739631653,0.6522143483161926,-0.028430845588445663,0.9844529628753662,0.5450454950332642,0.8149049878120422,-0.20406651496887207,0.8679800033569336,0.2583746612071991,0.8859609961509705,-0.1842418611049652,0.9508015513420105,0.5530022382736206,0.8821101784706116,-0.26333996653556824,0.8098869323730469,0.2497418373823166,0.9513660073280334,-0.23681381344795227,0.9086150527000427,0.5465826988220215,0.8956625461578369,-0.35609668493270874,0.8320044875144958,0.25867271423339844,0.9506889581680298,-0.30462899804115295,0.9213336706161499,0.5347265601158142,0.8799297213554382,-0.24869608879089355,0.8315272331237793,0.26755809783935547,0.930084228515625,-0.21518011391162872,0.9188457727432251,0.4746139943599701,0.8834468126296997,-0.014299282804131508,0.9394522905349731,0.3437177240848541,0.8819225430488586,0.014960807748138905,0.9543240070343018,0.47066155076026917,1.3080506324768066,-0.12319763749837875,0.22135643661022186,0.3267766535282135,1.2806155681610107,-0.11020845174789429,0.26745572686195374,0.4895966947078705,1.7038123607635498,0.17203085124492645,0.030401255935430527,0.3482849597930908,1.690455675125122,0.036667268723249435,0.055021896958351135,0.490074098110199,1.7518858909606934,0.18574699759483337,0.03214951977133751,0.3498395085334778,1.7432825565338135,0.03992854058742523,0.057361651211977005,0.47822609543800354,1.8179268836975098,-0.15572217106819153,0.02378096431493759,0.3683626055717468,1.8015351295471191,-0.3435578942298889,0.038982365280389786
2026-04-30T18:47:02.259561,105,0.409667432308197,0.22417950630187988,-0.5092942714691162,0.9990267753601074,0.42561325430870056,0.1983797401189804,-0.4688970446586609,0.9983119964599609,0.4347139298915863,0.1992599219083786,-0.46918362379074097,0.9984511733055115,0.4431205689907074,0.20060916244983673,-0.46937114000320435,0.9982969760894775,0.4001292586326599,0.19869379699230194,-0.47354355454444885,0.9983879923820496,0.39263349771499634,0.19924548268318176,-0.4735303521156311,0.9984405040740967,0.38541242480278015,0.2004631608724594,-0.47387808561325073,0.9983218908309937,0.4513978958129883,0.22092869877815247,-0.20550334453582764,0.9980143308639526,0.37461555004119873,0.21759314835071564,-0.2238750159740448,0.9982684850692749,0.4240701198577881,0.25542938709259033,-0.4083293378353119,0.9990778565406799,0.3958485722541809,0.2552054822444916,-0.4141358733177185,0.9989633560180664,0.512719988822937,0.41316017508506775,-0.04862062633037567,0.998719334602356,0.3113193213939667,0.4108971059322357,-0.05579692870378494,0.9990116357803345,0.5301368236541748,0.6037149429321289,0.048961441963911057,0.9377265572547913,0.28342002630233765,0.6521837711334229,0.09038432687520981,0.985440731048584,0.5472856163978577,0.8277662396430969,-0.21074113249778748,0.8720076084136963,0.2586013078689575,0.8872622847557068,-0.07538996636867523,0.9529805779457092,0.5551697015762329,0.8970514535903931,-0.2752031683921814,0.8141926527023315,0.24991467595100403,0.9540749788284302,-0.12981891632080078,0.9117421507835388,0.5483895540237427,0.9061924815177917,-0.3675656020641327,0.8354195952415466,0.2587737739086151,0.9530049562454224,-0.1939839869737625,0.9239630699157715,0.5374600291252136,0.889719545841217,-0.2606782615184784,0.8347044587135315,0.2676393687725067,0.9328107833862305,-0.10503312200307846,0.921377956867218,0.4776899218559265,0.8868729472160339,-0.014279859140515327,0.9420707821846008,0.34390002489089966,0.8867519497871399,0.014934681355953217,0.9568451046943665,0.4706198573112488,1.3082716464996338,-0.13560912013053894,0.218467578291893,0.32748252153396606,1.2793422937393188,-0.11709817498922348,0.26512962579727173,0.4893859922885895,1.6948542594909668,0.16795045137405396,0.029105301946401596,0.3485029339790344,1.6814570426940918,0.033743541687726974,0.052139561623334885,0.4899527132511139,1.7412679195404053,0.18525470793247223,0.030502911657094955,0.34962019324302673,1.7317866086959839,0.03890349715948105,0.0543353334069252,0.4772125780582428,1.8083937168121338,-0.1350327432155609,0.022470956668257713,0.37030839920043945,1.7959442138671875,-0.3269968330860138,0.03655826672911644
2026-04-30T18:47:02.365834,106,0.4119402766227722,0.22183670103549957,-0.5055303573608398,0.9990473389625549,0.4276708662509918,0.19727212190628052,-0.46697568893432617,0.9983547329902649,0.4364871382713318,0.1982124000787735,-0.46720942854881287,0.998493492603302,0.44457539916038513,0.19958274066448212,-0.4674437940120697,0.9983477592468262,0.40248966217041016,0.1974932998418808,-0.4750184416770935,0.9984265565872192,0.39435645937919617,0.1981671154499054,-0.4750214219093323,0.9984813332557678,0.386759489774704,0.1994861215353012,-0.47530731558799744,0.9983712434768677,0.4515906274318695,0.21835650503635406,-0.20560748875141144,0.998058557510376,0.3746670186519623,0.21582679450511932,-0.23860840499401093,0.9983279705047607,0.4246034622192383,0.25204071402549744,-0.4051896631717682,0.9991121888160706,0.3965568542480469,0.252096563577652,-0.4149051308631897,0.9990037083625793,0.5131071209907532,0.4108384847640991,-0.044852398335933685,0.9987903237342834,0.31144416332244873,0.4105391204357147,-0.07376794517040253,0.9990665316581726,0.5299838781356812,0.6054360270500183,0.060643237084150314,0.9405655264854431,0.2834962010383606,0.6518846154212952,0.07808329164981842,0.9861884117126465,0.5481261610984802,0.8319578170776367,-0.20976300537586212,0.8737228512763977,0.2595241367816925,0.8860406875610352,-0.05799776315689087,0.9533968567848206,0.5561708807945251,0.9031811356544495,-0.2751118838787079,0.8151488900184631,0.25039219856262207,0.9537568688392639,-0.1028633862733841,0.911984384059906,0.5492469072341919,0.9105969071388245,-0.36308524012565613,0.836080014705658,0.2597026824951172,0.9528219699859619,-0.16602781414985657,0.9241061806678772,0.5386735200881958,0.8935096263885498,-0.2543219029903412,0.8351665139198303,0.26851150393486023,0.9326419830322266,-0.08608675748109818,0.9213133454322815,0.47777169942855835,0.8871682286262512,-0.013270018622279167,0.9435746669769287,0.3439846634864807,0.8872239589691162,0.013858337886631489,0.9583824276924133,0.4694294035434723,1.3003382682800293,-0.11696932464838028,0.21176479756832123,0.32815808057785034,1.2718392610549927,-0.09511697292327881,0.2583169639110565,0.48629921674728394,1.6798733472824097,0.15822647511959076,0.027699986472725868,0.34838539361953735,1.6664884090423584,0.03862690180540085,0.04906319081783295,0.4873654842376709,1.7254482507705688,0.17323730885982513,0.028910674154758453,0.34934908151626587,1.7159974575042725,0.04132496938109398,0.051265351474285126,0.47303685545921326,1.7897104024887085,-0.13762909173965454,0.021276051178574562,0.3699174225330353,1.7781716585159302,-0.3125256896018982,0.03409174457192421
2026-04-30T18:47:02.476641,107,0.4123993515968323,0.21923358738422394,-0.4567658305168152,0.9991148710250854,0.4277617931365967,0.19583861529827118,-0.41963744163513184,0.9984729290008545,0.4365411698818207,0.19696179032325745,-0.41987746953964233,0.9986035823822021,0.4447539448738098,0.19844292104244232,-0.42004474997520447,0.9984694719314575,0.4028516411781311,0.19558176398277283,-0.4224787652492523,0.9985382556915283,0.3946966826915741,0.19617527723312378,-0.42243582010269165,0.9985893964767456,0.3870943486690521,0.19739602506160736,-0.4226689338684082,0.9984877109527588,0.4517403244972229,0.21573175489902496,-0.174898162484169,0.9981980919837952,0.374941349029541,0.211872860789299,-0.18684431910514832,0.9984532594680786,0.4250947833061218,0.24834749102592468,-0.3639565110206604,0.9991801977157593,0.3967795968055725,0.24771693348884583,-0.3674316704273224,0.9990811347961426,0.5133399367332458,0.4081675112247467,-0.04331155866384506,0.9988904595375061,0.3115778863430023,0.40931937098503113,-0.03507022559642792,0.9991368055343628,0.5301547646522522,0.6067541837692261,0.03760630637407303,0.9448215365409851,0.28170379996299744,0.6484530568122864,0.08640147745609283,0.9871466159820557,0.5483143329620361,0.8392552137374878,-0.26471737027168274,0.8814232349395752,0.25964802503585815,0.8845374584197998,-0.09278549253940582,0.9557685256004333,0.5565401911735535,0.9084507822990417,-0.3496459424495697,0.8247615098953247,0.2505134046077728,0.9532101154327393,-0.1476098597049713,0.9155601263046265,0.5497700572013855,0.9145322442054749,-0.427590936422348,0.84459388256073,0.25975146889686584,0.9522863626480103,-0.21320219337940216,0.9271660447120667,0.5391654968261719,0.8975874781608582,-0.30481961369514465,0.8435541391372681,0.2686344385147095,0.932118833065033,-0.12331603467464447,0.9243618249893188,0.4779609739780426,0.8848000168800354,-0.013380351476371288,0.9470595121383667,0.3438950181007385,0.8853934407234192,0.01396271027624607,0.9610008597373962,0.46842843294143677,1.287704348564148,-0.11728646606206894,0.20939725637435913,0.3278460204601288,1.2602635622024536,-0.08811086416244507,0.2547522783279419,0.4846094250679016,1.663319706916809,0.1493779420852661,0.026387393474578857,0.3480948507785797,1.650302529335022,0.03271562233567238,0.04608524963259697,0.4863807260990143,1.7089184522628784,0.1636696457862854,0.027379939332604408,0.34928593039512634,1.6987764835357666,0.03505641967058182,0.048100296407938004,0.46959400177001953,1.7744539976119995,-0.1423557996749878,0.020016472786664963,0.36981070041656494,1.7626698017120361,-0.309556245803833,0.03176377713680267
2026-04-30T18:47:02.582261,108,0.41245609521865845,0.21779847145080566,-0.47265464067459106,0.9991665482521057,0.42807474732398987,0.1937008947134018,-0.43700647354125977,0.9985640048980713,0.4370248317718506,0.19489113986492157,-0.43726539611816406,0.9986876249313354,0.44528651237487793,0.19653993844985962,-0.437439501285553,0.9985632300376892,0.4029701352119446,0.1934049129486084,-0.44025033712387085,0.9986223578453064,0.3947991728782654,0.1940702497959137,-0.4402095377445221,0.9986703991889954,0.3871888220310211,0.1953568160533905,-0.44044479727745056,0.998577356338501,0.4519801139831543,0.21291324496269226,-0.19001345336437225,0.99830162525177,0.3751450777053833,0.20903077721595764,-0.2029161900281906,0.9985541701316833,0.42517250776290894,0.24616709351539612,-0.37782222032546997,0.9992357492446899,0.3969990015029907,0.24583864212036133,-0.3815513849258423,0.9991458058357239,0.5137273073196411,0.40656086802482605,-0.04599224030971527,0.998975932598114,0.3116493225097656,0.4074080288410187,-0.048281796276569366,0.9992004632949829,0.5306681394577026,0.6094023585319519,0.03681274503469467,0.9480896592140198,0.2785898745059967,0.6471573114395142,0.07594894617795944,0.9880427718162537,0.548366367816925,0.8420584201812744,-0.2634015679359436,0.8876047134399414,0.259554922580719,0.8843147158622742,-0.10786372423171997,0.958172619342804,0.556792140007019,0.9103580117225647,-0.3467717468738556,0.8326477408409119,0.2505429685115814,0.9528475999832153,-0.16465218365192413,0.9192871451377869,0.5501413345336914,0.9155766367912292,-0.42706379294395447,0.851554811000824,0.2598733901977539,0.9523264765739441,-0.23074007034301758,0.9303471446037292,0.5393727421760559,0.8983433246612549,-0.30329641699790955,0.850409984588623,0.26881200075149536,0.9324674606323242,-0.13861796259880066,0.9275209307670593,0.4768292307853699,0.8850609660148621,-0.012751223519444466,0.9504516124725342,0.3415028154850006,0.8854321241378784,0.013325147330760956,0.9635581970214844,0.4654870629310608,1.2859171628952026,-0.10477954149246216,0.20755039155483246,0.3277040123939514,1.256933331489563,-0.08278469741344452,0.2528182566165924,0.4793947637081146,1.653046727180481,0.20150677859783173,0.025104021653532982,0.3474785089492798,1.6384339332580566,0.07828301191329956,0.043460384011268616,0.4812653660774231,1.6969629526138306,0.22060592472553253,0.025873331353068352,0.3475129306316376,1.6858501434326172,0.08595100790262222,0.04525800794363022,0.46378612518310547,1.7641271352767944,-0.06959211826324463,0.018800951540470123,0.3696594536304474,1.7493666410446167,-0.24878032505512238,0.029667602851986885
2026-04-30T18:47:02.689238,109,0.4131712019443512,0.21791863441467285,-0.45480427145957947,0.9992169141769409,0.4291815161705017,0.19373908638954163,-0.42169055342674255,0.9986489415168762,0.43841543793678284,0.19495435059070587,-0.4219263195991516,0.9987649321556091,0.44638365507125854,0.1966172307729721,-0.42209354043006897,0.9986496567726135,0.4035988450050354,0.19342994689941406,-0.427853524684906,0.9987049102783203,0.3950500190258026,0.19408534467220306,-0.42782172560691833,0.9987508058547974,0.3873516023159027,0.19536378979682922,-0.4280363619327545,0.9986659288406372,0.45226234197616577,0.21287201344966888,-0.18215925991535187,0.9983952641487122,0.37526530027389526,0.20889464020729065,-0.2076425552368164,0.9986519813537598,0.42583757638931274,0.24622099101543427,-0.3618761897087097,0.9992868900299072,0.3970668315887451,0.2460804581642151,-0.36938029527664185,0.9992071986198425,0.5140788555145264,0.4059482216835022,-0.036564722657203674,0.9990556240081787,0.3099048435688019,0.40547508001327515,-0.0627388060092926,0.9992637634277344,0.5313857197761536,0.6096979975700378,0.057778507471084595,0.9509233236312866,0.2780223488807678,0.647134006023407,0.05808407813310623,0.9888418912887573,0.5483915209770203,0.8429234623908997,-0.20966753363609314,0.892976701259613,0.2596268355846405,0.8842483758926392,-0.11610603332519531,0.9602904915809631,0.5572359561920166,0.911554217338562,-0.28661367297172546,0.8393736481666565,0.25050193071365356,0.9531334638595581,-0.17367228865623474,0.9226745963096619,0.5498277544975281,0.9159659147262573,-0.36632490158081055,0.8574978709220886,0.2600190341472626,0.9530889987945557,-0.24183516204357147,0.9332431554794312,0.5391002297401428,0.8987199068069458,-0.24918100237846375,0.8561857342720032,0.268951952457428,0.9332283139228821,-0.14888684451580048,0.9303634762763977,0.4762361943721771,0.8859332799911499,-0.007851267233490944,0.9531237483024597,0.34076982736587524,0.8862694501876831,0.008403158746659756,0.9656797647476196,0.46493250131607056,1.2824625968933105,-0.07054239511489868,0.20647795498371124,0.32971328496932983,1.2543799877166748,-0.07267355918884277,0.25003278255462646,0.4787977635860443,1.6424734592437744,0.22856104373931885,0.024156736209988594,0.34827059507369995,1.6299515962600708,0.0937182679772377,0.041376903653144836,0.4805448055267334,1.6855422258377075,0.24722719192504883,0.02464151941239834,0.3476197421550751,1.6767208576202393,0.10208475589752197,0.042818695306777954,0.46386709809303284,1.7519100904464722,-0.027579594403505325,0.01795361191034317,0.37094056606292725,1.7396023273468018,-0.21933674812316895,0.02800855226814747
2026-04-30T18:47:02.803226,110,0.41346079111099243,0.2180308699607849,-0.46762219071388245,0.9992280006408691,0.4292512536048889,0.19393320381641388,-0.43202248215675354,0.9986584186553955,0.4384579062461853,0.1951657086610794,-0.43228739500045776,0.9987711310386658,0.44643306732177734,0.19684496521949768,-0.43245482444763184,0.998663067817688,0.4037078022956848,0.19346044957637787,-0.43646568059921265,0.9987138509750366,0.395152747631073,0.19409827888011932,-0.4364689886569977,0.9987607002258301,0.3874646723270416,0.19534853100776672,-0.43675464391708374,0.9986857175827026,0.4523398280143738,0.21278412640094757,-0.19087760150432587,0.9983887076377869,0.3753407597541809,0.20824402570724487,-0.2094304859638214,0.9986739754676819,0.42590561509132385,0.2460465431213379,-0.375062495470047,0.9993108510971069,0.3972654938697815,0.24576635658740997,-0.380654513835907,0.9992364048957825,0.5140844583511353,0.4054969251155853,-0.04702937975525856,0.9991095662117004,0.308080792427063,0.4054487347602844,-0.05970984697341919,0.9993076324462891,0.5307543873786926,0.6099146008491516,0.050201307982206345,0.9536182284355164,0.27765995264053345,0.646876871585846,0.06990638375282288,0.9895541071891785,0.5480517148971558,0.8470348119735718,-0.22021475434303284,0.8979690670967102,0.2596065402030945,0.8837083578109741,-0.09527117013931274,0.962563693523407,0.5573450326919556,0.9145535826683044,-0.2963722348213196,0.8455309271812439,0.2503170371055603,0.9529210329055786,-0.1509123146533966,0.9263656139373779,0.5495325922966003,0.9186285734176636,-0.3774983286857605,0.8628848791122437,0.25996583700180054,0.9529028534889221,-0.2192658632993698,0.936435878276825,0.5389414429664612,0.9015712738037109,-0.2610483169555664,0.8616979122161865,0.2688264548778534,0.9329645037651062,-0.1269005686044693,0.9335828423500061,0.47581321001052856,0.8860219120979309,-0.008834063075482845,0.9561300873756409,0.33992666006088257,0.8861322999000549,0.009290637448430061,0.9680052995681763,0.4647817015647888,1.2744128704071045,-0.08934134244918823,0.20370490849018097,0.32940658926963806,1.2471460103988647,-0.0783328115940094,0.24540486931800842,0.47796115279197693,1.6276527643203735,0.24095609784126282,0.02285132184624672,0.3480300009250641,1.6172614097595215,0.11799092590808868,0.039064306765794754,0.4798033833503723,1.6688933372497559,0.26535382866859436,0.023233285173773766,0.3474434018135071,1.663001298904419,0.12995031476020813,0.0404338575899601,0.4621090888977051,1.7395052909851074,-0.01562652178108692,0.016774427145719528,0.3708779215812683,1.7263942956924438,-0.1957559883594513,0.026185989379882812
2026-04-30T18:47:02.909122,111,0.4165087640285492,0.2180970460176468,-0.4606918394565582,0.9992702007293701,0.4307273328304291,0.19394952058792114,-0.4245058000087738,0.9987344145774841,0.4391652047634125,0.19516977667808533,-0.42475205659866333,0.9988393187522888,0.4465741217136383,0.19683314859867096,-0.42496031522750854,0.9987398386001587,0.40723270177841187,0.19348032772541046,-0.43603911995887756,0.9987841844558716,0.39874252676963806,0.19411037862300873,-0.43601885437965393,0.9988290071487427,0.39078766107559204,0.19534508883953094,-0.43625131249427795,0.9987607598304749,0.45111584663391113,0.21198438107967377,-0.17924150824546814,0.9984780550003052,0.37552398443222046,0.20791837573051453,-0.22386999428272247,0.9987605810165405,0.42631039023399353,0.24611330032348633,-0.3656509518623352,0.9993579983711243,0.39934587478637695,0.24588912725448608,-0.38025155663490295,0.999290943145752,0.5127719044685364,0.404542475938797,-0.038264937698841095,0.9991801381111145,0.30631113052368164,0.40544527769088745,-0.08156248182058334,0.9993565082550049,0.5303018689155579,0.6106279492378235,0.055736444890499115,0.9563201069831848,0.2769348919391632,0.6468762159347534,0.016095396131277084,0.9903223514556885,0.5474852323532104,0.8499426245689392,-0.215681791305542,0.9046284556388855,0.2595503032207489,0.8841060996055603,-0.14426711201667786,0.9651544094085693,0.5569728016853333,0.9178256392478943,-0.293855756521225,0.8545563817024231,0.25022029876708984,0.9530013799667358,-0.2039860188961029,0.9309105277061462,0.5479477643966675,0.9205177426338196,-0.37544044852256775,0.8709126710891724,0.26000672578811646,0.953285813331604,-0.26673048734664917,0.940336287021637,0.5376177430152893,0.9035221338272095,-0.25646549463272095,0.8696874976158142,0.2688601016998291,0.9336735606193542,-0.17234784364700317,0.9374814629554749,0.47588151693344116,0.8860750794410706,-0.0048671686090528965,0.9589741826057434,0.3399648070335388,0.887455940246582,0.005396687891334295,0.9701080918312073,0.46568965911865234,1.273739218711853,-0.08197519928216934,0.20035110414028168,0.32959598302841187,1.247881293296814,-0.07801735401153564,0.24056801199913025,0.47865748405456543,1.6243541240692139,0.2744554281234741,0.02163246087729931,0.3481557369232178,1.6151286363601685,0.13180817663669586,0.037152279168367386,0.4805554449558258,1.665074110031128,0.29959636926651,0.021847786381840706,0.3473944067955017,1.6599799394607544,0.14493773877620697,0.037991851568222046,0.4632853865623474,1.7361431121826172,0.029979199171066284,0.015789873898029327,0.37178733944892883,1.7253727912902832,-0.1747785210609436,0.024633273482322693
2026-04-30T18:47:03.018446,112,0.41404837369918823,0.2181447595357895,-0.4470410943031311,0.9993004202842712,0.42952752113342285,0.1940254420042038,-0.4132767617702484,0.998782217502594,0.43795815110206604,0.19522908329963684,-0.4134994149208069,0.9988827705383301,0.44568759202957153,0.1968633234500885,-0.41363590955734253,0.9987887144088745,0.40572047233581543,0.19350045919418335,-0.4165981411933899,0.9988332390785217,0.39756888151168823,0.19408336281776428,-0.416560560464859,0.9988788366317749,0.38986390829086304,0.19519513845443726,-0.416832834482193,0.9988182783126831,0.45082393288612366,0.2117435187101364,-0.18270674347877502,0.9985253214836121,0.3753797709941864,0.20731861889362335,-0.1971755474805832,0.998821496963501,0.4244712293148041,0.24604752659797668,-0.3589787185192108,0.999392032623291,0.3976892828941345,0.2459263652563095,-0.3633086681365967,0.999331533908844,0.512876570224762,0.4046921133995056,-0.04316983371973038,0.9992340207099915,0.3056025803089142,0.40581145882606506,-0.06855009496212006,0.9994018077850342,0.530403733253479,0.6108551621437073,0.027676274999976158,0.958448052406311,0.2770155966281891,0.6468605399131775,0.02755986712872982,0.9908915758132935,0.5467549562454224,0.8523375988006592,-0.22955667972564697,0.9084016680717468,0.260297566652298,0.884486198425293,-0.13688217103481293,0.9671799540519714,0.5562047362327576,0.9207038283348083,-0.30834677815437317,0.8596474528312683,0.2509198784828186,0.9531012773513794,-0.19851186871528625,0.9344863891601562,0.5463629364967346,0.9227684140205383,-0.3818320333957672,0.8754600882530212,0.2610553503036499,0.9535447359085083,-0.2617630362510681,0.9434251189231873,0.5360950231552124,0.9063681364059448,-0.2662951350212097,0.8743075132369995,0.26998528838157654,0.9340786337852478,-0.1660124957561493,0.9405767321586609,0.47604626417160034,0.886130154132843,-0.005778609309345484,0.9613980054855347,0.33979249000549316,0.8872783780097961,0.006325842346996069,0.9720042943954468,0.4653450846672058,1.2693285942077637,-0.091898612678051,0.20291583240032196,0.32912614941596985,1.243987798690796,-0.08195982128381729,0.24414946138858795,0.47771787643432617,1.616684079170227,0.2445313185453415,0.020897865295410156,0.34699147939682007,1.6069409847259521,0.1088438481092453,0.03570043668150902,0.479744017124176,1.6579736471176147,0.2670156955718994,0.020883509889245033,0.3461654782295227,1.6507068872451782,0.11955604702234268,0.036034926772117615,0.46230149269104004,1.7275770902633667,-0.01095542125403881,0.015017473138868809,0.37137293815612793,1.7185711860656738,-0.20105436444282532,0.023350825533270836
2026-04-30T18:47:03.130295,113,0.413198322057724,0.21881625056266785,-0.4687217175960541,0.9993267059326172,0.4287903308868408,0.19475817680358887,-0.43361347913742065,0.9988213181495667,0.43711280822753906,0.1958102583885193,-0.4338476061820984,0.9989166259765625,0.44492107629776,0.19725140929222107,-0.4340042471885681,0.9988255500793457,0.40503787994384766,0.19430473446846008,-0.43821844458580017,0.9988690614700317,0.3969939947128296,0.19483928382396698,-0.43819308280944824,0.9989157915115356,0.3893577456474304,0.195807546377182,-0.43846097588539124,0.9988610744476318,0.45017266273498535,0.21174928545951843,-0.19131334125995636,0.9985651969909668,0.37485983967781067,0.20740637183189392,-0.2116198092699051,0.9988746047019958,0.42380890250205994,0.2462649643421173,-0.37614646553993225,0.999426007270813,0.3969976007938385,0.24663040041923523,-0.3818182051181793,0.9993711113929749,0.5129876136779785,0.40358880162239075,-0.0455159991979599,0.999285876750946,0.30446597933769226,0.4061707556247711,-0.06955860555171967,0.9994441270828247,0.530510425567627,0.6087324619293213,0.028527211397886276,0.9599636197090149,0.27719998359680176,0.6479505300521851,0.02843148447573185,0.9914688467979431,0.545018196105957,0.8522554636001587,-0.22981055080890656,0.9115246534347534,0.26031216979026794,0.884548008441925,-0.1367291510105133,0.9692121148109436,0.5548027157783508,0.9209725260734558,-0.30721840262413025,0.8640581965446472,0.250933974981308,0.9529775381088257,-0.19830672442913055,0.9380694031715393,0.543816864490509,0.923218309879303,-0.3834509551525116,0.8795717358589172,0.26104536652565,0.9534615874290466,-0.26200994849205017,0.9465427994728088,0.5333835482597351,0.9066075086593628,-0.26776817440986633,0.8783764839172363,0.2699092924594879,0.9340983629226685,-0.16607537865638733,0.9436901807785034,0.47591209411621094,0.8862200379371643,-0.005840860307216644,0.9637376666069031,0.33902719616889954,0.8871561884880066,0.006394791416823864,0.9737842082977295,0.4659959673881531,1.2665746212005615,-0.09522712230682373,0.20535218715667725,0.3298530578613281,1.24185049533844,-0.08413933962583542,0.24652759730815887,0.4788992404937744,1.605353832244873,0.2854093611240387,0.020300421863794327,0.3486478924751282,1.5968440771102905,0.15010470151901245,0.03462662547826767,0.48097848892211914,1.6451442241668701,0.315144419670105,0.020119963213801384,0.34785374999046326,1.639457106590271,0.1663568615913391,0.034426458179950714,0.4643806517124176,1.7161610126495361,0.04317019507288933,0.014325352385640144,0.3739369809627533,1.707446813583374,-0.15272833406925201,0.022244838997721672
2026-04-30T18:47:03.244288,114,0.41013303399086,0.21972879767417908,-0.4747171401977539,0.9993491768836975,0.42627573013305664,0.19507715106010437,-0.4383341372013092,0.9988560676574707,0.4346822202205658,0.1960761994123459,-0.4385256767272949,0.9989492297172546,0.4430975914001465,0.19746777415275574,-0.43870243430137634,0.9988609552383423,0.40102091431617737,0.19455446302890778,-0.4458507001399994,0.9988948106765747,0.39314305782318115,0.1950240135192871,-0.4458085000514984,0.9989426136016846,0.38479965925216675,0.1959427148103714,-0.44607052206993103,0.9988897442817688,0.4497304856777191,0.21171359717845917,-0.19358935952186584,0.9986075162887573,0.3723571300506592,0.20743697881698608,-0.21852020919322968,0.998908519744873,0.42203012108802795,0.24739840626716614,-0.3805975615978241,0.9994550943374634,0.39386796951293945,0.2483549267053604,-0.3891286551952362,0.9994022250175476,0.5124465227127075,0.4036564528942108,-0.0502491295337677,0.9993313550949097,0.30331966280937195,0.40698492527008057,-0.06857103854417801,0.9994721412658691,0.5281058549880981,0.6117827892303467,0.026644736528396606,0.9618712663650513,0.27733492851257324,0.6511685252189636,0.041871123015880585,0.9918973445892334,0.5431464910507202,0.8569416403770447,-0.22992655634880066,0.916509747505188,0.2603713870048523,0.8851102590560913,-0.13610148429870605,0.9707875847816467,0.5539235472679138,0.9253045916557312,-0.3075787127017975,0.8709526658058167,0.2509482800960541,0.9535846710205078,-0.1982143223285675,0.9407658576965332,0.54243004322052,0.9276419281959534,-0.38363558053970337,0.8856886625289917,0.26105958223342896,0.9541491866111755,-0.26294833421707153,0.9488617777824402,0.5316986441612244,0.9112319350242615,-0.26873332262039185,0.8843400478363037,0.26992982625961304,0.9346188902854919,-0.16597431898117065,0.9459521174430847,0.4755174517631531,0.8871786594390869,-0.007106197066605091,0.9660700559616089,0.3385346531867981,0.8874108195304871,0.007641763426363468,0.9754476547241211,0.46622785925865173,1.266360878944397,-0.12397494167089462,0.21052467823028564,0.32979434728622437,1.241629958152771,-0.09893651306629181,0.2538715600967407,0.47916072607040405,1.604159951210022,0.2637743651866913,0.01991640403866768,0.3490036129951477,1.597206711769104,0.12735077738761902,0.03452214598655701,0.4811531603336334,1.644193410873413,0.2912493646144867,0.019555941224098206,0.3485778570175171,1.640937089920044,0.14114892482757568,0.03372115269303322,0.46546635031700134,1.7152920961380005,0.010462756268680096,0.013823049142956734,0.3743353486061096,1.7064396142959595,-0.18602988123893738,0.021737489849328995
2026-04-30T18:47:03.355092,115,0.4103732109069824,0.22043047845363617,-0.47071704268455505,0.9993863701820374,0.42637068033218384,0.19549497961997986,-0.4357132315635681,0.9989235401153564,0.43476802110671997,0.19639159739017487,-0.4359048306941986,0.9990102052688599,0.44319525361061096,0.19769896566867828,-0.43606024980545044,0.9989283084869385,0.40123122930526733,0.194942906498909,-0.4422881007194519,0.998958945274353,0.39324623346328735,0.19533425569534302,-0.44224128127098083,0.9990044832229614,0.3849858343601227,0.196213960647583,-0.4424728751182556,0.9989565014839172,0.4494956433773041,0.21172365546226501,-0.19394417107105255,0.9986853003501892,0.3722669184207916,0.20783933997154236,-0.2191452980041504,0.9989801645278931,0.42223793268203735,0.2484990656375885,-0.37781769037246704,0.9994922876358032,0.3939928412437439,0.24987463653087616,-0.38565710186958313,0.9994440674781799,0.51250159740448,0.40656939148902893,-0.04850149154663086,0.9993797540664673,0.3025325536727905,0.4081282317638397,-0.07737268507480621,0.9995107054710388,0.528252899646759,0.6252738237380981,0.03364007920026779,0.9627960324287415,0.2773214876651764,0.651755154132843,0.021115107461810112,0.9923439025878906,0.5430553555488586,0.8577529788017273,-0.22872516512870789,0.9184918999671936,0.26050567626953125,0.8857012987136841,-0.15622009336948395,0.9721196293830872,0.5538706183433533,0.9270780682563782,-0.3056400418281555,0.8740324378013611,0.25119319558143616,0.9541884064674377,-0.21800215542316437,0.9429850578308105,0.542699933052063,0.9288913011550903,-0.3836303651332855,0.8886836767196655,0.2615763545036316,0.9544922709465027,-0.28289923071861267,0.9507817625999451,0.5319597125053406,0.912095844745636,-0.26821503043174744,0.8870518207550049,0.27026358246803284,0.9349263906478882,-0.18608322739601135,0.9477933049201965,0.47553807497024536,0.8871639966964722,-0.0057529909536242485,0.9673986434936523,0.3384808301925659,0.887196958065033,0.006342554930597544,0.9764740467071533,0.46622219681739807,1.2635390758514404,-0.1049690693616867,0.20831820368766785,0.3306730389595032,1.2394052743911743,-0.09277452528476715,0.2504218518733978,0.4792049527168274,1.6008408069610596,0.25349459052085876,0.019325867295265198,0.3497958779335022,1.5914043188095093,0.11786414682865143,0.03298322856426239,0.48116636276245117,1.6412882804870605,0.27764248847961426,0.01878950744867325,0.34910017251968384,1.634589672088623,0.12960472702980042,0.031964149326086044,0.46552324295043945,1.7088381052017212,-0.002058288548141718,0.01322397030889988,0.374857097864151,1.6992331743240356,-0.19449211657047272,0.020630721002817154
2026-04-30T18:47:03.473493,116,0.4097972512245178,0.22312425076961517,-0.511355459690094,0.9994114637374878,0.42536038160324097,0.19744399189949036,-0.47768479585647583,0.998971164226532,0.43338513374328613,0.19809183478355408,-0.47787633538246155,0.999053418636322,0.44164007902145386,0.19918888807296753,-0.47808414697647095,0.9989765882492065,0.40108203887939453,0.19680877029895782,-0.4848988652229309,0.9990015625953674,0.3932397663593292,0.19686192274093628,-0.48486700654029846,0.9990463256835938,0.3851686716079712,0.19748210906982422,-0.48510122299194336,0.9990018010139465,0.44755110144615173,0.21232880651950836,-0.22814476490020752,0.9987401962280273,0.3721107840538025,0.20917829871177673,-0.2574072778224945,0.999034583568573,0.42076581716537476,0.25106409192085266,-0.4142324924468994,0.99952232837677,0.3936921954154968,0.2525257468223572,-0.42289066314697266,0.9994774460792542,0.5116891860961914,0.40656545758247375,-0.06128424406051636,0.9994224905967712,0.30169081687927246,0.40943753719329834,-0.10759623348712921,0.9995439648628235,0.5239686965942383,0.6255569458007812,0.03363553807139397,0.9636031985282898,0.2775037884712219,0.6525738835334778,0.003371000289916992,0.9927583336830139,0.54189532995224,0.85744309425354,-0.23277242481708527,0.9201354384422302,0.2608272135257721,0.8862622976303101,-0.1806723177433014,0.9733411073684692,0.5530762076377869,0.9268146753311157,-0.3084564805030823,0.8765327334403992,0.251539945602417,0.9542408585548401,-0.24225902557373047,0.9449525475502014,0.54269939661026,0.9288418889045715,-0.38953712582588196,0.8912253975868225,0.2621716856956482,0.9545173645019531,-0.31011825799942017,0.9525018930435181,0.5321258306503296,0.911970853805542,-0.27336475253105164,0.8892358541488647,0.2707642912864685,0.9350282549858093,-0.21145832538604736,0.9494180083274841,0.4754118025302887,0.8857098817825317,-0.005331483669579029,0.968354344367981,0.33850181102752686,0.8859622478485107,0.005931337364017963,0.9772012233734131,0.46668392419815063,1.2591367959976196,-0.0907970517873764,0.2030620127916336,0.3322727084159851,1.2355362176895142,-0.08315892517566681,0.24304354190826416,0.4793996214866638,1.594848394393921,0.26235514879226685,0.018550990149378777,0.3507571220397949,1.5841820240020752,0.13114163279533386,0.031209520995616913,0.48150625824928284,1.6352221965789795,0.2853817343711853,0.017894955351948738,0.34984034299850464,1.6272438764572144,0.14288969337940216,0.030136123299598694,0.4655742049217224,1.700134515762329,0.004324226640164852,0.01252241525799036,0.3754796087741852,1.6892682313919067,-0.1823102831840515,0.019411759451031685
2026-04-30T18:47:03.582244,117,0.41038623452186584,0.22499965131282806,-0.5252039432525635,0.9994121193885803,0.42541879415512085,0.1985304355621338,-0.49098676443099976,0.9989771842956543,0.43350958824157715,0.19903968274593353,-0.4911874830722809,0.9990562200546265,0.44166964292526245,0.20000790059566498,-0.4914208948612213,0.9989833235740662,0.40182167291641235,0.1982029229402542,-0.5005646347999573,0.9990047812461853,0.39403849840164185,0.19827374815940857,-0.5005439519882202,0.9990511536598206,0.3860909342765808,0.19896768033504486,-0.500791072845459,0.9990127086639404,0.44670453667640686,0.21299894154071808,-0.23541371524333954,0.9987422823905945,0.3721715211868286,0.21121202409267426,-0.27550414204597473,0.9990568161010742,0.4208429753780365,0.25323212146759033,-0.42515021562576294,0.9995367527008057,0.3942185044288635,0.2549934685230255,-0.4368197023868561,0.9994956254959106,0.5112200975418091,0.40657949447631836,-0.0628838837146759,0.9994527697563171,0.30124858021736145,0.4106225371360779,-0.12828752398490906,0.9995694756507874,0.5190902948379517,0.6264415979385376,0.03756238892674446,0.9631996750831604,0.2772212028503418,0.6525983810424805,-0.022665735334157944,0.9930998682975769,0.5409435033798218,0.8565310835838318,-0.2323034107685089,0.9187160134315491,0.2608497440814972,0.8866242170333862,-0.20370177924633026,0.9739587306976318,0.5525830984115601,0.9256883859634399,-0.3069394826889038,0.8749895691871643,0.2515612244606018,0.9543127417564392,-0.26575756072998047,0.9456702470779419,0.5428093671798706,0.9272986650466919,-0.38964036107063293,0.8901922702789307,0.26266130805015564,0.9546817541122437,-0.33123111724853516,0.9531263113021851,0.5323078632354736,0.9099379181861877,-0.2734435796737671,0.8878388404846191,0.27116626501083374,0.9353615641593933,-0.23345355689525604,0.9498791694641113,0.4754127860069275,0.8856452703475952,-0.004506583791226149,0.9689463973045349,0.33847999572753906,0.8859031200408936,0.005143956281244755,0.9776840209960938,0.4667387902736664,1.2578827142715454,-0.08989380300045013,0.20060236752033234,0.3325520157814026,1.23471200466156,-0.08077750355005264,0.23775866627693176,0.4788947105407715,1.5907734632492065,0.2777905762195587,0.018025564029812813,0.3506956696510315,1.5813214778900146,0.1454525887966156,0.02988963946700096,0.4807717800140381,1.6303505897521973,0.30258673429489136,0.017309097573161125,0.34980231523513794,1.6243778467178345,0.15848255157470703,0.02883155830204487,0.4645823538303375,1.6967021226882935,0.023678617551922798,0.012002128176391125,0.37493064999580383,1.6862303018569946,-0.16773158311843872,0.01847092993557453
2026-04-30T18:47:03.687345,118,0.41043099761009216,0.2288096398115158,-0.5554235577583313,0.999427855014801,0.42552709579467773,0.20152483880519867,-0.5218886137008667,0.9990054368972778,0.4336039125919342,0.20205406844615936,-0.5220595598220825,0.9990811347961426,0.44163012504577637,0.2029561549425125,-0.5222678184509277,0.9990106225013733,0.401972234249115,0.2006562054157257,-0.5306614637374878,0.9990270137786865,0.3941905200481415,0.20042848587036133,-0.530633807182312,0.9990739822387695,0.3863297402858734,0.20093350112438202,-0.5308765172958374,0.9990376830101013,0.4463804364204407,0.21517997980117798,-0.26416298747062683,0.9987770915031433,0.372189998626709,0.2134169191122055,-0.30203285813331604,0.9990869760513306,0.42097583413124084,0.25706571340560913,-0.454010009765625,0.9995588660240173,0.3942579925060272,0.2584190368652344,-0.4650460183620453,0.999519944190979,0.5111476182937622,0.40674006938934326,-0.08382108807563782,0.9994851350784302,0.30128493905067444,0.4107406437397003,-0.14658857882022858,0.9995917677879333,0.5192519426345825,0.6279678344726562,0.0294293574988842,0.9635619521141052,0.27740395069122314,0.6534448862075806,-0.03762677311897278,0.9933985471725464,0.5407807230949402,0.8562774062156677,-0.24283263087272644,0.9194123148918152,0.26098233461380005,0.8866739273071289,-0.22111038863658905,0.9745100736618042,0.5522526502609253,0.9255428910255432,-0.3154991865158081,0.8759036660194397,0.25167277455329895,0.9542855024337769,-0.28405365347862244,0.9464057087898254,0.5426463484764099,0.9265334606170654,-0.4012225568294525,0.8913268446922302,0.2629627585411072,0.9546626806259155,-0.3485631048679352,0.9537829160690308,0.5323171019554138,0.908600389957428,-0.28480833768844604,0.8884211182594299,0.2713637351989746,0.9354060292243958,-0.25054770708084106,0.9503203630447388,0.4754208028316498,0.8851614594459534,-0.004515030421316624,0.9691291451454163,0.3384920656681061,0.8858458995819092,0.005161103792488575,0.9778506755828857,0.4672444462776184,1.2571810483932495,-0.10206995904445648,0.2022722214460373,0.33324357867240906,1.2338780164718628,-0.08648969978094101,0.23881766200065613,0.4790607988834381,1.586681604385376,0.2748108208179474,0.01802224852144718,0.35090604424476624,1.5781843662261963,0.13935428857803345,0.029544368386268616,0.4808031916618347,1.6258901357650757,0.30079060792922974,0.0171983502805233,0.34996384382247925,1.6205189228057861,0.15258486568927765,0.028290152549743652,0.4653952121734619,1.6929830312728882,0.020848894491791725,0.011801003478467464,0.3749101459980011,1.6843913793563843,-0.17572057247161865,0.018045878037810326
2026-04-30T18:47:03.794166,119,0.41405272483825684,0.22876356542110443,-0.5561630129814148,0.9994252920150757,0.4274229109287262,0.2013712227344513,-0.5227011442184448,0.9990022778511047,0.4349120259284973,0.2018861323595047,-0.5228906869888306,0.9990827441215515,0.442251592874527,0.20277883112430573,-0.523120105266571,0.9990092515945435,0.4048275351524353,0.20049509406089783,-0.5319921374320984,0.9990155696868896,0.3970807194709778,0.2002285122871399,-0.5319480895996094,0.9990688562393188,0.38928574323654175,0.20071230828762054,-0.5321943759918213,0.999026894569397,0.4465544819831848,0.21516212821006775,-0.2686000168323517,0.9987786412239075,0.3730846047401428,0.21338239312171936,-0.3086925148963928,0.9990894198417664,0.4240974485874176,0.2570100426673889,-0.45661085844039917,0.9995706677436829,0.39674606919288635,0.2583068907260895,-0.4680393636226654,0.9995324015617371,0.5117467045783997,0.40678203105926514,-0.09438043087720871,0.9995120763778687,0.30187559127807617,0.4105091094970703,-0.1593780815601349,0.9996092915534973,0.51952064037323,0.6287318468093872,0.02271164022386074,0.9634574055671692,0.2777023911476135,0.6537142395973206,-0.050120819360017776,0.9934839010238647,0.5408511757850647,0.8546510934829712,-0.2454683482646942,0.9183454513549805,0.2612665891647339,0.8864896297454834,-0.23362579941749573,0.9740646481513977,0.5522984266281128,0.9251270890235901,-0.31708937883377075,0.8743985891342163,0.251688688993454,0.9540303349494934,-0.29707399010658264,0.9452569484710693,0.5426694750785828,0.9250829815864563,-0.40272706747055054,0.8904298543930054,0.2630235552787781,0.9541319012641907,-0.3625761568546295,0.9528621435165405,0.5323885679244995,0.9063555598258972,-0.2871095538139343,0.8871507048606873,0.2714727520942688,0.9351518154144287,-0.2636037766933441,0.9491906762123108,0.4757199287414551,0.8849338889122009,-0.004239176400005817,0.9686699509620667,0.33875757455825806,0.8858702778816223,0.004929037764668465,0.9774187207221985,0.46766048669815063,1.2532368898391724,-0.06230322644114494,0.19860044121742249,0.3342110216617584,1.2295684814453125,-0.06487025320529938,0.23209448158740997,0.4791492521762848,1.5776808261871338,0.3295387029647827,0.017643840983510017,0.3513461947441101,1.566062569618225,0.18674668669700623,0.02840539440512657,0.4808577001094818,1.6173030138015747,0.3566296696662903,0.01679130084812641,0.350179523229599,1.6082669496536255,0.2027798444032669,0.02730097621679306,0.4655502736568451,1.6831896305084229,0.08541817963123322,0.011329333297908306,0.3750994801521301,1.6706411838531494,-0.11664209514856339,0.01718909852206707
2026-04-30T18:47:03.898105,120,0.4145287871360779,0.22905761003494263,-0.5833373665809631,0.9994403123855591,0.42771023511886597,0.20153991878032684,-0.5507282018661499,0.9990245699882507,0.4351082444190979,0.2020626962184906,-0.5508769750595093,0.999107837677002,0.442314475774765,0.20298649370670319,-0.5510810613632202,0.9990308880805969,0.4055172801017761,0.200592041015625,-0.5578639507293701,0.9990350604057312,0.39798909425735474,0.20026740431785583,-0.557803213596344,0.9990931749343872,0.3904387652873993,0.20071940124034882,-0.5580466985702515,0.9990467429161072,0.44689249992370605,0.2155640870332718,-0.29756271839141846,0.9988101720809937,0.3739358186721802,0.2134278416633606,-0.32741087675094604,0.9991133213043213,0.42463818192481995,0.2575840651988983,-0.48431825637817383,0.9995898604393005,0.39730367064476013,0.25835397839546204,-0.492732435464859,0.9995527267456055,0.5135821104049683,0.4069751799106598,-0.11831510066986084,0.9995409846305847,0.302764356136322,0.4105399250984192,-0.1748567670583725,0.9996325373649597,0.5203226804733276,0.6299110651016235,0.011164555326104164,0.9642154574394226,0.27782905101776123,0.6548272967338562,-0.05878692865371704,0.9935910105705261,0.5405062437057495,0.856475293636322,-0.24555358290672302,0.9182733297348022,0.26128408312797546,0.8867404460906982,-0.2475184202194214,0.9740557670593262,0.552189826965332,0.9262588620185852,-0.3167960047721863,0.8736891746520996,0.25150227546691895,0.954115092754364,-0.3130359351634979,0.9448249340057373,0.5422181487083435,0.9263694286346436,-0.40258169174194336,0.8902459144592285,0.2630223035812378,0.9541890025138855,-0.3787188231945038,0.9525691270828247,0.5318259000778198,0.9081423282623291,-0.28692322969436646,0.8866857886314392,0.27149516344070435,0.9353418946266174,-0.2776262164115906,0.94869065284729,0.4758341312408447,0.8849319815635681,-0.004260158631950617,0.9685596823692322,0.3388234078884125,0.8856544494628906,0.004957994911819696,0.9772529602050781,0.46777477860450745,1.2528090476989746,-0.06266826391220093,0.19517874717712402,0.3341454267501831,1.2284235954284668,-0.0569821298122406,0.2256854772567749,0.47908535599708557,1.5755603313446045,0.3381771147251129,0.017330043017864227,0.3508385717868805,1.5630297660827637,0.20877285301685333,0.027357950806617737,0.4806942343711853,1.6156294345855713,0.3656899034976959,0.01641240157186985,0.3495420217514038,1.6055660247802734,0.22583429515361786,0.026385469362139702,0.4655113220214844,1.6810219287872314,0.08732382208108902,0.01092952024191618,0.3738938271999359,1.6672505140304565,-0.09876934438943863,0.016430677846074104
2026-04-30T18:47:04.005419,121,0.41491156816482544,0.2290162742137909,-0.5674436092376709,0.9994601011276245,0.4278213083744049,0.2015261948108673,-0.534244179725647,0.9990598559379578,0.4351378083229065,0.20205551385879517,-0.5344251990318298,0.9991425275802612,0.442356675863266,0.2029877007007599,-0.5346373915672302,0.9990675449371338,0.405832439661026,0.20054848492145538,-0.5413804650306702,0.9990652799606323,0.3984210193157196,0.2001386284828186,-0.5413325428962708,0.9991245865821838,0.3909328281879425,0.2004767507314682,-0.5415791273117065,0.9990769624710083,0.4469262659549713,0.21566002070903778,-0.28144630789756775,0.9988568425178528,0.3741227984428406,0.2134106159210205,-0.3110751509666443,0.9991423487663269,0.42497411370277405,0.2575502097606659,-0.4687414765357971,0.9996106624603271,0.39760956168174744,0.25773710012435913,-0.4772053360939026,0.9995730519294739,0.5146429538726807,0.40710553526878357,-0.11164675652980804,0.9995686411857605,0.30285826325416565,0.4107550382614136,-0.1591602861881256,0.9996474385261536,0.5206863880157471,0.6333184838294983,0.0029049660079181194,0.9657015204429626,0.279405415058136,0.6552672982215881,-0.043866634368896484,0.9937600493431091,0.5400336384773254,0.8579133152961731,-0.25473612546920776,0.921734631061554,0.2619907259941101,0.8866214156150818,-0.2303447276353836,0.9747732877731323,0.5516538023948669,0.9280480146408081,-0.32552462816238403,0.8783219456672668,0.25165432691574097,0.9540889859199524,-0.29422658681869507,0.946110725402832,0.5410978198051453,0.9281464219093323,-0.4090333878993988,0.8943918347358704,0.26303744316101074,0.9540353417396545,-0.3603954613208771,0.9537173509597778,0.5307275056838989,0.9101053476333618,-0.2946963906288147,0.8907946944236755,0.27152693271636963,0.9352566003799438,-0.26079702377319336,0.9498128294944763,0.47603291273117065,0.8830587267875671,-0.004362108185887337,0.9699085354804993,0.33888837695121765,0.8843815922737122,0.0050789001397788525,0.9781368374824524,0.46785956621170044,1.2513173818588257,-0.08412427455186844,0.1965799182653427,0.3340131640434265,1.227413296699524,-0.0718916580080986,0.22582857310771942,0.47886911034584045,1.5748311281204224,0.3349626958370209,0.016994774341583252,0.3502201735973358,1.563531517982483,0.1892780065536499,0.026680313050746918,0.48042240738868713,1.6149227619171143,0.3643971085548401,0.016011659055948257,0.34900280833244324,1.606293797492981,0.20473738014698029,0.02549459971487522,0.46539217233657837,1.6800528764724731,0.06896613538265228,0.010588370263576508,0.37299174070358276,1.6676872968673706,-0.10747499763965607,0.015825390815734863
2026-04-30T18:47:04.119178,122,0.41490301489830017,0.22903305292129517,-0.5636650323867798,0.9994503259658813,0.4277647137641907,0.20161738991737366,-0.5308127403259277,0.999043881893158,0.4350655674934387,0.20214761793613434,-0.531000018119812,0.9991265535354614,0.4422387182712555,0.20310018956661224,-0.5312128067016602,0.999053955078125,0.40583616495132446,0.20056560635566711,-0.5371028184890747,0.9990420341491699,0.3984278440475464,0.20013085007667542,-0.5370641350746155,0.9991024732589722,0.3909445106983185,0.200466126203537,-0.5373247861862183,0.9990547299385071,0.44691357016563416,0.21604083478450775,-0.2825950086116791,0.9988405108451843,0.37414661049842834,0.2134481817483902,-0.3078819215297699,0.999116837978363,0.42498978972435,0.25773724913597107,-0.4665934443473816,0.9996188879013062,0.3976322114467621,0.25769901275634766,-0.4739718437194824,0.999578058719635,0.5149135589599609,0.4071270823478699,-0.1160712018609047,0.9995875358581543,0.3028990924358368,0.41171371936798096,-0.15615396201610565,0.9996570348739624,0.5209588408470154,0.6331037878990173,0.004236872773617506,0.9668138027191162,0.28052181005477905,0.6580344438552856,-0.03970061615109444,0.9937208890914917,0.5396444201469421,0.8577893376350403,-0.24642543494701385,0.9241150617599487,0.2627362012863159,0.8860511779785156,-0.22589436173439026,0.9748812317848206,0.551300585269928,0.9278770685195923,-0.31463831663131714,0.8812997937202454,0.2518343925476074,0.953305184841156,-0.29068320989608765,0.9461919665336609,0.5401091575622559,0.9280797839164734,-0.39667508006095886,0.8970178365707397,0.2631106972694397,0.9528122544288635,-0.35699567198753357,0.9537762403488159,0.5297073125839233,0.9099763035774231,-0.2848750352859497,0.8934257626533508,0.2716827690601349,0.9340078830718994,-0.2565089166164398,0.9498190879821777,0.4762782156467438,0.8830471634864807,-0.0050330618396401405,0.9710010290145874,0.33889830112457275,0.8843790292739868,0.005745711736381054,0.9787183403968811,0.4678536355495453,1.2502011060714722,-0.06282428652048111,0.1920938491821289,0.3328508734703064,1.2252761125564575,-0.050358109176158905,0.21829715371131897,0.478261798620224,1.5676867961883545,0.3806847333908081,0.016304805874824524,0.34962260723114014,1.5537605285644531,0.24459338188171387,0.02554737590253353,0.4796470105648041,1.6058413982391357,0.41316476464271545,0.015384761616587639,0.3487106263637543,1.5949856042861938,0.2655566930770874,0.024666810408234596,0.4642808437347412,1.673488736152649,0.14001290500164032,0.010050559416413307,0.3720068037509918,1.6557395458221436,-0.04973702132701874,0.015090037137269974
2026-04-30T18:47:04.225783,123,0.4153267443180084,0.228778675198555,-0.4841635823249817,0.9994723796844482,0.4278339445590973,0.20146726071834564,-0.45203861594200134,0.9990864992141724,0.43508100509643555,0.2019847333431244,-0.45217424631118774,0.9991641044616699,0.44226041436195374,0.20293666422367096,-0.4523894786834717,0.9990971088409424,0.40591496229171753,0.200378879904747,-0.45968031883239746,0.9990842938423157,0.398528516292572,0.19987793266773224,-0.45955175161361694,0.9991403818130493,0.3909837305545807,0.20012405514717102,-0.4597488343715668,0.9990957975387573,0.4469311833381653,0.21603170037269592,-0.22232404351234436,0.9988942742347717,0.3739987015724182,0.2134256213903427,-0.254151314496994,0.9991599321365356,0.42545223236083984,0.2577020525932312,-0.39540261030197144,0.9996408224105835,0.3979848623275757,0.25732868909835815,-0.40433192253112793,0.9996017217636108,0.5149166584014893,0.40678897500038147,-0.08119030296802521,0.9996131658554077,0.3029281497001648,0.41245588660240173,-0.13904468715190887,0.9996770620346069,0.5211405754089355,0.6330483555793762,0.031947165727615356,0.9673073887825012,0.28153473138809204,0.6582381129264832,-0.03555869311094284,0.9938268065452576,0.5393949151039124,0.8570801615715027,-0.19687052071094513,0.9247538447380066,0.2635130286216736,0.8853421807289124,-0.21709291636943817,0.9753414392471313,0.5510109663009644,0.9271991848945618,-0.2622945010662079,0.8826844096183777,0.2520138919353485,0.9529846906661987,-0.2779070734977722,0.9471467733383179,0.5395694375038147,0.9271838665008545,-0.33990710973739624,0.8984255790710449,0.2633320689201355,0.9524809718132019,-0.3395163416862488,0.9545802474021912,0.5291306972503662,0.9088860750198364,-0.234026238322258,0.89486163854599,0.2720174193382263,0.9337508678436279,-0.24569770693778992,0.9506245851516724,0.4763001799583435,0.8814943432807922,-0.004524193238466978,0.9718384742736816,0.3391089141368866,0.8832178115844727,0.00528838811442256,0.9792459011077881,0.46786555647850037,1.2461270093917847,-0.06866907328367233,0.18762993812561035,0.3343905806541443,1.2227375507354736,-0.05351452901959419,0.21211877465248108,0.47829824686050415,1.5628905296325684,0.3760678172111511,0.015709662809967995,0.350956529378891,1.5504518747329712,0.2137908935546875,0.024362297728657722,0.47968921065330505,1.6010892391204834,0.40885478258132935,0.01482030563056469,0.34981390833854675,1.591493844985962,0.23457291722297668,0.023388376459479332,0.4647600054740906,1.6680084466934204,0.09578470885753632,0.00958170648664236,0.37283962965011597,1.6526949405670166,-0.09163208305835724,0.014300242066383362
2026-04-30T18:47:04.331070,124,0.4172070622444153,0.22826378047466278,-0.5189861059188843,0.999491810798645,0.428472101688385,0.201008141040802,-0.4826835095882416,0.9991241097450256,0.43542957305908203,0.20154857635498047,-0.4828006625175476,0.9991978406906128,0.44236525893211365,0.20252619683742523,-0.4830220639705658,0.9991351366043091,0.4065992832183838,0.19973349571228027,-0.494169145822525,0.9991188049316406,0.3991648256778717,0.19908936321735382,-0.4940515160560608,0.9991729855537415,0.39149582386016846,0.19919095933437347,-0.4942421019077301,0.999130129814148,0.4469314217567444,0.21591131389141083,-0.23525314033031464,0.9989420771598816,0.3740078806877136,0.2132287323474884,-0.28184443712234497,0.9991915225982666,0.4269220232963562,0.25753065943717957,-0.42328038811683655,0.999660074710846,0.3993574380874634,0.2567792534828186,-0.43710857629776,0.9996207356452942,0.5148967504501343,0.40699684619903564,-0.08158082515001297,0.9996352195739746,0.30293595790863037,0.41307246685028076,-0.15316033363342285,0.9996902942657471,0.5212615728378296,0.6340017914772034,0.03703304007649422,0.9681318402290344,0.2823466658592224,0.6585675477981567,-0.054460544139146805,0.9939491748809814,0.5391885042190552,0.8569525480270386,-0.20005770027637482,0.9267581105232239,0.2639060616493225,0.8841983675956726,-0.24572844803333282,0.9759290814399719,0.5507603287696838,0.9271280169487,-0.2668094336986542,0.8852781057357788,0.2522982060909271,0.9519325494766235,-0.31367263197898865,0.9482203125953674,0.539306104183197,0.9269917607307434,-0.34881970286369324,0.9007478356361389,0.2635567784309387,0.9511523842811584,-0.37678956985473633,0.9554799795150757,0.5289310812950134,0.9087209701538086,-0.2392425239086151,0.8970958590507507,0.2722029387950897,0.9326066374778748,-0.2754673957824707,0.9514203667640686,0.47642165422439575,0.8806031346321106,-0.0039057780522853136,0.9731195569038391,0.3393065631389618,0.882243275642395,0.0047353701665997505,0.9799931049346924,0.46805882453918457,1.246066689491272,-0.06912989914417267,0.1880883276462555,0.3343712091445923,1.2230956554412842,-0.05399050563573837,0.21118544042110443,0.4783853590488434,1.5640504360198975,0.34228143095970154,0.015452076680958271,0.35095900297164917,1.5529793500900269,0.1945076286792755,0.023876506835222244,0.47972846031188965,1.6028172969818115,0.37109097838401794,0.014516901224851608,0.3498605787754059,1.5945484638214111,0.2118721902370453,0.022711018100380898,0.4651973843574524,1.6687594652175903,0.08155767619609833,0.009378387592732906,0.3728289008140564,1.655699372291565,-0.11165318638086319,0.01395249180495739
2026-04-30T18:47:04.436078,125,0.41725438833236694,0.22631624341011047,-0.5009995698928833,0.9995079040527344,0.42847079038619995,0.19910795986652374,-0.4662698209285736,0.9991557002067566,0.4354248046875,0.19970674812793732,-0.4664064049720764,0.9992267489433289,0.4423132836818695,0.20082737505435944,-0.4666031002998352,0.9991675615310669,0.4065873622894287,0.19753745198249817,-0.47633591294288635,0.9991491436958313,0.3991554379463196,0.19679562747478485,-0.4762437343597412,0.9992014765739441,0.3914765417575836,0.19683051109313965,-0.47644200921058655,0.9991595149040222,0.44678395986557007,0.21530283987522125,-0.22620585560798645,0.9989826083183289,0.3738946318626404,0.21247762441635132,-0.26985862851142883,0.9992221593856812,0.42708367109298706,0.25620847940444946,-0.4085829257965088,0.9996755123138428,0.39947474002838135,0.2543414831161499,-0.4210309386253357,0.9996371865272522,0.5140016078948975,0.40700820088386536,-0.07606535404920578,0.9996527433395386,0.30295848846435547,0.4130648374557495,-0.14957113564014435,0.999701201915741,0.5213990211486816,0.6335466504096985,0.039544228464365005,0.9682636857032776,0.2825290858745575,0.6585006713867188,-0.0480661578476429,0.9940224289894104,0.5391159057617188,0.853137731552124,-0.19292214512825012,0.9272112250328064,0.26422327756881714,0.8821814060211182,-0.24268503487110138,0.9761008024215698,0.5507308840751648,0.9239478707313538,-0.2580321729183197,0.8862043023109436,0.2525954842567444,0.950234055519104,-0.30335909128189087,0.9485385417938232,0.5393259525299072,0.9240790009498596,-0.3378349840641022,0.901735782623291,0.2639501690864563,0.9493411779403687,-0.36031752824783325,0.9557399749755859,0.5289698839187622,0.9047726988792419,-0.2312190979719162,0.8980148434638977,0.2725885808467865,0.9308956861495972,-0.26909366250038147,0.9516216516494751,0.4765915870666504,0.8778120875358582,-0.0032096984796226025,0.9737809896469116,0.33962053060531616,0.8807579874992371,0.004049117676913738,0.9803856015205383,0.4685153067111969,1.241822600364685,-0.08577338606119156,0.18956539034843445,0.33624914288520813,1.2208850383758545,-0.0715772807598114,0.211759552359581,0.4796672463417053,1.55922532081604,0.29273226857185364,0.015447776764631271,0.3535796105861664,1.5503066778182983,0.15107806026935577,0.023643502965569496,0.4810689091682434,1.5979722738265991,0.318218857049942,0.014443052001297474,0.35248008370399475,1.5917675495147705,0.16451628506183624,0.022122500464320183,0.46793094277381897,1.6633137464523315,0.051805280148983,0.009299379773437977,0.37545526027679443,1.6526521444320679,-0.142328679561615,0.013698885217308998
2026-04-30T18:47:04.541770,126,0.417834997177124,0.2259366661310196,-0.4681229591369629,0.9995155930519104,0.4287620186805725,0.19875414669513702,-0.4342404901981354,0.9991748332977295,0.43569517135620117,0.19935113191604614,-0.43439728021621704,0.9992408156394958,0.44243788719177246,0.20049992203712463,-0.43460512161254883,0.999186098575592,0.40680456161499023,0.19717012345790863,-0.44721895456314087,0.9991687536239624,0.39935606718063354,0.19641628861427307,-0.4471251368522644,0.9992185235023499,0.3916417956352234,0.19641253352165222,-0.44733840227127075,0.9991795420646667,0.44689780473709106,0.21524237096309662,-0.197811096906662,0.9990023970603943,0.37390103936195374,0.21231819689273834,-0.25452813506126404,0.9992451667785645,0.4277961850166321,0.2559680640697479,-0.3766334652900696,0.9996874928474426,0.40010184049606323,0.2538186013698578,-0.3927469849586487,0.9996515512466431,0.5138298273086548,0.40729382634162903,-0.0479794405400753,0.9996669888496399,0.3029772639274597,0.4130313992500305,-0.14764653146266937,0.9997102618217468,0.521511971950531,0.6333878040313721,0.07120463997125626,0.9679573774337769,0.28306788206100464,0.6584247946739197,-0.06370890885591507,0.994047999382019,0.5390843152999878,0.8520138263702393,-0.15101684629917145,0.9268255233764648,0.2645938992500305,0.8818454742431641,-0.2391068935394287,0.9760233163833618,0.5506988763809204,0.9234508872032166,-0.21443819999694824,0.8857473134994507,0.2534741759300232,0.9500216245651245,-0.3000107705593109,0.9483885169029236,0.5393475890159607,0.9237414598464966,-0.29183825850486755,0.9014124870300293,0.2649073898792267,0.9490383863449097,-0.358807772397995,0.9555721282958984,0.5290025472640991,0.904415488243103,-0.18830041587352753,0.8976717591285706,0.2734104096889496,0.9305724501609802,-0.2661944031715393,0.9514079689979553,0.4766826629638672,0.8775022029876709,0.001590830273926258,0.9745147228240967,0.3396745026111603,0.8804060816764832,-0.000745406374335289,0.9807664752006531,0.46852055191993713,1.2402880191802979,-0.06793056428432465,0.18941211700439453,0.33659297227859497,1.2201536893844604,-0.06541416049003601,0.20707419514656067,0.47975674271583557,1.5549638271331787,0.3258831202983856,0.015360377728939056,0.3543286919593811,1.5462210178375244,0.18512701988220215,0.023203453049063683,0.48113590478897095,1.593029499053955,0.3540865480899811,0.014417951926589012,0.3530255854129791,1.5867760181427002,0.20285403728485107,0.021642453968524933,0.46840900182724,1.6599690914154053,0.10515838861465454,0.009136736392974854,0.37617364525794983,1.6491438150405884,-0.09469974040985107,0.013401041738688946
2026-04-30T18:47:04.645992,127,0.41966596245765686,0.2259296029806137,-0.41956454515457153,0.9995396733283997,0.43002957105636597,0.19875867664813995,-0.3885687291622162,0.9992154240608215,0.43675270676612854,0.1993652880191803,-0.388702392578125,0.9992769956588745,0.44308438897132874,0.2005200833082199,-0.3888643980026245,0.9992240071296692,0.40803155303001404,0.19716937839984894,-0.40162020921707153,0.9992139339447021,0.4002929627895355,0.19641247391700745,-0.4015182554721832,0.9992624521255493,0.3925400376319885,0.1963937133550644,-0.4017105996608734,0.9992260336875916,0.4471694827079773,0.215284526348114,-0.1728908270597458,0.9990467429161072,0.37408679723739624,0.21227522194385529,-0.23108823597431183,0.999295175075531,0.4294368326663971,0.2559587061405182,-0.33621513843536377,0.9997047185897827,0.4017115533351898,0.25376012921333313,-0.35252419114112854,0.9996743202209473,0.5133793354034424,0.40745216608047485,-0.03268933668732643,0.9996850490570068,0.3029928207397461,0.41273432970046997,-0.14642691612243652,0.9997292160987854,0.521601140499115,0.633126437664032,0.08506105840206146,0.967766284942627,0.2830696105957031,0.6583958864212036,-0.0832572802901268,0.9942532181739807,0.5389571189880371,0.8511367440223694,-0.12150732427835464,0.9267072677612305,0.26494595408439636,0.8820733428001404,-0.24642124772071838,0.9768453240394592,0.5506192445755005,0.9228693842887878,-0.18410789966583252,0.8857946991920471,0.25409749150276184,0.9501736760139465,-0.3055778443813324,0.9500819444656372,0.5393584966659546,0.9234555959701538,-0.25805944204330444,0.9014753103256226,0.2660759389400482,0.9491991400718689,-0.3638748526573181,0.9570031762123108,0.5290976762771606,0.9042388796806335,-0.1578676998615265,0.898205041885376,0.27459028363227844,0.9308447241783142,-0.2729848027229309,0.9529730081558228,0.4766508638858795,0.8773557543754578,0.006798966787755489,0.9756918549537659,0.33968406915664673,0.8799864053726196,-0.005949595011770725,0.9816070199012756,0.4683387279510498,1.2369486093521118,-0.051007457077503204,0.19080129265785217,0.33771055936813354,1.21974515914917,-0.06085168570280075,0.20484915375709534,0.4798375964164734,1.552259922027588,0.3212709426879883,0.015257510356605053,0.3547358810901642,1.5443333387374878,0.18352937698364258,0.022738579660654068,0.48116955161094666,1.5907893180847168,0.34851908683776855,0.014251790009438992,0.3530764579772949,1.5845247507095337,0.20045408606529236,0.020737798884510994,0.4698576331138611,1.6569069623947144,0.10726956278085709,0.009112918749451637,0.3772173821926117,1.6477888822555542,-0.10029454529285431,0.013082732446491718
2026-04-30T18:47:04.752152,128,0.4211750030517578,0.22593578696250916,-0.40349116921424866,0.999564528465271,0.4315248131752014,0.1987585574388504,-0.37325671315193176,0.9992579817771912,0.4380609393119812,0.19937105476856232,-0.3733884394168854,0.9993155002593994,0.444078266620636,0.20052872598171234,-0.3735336661338806,0.9992641806602478,0.40928834676742554,0.19717736542224884,-0.38681524991989136,0.999259889125824,0.40118902921676636,0.19643253087997437,-0.38673311471939087,0.9993067383766174,0.3933379650115967,0.19642244279384613,-0.386936753988266,0.9992724061012268,0.44821420311927795,0.21531102061271667,-0.16051755845546722,0.999094545841217,0.3743557035923004,0.21231232583522797,-0.22087471187114716,0.9993442296981812,0.43117696046829224,0.25596797466278076,-0.3206724524497986,0.9997214674949646,0.4030548632144928,0.2537558674812317,-0.33761921525001526,0.999695897102356,0.5133552551269531,0.4081975817680359,-0.021359268575906754,0.999701738357544,0.30309996008872986,0.41221481561660767,-0.14565417170524597,0.9997472167015076,0.52167809009552,0.6331247687339783,0.09206518530845642,0.967252254486084,0.2830723226070404,0.6581847071647644,-0.0891716331243515,0.9944313764572144,0.53877192735672,0.8511351346969604,-0.11762355268001556,0.9271865487098694,0.26503223180770874,0.8821039795875549,-0.24537833034992218,0.9776355624198914,0.5504750609397888,0.9230715036392212,-0.17946359515190125,0.8867418766021729,0.2542172372341156,0.9502515196800232,-0.30297234654426575,0.9516471028327942,0.5393421053886414,0.9237412214279175,-0.2527011036872864,0.902299165725708,0.2667221128940582,0.9493054747581482,-0.36164915561676025,0.9583297371864319,0.5291247963905334,0.9046087265014648,-0.1537960171699524,0.8993641138076782,0.27530428767204285,0.9310687184333801,-0.27181607484817505,0.9544588923454285,0.4769620895385742,0.8777744770050049,0.011409235186874866,0.9768895506858826,0.34012371301651,0.8806614279747009,-0.010638547129929066,0.9825177192687988,0.4683377742767334,1.2360949516296387,-0.02935188077390194,0.19206248223781586,0.3396366238594055,1.2199379205703735,-0.05325208231806755,0.20225563645362854,0.4799259305000305,1.5519402027130127,0.32459133863449097,0.015238361433148384,0.355482280254364,1.544898271560669,0.17990228533744812,0.02238052897155285,0.481203556060791,1.5906161069869995,0.35029980540275574,0.014167753048241138,0.3534332811832428,1.5855220556259155,0.1962709128856659,0.01998264342546463,0.47042861580848694,1.6566048860549927,0.11749333143234253,0.009171778336167336,0.37763911485671997,1.6474940776824951,-0.0964193195104599,0.012865412048995495
2026-04-30T18:47:04.857176,129,0.4225357174873352,0.2257527858018875,-0.3917151093482971,0.9995869994163513,0.43256330490112305,0.1985638290643692,-0.3625255823135376,0.9992979764938354,0.4388794004917145,0.1991623342037201,-0.36262834072113037,0.9993507266044617,0.44469112157821655,0.2003069669008255,-0.3627845346927643,0.9993021488189697,0.4104008078575134,0.19711990654468536,-0.3760383129119873,0.999303936958313,0.40210190415382385,0.19642576575279236,-0.3759303689002991,0.9993484020233154,0.39432480931282043,0.19642536342144012,-0.3761189877986908,0.9993171095848083,0.4487301707267761,0.2152046114206314,-0.15506336092948914,0.9991394281387329,0.3751528263092041,0.21233239769935608,-0.21482022106647491,0.9993905425071716,0.4327741265296936,0.25579288601875305,-0.3111332654953003,0.999737024307251,0.40425199270248413,0.25353768467903137,-0.3278345465660095,0.9997158050537109,0.51334148645401,0.4087584912776947,-0.020036621019244194,0.9997173547744751,0.30319327116012573,0.41153624653816223,-0.14592145383358002,0.9997646808624268,0.5220785140991211,0.6330305933952332,0.08945554494857788,0.967085599899292,0.28332018852233887,0.6582422256469727,-0.10211311280727386,0.9946467876434326,0.5384843945503235,0.8509581089019775,-0.11400853097438812,0.9268928170204163,0.26525232195854187,0.882094144821167,-0.2569383680820465,0.9784224629402161,0.5502930283546448,0.9230508208274841,-0.17489179968833923,0.8863354921340942,0.25452157855033875,0.9500812888145447,-0.3145042955875397,0.9532275199890137,0.5393555164337158,0.9237474203109741,-0.24686086177825928,0.9018906354904175,0.2672777473926544,0.9491435289382935,-0.371008038520813,0.9596647620201111,0.5292092561721802,0.9046052694320679,-0.1497115194797516,0.899497389793396,0.27590009570121765,0.9310034513473511,-0.2826344668865204,0.9559610486030579,0.4778469502925873,0.8778092861175537,0.012032284401357174,0.9773906469345093,0.34097397327423096,0.8807250261306763,-0.011201856657862663,0.9829287528991699,0.46834659576416016,1.2360618114471436,-0.013011756353080273,0.18726730346679688,0.3402795195579529,1.22002112865448,-0.045237548649311066,0.1965274065732956,0.4799334406852722,1.5536600351333618,0.32259953022003174,0.014706999063491821,0.3554525077342987,1.5462429523468018,0.16342982649803162,0.021441221237182617,0.4812057912349701,1.592461347579956,0.34317320585250854,0.013614457100629807,0.3534155786037445,1.58707857131958,0.17611980438232422,0.018879475072026253,0.4706996977329254,1.6580923795700073,0.10566065460443497,0.008960793726146221,0.3776346445083618,1.6490533351898193,-0.10064975172281265,0.012340583838522434
2026-04-30T18:47:04.964539,130,0.4229952394962311,0.22623811662197113,-0.5275818109512329,0.9995955228805542,0.4329946041107178,0.1988004595041275,-0.4945875108242035,0.9993119835853577,0.4392463266849518,0.19933149218559265,-0.49471038579940796,0.9993645548820496,0.4450410306453705,0.20040123164653778,-0.49489372968673706,0.9993131160736084,0.4109223484992981,0.19762633740901947,-0.508019208908081,0.9993164539337158,0.402616024017334,0.19700714945793152,-0.5079594850540161,0.9993632435798645,0.39500555396080017,0.19707751274108887,-0.5081937313079834,0.9993306398391724,0.4491127133369446,0.2152189463376999,-0.24663200974464417,0.9991544485092163,0.3764476776123047,0.2126992642879486,-0.3056286871433258,0.9994101524353027,0.4333527684211731,0.25633513927459717,-0.4300394058227539,0.9997462034225464,0.40470781922340393,0.25384289026260376,-0.44679102301597595,0.9997271299362183,0.5142902731895447,0.40931445360183716,-0.06348365545272827,0.9997272491455078,0.30389636754989624,0.4115249812602997,-0.18415048718452454,0.9997742176055908,0.5228144526481628,0.6331040859222412,0.07234957069158554,0.9663003087043762,0.28342804312705994,0.6588569283485413,-0.1012953668832779,0.9947759509086609,0.5384563207626343,0.8508946299552917,-0.17446330189704895,0.9259833693504333,0.2655736804008484,0.8827527761459351,-0.27180391550064087,0.9788187146186829,0.5502947568893433,0.9229636788368225,-0.23942773044109344,0.8852169513702393,0.25527626276016235,0.9503964185714722,-0.3342230021953583,0.9538145065307617,0.539629340171814,0.9236505031585693,-0.3215731382369995,0.9011511206626892,0.2686537206172943,0.9495676159858704,-0.39645910263061523,0.9601935148239136,0.5295855402946472,0.9044488072395325,-0.2144460380077362,0.8984262943267822,0.2772524356842041,0.9314695000648499,-0.29957494139671326,0.9563673138618469,0.47785353660583496,0.8778311014175415,0.011368861421942711,0.9773937463760376,0.34098345041275024,0.8807510137557983,-0.010537387803196907,0.9829081892967224,0.46837520599365234,1.236325740814209,-0.021819662302732468,0.19000329077243805,0.34021592140197754,1.220167875289917,-0.055166054517030716,0.19771310687065125,0.47996100783348083,1.553383469581604,0.3523366451263428,0.015297920443117619,0.35517212748527527,1.545793890953064,0.1913529932498932,0.02189088985323906,0.48121610283851624,1.5921516418457031,0.38073664903640747,0.014013294130563736,0.3530094623565674,1.5865453481674194,0.20884916186332703,0.018989626318216324,0.4707474708557129,1.65784752368927,0.12244898080825806,0.00913615245372057,0.37761038541793823,1.6491652727127075,-0.09689991176128387,0.012523120269179344
2026-04-30T18:47:05.074573,131,0.4233734607696533,0.22669869661331177,-0.515661895275116,0.9996122121810913,0.43351078033447266,0.19912569224834442,-0.482631117105484,0.999342679977417,0.4396851062774658,0.1996505707502365,-0.4827781319618225,0.9993926882743835,0.445392370223999,0.2006806880235672,-0.48291444778442383,0.9993425011634827,0.4114558696746826,0.19799675047397614,-0.49445104598999023,0.9993461966514587,0.4030480980873108,0.1974058747291565,-0.4944736361503601,0.9993911385536194,0.3954203426837921,0.19749559462070465,-0.4947364926338196,0.9993588328361511,0.4501340985298157,0.2154122143983841,-0.2445598840713501,0.9991940259933472,0.3768138587474823,0.21289606392383575,-0.2973056137561798,0.9994412064552307,0.4339531362056732,0.2571782171726227,-0.42241209745407104,0.9997608065605164,0.40506163239479065,0.2542555332183838,-0.4376588761806488,0.9997432827949524,0.5145422220230103,0.4093587100505829,-0.0595577172935009,0.999741792678833,0.30450230836868286,0.41092345118522644,-0.17615750432014465,0.9997859001159668,0.5252711176872253,0.6340031027793884,0.07211540639400482,0.9659857153892517,0.2837088406085968,0.658620297908783,-0.09253087639808655,0.9948173761367798,0.5387577414512634,0.8513514995574951,-0.1734897345304489,0.9247914552688599,0.26628321409225464,0.8826205730438232,-0.26918449997901917,0.9787731170654297,0.5504735708236694,0.9239395260810852,-0.23888275027275085,0.8838504552841187,0.2559793293476105,0.950278639793396,-0.33412182331085205,0.9537079930305481,0.5399129390716553,0.9240468144416809,-0.3215108811855316,0.9002691507339478,0.2696729302406311,0.9494107961654663,-0.3965229392051697,0.9601202607154846,0.5299896597862244,0.9047598242759705,-0.2136966437101364,0.8973991870880127,0.27830782532691956,0.931416928768158,-0.29766228795051575,0.9561756253242493,0.47808781266212463,0.877851128578186,0.011174403131008148,0.9771968722343445,0.34105291962623596,0.880757749080658,-0.010250868275761604,0.9825375080108643,0.4684194028377533,1.2363409996032715,-0.03231359273195267,0.18722401559352875,0.34022587537765503,1.2192721366882324,-0.04981037974357605,0.19260165095329285,0.4799651503562927,1.5532587766647339,0.34326478838920593,0.015093622729182243,0.3550560176372528,1.5434911251068115,0.19860032200813293,0.021155945956707,0.48121801018714905,1.59234619140625,0.3712645173072815,0.01385103352367878,0.35271555185317993,1.5843807458877563,0.2156117707490921,0.018415629863739014,0.4704113006591797,1.6573406457901,0.1160019040107727,0.008869091980159283,0.3773934543132782,1.6468234062194824,-0.090216726064682,0.012024852447211742
2026-04-30T18:47:05.184145,132,0.4237242341041565,0.22658422589302063,-0.5058950185775757,0.9996185898780823,0.4339805543422699,0.19908371567726135,-0.4733356833457947,0.999355137348175,0.44009414315223694,0.19962827861309052,-0.47347521781921387,0.999404788017273,0.4457993507385254,0.20067328214645386,-0.47364315390586853,0.9993546605110168,0.4121118187904358,0.19791319966316223,-0.4852209985256195,0.9993612766265869,0.40361708402633667,0.1973559558391571,-0.48517122864723206,0.9994053244590759,0.39598795771598816,0.19745643436908722,-0.48540663719177246,0.999372661113739,0.45116883516311646,0.2154691368341446,-0.23683078587055206,0.9992101192474365,0.377661794424057,0.21292391419410706,-0.28889912366867065,0.999457061290741,0.4343246817588806,0.25718361139297485,-0.4134666919708252,0.9997683763504028,0.4053053855895996,0.254186749458313,-0.42825984954833984,0.9997519254684448,0.5151336789131165,0.4105609655380249,-0.064181849360466,0.9997469782829285,0.3051444888114929,0.41040244698524475,-0.17281624674797058,0.9997943639755249,0.526786208152771,0.6343982815742493,0.06840405613183975,0.9653360843658447,0.2837364673614502,0.6585639715194702,-0.08875469863414764,0.9947579503059387,0.538760244846344,0.8558963537216187,-0.1719728708267212,0.9221099615097046,0.26652687788009644,0.8825750350952148,-0.2638522684574127,0.9783938527107239,0.5504711866378784,0.9265281558036804,-0.23413237929344177,0.8800655603408813,0.2560940980911255,0.9502795934677124,-0.3277037441730499,0.9528852701187134,0.5400224924087524,0.9266508221626282,-0.3155379593372345,0.8971425294876099,0.27001556754112244,0.9494116306304932,-0.3892795741558075,0.9594409465789795,0.5301822423934937,0.908225417137146,-0.21135231852531433,0.8942874073982239,0.2787390947341919,0.9314180612564087,-0.29200178384780884,0.9553624391555786,0.47804540395736694,0.8800156116485596,0.010821517556905746,0.9774633646011353,0.3410508334636688,0.8809331059455872,-0.009868067689239979,0.9827193021774292,0.46824806928634644,1.2361719608306885,-0.020221402868628502,0.18641747534275055,0.33903008699417114,1.218069314956665,-0.011955451220273972,0.188597172498703,0.47961774468421936,1.551082968711853,0.3499847948551178,0.015082357451319695,0.35374513268470764,1.5388363599777222,0.2625834345817566,0.020619666203856468,0.48072391748428345,1.590612530708313,0.37637749314308167,0.013906851410865784,0.351864218711853,1.5798146724700928,0.2818886339664459,0.018119249492883682,0.4694095253944397,1.6543805599212646,0.11956759542226791,0.008727341890335083,0.3741694986820221,1.6411492824554443,-0.016931582242250443,0.011647934094071388
2026-04-30T18:47:05.295583,133,0.42370694875717163,0.22658425569534302,-0.45705151557922363,0.9996219277381897,0.43417349457740784,0.19908402860164642,-0.4276188313961029,0.9993598461151123,0.44033583998680115,0.19964107871055603,-0.4277523159980774,0.9994062781333923,0.44611820578575134,0.20072680711746216,-0.42788782715797424,0.9993566274642944,0.4122137427330017,0.19790366291999817,-0.43500566482543945,0.9993712902069092,0.40370091795921326,0.1973545402288437,-0.43492239713668823,0.9994141459465027,0.396056592464447,0.1974538266658783,-0.43514880537986755,0.9993851184844971,0.4528563916683197,0.21591122448444366,-0.21108591556549072,0.9992101192474365,0.3783625066280365,0.21293918788433075,-0.24306461215019226,0.99947190284729,0.43436527252197266,0.2572367191314697,-0.3722987771034241,0.9997722506523132,0.405295193195343,0.25417211651802063,-0.3814008831977844,0.9997587203979492,0.5154537558555603,0.4114203155040741,-0.06109936162829399,0.9997481107711792,0.30656522512435913,0.4095686972141266,-0.137669175863266,0.9998041391372681,0.5273275375366211,0.63453209400177,0.06527253985404968,0.9645127058029175,0.2839173674583435,0.6576805710792542,-0.059644270688295364,0.9947858452796936,0.5394795536994934,0.860103964805603,-0.16493180394172668,0.9202359914779663,0.2665010094642639,0.8819714784622192,-0.23102867603302002,0.9787213802337646,0.5514558553695679,0.9300282001495361,-0.22465720772743225,0.8782627582550049,0.25594958662986755,0.9497713446617126,-0.2910657525062561,0.9536172151565552,0.5419182777404785,0.9307486414909363,-0.30106276273727417,0.8954555988311768,0.2697489261627197,0.9488786458969116,-0.3508647382259369,0.9600484371185303,0.5324612855911255,0.9128629565238953,-0.2018934041261673,0.892963171005249,0.2784512937068939,0.9308931827545166,-0.2586894631385803,0.9560368061065674,0.47825780510902405,0.8800108432769775,0.00819157250225544,0.9780204892158508,0.3411256670951843,0.8806529641151428,-0.007321499288082123,0.9832958579063416,0.4681534171104431,1.23586905002594,-0.02751430869102478,0.18781664967536926,0.3389802873134613,1.2180393934249878,-0.01996084675192833,0.19092142581939697,0.4791995882987976,1.5508880615234375,0.3456646502017975,0.014894690364599228,0.35289737582206726,1.5397528409957886,0.2068733274936676,0.020378638058900833,0.4802573323249817,1.5901992321014404,0.37109360098838806,0.013732613995671272,0.35122668743133545,1.580792784690857,0.2221883237361908,0.01778932474553585,0.4685346186161041,1.6547878980636597,0.11390300840139389,0.008535544387996197,0.3723950982093811,1.6421970129013062,-0.0607806071639061,0.011388273909687996
2026-04-30T18:47:05.405618,134,0.42458462715148926,0.22669677436351776,-0.4543418884277344,0.9996012449264526,0.43514204025268555,0.19920581579208374,-0.425008624792099,0.9993179440498352,0.44123005867004395,0.1997678130865097,-0.4251437783241272,0.9993656873703003,0.4471610188484192,0.20085349678993225,-0.4253101944923401,0.9993124008178711,0.41392460465431213,0.1980164498090744,-0.433605432510376,0.9993366599082947,0.4053950309753418,0.19746991991996765,-0.4335082173347473,0.9993831515312195,0.3978992998600006,0.1975647509098053,-0.4337463974952698,0.9993560910224915,0.4540417790412903,0.21609142422676086,-0.205840066075325,0.9991556406021118,0.3821500241756439,0.21301902830600739,-0.24174992740154266,0.9994537234306335,0.4351777136325836,0.25723305344581604,-0.367686927318573,0.999762773513794,0.40658265352249146,0.25412842631340027,-0.37817618250846863,0.9997518062591553,0.5155384540557861,0.4114246666431427,-0.056282974779605865,0.9997428059577942,0.3088032305240631,0.4089617133140564,-0.13713635504245758,0.9998091459274292,0.5273560285568237,0.6345218420028687,0.06810297071933746,0.9628221392631531,0.28526920080184937,0.656589925289154,-0.0596761517226696,0.9947629570960999,0.5399441719055176,0.860708475112915,-0.14983603358268738,0.9161907434463501,0.2667156457901001,0.8818994164466858,-0.22898726165294647,0.978718638420105,0.5523402690887451,0.930474042892456,-0.2079256772994995,0.873704195022583,0.2560703158378601,0.9494349360466003,-0.2891998589038849,0.9537762403488159,0.5434183478355408,0.9315125942230225,-0.28537431359291077,0.8914284110069275,0.26981037855148315,0.9487179517745972,-0.3496145009994507,0.9601827263832092,0.5340139865875244,0.9140531420707703,-0.18695145845413208,0.8892999291419983,0.27850088477134705,0.930864691734314,-0.2569580078125,0.956203043460846,0.4790183901786804,0.8800132870674133,0.007580659352242947,0.9783735275268555,0.3414556384086609,0.8807209134101868,-0.006698224693536758,0.9837558269500732,0.4682157039642334,1.2361056804656982,-0.031366121023893356,0.19214342534542084,0.3389734923839569,1.2192555665969849,-0.024642353877425194,0.1961076259613037,0.4792025685310364,1.5511351823806763,0.34840506315231323,0.015195148065686226,0.3524211347103119,1.5407795906066895,0.20458826422691345,0.020758045837283134,0.48023900389671326,1.590328335762024,0.3755669593811035,0.014001053757965565,0.350752055644989,1.5814095735549927,0.220818430185318,0.017796510830521584,0.4685881733894348,1.655286192893982,0.12739282846450806,0.008606626652181149,0.3714658319950104,1.6451135873794556,-0.06946219503879547,0.011419891379773617
2026-04-30T18:47:05.517949,135,0.4245622158050537,0.22644983232021332,-0.45482301712036133,0.9995989203453064,0.4353102147579193,0.19890084862709045,-0.4254845678806305,0.999309778213501,0.44143620133399963,0.19941146671772003,-0.4256350100040436,0.9993571043014526,0.4474729895591736,0.20050781965255737,-0.4258396029472351,0.999302089214325,0.4140399098396301,0.19783711433410645,-0.4361947476863861,0.9993330240249634,0.4055282473564148,0.19736428558826447,-0.43609315156936646,0.999381959438324,0.3980700373649597,0.19748234748840332,-0.43631330132484436,0.9993581175804138,0.45557084679603577,0.21601653099060059,-0.2059028595685959,0.9991438388824463,0.383389413356781,0.2130163460969925,-0.23959989845752716,0.9994593262672424,0.4354099631309509,0.25686541199684143,-0.3678737282752991,0.9997634291648865,0.40666842460632324,0.25365519523620605,-0.38108253479003906,0.9997539520263672,0.5168839693069458,0.4114995300769806,-0.05602503940463066,0.9997415542602539,0.3108019232749939,0.40854838490486145,-0.12963388860225677,0.9998170137405396,0.5283766984939575,0.6345112919807434,0.07047341018915176,0.9624351263046265,0.2855812609195709,0.6555168032646179,-0.0451996847987175,0.9948521852493286,0.5408600568771362,0.8609153032302856,-0.1375020295381546,0.9134213328361511,0.26699429750442505,0.8818889856338501,-0.22004368901252747,0.9792892336845398,0.5534497499465942,0.9313180446624756,-0.1932441145181656,0.8704065084457397,0.2563922107219696,0.9493903517723083,-0.28087708353996277,0.954865038394928,0.5455671548843384,0.9325471520423889,-0.27110034227371216,0.8884729146957397,0.27003470063209534,0.9486575722694397,-0.34182819724082947,0.9611304402351379,0.5362855195999146,0.91526859998703,-0.17458203434944153,0.8868357539176941,0.278670072555542,0.9308387041091919,-0.24840614199638367,0.9572169780731201,0.4794989228248596,0.8800803422927856,0.005522384773939848,0.979088306427002,0.3419785797595978,0.8806700110435486,-0.004687888082116842,0.9843649864196777,0.4682440161705017,1.2361737489700317,-0.04592498391866684,0.19108277559280396,0.3384138345718384,1.2187702655792236,-0.04042242839932442,0.19580958783626556,0.47910356521606445,1.5501341819763184,0.34556204080581665,0.014793609268963337,0.3523242473602295,1.5407905578613281,0.20298537611961365,0.020404690876603127,0.48015087842941284,1.5887668132781982,0.3735181987285614,0.013647654093801975,0.350741446018219,1.581526279449463,0.21881160140037537,0.017409762367606163,0.4679061770439148,1.6546911001205444,0.12316159158945084,0.008331496268510818,0.37136363983154297,1.6445509195327759,-0.07338471710681915,0.01113214809447527
2026-04-30T18:47:05.624566,136,0.4244231581687927,0.2266748547554016,-0.4256511628627777,0.9996200799942017,0.43533840775489807,0.19900496304035187,-0.396353155374527,0.9993453621864319,0.44152188301086426,0.19950522482395172,-0.3964681923389435,0.9993878602981567,0.4476233124732971,0.2005898654460907,-0.39661499857902527,0.9993360638618469,0.4140283465385437,0.19794626533985138,-0.4051017165184021,0.9993714094161987,0.405521959066391,0.1974998563528061,-0.40502405166625977,0.9994171857833862,0.39806661009788513,0.1976207196712494,-0.4052359461784363,0.9993967413902283,0.45663541555404663,0.21614156663417816,-0.18474385142326355,0.9991827011108398,0.38391193747520447,0.21332129836082458,-0.21937191486358643,0.9994921684265137,0.43549150228500366,0.25721991062164307,-0.34249651432037354,0.9997748136520386,0.40665921568870544,0.2539534270763397,-0.3534000813961029,0.9997674822807312,0.5190505981445312,0.41397249698638916,-0.04625229164958,0.9997447729110718,0.3112603724002838,0.4087574779987335,-0.12635989487171173,0.9998276233673096,0.5286434888839722,0.6376323103904724,0.08312252163887024,0.961740255355835,0.2857968211174011,0.6563109159469604,-0.04733845219016075,0.9949821829795837,0.5422724485397339,0.8644259572029114,-0.08903466165065765,0.9125164747238159,0.26710131764411926,0.8847564458847046,-0.20317283272743225,0.9801499247550964,0.5551816821098328,0.9344341158866882,-0.13711866736412048,0.8696736693382263,0.2564479112625122,0.9503355622291565,-0.25789061188697815,0.956541895866394,0.5474125146865845,0.9357247948646545,-0.20958998799324036,0.8876745700836182,0.2701552212238312,0.9497024416923523,-0.3125169277191162,0.9625431895256042,0.5381850600242615,0.9184398055076599,-0.12276440858840942,0.8865382075309753,0.27883172035217285,0.9322620630264282,-0.2282112091779709,0.9587268233299255,0.4795446991920471,0.8820530772209167,0.005479613319039345,0.9801851511001587,0.3427298367023468,0.8824538588523865,-0.004669200628995895,0.9852706789970398,0.4682334363460541,1.2369556427001953,-0.047224145382642746,0.19245173037052155,0.3384232521057129,1.2205348014831543,-0.046652816236019135,0.1981784701347351,0.4791091978549957,1.5499093532562256,0.3443260192871094,0.014623920433223248,0.35235902667045593,1.5418580770492554,0.19984446465969086,0.020606452599167824,0.4801621437072754,1.5875800848007202,0.37307849526405334,0.013468326069414616,0.35088983178138733,1.5825754404067993,0.21717338263988495,0.017191588878631592,0.4678662419319153,1.6548793315887451,0.13597705960273743,0.008269641548395157,0.371360719203949,1.6451712846755981,-0.07471304386854172,0.011217433027923107
2026-04-30T18:47:05.736516,137,0.42439350485801697,0.2266521006822586,-0.40872663259506226,0.9996258616447449,0.4355686604976654,0.1988798975944519,-0.3797544836997986,0.9993539452552795,0.44184598326683044,0.19941990077495575,-0.37989968061447144,0.9993905425071716,0.44810551404953003,0.20054581761360168,-0.3800787627696991,0.9993413090705872,0.41405344009399414,0.1976940631866455,-0.39031270146369934,0.9993870258331299,0.40553146600723267,0.1972755789756775,-0.39024055004119873,0.999431312084198,0.39806002378463745,0.19738492369651794,-0.3904786705970764,0.9994164705276489,0.4582515358924866,0.21616822481155396,-0.16972245275974274,0.9991829991340637,0.3842743933200836,0.21329937875270844,-0.2130550593137741,0.9995084404945374,0.4358046054840088,0.257249116897583,-0.32559722661972046,0.9997763633728027,0.4066556990146637,0.2539111077785492,-0.33851906657218933,0.9997722506523132,0.5202155113220215,0.41507866978645325,-0.02752203308045864,0.9997261762619019,0.31171008944511414,0.40859949588775635,-0.1282716691493988,0.9998318552970886,0.5286585688591003,0.6378743052482605,0.11177828162908554,0.9594393968582153,0.2862151265144348,0.6562987565994263,-0.058325640857219696,0.9950823783874512,0.5426631569862366,0.8642284870147705,-0.03749240189790726,0.9100117683410645,0.26734307408332825,0.8851483464241028,-0.20738208293914795,0.9809383749961853,0.5556157827377319,0.9342626929283142,-0.0808212086558342,0.866655170917511,0.2566160559654236,0.9504302144050598,-0.2618080973625183,0.9580867290496826,0.5483915209770203,0.9356496930122375,-0.15176182985305786,0.8844590187072754,0.27044710516929626,0.9497644305229187,-0.3140895962715149,0.9638211131095886,0.5393648147583008,0.9183134436607361,-0.07031387835741043,0.8840943574905396,0.279186487197876,0.9324415922164917,-0.23167458176612854,0.9601269960403442,0.47957152128219604,0.8823415637016296,0.006699440535157919,0.9814489483833313,0.3430783450603485,0.8830129504203796,-0.006016917061060667,0.9862766265869141,0.4679863452911377,1.2369972467422485,-0.045083899050951004,0.19971394538879395,0.338288277387619,1.2205485105514526,-0.04553155228495598,0.20586706697940826,0.47910794615745544,1.544535756111145,0.3610880672931671,0.014812886714935303,0.352351576089859,1.5402237176895142,0.21477048099040985,0.021784920245409012,0.48015910387039185,1.5798728466033936,0.3926808834075928,0.013565094210207462,0.3508973717689514,1.58051335811615,0.2352580726146698,0.017704904079437256,0.46777552366256714,1.6519789695739746,0.16783663630485535,0.008350981399416924,0.37112754583358765,1.6430611610412598,-0.03726236894726753,0.011712433770298958
2026-04-30T18:47:05.849601,138,0.42464500665664673,0.22696836292743683,-0.4173238277435303,0.9996206164360046,0.4363001883029938,0.1990949958562851,-0.3873392343521118,0.9993358850479126,0.44251322746276855,0.19971849024295807,-0.3874906301498413,0.9993674159049988,0.4489053189754486,0.20093223452568054,-0.38767021894454956,0.999319851398468,0.414537250995636,0.19772730767726898,-0.3968786299228668,0.999376654624939,0.40591493248939514,0.19728879630565643,-0.39681345224380493,0.9994213581085205,0.39829397201538086,0.19738595187664032,-0.39706161618232727,0.9994133114814758,0.45959606766700745,0.21660123765468597,-0.17256441712379456,0.9991423487663269,0.38488060235977173,0.21329082548618317,-0.2129214107990265,0.9995013475418091,0.43653446435928345,0.2575376331806183,-0.3325660824775696,0.99977046251297,0.4070388376712799,0.2539554238319397,-0.344454824924469,0.9997695684432983,0.5208084583282471,0.41504809260368347,-0.0296760406345129,0.9997137188911438,0.3124162256717682,0.4075245261192322,-0.12300854921340942,0.9998345971107483,0.5289130806922913,0.6366899609565735,0.10482235997915268,0.958530068397522,0.2873634696006775,0.6552912592887878,-0.0470387265086174,0.9952011108398438,0.5435453653335571,0.8640457987785339,-0.061738431453704834,0.909429132938385,0.26838427782058716,0.8851993680000305,-0.18745790421962738,0.9817281365394592,0.5569313764572144,0.9341574311256409,-0.10993003845214844,0.8662214279174805,0.2575066387653351,0.9504359364509583,-0.241291806101799,0.9597285985946655,0.5503582954406738,0.9355937242507935,-0.1829151064157486,0.8837734460830688,0.2711956202983856,0.9498373866081238,-0.29678797721862793,0.9652220010757446,0.5413297414779663,0.9181399941444397,-0.09550616145133972,0.8836449384689331,0.2800430357456207,0.9325515627861023,-0.21235930919647217,0.9616297483444214,0.47966843843460083,0.8822228312492371,0.006639459170401096,0.9823964238166809,0.34328097105026245,0.8830950260162354,-0.005946283228695393,0.987098217010498,0.46844983100891113,1.2371968030929565,-0.05649685114622116,0.20802469551563263,0.33889275789260864,1.221427083015442,-0.057683758437633514,0.21650642156600952,0.4800806939601898,1.5442535877227783,0.3660441040992737,0.015149850398302078,0.35262200236320496,1.5412529706954956,0.21162250638008118,0.02310780994594097,0.48094525933265686,1.5794806480407715,0.39943164587020874,0.013758234679698944,0.35122916102409363,1.5813723802566528,0.23182158172130585,0.018250014632940292,0.4689866602420807,1.6522918939590454,0.17098353803157806,0.008489497005939484,0.37118715047836304,1.6450743675231934,-0.04816339164972305,0.012219746597111225
2026-04-30T18:47:05.956672,139,0.4246373176574707,0.22719505429267883,-0.4226132333278656,0.9996362328529358,0.4365055561065674,0.19928541779518127,-0.39298269152641296,0.9993603825569153,0.4427225589752197,0.19997519254684448,-0.39313048124313354,0.9993894100189209,0.4491346776485443,0.2012651115655899,-0.3933151066303253,0.9993434548377991,0.41460472345352173,0.19776606559753418,-0.4016945958137512,0.9994013905525208,0.4059540331363678,0.1973092406988144,-0.401600182056427,0.9994440078735352,0.3982919752597809,0.19738858938217163,-0.40182915329933167,0.9994375109672546,0.4603559374809265,0.2170008271932602,-0.17696672677993774,0.9991709589958191,0.3849736452102661,0.21328158676624298,-0.21560025215148926,0.9995230436325073,0.4368089735507965,0.2578078508377075,-0.33796754479408264,0.9997797608375549,0.4070848822593689,0.2540077567100525,-0.3488595485687256,0.9997798800468445,0.5212323069572449,0.41465041041374207,-0.03197840601205826,0.9997174143791199,0.3129732310771942,0.4069533348083496,-0.122127965092659,0.9998407363891602,0.532164454460144,0.6342817544937134,0.09939616173505783,0.9586300253868103,0.28742873668670654,0.6550071239471436,-0.04796992242336273,0.9952965378761292,0.5451121926307678,0.8634223341941833,-0.07832390069961548,0.9111574292182922,0.2687836289405823,0.8851249814033508,-0.19547723233699799,0.9825095534324646,0.5586451292037964,0.9327220320701599,-0.13022883236408234,0.8687093257904053,0.2581128478050232,0.9503336548805237,-0.2511182129383087,0.9613658785820007,0.5521096587181091,0.9340994954109192,-0.20401541888713837,0.88569575548172,0.2721342444419861,0.9497872591018677,-0.30769777297973633,0.9665902256965637,0.5430359840393066,0.9168617129325867,-0.1127614751458168,0.8857837915420532,0.28097134828567505,0.9325303435325623,-0.22102849185466766,0.9631126523017883,0.4797016680240631,0.882057785987854,0.0065969363786280155,0.9834455847740173,0.34334248304367065,0.8828963041305542,-0.005898921750485897,0.9878894686698914,0.46796098351478577,1.2363675832748413,-0.0571252778172493,0.21675218641757965,0.33886095881462097,1.2202047109603882,-0.059604477137327194,0.227265864610672,0.4797429144382477,1.5408036708831787,0.36172768473625183,0.015541069209575653,0.3521067798137665,1.5385165214538574,0.2101408988237381,0.024025576189160347,0.48050951957702637,1.5763168334960938,0.39340490102767944,0.01394299603998661,0.3505234122276306,1.5785348415374756,0.23128947615623474,0.01839609444141388,0.4688325524330139,1.6487013101577759,0.1587572693824768,0.008582128211855888,0.37087708711624146,1.6422408819198608,-0.054745059460401535,0.012491303496062756
2026-04-30T18:47:06.063874,140,0.42497190833091736,0.2273154854774475,-0.42440637946128845,0.999638020992279,0.4369882643222809,0.19941820204257965,-0.3941081166267395,0.9993563294410706,0.44312137365341187,0.20012204349040985,-0.394296795129776,0.9993829727172852,0.44956550002098083,0.20143985748291016,-0.39448872208595276,0.9993367791175842,0.4150744378566742,0.1978338211774826,-0.4023109972476959,0.9994008541107178,0.40643033385276794,0.19736355543136597,-0.4022006392478943,0.9994435906410217,0.3986301124095917,0.1974298506975174,-0.402402400970459,0.9994404315948486,0.4609101712703705,0.21713349223136902,-0.17848604917526245,0.9991596341133118,0.3854847252368927,0.21328221261501312,-0.21855004131793976,0.9995242953300476,0.437305748462677,0.25781315565109253,-0.3382604718208313,0.999779999256134,0.40788936614990234,0.2540028691291809,-0.35034894943237305,0.999781608581543,0.5216284394264221,0.41442182660102844,-0.03367064148187637,0.999709963798523,0.31421706080436707,0.4065547287464142,-0.12052522599697113,0.999843418598175,0.5323923826217651,0.633201003074646,0.09671249240636826,0.9580179452896118,0.2874961793422699,0.653821587562561,-0.04109865427017212,0.9954017996788025,0.5459250211715698,0.8627782464027405,-0.08714563399553299,0.9112321138381958,0.26914817094802856,0.884922981262207,-0.19243626296520233,0.9831302165985107,0.5597626566886902,0.9319385290145874,-0.1402328610420227,0.8689277768135071,0.2583687901496887,0.9500873684883118,-0.24914303421974182,0.9625963568687439,0.5537759065628052,0.9336540699005127,-0.21476534008979797,0.8857268691062927,0.2722344398498535,0.9497013688087463,-0.3061186671257019,0.967638373374939,0.5445767045021057,0.9166841506958008,-0.12209049612283707,0.885974109172821,0.2810709476470947,0.9324091672897339,-0.21830466389656067,0.964246928691864,0.4797932505607605,0.8815333247184753,0.006035264581441879,0.9841156005859375,0.34402114152908325,0.8827704787254333,-0.005366459488868713,0.9884939193725586,0.46823278069496155,1.2364171743392944,-0.06621985137462616,0.22525228559970856,0.33905160427093506,1.2202671766281128,-0.06589674204587936,0.23828475177288055,0.4804341793060303,1.5407906770706177,0.36039626598358154,0.015983736142516136,0.3524550795555115,1.5388636589050293,0.2084791660308838,0.025450576096773148,0.4811197817325592,1.57626473903656,0.39265376329421997,0.014304826967418194,0.35103440284729004,1.578972339630127,0.22866661846637726,0.01919708214700222,0.4695509970188141,1.648987054824829,0.1571054458618164,0.008730255998671055,0.3710264265537262,1.6425529718399048,-0.05834957957267761,0.012979590333998203
2026-04-30T18:47:06.171756,141,0.4262794852256775,0.22757922112941742,-0.4276145100593567,0.9996373057365417,0.4380852282047272,0.19956135749816895,-0.39762967824935913,0.9993476271629333,0.44403010606765747,0.20025552809238434,-0.3978080749511719,0.9993735551834106,0.4506565034389496,0.20156143605709076,-0.39799559116363525,0.9993252158164978,0.4163173735141754,0.19793862104415894,-0.40566936135292053,0.9993964433670044,0.4076581597328186,0.19743475317955017,-0.40556877851486206,0.9994402527809143,0.39962509274482727,0.19748136401176453,-0.4057844281196594,0.9994395971298218,0.46169811487197876,0.2171773910522461,-0.18002232909202576,0.9991422891616821,0.38600388169288635,0.21325796842575073,-0.2185550481081009,0.9995272159576416,0.438542902469635,0.25784432888031006,-0.3416505455970764,0.9997780919075012,0.40949830412864685,0.2540019154548645,-0.3526886999607086,0.9997833967208862,0.5220664739608765,0.41207340359687805,-0.03400081396102905,0.999709963798523,0.31510451436042786,0.4058420956134796,-0.11831682920455933,0.9998466372489929,0.5324152708053589,0.6313558220863342,0.09596032649278641,0.9577497243881226,0.2873559296131134,0.6538358926773071,-0.04278827831149101,0.9954829216003418,0.545964241027832,0.8606703877449036,-0.09065179526805878,0.9122979044914246,0.2691546678543091,0.8849054574966431,-0.19533328711986542,0.9836292266845703,0.5599133968353271,0.9299287796020508,-0.1423468291759491,0.870620846748352,0.25840720534324646,0.9499998092651367,-0.25148916244506836,0.9636304974555969,0.5539535284042358,0.9318199753761292,-0.2176728993654251,0.8870729207992554,0.27223509550094604,0.9496489763259888,-0.3081529140472412,0.9685128927230835,0.5447702407836914,0.9149380326271057,-0.1259368360042572,0.8874558806419373,0.2810687720775604,0.9323926568031311,-0.22109100222587585,0.9652122259140015,0.47981181740760803,0.8815276622772217,0.005992149002850056,0.984980046749115,0.3440656065940857,0.8824091553688049,-0.0053226095624268055,0.9891565442085266,0.4682227075099945,1.2364367246627808,-0.06624458730220795,0.2392423301935196,0.33909085392951965,1.2204774618148804,-0.06506718695163727,0.24981819093227386,0.48074832558631897,1.5400649309158325,0.36692219972610474,0.01683509536087513,0.35284626483917236,1.5391480922698975,0.22033707797527313,0.026732973754405975,0.4813418984413147,1.5756356716156006,0.4010619521141052,0.014975303784012794,0.35145336389541626,1.5791947841644287,0.24236290156841278,0.0197034552693367,0.47047868371009827,1.6484780311584473,0.17019668221473694,0.009090946055948734,0.37185001373291016,1.6427520513534546,-0.04028477519750595,0.013423091731965542
2026-04-30T18:47:06.277056,142,0.42710500955581665,0.22818201780319214,-0.42983484268188477,0.9996406435966492,0.4389369487762451,0.20016725361347198,-0.3998030722141266,0.9993502497673035,0.44477590918540955,0.20086410641670227,-0.399974524974823,0.9993724226951599,0.45156416296958923,0.20215041935443878,-0.40016016364097595,0.9993234872817993,0.41710251569747925,0.19845937192440033,-0.4080517888069153,0.9994014501571655,0.4084106385707855,0.19788406789302826,-0.4079548418521881,0.9994446635246277,0.4002090096473694,0.1978917270898819,-0.40817517042160034,0.999447226524353,0.46258050203323364,0.21753107011318207,-0.18126770853996277,0.999139130115509,0.3865414261817932,0.2133655697107315,-0.21967320144176483,0.9995364546775818,0.4394782483577728,0.25804591178894043,-0.3435726463794708,0.9997791051864624,0.4107697904109955,0.2542104423046112,-0.35458022356033325,0.9997875094413757,0.5220963358879089,0.4108847975730896,-0.03143627196550369,0.9997100234031677,0.31717702746391296,0.4054795205593109,-0.11945579946041107,0.9998500943183899,0.5325049757957458,0.6305822730064392,0.10226323455572128,0.9570282697677612,0.28756392002105713,0.6538234949111938,-0.04417552798986435,0.995604932308197,0.5467497110366821,0.8600397706031799,-0.08068310469388962,0.9122823476791382,0.2691417336463928,0.88447105884552,-0.19549457728862762,0.9841904640197754,0.5607373714447021,0.9292293787002563,-0.1342875361442566,0.8708235621452332,0.2583736479282379,0.949799120426178,-0.2521495223045349,0.9647627472877502,0.5549196004867554,0.9312783479690552,-0.20935961604118347,0.8871565461158752,0.272154301404953,0.9493902325630188,-0.3087669610977173,0.9694803953170776,0.5457135438919067,0.91435307264328,-0.11597563326358795,0.8876386880874634,0.2809574007987976,0.9321163892745972,-0.22136661410331726,0.9662519097328186,0.47960489988327026,0.8819288611412048,0.006719032768160105,0.9856896996498108,0.3440707325935364,0.8821556568145752,-0.006057187914848328,0.9897329211235046,0.4673793315887451,1.2371933460235596,-0.07104040682315826,0.2488873153924942,0.3388049602508545,1.221856951713562,-0.06974413990974426,0.25936952233314514,0.47897839546203613,1.5403289794921875,0.36959192156791687,0.01746019907295704,0.3508305549621582,1.5414440631866455,0.21716062724590302,0.028040248900651932,0.47911199927330017,1.5759652853012085,0.40446266531944275,0.015412594191730022,0.3491164743900299,1.5813292264938354,0.23823635280132294,0.02014407329261303,0.4686490595340729,1.6490691900253296,0.17418712377548218,0.00938155222684145,0.36935538053512573,1.6470019817352295,-0.04612201824784279,0.013984994031488895
2026-04-30T18:47:06.382172,143,0.4271473288536072,0.22825676202774048,-0.4250795245170593,0.9996493458747864,0.4390746057033539,0.2003166675567627,-0.39710894227027893,0.9993605613708496,0.4449511170387268,0.2010335922241211,-0.39727771282196045,0.9993820190429688,0.4517437517642975,0.20235009491443634,-0.39744240045547485,0.9993294477462769,0.4172559678554535,0.19859901070594788,-0.40373292565345764,0.9994142055511475,0.40857523679733276,0.19802160561084747,-0.40363556146621704,0.9994586706161499,0.4004051685333252,0.19799967110157013,-0.4038558006286621,0.9994620680809021,0.46293550729751587,0.2177881896495819,-0.18168307840824127,0.9991468191146851,0.38688403367996216,0.21337728202342987,-0.2176193743944168,0.9995548129081726,0.43964529037475586,0.25811266899108887,-0.34182676672935486,0.9997833371162415,0.41098180413246155,0.2542298138141632,-0.35057538747787476,0.9997954368591309,0.5221058130264282,0.40985986590385437,-0.03239990025758743,0.9997098445892334,0.31836575269699097,0.40527522563934326,-0.11888419091701508,0.999856173992157,0.5325203537940979,0.6286869049072266,0.10117332637310028,0.95649653673172,0.2875273525714874,0.6537895202636719,-0.04627209156751633,0.9957389235496521,0.5473822355270386,0.8580998182296753,-0.08084631711244583,0.9137797951698303,0.2689596116542816,0.8833732604980469,-0.20846280455589294,0.9849206209182739,0.5612800717353821,0.927241325378418,-0.1362297236919403,0.8731314539909363,0.2578199505805969,0.9489757418632507,-0.2675832509994507,0.9663302302360535,0.5554097890853882,0.9295470118522644,-0.21094584465026855,0.8888508677482605,0.27152693271636963,0.9485874176025391,-0.32600075006484985,0.9707935452461243,0.5462062358856201,0.9126414656639099,-0.11614952981472015,0.8896498084068298,0.28039318323135376,0.9312619566917419,-0.23533964157104492,0.9676889777183533,0.4796212613582611,0.8818402886390686,0.007145073264837265,0.9866510033607483,0.344243586063385,0.88062983751297,-0.006481183227151632,0.9904453158378601,0.46683305501937866,1.2358927726745605,-0.06701214611530304,0.2638372480869293,0.33843767642974854,1.2206127643585205,-0.05948800966143608,0.27607396245002747,0.4784370958805084,1.5378040075302124,0.375392884016037,0.018221698701381683,0.3491230607032776,1.5377086400985718,0.23071321845054626,0.029708106070756912,0.4784363806247711,1.5737026929855347,0.40986743569374084,0.015860607847571373,0.3468087613582611,1.5766445398330688,0.2534114718437195,0.020574692636728287,0.4684203267097473,1.646236777305603,0.18174892663955688,0.009752660058438778,0.36886414885520935,1.6448402404785156,-0.02597322128713131,0.014548388309776783
2026-04-30T18:47:06.499353,144,0.42697733640670776,0.23056545853614807,-0.42725497484207153,0.9996579885482788,0.4390723705291748,0.20191532373428345,-0.40071290731430054,0.9993709921836853,0.44497936964035034,0.2025516927242279,-0.4008907675743103,0.9993906617164612,0.4517654478549957,0.20372118055820465,-0.40104928612709045,0.9993361830711365,0.4171788692474365,0.20026247203350067,-0.40534982085227966,0.9994251728057861,0.40849798917770386,0.19951872527599335,-0.40523165464401245,0.9994693398475647,0.40035495162010193,0.19933690130710602,-0.40544071793556213,0.9994736909866333,0.46306896209716797,0.21849948167800903,-0.18905270099639893,0.9991579651832581,0.3869228661060333,0.2139657586812973,-0.21840563416481018,0.9995672702789307,0.43963679671287537,0.2603051960468292,-0.34446126222610474,0.9997879266738892,0.41095560789108276,0.25648003816604614,-0.35073181986808777,0.9998018741607666,0.5229172706604004,0.4099736213684082,-0.035044241696596146,0.9997137188911438,0.3184777796268463,0.4053049683570862,-0.11822612583637238,0.9998602867126465,0.5334347486495972,0.6286309361457825,0.1004682183265686,0.9569905996322632,0.2874067425727844,0.6541032791137695,-0.04686266928911209,0.9958431720733643,0.5486701130867004,0.8566960692405701,-0.08003752678632736,0.9165704250335693,0.26855018734931946,0.8831812739372253,-0.21139100193977356,0.9856334924697876,0.5619174242019653,0.9261826872825623,-0.13602995872497559,0.8769062161445618,0.256804883480072,0.9486339092254639,-0.27213484048843384,0.9678385853767395,0.555826723575592,0.9282528162002563,-0.21105650067329407,0.8919821977615356,0.2701443135738373,0.9482083916664124,-0.33198264241218567,0.9720739722251892,0.5467960238456726,0.9111897349357605,-0.1152862161397934,0.8929682970046997,0.2791275382041931,0.9309311509132385,-0.23891882598400116,0.9690853953361511,0.47980064153671265,0.8818999528884888,0.00714690750464797,0.9875506162643433,0.34433287382125854,0.8804919123649597,-0.006483809556812048,0.9910940527915955,0.46757835149765015,1.235908031463623,-0.07080679386854172,0.2756366729736328,0.33970487117767334,1.2206394672393799,-0.059260398149490356,0.2862522602081299,0.4793432652950287,1.5368287563323975,0.385256826877594,0.01863686367869377,0.34986886382102966,1.5375474691390991,0.24246814846992493,0.030738256871700287,0.4792757034301758,1.572069764137268,0.42214855551719666,0.016211990267038345,0.34749191999435425,1.5765235424041748,0.2670932412147522,0.020968401804566383,0.4691288471221924,1.6462352275848389,0.19452440738677979,0.009892454370856285,0.36958763003349304,1.6447014808654785,-0.013550395146012306,0.014887956902384758
2026-04-30T18:47:06.609173,145,0.42616158723831177,0.23215852677822113,-0.426483154296875,0.9996514320373535,0.43890538811683655,0.20343488454818726,-0.3998478055000305,0.9993485808372498,0.4449513852596283,0.20409990847110748,-0.4000222086906433,0.9993674159049988,0.45172572135925293,0.20523498952388763,-0.4001576900482178,0.9993053078651428,0.41676220297813416,0.20161229372024536,-0.404379665851593,0.9994129538536072,0.40814170241355896,0.20073431730270386,-0.40429258346557617,0.9994601607322693,0.4001381993293762,0.20045781135559082,-0.404520183801651,0.9994668960571289,0.4630386233329773,0.21945275366306305,-0.18938347697257996,0.9991167187690735,0.3870333731174469,0.21471856534481049,-0.2156747579574585,0.999565839767456,0.43931540846824646,0.2617586553096771,-0.34417465329170227,0.9997793436050415,0.4101324677467346,0.2575532793998718,-0.3501683473587036,0.9997993111610413,0.5232694745063782,0.410160094499588,-0.04068718105554581,0.9997022747993469,0.3184940814971924,0.4057953655719757,-0.11311081796884537,0.99986332654953,0.5335606932640076,0.6284667253494263,0.08892432600259781,0.9556783437728882,0.28735992312431335,0.6547091007232666,-0.037304557859897614,0.9959437251091003,0.5487346649169922,0.8560155630111694,-0.08714848011732101,0.915169894695282,0.26839154958724976,0.8827642202377319,-0.19188711047172546,0.9861376285552979,0.5619031190872192,0.9257043600082397,-0.1415710300207138,0.8754912614822388,0.2566317319869995,0.9481074810028076,-0.2479008138179779,0.9688330888748169,0.5557485222816467,0.9279917478561401,-0.21347114443778992,0.8905272483825684,0.26983442902565,0.9477167725563049,-0.3060351014137268,0.9729259610176086,0.5467101335525513,0.9108389616012573,-0.12097412347793579,0.8919472098350525,0.27882105112075806,0.9305051565170288,-0.21822044253349304,0.9700162410736084,0.4800473153591156,0.8826155066490173,0.006103157997131348,0.9878769516944885,0.34483176469802856,0.8807055950164795,-0.00549166277050972,0.9914550185203552,0.46925416588783264,1.2360063791275024,-0.07037714868783951,0.2810986638069153,0.34136962890625,1.221326470375061,-0.05928304046392441,0.2941891551017761,0.4815192222595215,1.5370045900344849,0.3836444914340973,0.01878148876130581,0.3521413803100586,1.5384562015533447,0.23416617512702942,0.03148274123668671,0.4815559983253479,1.5723129510879517,0.41947755217552185,0.01625113934278488,0.350250780582428,1.577459692955017,0.2584526836872101,0.021207701414823532,0.4717433452606201,1.6463673114776611,0.1869155466556549,0.010000931099057198,0.37219545245170593,1.6458557844161987,-0.01437286101281643,0.015214970335364342
2026-04-30T18:47:06.721234,146,0.4262242317199707,0.23298560082912445,-0.426550954580307,0.9996398687362671,0.43895047903060913,0.2040979564189911,-0.39971551299095154,0.9993184804916382,0.4450293183326721,0.20466579496860504,-0.3998863995075226,0.9993376135826111,0.45177537202835083,0.20567308366298676,-0.4000128209590912,0.9992691874504089,0.4168342649936676,0.202389195561409,-0.4049859941005707,0.9993922710418701,0.4082247316837311,0.2014966905117035,-0.4049106240272522,0.9994431734085083,0.40030375123023987,0.20120857656002045,-0.4051447808742523,0.9994522929191589,0.4629601836204529,0.21956515312194824,-0.1894223541021347,0.9990674257278442,0.3872813582420349,0.2152172029018402,-0.2163364589214325,0.9995563626289368,0.4393492639064789,0.2623935043811798,-0.34410709142684937,0.9997692704200745,0.41014155745506287,0.2581595778465271,-0.35086679458618164,0.999794602394104,0.5239518880844116,0.4107235372066498,-0.042539678514003754,0.9996956586837769,0.3184471130371094,0.40747717022895813,-0.11385747045278549,0.9998656511306763,0.5338893532752991,0.6285736560821533,0.08277077972888947,0.9549969434738159,0.2873190641403198,0.6564355492591858,-0.03787796571850777,0.9960122108459473,0.5489431023597717,0.8570498824119568,-0.10212202370166779,0.9150930643081665,0.2683519423007965,0.8827615976333618,-0.19466963410377502,0.9865071773529053,0.5622384548187256,0.9266082048416138,-0.15737728774547577,0.8756874203681946,0.25660404562950134,0.9481016993522644,-0.25149795413017273,0.969603419303894,0.555782675743103,0.9290432333946228,-0.22999486327171326,0.8905407190322876,0.2698069214820862,0.9477192759513855,-0.3097379207611084,0.973587155342102,0.5466706156730652,0.912319540977478,-0.13649922609329224,0.8921936750411987,0.278780072927475,0.9305403232574463,-0.22114762663841248,0.9707339406013489,0.4805602431297302,0.8829240798950195,0.00588902086019516,0.9881622791290283,0.3450447916984558,0.8809951543807983,-0.005275695584714413,0.9917364716529846,0.46939611434936523,1.2361785173416138,-0.06773729622364044,0.2869248688220978,0.3414088487625122,1.2219308614730835,-0.059512048959732056,0.30119311809539795,0.48167380690574646,1.5376780033111572,0.3757528066635132,0.019139140844345093,0.3522641062736511,1.5393563508987427,0.218340203166008,0.03229328989982605,0.48173195123672485,1.5733081102371216,0.4095156192779541,0.01652088202536106,0.35038405656814575,1.5784357786178589,0.24000084400177002,0.021662108600139618,0.47204071283340454,1.6468873023986816,0.18077661097049713,0.010253864340484142,0.372404545545578,1.6466670036315918,-0.033637337386608124,0.015594599768519402
2026-04-30T18:47:06.825442,147,0.4271138608455658,0.23346801102161407,-0.4349142014980316,0.9996174573898315,0.43933621048927307,0.20457740128040314,-0.40595823526382446,0.9992757439613342,0.4453919529914856,0.2050599306821823,-0.40613842010498047,0.9992876648902893,0.45210203528404236,0.20597049593925476,-0.4062868058681488,0.9992188811302185,0.417367547750473,0.2030825912952423,-0.41462618112564087,0.9993619918823242,0.40865999460220337,0.2022525668144226,-0.41458266973495483,0.9994134306907654,0.400824636220932,0.20204047858715057,-0.41483598947525024,0.9994308948516846,0.4629196524620056,0.2196485698223114,-0.1894955039024353,0.9989942908287048,0.3873865306377411,0.21578936278820038,-0.22621659934520721,0.9995340704917908,0.4398905634880066,0.26287442445755005,-0.3485785126686096,0.9997539520263672,0.41068553924560547,0.2586728036403656,-0.3593544065952301,0.9997844696044922,0.5240261554718018,0.41122350096702576,-0.04245695099234581,0.9996780753135681,0.31825053691864014,0.40979087352752686,-0.1180102676153183,0.9998632669448853,0.5338817238807678,0.628879964351654,0.08490622043609619,0.9542574882507324,0.2873161733150482,0.6583458781242371,-0.03915427625179291,0.9960716366767883,0.5489365458488464,0.8567396998405457,-0.0986553207039833,0.9140626192092896,0.26843610405921936,0.8833433985710144,-0.19628965854644775,0.9868755340576172,0.5622190833091736,0.9262630343437195,-0.15100345015525818,0.8741274476051331,0.25681060552597046,0.9485562443733215,-0.2527346909046173,0.9702745676040649,0.5557401180267334,0.9286857843399048,-0.2237120419740677,0.8888372778892517,0.26996055245399475,0.9484428763389587,-0.3094194531440735,0.9741570353507996,0.5466213822364807,0.9116400480270386,-0.13279935717582703,0.8907857537269592,0.27888625860214233,0.9311527013778687,-0.22204463183879852,0.9713306427001953,0.480776846408844,0.8833206295967102,0.005493109580129385,0.988270103931427,0.3454195261001587,0.881471574306488,-0.004886695183813572,0.9918661713600159,0.46943721175193787,1.2381501197814941,-0.06977655738592148,0.28509438037872314,0.3405579924583435,1.2230173349380493,-0.06734927743673325,0.29972243309020996,0.4816582202911377,1.5393180847167969,0.36810508370399475,0.01883176527917385,0.3522101044654846,1.5406204462051392,0.20639753341674805,0.0321681872010231,0.4816976487636566,1.574808120727539,0.40135878324508667,0.01626322790980339,0.3503863513469696,1.5798416137695312,0.22723309695720673,0.02170155942440033,0.4719666540622711,1.6492571830749512,0.1691589057445526,0.010118591599166393,0.37237054109573364,1.6476184129714966,-0.05500154569745064,0.01564609445631504
2026-04-30T18:47:06.939777,148,0.4279465079307556,0.2351209968328476,-0.43517374992370605,0.9996121525764465,0.43960389494895935,0.20588330924510956,-0.40657392144203186,0.9992644786834717,0.44561848044395447,0.20610164105892181,-0.40675264596939087,0.9992751479148865,0.4522680640220642,0.20669841766357422,-0.40691834688186646,0.9992045760154724,0.41797223687171936,0.20505958795547485,-0.41572171449661255,0.9993531703948975,0.4092792570590973,0.204312264919281,-0.4156760573387146,0.9994060397148132,0.4015715718269348,0.2041749656200409,-0.41592469811439514,0.9994255304336548,0.4627763330936432,0.2198009341955185,-0.18995416164398193,0.998978853225708,0.3878190219402313,0.21722015738487244,-0.2288242131471634,0.9995343089103699,0.4404163956642151,0.2642276883125305,-0.348619282245636,0.9997519254684448,0.4117337763309479,0.2605119049549103,-0.3597128689289093,0.9997842311859131,0.5246861577033997,0.41188594698905945,-0.0383714959025383,0.9996774196624756,0.31829243898391724,0.41035836935043335,-0.12533506751060486,0.999865710735321,0.5340153574943542,0.6291921138763428,0.10352655500173569,0.953359067440033,0.28769034147262573,0.6584941148757935,-0.05171514302492142,0.9961416125297546,0.5497056245803833,0.8556035161018372,-0.07348068803548813,0.9136842489242554,0.2685777544975281,0.8833537697792053,-0.206993967294693,0.9871997237205505,0.562498927116394,0.9254616498947144,-0.12527240812778473,0.8736761212348938,0.2569948434829712,0.9485555291175842,-0.263714998960495,0.9709116220474243,0.556136965751648,0.9277792572975159,-0.20055322349071503,0.8882781267166138,0.27011600136756897,0.9484397768974304,-0.3212917149066925,0.9746820330619812,0.5472543835639954,0.910161018371582,-0.108775794506073,0.8904398083686829,0.2789907455444336,0.9311583638191223,-0.23280207812786102,0.9718800187110901,0.48073872923851013,0.883467435836792,0.00598875479772687,0.9885415434837341,0.3455905318260193,0.8817295432090759,-0.005376806017011404,0.992076575756073,0.4694141447544098,1.2381840944290161,-0.06930263340473175,0.28527307510375977,0.3405391573905945,1.2230496406555176,-0.06710775196552277,0.3016681671142578,0.4815236032009125,1.5393359661102295,0.37011095881462097,0.01892593875527382,0.35209915041923523,1.54060697555542,0.21602635085582733,0.03280888497829437,0.4815383553504944,1.5747801065444946,0.4039596617221832,0.01616804488003254,0.3502155542373657,1.579803466796875,0.23832330107688904,0.02182774618268013,0.4718676507472992,1.6491026878356934,0.17205777764320374,0.010264083743095398,0.3723616600036621,1.6475741863250732,-0.045318685472011566,0.015999844297766685
2026-04-30T18:47:07.045958,149,0.4292493760585785,0.2353101223707199,-0.4336403012275696,0.999594509601593,0.4401085376739502,0.2060399204492569,-0.4050368666648865,0.9992361068725586,0.4460548460483551,0.20621468126773834,-0.40521615743637085,0.9992451667785645,0.4526755213737488,0.2067718654870987,-0.4053783416748047,0.9991703629493713,0.4188689589500427,0.2053937315940857,-0.41543883085250854,0.999331533908844,0.4100951552391052,0.20473656058311462,-0.4153943955898285,0.9993868470191956,0.40239882469177246,0.20469512045383453,-0.41563886404037476,0.9994091391563416,0.46275633573532104,0.21981726586818695,-0.18809165060520172,0.9989355802536011,0.3879936635494232,0.21772746741771698,-0.23227128386497498,0.9995278120040894,0.4411102831363678,0.2642539441585541,-0.34685441851615906,0.9997396469116211,0.41294971108436584,0.2607857584953308,-0.3595440685749054,0.9997768402099609,0.5249451994895935,0.41216933727264404,-0.030343910679221153,0.9996613264083862,0.31826692819595337,0.41079556941986084,-0.13561493158340454,0.9998641610145569,0.5338820815086365,0.6295716166496277,0.10888632386922836,0.9502912163734436,0.28789690136909485,0.6585908532142639,-0.06944120675325394,0.9962074160575867,0.5496496558189392,0.8552746176719666,-0.07364769279956818,0.9103033542633057,0.26855704188346863,0.8833485841751099,-0.2196435183286667,0.9873853921890259,0.5622782707214355,0.9250930547714233,-0.12620915472507477,0.8699177503585815,0.2569918632507324,0.9486243724822998,-0.2760401964187622,0.97126305103302,0.5559817552566528,0.9273063540458679,-0.2010481059551239,0.8846543431282043,0.2700970470905304,0.9484837651252747,-0.33297377824783325,0.9749519228935242,0.5471571087837219,0.9095171689987183,-0.10916449129581451,0.8872264623641968,0.27896130084991455,0.9312145113945007,-0.24499551951885223,0.9721640944480896,0.48026782274246216,0.8836985230445862,0.007587497588247061,0.9886756539344788,0.34556347131729126,0.8817325830459595,-0.006937322672456503,0.9922385215759277,0.4690188467502594,1.238211989402771,-0.06576202064752579,0.28783106803894043,0.34055981040000916,1.223294734954834,-0.06934057176113129,0.30678874254226685,0.4809913635253906,1.5396121740341187,0.36337006092071533,0.019202394410967827,0.35159510374069214,1.5416418313980103,0.1988617330789566,0.03345023840665817,0.48092642426490784,1.5751100778579712,0.3950408101081848,0.016278047114610672,0.3494097888469696,1.5809974670410156,0.21901071071624756,0.02197018824517727,0.4716728627681732,1.6493566036224365,0.1648906171321869,0.010447463020682335,0.37172943353652954,1.6490713357925415,-0.06677034497261047,0.016343366354703903
2026-04-30T18:47:07.158156,150,0.4292380213737488,0.23389266431331635,-0.4246101975440979,0.9995993375778198,0.44001084566116333,0.2047087401151657,-0.39483150839805603,0.9992517828941345,0.445995956659317,0.20488843321800232,-0.3949928283691406,0.9992564916610718,0.4525832533836365,0.20560649037361145,-0.39516133069992065,0.9991859197616577,0.41861772537231445,0.20435699820518494,-0.40883708000183105,0.999347448348999,0.40986114740371704,0.20401541888713837,-0.40876778960227966,0.999399721622467,0.40217679738998413,0.2041425257921219,-0.40900009870529175,0.9994242787361145,0.46242237091064453,0.21962875127792358,-0.1734118014574051,0.9989555478096008,0.38698330521583557,0.21766334772109985,-0.23204419016838074,0.9995399117469788,0.44107475876808167,0.26350632309913635,-0.3361876606941223,0.9997429251670837,0.4129226803779602,0.2602260112762451,-0.35334450006484985,0.9997795224189758,0.5248734951019287,0.41258496046066284,-0.007836483418941498,0.9996570944786072,0.31777310371398926,0.41215935349464417,-0.14369526505470276,0.9998639822006226,0.5334644317626953,0.6303052306175232,0.1419294774532318,0.9491623640060425,0.28808602690696716,0.6598190069198608,-0.0880025252699852,0.9962719082832336,0.5490697026252747,0.8555029630661011,-0.021544096991419792,0.9089531302452087,0.2683611214160919,0.8848896622657776,-0.23375937342643738,0.9877822399139404,0.5621848702430725,0.9251028895378113,-0.06832844763994217,0.8680463433265686,0.2567843794822693,0.9495295882225037,-0.29018473625183105,0.9720542430877686,0.5559197664260864,0.9272971749305725,-0.14251554012298584,0.8828384876251221,0.2698991894721985,0.949683427810669,-0.3443633019924164,0.9756247997283936,0.5469948053359985,0.9095125198364258,-0.05678064748644829,0.885791540145874,0.2787230908870697,0.9323527812957764,-0.2579726278781891,0.9728969931602478,0.4802236557006836,0.8837411999702454,0.012461240403354168,0.9891073703765869,0.3455529808998108,0.8818153142929077,-0.01177782379090786,0.9925476312637329,0.46928539872169495,1.240049123764038,-0.06564544141292572,0.2886177599430084,0.3413493037223816,1.2255098819732666,-0.07486849278211594,0.3050515651702881,0.4819169044494629,1.5406322479248047,0.3638635277748108,0.01909811981022358,0.35368385910987854,1.5439194440841675,0.19507431983947754,0.03330302983522415,0.48209914565086365,1.5756067037582397,0.39567720890045166,0.01618705503642559,0.3516893982887268,1.5834314823150635,0.21539783477783203,0.021822787821292877,0.4725525379180908,1.6510372161865234,0.16589009761810303,0.010440560057759285,0.3728291392326355,1.6508592367172241,-0.06952601671218872,0.01649956777691841
2026-04-30T18:47:07.262440,151,0.4281664490699768,0.2298399657011032,-0.44408589601516724,0.9995909929275513,0.43912261724472046,0.20126168429851532,-0.41125959157943726,0.9992433190345764,0.4454021453857422,0.20163334906101227,-0.41141968965530396,0.9992455244064331,0.4518738389015198,0.20262201130390167,-0.411551296710968,0.9991771578788757,0.4171419143676758,0.20093604922294617,-0.4247456192970276,0.9993391633033752,0.40851396322250366,0.20085600018501282,-0.4247170090675354,0.9993911385536194,0.4008241295814514,0.2011716663837433,-0.4249642491340637,0.9994174242019653,0.4616874158382416,0.21872706711292267,-0.1782785952091217,0.998938798904419,0.38471469283103943,0.2165861874818802,-0.2375423163175583,0.9995306730270386,0.44017481803894043,0.2610609233379364,-0.35264864563941956,0.9997381567955017,0.4115806519985199,0.2577625811100006,-0.36933597922325134,0.9997734427452087,0.5246770977973938,0.4134238660335541,-0.010761747136712074,0.9996508955955505,0.31567785143852234,0.41253069043159485,-0.14408054947853088,0.9998605251312256,0.533301591873169,0.6352348923683167,0.1361008584499359,0.9490035176277161,0.2879487872123718,0.6603484749794006,-0.0819125771522522,0.9962320327758789,0.5473338961601257,0.8641255497932434,-0.037710655480623245,0.9089739918708801,0.2674980163574219,0.8858544826507568,-0.2314092218875885,0.9877094626426697,0.5610882043838501,0.9322582483291626,-0.08092430979013443,0.867867648601532,0.25518161058425903,0.9504362344741821,-0.28838974237442017,0.9718217849731445,0.5544503927230835,0.9335728883743286,-0.15935125946998596,0.8827270865440369,0.2679128050804138,0.9509831070899963,-0.3440573811531067,0.9754279255867004,0.5454220771789551,0.9162139892578125,-0.07399475574493408,0.8856571316719055,0.2767917513847351,0.9333238005638123,-0.2562837302684784,0.9726715087890625,0.48024454712867737,0.8841403126716614,0.012223703786730766,0.9891946911811829,0.3451780676841736,0.8824898600578308,-0.011542657390236855,0.9926411509513855,0.4691375195980072,1.2416151762008667,-0.06460726261138916,0.2854592502117157,0.34060245752334595,1.2267860174179077,-0.07416412979364395,0.30136361718177795,0.4803782105445862,1.543681025505066,0.36440545320510864,0.018921883776783943,0.35270944237709045,1.5473192930221558,0.19643816351890564,0.03300631418824196,0.4806171953678131,1.578847050666809,0.3961230516433716,0.016121940687298775,0.35108476877212524,1.5874207019805908,0.21671243011951447,0.021835599094629288,0.4701864719390869,1.6533969640731812,0.16440615057945251,0.010408631525933743,0.37080612778663635,1.653157114982605,-0.07174236327409744,0.01651948317885399
2026-04-30T18:47:07.367251,152,0.4273819029331207,0.22988176345825195,-0.44881266355514526,0.9995964169502258,0.4385075569152832,0.20124396681785583,-0.41845688223838806,0.9992544054985046,0.4449460506439209,0.20159347355365753,-0.41860777139663696,0.9992546439170837,0.45133310556411743,0.20256896317005157,-0.41873899102211,0.9991891384124756,0.4163648188114166,0.20094165205955505,-0.4295896589756012,0.9993512034416199,0.40795040130615234,0.20086488127708435,-0.42954152822494507,0.9994004368782043,0.40033236145973206,0.20118016004562378,-0.42977339029312134,0.9994275569915771,0.4609108865261078,0.21869736909866333,-0.19029474258422852,0.9989533424377441,0.384048193693161,0.21658733487129211,-0.2393321543931961,0.9995362758636475,0.43949857354164124,0.26106831431388855,-0.35860902070999146,0.999742329120636,0.41076216101646423,0.25776538252830505,-0.3724682331085205,0.9997771382331848,0.5243469476699829,0.413521409034729,-0.02903803624212742,0.9996550679206848,0.31474360823631287,0.4128321707248688,-0.14278832077980042,0.999862015247345,0.5332955121994019,0.6357012987136841,0.11288891732692719,0.9494567513465881,0.28783395886421204,0.6613225936889648,-0.06983646750450134,0.9961515665054321,0.545527994632721,0.8676488399505615,-0.06625116616487503,0.9089003205299377,0.2671705484390259,0.8889271020889282,-0.2251397669315338,0.9874158501625061,0.5597249865531921,0.9341066479682922,-0.1120065301656723,0.8677658438682556,0.2549603581428528,0.9527217149734497,-0.282196044921875,0.9711593389511108,0.5520278215408325,0.935210645198822,-0.1893908530473709,0.88277268409729,0.26772239804267883,0.9537948369979858,-0.33823004364967346,0.9748586416244507,0.5426852703094482,0.9182857871055603,-0.1012972965836525,0.8856398463249207,0.2765321731567383,0.9360131621360779,-0.25008291006088257,0.9720255136489868,0.48029905557632446,0.8841524720191956,0.010124700143933296,0.9891397356987,0.3450452983379364,0.8833445906639099,-0.009452550671994686,0.9925881028175354,0.4693984091281891,1.2415937185287476,-0.05874484032392502,0.2829928398132324,0.34059467911720276,1.2268295288085938,-0.06154134124517441,0.2972709536552429,0.48042768239974976,1.544132113456726,0.35467520356178284,0.018763063475489616,0.3527226448059082,1.5473289489746094,0.20016448199748993,0.03248351439833641,0.4807204604148865,1.5796045064926147,0.3843124210834503,0.016106966882944107,0.35122808814048767,1.587533712387085,0.2192649394273758,0.021910464391112328,0.47006505727767944,1.6536556482315063,0.1469532996416092,0.010310737416148186,0.3707312047481537,1.6529555320739746,-0.06944042444229126,0.016287628561258316
2026-04-30T18:47:07.473399,153,0.4273155629634857,0.23032227158546448,-0.45072731375694275,0.9996138215065002,0.4384850859642029,0.20154230296611786,-0.4210020899772644,0.9992886185646057,0.44492611289024353,0.20188428461551666,-0.4211418628692627,0.9992889761924744,0.4512809216976166,0.20285893976688385,-0.42125648260116577,0.9992261528968811,0.4161776602268219,0.2013670951128006,-0.4307122230529785,0.9993807077407837,0.4077076315879822,0.2013225555419922,-0.4306339621543884,0.9994261264801025,0.39996588230133057,0.20166175067424774,-0.4308437407016754,0.9994515180587769,0.46070295572280884,0.21900011599063873,-0.19478437304496765,0.9990039467811584,0.38296934962272644,0.21684373915195465,-0.23875372111797333,0.999556839466095,0.4394451081752777,0.26162436604499817,-0.36131051182746887,0.9997537136077881,0.41058048605918884,0.25849398970603943,-0.3734101355075836,0.9997872114181519,0.523521900177002,0.4136680066585541,-0.04006653279066086,0.999669075012207,0.3137384057044983,0.413675457239151,-0.13434438407421112,0.9998663663864136,0.532733678817749,0.6362914443016052,0.08495583385229111,0.9500764012336731,0.2875794768333435,0.6622822880744934,-0.05665034055709839,0.9961216449737549,0.5423221588134766,0.8678672909736633,-0.124650739133358,0.9096678495407104,0.2665705978870392,0.8896667957305908,-0.2242298573255539,0.9873028993606567,0.5568705797195435,0.9339975118637085,-0.1827334761619568,0.8691791892051697,0.2544647753238678,0.9532803297042847,-0.28168612718582153,0.9709842205047607,0.5485398173332214,0.935053825378418,-0.26074519753456116,0.884227454662323,0.26733237504959106,0.9546964764595032,-0.337679922580719,0.9747200608253479,0.5388333797454834,0.9180917143821716,-0.16156455874443054,0.8869155049324036,0.2760358154773712,0.9367895126342773,-0.24987998604774475,0.9718548059463501,0.48025989532470703,0.8839717507362366,0.009042296558618546,0.9891349673271179,0.34472301602363586,0.8831495642662048,-0.008301574736833572,0.9925704002380371,0.46942877769470215,1.241154432296753,-0.05904015898704529,0.2839190363883972,0.34091657400131226,1.2263060808181763,-0.061092544347047806,0.29721471667289734,0.48057278990745544,1.5444213151931763,0.3287138044834137,0.018771126866340637,0.3531697690486908,1.5471450090408325,0.19206586480140686,0.031899042427539825,0.4808758795261383,1.5804318189620972,0.35575437545776367,0.016194406896829605,0.35171443223953247,1.5874675512313843,0.20925219357013702,0.021597152575850487,0.4703330993652344,1.653678297996521,0.1110769510269165,0.01033627986907959,0.37120598554611206,1.6525616645812988,-0.08345264196395874,0.01600346527993679
2026-04-30T18:47:07.586479,154,0.42788559198379517,0.23089830577373505,-0.44989699125289917,0.9996126890182495,0.4387243390083313,0.20215283334255219,-0.4202119708061218,0.9992882013320923,0.445021390914917,0.20250000059604645,-0.4203614294528961,0.9992866516113281,0.4513084292411804,0.20343570411205292,-0.420480877161026,0.9992257952690125,0.4166298508644104,0.20186251401901245,-0.4300364553928375,0.9993821382522583,0.4080181121826172,0.2017286866903305,-0.42996615171432495,0.9994254112243652,0.40020817518234253,0.20201881229877472,-0.43018394708633423,0.9994525909423828,0.4602685570716858,0.21920032799243927,-0.19468392431735992,0.9990004897117615,0.38300564885139465,0.2169305384159088,-0.23851414024829865,0.9995579123497009,0.4396108090877533,0.2621380388736725,-0.36070287227630615,0.9997538924217224,0.4108187258243561,0.25897642970085144,-0.3728927671909332,0.9997888803482056,0.5229151844978333,0.41366636753082275,-0.04402744397521019,0.9996776580810547,0.3127175271511078,0.4139704704284668,-0.13224419951438904,0.9998692274093628,0.5313796401023865,0.6361477971076965,0.07392514497041702,0.9502728581428528,0.28744617104530334,0.6630763411521912,-0.05422993376851082,0.9960892200469971,0.5419884324073792,0.867592453956604,-0.135564386844635,0.9076083302497864,0.266061931848526,0.8900272250175476,-0.22012481093406677,0.9869286417961121,0.5566097497940063,0.9338334798812866,-0.1937340646982193,0.866999626159668,0.2540026307106018,0.9534508585929871,-0.27699965238571167,0.9702584147453308,0.5482959151268005,0.9349033236503601,-0.26862287521362305,0.8824983239173889,0.2668170928955078,0.9548792243003845,-0.3348512053489685,0.9741252660751343,0.5387188196182251,0.9178988337516785,-0.1713850200176239,0.885169267654419,0.27533894777297974,0.9370189309120178,-0.2462768852710724,0.9712037444114685,0.48024803400039673,0.8837424516677856,0.007769654039293528,0.9886390566825867,0.3443426191806793,0.8831356763839722,-0.006994339637458324,0.992221474647522,0.46908673644065857,1.2414915561676025,-0.0591660812497139,0.27725350856781006,0.3404662609100342,1.22684907913208,-0.06116234138607979,0.28892838954925537,0.47890162467956543,1.5466351509094238,0.33095771074295044,0.01834837533533573,0.351449579000473,1.547850251197815,0.1876230388879776,0.03060762584209442,0.4791378080844879,1.5832582712173462,0.3592354953289032,0.01588728465139866,0.34952378273010254,1.5881080627441406,0.20490877330303192,0.020890388637781143,0.4683395028114319,1.6556038856506348,0.11852540820837021,0.010096113197505474,0.36984536051750183,1.6536271572113037,-0.08800164610147476,0.015409432351589203
2026-04-30T18:47:07.691729,155,0.42791327834129333,0.23092645406723022,-0.5134752988815308,0.999617874622345,0.43872103095054626,0.20219315588474274,-0.48295482993125916,0.9992985129356384,0.4449998438358307,0.20252585411071777,-0.48308902978897095,0.9993003606796265,0.4512319564819336,0.2034497708082199,-0.48327070474624634,0.9992398023605347,0.41662830114364624,0.201947882771492,-0.49279212951660156,0.999387800693512,0.4080161452293396,0.20185065269470215,-0.4926866888999939,0.9994295835494995,0.40020766854286194,0.20217806100845337,-0.49289670586586,0.9994531273841858,0.45958858728408813,0.21920941770076752,-0.24408724904060364,0.9990230202674866,0.38288623094558716,0.21703383326530457,-0.2862345576286316,0.9995559453964233,0.4396107792854309,0.26216742396354675,-0.41893354058265686,0.9997588396072388,0.41079697012901306,0.2590172588825226,-0.4307848811149597,0.9997912645339966,0.5226304531097412,0.41364678740501404,-0.0796966478228569,0.9996857047080994,0.3123209476470947,0.41482532024383545,-0.15611349046230316,0.9998685121536255,0.5310611724853516,0.6366189122200012,0.04773299768567085,0.951479971408844,0.2873814105987549,0.6630715131759644,-0.06213779374957085,0.9959585070610046,0.5418513417243958,0.8676466345787048,-0.17269018292427063,0.907667338848114,0.2654823958873749,0.8899872303009033,-0.23290331661701202,0.9862463474273682,0.5564550161361694,0.9337335228919983,-0.23277001082897186,0.8663725852966309,0.2534884512424469,0.9534400701522827,-0.29339057207107544,0.9688272476196289,0.5480889081954956,0.9347966313362122,-0.31230199337005615,0.8820919394493103,0.2663843035697937,0.9548482894897461,-0.35560086369514465,0.9729081392288208,0.5384950637817383,0.9177840948104858,-0.2105216681957245,0.8846210241317749,0.27485206723213196,0.9370259642601013,-0.2610650360584259,0.9698798656463623,0.479729562997818,0.8837572336196899,0.00682613393291831,0.9883671998977661,0.34363502264022827,0.8827945590019226,-0.0060176607221364975,0.9919393658638,0.4685324728488922,1.2409571409225464,-0.050141025334596634,0.2732320725917816,0.3389471173286438,1.224094271659851,-0.045436494052410126,0.2827436029911041,0.47796040773391724,1.5462170839309692,0.34907063841819763,0.018313869833946228,0.35001492500305176,1.5440243482589722,0.23153743147850037,0.029879311099648476,0.47805604338645935,1.5831423997879028,0.3771768808364868,0.01598987728357315,0.34831342101097107,1.5849634408950806,0.25068020820617676,0.02071871981024742,0.4671443998813629,1.6541717052459717,0.12412897497415543,0.010035957209765911,0.3677918016910553,1.6477890014648438,-0.0546935573220253,0.015065361745655537
2026-04-30T18:47:07.810437,156,0.4279078543186188,0.23088377714157104,-0.5104011297225952,0.9996233582496643,0.4386466145515442,0.20219683647155762,-0.48208561539649963,0.9993111491203308,0.4448928236961365,0.20249025523662567,-0.48216238617897034,0.999312698841095,0.45103272795677185,0.20336967706680298,-0.48236265778541565,0.9992548227310181,0.41656407713890076,0.20196707546710968,-0.4886934161186218,0.9993982315063477,0.4079621434211731,0.20186395943164825,-0.48851197957992554,0.9994375705718994,0.40014997124671936,0.20220841467380524,-0.48865455389022827,0.9994613528251648,0.45870256423950195,0.21900714933872223,-0.23502707481384277,0.9990441203117371,0.3826872706413269,0.2170572578907013,-0.26878622174263,0.9995620846748352,0.43952664732933044,0.2619815766811371,-0.4180627763271332,0.9997634887695312,0.4107448160648346,0.2589578330516815,-0.4263018071651459,0.9997947216033936,0.522156834602356,0.4132798910140991,-0.07460268586874008,0.9996968507766724,0.31216877698898315,0.4152870178222656,-0.14050357043743134,0.9998717904090881,0.5303642153739929,0.6363047361373901,0.0580056793987751,0.9519363641738892,0.2873818576335907,0.6630303859710693,-0.0449516661465168,0.9959251284599304,0.5418457984924316,0.8674558401107788,-0.15490497648715973,0.905971109867096,0.26546406745910645,0.8900023698806763,-0.21266701817512512,0.9859743714332581,0.5564690828323364,0.9336704015731812,-0.21336588263511658,0.8646788597106934,0.25349166989326477,0.9534021019935608,-0.2708434462547302,0.9682894349098206,0.548142671585083,0.9347056150436401,-0.29044294357299805,0.8809378743171692,0.2663906216621399,0.9548174142837524,-0.3330177664756775,0.9724826812744141,0.538566529750824,0.917686402797699,-0.19176164269447327,0.8833064436912537,0.2748555541038513,0.9370241165161133,-0.2406013011932373,0.9693850874900818,0.47942787408828735,0.8832384943962097,0.005640190094709396,0.9877336621284485,0.343306303024292,0.8821544647216797,-0.004811735823750496,0.9915047883987427,0.4683893322944641,1.2405643463134766,-0.06053426116704941,0.26517173647880554,0.33896228671073914,1.2236974239349365,-0.06343637406826019,0.27528756856918335,0.4775680601596832,1.546288013458252,0.32235878705978394,0.017796145752072334,0.34999313950538635,1.5440394878387451,0.1748366355895996,0.028727447614073753,0.47774991393089294,1.5832443237304688,0.34926921129226685,0.015583512373268604,0.34826767444610596,1.5850481986999512,0.19035086035728455,0.020076576620340347,0.46652132272720337,1.6541767120361328,0.10147221386432648,0.00975395180284977,0.36773917078971863,1.6477922201156616,-0.11011537164449692,0.014535769820213318
2026-04-30T18:47:07.919671,157,0.42865222692489624,0.23165906965732574,-0.4939884543418884,0.9996294975280762,0.43883466720581055,0.20297381281852722,-0.46626386046409607,0.9993267059326172,0.44495731592178345,0.2031688541173935,-0.4663553237915039,0.9993279576301575,0.4510422348976135,0.20391623675823212,-0.4665432572364807,0.9992720484733582,0.4169944226741791,0.2029559314250946,-0.4714292883872986,0.9994101524353027,0.4082474708557129,0.20284117758274078,-0.47129979729652405,0.9994467496871948,0.4003683030605316,0.20320647954940796,-0.4714871942996979,0.9994695782661438,0.45819634199142456,0.21912917494773865,-0.2330140769481659,0.999071478843689,0.382659375667572,0.2177233248949051,-0.26337096095085144,0.9995691776275635,0.4397520124912262,0.2625160813331604,-0.4053962826728821,0.9997693300247192,0.41113075613975525,0.25976863503456116,-0.41148918867111206,0.9997991323471069,0.5218353867530823,0.41328686475753784,-0.07355587929487228,0.9997042417526245,0.31184497475624084,0.4166272282600403,-0.1424945741891861,0.9998713135719299,0.5299318432807922,0.6366724371910095,0.061815399676561356,0.9521090388298035,0.28737419843673706,0.6633434295654297,-0.05958316847681999,0.9958924055099487,0.5415641069412231,0.8673583269119263,-0.14655561745166779,0.9067562818527222,0.2654514014720917,0.8906678557395935,-0.23204389214515686,0.9858829975128174,0.555986762046814,0.933586835861206,-0.2057001143693924,0.8658064603805542,0.25352784991264343,0.9537931680679321,-0.29314157366752625,0.9681908488273621,0.5477918982505798,0.9346363544464111,-0.28340932726860046,0.8820108771324158,0.26640981435775757,0.9552695155143738,-0.3536885976791382,0.9723905920982361,0.5382932424545288,0.9175997972488403,-0.18366171419620514,0.8843037486076355,0.2748614549636841,0.9376909136772156,-0.2596321702003479,0.9692643880844116,0.4791948199272156,0.883407711982727,0.005822085775434971,0.9879101514816284,0.3430108428001404,0.8822870850563049,-0.004985014908015728,0.9915852546691895,0.4683918356895447,1.240688443183899,-0.06374312937259674,0.26803824305534363,0.3392837345600128,1.224274754524231,-0.06848539412021637,0.27644476294517517,0.4778875410556793,1.5463320016860962,0.3261844217777252,0.018087873235344887,0.350543349981308,1.5445162057876587,0.17995378375053406,0.028842568397521973,0.4780455231666565,1.5832456350326538,0.3534683287143707,0.015938550233840942,0.3488255739212036,1.5855146646499634,0.19682100415229797,0.020196719095110893,0.46733585000038147,1.6542892456054688,0.107956662774086,0.009919666685163975,0.36815178394317627,1.6482456922531128,-0.10019749402999878,0.014591981656849384
2026-04-30T18:47:08.031854,158,0.429238498210907,0.23265507817268372,-0.4890068471431732,0.999631941318512,0.43907609581947327,0.2042035162448883,-0.45975303649902344,0.9993346929550171,0.4451020359992981,0.20439013838768005,-0.4598143994808197,0.9993349313735962,0.45113787055015564,0.2050345093011856,-0.45995497703552246,0.9992802739143372,0.4174615442752838,0.20408563315868378,-0.46980181336402893,0.9994176030158997,0.40858083963394165,0.2038286328315735,-0.46969717741012573,0.9994528293609619,0.4007085859775543,0.20408248901367188,-0.4698701798915863,0.99947589635849,0.4579808712005615,0.2195315659046173,-0.22405627369880676,0.9990824460983276,0.38274914026260376,0.21806523203849792,-0.2601029872894287,0.9995758533477783,0.43994754552841187,0.26306334137916565,-0.3993147909641266,0.9997724890708923,0.4115460515022278,0.2601635456085205,-0.4107566475868225,0.9998025298118591,0.521684467792511,0.4132906496524811,-0.07309816032648087,0.9997124075889587,0.31176647543907166,0.41663122177124023,-0.14195296168327332,0.9998739361763,0.5299201011657715,0.6374550461769104,0.0653717964887619,0.9522645473480225,0.2871819734573364,0.6635090112686157,-0.05961216241121292,0.9959293603897095,0.5414811372756958,0.8672438859939575,-0.14923372864723206,0.9062096476554871,0.26539450883865356,0.8908061981201172,-0.23163583874702454,0.9857843518257141,0.555626392364502,0.933527410030365,-0.20806288719177246,0.8653509616851807,0.2535068988800049,0.9538384079933167,-0.2916397750377655,0.9679429531097412,0.5473330616950989,0.9345801472663879,-0.2849184274673462,0.8818327188491821,0.2663938105106354,0.9552693963050842,-0.35184869170188904,0.9721990823745728,0.5379891395568848,0.9175258874893188,-0.18613885343074799,0.8839349746704102,0.27485090494155884,0.9377328753471375,-0.2594496011734009,0.9690226316452026,0.47919121384620667,0.8831943273544312,0.005625547841191292,0.9874348640441895,0.3430216908454895,0.8822748064994812,-0.0047868830151855946,0.9912703633308411,0.46834641695022583,1.2406861782073975,-0.06363607943058014,0.26350611448287964,0.33920973539352417,1.224323034286499,-0.07101436704397202,0.27175042033195496,0.4774649143218994,1.5472362041473389,0.32279276847839355,0.017858609557151794,0.3499285578727722,1.5450894832611084,0.1663968712091446,0.028159020468592644,0.47765612602233887,1.5843597650527954,0.3498910963535309,0.015826422721147537,0.3480345606803894,1.5860837697982788,0.18212810158729553,0.019897302612662315,0.46666327118873596,1.6551300287246704,0.1070168986916542,0.009800219908356667,0.367662250995636,1.6490767002105713,-0.11361545324325562,0.014273475855588913
2026-04-30T18:47:08.137214,159,0.4292350709438324,0.23294593393802643,-0.5104166269302368,0.9996309280395508,0.4390706419944763,0.20457741618156433,-0.478703111410141,0.9993339776992798,0.44508108496665955,0.20477041602134705,-0.4788324236869812,0.9993385076522827,0.4510825574398041,0.20540672540664673,-0.47900447249412537,0.9992815852165222,0.41747206449508667,0.2044202983379364,-0.48804759979248047,0.9994117617607117,0.40859919786453247,0.20412582159042358,-0.48794546723365784,0.999448835849762,0.4007495045661926,0.20434258878231049,-0.4881446957588196,0.9994680881500244,0.45748624205589294,0.21972671151161194,-0.23685041069984436,0.9990936517715454,0.3827597498893738,0.21818633377552032,-0.2748106122016907,0.9995693564414978,0.43990620970726013,0.26325222849845886,-0.41595035791397095,0.9997738003730774,0.4115420877933502,0.2602740228176117,-0.4271591305732727,0.999801516532898,0.5214423537254333,0.41294583678245544,-0.0744381994009018,0.9997225999832153,0.3116684556007385,0.4166405498981476,-0.14414313435554504,0.9998741745948792,0.5301387310028076,0.6365196108818054,0.05559367686510086,0.9538269639015198,0.2872135639190674,0.6633746027946472,-0.05911186337471008,0.9958659410476685,0.5414935946464539,0.8661510944366455,-0.17721085250377655,0.9074336290359497,0.2655174732208252,0.8903657793998718,-0.24300594627857208,0.9855688810348511,0.5555602312088013,0.9332278370857239,-0.24139580130577087,0.866453230381012,0.25373974442481995,0.9532300233840942,-0.3086013197898865,0.9676198363304138,0.5473340749740601,0.9342935085296631,-0.323037326335907,0.8830505609512329,0.266463965177536,0.9544694423675537,-0.37270453572273254,0.9719753861427307,0.5380194783210754,0.9170944690704346,-0.2164575308561325,0.8850278854370117,0.2748921811580658,0.9372081756591797,-0.27265244722366333,0.9687314033508301,0.47911015152931213,0.8828758597373962,0.005107773933559656,0.9872742295265198,0.34281253814697266,0.8809533715248108,-0.004205093719065189,0.9910473823547363,0.46834903955459595,1.2407654523849487,-0.077580027282238,0.26057544350624084,0.33890828490257263,1.224263072013855,-0.07734783738851547,0.26808539032936096,0.47747373580932617,1.5477166175842285,0.324645459651947,0.017553435638546944,0.34996306896209717,1.545223355293274,0.16882559657096863,0.027343837544322014,0.477668434381485,1.5851341485977173,0.35288795828819275,0.01565837860107422,0.34814366698265076,1.5863407850265503,0.1847865879535675,0.019488198682665825,0.4666810631752014,1.6552599668502808,0.10064291954040527,0.009667747654020786,0.3678390085697174,1.6491858959197998,-0.12113118171691895,0.013877006247639656
2026-04-30T18:47:08.243775,160,0.42925959825515747,0.233114093542099,-0.4726383090019226,0.9996424913406372,0.439075767993927,0.20483189821243286,-0.44155439734458923,0.9993546009063721,0.4450802206993103,0.20499300956726074,-0.4416630268096924,0.9993593692779541,0.45106858015060425,0.20559562742710114,-0.4417784810066223,0.9993040561676025,0.4174964427947998,0.2047787457704544,-0.45181697607040405,0.9994304180145264,0.40862035751342773,0.20449747145175934,-0.45170506834983826,0.999466061592102,0.4007740914821625,0.20473523437976837,-0.45187264680862427,0.9994840025901794,0.4572997987270355,0.21992847323417664,-0.2125140130519867,0.9991254210472107,0.3827670216560364,0.21856078505516052,-0.25604957342147827,0.9995819926261902,0.4399077892303467,0.2633928060531616,-0.3832482695579529,0.9997807145118713,0.41154003143310547,0.26046624779701233,-0.39598536491394043,0.9998071789741516,0.5212699770927429,0.41326284408569336,-0.0595470666885376,0.9997310638427734,0.31167080998420715,0.416920006275177,-0.1393292397260666,0.9998763203620911,0.5301249027252197,0.6367010474205017,0.06649654358625412,0.9548909068107605,0.2872052788734436,0.6633363366127014,-0.05904242396354675,0.995895266532898,0.541922390460968,0.8661026358604431,-0.1501142680644989,0.9089769124984741,0.2655746042728424,0.8896893858909607,-0.2426327019929886,0.9856540560722351,0.5557434558868408,0.9331896305084229,-0.2105998992919922,0.868331789970398,0.2538875937461853,0.9531472325325012,-0.30829769372940063,0.9678270816802979,0.5473442077636719,0.9342472553253174,-0.2894154489040375,0.8847770094871521,0.266557514667511,0.9544183015823364,-0.36947187781333923,0.9721383452415466,0.5380527377128601,0.9170387387275696,-0.1880832016468048,0.8867111206054688,0.27496469020843506,0.9371477961540222,-0.27169734239578247,0.968889594078064,0.4790921211242676,0.882158637046814,0.005121387075632811,0.9874085783958435,0.34279924631118774,0.8806068301200867,-0.004217912908643484,0.9911331534385681,0.468087762594223,1.2404948472976685,-0.07594761997461319,0.26232174038887024,0.33891376852989197,1.2241237163543701,-0.08102233707904816,0.2702644169330597,0.4769112169742584,1.5476924180984497,0.318148672580719,0.01759709231555462,0.3495108187198639,1.5454083681106567,0.1536119282245636,0.027360990643501282,0.4770291745662689,1.5850824117660522,0.34570056200027466,0.015792837366461754,0.3475850224494934,1.5865705013275146,0.1685757040977478,0.019467290490865707,0.4662635326385498,1.6552611589431763,0.10042579472064972,0.009751974605023861,0.3670285940170288,1.6495035886764526,-0.12942227721214294,0.013919093646109104
2026-04-30T18:47:08.350022,161,0.42901110649108887,0.2337081879377365,-0.47243791818618774,0.999652624130249,0.4389510750770569,0.20553644001483917,-0.4421244263648987,0.9993739724159241,0.44497808814048767,0.20572131872177124,-0.4422287940979004,0.9993790984153748,0.45093196630477905,0.20631928741931915,-0.4423525929450989,0.9993259310722351,0.4173274636268616,0.20545564591884613,-0.4512791037559509,0.9994472861289978,0.4085273742675781,0.2051161378622055,-0.4511658251285553,0.999480664730072,0.40070605278015137,0.2053319811820984,-0.4513428211212158,0.9994979500770569,0.45724591612815857,0.22061899304389954,-0.2155284881591797,0.9991554021835327,0.38276487588882446,0.21913141012191772,-0.25531506538391113,0.9995923638343811,0.43981537222862244,0.26390379667282104,-0.38346147537231445,0.9997879266738892,0.4114067554473877,0.2608889937400818,-0.39493489265441895,0.9998130798339844,0.5212630033493042,0.41357508301734924,-0.0662379115819931,0.999740481376648,0.311690092086792,0.41702142357826233,-0.13294118642807007,0.9998798966407776,0.5300848484039307,0.6367334127426147,0.05604162812232971,0.9564766883850098,0.2871679961681366,0.6626082062721252,-0.04256625473499298,0.9958701729774475,0.5416387319564819,0.8660600185394287,-0.16195091605186462,0.9109690189361572,0.2655981481075287,0.8896033763885498,-0.2193397581577301,0.9856299757957458,0.555221676826477,0.9331703186035156,-0.2230244129896164,0.8707617521286011,0.2539544999599457,0.9532395005226135,-0.28009122610092163,0.9678469300270081,0.546954333782196,0.9342294335365295,-0.30008465051651,0.8869674205780029,0.26657482981681824,0.9545679092407227,-0.34312376379966736,0.9721595644950867,0.5377155542373657,0.9170137643814087,-0.19886991381645203,0.8888196349143982,0.27497097849845886,0.9371883273124695,-0.2485322654247284,0.9689385294914246,0.4790290892124176,0.8816933035850525,0.004446490202099085,0.9874410629272461,0.3427513539791107,0.8802744746208191,-0.003550174180418253,0.9911609292030334,0.46768730878829956,1.2400351762771606,-0.07504918426275253,0.25857415795326233,0.33848580718040466,1.2219066619873047,-0.0800337865948677,0.2656082510948181,0.47580045461654663,1.5474387407302856,0.31405964493751526,0.017211731523275375,0.3486080467700958,1.5437159538269043,0.15705887973308563,0.026486948132514954,0.4758504033088684,1.5847837924957275,0.34134960174560547,0.01558284368366003,0.3468129634857178,1.5850051641464233,0.17234976589679718,0.01899014413356781,0.46436572074890137,1.65473473072052,0.09449370205402374,0.009551490657031536,0.3655543327331543,1.6466933488845825,-0.12484142929315567,0.013475320301949978
2026-04-30T18:47:08.460805,162,0.42900651693344116,0.23425458371639252,-0.4649219512939453,0.9996540546417236,0.43894749879837036,0.20608022809028625,-0.4351747930049896,0.999376118183136,0.4449661374092102,0.20630234479904175,-0.4352869987487793,0.9993812441825867,0.45090579986572266,0.20690065622329712,-0.43539556860923767,0.99932861328125,0.4173390865325928,0.2059200406074524,-0.44330692291259766,0.9994484186172485,0.4085487425327301,0.20552819967269897,-0.4432050287723541,0.9994811415672302,0.4007367193698883,0.20570892095565796,-0.4433959424495697,0.9994983673095703,0.45715540647506714,0.22106800973415375,-0.21129369735717773,0.9991593956947327,0.3827764093875885,0.21938464045524597,-0.2467840164899826,0.9995917081832886,0.43979549407958984,0.2644098103046417,-0.37686097621917725,0.9997894763946533,0.4113938808441162,0.2612653374671936,-0.38701915740966797,0.9998141527175903,0.5212475061416626,0.4137854278087616,-0.06477715075016022,0.9997463226318359,0.3116287589073181,0.41702041029930115,-0.12879379093647003,0.9998811483383179,0.5300747752189636,0.6381970047950745,0.05851595848798752,0.9572716951370239,0.2871188521385193,0.6626490950584412,-0.04221980273723602,0.995841383934021,0.541689932346344,0.8663622140884399,-0.15778616070747375,0.9128150939941406,0.2656615972518921,0.8895935416221619,-0.2167571783065796,0.9856268167495728,0.5552375316619873,0.9336574673652649,-0.21852700412273407,0.8732824921607971,0.25401920080184937,0.9532195925712585,-0.2772422730922699,0.9679347276687622,0.5469186902046204,0.9346056580543518,-0.2954035997390747,0.8892170786857605,0.2665666341781616,0.954562783241272,-0.33965665102005005,0.9722349643707275,0.537692666053772,0.9174253940582275,-0.19458940625190735,0.8908888101577759,0.2749667763710022,0.9371859431266785,-0.2454654425382614,0.9690110087394714,0.47897806763648987,0.8816584944725037,0.004404512234032154,0.9875437021255493,0.34260323643684387,0.8803632259368896,-0.003512885421514511,0.9912323355674744,0.4669465124607086,1.2400788068771362,-0.07497286796569824,0.2604452073574066,0.3379884660243988,1.2219575643539429,-0.08008522540330887,0.2670019268989563,0.47492584586143494,1.5474352836608887,0.31621313095092773,0.017299382016062737,0.3478838801383972,1.5437465906143188,0.16108602285385132,0.02643660269677639,0.47493165731430054,1.5847671031951904,0.343300998210907,0.015726543962955475,0.34608039259910583,1.5850250720977783,0.1769224852323532,0.018984714522957802,0.463636577129364,1.6547361612319946,0.09713108092546463,0.009620836935937405,0.3651255965232849,1.6468008756637573,-0.12054529041051865,0.013462469913065434
2026-04-30T18:47:08.569091,163,0.4285215735435486,0.234200581908226,-0.46334943175315857,0.9996585249900818,0.4387059807777405,0.20601199567317963,-0.4337073266506195,0.9993847012519836,0.44479140639305115,0.2062472701072693,-0.43382686376571655,0.9993890523910522,0.45070838928222656,0.20688296854496002,-0.43394431471824646,0.9993381500244141,0.4168670177459717,0.20585553348064423,-0.44083523750305176,0.9994551539421082,0.4081803858280182,0.20548729598522186,-0.4407336115837097,0.9994862079620361,0.40031832456588745,0.20567594468593597,-0.4409332871437073,0.9995041489601135,0.4571717381477356,0.22118738293647766,-0.21060152351856232,0.9991685748100281,0.38226085901260376,0.21939563751220703,-0.24016094207763672,0.9995951056480408,0.43960052728652954,0.2644065022468567,-0.3756639063358307,0.9997931122779846,0.4109867513179779,0.26126930117607117,-0.3842924237251282,0.9998173117637634,0.521346390247345,0.41381868720054626,-0.06336032599210739,0.9997512698173523,0.3116057515144348,0.4171869158744812,-0.12382270395755768,0.9998825192451477,0.5297876596450806,0.6382023096084595,0.05591580271720886,0.9582093954086304,0.2870948910713196,0.6624928712844849,-0.03801146522164345,0.9958305954933167,0.5413223505020142,0.8677104115486145,-0.16236424446105957,0.9138843417167664,0.2656703591346741,0.8894277811050415,-0.2113347351551056,0.9856299161911011,0.5550206899642944,0.9347552061080933,-0.2236301451921463,0.8745542764663696,0.25402727723121643,0.9530877470970154,-0.2720634341239929,0.9679170846939087,0.546593427658081,0.9357173442840576,-0.29922181367874146,0.8903304934501648,0.26655691862106323,0.9543759226799011,-0.3339083790779114,0.9722212553024292,0.5373233556747437,0.9187979102134705,-0.19850653409957886,0.8920727372169495,0.27497056126594543,0.93701171875,-0.23960526287555695,0.9690208435058594,0.478924423456192,0.8823703527450562,0.0038623339496552944,0.9877967238426208,0.34241917729377747,0.8806117177009583,-0.003001709934324026,0.9913588762283325,0.4668908715248108,1.2401258945465088,-0.07451073080301285,0.2562483847141266,0.3369179666042328,1.2219959497451782,-0.06348071992397308,0.2619285583496094,0.47493553161621094,1.5473811626434326,0.33662542700767517,0.016925321891903877,0.34757643938064575,1.5433756113052368,0.2123878300189972,0.025740616023540497,0.47494974732398987,1.5845868587493896,0.3679134249687195,0.015439423732459545,0.3458867371082306,1.584244966506958,0.2328885793685913,0.018652983009815216,0.4633154273033142,1.6547437906265259,0.12272009998559952,0.009371951222419739,0.3651389479637146,1.6467140913009644,-0.061808228492736816,0.01309110876172781
2026-04-30T18:47:08.675019,164,0.42829418182373047,0.23449483513832092,-0.4511222839355469,0.9996537566184998,0.4384860098361969,0.20625701546669006,-0.422537237405777,0.9993717074394226,0.4446018636226654,0.20649538934230804,-0.422685444355011,0.9993792176246643,0.4504965841770172,0.2071366012096405,-0.42278242111206055,0.9993259906768799,0.4166664481163025,0.20609907805919647,-0.4278121888637543,0.9994444251060486,0.40805530548095703,0.20572258532047272,-0.42772620916366577,0.9994772672653198,0.4002123475074768,0.2059130221605301,-0.4279401898384094,0.9994946122169495,0.457105815410614,0.22151926159858704,-0.20641663670539856,0.9991523623466492,0.3822189271450043,0.21962009370326996,-0.22831475734710693,0.9995870590209961,0.4394747316837311,0.2647431790828705,-0.36610865592956543,0.9997879862785339,0.4108619689941406,0.2615116238594055,-0.37233877182006836,0.9998123049736023,0.5214335918426514,0.4138515591621399,-0.06246303766965866,0.999751627445221,0.31159114837646484,0.41725823283195496,-0.11464885622262955,0.9998822212219238,0.5298332571983337,0.6380917429924011,0.04905157536268234,0.9590200185775757,0.2870651185512543,0.6614629030227661,-0.034606631845235825,0.9958707690238953,0.5411301851272583,0.8676489591598511,-0.17040781676769257,0.9162740111351013,0.2655222415924072,0.886963963508606,-0.20800049602985382,0.985932469367981,0.5547024607658386,0.934726357460022,-0.23273858428001404,0.8778900504112244,0.2533327043056488,0.9514944553375244,-0.2695237398147583,0.9685796499252319,0.5461288690567017,0.9356992244720459,-0.30703961849212646,0.8931511640548706,0.26553642749786377,0.9525753259658813,-0.3315584063529968,0.9727917313575745,0.5369136333465576,0.9187508225440979,-0.20618943870067596,0.8949032425880432,0.2741844952106476,0.9355018734931946,-0.2367466688156128,0.9696831107139587,0.4793146550655365,0.8815739750862122,0.0028985231183469296,0.988121509552002,0.34266096353530884,0.8801267147064209,-0.0020518663804978132,0.9916157722473145,0.46721893548965454,1.2393804788589478,-0.06324461847543716,0.2593989968299866,0.33724236488342285,1.221992015838623,-0.06232486292719841,0.26662588119506836,0.475851446390152,1.547303318977356,0.33468350768089294,0.01688225381076336,0.3479510247707367,1.5435786247253418,0.19696173071861267,0.025649070739746094,0.4762566089630127,1.5845630168914795,0.3642003536224365,0.01537884771823883,0.3463922142982483,1.5844656229019165,0.21401181817054749,0.01862950064241886,0.46396106481552124,1.654516339302063,0.12022954225540161,0.0093059241771698,0.3654889762401581,1.6470048427581787,-0.07295390963554382,0.012942302972078323
2026-04-30T18:47:08.784122,165,0.42802292108535767,0.23450319468975067,-0.44882631301879883,0.9996532201766968,0.4384177327156067,0.20628291368484497,-0.4202982485294342,0.9993696808815002,0.4445587694644928,0.20653268694877625,-0.4204455316066742,0.9993776679039001,0.45046815276145935,0.20719237625598907,-0.4205392301082611,0.9993237257003784,0.41660767793655396,0.20611445605754852,-0.42568904161453247,0.9994434118270874,0.40803009271621704,0.20574542880058289,-0.4256008565425873,0.9994763135910034,0.40020281076431274,0.20594285428524017,-0.42581138014793396,0.9994937777519226,0.457161009311676,0.2216927856206894,-0.2054820954799652,0.9991478323936462,0.38229572772979736,0.21966883540153503,-0.2276524007320404,0.999583899974823,0.43927454948425293,0.26479828357696533,-0.36410239338874817,0.999785840511322,0.41068321466445923,0.2615204453468323,-0.3704802095890045,0.9998108148574829,0.5215795040130615,0.4141841232776642,-0.06178094819188118,0.9997509717941284,0.31155356764793396,0.41723597049713135,-0.114287830889225,0.999881386756897,0.5298691987991333,0.6380580067634583,0.05137268826365471,0.9600846171379089,0.28696078062057495,0.6614498496055603,-0.035743389278650284,0.9958675503730774,0.5407187938690186,0.8676224946975708,-0.169990673661232,0.9192044734954834,0.26542720198631287,0.8869625926017761,-0.20883214473724365,0.9861948490142822,0.5541702508926392,0.9347068071365356,-0.23161795735359192,0.8816609978675842,0.2529847323894501,0.9514014720916748,-0.2700916826725006,0.969208836555481,0.5452806353569031,0.9354974031448364,-0.3046458661556244,0.8962962627410889,0.26496052742004395,0.9525327086448669,-0.331930935382843,0.9733124375343323,0.5360963344573975,0.9186772704124451,-0.2042950838804245,0.8980679512023926,0.27367010712623596,0.9354674816131592,-0.2373802214860916,0.9702755212783813,0.4792841076850891,0.8814303874969482,0.0029126759618520737,0.9886271357536316,0.34262508153915405,0.8801231980323792,-0.002069777576252818,0.991976261138916,0.467029869556427,1.239377498626709,-0.06317104399204254,0.2650141417980194,0.3372464179992676,1.222009539604187,-0.06272568553686142,0.27249324321746826,0.475735604763031,1.547076940536499,0.3360927999019623,0.01702052541077137,0.34780412912368774,1.5436151027679443,0.1944083571434021,0.02594560571014881,0.4761033058166504,1.5841914415359497,0.3658706843852997,0.015610426664352417,0.3462523818016052,1.584505558013916,0.2114706039428711,0.018795808777213097,0.46385446190834045,1.654453158378601,0.1265089064836502,0.009403867647051811,0.36510756611824036,1.6470882892608643,-0.0769927129149437,0.01299755647778511
2026-04-30T18:47:08.889059,166,0.4280165731906891,0.23450785875320435,-0.4519002437591553,0.9996435642242432,0.4384154677391052,0.20628385245800018,-0.4221630096435547,0.9993509650230408,0.44455546140670776,0.20653897523880005,-0.42232823371887207,0.9993591904640198,0.4504658281803131,0.2072027176618576,-0.4224177300930023,0.9993042945861816,0.4166138172149658,0.2060949206352234,-0.4279530942440033,0.999426007270813,0.40803638100624084,0.20573385059833527,-0.42789196968078613,0.999459981918335,0.4002107083797455,0.20592950284481049,-0.42811092734336853,0.9994785189628601,0.4572085440158844,0.22179022431373596,-0.20536091923713684,0.9991224408149719,0.3822978436946869,0.2196802794933319,-0.228292778134346,0.9995670318603516,0.4392696022987366,0.2648783028125763,-0.3655368983745575,0.9997791051864624,0.4106716215610504,0.2615888714790344,-0.37261706590652466,0.9998039603233337,0.52140873670578,0.4140431582927704,-0.05983515456318855,0.999747633934021,0.3115263283252716,0.4171176552772522,-0.11501576751470566,0.9998771548271179,0.5298494100570679,0.6376442313194275,0.056682080030441284,0.9608986377716064,0.28687816858291626,0.6614665389060974,-0.0346134752035141,0.9958662390708923,0.5407221913337708,0.867585301399231,-0.16220839321613312,0.9215876460075378,0.2653203010559082,0.8868865370750427,-0.20822063088417053,0.9863564372062683,0.5542661547660828,0.9346510767936707,-0.22324924170970917,0.8846989274024963,0.2529902458190918,0.951195478439331,-0.2696661651134491,0.9696061015129089,0.5453676581382751,0.9353882074356079,-0.298064261674881,0.8988307118415833,0.26496437191963196,0.9523094296455383,-0.33094364404678345,0.9736472368240356,0.5361766219139099,0.9185685515403748,-0.1971893459558487,0.9005671143531799,0.2736428678035736,0.9352654218673706,-0.23647694289684296,0.970639169216156,0.47943052649497986,0.8808184862136841,0.0028351398650556803,0.9890030026435852,0.34261322021484375,0.8799580931663513,-0.0019958915654569864,0.9922279715538025,0.46700888872146606,1.239412546157837,-0.07675884664058685,0.27293550968170166,0.33708658814430237,1.2220593690872192,-0.07541666179895401,0.2811807692050934,0.47573933005332947,1.546861171722412,0.33616992831230164,0.017360303550958633,0.34782254695892334,1.5436930656433105,0.18811839818954468,0.02673814259469509,0.4760974049568176,1.5838029384613037,0.36647140979766846,0.01597866602241993,0.346324622631073,1.5845202207565308,0.20587222278118134,0.019373029470443726,0.46422943472862244,1.6543651819229126,0.12649516761302948,0.00963306613266468,0.36524754762649536,1.647508978843689,-0.08644765615463257,0.013346281833946705
2026-04-30T18:47:09.000542,167,0.4275224208831787,0.23415933549404144,-0.4485331177711487,0.9996468424797058,0.43822112679481506,0.20598416030406952,-0.41973504424095154,0.9993554353713989,0.44443678855895996,0.20627793669700623,-0.41989749670028687,0.9993641972541809,0.45038923621177673,0.20703084766864777,-0.41998711228370667,0.9993084669113159,0.4163753390312195,0.20570336282253265,-0.42519259452819824,0.9994308352470398,0.40789538621902466,0.205376997590065,-0.4251192510128021,0.9994646310806274,0.4001295566558838,0.20555958151817322,-0.42533236742019653,0.9994832277297974,0.4572695195674896,0.22180618345737457,-0.20531411468982697,0.9991263747215271,0.3823225200176239,0.21942614018917084,-0.2279740273952484,0.9995701909065247,0.4389699101448059,0.2646471858024597,-0.3636546730995178,0.9997797012329102,0.4103550314903259,0.26121407747268677,-0.3702792525291443,0.9998055100440979,0.5214070677757263,0.4139002561569214,-0.06147420406341553,0.9997483491897583,0.3115176558494568,0.4170021414756775,-0.11568325757980347,0.9998775124549866,0.5298459529876709,0.6368255019187927,0.05077309533953667,0.9617055654525757,0.2864164412021637,0.6614711880683899,-0.03676309436559677,0.9958811402320862,0.5406408309936523,0.8676573038101196,-0.16242089867591858,0.9242677092552185,0.2651941478252411,0.8868902325630188,-0.20983688533306122,0.9866917133331299,0.5541883111000061,0.9346322417259216,-0.22352950274944305,0.8883433938026428,0.2527315020561218,0.951193630695343,-0.2715762257575989,0.970384955406189,0.5453540086746216,0.9353696703910828,-0.2975194752216339,0.9018948078155518,0.2647158205509186,0.952305257320404,-0.3321843147277832,0.9743055701255798,0.5361803770065308,0.9185416102409363,-0.19717249274253845,0.9036471843719482,0.27342653274536133,0.9352468848228455,-0.23783278465270996,0.9713708162307739,0.4793885350227356,0.8808578252792358,0.0029175046365708113,0.9895309805870056,0.3424065411090851,0.8798694014549255,-0.0020971447229385376,0.992603063583374,0.4669685363769531,1.2391698360443115,-0.07384561002254486,0.2820861339569092,0.33720719814300537,1.222074270248413,-0.07325221598148346,0.29045793414115906,0.47610706090927124,1.545448660850525,0.3444586396217346,0.01768679916858673,0.3482767939567566,1.5435711145401,0.19104346632957458,0.027332790195941925,0.4765165448188782,1.5820320844650269,0.37609773874282837,0.01634863391518593,0.3468950092792511,1.5843181610107422,0.20953412353992462,0.01970522664487362,0.4647524356842041,1.6535075902938843,0.14308911561965942,0.009809588082134724,0.36567074060440063,1.647459864616394,-0.07596391439437866,0.013489793054759502
2026-04-30T18:47:09.110904,168,0.4271954894065857,0.23270146548748016,-0.4462079405784607,0.999638020992279,0.4380875527858734,0.20417438447475433,-0.4171348214149475,0.9993368983268738,0.4443605840206146,0.20451608300209045,-0.41731128096580505,0.9993447661399841,0.45032453536987305,0.20545688271522522,-0.41740092635154724,0.9992870092391968,0.41604477167129517,0.20401018857955933,-0.4234617352485657,0.999417245388031,0.4075876772403717,0.20394882559776306,-0.42339763045310974,0.9994515776634216,0.399801105260849,0.20428210496902466,-0.4236203730106354,0.99947190284729,0.45740193128585815,0.22145113348960876,-0.2031310796737671,0.9990928173065186,0.38208481669425964,0.21911798417568207,-0.22833195328712463,0.9995574951171875,0.4388449192047119,0.26387080550193787,-0.3614156246185303,0.9997696280479431,0.40993356704711914,0.2606177031993866,-0.3689468502998352,0.9997979402542114,0.5214054584503174,0.41390037536621094,-0.059086672961711884,0.9997351765632629,0.3114461302757263,0.4169754385948181,-0.11603806912899017,0.9998723864555359,0.5298823118209839,0.6363976001739502,0.05890200287103653,0.9610293507575989,0.2858527898788452,0.6621931195259094,-0.04082237556576729,0.9958693385124207,0.5406259298324585,0.8670409321784973,-0.14088523387908936,0.9254271984100342,0.2650386393070221,0.8881857395172119,-0.20968946814537048,0.9869176149368286,0.5542148351669312,0.9337616562843323,-0.19713231921195984,0.8898788094520569,0.25251445174217224,0.951529324054718,-0.2701728641986847,0.9708080887794495,0.5454611778259277,0.9344187378883362,-0.2697637677192688,0.9030540585517883,0.26461222767829895,0.9527784585952759,-0.32857441902160645,0.9746503829956055,0.5362516641616821,0.9174432158470154,-0.17471159994602203,0.9049804210662842,0.2733619809150696,0.9358484148979187,-0.23688407242298126,0.9717845320701599,0.4794089198112488,0.8809053301811218,0.003195087891072035,0.9900320172309875,0.3424015939235687,0.8803228139877319,-0.0024188135284930468,0.9929710030555725,0.4675823152065277,1.2390904426574707,-0.07357394695281982,0.28891468048095703,0.3387998640537262,1.2221609354019165,-0.06330274045467377,0.29552704095840454,0.4779350161552429,1.5419365167617798,0.3643224537372589,0.018076933920383453,0.3500942587852478,1.5427556037902832,0.2288045883178711,0.028208237141370773,0.478333055973053,1.5771225690841675,0.39915841817855835,0.01676887646317482,0.3488364815711975,1.5832641124725342,0.2515525817871094,0.020243313163518906,0.4667707085609436,1.6515889167785645,0.17171429097652435,0.010054688900709152,0.3672773241996765,1.6467792987823486,-0.02625839039683342,0.013875053264200687
2026-04-30T18:47:09.223226,169,0.4268767833709717,0.23210176825523376,-0.44182461500167847,0.9996381402015686,0.43786317110061646,0.20352403819561005,-0.4121595323085785,0.9993355870246887,0.44421568512916565,0.20383410155773163,-0.41233640909194946,0.9993431568145752,0.4502091407775879,0.2048228234052658,-0.41242045164108276,0.999284565448761,0.4157637655735016,0.20347703993320465,-0.41884249448776245,0.9994183778762817,0.40737539529800415,0.2035074383020401,-0.4187893867492676,0.9994538426399231,0.3996298909187317,0.20387758314609528,-0.41900911927223206,0.9994747638702393,0.45740795135498047,0.22129371762275696,-0.19760043919086456,0.9990869760513306,0.38206472992897034,0.21893292665481567,-0.22462157905101776,0.9995598196983337,0.4386909604072571,0.26341694593429565,-0.35716158151626587,0.9997676014900208,0.4097953736782074,0.26026108860969543,-0.36515265703201294,0.9997968077659607,0.521408200263977,0.4139164090156555,-0.0521695502102375,0.9997302889823914,0.3113710582256317,0.41675812005996704,-0.11611471325159073,0.9998716711997986,0.5304962396621704,0.6363775134086609,0.06700771301984787,0.9612921476364136,0.2857911288738251,0.6620422005653381,-0.04092235118150711,0.9959696531295776,0.5406938195228577,0.8667775988578796,-0.12841856479644775,0.9266011118888855,0.26501938700675964,0.8875788450241089,-0.20991182327270508,0.9873377084732056,0.5542441606521606,0.9334869980812073,-0.1846219152212143,0.8914424180984497,0.252446711063385,0.9508172273635864,-0.2703765332698822,0.9716490507125854,0.5454937219619751,0.9340003132820129,-0.25810033082962036,0.9043179154396057,0.264517605304718,0.9518435001373291,-0.32886654138565063,0.9753773212432861,0.536328911781311,0.9170021414756775,-0.1629038155078888,0.9063000082969666,0.27327078580856323,0.9352067708969116,-0.23708195984363556,0.9725832343101501,0.4794585704803467,0.880771279335022,0.0031926347874104977,0.9903680086135864,0.34252554178237915,0.8803759813308716,-0.0024183616042137146,0.9932382106781006,0.4676058292388916,1.2390053272247314,-0.06722906976938248,0.29436352849006653,0.3388691544532776,1.2224613428115845,-0.06355376541614532,0.3029806613922119,0.47793450951576233,1.5419679880142212,0.3603767156600952,0.018239326775074005,0.35009437799453735,1.5434504747390747,0.21838226914405823,0.02875179424881935,0.47833070158958435,1.5772134065628052,0.39471378922462463,0.01683799922466278,0.34883707761764526,1.5839847326278687,0.2390696257352829,0.020636746659874916,0.46680688858032227,1.6515957117080688,0.1629754602909088,0.010115007869899273,0.3672686219215393,1.6477172374725342,-0.0359710268676281,0.014091194607317448
2026-04-30T18:47:09.334911,170,0.42689257860183716,0.23132896423339844,-0.4549580514431,0.9996463656425476,0.4378621578216553,0.20275287330150604,-0.42360153794288635,0.9993520975112915,0.44420892000198364,0.2031204253435135,-0.4237540364265442,0.9993588924407959,0.4502010941505432,0.2041916400194168,-0.42385420203208923,0.9993022680282593,0.41576552391052246,0.2025526612997055,-0.4340721070766449,0.9994333386421204,0.4073715806007385,0.20262032747268677,-0.43399184942245483,0.9994670152664185,0.39961865544319153,0.20298238098621368,-0.43419569730758667,0.999487042427063,0.4574720859527588,0.22106453776359558,-0.20167362689971924,0.9991106986999512,0.3819373846054077,0.21853132545948029,-0.24523182213306427,0.9995689988136292,0.4386991560459137,0.262982577085495,-0.3672730326652527,0.9997737407684326,0.4097864031791687,0.2598201036453247,-0.3800727128982544,0.9998015761375427,0.5214074850082397,0.41394636034965515,-0.05228626728057861,0.9997333884239197,0.3109437823295593,0.41683441400527954,-0.13291414082050323,0.9998711347579956,0.530760645866394,0.6364657878875732,0.0737275630235672,0.9617982506752014,0.28568023443222046,0.6626888513565063,-0.05563246086239815,0.9959712624549866,0.54075026512146,0.866759717464447,-0.12189798057079315,0.9280280470848083,0.2649516761302948,0.8889035582542419,-0.22248344123363495,0.9875526428222656,0.5542315244674683,0.9334908127784729,-0.17756161093711853,0.8930283784866333,0.2521625757217407,0.9513246417045593,-0.2833387851715088,0.9720839858055115,0.5453370213508606,0.9339906573295593,-0.25208383798599243,0.9056758284568787,0.26438263058662415,0.9524250626564026,-0.3409428000450134,0.9757335186004639,0.5362240672111511,0.916970431804657,-0.1567305475473404,0.9077321290969849,0.2731989324092865,0.9357503652572632,-0.24885673820972443,0.972958505153656,0.47977009415626526,0.8807718753814697,0.004051481373608112,0.9906728863716125,0.3426746428012848,0.8810064196586609,-0.0032591999042779207,0.9934117794036865,0.4682787358760834,1.2392243146896362,-0.06722363829612732,0.29563331604003906,0.33908921480178833,1.2227027416229248,-0.0637567862868309,0.30203768610954285,0.47896313667297363,1.5418282747268677,0.3611181974411011,0.018232712522149086,0.35109058022499084,1.5430132150650024,0.21794001758098602,0.028721870854496956,0.4792400896549225,1.5771349668502808,0.3943232595920563,0.016952117905020714,0.35003989934921265,1.5835028886795044,0.2383379191160202,0.02060217224061489,0.46848875284194946,1.6511882543563843,0.1590871512889862,0.010187272913753986,0.3685489296913147,1.646852970123291,-0.04519445076584816,0.01415086816996336
2026-04-30T18:47:09.444743,171,0.42557811737060547,0.23129414021968842,-0.44453486800193787,0.9996601939201355,0.4368705749511719,0.20268464088439941,-0.41622811555862427,0.9993767738342285,0.4434593617916107,0.20303116738796234,-0.4163459241390228,0.9993842840194702,0.44958290457725525,0.20407606661319733,-0.4164212644100189,0.9993294477462769,0.4149487018585205,0.20250937342643738,-0.4242825508117676,0.999455451965332,0.4068637788295746,0.20257899165153503,-0.4241711497306824,0.9994876980781555,0.3992763161659241,0.20294946432113647,-0.42434653639793396,0.999505877494812,0.4573313593864441,0.22094453871250153,-0.2016783207654953,0.9991458058357239,0.38193753361701965,0.2185223549604416,-0.2400144785642624,0.9995850920677185,0.4378799796104431,0.2628902196884155,-0.3609566390514374,0.9997820258140564,0.40909281373023987,0.2596502900123596,-0.370891809463501,0.9998084902763367,0.52141273021698,0.4139851927757263,-0.055151570588350296,0.9997408986091614,0.3109210431575775,0.41630423069000244,-0.13226506114006042,0.9998742341995239,0.5308696031570435,0.6385910511016846,0.07142990082502365,0.9628202319145203,0.28567075729370117,0.6623056530952454,-0.05414601415395737,0.9959737658500671,0.5410328507423401,0.8681648373603821,-0.12310443818569183,0.9303531646728516,0.26494649052619934,0.8889340162277222,-0.2123289555311203,0.9876715540885925,0.5544931888580322,0.9348404407501221,-0.17864622175693512,0.8960681557655334,0.25215187668800354,0.951370120048523,-0.2691134810447693,0.9723793268203735,0.5453658103942871,0.9347545504570007,-0.25178781151771545,0.9082905650138855,0.26438263058662415,0.9525044560432434,-0.32730400562286377,0.9759586453437805,0.5362419486045837,0.9179231524467468,-0.15729396045207977,0.9103542566299438,0.27319785952568054,0.9358254075050354,-0.2387845814228058,0.9732335805892944,0.4797808527946472,0.8801695704460144,0.004081211518496275,0.9910157322883606,0.3427247703075409,0.8808450102806091,-0.003291213186457753,0.9936574697494507,0.46801289916038513,1.2382076978683472,-0.05606623739004135,0.302828848361969,0.3391101360321045,1.2219845056533813,-0.06335721164941788,0.3104565441608429,0.47835683822631836,1.5414632558822632,0.3477056622505188,0.018636539578437805,0.35032016038894653,1.54226815700531,0.19098228216171265,0.02914949506521225,0.4786239266395569,1.5770846605300903,0.37639907002449036,0.01732141524553299,0.34916505217552185,1.5828170776367188,0.20728841423988342,0.02071252278983593,0.46767759323120117,1.6502494812011719,0.14529256522655487,0.010396397672593594,0.36717596650123596,1.6463000774383545,-0.07012216746807098,0.01424697320908308
2026-04-30T18:47:09.557274,172,0.42515596747398376,0.23133128881454468,-0.4652259349822998,0.999666154384613,0.43651318550109863,0.2027227282524109,-0.4360770285129547,0.999387264251709,0.4431586265563965,0.20306672155857086,-0.43619585037231445,0.9993971586227417,0.44930505752563477,0.20410704612731934,-0.43628740310668945,0.9993425011634827,0.41469940543174744,0.20254401862621307,-0.44325441122055054,0.9994633197784424,0.4067188799381256,0.20260849595069885,-0.4431666433811188,0.999495804309845,0.39919617772102356,0.20297743380069733,-0.4433518052101135,0.9995114207267761,0.45719656348228455,0.22096742689609528,-0.21584749221801758,0.9991673231124878,0.38195425271987915,0.21856509149074554,-0.24853594601154327,0.9995903372764587,0.43749064207077026,0.26291424036026,-0.37890559434890747,0.9997864961624146,0.408796489238739,0.2596566677093506,-0.38775429129600525,0.999811053276062,0.521368682384491,0.4140329360961914,-0.06458314508199692,0.9997472763061523,0.3108714520931244,0.4162744879722595,-0.13350601494312286,0.9998754858970642,0.5309096574783325,0.6388474106788635,0.060400474816560745,0.9638940691947937,0.2856627106666565,0.6617892384529114,-0.05351794511079788,0.995962381362915,0.5411251187324524,0.868154764175415,-0.142479807138443,0.9317466020584106,0.2649434208869934,0.8889299035072327,-0.2182430922985077,0.9875998497009277,0.5545307993888855,0.934943437576294,-0.20060689747333527,0.8977067470550537,0.25215137004852295,0.9513293504714966,-0.27787405252456665,0.9722388982772827,0.5453376770019531,0.9347851872444153,-0.2772320806980133,0.9098315238952637,0.2643745243549347,0.9524661302566528,-0.33841586112976074,0.9758338928222656,0.5362069606781006,0.918000340461731,-0.17834767699241638,0.9117967486381531,0.27319270372390747,0.9357962012290955,-0.24591083824634552,0.9730889201164246,0.479655921459198,0.8800690174102783,0.0038067821878939867,0.9908719658851624,0.34262654185295105,0.8806649446487427,-0.0029947017319500446,0.9935416579246521,0.4678422808647156,1.2381409406661987,-0.05630888417363167,0.3008190989494324,0.3388422131538391,1.2216503620147705,-0.0688403844833374,0.3106210231781006,0.4781472682952881,1.5420418977737427,0.3270018398761749,0.01846468634903431,0.35028037428855896,1.542274832725525,0.16609525680541992,0.02880830690264702,0.47841590642929077,1.5783157348632812,0.353206068277359,0.017237093299627304,0.349153995513916,1.5828757286071777,0.18031595647335052,0.02053924836218357,0.4676298499107361,1.6502535343170166,0.10872147977352142,0.010334608145058155,0.36716967821121216,1.6462510824203491,-0.11193817853927612,0.014101911336183548
2026-04-30T18:47:09.662714,173,0.4251698851585388,0.23133738338947296,-0.4569118022918701,0.9996824264526367,0.43651333451271057,0.20269817113876343,-0.4276718497276306,0.9994174838066101,0.44315582513809204,0.20305129885673523,-0.4277750551700592,0.9994267821311951,0.44930171966552734,0.20409943163394928,-0.4278416633605957,0.9993741512298584,0.41469162702560425,0.2024673968553543,-0.4365432858467102,0.9994906187057495,0.40669551491737366,0.20252685248851776,-0.43646639585494995,0.9995216131210327,0.39916062355041504,0.20289085805416107,-0.4366382956504822,0.9995359778404236,0.4572199285030365,0.22097036242485046,-0.20930755138397217,0.9992082715034485,0.3818589448928833,0.21855324506759644,-0.2483806312084198,0.9996123313903809,0.43755286931991577,0.2629665732383728,-0.3711315989494324,0.9997971057891846,0.40879034996032715,0.2596682608127594,-0.3822351098060608,0.9998207688331604,0.5216237306594849,0.4143032133579254,-0.0598783865571022,0.9997573494911194,0.31050437688827515,0.41661033034324646,-0.13300180435180664,0.9998801350593567,0.531497597694397,0.6403634548187256,0.06898067891597748,0.9645699858665466,0.2855682671070099,0.6622206568717957,-0.05361362174153328,0.9960494637489319,0.5411294102668762,0.8684782385826111,-0.12897922098636627,0.9331367611885071,0.26496702432632446,0.8902390599250793,-0.21815404295921326,0.987814724445343,0.5545398592948914,0.9355247616767883,-0.18513457477092743,0.8995043635368347,0.25214558839797974,0.9519217014312744,-0.27760040760040283,0.9725887775421143,0.5452048182487488,0.9351470470428467,-0.2598572373390198,0.9115009307861328,0.2644504904747009,0.9531920552253723,-0.33659499883651733,0.9761283993721008,0.5359740257263184,0.9183838963508606,-0.16399416327476501,0.9133747816085815,0.27336108684539795,0.9365615248680115,-0.24559764564037323,0.9733858108520508,0.47992023825645447,0.8801100850105286,0.003959031775593758,0.9908921718597412,0.34293776750564575,0.8812472820281982,-0.003153077093884349,0.9935341477394104,0.4679369330406189,1.238131046295166,-0.05689939111471176,0.2997685670852661,0.33884960412979126,1.2217594385147095,-0.06999880820512772,0.3092880845069885,0.47821587324142456,1.5423353910446167,0.327543705701828,0.01842539571225643,0.3503720760345459,1.5423805713653564,0.16435369849205017,0.028679953888058662,0.47853606939315796,1.5787646770477295,0.3545864224433899,0.017200371250510216,0.349261611700058,1.5829808712005615,0.17949184775352478,0.020417720079421997,0.46767282485961914,1.6505799293518066,0.11353665590286255,0.01037582103163004,0.36766546964645386,1.6464653015136719,-0.10968302190303802,0.014132699929177761
2026-04-30T18:47:09.768017,174,0.4250527024269104,0.23091988265514374,-0.4491289258003235,0.9996910691261292,0.4364221692085266,0.20240120589733124,-0.42004743218421936,0.999434769153595,0.4430916905403137,0.20275378227233887,-0.4201466143131256,0.999443769454956,0.44925427436828613,0.20380271971225739,-0.42023128271102905,0.9993931651115417,0.4145669937133789,0.2020740807056427,-0.42830348014831543,0.9995060563087463,0.40658503770828247,0.20208978652954102,-0.42820945382118225,0.9995356202125549,0.3990723192691803,0.20239271223545074,-0.4283769130706787,0.999549388885498,0.45722562074661255,0.22078987956047058,-0.2035026103258133,0.9992309808731079,0.3818393349647522,0.21808041632175446,-0.2397920787334442,0.9996249675750732,0.437486469745636,0.2625707685947418,-0.3641582131385803,0.9998028874397278,0.40871018171310425,0.25887244939804077,-0.37440019845962524,0.9998259544372559,0.5216001272201538,0.41399165987968445,-0.0586266815662384,0.9997647404670715,0.3103741407394409,0.41644421219825745,-0.13005414605140686,0.9998835921287537,0.5314809083938599,0.640337347984314,0.0680922344326973,0.9646974205970764,0.2854918837547302,0.662219762802124,-0.05201777070760727,0.9960482120513916,0.5411343574523926,0.868465781211853,-0.13272258639335632,0.9324048757553101,0.2647536098957062,0.890132486820221,-0.21495100855827332,0.987640917301178,0.5545541048049927,0.9355157613754272,-0.18901672959327698,0.8986741900444031,0.2519027888774872,0.9519174695014954,-0.27289432287216187,0.9721980690956116,0.5452178716659546,0.9351499676704407,-0.2625972330570221,0.9109144806861877,0.2642885446548462,0.9531828761100769,-0.33146920800209045,0.9757917523384094,0.5359823703765869,0.9183785319328308,-0.16743281483650208,0.9128386378288269,0.2732320725917816,0.9365416765213013,-0.2419111728668213,0.9730278849601746,0.479907363653183,0.8799861669540405,0.003941279370337725,0.9908098578453064,0.34305280447006226,0.8810888528823853,-0.003135667648166418,0.9934682250022888,0.4679878354072571,1.2377256155014038,-0.05681166052818298,0.29372236132621765,0.3389570116996765,1.2217460870742798,-0.0665915235877037,0.30322980880737305,0.47836607694625854,1.5423455238342285,0.3289416432380676,0.01805259846150875,0.350783109664917,1.5422922372817993,0.16509927809238434,0.027823714539408684,0.47882914543151855,1.5787818431854248,0.35658666491508484,0.016871966421604156,0.34966498613357544,1.5827949047088623,0.17979927361011505,0.019792646169662476,0.4677928388118744,1.6504924297332764,0.11621333658695221,0.010176031850278378,0.36861729621887207,1.6464616060256958,-0.10837271064519882,0.013723579235374928
2026-04-30T18:47:09.874810,175,0.4243583679199219,0.2305937558412552,-0.4655190408229828,0.9996997117996216,0.4357663691043854,0.20211438834667206,-0.4338874816894531,0.9994521737098694,0.44253891706466675,0.20248590409755707,-0.4340187609195709,0.9994616508483887,0.4487035870552063,0.20353049039840698,-0.4340995252132416,0.9994128346443176,0.4140441417694092,0.20172931253910065,-0.44106215238571167,0.9995194673538208,0.4061948359012604,0.2017267644405365,-0.4409841001033783,0.9995477795600891,0.39876431226730347,0.2020328938961029,-0.44116345047950745,0.9995601177215576,0.4568961560726166,0.22063545882701874,-0.20715558528900146,0.9992594122886658,0.38181301951408386,0.21802295744419098,-0.24020548164844513,0.999632716178894,0.4368975758552551,0.2624379098415375,-0.3766106963157654,0.9998087882995605,0.4081651568412781,0.25869473814964294,-0.3853878378868103,0.9998295903205872,0.5216158032417297,0.41399508714675903,-0.05938446521759033,0.9997717142105103,0.3102819323539734,0.41645246744155884,-0.12692086398601532,0.9998838901519775,0.5315258502960205,0.6404322385787964,0.06273198872804642,0.9656503200531006,0.2855861485004425,0.6622459888458252,-0.046798087656497955,0.9960662126541138,0.5408371686935425,0.8686637282371521,-0.1530582308769226,0.9340455532073975,0.26477059721946716,0.8905884623527527,-0.21792125701904297,0.9876687526702881,0.5544179677963257,0.9356088042259216,-0.2141079157590866,0.9007835388183594,0.2519053816795349,0.9523088335990906,-0.27979081869125366,0.9722603559494019,0.5447303652763367,0.9351611733436584,-0.29233667254447937,0.912868857383728,0.2643451988697052,0.9536500573158264,-0.339817613363266,0.9758646488189697,0.5353014469146729,0.9184004068374634,-0.18996353447437286,0.9146206378936768,0.27331098914146423,0.9370635747909546,-0.2457524538040161,0.9730907082557678,0.480146586894989,0.8798949122428894,0.00329345790669322,0.9909648299217224,0.3433348536491394,0.8811944723129272,-0.0024564543273299932,0.9935612678527832,0.4685634672641754,1.2377257347106934,-0.08235795795917511,0.29798761010169983,0.33963972330093384,1.2217674255371094,-0.07801739871501923,0.3104018568992615,0.47919631004333496,1.542553186416626,0.3130776286125183,0.01835455559194088,0.3520132601261139,1.5430511236190796,0.15574117004871368,0.028477858752012253,0.4796276092529297,1.5790766477584839,0.34117069840431213,0.017213590443134308,0.3511810302734375,1.5838509798049927,0.170179545879364,0.02021755650639534,0.4691961705684662,1.6505024433135986,0.09144040197134018,0.010448390617966652,0.3694954812526703,1.6468366384506226,-0.12654449045658112,0.014044972136616707
2026-04-30T18:47:09.988399,176,0.4244178831577301,0.23053118586540222,-0.44289541244506836,0.9997119307518005,0.4357937276363373,0.20204876363277435,-0.41285839676856995,0.9994763135910034,0.44254225492477417,0.20240992307662964,-0.41296467185020447,0.999485194683075,0.4486997127532959,0.2034498155117035,-0.4130493104457855,0.9994388818740845,0.41409534215927124,0.2016569823026657,-0.4217197000980377,0.9995411038398743,0.4062216281890869,0.20166505873203278,-0.42162665724754333,0.9995679259300232,0.3987860083580017,0.20197123289108276,-0.4217957854270935,0.999579668045044,0.456897497177124,0.22058245539665222,-0.1963169276714325,0.9992920160293579,0.38181692361831665,0.2179667055606842,-0.2347278892993927,0.9996501803398132,0.43691712617874146,0.26239457726478577,-0.35826975107192993,0.9998170137405396,0.4081804156303406,0.258636474609375,-0.3692304790019989,0.9998369216918945,0.5216382145881653,0.41415220499038696,-0.05481700971722603,0.9997795224189758,0.31001734733581543,0.41645440459251404,-0.12688198685646057,0.9998875856399536,0.5315459966659546,0.6409493684768677,0.06837944686412811,0.9660148024559021,0.28555238246917725,0.6622521281242371,-0.04689500480890274,0.9961128234863281,0.5408362150192261,0.8686826825141907,-0.1339050829410553,0.934542179107666,0.26472902297973633,0.8907085657119751,-0.21060089766979218,0.9877392649650574,0.5543311238288879,0.935775876045227,-0.19023855030536652,0.9014748334884644,0.25185638666152954,0.9525295495986938,-0.26772838830947876,0.9723401665687561,0.5444045662879944,0.9353041052818298,-0.2637034058570862,0.9135341644287109,0.2642711400985718,0.9538943767547607,-0.32524746656417847,0.97592693567276,0.5349948406219482,0.9185416102409363,-0.16858859360218048,0.9152476787567139,0.2732214033603668,0.9372355937957764,-0.2368445098400116,0.9731594920158386,0.48013371229171753,0.8797980546951294,0.0034493072889745235,0.9910296201705933,0.34341758489608765,0.8811911344528198,-0.0026248241774737835,0.9935968518257141,0.4677354693412781,1.2369509935379028,-0.06200811266899109,0.29241567850112915,0.3388192653656006,1.2211192846298218,-0.07159362733364105,0.30418673157691956,0.47717389464378357,1.5423017740249634,0.31456074118614197,0.01792244426906109,0.3501983880996704,1.5419150590896606,0.15999703109264374,0.027640270069241524,0.47776681184768677,1.5788439512252808,0.3440530002117157,0.0168447382748127,0.3490838408470154,1.5826541185379028,0.1753426492214203,0.019699690863490105,0.4657990038394928,1.650153398513794,0.09816917777061462,0.010209158062934875,0.3675612211227417,1.6455260515213013,-0.12528309226036072,0.013661600649356842
2026-04-30T18:47:10.097784,177,0.42440953850746155,0.23047378659248352,-0.4436233639717102,0.9997217059135437,0.4357360899448395,0.2019861787557602,-0.41367143392562866,0.999494731426239,0.4424653649330139,0.2023489773273468,-0.41378188133239746,0.9995031356811523,0.4486042559146881,0.20338568091392517,-0.4138720631599426,0.999458909034729,0.4140609800815582,0.20153139531612396,-0.422313392162323,0.999557375907898,0.4061938226222992,0.20151099562644958,-0.4222213327884674,0.9995829463005066,0.39876821637153625,0.20178082585334778,-0.4223947525024414,0.9995939135551453,0.45677486062049866,0.22053852677345276,-0.19668647646903992,0.9993171095848083,0.381816565990448,0.2177979052066803,-0.2343546450138092,0.9996618032455444,0.43688613176345825,0.2623787224292755,-0.358736127614975,0.999823808670044,0.4081638753414154,0.2586086094379425,-0.36944299936294556,0.9998428225517273,0.5216618180274963,0.41427794098854065,-0.054987989366054535,0.999785304069519,0.3099838197231293,0.4164462089538574,-0.12685203552246094,0.9998899698257446,0.5315431952476501,0.6406472325325012,0.06820062547922134,0.966618001461029,0.2855020761489868,0.6620883345603943,-0.046866532415151596,0.9961024522781372,0.540666937828064,0.8688564300537109,-0.13162872195243835,0.9352531433105469,0.26454779505729675,0.8909791111946106,-0.20883703231811523,0.9876506924629211,0.5541476011276245,0.935840368270874,-0.18746790289878845,0.9021790027618408,0.2517334520816803,0.9528740644454956,-0.26550745964050293,0.9720798134803772,0.5440512895584106,0.935320258140564,-0.2603321075439453,0.9141868352890015,0.2642557621002197,0.9543246626853943,-0.3233221173286438,0.975693941116333,0.5346014499664307,0.918563187122345,-0.16584068536758423,0.9158416390419006,0.2731744647026062,0.9373361468315125,-0.23501181602478027,0.9729094505310059,0.4800627827644348,0.8803893327713013,0.003458831924945116,0.9910650849342346,0.3433797061443329,0.881374180316925,-0.002638988196849823,0.9936004877090454,0.4677214026451111,1.2367087602615356,-0.06184118986129761,0.28761449456214905,0.3387981951236725,1.2206400632858276,-0.07121597230434418,0.29827478528022766,0.47714075446128845,1.5418087244033813,0.3181098401546478,0.017644524574279785,0.350172221660614,1.5405601263046265,0.16383406519889832,0.027142558246850967,0.4777291715145111,1.578307867050171,0.34781527519226074,0.01661154069006443,0.3490408957004547,1.5813740491867065,0.18003922700881958,0.019426193088293076,0.4657379686832428,1.6494895219802856,0.10698287189006805,0.010039436630904675,0.36755961179733276,1.6431490182876587,-0.1132880225777626,0.013456854037940502
2026-04-30T18:47:10.203590,178,0.4237269461154938,0.23045848309993744,-0.4330241084098816,0.9997291564941406,0.4352499842643738,0.20196039974689484,-0.4042200446128845,0.9995080232620239,0.4420846402645111,0.20232443511486053,-0.4043148159980774,0.9995160698890686,0.44827622175216675,0.20335926115512848,-0.40442052483558655,0.9994738698005676,0.4135989248752594,0.20148316025733948,-0.4106060564517975,0.9995699524879456,0.4058345854282379,0.20142701268196106,-0.41049814224243164,0.999594509601593,0.3984498381614685,0.20166322588920593,-0.4106864929199219,0.9996054768562317,0.45673608779907227,0.22051607072353363,-0.1917099505662918,0.9993341565132141,0.3817559480667114,0.2176639288663864,-0.21925202012062073,0.9996715188026428,0.4363860487937927,0.2623710036277771,-0.34996455907821655,0.999828577041626,0.4076414704322815,0.2585279047489166,-0.35771024227142334,0.9998469352722168,0.5216102600097656,0.4141499698162079,-0.05467380955815315,0.9997926354408264,0.3100413680076599,0.4161812365055084,-0.11812152713537216,0.9998941421508789,0.5313653945922852,0.6388323903083801,0.06594081223011017,0.9670146703720093,0.285491019487381,0.6617851257324219,-0.035635221749544144,0.9961154460906982,0.5405436158180237,0.8687917590141296,-0.13199742138385773,0.9349071383476257,0.26454341411590576,0.8909823894500732,-0.191514790058136,0.9876455068588257,0.5538457036018372,0.935772180557251,-0.18792565166950226,0.9018418192863464,0.2517088055610657,0.9528816938400269,-0.24655692279338837,0.9720286726951599,0.5435563325881958,0.9352198243141174,-0.2602846622467041,0.9140434265136719,0.26425501704216003,0.9543281197547913,-0.3049051761627197,0.9756708145141602,0.5341203808784485,0.9184837937355042,-0.1661539375782013,0.9156312346458435,0.273185133934021,0.9373441338539124,-0.21769244968891144,0.972893476486206,0.4801744818687439,0.8802797794342041,0.0030227755196392536,0.9907251000404358,0.34340721368789673,0.8813860416412354,-0.002208785619586706,0.9933795928955078,0.4676729142665863,1.2366355657577515,-0.059867847710847855,0.27653396129608154,0.3383643925189972,1.2203136682510376,-0.06962041556835175,0.28725627064704895,0.47607535123825073,1.541815161705017,0.3203703761100769,0.01685592345893383,0.34907081723213196,1.5402328968048096,0.16579365730285645,0.025820570066571236,0.4767882823944092,1.5783194303512573,0.34974825382232666,0.015902100130915642,0.34786099195480347,1.5810431241989136,0.18213312327861786,0.018579909577965736,0.46324577927589417,1.649499535560608,0.10922043025493622,0.009599176235496998,0.36658361554145813,1.6428536176681519,-0.1112804263830185,0.012848738580942154
2026-04-30T18:47:10.311994,179,0.42290782928466797,0.2299026995897293,-0.42975011467933655,0.9997340440750122,0.43464669585227966,0.2014845460653305,-0.40082302689552307,0.9995167851448059,0.44162821769714355,0.2018895149230957,-0.40092363953590393,0.9995245933532715,0.4479008615016937,0.2029353529214859,-0.40103012323379517,0.9994844198226929,0.41302043199539185,0.2009347826242447,-0.40576761960983276,0.9995792508125305,0.40535956621170044,0.2007913440465927,-0.405658483505249,0.9996028542518616,0.3980836570262909,0.20098045468330383,-0.40585222840309143,0.9996143579483032,0.45656245946884155,0.22018961608409882,-0.19045399129390717,0.999343991279602,0.38174423575401306,0.21716229617595673,-0.2113753855228424,0.9996774196624756,0.4356706738471985,0.2617810368537903,-0.34773802757263184,0.999830961227417,0.40693598985671997,0.2578447163105011,-0.35378497838974,0.9998488426208496,0.5215179324150085,0.4138083755970001,-0.056016772985458374,0.9997955560684204,0.3100389838218689,0.4160067141056061,-0.11107585579156876,0.9998964667320251,0.5313440561294556,0.6373421549797058,0.055244624614715576,0.967501699924469,0.2854219377040863,0.6616367697715759,-0.028257891535758972,0.9960978031158447,0.5403223037719727,0.8687947988510132,-0.13205775618553162,0.9346176981925964,0.2645379304885864,0.8909738063812256,-0.18168175220489502,0.987600564956665,0.5534588098526001,0.9357348084449768,-0.18834586441516876,0.901298999786377,0.25168606638908386,0.9528796672821045,-0.23755034804344177,0.9718919396400452,0.5430946946144104,0.935200572013855,-0.2600582242012024,0.9135384559631348,0.26423755288124084,0.9543527960777283,-0.2954440712928772,0.9755556583404541,0.5335972905158997,0.9184796214103699,-0.1664976328611374,0.9151842594146729,0.2731803357601166,0.9373430013656616,-0.20802941918373108,0.9727980494499207,0.480212539434433,0.8791536092758179,0.0023473124019801617,0.9904443621635437,0.34343835711479187,0.8804295659065247,-0.0015428334008902311,0.9932085871696472,0.4676600396633148,1.2359365224838257,-0.059469956904649734,0.26840221881866455,0.3379400372505188,1.2189819812774658,-0.06959335505962372,0.280537486076355,0.4761178493499756,1.5416393280029297,0.318912148475647,0.016189491376280785,0.34914857149124146,1.5397342443466187,0.16190968453884125,0.024820854887366295,0.47690171003341675,1.5782337188720703,0.34699398279190063,0.015255678445100784,0.34813567996025085,1.580514669418335,0.1777164191007614,0.017909729853272438,0.46331316232681274,1.6491209268569946,0.10772637277841568,0.00923874881118536,0.3669213652610779,1.642365574836731,-0.11094757169485092,0.012395662255585194
2026-04-30T18:47:10.423993,180,0.42274171113967896,0.22931033372879028,-0.43664756417274475,0.9997442364692688,0.4345110356807709,0.20102031528949738,-0.40801626443862915,0.9995356202125549,0.4415149688720703,0.2014463096857071,-0.40809154510498047,0.9995431900024414,0.44779282808303833,0.20248578488826752,-0.40819424390792847,0.999505341053009,0.41290250420570374,0.2003968209028244,-0.41372308135032654,0.999596118927002,0.40524616837501526,0.20019599795341492,-0.4135982394218445,0.9996181130409241,0.39798933267593384,0.20032766461372375,-0.41376838088035583,0.9996287822723389,0.4565376341342926,0.219859778881073,-0.1986428201198578,0.9993704557418823,0.38171854615211487,0.21671947836875916,-0.22456419467926025,0.9996886253356934,0.4354637563228607,0.26137974858283997,-0.35513734817504883,0.9998376369476318,0.4068237841129303,0.257427841424942,-0.3624240756034851,0.999854326248169,0.5213390588760376,0.41361311078071594,-0.06444451957941055,0.9998010993003845,0.309892475605011,0.4159858524799347,-0.11766047775745392,0.9998986721038818,0.5313427448272705,0.636597216129303,0.05451684445142746,0.9682772755622864,0.2853679060935974,0.6613686084747314,-0.029935654252767563,0.9960728883743286,0.5403560400009155,0.8676782250404358,-0.1292409747838974,0.9353969693183899,0.26459988951683044,0.8909805417060852,-0.18117496371269226,0.9875001907348633,0.5535493493080139,0.9343541860580444,-0.18399760127067566,0.9020497798919678,0.2516859173774719,0.9528817534446716,-0.23573431372642517,0.9716514945030212,0.5431074500083923,0.9334169030189514,-0.2545918822288513,0.9141965508460999,0.26421529054641724,0.9543702006340027,-0.2943504750728607,0.9753322005271912,0.5335999727249146,0.9169168472290039,-0.16260643303394318,0.9158207178115845,0.27316945791244507,0.9373447895050049,-0.20756809413433075,0.9725737571716309,0.48021435737609863,0.8781993389129639,0.0023435079492628574,0.9902918338775635,0.3435453474521637,0.8797675371170044,-0.001539706252515316,0.9931010603904724,0.4678363800048828,1.2348308563232422,-0.05930846929550171,0.2635563313961029,0.3382580578327179,1.2181769609451294,-0.07040692120790482,0.27654576301574707,0.4767230153083801,1.541075587272644,0.3165432810783386,0.01582253910601139,0.34984999895095825,1.5392602682113647,0.15718330442905426,0.024226997047662735,0.4774961471557617,1.5778623819351196,0.34351664781570435,0.014917091466486454,0.34892091155052185,1.5801608562469482,0.17220914363861084,0.01751699671149254,0.46454882621765137,1.6482125520706177,0.10443796962499619,0.009049501270055771,0.36771291494369507,1.6414674520492554,-0.11521085351705551,0.012146061286330223
