48.244662,frame_idx,,,,,,,,,,,,,,,,,,,,,,,,,,,,,,,,,,,,,,,,,,,,,,,,,,,,,,,,,,,,,,,,,,,,,,,,,,,,,,,,,,,,,,,,,,,,,,,,,,,,,,,,,,,,,,,,,,,,,,,,,,,,,,,,,,,,
2025-11-11T0748.908143,0,0.4486597093385733,0.14163189920650027,-0.7315270554254422,0.9997187256813048,0.44196358625578475,0.11525327237642335,-0.6745170176080135,0.9993882179260254,0.474187376015222,0.10218390379365071,-0.6866260364701894,0.9993000030517578,0.47726952669937783,0.10565937724309192,-0.6784789710112008,0.999377965927124,0.4308377283958455,0.10441695289174688,-0.687809854807406,0.999520778656006,0.41015431236969435,0.11485399330025263,-0.7200812656151143,0.9994992017745972,0.3877946308463587,0.06704206180154595,-0.6990336921866889,0.999559223651886,0.49067795939590414,0.10204602108830145,-0.41728116813499516,0.9992187023162842,0.34661528887116655,0.08847697184944273,-0.46835492346014884,0.9994958639144896,0.450060666773958,0.16064903889051113,-0.6022789566002762,0.9998809099197388,0.39510374265321063,0.16740078081661813,-0.666152828062726,0.9999139308929444,0.5436290871049118,0.3893195152844907,-0.3139193837435312,0.9998881816864014,0.26570845082861044,0.36532855768287587,-0.3330918106532688,0.9998340606689452,0.5548375105898521,0.7250118645691955,-0.23061217431048636,0.9640586376190186,0.13242123256039182,0.7051771000161645,-0.3283644868229726,0.9472246170043944,0.6077733991044544,1.027209697951823,-0.3442786465039719,0.3024732172489166,0.09650518655082219,0.9813472881702366,-0.5405733345485323,0.2841476202011108,0.5994722097243543,1.1110180134948484,-0.40305209550155985,0.1548146307468414,0.04286328181776113,1.1096992951787603,-0.6057768824412457,0.1504895389080047,0.5444206591913545,1.139585555264903,-0.4075003062904774,0.212970495223999,0.0817879053211511,1.1224623783666747,-0.6623573226523433,0.1989845633506775,0.5444987837400764,1.107924991906338,-0.350158214207527,0.2434407770633697,0.09093738889591083,1.0961181428484745,-0.5654120061680096,0.2313209027051925,0.43930642067197706,0.9815751925712181,-0.06960867157983451,0.3968375623226166,0.23703887245849564,0.9577755091653302,0.04890759492387728,0.3631883263587951,0.45806536465176184,1.4028326484069074,0.2128581706368619,0.0102710062637925,0.24886843772942904,1.4349727367970209,0.3060509959479047,0.0046524195931851,0.42528428521934925,1.8196950510325027,0.868688776957095,0.0009128763340413,0.22866479957789548,1.8251504492741317,0.8176035365983384,0.0004224404110573,0.3982726282834234,1.8854268287372051,0.9304687538499538,0.0011311586713418,0.22141246592839062,1.8645944337235363,0.835354637109215,0.0013476021122187,0.38943073304301784,1.969392463210787,0.566242570938594,0.000646561558824,0.26397242775757146,1.9331782144998784,0.4955784555155184,0.0004404899373184
2025-11-11T0771.678994,1,0.4310470428497798,0.13996695561466757,-0.768473759347539,0.9997122287750244,0.4746128187796152,0.09722139425088978,-0.7131062704198441,0.9993762373924256,0.4815923212030003,0.0780906516603834,-0.7073283279409248,0.9992916584014891,0.48291205502405227,0.09640818830825061,-0.7347534106461915,0.9993632435798644,0.4428868084918581,0.08556298942338511,-0.7370580443507624,0.999508798122406,0.41372305817784805,0.06815042425601603,-0.7278976735493624,0.9994896650314332,0.393652038472429,0.0663639952653318,-0.6976032218903053,0.9995453357696532,0.4683933438557413,0.09693644615575203,-0.43151301832619643,0.9991902112960817,0.40032106632967057,0.10084255084734609,-0.447900545589988,0.9994805455207824,0.47960712806355293,0.20958135293582109,-0.6584262494896937,0.9998754858970642,0.4160536313493073,0.18699237941358557,-0.6637214656800744,0.9999092221260072,0.5450986667239257,0.3782821736876818,-0.3616702737206799,0.9998846054077148,0.24979557097730973,0.3373844685350217,-0.3226174268303416,0.9998342394828796,0.592223912032551,0.7212478407863104,-0.2738892612810039,0.9571024179458618,0.10936599144728928,0.6793952499952919,-0.2691003716251398,0.94347482919693,0.5844453992186456,1.0137187225740103,-0.5435251148563555,0.290385752916336,0.04962224877303181,1.0046480989162934,-0.5348217377514689,0.2748130857944488,0.5834336711475886,1.0996206673394167,-0.588081325244259,0.1495229750871658,-0.022962449043533187,1.1049279174091922,-0.580030031887935,0.146338477730751,0.534220551149768,1.091563656091562,-0.6192353046554188,0.206289067864418,0.0712562113208016,1.1527134716397345,-0.6735801330199912,0.1944903880357742,0.5270886442261877,1.1043482605726995,-0.5333421564300098,0.2349098771810531,0.071666266079117,1.0778563021401946,-0.5582624988531562,0.2270086258649826,0.4422069661617704,1.0155279021022428,-0.043068886121565175,0.3720227181911468,0.2702363266167553,0.9940967767756151,0.051412812769727104,0.342558205127716,0.442318512606909,1.4989703254877524,0.21127533819435296,0.0097266975790262,0.24107497488019267,1.4638315288097998,0.3220202261354962,0.0043913023546338,0.4187114485799732,1.8872427075890466,0.8438216464046259,0.0008675447315908,0.24354223994160107,1.901946700176551,0.8113664951730479,0.0003980475303251,0.4104836882930977,1.9508005984456098,0.8952358282206256,0.001068216166459,0.23791177936132346,1.9506360041648354,0.856208482880361,0.0012853639200329,0.39924324217294976,2.0409401973238115,0.5520742363105742,0.0006128376116976,0.2254240431762554,2.02036684331693,0.4339820674416162,0.0004205443256068
2025-11-11T0713.420142,2,0.38042533776238074,0.14432701061940684,-0.6962288102932171,0.9997199177742004,0.4425652763098822,0.0819156415405738,-0.6105144823593074,0.9993886947631836,0.47237281302696665,0.09159652797687677,-0.6483299569913047,0.999316394329071,0.46691572357629535,0.09824173300435304,-0.6392572616942332,0.9993778467178344,0.4241228967203989,0.09079725680649024,-0.6555784734837125,0.9995138049125672,0.3916515657047261,0.09184175141489542,-0.6313977904163909,0.9995005130767822,0.414354405667303,0.07284530334901271,-0.6544939283017788,0.9995458126068116,0.4816044269082054,0.10935604754981308,-0.36132614795860213,0.9992090463638306,0.380811125205728,0.08329713920012925,-0.3931154653820061,0.9994840025901794,0.4627140683333883,0.18738154582600602,-0.5839134186416383,0.9998746514320374,0.40222667515774746,0.15869078737073616,-0.5606242965646149,0.9999075531959534,0.5341107705687539,0.3817413698219933,-0.29795821085856994,0.999886989593506,0.24388127876576188,0.32286234150195087,-0.25999818800304525,0.999836802482605,0.6043283530770143,0.7005071178301551,-0.273663858665515,0.9515798091888428,0.16020068310696092,0.6829589934000743,-0.20566108979984718,0.9343931674957277,0.5671322730124478,0.9951575241356503,-0.4604255115774904,0.2889333069324493,0.03240246454318012,1.0354785788653327,-0.46952971261344867,0.2644024193286896,0.5660841650096476,1.0771521852836157,-0.5456150506260897,0.1506312191486358,-0.025062565711739624,1.0963639562568628,-0.5138516845324601,0.1425011903047561,0.5356144329130028,1.062114661297697,-0.5535089891284452,0.2085367888212204,0.038171334217668176,1.1097265040281958,-0.6290304815092355,0.1904613822698593,0.5014404856957213,1.0220674486555505,-0.469425041693713,0.2344992160797119,0.03885464618590016,1.0758684447460036,-0.4893288720633894,0.2225092500448227,0.463195245779422,1.0247113724534858,-0.04934788334864666,0.341548353433609,0.26594496374514853,0.9819551354430598,0.037072108961666086,0.3152483403682709,0.45390607851045567,1.5044433907294705,0.18055795617860113,0.0089580183848738,0.25038412364968904,1.470243836045463,0.272196743277072,0.0040247533470392,0.42483311300393845,1.9200098543338184,0.7963206853937977,0.0008087768801487,0.2533838579940081,1.9195319122788848,0.7413600428097844,0.0003694019396789,0.4590299324927497,1.9796559038604453,0.813705112816112,0.0009948725346475,0.24487485025657227,1.9946152177727337,0.7767567426576871,0.0011986781610175,0.37745586614902726,2.0687549062923036,0.4642422520699158,0.0005778606282547,0.22827778300962734,2.0660625087604476,0.3711399370110735,0.0003969319513998
2025-11-11T0785.524225,3,0.4191312208966496,0.12976823891537695,-0.6585605638516797,0.9997090697288512,0.4632128414565039,0.08501532082331065,-0.6071659831578824,0.9993573427200316,0.4536183998572214,0.0949568444360948,-0.5955252519519215,0.9993049502372742,0.4748457726195179,0.07813095852808347,-0.5971873132146691,0.9993546605110168,0.3742749903818899,0.0802748045799769,-0.6141960265539557,0.9994730949401855,0.3832104865349458,0.05798553419438661,-0.6161113494660156,0.9994701743125916,0.3896701964803416,0.06643959429359393,-0.6008545870576512,0.9994973540306092,0.48700937053716925,0.09547682803854907,-0.34235085222386374,0.9991875886917114,0.3612739929974386,0.111579759014971,-0.3114688000772383,0.9994232058525084,0.4448925631096336,0.16774845898707272,-0.5354243604121767,0.9998613595962524,0.3788684984346434,0.17262906434888647,-0.5499097250592628,0.9998918771743774,0.5169670772857372,0.3672453348368017,-0.27139932890162655,0.9998851418495178,0.2411869705393556,0.3601948049094543,-0.21688385454557071,0.9998266100883484,0.5950547252940358,0.749490389064448,-0.2974321768047479,0.945458173751831,0.13800016234388204,0.671680351377618,-0.15309628893514216,0.9195055961608888,0.5578478986388441,0.9925337907076862,-0.4730218877133204,0.2915532886981964,0.037675430769066785,0.9565479161482492,-0.3990710152984945,0.2530094385147095,0.5444158509579802,1.0458601119677036,-0.5418755590651139,0.1553354859352111,-0.022529205799025974,1.0712596163451213,-0.4360715741253264,0.1391958594322204,0.5045294861867994,1.0529447589788794,-0.56629159262851,0.2155597656965255,0.015151291842000647,1.077037168337066,-0.5616692087886876,0.1874727308750152,0.5300254197682723,0.995866310968903,-0.4756665234922802,0.2386417537927627,0.01685882402156213,1.0131821897954056,-0.46940063561995693,0.2187158018350601,0.4495980501401121,0.9642461150930487,-0.054484052907171836,0.3114489018917084,0.2261646501265411,0.9790747573541289,0.07849506209758972,0.2879469394683838,0.43128817289219823,1.4864623288312482,0.11681773970415742,0.0082865078002214,0.23315097247117259,1.47986783998622,0.25530389426106387,0.0037057872395962,0.43574913247867914,1.9225979603813235,0.7171135981312029,0.0007617021910846,0.2192823642022788,1.9138904027147592,0.7238462358345914,0.0003460340376477,0.40898892942560916,1.9841381162821654,0.7577914417616233,0.0009311983012594,0.20158842557126427,1.9720531485160815,0.7442878035221472,0.0011347481049597,0.3743185980598679,2.0665971309028084,0.38431556575763687,0.000551251869183,0.22585624805477206,2.0319190344097215,0.3342557072926788,0.0003788488102145
2025-11-11T0760.492118,4,0.42396919129505695,0.11490071216283518,-0.6344578501584965,0.9996775388717652,0.46843358899741777,0.07169336529382934,-0.5840186742830586,0.9992735981941224,0.4470555274738996,0.06377435013598347,-0.6109772895843515,0.99924898147583,0.46968095678922733,0.08622987575827039,-0.585631047647084,0.9992820620536804,0.42487694452138736,0.089233198708928,-0.6033981288846687,0.9993847012519836,0.4061613874571198,0.06144604609638112,-0.5907416531219964,0.9993988275527954,0.38988048773888395,0.05109267343203752,-0.5991241353676521,0.9993966221809388,0.45867606081099777,0.10169845135574271,-0.3765576865975469,0.9991098046302797,0.3519947614770799,0.0925322039909153,-0.3383896419371318,0.9993033409118652,0.4394010217540638,0.13429617248124237,-0.5588600514252239,0.9998341798782348,0.39343842756548014,0.16924324153538103,-0.5257665778660946,0.9998638033866882,0.5294280101211193,0.40145179727306757,-0.27403078807612424,0.99988055229187,0.22864327327175016,0.34202249825226744,-0.228099402644175,0.999809503555298,0.5533309430031939,0.7109030929200777,-0.27966919335713053,0.9405383467674256,0.13418334618261174,0.6806594506334583,-0.12926964456955387,0.9033955931663512,0.5582631729661027,0.9359534743116797,-0.46851261698606234,0.290688544511795,0.024219493826126617,0.9509490994291311,-0.3676136453427206,0.2396403104066848,0.5254588535850586,1.0185912101770187,-0.547943578976464,0.1565267592668533,-0.009249794701766565,1.050998206417642,-0.45207410608361465,0.1338310837745666,0.5309146839500662,1.0247479610791248,-0.5816287814275406,0.2174324691295623,-0.00035495236144946277,1.05267212227611,-0.5505602126168879,0.1811766177415847,0.5215568794104652,0.9820774506784141,-0.484340194092877,0.2383015006780624,0.021615610642668447,1.0074642284709487,-0.42441399683433073,0.211667999625206,0.4277053956732212,0.9872547391579709,-0.06468638203579033,0.2857331335544586,0.24396683611881526,0.9588922376416333,0.07470282491600774,0.2648789286613464,0.42999670637744397,1.4967616314195136,0.11434299974959103,0.0077235270291566,0.2322523364932403,1.512182605393899,0.31031492560469015,0.0034362862352281,0.43571291972824505,1.8856715852205062,0.7340711311844053,0.0007170389289967,0.24283125185840726,1.8773386024453367,0.6974607292955678,0.0003295807400718,0.45394118310849946,1.9642602367696358,0.7659291937384224,0.0008778657065704,0.20745836659667388,1.9244514885366326,0.7510792865151207,0.0010975726181641,0.3855963283807733,2.052255617485671,0.4273942932111693,0.0005240233149379,0.25602450932376114,2.0487224758593054,0.3741773682056896,0.0003654398606158
2025-11-11T0732.608694,5,0.4057673814346262,0.12742465635584077,-0.6925540938074563,0.9996297359466552,0.45181530394868424,0.05624511614739514,-0.6433441538999737,0.9991409182548524,0.43252802895748726,0.06984450633778964,-0.6537995118311354,0.9991692900657654,0.4639350247233883,0.09153149558431124,-0.6682698680717972,0.9991734027862548,0.3754447651364504,0.06344353955416092,-0.6588371212559098,0.9991907477378844,0.35943378260743325,0.06455224418546157,-0.6486137349777645,0.9992452263832092,0.33838180558082276,0.09797396369426192,-0.6669568339303154,0.9991521835327148,0.46080254496565076,0.10540992350756659,-0.37198903093389074,0.9990174770355223,0.33083214997237914,0.08717597358650563,-0.35489104704980795,0.9990575313568116,0.4230620573318304,0.18166629863452713,-0.5830890700010386,0.9998119473457336,0.3587598920469724,0.15385527945931424,-0.5895316557389807,0.999825119972229,0.5542589247932026,0.37489460122468793,-0.2878871013521082,0.999884307384491,0.24114470549999162,0.3296070714262643,-0.20985810281995382,0.9997896552085876,0.5903406942259068,0.6573779765870326,-0.2700684990775457,0.9421800971031188,0.13963659350089255,0.6641469503593869,-0.13411611753727254,0.8941919803619385,0.5331814867505325,0.9115940965544641,-0.5113176750849603,0.3306806981563568,0.03636006894556608,0.911442357443488,-0.43503383701730414,0.2357780337333679,0.5686110347166716,0.9824319887555334,-0.5999501768791599,0.1885585784912109,-0.03972289412526077,1.0106485544712716,-0.4768066492752708,0.1338302493095398,0.5079409766854492,0.997556110617705,-0.647721723207694,0.2522660195827484,0.023620275588333448,0.9953118552744328,-0.586158994404349,0.1817237287759781,0.5114963698608804,0.9331445069839026,-0.5614957350573012,0.2694624364376068,0.05567748077924468,0.9592863775980991,-0.4649638021578169,0.2125848680734634,0.4516261569221155,0.9648525314098154,-0.06055788725015286,0.2685311138629913,0.24412285417360619,0.9687886536636602,0.054189665987876286,0.2479308396577835,0.43131445993674383,1.4698196337395604,0.15871081143922622,0.0070914523676037,0.22445307464434797,1.4503072528905516,0.26682898630829605,0.0031580361537635,0.4344442229076202,1.905744592004198,0.7659710943747872,0.0006628766423091,0.17582109810306398,1.8517129675563349,0.7796551504924085,0.0003075847926083,0.40359944813802606,1.968651704279543,0.8100920945925164,0.000813543156255,0.20250512656285158,1.9632000369720657,0.7885670302546184,0.0010340560693293,0.3730297048922587,2.0024495283305197,0.45357002425188797,0.0004896296886727,0.22997348335661355,1.9993266864316641,0.35590404504093764,0.0003449836804065
2025-11-11T0774.466651,6,0.37823640305520145,0.10745436460474148,-0.6851960275874966,0.9996033310890198,0.4306159749029955,0.05652718218075511,-0.6231889720466794,0.9991026520729064,0.45049732406767706,0.07425465820429841,-0.6436125364398277,0.9991495609283448,0.4560350053903553,0.0884463000479547,-0.6153870473977108,0.9991554021835328,0.3709688523017244,0.0772965736854613,-0.6414839826708397,0.999117374420166,0.3763626324851761,0.04823457466584527,-0.6366940261246132,0.9991724491119384,0.3693778348607953,0.07172053597766027,-0.6513931038456702,0.9990455508232116,0.4636514437656871,0.10005713401536727,-0.34622621614901034,0.9990033507347108,0.33302703701815506,0.08567994388064819,-0.33990596950699414,0.9988672733306884,0.4290666987465217,0.15142180900074367,-0.5915784030289011,0.999805212020874,0.356291149913398,0.14843191958802407,-0.5406200010943498,0.9997999668121338,0.5075017371687106,0.3915988036231043,-0.30712516527838407,0.9998924732208252,0.22324506119313253,0.32052992545372055,-0.11581940327332012,0.9997673034667968,0.5761386366036481,0.6421761755216892,-0.2815522448191391,0.947513997554779,0.10684907419954578,0.6458700385550898,-0.03404194625906897,0.8986460566520691,0.5494440187291489,0.8856063225624318,-0.6398340252220347,0.3947708010673523,0.03274037167555792,0.9099562002715542,-0.33265601985631177,0.2642554044723511,0.5443241229808541,0.9733758586515938,-0.7065070099719166,0.2601185142993927,-0.005863528968771065,0.9842359806354682,-0.3524441641603225,0.1579504311084747,0.5137696623374622,0.975684970224326,-0.7596574507215614,0.3191899061203003,-0.0014713754440084641,1.0252705498731847,-0.4801152659005857,0.2088820040225982,0.4958630210582838,0.9557072586514749,-0.6328172562477261,0.3334058225154876,0.035406821152049434,0.9729837957959516,-0.35236011444237464,0.2406247109174728,0.4232631019039664,0.9675911189181248,-0.10498355659266195,0.3135124146938324,0.2221667264640756,0.924585251830602,0.07923726213775775,0.2863761782646179,0.3763030379380186,1.4336254890350884,0.0913237669334038,0.0074393502436578,0.20416557111882983,1.4069312445491535,0.2908683011152518,0.003226343775168,0.39871658484191086,1.8194784167087048,0.5984790529173071,0.00074715615483,0.19194995108873586,1.789636288402044,0.7478092036306442,0.000384155777283,0.38213929461181473,1.9139102372712253,0.6544532211051339,0.0008915031794458,0.18636817613361217,1.8786565945362685,0.7879964012256551,0.001326420227997,0.347822916488155,1.9552741781625895,0.2436196367894019,0.0005460115498863,0.21818535518995846,1.9315100877264078,0.37453432999135544,0.0004205520672257
2025-11-11T0737.954123,7,0.3861150473699151,0.1101696753540536,-0.6325175784501198,0.999546766281128,0.41684646105070994,0.06932324137909084,-0.6116269329804072,0.9990040063858032,0.43981348820162125,0.06763859399583994,-0.6329394661766825,0.9990826845169068,0.4141148891409559,0.05265821857990653,-0.6045787737759937,0.9990963935852052,0.3433280300227213,0.04536061879644318,-0.5793063520050525,0.9989638924598694,0.35311151180088457,0.09077796782947593,-0.6057570949141656,0.999017298221588,0.3512887146805294,0.06835522877777661,-0.6136212617941673,0.9988396167755128,0.4434282224065061,0.12519003432747428,-0.3212259857659063,0.9989381432533264,0.31875140671506375,0.09261176354237151,-0.30204864139381327,0.9985522031784058,0.408538129082999,0.13724706484112517,-0.5582322648530884,0.9997841715812684,0.36394996630039383,0.1593246393221584,-0.5428685439727313,0.9997552037239076,0.5243651527599361,0.3747478963656815,-0.24559671820315454,0.9998981356620787,0.21747452653455654,0.3172659020608444,-0.07079254340876687,0.9997276067733764,0.5960550060817364,0.6451001097304403,-0.25956550946217527,0.9519792795181274,0.12317332157232389,0.6583850551369217,0.06197828705245385,0.8987338542938232,0.5481445395837256,0.8535804640791446,-0.6306624588311415,0.4499948620796203,0.039821366088978835,0.8937089579205162,-0.22094541624993874,0.2722989022731781,0.5354307457516637,0.9658608348267497,-0.7015474265560443,0.3189623951911926,0.04059190427690399,0.9677089416398806,-0.2939153470956955,0.1643895655870437,0.5113067648079301,0.9151458558006519,-0.757638218914252,0.3746652603149414,0.06734197488630435,0.9606309516220003,-0.4305555467934943,0.2153575867414474,0.47756801522851045,0.9043288435382004,-0.6545563784497496,0.385590523481369,0.0685454493257075,0.9276499069551252,-0.2960421033616302,0.248017281293869,0.44437002819549176,0.9761436808829279,-0.07914444771391438,0.3522083461284637,0.18134553236398204,0.9153999511594135,0.09012872770320779,0.3217842578887939,0.39171710449389724,1.398899876051947,0.07797667801922996,0.0076593477278947,0.16212411990172687,1.4008559090581838,0.27364209591778377,0.0034559601917862,0.36835828035082757,1.827520491837962,0.6277089635304722,0.0008426104323007,0.14064552107527656,1.805618889757635,0.7011687105815276,0.0005308174877427,0.388052884088017,1.8788046749056508,0.6570061950484981,0.0009929366642609,0.1937262123543147,1.8748771058956055,0.7198274938060569,0.001700383843854,0.3442356265245382,1.9682364372833103,0.28869412914604653,0.0006099743186496,0.2037158665450519,1.9135536299382783,0.3357344660533913,0.0005386431002989
2025-11-11T0793.660123,8,0.3951354193884284,0.09537376067143226,-0.3875509940099127,0.999535858631134,0.4252846952481218,0.059566147991715335,-0.37730264290808474,0.9990086555480956,0.428831730627514,0.12163659200695567,-0.3516712222741972,0.999116837978363,0.44444783683648914,0.07979372471737989,-0.3562900137346808,0.999119758605957,0.3599768064617583,0.08497423534138063,-0.3487889880580485,0.9989705681800842,0.3728259693294373,0.08781513250846384,-0.34828939968066713,0.9990367889404296,0.36060963309636357,0.06298283585484639,-0.341757209149292,0.998835027217865,0.4393698094501583,0.11493919945247799,-0.15492533435037906,0.998981773853302,0.34816481341599836,0.11453912312699485,-0.12408297060358245,0.9985067844390868,0.3810222015903889,0.13921294925589578,-0.3104955352943845,0.9997442960739136,0.3303873324552607,0.15178050860339815,-0.33782279436568136,0.999695897102356,0.49683220125991007,0.37263729743462376,-0.07504886318480758,0.9998816847801208,0.23760491312869708,0.32842471774002097,0.022060945707507322,0.999566376209259,0.5696356998441598,0.6055436839931352,-0.12367938622129146,0.9545512199401855,0.1352055947209144,0.6439755745261406,-0.06329535623125468,0.8860353827476501,0.5456804588630875,0.8242281655020758,-0.39857569967784134,0.4960851669311523,0.13070189154024298,0.8616227359856163,-0.42436080180767133,0.2829085290431976,0.5115569649771649,0.9226999862240308,-0.4600737681900374,0.3691003024578094,0.09835568899195767,0.9294752753964347,-0.5581061016256998,0.1792938858270645,0.47525731111034025,0.8985573154386831,-0.4582477756634182,0.4219676554203033,0.12841931885595814,0.9034181869232383,-0.5920106554940211,0.2301507443189621,0.4825030302729673,0.875487036686675,-0.3803756616690658,0.4299656748771667,0.10842964516488983,0.8892432509663434,-0.47917321777961724,0.2610397338867187,0.4086027820600366,0.9711702541488446,-0.021621535039976124,0.4098898768424988,0.19466852181334066,0.9541561608267867,0.027936042695019928,0.3802797198295593,0.3756695201364515,1.338546302330746,-0.1615085282078414,0.0278257690370082,0.2025651399579618,1.3396606525302404,0.2400884696370925,0.0074563948437571,0.3893260284920605,1.7316076581680688,0.03568468478649104,0.0037811829242855,0.1788944995843947,1.7442633730889119,0.4836467648401606,0.0021364062558859,0.3687638311913602,1.771588505335734,0.03162722416949975,0.0060105803422629,0.21779430869854755,1.7836688788412112,0.4947604772227043,0.0043990607373416,0.35783871647758747,1.8762298219743507,-0.2938395299065233,0.0026707334909588,0.2095672813786883,1.8405818267993903,0.18838671199796048,0.0014465090353041
2025-11-11T0772.771625,9,0.39687700336691906,0.11203846619897048,-0.4707100018436702,0.9995660185813904,0.41493284905484434,0.09768085301678356,-0.38829636752926117,0.9990767240524292,0.41937709286379116,0.08171014998059992,-0.4250954967326927,0.9991847276687622,0.4153803493476949,0.10356123137603854,-0.38961940847828386,0.999182403087616,0.3717572476582295,0.07934089621319268,-0.40873532408958335,0.999040961265564,0.3899522214264024,0.040012497738726005,-0.4387852048799208,0.9991081953048706,0.3417869310224287,0.07642608883764057,-0.41519311755874994,0.9989116191864014,0.43538791022361606,0.12308236890204798,-0.19902419332323928,0.9990555047988892,0.3589993199972126,0.09870912280593329,-0.18374155599700456,0.9985955357551576,0.41655137800708064,0.1488477588196269,-0.3656069827332852,0.9997512102127076,0.3417598110616598,0.15585794448417398,-0.3639945438816414,0.999702513217926,0.5019353204489654,0.3683123688260523,-0.1436980222034515,0.9998835921287536,0.24656151509277807,0.32345717869444873,-0.08598863785315998,0.9995275139808656,0.599685215265888,0.628892423289594,-0.15142422898627694,0.9571623206138612,0.13402011949902096,0.6313820594243468,-0.2137406950950994,0.8792574405670166,0.5272132892318325,0.8127625867470581,-0.37583558618397533,0.5409963726997375,0.1061451048681228,0.8629636224728774,-0.662199282564173,0.302929162979126,0.5055230860187475,0.9312532112609111,-0.45184105109868633,0.4196882545948028,0.0916188928992933,0.9391678082383189,-0.7606584297736866,0.200259268283844,0.4626594288191642,0.8941561340583755,-0.5174743603178328,0.4696433842182159,0.12472760867053166,0.9262597269844285,-0.8297769358944035,0.2517965734004974,0.46729631941867356,0.8835757147884725,-0.3860863204307471,0.474903255701065,0.13749325951810915,0.9060587796055974,-0.7160456439919656,0.2802237868309021,0.419534078104144,0.9105193078571856,-0.04503704125942945,0.4510573446750641,0.19664013747841688,0.9287904394119862,0.044690065117081935,0.4219657182693481,0.3971999937904593,1.3429361874644243,-0.01204197781267481,0.0282383952289819,0.1918919921023151,1.3318343403137216,0.23226309514268215,0.0075496542267501,0.40975846732468507,1.7702452183416721,0.3388179996271999,0.0039783427491784,0.19057378363191274,1.7069944837315512,0.5501236519417451,0.0024297700729221,0.39447345295044844,1.8014512074347422,0.38880938253814173,0.0061897612176835,0.2150868507559533,1.8068323028170805,0.5397721873696757,0.0048038158565759,0.3651484875233333,1.8686137511692702,0.053742545901011275,0.0030438848771154,0.19310544323047182,1.8612434718257072,0.27052404313484363,0.0016428732778877
2025-11-11T0714.513208,10,0.34015861003405706,0.14427066921278628,-0.4979354275723134,0.9993804097175598,0.42067399495183105,0.08517158329602571,-0.45875644122787307,0.9986389875411988,0.43158515371127437,0.1000619302407992,-0.4567697428871712,0.998834192752838,0.4356386504504146,0.10602851645607646,-0.466934698854043,0.9988421201705932,0.3507104831222266,0.08892340191968243,-0.467206021621783,0.998698890209198,0.3363787591611928,0.08518980657068388,-0.4559221694804659,0.9988099932670592,0.3652796265790917,0.08423784436227474,-0.4491510674618146,0.9985843300819396,0.4101301687395243,0.11798310028134243,-0.22338271636143103,0.998557984828949,0.34767079033267234,0.08913141636228866,-0.2265594136700223,0.9979470372200012,0.4083993268968683,0.15423720591829593,-0.4023208457301057,0.9995704293251038,0.3489678417616117,0.15268826213716738,-0.4053744225699138,0.9995265007019044,0.5065617286586508,0.39918832314623875,-0.15468918108163807,0.9998323321342468,0.22749591524262586,0.33569141268761776,-0.08352627397649054,0.9994612336158752,0.5740816843494564,0.6284074535404485,-0.2432942007215744,0.9563269019126892,0.13322631645887612,0.6389604494942948,-0.19989649591516406,0.8769886493682861,0.5066251946900829,0.8336375236699675,-0.4606502461587024,0.5549784898757935,0.11706755824918536,0.8920018715572782,-0.6203429030965655,0.3048171997070312,0.5168379386142352,0.9145956625326822,-0.5406964203733508,0.4224156141281128,0.09128450880409354,0.9713183784449466,-0.6847103254911756,0.203746423125267,0.47567390430509915,0.9086929648338252,-0.5762950799527329,0.4717046022415161,0.13255823029349184,0.9258524501003261,-0.7686894488518615,0.254326194524765,0.47788371335363294,0.8952677175534057,-0.4895723985721223,0.4775212407112121,0.16246239756312356,0.9168904125641217,-0.6147214094120556,0.2832686305046081,0.4182624076345535,0.9400230949047232,-0.053164437223537364,0.4442191123962402,0.20963117176492047,0.928532949588408,0.0002065646245515973,0.423734575510025,0.41302252206427437,1.3698263674631617,0.05239841073061918,0.0259068440645933,0.21273704201557503,1.3197861954285734,0.3130603164844588,0.0070470701903104,0.38289940679294115,1.7129475570068744,0.520415024882459,0.0036434822250157,0.17708307025576842,1.7334924486140635,0.7830767532048338,0.0022820050362497,0.40874632528044247,1.8106935541809126,0.5731320537304851,0.0056493948213756,0.1868817006577215,1.7983304807240172,0.8140600981350989,0.0045675341971218,0.3630699978658702,1.8874790892483708,0.20467472549681054,0.0028286394663155,0.22963125445731944,1.881497743749838,0.46911909800367063,0.0015979744493961
2025-11-11T0787.300250,11,0.40259677247156456,0.13863965740008988,-0.4741041877033112,0.9992066025733948,0.42691731220422735,0.10106031403770213,-0.4291994395510947,0.9982694387435912,0.41193577694658423,0.10347952395086912,-0.4211616893089051,0.9984388947486876,0.42773936985749367,0.11546381242391471,-0.4113578681210689,0.9985361099243164,0.3837331776628124,0.08271426620794349,-0.45281990500492175,0.998443603515625,0.3932103674963484,0.08232244762322909,-0.4069373101962667,0.9985467791557312,0.34072034703957527,0.06796638084138089,-0.42625914698473544,0.9983897805213928,0.42733201438149065,0.1289197754612705,-0.2284827238773195,0.9979942440986632,0.34337239267852404,0.1024361537937882,-0.18551281290353766,0.9975256323814392,0.40782721784537085,0.16364662061831067,-0.39926627111711177,0.9994556307792664,0.3470063673585653,0.1564459189346903,-0.3878200476966349,0.999428927898407,0.49617583112037994,0.37429265162686787,-0.20756593952316138,0.9997990131378174,0.23389773320425347,0.31032122598994305,-0.13846205663379918,0.9994721412658693,0.544081715507142,0.6419353472130997,-0.2623859947386107,0.956519603729248,0.14778474942235742,0.6611618116225231,-0.18287029998233906,0.8825168609619141,0.49772060880522856,0.8782467952175506,-0.5212529748525796,0.568382740020752,0.08229541480152777,0.8891298333972781,-0.5972975106387324,0.3328709006309509,0.5434667048853935,0.9258503339570201,-0.59500165194976,0.4286267161369324,0.09495571436684966,0.953864118348119,-0.6946540605805629,0.2303330898284912,0.4474129098863436,0.9131741940676635,-0.6149351340789356,0.4766629338264465,0.09600968211198942,0.9229509692531668,-0.7672668265870343,0.2802616655826568,0.5026127179832254,0.9149729631456636,-0.5504048856091434,0.4840299189090729,0.11341307427908967,0.9318739992876915,-0.6656723925250785,0.3102328479290008,0.41961170938493003,0.91279104280132,-0.0722168413143403,0.4573561251163482,0.19634513720712998,0.9329159519803131,0.056577466585990235,0.446784496307373,0.41492802250692634,1.357699095858573,0.10905716041427932,0.0237343180924654,0.19310535730257497,1.3438969205195608,0.3252369879139552,0.0066166538745164,0.40931990628783316,1.7719052257737427,0.6220558912669569,0.00333699490875,0.21968153321835737,1.7567786641311707,0.7654841786743172,0.0021203814540058,0.37052615988540244,1.8310632319592572,0.6143959204202839,0.0051492359489202,0.17618956910727673,1.8671271964404685,0.8014220939287814,0.0042717126198112,0.37091506438529614,1.9032473536373886,0.2824755405527388,0.0025994086172431,0.2392959430219414,1.8698609403780058,0.4331690024422551,0.001520492718555
2025-11-11T0771.573335,12,0.40599638369380603,0.14139822248862902,-0.5333560259643241,0.999187469482422,0.38976032491120804,0.09916476721460407,-0.4813800990819749,0.9982340931892396,0.4339555513014621,0.10214993897904612,-0.4952988466722181,0.9983879923820496,0.4193788540223387,0.09447193722573707,-0.5031260280028022,0.9984971284866332,0.3783815030634952,0.1082699636600648,-0.47652752882460475,0.9984016418457032,0.35957583412120664,0.08014462538822772,-0.49165484263151105,0.9984919428825378,0.36321871763132235,0.127037153412335,-0.4904554775012419,0.998356282711029,0.44018777311780966,0.17040376013790254,-0.23921418556053287,0.9978901147842408,0.33869626697737093,0.08891468538887456,-0.19285276567707185,0.9974293112754822,0.4033926040956263,0.1678650315756154,-0.46839048710130166,0.999440371990204,0.3720558262008062,0.15987253471569665,-0.4481172496504136,0.9994143843650818,0.5048065282870818,0.3967044629272582,-0.22411120804204432,0.9997949600219728,0.21513336222661367,0.34656807378031573,-0.10314821618449502,0.999483048915863,0.569988240462414,0.6834894853064638,-0.3007809888831135,0.9550022482872008,0.1285488556252591,0.6669909316520956,-0.17149620901065354,0.8836156129837036,0.5222576332306594,0.8852352680690192,-0.5967215550661629,0.5684143304824829,0.11277202132076025,0.8444618999817646,-0.6390159100324565,0.3324156999588012,0.5056794289399368,0.9853517308367071,-0.6883263562768953,0.4212792813777923,0.05600450471032534,0.9521208610826571,-0.7222709737076259,0.2301214188337326,0.49151926962130194,0.9366579003681645,-0.7272011901049944,0.4699556827545166,0.11533234688921501,0.9394676424820451,-0.7722379355761242,0.2799733877182007,0.47966405150559116,0.9389761479188841,-0.6229474391998318,0.4774731695652008,0.1480163852814832,0.9067324362166852,-0.6754010409379801,0.3112905025482178,0.4278206277511712,0.9304838475831858,-0.06574346992186084,0.4493385255336761,0.22736042193769923,0.9369813440305093,0.05625486879970151,0.4426862299442291,0.42542135078341625,1.3986433966957854,0.15907217877338542,0.0216639731079339,0.1980934175741837,1.3789986957501748,0.3580253156920142,0.0060929805040359,0.4010556502378142,1.7795663870713307,0.729135915664203,0.0030493095982819,0.20706088378624485,1.7935134153289478,0.8948461330077779,0.0019389591179788,0.4116451741754519,1.8577313388230987,0.774025188906523,0.0046827583573758,0.17583645320098015,1.8169675696196403,0.9475261847159117,0.003961672540754,0.3555108507874854,1.91931091655018,0.3936680860922567,0.0023804942611604,0.20946392740597555,1.9161961279049375,0.5377605320066703,0.0014178855344653
2025-11-11T0711.284796,13,0.38262808009257765,0.13339899682745332,-0.6553283480429808,0.999210774898529,0.4125836974820085,0.1211749720155105,-0.5884336081762682,0.9982898831367492,0.4209412735098443,0.1256819138640242,-0.5801111286970544,0.9984334707260132,0.45264811409436856,0.11027631810020082,-0.5696802053946513,0.9985307455062866,0.39282436615294575,0.13696290969884628,-0.6158326073955982,0.9984450340270996,0.378990647761396,0.12576382293600394,-0.600521071330856,0.9985356330871582,0.3839580300884298,0.09709837360740291,-0.5961564541287537,0.998410165309906,0.42999791671664056,0.14957992943554232,-0.30087160189287443,0.9979113936424256,0.36367232215418505,0.11233228109612324,-0.2742669670263073,0.997508466243744,0.39705634215050717,0.21224184836626808,-0.5364278410553303,0.9994542002677916,0.362680956791212,0.17527555327492061,-0.5289316098158517,0.999435007572174,0.5033533245139976,0.4242115145466793,-0.2747029086680681,0.9997857213020324,0.22072467324249928,0.36799196606918033,-0.13872943664664156,0.9994953274726868,0.5406520371755943,0.7548926787254094,-0.3021578662267023,0.9493130445480348,0.15557725523397653,0.6551762289996501,-0.2669650711177451,0.8800219297409058,0.49146114174646205,0.9260793383582706,-0.6259865820445554,0.5422487854957581,0.0905986356769566,0.8823827902519127,-0.7331920721413416,0.3194946050643921,0.5256965774968334,1.0467765197299912,-0.7157385954755472,0.3963979184627533,0.03598791450229609,0.9888485276619137,-0.8439641622520149,0.22035513818264,0.48314796065070575,1.00947321617834,-0.7775487144240405,0.4449906647205353,0.09756435914743587,0.9510490707993347,-0.9070206090803684,0.2689329087734222,0.5108732200484571,0.9675004157273762,-0.6712225404292214,0.4507741928100586,0.10026019135026903,0.9216592100693959,-0.7681390202367003,0.2995169460773468,0.4149603107316184,0.9270313501693792,-0.06566464493869403,0.4404780566692352,0.2334238708108241,0.9654831767555071,0.0724092329218454,0.4377713799476623,0.3921249218099596,1.4174011143705556,0.15696584274464648,0.0203569997102022,0.20733683614440945,1.4328779486924688,0.3800322019728361,0.0057099256664514,0.3990693490996221,1.8244013238322208,0.7340603578721768,0.0029015697073191,0.18544078356559546,1.815440174434402,0.9615189034489512,0.0018131050746887,0.3845046327958129,1.85678542461765,0.8051606517689869,0.0043592792935669,0.15602571341571142,1.8463715870580275,0.9805914667907569,0.0038029241841286,0.35476859748081935,1.9654113161965514,0.39117591131333423,0.0022465621586889,0.1973266425291838,1.9107437727957692,0.5547291084564886,0.0013748836936429
2025-11-11T0756.124274,14,0.41528907018289923,0.1503468259259054,-0.7065040494848677,0.9991748332977296,0.43994440090195736,0.13955991079532362,-0.6480171851785642,0.9982428550720216,0.4351893934094142,0.1266907873651402,-0.670329438583279,0.9983832240104676,0.4553975646580413,0.13853192230011116,-0.672528825976718,0.9984683394432068,0.41841736713224076,0.13628076052596005,-0.6808550619586891,0.998372495174408,0.4012159593814173,0.12888430656267127,-0.6844323855754215,0.9984755516052246,0.36563981306385507,0.13072262951610064,-0.667346703788425,0.9983545541763306,0.45273671282816286,0.162298748007979,-0.34843323807581633,0.997780740261078,0.3961746918081337,0.14290433314497336,-0.34501678241746253,0.9974551796913148,0.42547729551561125,0.23128261511833917,-0.6130457901633181,0.9994430541992188,0.39671746609202185,0.20229832955588103,-0.6239246897725192,0.999431312084198,0.5267094395858875,0.45898290307149686,-0.300706607503718,0.999761164188385,0.2531168549660361,0.37751192999947736,-0.2445939094840373,0.9994875192642212,0.5517127271528145,0.7916615300290908,-0.3563642699905236,0.9429562091827391,0.1471237766270082,0.6777525204965176,-0.30212729214004713,0.8797112703323364,0.4811848672776627,0.96220888061654,-0.6795252613852443,0.5185086727142334,0.10539720042850838,0.9004382391170398,-0.7537751327173795,0.3097558915615082,0.5294630539387692,1.0493579250294345,-0.7816310808440221,0.3739515244960785,0.06541176942061762,0.9735659442116315,-0.8472167274902971,0.2122810781002044,0.44433021127607036,1.0362298698546193,-0.8230251149399656,0.4218208491802215,0.12644705307018508,0.9578747520216256,-0.9644368649203231,0.2595193684101105,0.4561475036998033,1.0013107587906953,-0.6982906175679652,0.4270462989807129,0.12942344285937257,0.9275754737077629,-0.7761996800560106,0.2899838089942932,0.4165546052326568,0.9633267051383211,-0.08484706258467367,0.4374622702598572,0.2219633177319467,0.9734035431258445,0.05753733051890829,0.435847133398056,0.40863251506259246,1.4272684408902883,0.20614462414287896,0.0189483109861612,0.1964594072215331,1.3958563960943065,0.40292104786763766,0.0053638922981917,0.3778643345637733,1.8273752992755186,0.8842158778126231,0.0027221899945288,0.18236295293326765,1.7933039086611307,0.9765845819473136,0.0016849772073328,0.35827948160340056,1.8680749393187148,0.9712341919665397,0.0040296469815075,0.1644965689779208,1.8683701993197088,1.0411069903105024,0.0036088500637561,0.3598288975793071,1.9725125243789952,0.5338700589168299,0.0020931658800691,0.19791155640045152,1.9365327635260892,0.5818788842011386,0.0013158139772713
2025-11-11T0761.770796,15,0.4447977956241328,0.2054117663896512,-0.6820373449847345,0.9987056255340576,0.4627809377221699,0.17261512826924946,-0.6600597680660434,0.9973258972167968,0.4672078866522205,0.17567126927840981,-0.6188320921843564,0.9976454377174376,0.5035999917931906,0.18740207862798827,-0.6552024343726137,0.997553288936615,0.4313873725675226,0.11958620010596048,-0.6548533396078372,0.9974706172943116,0.4225962798852479,0.14934937220509115,-0.6349921759304183,0.9978179931640624,0.4234631340838703,0.13876393612877821,-0.6346586079688276,0.9976232051849364,0.5009139162738904,0.21218377294578097,-0.350327335576858,0.9964280724525452,0.4141168465742279,0.17934435844869162,-0.35344208967406093,0.9966487884521484,0.44598171102923806,0.2533774882965222,-0.5862702399322235,0.999093532562256,0.4217175506732068,0.2100843333095221,-0.569754784430037,0.9991990327835084,0.5512087357299361,0.44809859748140235,-0.32555941312644715,0.9996052980422974,0.2549772653391335,0.35067690485991926,-0.21261273448231502,0.9994152188301086,0.5301725212662954,0.7807754847469166,-0.3230834804606772,0.9254378080368042,0.16889413610426113,0.6458226649970149,-0.2811571605675012,0.8730763792991638,0.5036780012272998,1.003079790308634,-0.677742697064647,0.4825440943241119,0.12324481059171069,0.8869047188920391,-0.6141141940583896,0.2954550981521606,0.4864788684199147,1.10526500337104,-0.7543414048724717,0.3469555079936981,0.07388512784443232,0.9673318274492251,-0.7169533771979028,0.2029342800378799,0.4542809519458618,1.0637069989184567,-0.7788641167085163,0.3928022086620331,0.15209599597777854,0.9657269477817694,-0.8147751388312475,0.2491622865200042,0.4435897576092525,1.010190921843578,-0.7148092229543992,0.3980004787445068,0.12238951279441228,0.9419295290448715,-0.6598368812195463,0.2791005969047546,0.4045969483551222,0.9620750879416092,-0.041381036483192746,0.4285649955272674,0.2144244201008373,0.9456652779855786,0.07911189759026102,0.4311060309410095,0.3691891303653212,1.4288764413663224,0.22179632946125552,0.0178143922239542,0.2049290704419441,1.4049774998579676,0.25348656929995705,0.0050577917136251,0.3727530103760735,1.8108244727119875,0.7778551049691801,0.0025539160706102,0.1430194141592086,1.7837187912937824,0.6780115975948593,0.0015702249947935,0.34020640284526393,1.893150527730952,0.789503623765349,0.0037652752362191,0.13127478875516155,1.8536082201285708,0.7223812381898794,0.0034386233892291,0.31061041254860317,1.9904273676084068,0.39448379874777634,0.0019413814879953,0.18614250244793742,1.9274068427833555,0.28623015790872836,0.0012359407264739
2025-11-11T0788.510671,16,0.49761348278424417,0.23371103908183785,-0.6275290975862252,0.9986809492111206,0.511765715990495,0.20269628906364656,-0.6017211299951856,0.99723881483078,0.4982543017239353,0.20423213710183108,-0.605571676937835,0.9975618720054626,0.48798732258438204,0.20070538638483956,-0.5982446236727585,0.9974583983421326,0.4737508170253546,0.18514515701282863,-0.6074334111784647,0.9974015355110168,0.4488794404337739,0.19379669431730237,-0.6155630773378071,0.9977594017982484,0.4584448471798192,0.19488244618044936,-0.613735577021093,0.9975789189338684,0.5511392890374595,0.25085933360725554,-0.2803658181027778,0.996230125427246,0.44427006199281205,0.1965032876616255,-0.37588061317551097,0.996651291847229,0.4758388629549256,0.2874598207587411,-0.5322663311483005,0.9990605711936952,0.4446436348457581,0.2669459382963742,-0.5965622738533443,0.9991841912269592,0.5518006694846396,0.5116938951160453,-0.20802509255108495,0.9995680451393129,0.30533500724599416,0.38669977331007743,-0.19712113044049848,0.9994326829910278,0.549424400306527,0.7879331042568435,-0.23332944790713256,0.8938012719154358,0.16156124035409755,0.6940590268594528,-0.14338519100793187,0.862973153591156,0.5203444077672815,1.0232381478808599,-0.5798793915121563,0.44022136926651,0.12377634853226219,0.9608598780593511,-0.39197552238149175,0.2751201391220093,0.5087076850981926,1.1484433514985524,-0.6505707996901589,0.3169291913509369,0.11553467391966894,1.0387317409941679,-0.42315102861445847,0.1896610558032989,0.48304269093823743,1.1299745501230807,-0.7364688524937629,0.3601348400115967,0.14062080423423426,1.0081409047116978,-0.5464274852376149,0.2341823279857635,0.5071454459264855,1.1027165023501433,-0.5998227951418182,0.3647104799747467,0.17417900398485045,0.9611158390589508,-0.44540861854329367,0.2628489136695862,0.40970673962093473,1.0128233435373812,-0.026110090716080996,0.3918274343013763,0.22902989811496877,1.0058628676877812,0.06963803509210019,0.3965243399143219,0.39255502468101,1.4808565337748087,0.08676108013761297,0.016353053972125,0.22996747351513794,1.4713788682688593,0.14337853921713956,0.0047081960365176,0.34990466866765746,1.8964650123088294,0.5886389522117773,0.0023451126180589,0.17832238836499995,1.8373283425172455,0.5159844422653641,0.0014353907899931,0.35016855768329064,1.9549945065943868,0.6321491742426649,0.0034350336063653,0.16902944609008608,1.9061858340863755,0.497853921986056,0.0031791490036994,0.30027570817033,2.0190456365069918,0.2402199656980279,0.0017801366047933,0.1962917774250727,1.9689170270006844,0.06985424734175262,0.0011445719283074
2025-11-11T0756.782443,17,0.4936145744360965,0.28802211370096753,-0.5262509599556944,0.99865460395813,0.5188056394343327,0.23475615031543637,-0.48040212729467824,0.997186243534088,0.5268667949524638,0.23347011013702024,-0.47198590769161625,0.9975007176399232,0.5500306375293912,0.24480112521508163,-0.49443493653783427,0.9973725080490112,0.4898843469694786,0.2506694728265909,-0.4910192834787952,0.9973960518836976,0.4949539416970139,0.276854512189124,-0.4766859912405715,0.9977608323097228,0.4790648654425623,0.2427770579939981,-0.4594375433408895,0.9976029396057128,0.5438366569740846,0.2980535261396754,-0.2176277809591755,0.9960726499557496,0.4495095146442014,0.23861341914406942,-0.23483727352294997,0.9967504143714904,0.4758351162918434,0.31244443700742724,-0.39438429481483933,0.9990034699440002,0.456595851609542,0.3188926707432883,-0.4535297267816825,0.999172866344452,0.5418144706055279,0.5336344473963153,-0.1283909834115982,0.999531090259552,0.32600527538606644,0.423098750187044,-0.14953110788419538,0.9994639754295348,0.5705884469808487,0.7903630539172604,-0.12450870132685538,0.8635455369949341,0.2002220750941511,0.7066986309074614,-0.07178455130079948,0.8574585318565369,0.5156850893124982,1.0281613126784754,-0.44785995989810895,0.4024253785610199,0.16612403207743073,0.9435687222158494,-0.3488174308445555,0.2587928175926208,0.5113833337272047,1.1020944304976619,-0.5013104855586371,0.2901645600795746,0.13811309087109516,1.0230729286591853,-0.40551593226974203,0.1797867864370346,0.47517394151671927,1.0927561150075222,-0.5697285501426458,0.3309690654277801,0.19571671657161607,1.0380749173389014,-0.4940871135958915,0.2234863191843032,0.4996513661760527,1.0586809062270968,-0.4808478272057942,0.3351529836654663,0.20380546586492243,0.986063210280212,-0.3716284578197278,0.2512459754943847,0.44385335457862984,1.031433913740392,-0.03158931863663668,0.3569684624671936,0.2786951103560228,1.0376721865797776,0.07715136900686076,0.3636469841003418,0.40051953718081484,1.5052979694752953,0.03544033135533438,0.01491538900882,0.2262138362724255,1.4919424873858693,0.08580267173927097,0.0043573807924985,0.3625912191682418,1.9064246558589673,0.4589630545096524,0.0021375168580561,0.17304029465729953,1.8842977328217796,0.370639321360258,0.0013078192714601,0.3392422191608037,1.9695733749905702,0.49096530741324607,0.003119574394077,0.1583605941179234,1.949913771231404,0.3987009225105016,0.0029267580248415,0.3277108031418299,2.024521712815695,0.08969209238026879,0.0016258737305179,0.18058226638928349,2.0226978782999128,-0.05476836031104765,0.0010493479203432
2025-11-11T0747.133174,18,0.547555156415467,0.3132772246288991,-0.36142588006752546,0.9987328052520752,0.5741770626688391,0.3196073114803647,-0.3242476232920963,0.99735289812088,0.5677822464528527,0.29092097210215206,-0.2766960646697218,0.9976420998573304,0.596843804124141,0.3144868485432979,-0.3136902599511412,0.9974985122680664,0.5267437831093025,0.313106636236501,-0.3556125466908611,0.997587502002716,0.5654473711212763,0.2880336231721205,-0.3582195677996336,0.9979286193847656,0.5053858027470111,0.2816402960875398,-0.3587198219671697,0.9977864623069764,0.572852234007433,0.3414499475431746,-0.08568980237499346,0.9963054656982422,0.5160569030267502,0.31439258471663684,-0.2235281610657394,0.9970427751541138,0.5717375865565691,0.38161805362177675,-0.2591313674872422,0.9990243315696716,0.5217684170222395,0.37274871442785634,-0.3202259868441129,0.9992272853851318,0.5574087243904549,0.5752032451991341,0.08441072391464992,0.9994062185287476,0.38110847831954064,0.4261601278879006,-0.165667245057789,0.999484658241272,0.5598940338198092,0.8399542827568169,-0.0430135141215577,0.8370417952537537,0.22174102077314534,0.739671092830182,-0.14130847199398444,0.8512037396430969,0.5510564281258418,0.7450271397292182,-0.3642699104966628,0.4247120916843414,0.21706505963510492,1.0101782025271595,-0.30963094791458057,0.2727594673633575,0.5541255052126723,0.7092330146548644,-0.42100200205320226,0.3139107227325439,0.18798984669919103,1.114416380677698,-0.36424906752545716,0.200665608048439,0.537799871518781,0.5681570184331334,-0.4135856802879006,0.3546476364135742,0.21173902420624519,1.1147889839482745,-0.42037198165312584,0.2478637099266052,0.552687479543861,0.6164251287231108,-0.37400612970468217,0.3553852438926697,0.21406683707574065,1.066071026736741,-0.32834060661773445,0.2720278203487396,0.4784904102852965,1.0448326993756571,0.06198124078006376,0.3228495419025421,0.3207183761143597,1.050411550785441,-0.025477804418788684,0.3294565975666046,0.4168342603886635,1.552143805293808,0.03321758021599272,0.01371028739959,0.2874418605032805,1.5294404392833696,-0.23471558700366316,0.0043362490832805,0.4326164891554264,2.0090420985845494,0.30146927473439655,0.0019353909883648,0.24587815220322942,1.9451507210819208,-0.0710232613977053,0.0011975003872066,0.3877975011714665,2.0377052279677583,0.31483711152376787,0.0028197970241308,0.21376185249974142,1.969299092276541,-0.07778495565109836,0.0026881687808781,0.39144616245700137,2.0931601454991893,-0.02694917891040609,0.0015396666713058,0.29878998845318355,2.072018666609853,-0.4819595582024655,0.0009976436849683
2025-11-11T0781.586128,19,0.5993645300826657,0.4162895740707761,-0.2995837599952742,0.9988398551940918,0.6084545352161712,0.4053040283221192,-0.31249829007300284,0.9975845217704772,0.6176138905626802,0.38727438061503006,-0.2765881405372847,0.9978432059288024,0.5887081798984093,0.3844007166354977,-0.30059787682543115,0.9977086782455444,0.5900351463218393,0.3547212086802742,-0.3166008116655058,0.9978054165840148,0.5859522035962994,0.4033118691192576,-0.3070718145896698,0.9981135725975036,0.5643669749129753,0.3721033517758004,-0.3503526578142208,0.9979838728904724,0.5958245573427103,0.37389418026164883,-0.07741049640431844,0.99663645029068,0.535026951632528,0.34607647963759675,-0.2477826013304577,0.9973232746124268,0.5802733853815459,0.4710619943356164,-0.2419344552221323,0.9991034865379332,0.5929588616566479,0.4277404281358014,-0.29801896762766866,0.9992951154708862,0.5884389106750663,0.630384296654268,0.035633619815317215,0.9994129538536072,0.38391231060891623,0.5349909322613079,-0.2879048094471713,0.999518871307373,0.5973747231902321,0.8440725784573574,0.1760437983791377,0.7838658094406128,0.2770319682520761,0.7808190801960164,-0.26216982229828434,0.8391371369361877,0.5912343125284117,1.000941612485999,0.12628684451785152,0.4000519216060638,0.2617388855358907,1.1202488969513755,-0.37696397421514183,0.2796507775783539,0.6363263528766645,0.9980345539175477,0.09938265104971236,0.3015700876712799,0.21288701211199218,1.195672282539759,-0.45745302591522763,0.220220997929573,0.6020777990442419,1.0138497545000675,0.06778519390248991,0.3440888524055481,0.2546246123684029,1.2409087867709039,-0.5141903110485823,0.27131187915802,0.5970778565729589,1.022879353036555,0.09805665914033493,0.3437687456607818,0.25818996124364496,1.1830093845786802,-0.4325904309009545,0.2920979559421539,0.5325661314987984,1.1331464736778154,0.027641895721842426,0.2913372218608856,0.35969796841004675,1.107941435538098,-0.043774389562322664,0.2974231243133545,0.48192885552709347,1.5833080952160272,0.03179731865185332,0.0124986767768859,0.2985007645409323,1.5890916538298454,-0.09950988630771604,0.0041781277395784,0.47669076644430997,2.023693697586044,0.3785427457414536,0.0017555170925334,0.32030883498206275,1.9809733694421783,0.10233093860749319,0.0010924347443506,0.4286457766607329,2.0515551005964734,0.4173608607923596,0.002550080185756,0.24382710680704828,2.035919794808624,0.09068333241085418,0.0024435680825263,0.49543992834770323,2.1242797349583658,0.07757426295485897,0.001469220384024,0.33956392564475035,2.106045793757264,-0.2895786919447205,0.000933717645239
2025-11-11T0756.783576,20,0.6243273679901796,0.48098160474554563,-0.2481001563638179,0.9989362359046936,0.6280885513611305,0.46513523759034714,-0.2536630633480693,0.997792899608612,0.6316545648900753,0.4052215937147806,-0.2291392571471289,0.9980241656303406,0.6202260838273803,0.44954216323602403,-0.21461246543557438,0.997901439666748,0.6090593148445309,0.450533035799322,-0.2654805045263479,0.9980012774467468,0.618542931708379,0.4206146902630387,-0.25459787073470497,0.9982786774635316,0.5850556103686652,0.4281998159482856,-0.290355707941861,0.998161554336548,0.6084809411495409,0.4525714790649139,-0.06687539042888745,0.9969385266304016,0.5626168396307729,0.42672266228775996,-0.2523657901211213,0.9975749254226683,0.6118929256629813,0.508534561184537,-0.1622521040526389,0.9991737604141236,0.5861137227976896,0.5062209988275348,-0.24408087142958249,0.9993558526039124,0.576845143212465,0.6648316469307802,0.0853053852795336,0.999415934085846,0.4040443747954653,0.5636964477583564,-0.2811315961836645,0.9995415210723876,0.6204146944706269,0.928203763926088,0.237847041098859,0.7309638261795044,0.2935995140991739,0.9078961542741842,-0.26629068704247344,0.8186562061309814,0.6451570937385349,1.0685051831221746,0.14924963100521388,0.3735410273075104,0.2929487855484574,1.1833918085783488,-0.39113242342413096,0.2850545346736908,0.6297228217618713,1.0968291055294168,0.13749554793367189,0.2854668498039245,0.2329177124796902,1.2562013132800718,-0.4211102392254682,0.2377771288156509,0.6565652602903527,1.0621042030823293,0.12606556825398066,0.3282484412193298,0.25328357294058257,1.2710692167075377,-0.475335217703059,0.2910484373569488,0.6437389496309915,1.0865898379275933,0.14416473775749405,0.3268336653709411,0.24871558636623042,1.2612549863667502,-0.4109722500979672,0.3078739941120147,0.5513809310730023,1.1940357241103385,0.04796789907602321,0.2627632319927215,0.3875991501845599,1.1921929263102826,-0.03282548346737426,0.2683340609073639,0.5132217451782395,1.6576597425820203,0.04723560265272938,0.0114410668611526,0.3555098896600151,1.6351275444582936,-0.06801207281084014,0.0042248219251632,0.49503692018832,2.0773979341327564,0.3837699302463001,0.0016018139431253,0.33896217039481363,2.060801463608438,0.09506805314210517,0.00101280992385,0.49433954190551144,2.1165828818913415,0.4050249914565344,0.00231453939341,0.32520108547278076,2.112891859825624,0.09625288932954575,0.002234436571598,0.5609405331381022,2.1913503984653424,0.13993839979824613,0.0015002485597506,0.4135111991310063,2.156046841409621,-0.23824480731574144,0.0009100185707211
2025-11-11T0762.981321,21,0.6273885589785994,0.4950172075415572,-0.2710151497981426,0.9990319609642028,0.6399448518881751,0.465380170189377,-0.2012477350535087,0.9979944229125975,0.6504229446163464,0.49033562833741984,-0.18322157540079181,0.9982035756111144,0.6420536261973651,0.489745104691247,-0.23364878706210152,0.9980921745300292,0.6243407767636912,0.4975329259505688,-0.26279981727629087,0.9981862902641296,0.6134636073463441,0.4819733341565211,-0.24877630697693076,0.9984367489814758,0.5841697213454626,0.4860915461995079,-0.24321108433627125,0.9983301758766174,0.5774145927366836,0.5154612431927028,-0.06341538457338917,0.9972246289253236,0.5625212871673856,0.5076170242052174,-0.21563662725957988,0.9978064894676208,0.6227199496131339,0.5359943635806819,-0.17200078924790455,0.9992440342903136,0.6057496617892929,0.5429197318178436,-0.23680576909127038,0.9994128346443176,0.6293758991820091,0.7156330678669734,0.06851513453362035,0.999435305595398,0.38018989587230106,0.6621007525897896,-0.2646127657736269,0.9995633363723756,0.6601615231102804,0.950561590129456,0.1670024942728307,0.6848758459091187,0.30514842128875536,0.8925732809403039,-0.2618963793659376,0.7902593612670898,0.6924797071771213,1.1349275450358443,0.08446166891272845,0.3470280170440674,0.2372283239235854,1.1599189446948253,-0.3864620674204584,0.2756840288639068,0.7039593841600864,1.1889585946102847,0.07310006949911471,0.268345445394516,0.19464566954094065,1.2285808504691067,-0.4460977326964246,0.2358227521181106,0.7088088732008394,1.145133817352725,0.03052393348139878,0.3115750849246979,0.23149661291756873,1.2429800837982163,-0.49154449286242036,0.2896717488765716,0.6869564074535367,1.1479875101472548,0.062487223745034695,0.3092894554138183,0.24729245198703792,1.2258083099470347,-0.4059216128321763,0.3046235740184784,0.5782108208460978,1.259868231467414,0.04023340833710107,0.2368583679199218,0.40520550529352234,1.2412176047670798,-0.06463346010714154,0.2419131100177765,0.5848521417282466,1.6760827071413422,0.0146305292479058,0.0103923948481678,0.41957715117501626,1.7257263673918743,-0.06994285467395342,0.00393044995144,0.5602038382092026,2.0845785227965146,0.37145274109334575,0.001450571231544,0.39406383234783965,2.093214358919368,0.11295184411895023,0.0009191636927425,0.5534668717088083,2.1734357034844476,0.37358989778030194,0.0020924096461385,0.3712153138240489,2.153085552852201,0.117982019430376,0.0020201348233968,0.5852761254709187,2.2299942838138778,0.08258558475260494,0.0014014377957209,0.4678949874245139,2.2232800173589156,-0.26947093374488695,0.0008382729720324
2025-11-11T0771.765475,22,0.6135435073524292,0.6154620430228386,-0.31961001881888723,0.998880922794342,0.6610709453372031,0.5583447848018475,-0.28896032908826796,0.9977136850357056,0.63588772591381,0.6012120992482194,-0.29467110880300235,0.9978143572807312,0.6361510442638973,0.6041493673423314,-0.31036916743076864,0.9977327585220336,0.608198785005534,0.5974992090480035,-0.3164967271852953,0.998009979724884,0.6288992452655774,0.6144618338182607,-0.3227392825066352,0.998245358467102,0.6086616325052273,0.5516421176875846,-0.30967276175667996,0.9982171058654784,0.6473420075684154,0.6404385282697879,-0.07409602826037974,0.9966912269592284,0.5387754115533875,0.6121115405193851,-0.21157650813174433,0.9977302551269532,0.630454414964411,0.6748120941204975,-0.25143532805819635,0.9990659356117249,0.6129719757261042,0.6849245175715811,-0.256935630529875,0.9993290901184082,0.6749109532930662,0.8225327810531282,0.007144481063431974,0.9991896152496338,0.44266796053657564,0.7867226106632593,-0.17347261963183422,0.999538004398346,0.7100123443898133,1.0429093002935972,0.10013645746311267,0.6372133493423462,0.33675074163845115,1.0112294595862121,-0.2479216618941961,0.7693316340446472,0.7338312644185266,1.2981978232214317,-0.029605920729822002,0.3187601268291473,0.30275263761497395,1.2790489495660433,-0.5189431641205494,0.2784182727336883,0.7239920191116151,1.370266001600807,-0.02565045658695308,0.2488524466753006,0.23641783206477118,1.3378577342018938,-0.5879224736816235,0.2414012402296066,0.6932253642574352,1.3649603611794523,-0.079365066041508,0.2905309796333313,0.2951910506626957,1.3276712247614333,-0.6106120983035564,0.2972379922866821,0.7204988741354369,1.3186456513787765,-0.03144979498645157,0.2876462936401367,0.30088329446856804,1.3032893526130302,-0.5251118417965734,0.3099234700202942,0.623141601979241,1.355950163881613,-0.012924399410718122,0.213748350739479,0.43093543418243163,1.3530677998771745,0.0046324084541747145,0.2185916900634765,0.6035874677065851,1.8066748338483323,0.04136720273464462,0.0094732856377959,0.4241330615918351,1.8120107488290003,-0.021642795433468906,0.0036302912048995,0.6320475791788043,2.2288134461586373,0.44019841027437406,0.0013195684878155,0.42409159200585966,2.1946329663272364,0.2295992497470744,0.0008347104303538,0.6080889415937534,2.243903052941332,0.42740066569296375,0.0018950006924569,0.4608809912621793,2.2427774363887787,0.2557168887663846,0.0018378848908469,0.6013919837562781,2.306086167473876,0.1332969506966374,0.0012835278175771,0.5108669852001954,2.3290914764033555,-0.1090825478976356,0.0007708625635132
2025-11-11T0716.324402,23,0.638453020094697,0.6722266504452971,-0.30664881302469743,0.9987971186637878,0.6580878052369123,0.6503098470586766,-0.2628412974211722,0.9975692629814148,0.6703942975611145,0.6241215323544618,-0.3023903122634572,0.9976847767829896,0.6831769241213262,0.6457901457389575,-0.29605633562262973,0.997605323791504,0.6228053075625758,0.6535175282004588,-0.2914937057691043,0.9979044795036316,0.6463109904735777,0.6313223565718677,-0.30322412644243396,0.9981421828269958,0.5943333306117985,0.6475394476299986,-0.3015222439627289,0.998123049736023,0.6336726331232528,0.643627691184326,-0.08928455583687951,0.9965511560440063,0.596117971667326,0.6721929503385711,-0.14106915021334565,0.9976837038993835,0.6634353675122571,0.7521499565953151,-0.2615557337608182,0.9989222884178162,0.6066152682638899,0.7046770605513493,-0.2907897900937305,0.999219536781311,0.7356892079863582,0.8811829726806437,0.0024405834794021366,0.9987747073173524,0.5209180976476148,0.8841167234492819,-0.17784174311926693,0.9993869662284852,0.7357416679173926,1.042908374209521,-0.004773752547849387,0.5860854983329773,0.37352071844976076,1.0355025768253752,-0.18792469603530793,0.72882080078125,0.7732179471565017,1.3035275857047324,-0.05849246390781252,0.2912394404411316,0.3458431084496915,1.3218878483341996,-0.33256099876121914,0.2656630575656891,0.810644298941621,1.4244877097675128,-0.11472977725497226,0.2299689650535583,0.3029667572681659,1.3814723034166938,-0.4038741618077721,0.2329800128936767,0.8014986423946562,1.3946232714754276,-0.14248617359558788,0.2704247236251831,0.3346945820571184,1.4145633656125218,-0.4167088063013575,0.2889783084392547,0.7755815854366764,1.3788956021936614,-0.05756327318819124,0.2676399946212768,0.36288874135041205,1.3748544558012388,-0.37969573263329226,0.3008182644844055,0.6592153637802568,1.3988942962728936,0.005951505624727193,0.1926314532756805,0.48942670659349446,1.3780800092209555,-0.006534526777003933,0.1970638781785965,0.6867273997028033,1.8237252618625852,-0.0732640786347626,0.0086098769679665,0.5142461905284408,1.8349436263686092,-0.09010133048733979,0.0033386996947228,0.7126885901719429,2.2497170760750107,0.25246601266652097,0.0011960961855947,0.5425170175238608,2.235932096903841,0.07264222732179353,0.0007554230396635,0.6996988813895919,2.3045170053729813,0.2777807156441832,0.0017145104939118,0.5450037421751925,2.305581379579276,0.08439917480369283,0.0016613512998446,0.696587194263184,2.3846968824298442,-0.05401298387129637,0.0011764399241656,0.6187927549660862,2.3267257156763397,-0.29924518297147285,0.0007067646947689
2025-11-11T0786.246888,24,0.6726968883737828,0.7285084361258283,-0.5727861560535805,0.9918524622917176,0.6956270979017188,0.7226535511735015,-0.5282509911684516,0.9852181673049928,0.7105797053342598,0.7211939000977986,-0.553902731101052,0.9844551682472228,0.7224257584431542,0.6972096020164477,-0.45864985656781354,0.9846045970916748,0.7058671008497543,0.6796150561356252,-0.514213397920474,0.9873153567314148,0.6513451878221579,0.7097742922778666,-0.5018740571110055,0.9878963232040404,0.6748957084852751,0.7139384387371367,-0.5005789811055743,0.9899125695228576,0.7592895606311777,0.7394583155819651,-0.30435644182891153,0.9771453142166138,0.6373878454446087,0.7070723521739388,-0.2755130986271759,0.9876795411109924,0.6910295937399881,0.7766992294255171,-0.4610092391441418,0.9921723008155824,0.6403780238817751,0.8013762373620167,-0.46285236892574527,0.9945950508117676,0.7894103762662117,0.9346884794703931,-0.19952526667405582,0.9896671772003174,0.5475393148488096,0.9156901740358006,-0.15311854023943294,0.9972962141036988,0.81618572004832,1.1472351480740761,-0.2478134752112942,0.5367105603218079,0.4837948623524828,1.1003304551526074,-0.16278166597333207,0.6803073287010193,0.8154178214749204,1.2959210667328698,-0.4472683122147525,0.2676668465137481,0.47721823360205234,1.3526381996128065,-0.30853753433335274,0.2482781708240509,0.8333077341214536,1.342667701190864,-0.5297309288297564,0.2160727679729461,0.4489723400948046,1.3804190672375005,-0.4251246585836524,0.2207850217819214,0.8091831704697163,1.316404512202067,-0.5774111833933482,0.2561594247817993,0.43209200363043937,1.3813094011513607,-0.46289958984082946,0.2769156992435455,0.8061232757106106,1.322048187125011,-0.5026960796060063,0.2528713941574096,0.4775670547259009,1.3658689606068064,-0.36013183208739025,0.287885308265686,0.7226275489141045,1.4325058329881324,-0.023716203343409258,0.1734256595373153,0.5833517571881086,1.3705850597954923,0.0301840674636723,0.1774370074272155,0.7224604141733935,1.7804549727045096,-0.14450178994515173,0.0078657977283,0.5447998513244864,1.796134972604993,-0.16713846292272652,0.0030786225106567,0.7265143177908922,2.2298299539224735,0.12161512532727843,0.0010864279465749,0.6004123819847383,2.1869978156662335,-0.00666412598222886,0.0006828511832281,0.7331425353693729,2.2717046640342833,0.08587641104698365,0.0015506542986258,0.5586512362202659,2.2649433994620667,-0.004637594476661269,0.0015043289167806,0.6947159876568441,2.3592096147320185,-0.288750720434038,0.0010698135010898,0.5756737558419451,2.3459573598582404,-0.4290807607321367,0.0006483389879576
2025-11-11T0781.903762,25,0.7487814586256022,0.820798814341519,-0.6863347812692268,0.991696000099182,0.7638817650647873,0.8028736565680171,-0.6418498419680262,0.985356330871582,0.7608713882452754,0.7946293226198686,-0.6583318203282695,0.9844667315483092,0.7689841460972201,0.7907937602389925,-0.6701905277292847,0.984615683555603,0.766974225112658,0.8049029376581953,-0.6584323322187331,0.9873650074005128,0.7435659658234475,0.7965271881599513,-0.6760997510709034,0.987898588180542,0.6953339230655232,0.7625552962124311,-0.6877132956451099,0.9898940324783324,0.7532129407565811,0.7997544274975723,-0.4098423955344054,0.9775394201278688,0.7099160720676476,0.784890086172418,-0.46713285051214337,0.9882665276527404,0.7648940201817325,0.8575037536973564,-0.5826434630839747,0.9921558499336244,0.7310484410559116,0.83797411644413,-0.6025920852187034,0.9946301579475404,0.8340933687112835,0.9321968949233819,-0.20218045253827518,0.9898346066474916,0.5830443674270845,0.9104462036849282,-0.3183748938973413,0.9973106980323792,0.8515374783012208,1.1217996057305817,-0.15630319491924377,0.5164908766746521,0.536583525558079,1.0752023135739393,-0.334373142360972,0.6779299974441528,0.8067528935791741,1.125506972844181,-0.40544941535316836,0.2812578976154327,0.5017877388553169,1.3015124320187217,-0.5949194680613099,0.2457359433174133,0.7889551084591473,1.0814065191619655,-0.45186218170053366,0.2287496030330658,0.516533533196287,1.4118607235051248,-0.6529791098447852,0.2198874503374099,0.7913602599958434,1.064795861512847,-0.49404038022675456,0.2689424753189087,0.5040640896620437,1.3623567971711106,-0.7219946545222642,0.2765184342861175,0.797802591695576,1.0864850553259835,-0.4209335298178679,0.2637937664985657,0.5362275326334377,1.3622142062944165,-0.6080819329181315,0.2864201962947845,0.750662140950108,1.3812063009995814,-0.009972670564968686,0.1564144343137741,0.5970791881937406,1.3392772688740857,0.04013154374607511,0.1600276380777359,0.7382123991089445,1.8018159880347315,-0.06426963764007165,0.0071628470905125,0.5836311439506018,1.7593970265582628,-0.12753561692655044,0.0028314106166362,0.7108216120005313,2.1660634683852997,0.2185745583595436,0.0009834808297455,0.5850842839875839,2.1435127271354313,0.009990521597438117,0.000616232457105,0.7097084441332343,2.2847120401188143,0.22946179183720924,0.0014020268572494,0.5875521458318713,2.2357129544236183,0.006487378048866276,0.0013616463402286,0.6736968235564352,2.302380288004891,-0.1627834783658775,0.0009738496737554,0.6301344310310679,2.2982268233777,-0.29465205094519076,0.0005919606192037
2025-11-11T0716.695382,26,0.7893289425594747,0.8954960730182155,-0.7012361082275308,0.9909910559654236,0.7671716086048901,0.8408826718100377,-0.663611422179526,0.9841219782829284,0.8044415099844435,0.8560800933713051,-0.6604041251720948,0.9832242131233216,0.8124571583573066,0.8320482642076196,-0.6580104911306265,0.9832001328468324,0.7845326187361839,0.8781696968544781,-0.7193877328176533,0.98646742105484,0.748131429340518,0.8413130671182226,-0.7104831345679449,0.9871471524238586,0.7448686882732368,0.8253049377857863,-0.7058054355248996,0.9889293313026428,0.8162490057393295,0.8559111489945135,-0.4069023527880892,0.9767704606056212,0.7238154602879698,0.8257668248675446,-0.5721924312718639,0.9880375862121582,0.7805660593602581,0.8742818631174035,-0.6292219891439532,0.9919216632843018,0.7280036465720833,0.8745852780009029,-0.6172689128012765,0.9943927526474,0.8679632828316239,0.9775148299447971,-0.1303871897221171,0.9901024103164672,0.6093429636580215,0.9349137759200153,-0.4269856263963836,0.9972736239433287,0.8529468835400114,1.1430200508363788,0.0365769203591856,0.4902725517749786,0.5477914135724351,1.0662944985831149,-0.38624450988654807,0.6761635541915894,0.8274851556353011,1.2977633495075565,-0.09939036611938683,0.2557070553302765,0.5310090540743108,1.2904334249501384,-0.5871275722649734,0.2344048470258712,0.8539202843135764,1.384110586685603,-0.10924696119980427,0.2088296711444854,0.504556894022498,1.372237059712241,-0.6608263336099428,0.2109720259904861,0.8577401598658722,1.3540604718662446,-0.20130003806932845,0.2464199364185333,0.5374201524271136,1.3788242658822156,-0.7252782127457464,0.2661506831645965,0.8435344807059424,1.3106432113565498,-0.14029167397659753,0.241861030459404,0.5503983936187267,1.3593280455771122,-0.6342116232520203,0.2741725444793701,0.745538064958409,1.366983450218695,-0.009617459780144777,0.140953779220581,0.6094062570313373,1.3575626200707405,0.011550074641175748,0.1441882848739624,0.7232857892992293,1.7483605652544383,-0.006799012690261237,0.0065924311056733,0.5927326479283763,1.7326271700041684,-0.044601782261689676,0.0026742666959762,0.6982731651106777,2.1200493256440844,0.3203956920841377,0.0009055193513631,0.5813832671370033,2.143940284798278,0.12642054707324218,0.0005672966362908,0.7020944272689331,2.1874740194647018,0.3346898042049555,0.0012777966912835,0.5745972806939559,2.1589045812978105,0.09095897736432343,0.0012609490659087,0.7090854596888212,2.2439297173837254,-0.05512371536284619,0.0009029670036397,0.5896362104402869,2.2184110916588704,-0.24227485529784923,0.0005572607624344
2025-11-11T0723.278759,27,0.8154810227111553,0.8761303171666351,-0.5113958619375735,0.9878677129745485,0.8115381226060413,0.8654518416241113,-0.48665640689605283,0.9795898795127868,0.8234505010691713,0.8660306567891493,-0.4972836867166517,0.9780508279800416,0.8123381334954509,0.8278433146956647,-0.506945040154703,0.978399097919464,0.7998696501793314,0.8549298319397755,-0.5489972045712012,0.9833111763000488,0.807072868499502,0.850266843213252,-0.5638155676560307,0.9838169813156128,0.7875280180354212,0.8041396777502096,-0.5481899427550782,0.9856207966804504,0.7926696395916358,0.8637414747481398,-0.315364742975169,0.971494734287262,0.7732433992013283,0.7984681060294389,-0.46408140543906806,0.9851753115653992,0.783676995182805,0.8833452828124179,-0.4517395433135315,0.9904974699020386,0.7834703470426351,0.8751643441119223,-0.5466665962271037,0.9934120178222656,0.8331546905782288,0.9783519205096871,-0.10364897907960513,0.9898568987846376,0.6358465475588956,0.8962652926040773,-0.3610716735964383,0.9970086216926576,0.8400827002099386,1.1624428324482081,0.07990098557620491,0.4640673696994781,0.5534086409397343,1.1142101722852094,-0.3753584751711427,0.6539540886878967,0.8821138847451022,1.300219706765255,-0.00030190936261537474,0.2364299595355987,0.5441000039429978,1.3079918621156064,-0.5443229745421393,0.2240042984485626,0.9067340100233798,1.3764556994172574,-0.050631510266176495,0.1940679252147674,0.5105016005639841,1.3687976833038797,-0.6409433841591637,0.2039046287536621,0.875040658948812,1.3414222484144847,-0.11308570538990673,0.2302653938531875,0.529758348976917,1.360502902836666,-0.6880004913778578,0.2580682039260864,0.8637199748451303,1.3685163991198492,-0.054980919416678944,0.2263424098491668,0.5405450121651284,1.365425273589979,-0.604412657983527,0.2635884881019592,0.7395571056525196,1.3774863861415725,0.02627823841766462,0.1270283311605453,0.5989615293193681,1.3593549235195495,0.011061146381573081,0.1299071907997131,0.7250464822959929,1.7494580520804828,0.011971328245719818,0.0060646925121545,0.5855585052843242,1.708812297789673,-0.07150758435408111,0.0025585929397493,0.7038019177522733,2.0788873026161627,0.32462754682251116,0.0008230686653405,0.5743676053231588,2.05104125494422,0.14398110869244146,0.0005196728161536,0.7186522551645178,2.130993474941797,0.3372260281199057,0.0011548436013981,0.5831767723282474,2.1167138719905685,0.16016221585714527,0.0011553248623386,0.7117643428829442,2.203546457507672,0.0122982282301246,0.0008360614301636,0.6008770910757142,2.1225360821047268,-0.21769297439942076,0.000525823503267
2025-11-11T0781.347768,28,0.7967100534327298,0.8948142346292235,-0.5710032626300279,0.9845768809318542,0.822661885274363,0.8825232744459995,-0.5269698942744787,0.9745520949363708,0.8103062881028951,0.8604583697940565,-0.5320739571725798,0.9724246263504028,0.8033236988710704,0.8893786784986449,-0.5166347751135641,0.9731635451316832,0.7982335770126853,0.8213321850797481,-0.592280715632482,0.9795727133750916,0.826283918419108,0.853031873764592,-0.5741494545925903,0.9799789786338806,0.7966277143337175,0.8456029407071578,-0.5957688396978864,0.9817593097686768,0.8165005884283507,0.8716865157463587,-0.3272434144673381,0.9661211371421814,0.7972691695564303,0.8016543326585539,-0.5557231010640338,0.9820828437805176,0.7985518625230114,0.8802613007602006,-0.4727192831559453,0.9892995357513428,0.7854812517306575,0.8932335856253824,-0.5642461084618337,0.9925734400749208,0.8176426811021016,0.9864051297199564,-0.1336294908047082,0.9899412393569946,0.6103182126016518,0.921870388794682,-0.46343727684796726,0.9967421889305116,0.8726445017623603,1.1531066242517043,0.06570421124596192,0.4342114329338074,0.5455362420119979,1.0927106138085942,-0.44604881704432053,0.6343162059783936,0.8659518815836182,1.3193999057719443,0.03186238888178403,0.2153381109237671,0.5408181429146833,1.3164611986630035,-0.5810704855802684,0.2092920243740081,0.8873725949962602,1.3292359180680824,0.009254512956153465,0.1770858764648437,0.5188739524663794,1.3453277744442016,-0.652511635699692,0.1912118047475814,0.8716186962725474,1.360794741958349,-0.07691750831629399,0.2107205390930175,0.53303980991342,1.3556893435335897,-0.6836210224427939,0.2428051531314849,0.8715012535366351,1.3693405158835197,-0.018254607627763843,0.2072530686855316,0.5343537065513975,1.319173655958274,-0.6043185029746786,0.2466338574886322,0.7605575654076618,1.3762503600464928,-0.0007877119281864409,0.1144763082265853,0.6025650082533126,1.3258063744125372,-0.03396280041083964,0.1170159205794334,0.7282523303397721,1.7408964930274002,0.07030494859787535,0.005679543595761,0.5809725552211044,1.7395860828815426,-0.05672150135663895,0.0024928832426667,0.6827855518694673,2.0573045767842078,0.4334469344830289,0.0007520743529312,0.5599789231151672,1.9887706646111518,0.2066470933617494,0.0004759643925353,0.6952937352577052,2.0954365214610755,0.4793215501771142,0.0010457267053425,0.5516854210500757,2.0461007279713437,0.2725904515460057,0.0010600301902741,0.6681776044040586,2.1415501715143805,0.1700106549591669,0.0007796389982104,0.5874454621216669,2.1019200968495793,-0.10165315711629488,0.0004933175514452
2025-11-11T0713.787195,29,0.7926024970456759,0.8839390059984213,-0.5834716016053778,0.9812852144241332,0.8482542687536173,0.8218261645785749,-0.5691894777579418,0.9695905447006226,0.8214426323244266,0.8791141502507559,-0.5781214766841868,0.9668163657188416,0.8293040311813633,0.8647855980612371,-0.6100692027911756,0.9679378867149352,0.8452253048438324,0.8578801364168231,-0.6046477822666787,0.9754486083984376,0.801519983737345,0.8345326895145262,-0.6098572789082681,0.9756893515586852,0.8154995066375837,0.8572126874105872,-0.597728224255214,0.9775146842002868,0.7996315274260185,0.8594587000343155,-0.36468698475088696,0.9606181979179382,0.8027012228259259,0.8341985629856111,-0.5702901720952103,0.9782021045684814,0.8068679420177811,0.9094780497402777,-0.5001424319889992,0.9882636070251464,0.7649687195614233,0.8884502426018139,-0.5815051419912717,0.991758406162262,0.8442810170332575,1.006813319930119,-0.16112134261911232,0.9899709224700928,0.6282965673779393,0.9152008728129087,-0.4539197924333218,0.996237814426422,0.8519406719736603,1.1344144978291066,0.026192145537363078,0.4095684587955475,0.5414513012516641,1.0813924240105501,-0.40803578984557864,0.6150274276733398,0.8808661205500792,1.2892060427277123,-0.014079435582183813,0.1965519338846206,0.5455719755234107,1.2638597188362324,-0.5570228144365108,0.1943075805902481,0.8667662362800441,1.3909412409673723,-0.0368509773753631,0.1618053466081619,0.5306554097603189,1.30222699608287,-0.6262619508680907,0.1778281331062317,0.9050820998102098,1.3701916051529184,-0.07795402274561458,0.1930469125509262,0.554238890106042,1.3580015842486532,-0.7016701470065015,0.2264124751091003,0.8794475091891668,1.3305755780013828,-0.04733815768320578,0.189857617020607,0.5437649681013654,1.3200492782122824,-0.5833635355192576,0.2290020883083343,0.7362567448044045,1.3689437460370661,0.0368460937071885,0.1032062172889709,0.606126981833419,1.3611902656790271,-0.00634396666869432,0.1054235994815826,0.7108480698559432,1.7324301319524071,0.07734526022331598,0.0053777862340211,0.5958847561553385,1.6745421704831873,-0.023974814019193984,0.0024553893599659,0.7084847958026759,2.0316831873162235,0.528093326275061,0.0006895958795212,0.5485318576268429,1.9941595437468917,0.32287664455207676,0.0004380478640086,0.6729995877397985,2.0824727238926988,0.5067319382652666,0.0009474701364524,0.5464505426272304,2.0098098530428214,0.3154163815946467,0.0009795882506296,0.6988244540673505,2.1351085280558246,0.17784877115808673,0.0007261693826876,0.5869743259427069,2.106110684492374,-0.059157582100533346,0.0004674352530855
2025-11-11T0721.857984,30,0.825573326361797,0.8796771033821218,-0.6280393456795176,0.9804347157478333,0.7936380956928971,0.8697698358110008,-0.6108891375412895,0.968397855758667,0.8262368558463593,0.8884170210246407,-0.620355460451649,0.9648813009262084,0.8434296130938583,0.8565939984711984,-0.6201537380913186,0.966592252254486,0.7931021087525546,0.8732872755752669,-0.6814035343241841,0.974453866481781,0.8265104006564772,0.8480701007932439,-0.6396928076357702,0.9743069410324096,0.7948571562343669,0.8487256460862885,-0.664875134556259,0.9763734936714172,0.7870308080402062,0.8750238117948286,-0.4088680601925883,0.959288477897644,0.7738207089462447,0.8367196461392147,-0.6010254797369143,0.9772661924362184,0.786400932829607,0.8953709263549047,-0.5457726747187651,0.9880885481834412,0.7814034101991953,0.8868178271676224,-0.6298611653505349,0.9915940165519714,0.8245400891789048,0.9659283630727641,-0.18401410555831485,0.9899932146072388,0.5842378758495115,0.9033674860623214,-0.49401098970158064,0.9959227442741394,0.850691058795784,1.1503095316114322,0.02523603288684015,0.3826099038124084,0.56941654025576,1.0793140186546402,-0.44022274021989816,0.595283031463623,0.8704356355167291,1.3422860146212796,0.03794811817781081,0.179339200258255,0.5362684137142395,1.255005157928383,-0.6162051563543282,0.1821341067552566,0.9022494920566849,1.347281201038081,-0.000775031912667425,0.1481314897537231,0.5174249296122648,1.3526739412328592,-0.6477494079415654,0.1671640127897262,0.881392699325146,1.3796522808172185,-0.07883753269615418,0.177362248301506,0.5525271306211893,1.3403921761573747,-0.7262025778307132,0.2138381898403167,0.8737079094441385,1.3461358321844072,-0.00651531243870105,0.1744214296340942,0.5749043567335571,1.3222068242880327,-0.6375763301031918,0.2150607109069824,0.7582802344209097,1.3533269376065975,0.02499141536911763,0.0930188223719596,0.6019590086964479,1.3309019959505124,-0.01339519685313063,0.0949616879224777,0.7118782778034841,1.7203318226328803,0.05969652458420308,0.0050556855276227,0.5962668426778989,1.709002019707312,-0.020970066471507343,0.0023604303132742,0.690681733153192,2.0168139914400784,0.47349076333679174,0.0006290701567195,0.5722431506802106,1.9940555532064397,0.3029376279136965,0.0003989412507507,0.6916149912670874,2.080188896767704,0.5160964765884596,0.0008575025713071,0.5958667627556951,2.042644381914647,0.29854799079799943,0.0008940293337218,0.6889837335093238,2.126771433055423,0.16578712429078993,0.00067003024742,0.5760215070894281,2.0616672144025956,-0.07656846713753136,0.0004364798951428
2025-11-11T0731.452443,31,0.8337841004543639,0.8979146650452173,-0.6422478060467053,0.9806364178657532,0.8256165731919984,0.863859899368743,-0.6174246539269413,0.9686660766601562,0.821319367734444,0.8769995602822919,-0.5966464967138622,0.9651809334754944,0.8218674811716886,0.8910601881318297,-0.6212861755674413,0.9667471051216124,0.831539360509827,0.8543151446281357,-0.6425475208394866,0.9746734499931335,0.8111209100257951,0.8801379258581957,-0.6632216221720568,0.9745213985443116,0.8051508127576987,0.8518660449799781,-0.6449570044580974,0.9764253497123718,0.8441178450703806,0.8784952212302082,-0.3717217168648904,0.9600796699523926,0.7247206652020152,0.8290111529637529,-0.5901799419460146,0.9776211380958556,0.8031123148500494,0.8965709267336178,-0.539658743441522,0.9883760213851928,0.7591114406150826,0.9234594571942626,-0.5969330677831255,0.9917941689491272,0.8310984323110291,0.9629532191934974,-0.1700063005152333,0.9903713464736938,0.5978744186746614,0.9268371325210407,-0.4423056644637083,0.9959202408790588,0.8758631269875911,1.1463264773941626,0.08406391385709555,0.3578203618526459,0.5362655734779308,1.0483722634996047,-0.39700117290600623,0.5825361013412476,0.8413579353674882,1.3446415215530771,0.02395287679209422,0.1635812371969223,0.5175874143640772,1.3024332748386425,-0.5835130839270668,0.1704398840665817,0.8416673451563199,1.3841212931768263,0.01547031126406367,0.1354577988386154,0.5205436330436474,1.3319784253139788,-0.6385082081736789,0.156620368361473,0.8770364311686152,1.36428441195196,-0.018929812585629143,0.1627266407012939,0.5430816292533238,1.314026818503813,-0.6934310027636041,0.2011985778808593,0.8553288956945556,1.3459395788998485,0.003947097467260033,0.1600059568881988,0.5355732350462223,1.3399578798173033,-0.61900989056556,0.2012827843427658,0.7305790376574606,1.3737680426961543,0.013340895007064611,0.0838391482830047,0.5998961027395969,1.3453584567756318,-0.018821122328659637,0.0855438932776451,0.7155246702259652,1.70511129869725,0.08203964840982741,0.0047544068656861,0.5812995927837805,1.660764519370191,-0.0012441236154061806,0.0022730170749127,0.6925054229871054,1.9953500428525388,0.46106212966027105,0.000574697041884,0.5759106088128776,1.9983504691949694,0.27071839070586456,0.0003639860078692,0.6887558012027369,2.0681424598577145,0.4949914630728207,0.0007772195967845,0.5553841265279023,2.0066398050934993,0.3128147746723077,0.0008190436055883,0.6881825684241607,2.104831878380854,0.14140904795153197,0.0006215098546817,0.6009746704696319,2.0489694490761092,-0.0749711251250723,0.000408618041547
2025-11-11T0760.460833,32,0.810398695724044,0.9025808827233486,-0.6401935111106467,0.980751931667328,0.8329171932958085,0.8853981872656327,-0.6193688803318284,0.9690030217170716,0.8422873169457443,0.888648845751987,-0.6413453234656489,0.965646266937256,0.812957607191229,0.8840007817612744,-0.6353384625922502,0.9670246243476868,0.8124086798804677,0.89806063601351,-0.7061304343428528,0.9749441146850586,0.7875386711652199,0.8549997532490483,-0.663543728511738,0.9748408198356628,0.8124871975197456,0.8395294995857261,-0.6771112080668078,0.9765775203704834,0.8017078255206225,0.8688173168534556,-0.3858079299074681,0.9612236618995668,0.7903894683533482,0.8520469432151903,-0.5993646800226511,0.9781425595283508,0.7999089857168864,0.9014432802756257,-0.5616691954419496,0.9886614680290222,0.7919437066799898,0.9166507659881463,-0.6315311618232436,0.9919782280921936,0.8142085940377252,0.941694446314544,-0.16358976223493518,0.9906745553016664,0.6133930140304826,0.9006410382293368,-0.4822037839094201,0.9958964586257936,0.8435804727842975,1.1734519226011613,0.054632070791052596,0.3352664709091186,0.49603960999255864,1.055905930941145,-0.4162238435425185,0.5702004432678223,0.8654125403559196,1.3295634152451345,-0.006556990396280257,0.1489468067884445,0.522365893190481,1.264424322648237,-0.573099694413495,0.1590142697095871,0.8912675495960104,1.374744762149697,-0.0163636473921,0.1236552968621254,0.5172716860716543,1.34489268551673,-0.6622523791673658,0.1462485939264297,0.8504738200107004,1.3803820805844547,-0.07486578761108155,0.1490115076303482,0.5277474390573836,1.3485487588311904,-0.674687104692315,0.1887279897928238,0.8458627290675205,1.3556676006805255,-0.04426846676472158,0.146456778049469,0.5478932596671807,1.2921527843947265,-0.5854049405979652,0.1878969669342041,0.7535731471698923,1.3809836212909838,0.022717078830776227,0.0755907595157623,0.6122442837725264,1.3686712074189822,-0.017751640832588938,0.0770795568823814,0.7317122450727946,1.7025758416103218,0.039220116938025996,0.004593544639647,0.5898212807152745,1.679504297980762,-0.055757405517683684,0.0022347376216202,0.669394532913586,1.9985348466001223,0.4134924729833944,0.0005304950173012,0.5714165736875619,1.9639168999918273,0.2276611568827788,0.0003337891830597,0.6988503912068461,2.03776430772,0.40485062356894685,0.0007085768738761,0.566786268733473,2.003054549112836,0.20933047288871826,0.0007564668776467,0.6773368556384175,2.0715658225184956,0.07764942659623193,0.000583064276725,0.5651159267439413,2.049739475577031,-0.14765961024235624,0.0003864071331918
2025-11-11T0746.766177,33,0.7948976018722718,0.8801034515309386,-0.80894233420198,0.9815925359725952,0.8096761210104069,0.8527683147852152,-0.7769143063529281,0.9703632593154908,0.8327062967973728,0.8498079612096969,-0.770424668374603,0.9674882888793944,0.8233112326435129,0.8474743889495038,-0.7362042383647587,0.9684906601905824,0.7818103902432151,0.8678042250794719,-0.7893628129633491,0.9760260581970216,0.8065266198809119,0.8597578355862323,-0.7949597777217959,0.976137101650238,0.7763172647927181,0.8546477885801536,-0.8220595553541344,0.9775922894477844,0.8024609402670875,0.898350509082322,-0.5086904942134064,0.9636314511299132,0.7560386806619291,0.8334395862133238,-0.6947773259410502,0.9794965386390686,0.7741314440820589,0.9214005242454084,-0.6941313767074863,0.989175021648407,0.79304872605663,0.9166871646645773,-0.7330799825133183,0.992344617843628,0.8045818486441394,0.9861182645881985,-0.23625132566996326,0.9910607933998108,0.6050161681702303,0.9099859705798409,-0.5222004938364551,0.9959828853607178,0.8580750578624367,1.1671763544784683,-0.0016481087246458352,0.3151367902755737,0.5586280782765187,1.0381861865341127,-0.4608307823018835,0.5535052418708801,0.8496094039018625,1.3142137112556738,-0.060094354941648,0.1350294947624206,0.5443176357821455,1.2766286265751319,-0.6260437945664242,0.1459146440029144,0.8711107996789985,1.3809191748157235,-0.04091835093325815,0.1122781112790107,0.5229595767397677,1.3242719247554575,-0.706019992713778,0.1342560052871704,0.8530428950269254,1.364764704642086,-0.1257056346228066,0.1356169283390045,0.5437910069352216,1.3416815389912786,-0.7673554331416683,0.173754870891571,0.8130712707569889,1.3546944050676817,-0.10424530375110669,0.1331712007522583,0.5378883708691623,1.322061963648323,-0.672689932124726,0.1724592000246048,0.7483156797128608,1.3289080038104204,-0.021865680241871455,0.0682120248675346,0.6006942560186979,1.3444556027034673,-0.012712788425635849,0.0695128515362739,0.7046845785861555,1.6850460515002197,0.010898706999420728,0.0047222143039107,0.5896953072140987,1.643718149779162,-0.12176513371633789,0.0022758939303457,0.7142496346747108,1.9727194301532724,0.34390017706837966,0.0005036307848058,0.5818313203474125,1.9633374760099949,0.057618290423291765,0.0003119994944427,0.6903548873875529,2.044922449894328,0.35768915342015195,0.0006596649764105,0.5584756433623778,2.023365591325419,0.10576486466951,0.0007111846935003,0.6627961879467583,2.111332951173098,-0.02372111568202572,0.0005654338747262,0.5640777579563988,2.056281456604151,-0.29382859263638766,0.0003819605335593
2025-11-11T0787.321935,34,0.7865403395443423,0.8615161593411664,-0.8005978479516735,0.9828472137451172,0.794609992422399,0.8380334325016544,-0.7823485331264206,0.9723383784294128,0.7855858578037251,0.8448396502193666,-0.7580208514722386,0.9699134230613708,0.7882504612931018,0.8528040920481822,-0.7813507811601501,0.9706056714057922,0.8005441986250198,0.8482151455528399,-0.8097208984739173,0.977689564228058,0.8077914055675904,0.8550507627690238,-0.825236068359575,0.9779574871063232,0.7846069691597914,0.8299244885375313,-0.815139571877981,0.979153573513031,0.8117334665279425,0.8782328795677798,-0.48332573034298737,0.9664195775985718,0.7644963454555989,0.831428325240954,-0.7104655160379587,0.9811350107192992,0.7654199321462614,0.8897344181075156,-0.7317676562917872,0.9898895025253296,0.7662848322264881,0.8952556593395419,-0.7386312369769024,0.992868959903717,0.8344310119617819,0.9450979162941221,-0.24557569174669827,0.9915042519569396,0.5915817113396822,0.9023030240594812,-0.5257075670653609,0.9961294531822203,0.8416490041954399,1.147912912686498,-0.01972865173581411,0.2978001832962036,0.556139576685216,1.0271321100173925,-0.47958128212858603,0.549669623374939,0.8504489348173718,1.2972881787324462,-0.05078948427610441,0.1227835044264793,0.4981575832234974,1.2734411087166901,-0.630738316836593,0.1348754614591598,0.8579442983933963,1.3575706850893439,-0.08382574513932674,0.102176733314991,0.5216744246422934,1.3591964754251153,-0.6973405157192166,0.1238193288445472,0.8374846790096967,1.372813302050728,-0.13941990746686805,0.12373848259449,0.5635945955402422,1.334297434481504,-0.761095516053821,0.1606915146112442,0.8325343022029544,1.3508541375203644,-0.09143471413836421,0.1214654147624969,0.5368403366896067,1.340871719849034,-0.6730711516484252,0.1588088124990463,0.7388325903669665,1.34964557479566,0.019148997314920105,0.0616261176764965,0.5891047262494522,1.3750864443705517,-0.03597508993021995,0.0627506226301193,0.6812789693380372,1.6519755924480275,-0.007503974169257173,0.004609053954482,0.5678715390690231,1.621886059293202,-0.09862586957960678,0.0021981131285429,0.6623170478040024,1.9613240093341586,0.3005672787992343,0.0004867530369665,0.5601469241019813,1.978842218803915,0.11279633091460943,0.0002923183783423,0.6570118340192485,2.0197076623574888,0.32020294469803057,0.0006285767303779,0.5664672306440213,1.9883703571237845,0.13913712416661742,0.000670145615004,0.6660250816799881,2.0860290455038384,-0.029001110409050217,0.000564940215554,0.5718876980182236,2.0351676028460535,-0.2796452341076116,0.0003892838140018
2025-11-11T0715.193289,35,0.7602471281222699,0.8221895509584888,-0.7449299340598496,0.9842066168785096,0.8077364371471992,0.8116616560204789,-0.7401318468968219,0.9743149280548096,0.7726347753516675,0.827375654296896,-0.6980562955404755,0.9723703861236572,0.7456507664354324,0.8360902994168626,-0.6979367271279305,0.9728427529335022,0.7500370166697263,0.8289739894218499,-0.7263447493179318,0.979233980178833,0.7408215412569849,0.7900376290610063,-0.729535086855412,0.9796786308288574,0.7312080475860363,0.8186833697237081,-0.7458901807367061,0.9805768132209778,0.8023536278118083,0.8371832559385859,-0.451562629129263,0.9690850973129272,0.7011161638958634,0.7866995580648936,-0.6513313785390185,0.9824690222740172,0.7749904461844803,0.8603197258703477,-0.6270195600324432,0.9906193017959596,0.7330165554215398,0.862738261334161,-0.6792697883865775,0.993315577507019,0.8013933934143395,0.9816529720965956,-0.2390731995421395,0.9920754432678224,0.5714526071446404,0.9233362735858196,-0.4578082154260314,0.9962663650512696,0.8204598024372898,1.174684592552093,0.003891228760365288,0.2783728241920471,0.5340368255678101,1.0934949881489577,-0.36570523048239856,0.5416164398193359,0.8184740523878318,1.3055973281634594,-0.16313042866794528,0.1121480017900466,0.5415969208652611,1.2950241772627427,-0.5810942407497035,0.1254732459783554,0.8200467753909756,1.3568688758231053,-0.1913087743895214,0.0934608802199363,0.5477368880268206,1.3909057754739569,-0.7069867121309286,0.114716924726963,0.8347260893139616,1.3692988345096004,-0.27092681765482646,0.1137381643056869,0.5279739741627528,1.349824925052755,-0.7317835606358088,0.149494469165802,0.7991719242217308,1.3538958267265753,-0.19869425994080323,0.1115485876798629,0.5207748578271147,1.362098956030074,-0.6314386909148049,0.1470106393098831,0.7340371316492359,1.3703663562703767,0.009270114334690884,0.0555802285671234,0.585948479946287,1.3676601878663759,-0.007257452575908565,0.0565759278833866,0.7176964326641428,1.6628528518811454,-0.07605152988227146,0.0042669717222452,0.5537412947320187,1.6477947961526795,-0.116030481172432,0.0020378241315484,0.716929629769809,1.9821167036873784,0.3016215872935689,0.0004572162579279,0.5853214780169587,1.946912220714297,0.1480585076636799,0.0002682670019567,0.6840022198754013,1.9879912385292187,0.3458555965579896,0.0005902764387428,0.5624392204238947,2.003457814951498,0.15438661430703374,0.000622151303105,0.6910715933700176,2.044410171504706,-0.061514896587099493,0.000537907180842,0.5943303911509636,2.0210871330428843,-0.2223120539118762,0.0003833071968983
2025-11-11T0757.862022,36,0.6905322260051259,0.7889206394630475,-0.6100396398927909,0.985755443572998,0.7071137612854056,0.705096244732941,-0.5808743393537728,0.9768298268318176,0.7103577182453539,0.7398411400377802,-0.5631148033814826,0.9750916361808776,0.7111572974733585,0.7385989899659198,-0.5347671447706158,0.975507378578186,0.7038468450521198,0.7452058481386394,-0.5971287093462423,0.9812580347061156,0.6791650135993407,0.738246019141448,-0.5551746631597757,0.98166823387146,0.6866472395926395,0.7699684027141946,-0.5603803462351419,0.9824700355529784,0.7207310672840957,0.783369899904701,-0.29869087793919114,0.9721263647079468,0.6544943097677142,0.7723840328095538,-0.32714447728852675,0.9841864109039308,0.6932288992230038,0.818015756829934,-0.4822053220313041,0.991523802280426,0.6573081157493266,0.7910681609452149,-0.4969150184131098,0.9939537644386292,0.7727575408220102,0.9458450982616562,-0.108848212891506,0.9926262497901917,0.5519448345271976,0.914659350410206,-0.1800606500577592,0.9964789748191832,0.8189127796049883,1.1451751774508194,-0.15711551688492942,0.2596780359745025,0.5015917939563311,1.1111570797929071,-0.229660804619598,0.5463173389434814,0.7900786234703797,1.1331890838184562,-0.5111549492269293,0.1061621233820915,0.5531845791546139,1.3094635054598627,-0.5426655312708307,0.1232039704918861,0.7980505283244862,1.1788941597009335,-0.6143622504221979,0.0889535024762153,0.5118295884651333,1.3570835113066266,-0.6519080056620172,0.111304648220539,0.786267272631706,1.158017843010694,-0.6506335510206155,0.1092464998364448,0.5465108734609496,1.333090582814891,-0.6533087766098499,0.145860269665718,0.7390419290406979,1.0473461101096402,-0.5461267327820025,0.1070320010185241,0.5509430859562967,1.3225516777795208,-0.5583341544836852,0.1434447914361953,0.725025832805871,1.3284008676935228,-0.03279849277696462,0.0501338653266429,0.6035205281715916,1.338199491545197,0.015510291395442887,0.0510531440377235,0.6981031631412686,1.6660875244518345,-0.06044954730370703,0.0038908796850591,0.5820730187417603,1.649630218334066,-0.03797640303323565,0.0018872449873015,0.7261123442154309,1.948340089740793,0.28706823142033605,0.0004175958456471,0.5783672378790367,1.9625611129431824,0.1852016716207357,0.0002449894964229,0.6919836426068319,1.9891523089009628,0.29985038801683883,0.0005395511980168,0.5561412963025605,1.9811810922854458,0.18894894345934055,0.0005718283937312,0.6626268987309287,2.065600578958047,-0.08984193522000714,0.0004970027366653,0.5806321925258673,2.0250667836915603,-0.19465670196201987,0.0003782268904615
2025-11-11T0730.383491,37,0.6477683167811941,0.7550563351005902,-0.5461662812619051,0.9871124625205994,0.6511130477391196,0.748576624125863,-0.5269108088905919,0.9789844155311584,0.6685639595184459,0.6890047686524711,-0.5309505900174756,0.9774923920631408,0.6830769423442344,0.7079659840527095,-0.5294308731528243,0.9778363704681396,0.6473161182735797,0.7159622212905237,-0.5409353746876006,0.9829506278038024,0.6453427358193496,0.7246789987515959,-0.5187864836578856,0.983382284641266,0.6249141102520506,0.734895609307455,-0.5335782896961111,0.9840455651283264,0.6810725563031705,0.7436795777356201,-0.2481641370354365,0.97479647397995,0.6096232680515878,0.7337909309427678,-0.2953858836943838,0.985629141330719,0.6838718058836043,0.8150038567867,-0.4714157891356905,0.992304027080536,0.6401428197913309,0.778165813200026,-0.4538633744124439,0.9944685101509094,0.7327702808280876,0.9400730401447157,-0.07984278034864577,0.9932112097740172,0.5263877550059333,0.917538641529126,-0.15170571944026778,0.996661365032196,0.8087817381062918,1.0830571861313791,-0.09269234518338859,0.2455040961503982,0.46490198810936056,1.1020779769239832,-0.08464686780572071,0.5450426936149597,0.7838602400754319,1.1787742576617277,-0.38473441788889295,0.0968805700540542,0.4989904626757879,1.2832732324204772,-0.33813311687222886,0.115396074950695,0.8103720857504586,1.2664317168055703,-0.4575495062397752,0.0813645049929618,0.4511049436544149,1.36630597136953,-0.3951279804887264,0.1035880371928215,0.7807021986270323,1.2289731728640296,-0.5080581930748943,0.1006447970867157,0.4875798874352675,1.3454615100015594,-0.4580654549527369,0.1365777403116226,0.7621691759775471,1.2135672739797165,-0.4239254959328963,0.098502367734909,0.49903059681302964,1.3373531436301882,-0.3419909802234184,0.1341778486967086,0.7307484224357906,1.3138252079712025,-0.021455931139609568,0.0452046021819114,0.5653650075817774,1.3251703035210434,0.057562283689972626,0.0460616052150726,0.7118573451438558,1.6324679096223158,-0.0830885264769121,0.0036069096531718,0.5581304384670379,1.6105412885701669,-0.03235092501291985,0.0018038083799183,0.6942243834845392,1.9046907019292685,0.19450024614674152,0.0004002345085609,0.5652116687194562,1.9422959266061508,0.12139918681686887,0.0002391750895185,0.7295296848476851,1.990598013601039,0.2248512307895936,0.0005221550236456,0.5509883598900885,1.9956854917418383,0.14946532824414618,0.0005771313444711,0.6961988234074524,2.0337932609372444,-0.13159100350547212,0.0004766648053191,0.5845554770498613,2.0177712156186094,-0.23020649694193468,0.0004170292813796
2025-11-11T0763.172855,38,0.6268115827442078,0.7316666214395446,-0.5889049781592731,0.9881876707077026,0.6249532931449555,0.7155712275107747,-0.5709849023568968,0.980587363243103,0.6353329847567277,0.7188687045324252,-0.5892140401098761,0.979430854320526,0.641424364442523,0.7242323076644935,-0.5594250006909881,0.97965407371521,0.6054408086543225,0.7040154700631875,-0.5617253485216751,0.983983278274536,0.5977960450019857,0.7244741030359192,-0.6056938226659815,0.9845288395881652,0.5740129038383945,0.718440872960981,-0.5998423770405581,0.9849583506584167,0.6632601660503293,0.750937189823061,-0.28258427090747107,0.9769691824913024,0.5904503993639576,0.7223730718057075,-0.3347379229190201,0.9864766001701356,0.6390733406761577,0.774735243331331,-0.4699095097499022,0.992941677570343,0.6030085272837497,0.7852559526898996,-0.5398139117500346,0.994818150997162,0.7559325159955301,0.9023959687041566,-0.20990165413830342,0.993681252002716,0.5222024323913412,0.9073352855222427,-0.13677055938421037,0.9967408180236816,0.8004575366456753,1.0646640903162654,-0.1780715392985388,0.2387391626834869,0.4289533360215771,1.1141455682123171,-0.05903870612608838,0.5391919016838074,0.778784591404944,1.2513332078883697,-0.5516296557665696,0.089931271970272,0.44797132971730025,1.2866643195206287,-0.27773481008297185,0.1079501286149025,0.8197227801553783,1.3349778390470535,-0.6662570002942152,0.0756152793765068,0.43061642839201075,1.3580585550680162,-0.39498893615984376,0.0961798503994941,0.8094847171716143,1.312361750687381,-0.708485634934578,0.0945513993501663,0.45780778474075784,1.3663177862168814,-0.4186856002919618,0.127715066075325,0.7638424269028086,1.2837538281327598,-0.60290151458734,0.0924106165766716,0.46130619037335147,1.316551316954102,-0.3245364950892156,0.1257694810628891,0.7101328132812282,1.326751449146275,-0.06247927856975994,0.0408043637871742,0.5328161295996722,1.3553081093417993,0.05053652837144099,0.0416106358170509,0.7029636303833156,1.6318700226166858,-0.12183296319525064,0.003320233663544,0.5905451371995447,1.6306576303836984,-0.044917027622233624,0.0017186254262924,0.6949013969581371,1.9388693692678205,0.19851466846826693,0.0003743899287655,0.5550660981048254,1.938828860561246,0.1467977909500631,0.0002265221410198,0.6939323408442707,1.9663931305650058,0.19888359062835015,0.0004867757961619,0.5754269031508876,2.0344481840545683,0.14479466262290586,0.000564424379263,0.6324015945643892,2.0376222349434974,-0.1953811287966782,0.0004432049754541,0.5930733444474233,2.01620719282302,-0.22299651551644892,0.0004376148863229
2025-11-11T0765.349841,39,0.6066795271192302,0.7252286994853645,-0.6983352530926379,0.9892001152038574,0.5795710958906048,0.6749929449148243,-0.6666437738866632,0.9821057319641112,0.5773202064954279,0.7023588445932489,-0.6506301125571156,0.9812194108963012,0.5797000331996265,0.7026754107586825,-0.6578230233311507,0.9813213348388672,0.5604974346033553,0.688032731661113,-0.6910601620527212,0.9851309061050416,0.5685599935607287,0.708987428644457,-0.6903543442321518,0.9857565760612488,0.5552049217969055,0.6884865389355332,-0.6634906357547654,0.9860020279884338,0.6147431777105415,0.7083687938317793,-0.37238806208754727,0.9789884090423584,0.5602087831601951,0.6870734903558124,-0.41655436235677185,0.9874987602233888,0.5861763137053884,0.7317018480997858,-0.6027901622079099,0.993532121181488,0.5916022134711446,0.7611556570507222,-0.5914280480809142,0.9952064752578736,0.6964596026136384,0.884063669430031,-0.21166390644103925,0.994053840637207,0.4696844721399489,0.9026424070120429,-0.2544447008518214,0.9966193437576294,0.7659927467769634,1.0502844908218276,-0.174513653715417,0.2322117090225219,0.40428735946453137,1.1469881123992838,-0.18260392537691789,0.5167673230171204,0.7957191741620613,1.2450176989565847,-0.45619913772913584,0.0827506333589553,0.4202055422122683,1.2818758689719552,-0.38549798869943785,0.0994811803102493,0.8240792122059325,1.3208156047180029,-0.5217160275852987,0.0698560550808906,0.43448177858078907,1.3624538268275819,-0.5078819236352485,0.0885232761502265,0.779991316190478,1.3528031921230093,-0.600230377031372,0.0883113369345665,0.4021702125152661,1.3465866320321922,-0.5749071631993232,0.1181009411811828,0.7726976259071544,1.3359605516640918,-0.49456807701769656,0.0861257463693618,0.4357089470564554,1.329058580991042,-0.4419054000319758,0.1162482723593711,0.6601652424917175,1.3141665670926208,-0.03513393637405732,0.0367895327508449,0.4987929490762219,1.327918904931716,0.05126739789365366,0.0375224910676479,0.7190253131142758,1.6417947208019172,-0.10504499771222342,0.00313186715357,0.5476960480697312,1.634735338576363,-0.021449017522910303,0.0016445504734292,0.6873537260578124,1.922581200582564,0.2658134895037172,0.0003632332081906,0.5602935156183073,1.9242813484558228,0.24017692109696653,0.0002191093226429,0.7012550113834405,1.973529402397371,0.2884476104979559,0.0004609582247212,0.5723813829949685,2.0068813042949505,0.2577734432857726,0.000542068912182,0.7011374334280156,2.041584771237087,-0.12609896320954042,0.0004293997772037,0.5925219214929996,2.0206065798037036,-0.14470581401463364,0.0004470093699637
2025-11-11T0727.851751,40,0.5224628608276704,0.7388341837037029,-0.6096945859271163,0.9870781302452089,0.5256799164561932,0.7148040278830257,-0.628030468622804,0.9767705798149108,0.5184789914262539,0.6698796073389451,-0.6060499360968712,0.9772164821624756,0.5727921088065765,0.6929993357702042,-0.5863606005984331,0.9767591953277588,0.5009471911511099,0.6870450900004256,-0.6123997320396161,0.9790169596672058,0.5175652897889396,0.7239579392642382,-0.6130486292786422,0.9809297919273376,0.5144016773427007,0.6846533349796198,-0.570881890954847,0.9812424182891846,0.5654488304967512,0.7194193041308882,-0.4287230537030529,0.9758068323135376,0.4963948708302292,0.7089475091148891,-0.3145069821043256,0.9831111431121826,0.5799790894798282,0.7686598573501042,-0.5440519098056377,0.9927449226379396,0.5326887392114663,0.7673081929950331,-0.4920904858252167,0.9938353896141052,0.6798612650747491,0.8622806748003692,-0.29050767258436905,0.9927797317504884,0.46583399548695137,0.913905719277211,-0.17080514358980264,0.9959672093391418,0.7307491321669525,0.9948398859572616,-0.2554974269662057,0.2291417717933654,0.41781881770408436,1.1442699632687634,-0.07666598166104421,0.5032440423965454,0.7658203038071281,1.3058355526892795,-0.48223877657656045,0.0760096460580825,0.40613349736636317,1.2922920426852367,-0.2987589521702147,0.0934793353080749,0.7778965627973053,1.3158393722864479,-0.5461955065663829,0.064297005534172,0.403902330784959,1.355289175489906,-0.37705992396705956,0.0826903134584426,0.7643055557293015,1.3632668032358406,-0.5935261551571961,0.0818178132176399,0.39926482221698484,1.360405887834645,-0.4416007033487254,0.1112446412444114,0.7003769054577481,1.3293721551986568,-0.5015240054319837,0.0799129903316497,0.4042557906989636,1.3404639121507333,-0.30423881702133326,0.1095435693860054,0.6417224669614016,1.326135581641943,-0.07495331352783347,0.0331719554960727,0.47675954229425044,1.321781828814102,0.0900481624848652,0.033862080425024,0.676855142952736,1.613813752820341,-0.10554842184559979,0.0028917642775923,0.49057586250447827,1.634654494229983,0.03396229830820211,0.0015504092443734,0.6675099741093026,1.9446008815889617,0.2626508122651051,0.0003359112015459,0.5157628577515955,1.9378038353441085,0.2802972811474555,0.0002046532172244,0.6604591349661509,1.981778570810451,0.28485998250802763,0.000422151730163,0.5336526635270805,2.0052581107588967,0.3275655331383369,0.0005093606305308,0.6243386626838626,2.052913606526205,-0.04060933377006851,0.0003965643118135,0.5536601914544219,2.0396302541158184,-0.04540112603018929,0.0004335137782618
2025-11-11T0757.140791,41,0.5084595106510534,0.7295144197205525,-0.8191282978630335,0.98811012506485,0.5039204547483873,0.6912034619655459,-0.7930776472800845,0.9784032106399536,0.5040853150754905,0.7050170096672832,-0.8092920810197428,0.9789324402809144,0.5057874818656777,0.6934417756997602,-0.8185719358267203,0.9784420728683472,0.4944700020461726,0.7180905350499412,-0.8160536423037374,0.9803491234779358,0.4533347439423769,0.7171457250133438,-0.7947139820688699,0.9821906089782716,0.4682888120225019,0.7172619342524997,-0.8034259612479319,0.9823617935180664,0.5062447365911137,0.6964459638353618,-0.5294771407603974,0.977716028690338,0.42943220317959313,0.726730057466547,-0.4923896844233374,0.984122633934021,0.5083993785925496,0.75122652476087,-0.729321667507585,0.9933428168296814,0.5085577901164159,0.7880113326233671,-0.7094604167873838,0.9942696690559388,0.6500137698323828,0.8512759375957184,-0.36115117128458624,0.993282437324524,0.39980952896503785,0.8865351849395461,-0.25534073551858455,0.9960448145866394,0.713025301232429,1.0161504874282947,-0.2834335088087952,0.2418200075626373,0.36570086306799626,1.1413470810147188,-0.16031109900504886,0.5017616748809814,0.740197264472029,1.269465082509031,-0.48709899430557774,0.0708536282181739,0.35818381224825246,1.3525901767147215,-0.37182886757739514,0.0883153453469276,0.7760071339823696,1.346300306415785,-0.5794733773431419,0.0596330575644969,0.3407923311585742,1.3983189092791244,-0.43035684447228145,0.0773242637515068,0.7225083758748682,1.3277517273313244,-0.6083568910060907,0.0767127349972724,0.38329069204631244,1.4136956332415747,-0.451702508658286,0.1048792153596878,0.7206892087934633,1.326854836971908,-0.5341297270736282,0.0751258209347724,0.3769041931791176,1.3833890103099977,-0.39688288643819214,0.1033173948526382,0.6158572538509726,1.302877025809421,-0.07499703992580402,0.0299438331276178,0.45961870251457027,1.3160202003240322,0.05150522579601147,0.0305679086595773,0.6019850570340417,1.6202804347557944,-0.035725819526441,0.0026878444477915,0.45134767998821607,1.6456816558855791,0.12020331230082398,0.0014552022330462,0.6508040223260508,1.9443893617210648,0.4322401418596626,0.0003148320247419,0.5099484111301197,1.9413158403718158,0.49136916477935766,0.0001898502523545,0.656456651672701,1.9862491067700503,0.43838637999443986,0.0003897567512467,0.49471765547593094,1.9990247322050965,0.5298158135432715,0.0004758097638841,0.6129081229950346,2.0568922557940796,0.0734750217771206,0.0003659284557215,0.5473605665022091,2.037870486715374,0.16892287571587997,0.0004114359617233
2025-11-11T0755.142089,42,0.47023694168341484,0.7213404418095455,-0.8436444737909772,0.9891931414604188,0.46155563027063795,0.6932405102290354,-0.8149594019566804,0.9802437424659728,0.48158296131188083,0.7156671930149497,-0.8377651211509638,0.9808297157287598,0.4884983157546236,0.6678012784238132,-0.8023849697664813,0.980315923690796,0.43957940835565357,0.7294495989912326,-0.8255851014661459,0.981957733631134,0.3902259412599674,0.7274998673630254,-0.7869691669005632,0.9837086200714112,0.4198468238066311,0.7085509137295024,-0.8222509010258521,0.98377925157547,0.499798182800053,0.7028040736841339,-0.5644653520544278,0.9797691106796264,0.4282150718766125,0.7413192543185176,-0.5066805744458724,0.9854419231414796,0.5229571463073499,0.7816370490628608,-0.7274056368631007,0.9939402341842652,0.44130673664302217,0.8001945957027734,-0.7206865041492507,0.9947502613067628,0.6051119350500979,0.8650717743421928,-0.3432605775129868,0.9937471747398376,0.3590969255400204,0.9029725280099373,-0.24417985761865763,0.9962388277053832,0.703191263707861,1.0354672193427843,-0.30781311893049124,0.2523100674152374,0.3161571490780085,1.1353831258658817,-0.14735148523794278,0.4855714440345764,0.7249452241532861,1.293021075739163,-0.49933263959448376,0.0651592910289764,0.35977448160754893,1.3107578015584995,-0.4075529403250048,0.0823071226477623,0.7453674747812257,1.3442514714585363,-0.5740767305331336,0.0547462292015552,0.32144409752980097,1.4013320515715826,-0.4852647969805608,0.0719733610749244,0.6942994237193085,1.3995722891407392,-0.6371712680934989,0.0709943696856498,0.3433930296537092,1.3920676219772625,-0.4842468714205607,0.0985056981444358,0.6759454377943706,1.3620503241372663,-0.5435950180045692,0.069611370563507,0.3431017064237446,1.3566464975969559,-0.4391903727727413,0.0968218147754669,0.580977797200229,1.2840848234816962,-0.05823909228776676,0.0270108692348003,0.4459301409749483,1.2848767453997794,0.06999717286146863,0.0275778993964195,0.5986456966055267,1.6512892226970697,-0.07286138722145302,0.0024807977024465,0.4304709927964538,1.6197897183205394,0.06371803437062058,0.0013443271163851,0.6005664170446907,1.9458684941754352,0.34893729323435146,0.0002866961003746,0.41316404379029453,1.9415421217306004,0.3689881587791766,0.0001725325855659,0.5894389622149676,1.9807370336832881,0.4099418109025968,0.0003539505123626,0.47867963098202393,2.0493082513218375,0.3696178700962776,0.0004316090780775,0.6114883936164995,2.0636322320214746,-0.038152026444396414,0.00033508206252,0.4691584149515035,2.057575602116659,0.010312563260425227,0.0003802021965384
2025-11-11T0796.158571,43,0.42396102117125634,0.7315005254569984,-0.8840592542501013,0.990233838558197,0.44516264568611824,0.6882312078482888,-0.8626447944309988,0.9821195602416992,0.43779902050620456,0.6833747710549101,-0.8589098113390266,0.9826776385307312,0.4301592010950322,0.6558783234041846,-0.8394923686820218,0.9821932911872864,0.39121398704657906,0.672454677767278,-0.8198856380465352,0.9836387634277344,0.3673498428168996,0.6740365416681121,-0.8493999371176812,0.9852384328842164,0.35644568804629323,0.7398948190495684,-0.8366878714650293,0.9852712750434875,0.45160336717289284,0.6533279206388578,-0.5841893646659595,0.9817477464675904,0.3281329734723496,0.6875263061731285,-0.5662506747962173,0.9868205189704896,0.44065158112300223,0.7470137867584576,-0.7591129965002976,0.9945271611213684,0.42301154155202436,0.7386090774759053,-0.7426070481709682,0.9952479004859924,0.5712244615607422,0.8342005488889016,-0.35286447610677535,0.9942951798439026,0.27321607038310197,0.9086772968280089,-0.2808199039870388,0.9964967966079712,0.6831138125439113,1.0166619053729895,-0.31021311696850024,0.2720266878604889,0.26234717890521847,1.1432066798270846,-0.17478050647247761,0.4775745570659637,0.6676629573000799,1.2673115485530992,-0.5111327365686698,0.060984943062067,0.2900762189179143,1.3281677452113942,-0.41578926442457453,0.0772810950875282,0.6595127305592995,1.3662877383784617,-0.5961163044622307,0.0508239082992076,0.2504087891076398,1.3841293927582514,-0.5074102923873335,0.0674087405204773,0.6491756602696979,1.3540579378353237,-0.629813238352437,0.0666856914758682,0.28197865413463613,1.391395769548236,-0.5187367023786159,0.0932493507862091,0.6271747440316081,1.3172825056012147,-0.549434680534027,0.0655687525868415,0.2573475311446932,1.3611354337701316,-0.45220882905189097,0.0914739146828651,0.5479025641225906,1.2713992228138022,-0.09471015196151464,0.0243472568690776,0.3577573847173827,1.3055889156402694,0.06632768591307694,0.024853965267539,0.5660081980425996,1.6388789232019887,-0.10636133071133141,0.0022709167096763,0.40395755039107717,1.6551576717544654,0.053428651706889846,0.0012286324054002,0.5727383548481209,1.9492338086367007,0.2714627892376255,0.000259582477156,0.4140351947381559,1.9697804212464647,0.2992129462807889,0.0001559342927066,0.567804493561168,1.9741319705842275,0.35000911673971213,0.0003200644860044,0.42404028175936387,2.061057796782366,0.3159099508091363,0.0003899308212567,0.5388698112582344,2.041179533990381,-0.07755476724022906,0.0003041719901375,0.41863289150011374,2.0621585109448772,-0.054623930040456584,0.0003471221134532
2025-11-11T0717.399091,44,0.39461015239791875,0.6404671951261619,-0.8149186162536147,0.9911950826644896,0.41636791913270205,0.6011339890215559,-0.789873718397307,0.983855962753296,0.406130893371906,0.5876944013058482,-0.778806883182027,0.984377145767212,0.4338916129616665,0.6184474321885717,-0.7697893078390182,0.9839293956756592,0.34849735987564606,0.6047337691367821,-0.7232247902976102,0.9852066040039062,0.36394227297756493,0.6380025466674587,-0.7275693092318942,0.9866603016853333,0.36569893757988,0.6117410494596489,-0.7350385849689819,0.9866645336151124,0.4617777654815091,0.5910730281862818,-0.5557470698218863,0.9835500121116638,0.32830889226143456,0.6400890724650613,-0.4757909486530109,0.988088846206665,0.4231521371033769,0.7161527496358023,-0.6828846008944655,0.9950621724128724,0.38028758391275763,0.6860464886505979,-0.6525906252776503,0.9957051277160645,0.550766225964105,0.783527732762035,-0.3022372812344085,0.9948400259017944,0.24179587449602674,0.823822537687275,-0.26032449743282854,0.99680495262146,0.617609453639011,1.0112049423714402,-0.24860350309411558,0.2863774597644806,0.16034609335614033,1.0868731680361958,-0.1732435700344624,0.4544315934181213,0.6623948255920216,1.2201467467349971,-0.45749383630948687,0.0565980151295661,0.19691729513460482,1.2884309437928962,-0.4482885828309687,0.0713895484805107,0.6445555720409051,1.3038805978647265,-0.5499111527530903,0.0472075492143631,0.2227014690449909,1.3523093905298385,-0.5314162675971549,0.0626174360513687,0.6120002083278305,1.3147348598353674,-0.5728243876962351,0.0629334449768066,0.2326737229575089,1.3389769689570932,-0.5368321014206155,0.0874532759189605,0.5920975246082605,1.3049019556001016,-0.5227216883289881,0.061976108700037,0.25109588934046373,1.3364223978286747,-0.5056913806175336,0.0858260244131088,0.5029700909737364,1.256020280133481,-0.0516207410323005,0.0219367314130067,0.30332220191504206,1.2831297568620377,0.058190665858439204,0.0223925877362489,0.5137097696858098,1.622967814134371,-0.01936001818085421,0.0020595239475369,0.33609252745935986,1.6466733422526927,0.0840264093546318,0.0011122230207547,0.5325887981711901,1.941203723349637,0.4073767034368796,0.0002340914361411,0.37246970623583703,1.9609955413088012,0.418578164365558,0.0001404778013238,0.5413609246900727,2.0016133890362946,0.4379712309764418,0.000288575538434,0.3851413904520564,2.024714954986844,0.4226351130961842,0.0003512210678309,0.5106249774490176,2.069991693592823,0.021689303946652905,0.0002749341074377,0.38957653470623566,2.065256035752615,0.03721027917715338,0.0003131802659481
2025-11-11T0721.398529,45,0.44293115230052843,0.5905406529045245,-0.7936172375700595,0.9920291900634766,0.41879189255419635,0.5516158103519284,-0.7513641360580178,0.9853243231773376,0.4077618531905785,0.5280879036391157,-0.7459421326982141,0.9858447909355164,0.42910905366869423,0.5486977449774049,-0.7413867353534277,0.9854167103767396,0.3889035484384904,0.539696812469265,-0.7359147801861816,0.9864763617515564,0.37648793536625075,0.5448945451133321,-0.7483702070260194,0.9878200888633728,0.38059788449229764,0.5524428058079663,-0.7275772930504992,0.9877504706382751,0.44244602547184847,0.5429994896041894,-0.5109698444968703,0.9851154088974,0.33422399013987675,0.5589495785428409,-0.43183747580510806,0.9890851378440856,0.4425311084958406,0.6349529031753868,-0.6662764211878905,0.9955289363861084,0.3952864981854841,0.6221525008472925,-0.6336991158872259,0.9960910081863404,0.5243669262219698,0.7544858950562771,-0.3636941897515354,0.995329976081848,0.25540379628165094,0.7887932682734776,-0.2760946398918263,0.9970624446868896,0.6115094082167061,0.9956104496239925,-0.292653225844072,0.3176442086696625,0.1836422515658989,1.0084167784060214,-0.15441696938365473,0.4519934952259063,0.647750238419423,1.2274557419326233,-0.49115573251226785,0.0566657781600952,0.18759471169859726,1.2296074031813138,-0.44598750854182084,0.0682983696460723,0.6314769659218388,1.2680822282403852,-0.5868695258367987,0.0461250245571136,0.15559272570627647,1.2977522180579693,-0.538270452891422,0.0595732480287551,0.6118991103541349,1.274862121519529,-0.6333501827204367,0.0632186159491539,0.20845208080398778,1.327554690762622,-0.5243899004466844,0.0842809528112411,0.6057338711741459,1.2793243593458696,-0.5321506624165774,0.0628307238221168,0.1798809295700109,1.283530317091736,-0.47859825823221397,0.0831702426075935,0.4841069233052117,1.218024880069285,-0.07058320216931986,0.0198340453207492,0.3195778624847023,1.298280472037959,0.059595119155596565,0.0202377531677484,0.522966923580182,1.6094519878348488,0.05673237525387031,0.0018722957465797,0.3110107446340142,1.6513054205714974,0.24695200044937446,0.0010105223627761,0.5037818178293942,1.948470959113499,0.5760867166268898,0.0002115070528816,0.31315335624324137,1.9519972330426885,0.6186286591680152,0.0001266987528651,0.52065283279929,2.0087857193883942,0.6057961782307351,0.000260934815742,0.3483978708388802,2.0461232236915587,0.6672821553636965,0.000317021185765,0.49350038815188757,2.0977926397400615,0.24492580814690376,0.0002490057377144,0.3655353212553313,2.065744667302855,0.2861620406348089,0.000283120694803
2025-11-11T0711.887919,46,0.40352621188245685,0.4708756681788341,-0.7888256384902997,0.9928051233291626,0.40762613292616895,0.40312578539842764,-0.7668776849614103,0.9867404103279114,0.46506045911545785,0.45839838432465685,-0.7779577463102403,0.987217366695404,0.4458595702328149,0.42766646655373125,-0.7896855720714034,0.9868252277374268,0.4276613723505501,0.41983195456699696,-0.7886606517537137,0.9877681732177734,0.37147854056546964,0.43398286832057664,-0.7603878822211962,0.988986074924469,0.3784647298739587,0.4485330021270638,-0.7489064476438871,0.988916516304016,0.4373699908461227,0.4556093215450425,-0.5038837863019551,0.986555814743042,0.34411993785857364,0.4526276312844053,-0.4869110532657033,0.99011492729187,0.4280324592800683,0.5077693109608582,-0.6703172038796765,0.9959635138511658,0.3949740354032724,0.49375966637927127,-0.6918534868759353,0.996467649936676,0.49959476550400195,0.6689892882656799,-0.348315998631698,0.9957653880119324,0.22985140916844662,0.6731891107472892,-0.3218114041644443,0.9973244071006776,0.6081463109367939,0.9854894628185442,-0.36247552839669206,0.3462062180042267,0.13892011726271192,0.9836180205810413,-0.2414259386867077,0.4754040837287903,0.6177267348865005,1.1844054160996702,-0.6033898066728142,0.0568888932466506,0.13304386997182954,1.2010435725932969,-0.5448717179251793,0.0705762803554534,0.6675033776814804,1.2603786376975512,-0.6806459299768306,0.0454427935183048,0.12462878947187499,1.2740712780897228,-0.5891558459234361,0.0599387809634208,0.6138258272044682,1.2463999556929193,-0.7433145406559765,0.0637981817126274,0.15156014352003083,1.279859823094572,-0.6756842661334479,0.0863382965326309,0.5941064487117131,1.2346303636103748,-0.6210329926523062,0.0630672574043273,0.13959271556311656,1.2577153873543985,-0.547117068343694,0.0853956788778305,0.47636782981432585,1.1548051089753841,-0.06458331512831038,0.0180506873875856,0.27291911423388027,1.1824921060838927,0.0728859742501106,0.0184173341840505,0.4719465037905765,1.6238923852710168,-0.04277725063272993,0.001765607856214,0.31222643004111306,1.6416384759140068,0.2191538511552937,0.0009390147170051,0.44695848224831336,1.9709619295975198,0.49940575323179026,0.0001957008207682,0.30730718163784315,1.9639336796835336,0.599139751050146,0.0001150483585661,0.4369133614405215,2.0198381031611596,0.46662663831499307,0.0002398389187874,0.29652885727937234,2.015243801344882,0.6163659570302635,0.0002889482711907,0.4578730953508855,2.0652103684262713,0.1756576163971597,0.0002303968940395,0.3300772805436369,2.0841592546669685,0.21094626999833804,0.0002582527522463
2025-11-11T0750.450967,47,0.425883261213836,0.39881341403429316,-0.8225272525002053,0.9935148358345032,0.45920399749500473,0.38272934867969527,-0.7785449482754707,0.9880431294441224,0.46112795193063183,0.35522697959771493,-0.7820069116838092,0.9884791374206544,0.4783139950295087,0.3663713170458047,-0.7660508225099739,0.9881188869476318,0.43273355770648103,0.3647296550301655,-0.8091624669064934,0.9889677166938782,0.4125743951409313,0.38212150183934224,-0.7772322720642788,0.9900701642036438,0.3876556988216746,0.337683890108822,-0.7799651143173291,0.9900010824203492,0.4567795166120264,0.37801338984908084,-0.50690701035089,0.9878747463226318,0.35956617730505985,0.35170740183477,-0.5673044179691101,0.991085648536682,0.44087825957212906,0.45787848080667487,-0.7110367552858343,0.9963594675064088,0.40086306143958117,0.4330817026739737,-0.7463054100625474,0.9968153834342957,0.5240886406740216,0.6397625600758651,-0.3393014130346528,0.9961659908294678,0.23937705232719161,0.6177893756741706,-0.4369324172345417,0.9975743889808656,0.5917333241563554,0.9395660967484484,-0.3178763107395358,0.3546079993247986,0.1679520979161538,0.8960438343936458,-0.3135923816251902,0.4951382577419281,0.5967686082531299,1.1422412215426536,-0.5832618340127558,0.0565905533730983,0.1508320131695034,1.1158156928701255,-0.5348680146724591,0.072868064045906,0.6228609010469489,1.1841017630392356,-0.6051243944007146,0.0449468605220317,0.1038130064393801,1.2018324663528972,-0.5984945656335795,0.0603454448282718,0.5822850186621158,1.2029727916223787,-0.6671301286096442,0.0645116344094276,0.15285933743807578,1.2285798988009842,-0.6454829886653173,0.0882529616355896,0.5720446783514659,1.161074384404613,-0.5810327319737268,0.0632170885801315,0.15757977502310425,1.1971588254351553,-0.5891462278128506,0.0870687514543533,0.44433765364133043,1.1413685226402273,-0.040731526809829936,0.0164586771279573,0.28064870999852914,1.1625965338602218,0.05515396635770665,0.0167854372411966,0.4908892902887327,1.5450146669333427,0.04184274716929895,0.0016992229502648,0.27443451348566666,1.5772435374641105,0.15335478745264522,0.0008945152512751,0.47108716887304014,1.91774237750178,0.5210807088325892,0.0001867528044385,0.2845456437052389,1.9467774964872027,0.5358002683272121,0.0001055585889844,0.48464477302467845,1.9706766057990412,0.5370510039197566,0.0002275840961374,0.30518324195513236,2.019439471299063,0.5335382992554097,0.0002658278681337,0.47804891736460453,2.0965356646472366,0.1615562574087111,0.0002237301814602,0.33504199110450233,2.0739707565139867,0.1223773652749142,0.000238878710661
2025-11-11T0780.791756,48,0.44991479590158884,0.3311003614980522,-0.6513700816786483,0.993884027004242,0.44789791465538775,0.28110620679244813,-0.5853178997865925,0.9886269569396972,0.4726679150052973,0.2927290541969347,-0.583126842598038,0.989233374595642,0.4663358850216,0.3043675716511658,-0.5855956349477183,0.9887068867683412,0.4453865540757188,0.2797000515316415,-0.6585078653284179,0.9895862936973572,0.44536186326629057,0.29715734163105545,-0.6727749527898267,0.9907572269439696,0.3980480520476082,0.26146305472149994,-0.6608240112267538,0.9905858635902404,0.48273293777857357,0.3206740778895884,-0.32293557344113555,0.988304078578949,0.39345060034267665,0.28781087151485146,-0.5242084250635892,0.991743505001068,0.4601049323649502,0.3948318142824318,-0.5581475644124758,0.9965354204177856,0.4101429578714817,0.3553720085779796,-0.6268111514350045,0.997061848640442,0.49575028298323204,0.5391706153828504,-0.14533421266543317,0.996434211730957,0.21425081221519496,0.5359520101048765,-0.4655017751197622,0.9977834224700928,0.5215693031129208,0.8525043160245984,-0.05749139028342269,0.361310750246048,0.13747942134959706,0.8136307752860309,-0.3941863621903022,0.5224001407623291,0.5509829608298713,1.0438245200992278,-0.31825177616376926,0.0614047087728977,0.11385809144612126,1.0624123004173767,-0.5503404417754393,0.0839069411158561,0.62782497180235,1.1224449163356047,-0.37969792468123553,0.0479785986244678,0.09985616098879602,1.141282220605768,-0.6577085792829291,0.0683009847998619,0.5509642345558372,1.16163738429914,-0.44583097909464914,0.0687873810529708,0.12216400816740872,1.1362392509788206,-0.7265335096892747,0.0993921309709549,0.5529425337163951,1.1191352039286102,-0.35447303273186226,0.0676691755652427,0.11845263202593752,1.140556293248317,-0.6128845761736504,0.0978651121258735,0.4507786919385174,0.998829959391758,0.043549982444314295,0.0155557496473193,0.25650184718540264,1.0879074750668074,-0.03385541735170302,0.0157955326139926,0.4377076272810277,1.5212775705168393,0.11999877094213979,0.0017101729754358,0.26975946759619834,1.481630042692548,-0.1565662978956309,0.0009427273762412,0.4429704856457293,1.9050179697338512,0.5461044252437409,0.0001826385268941,0.25900198839255106,1.8832897755418283,0.2008301478031963,0.0001037739639286,0.4240200145475169,1.9872223753161808,0.5779658026868311,0.0002178844733862,0.21085409706277763,1.9782854163461594,0.20962261962617773,0.0002632701070979,0.4376810419294799,2.034597503097158,0.2012480715483397,0.0002535687817726,0.29030652888218056,1.9851958927279953,-0.25559016350250796,0.000241672139964
2025-11-11T0785.644873,49,0.479797083504121,0.312253082732872,-0.693983531980249,0.9942309260368348,0.47227000130265806,0.27300747371498424,-0.6210725999142609,0.9891209602355956,0.46970243333067363,0.2866102224681076,-0.6863279285940916,0.989787459373474,0.49871847316437273,0.27717807459706617,-0.6428333632989968,0.9890753626823424,0.4390324042615649,0.2673169660899755,-0.7120014822343153,0.9900835156440736,0.44379895774294814,0.25753644660459096,-0.6913094033078117,0.9913003444671632,0.44452785116038535,0.23686884886519974,-0.6902734031460516,0.9910604953765868,0.4549472465800858,0.30415152560663683,-0.382242671305167,0.9883198738098145,0.4070035059764261,0.23830202232045702,-0.5744586175231544,0.9922776222229004,0.45830963910481914,0.3626134625794053,-0.5666971952173129,0.9966825246810912,0.42033248745396246,0.3272455669852251,-0.6955701644567113,0.9972744584083556,0.5086591361802891,0.572177106561538,-0.15972921287206318,0.9966137409210204,0.24708122024011023,0.44668981330886076,-0.4694176927023868,0.997973084449768,0.5010675696105601,0.8351167662423618,-0.06492861243959777,0.3567502498626709,0.12666048646378997,0.7869471490186698,-0.4358835642416909,0.5457254648208618,0.5313717586174052,1.029997869338486,-0.3329392200842893,0.0617379359900951,0.07503243990731964,1.0156036394324244,-0.703433272747508,0.0979616418480873,0.5564788022755904,1.1081832134496614,-0.4137049085923522,0.0485283471643924,0.07575280407184806,1.1243698636055908,-0.7966408014925479,0.079616367816925,0.5299318989552843,1.1302631503703966,-0.46584953053442774,0.069453552365303,0.0967372364770807,1.1201111270238837,-0.8544415883827948,0.1142035946249961,0.5340486175969159,1.0877828889764396,-0.3808987324881135,0.0686172693967819,0.09897680884348135,1.085857584006254,-0.7389963557571475,0.1126421466469764,0.4234761572336309,1.0621944334897615,0.061249480986424173,0.0149749247357249,0.24291224061719777,1.07598642947253,-0.06737861167379554,0.015081912279129,0.39971112737674813,1.514567534497089,0.1994399352665574,0.0016482983483001,0.21693429892988378,1.4941953215340464,-0.03545015015512995,0.000939332996495,0.38604923013657466,1.8988269063838963,0.8191895179104042,0.0001706243638182,0.18723777112496187,1.884602930563049,0.43804920585932483,9.787001181393862e-05,0.36974585973547763,1.9795902326421801,0.8554100895809086,0.0002003967238124,0.1913610677081677,1.9637669125937085,0.4391465681701483,0.0002517324755899,0.36796178834934085,2.0322663866937374,0.43664819741473143,0.0002468498132657,0.25316861178050665,1.9845549294249991,-0.1118699760742416,0.0002304597001057
2025-11-11T0752.974829,50,0.4540648388520506,0.2985666415842604,-0.5588720011650539,0.9943880438804626,0.5032026950225701,0.283076689350272,-0.482278773018751,0.9895762801170348,0.5184081634783748,0.2562093614865608,-0.4858267976736687,0.9902793765068054,0.5173288383354734,0.2561746064061369,-0.4942517685120609,0.989408016204834,0.45150990102895977,0.2438065137236422,-0.5329381235962913,0.9905695915222168,0.4588579284670942,0.2282607624959735,-0.5596354366697637,0.9918164610862732,0.4645740064233363,0.22748358061768212,-0.530329532792846,0.9915513396263124,0.4916811510958897,0.30366519593401764,-0.2446943896883547,0.9886773824691772,0.4221220412247214,0.2537972103053328,-0.4898230694081992,0.992817759513855,0.48152484859769756,0.3467855882006047,-0.4418848918651863,0.9968110918998718,0.42643040465890897,0.29040851946564294,-0.5124827383005194,0.9974600672721864,0.5400988954747848,0.5063337097841548,-0.07657993422435563,0.9967907667160034,0.2316398643724285,0.4230113198282664,-0.4238290458322259,0.998162806034088,0.4917087057471174,0.8416936541773327,0.0764732262690004,0.3570991158485412,0.13292167763426146,0.7166175213918213,-0.3888908662238691,0.5756414532661438,0.45786382602796966,1.054226229457493,0.019397537342095084,0.0582908689975738,0.06391278925959724,0.993320188787426,-0.6152688867113664,0.1086333915591239,0.48736967318813995,1.126454965063311,-0.02526931721331732,0.0457127727568149,0.05414362587741629,1.0411397134209215,-0.7682948133724501,0.0876635387539863,0.45886559499706914,1.147464114254349,-0.06200003490199608,0.0651551559567451,0.052328481045071956,1.077067179950448,-0.8594902300532963,0.1227983683347702,0.45688241060454327,1.117840255221528,-0.029054257119407966,0.0644546672701835,0.08447599664052009,1.026813054763015,-0.6838625901518908,0.1212922409176826,0.404574034225447,1.010575398893272,0.007511884293229097,0.0188599992543458,0.2062935053563415,0.9714143685055483,-0.04293079149928152,0.0190222840756177,0.35266586979745745,1.4740598320827276,0.17202856986372936,0.0017952886410057,0.18948161066965913,1.4821970324925449,0.022222208785920673,0.0010601183166727,0.3353559386322516,1.8984910209170953,0.672054334816073,0.0001983607944566,0.13288501414625004,1.8611579432679963,0.4244249961007895,0.0001109305230784,0.31003268364630016,1.9348970729327006,0.7086437485189154,0.0002189061924582,0.11384179957985553,1.9205270825399248,0.44320997651054195,0.0003048967628274,0.3043951549581385,2.0013857516872027,0.38756514512197754,0.0003033694520127,0.1750230214242845,1.9712843162841593,0.051160564505985315,0.0002333716111024
2025-11-11T0735.393669,51,0.5099326283639962,0.34497091701409494,-0.5177900936946742,0.9945979714393616,0.5467365177247867,0.29118912588944085,-0.5091033391402908,0.9901379942893982,0.5371181890386636,0.27420065227570584,-0.4683678339137862,0.99078768491745,0.5279478913088702,0.314135362770531,-0.4739593832854701,0.989858627319336,0.5104024327875911,0.28477932244108917,-0.539883464041364,0.9911494851112366,0.5005042671137242,0.278481282685487,-0.538029188723319,0.992335319519043,0.4780456233764352,0.2682562681015082,-0.5476355684330774,0.9920912981033324,0.5042140334179963,0.2984855364839322,-0.24755623156245363,0.9892076253890992,0.4522495838539738,0.2543820334903445,-0.46801697133388653,0.9933876991271972,0.4878063781593083,0.36960813843400436,-0.4369738879846414,0.9969655871391296,0.45814217508782534,0.36981487034445226,-0.5043084402104359,0.9976578950881958,0.477710736010942,0.5396703185941798,-0.11960773175320605,0.9969834089279176,0.23491870209557306,0.40321477163700825,-0.48076028388667763,0.998332381248474,0.4517116121406393,0.8383566078530101,0.004607711833845769,0.3502576053142547,0.06335885069999642,0.7474038449342154,-0.48376341161369196,0.5998440980911255,0.44522931944808575,1.075197845902838,-0.10529651260971207,0.0548352189362049,0.016774220108128426,1.0224480787662165,-0.6137804966281153,0.1231887191534042,0.4368791582161563,1.1659881044023472,-0.12842989052194662,0.0433612652122974,-0.02290977391166689,1.105674799229724,-0.6728916363667459,0.1022822186350822,0.40184160948978076,1.1403964372198263,-0.15707938452051912,0.0616253986954689,0.022664909300817892,1.1356545951832502,-0.7653993944630582,0.1398237347602844,0.43907834813975455,1.1459738690334889,-0.1080540468111975,0.0610638298094272,0.04578150834982847,1.1125826871326054,-0.6217297412184083,0.1382536739110946,0.38321821031201175,1.0618975645523132,0.03943514077837054,0.0186600461602211,0.20962334233560323,1.0305215177956966,-0.05050613244930588,0.0186027865856885,0.35020219132884967,1.524220185899347,0.17682859959301384,0.0018012498039752,0.1655741292696972,1.5222124693394241,0.03138777800461159,0.0011067026061937,0.2969949823356511,1.9113036110497226,0.6935201754452751,0.0002056296070804,0.10347806493838577,1.8692844110367073,0.43136457229108655,0.0001125878188759,0.28397499399331744,1.9688411122232818,0.6904085303548182,0.0002176322304876,0.09770312698544584,1.9623338052924002,0.4619909649100729,0.0003165175439789,0.32386010277422617,2.0432572610141766,0.3920484130774344,0.0003408071934245,0.18475499580664986,2.000980997036081,0.0306387935722527,0.0002250353136332
2025-11-11T0725.485083,52,0.5078091413259339,0.34365617397339765,-0.533476937376971,0.9948326349258424,0.533474711613012,0.29436728920004857,-0.5087998681789042,0.9906719923019408,0.5427767534340152,0.31978150462454064,-0.4972299845730676,0.9912714958190918,0.5293733546957772,0.311361357449749,-0.5239115216529656,0.9902817606925964,0.5039699403461176,0.3252289965481599,-0.5551181137249331,0.9916701912879944,0.5281071460639419,0.26235930887684583,-0.5414975376655212,0.9928007125854492,0.5219180038786867,0.29351254016293055,-0.5418206036176709,0.9925691485404968,0.5096039752569284,0.3244730461836582,-0.25878454806274426,0.9895416498184204,0.46475516686521423,0.2569496221074513,-0.4610967206209235,0.9938466548919678,0.48578899006798665,0.3479130876108949,-0.4458597938306374,0.9970638155937196,0.47504394519120385,0.3661463057337561,-0.5231501445464678,0.9978187084197998,0.513185533433284,0.5631385642840419,-0.14167369539862015,0.9971097111701964,0.22284663259253001,0.4173406586136353,-0.48012963414765397,0.998478889465332,0.4605450791469054,0.8275721574156053,-0.025037308188679625,0.3361517190933227,0.07844039649543988,0.7361865422316326,-0.4435965938334348,0.6114950776100159,0.38789933881310446,1.0900249772525277,-0.15869338083066312,0.0517447628080844,0.04062944682409771,1.049786213782171,-0.5744784869666896,0.1299685388803482,0.42475871695973444,1.152946041822605,-0.18682470031512946,0.0411961302161216,-0.06892067363899126,1.1132659543709484,-0.6616278158901648,0.1088902801275253,0.4233520649255306,1.149764551805902,-0.20215801675808182,0.0584229528903961,0.0029732423898095996,1.143183888872335,-0.7146497636743997,0.1479587852954864,0.4016946443973162,1.1120971144170462,-0.18553211825919064,0.0579198226332664,0.02628126323530081,1.1655945681453384,-0.624579707486984,0.1465195268392563,0.3925009445798539,1.090329153502167,0.048589907840046194,0.0181603115051984,0.20260755611611594,1.0505613853676394,-0.028699190150512314,0.0179771352559328,0.322286286861347,1.5453324093659262,0.18842455234032512,0.0017625376349315,0.15765603525709526,1.5424615889602746,0.10569406247101591,0.0010859569301828,0.2838549345339123,1.9524080422848247,0.7031573370801242,0.0002081548154819,0.09870410512960424,1.8907791928535844,0.4699020267145088,0.0001090776277123,0.2875836942755966,1.9995016445880518,0.7958785303819045,0.0002149390638805,0.09233015585998125,1.95113368597172,0.5292312117223448,0.0003135314618702,0.24212300209352,2.072168665327506,0.4738170736428885,0.0003578333707991,0.10469444973408372,1.9951056632661948,0.13391088467223333,0.0002146427286788
2025-11-11T0751.856116,53,0.5298824646177152,0.33989371485935266,-0.594257815370739,0.9950990676879884,0.4986001967743412,0.3289175019330168,-0.5371547937821505,0.991213858127594,0.5393872656856102,0.3161827862926537,-0.5532032302358997,0.9917921423912048,0.5526773571976836,0.31113688430553516,-0.5723604930866992,0.9907838702201844,0.5269385503812444,0.28053728490124186,-0.5933413457770124,0.9921520352363586,0.5113935144348031,0.3009469288901456,-0.5698924293159371,0.99323970079422,0.4974197992147312,0.28172993578501165,-0.5685628580566224,0.9929930567741394,0.5050095426138116,0.34362332527911027,-0.2821179596911248,0.9899939894676208,0.46254772910655206,0.31085378765605903,-0.5012351090361081,0.9942318201065063,0.5070259631350886,0.38047220631686984,-0.5176461417373986,0.9971845746040344,0.4909455553634814,0.34283829675391925,-0.5218939830825795,0.997953712940216,0.5265220728137273,0.5440197669998291,-0.16319304472681553,0.997215986251831,0.26037791147438516,0.4454842821651548,-0.4462367456193028,0.9985954761505128,0.47007672774890685,0.846924178399614,-0.02122248095867573,0.3225338459014892,0.09916058762084719,0.760952587430437,-0.4224204765891087,0.6075199842453003,0.46066190081757213,1.071262326039071,-0.18042508221428255,0.0489506237208843,0.07046645522086227,1.0378248895991073,-0.5647743588067826,0.1278903931379318,0.4745643139670192,1.161318483461832,-0.22382914020535147,0.0395796000957489,0.037884681176967194,1.1141911736160643,-0.6920543974168707,0.1096921116113662,0.4880701297006743,1.1627645563161177,-0.27670999337101737,0.0562936924397945,0.034525449422580456,1.1399468241044195,-0.7550997028933907,0.149749219417572,0.40558207254957446,1.138524358194859,-0.19519981041009463,0.055518239736557,0.07808940522344188,1.071735866418815,-0.6349481623281089,0.1474078744649887,0.37261574728582464,1.0498508639101114,0.04633893760351308,0.0168872401118278,0.20201957155150685,1.0172771217123955,-0.033384926825514354,0.016687860712409,0.31673511598428,1.565082741486329,0.18720891964387165,0.0017496537184342,0.16303823949154395,1.511008810075239,0.04743342771107015,0.001065558171831,0.2829229203647959,1.9434051743930727,0.6379990033598728,0.0002052977943094,0.08507308297277552,1.897307588241936,0.43761988245445876,0.0001051099970936,0.263694967298846,2.0117822896921043,0.6710170836299324,0.0002044318534899,0.09572177221595418,1.9544356639980816,0.4772682429405987,0.0003045844787266,0.27295999286060385,2.0908392672336897,0.3558622444344275,0.0003559093165677,0.12112667179241868,2.023656445003051,-0.019475086535304054,0.0002047842135652
2025-11-11T0723.109851,54,0.5093900990694222,0.3788249904396413,-0.5384635517217592,0.9952264428138732,0.55503769121036,0.32476378491235297,-0.5168943769845679,0.9914407134056092,0.5286616557821621,0.3425359659782746,-0.4877384644173952,0.9920786023139954,0.5235037069969465,0.3494320742040646,-0.47811988426893204,0.9909877181053162,0.5131731771680033,0.3307709971766738,-0.5154689619383862,0.992394745349884,0.5052053934544541,0.31970093257860094,-0.5262253052039332,0.9935067892074584,0.5205077024032915,0.32246482203210886,-0.5334945742921833,0.9932040572166444,0.5068439155423966,0.3682922525859199,-0.22887347040865974,0.9898979663848876,0.4567031825793814,0.2952982422201733,-0.45831931800525866,0.9944041967391968,0.4814267043383602,0.40390459764022113,-0.45808362440419337,0.9971713423728944,0.47773534052439354,0.353874092733626,-0.4734272483442291,0.99801903963089,0.5037081936177187,0.553044008274794,-0.13140881114474307,0.9973236918449402,0.2355972251542535,0.4773679848736379,-0.3752277844954349,0.9987010955810548,0.4834463212224394,0.8466795985633988,-0.02526622590564547,0.3213007152080536,0.144552437408063,0.7827922144887445,-0.35804916748644844,0.6072261333465576,0.4581497521938109,1.0593173254541672,-0.19100062874503476,0.0472001209855079,0.10334689013474593,1.0290088414216079,-0.49727380751038314,0.1243915930390358,0.48800766061223516,1.1612159229377976,-0.27658400049109594,0.0383927896618843,0.055778742555305516,1.1050347995176357,-0.5540798093926438,0.1075896397233009,0.49150308381348895,1.1629563047556086,-0.2821257746527003,0.0544357225298881,0.09191342757368207,1.117133411896495,-0.608234631595302,0.1465801745653152,0.4868458928984526,1.1132254916314712,-0.25014227301966113,0.0535832606256008,0.09276817541497123,1.0786203856093974,-0.5109659947875316,0.1446418762207031,0.3805580749433631,1.0872595203157245,0.01858053760115214,0.0175207015126943,0.19885446052612124,1.0521418504031645,-0.021867737889971244,0.0173233114182949,0.3357966777921899,1.5607388887471374,0.17663754680742869,0.0018743068212643,0.18364852789731578,1.5296564824647707,0.00742963086414429,0.0011378233321011,0.31472416760453126,1.9497043123792213,0.6526990739198754,0.0002252800040878,0.13901413283571507,1.9064301730739397,0.3712121541590227,0.0001128271032939,0.2856204908708575,2.0327269747648646,0.6509631782115327,0.0002184107725042,0.12933309525890935,1.9377769748608218,0.4265946943258541,0.0003274243499618,0.2691143433949564,2.0977360465689796,0.31131466115024486,0.0003878808347508,0.15946282993245456,2.0173830774553916,-0.03592631995811159,0.0002081997663481
2025-11-11T0781.634148,55,0.5068643545408293,0.3633826132301398,-0.4338618355038061,0.9955142140388488,0.5379517899687938,0.3322264164763872,-0.35440927026710656,0.9918716549873352,0.565466550717608,0.34771063930332413,-0.36307920657359877,0.9923617243766784,0.5480822171211714,0.35319585014868876,-0.4180121006597093,0.9913660287857056,0.5219047964512905,0.3272850217789714,-0.41608882587177043,0.9929215908050536,0.5141642986228978,0.3499483155522007,-0.44284527899995685,0.9939489960670472,0.4992814337374786,0.3142359158992317,-0.4374238124140237,0.9937134981155396,0.5241193281856601,0.40022015008136097,-0.18229952159264662,0.9898067712783812,0.4838428102176503,0.3116225851874086,-0.35220243809773094,0.9947495460510254,0.49726424982513834,0.4028475020063791,-0.3466943337185688,0.99725079536438,0.48486611774427507,0.4026296939869341,-0.389589418711095,0.9981425404548644,0.5086285820146876,0.6004154901821036,-0.04437531250684554,0.9973995089530944,0.27002893477996875,0.4820641967530312,-0.31442026237328524,0.9988112449645996,0.46941092645710747,0.8574395409742305,0.06048525743415438,0.316922128200531,0.15745887688289453,0.7857497514922906,-0.2793850686856396,0.6206058859825134,0.4881431712712073,1.0282956081565073,-0.03369773903150798,0.0472863316535949,0.1320935098613023,1.0547451872412004,-0.45150067574846825,0.1338666230440139,0.46723778955590434,1.0707199031168364,-0.036299605643331526,0.0381139107048511,0.0858874237496908,1.1366966456013232,-0.5016295661469455,0.1173864603042602,0.5156221509861791,1.0721949200395058,-0.11129806264484615,0.0536533035337924,0.09518980828921278,1.1385930122918742,-0.5524647335079996,0.1576433628797531,0.4697391648186163,1.0753963845487622,-0.08312637166033114,0.0530720129609108,0.12928920544621375,1.0872042579124792,-0.4837936372429853,0.1556232422590255,0.39339343001452837,1.0920995784959795,0.022148084795079445,0.0162385813891887,0.20126037053942256,1.0414248320408988,-0.008591130802230553,0.0162024796009063,0.365842924035466,1.5450164895449476,0.0944522626676439,0.0017997118411585,0.18835586206214308,1.4787148653673108,0.027746471405233623,0.0011493468191474,0.3047239051206635,1.9791356191964131,0.5037901844271855,0.0002168296923628,0.17706194320235458,1.9117126985967858,0.3323012825243064,0.0001141088941949,0.2980492687025265,2.040712750561515,0.5585393892331351,0.0002073384821414,0.15107787662294386,1.9419434153437332,0.3418494750623059,0.0003327627782709,0.2816961674336706,2.094693635017932,0.2206297930190587,0.0003912922402378,0.1348125141316199,2.030045448157955,-0.050613559137042435,0.0002171427913708
2025-11-11T0733.813771,56,0.5100483205478941,0.37416900789500623,-0.4799679800087067,0.9959353804588318,0.5338978765284231,0.341543454990629,-0.4480206683870214,0.9926124811172484,0.5119483551118877,0.3615443719043234,-0.43050133578488825,0.9930511116981506,0.54716950111096,0.3922611677925166,-0.40100437445298404,0.992151141166687,0.5105339925778983,0.36209025656650234,-0.4339263212011685,0.9935743808746338,0.4733500057414382,0.3737202453666019,-0.4474751347117507,0.9945058822631836,0.5007823572924578,0.403683713122588,-0.46487869367577095,0.9942916631698608,0.5250472684067198,0.389568020576219,-0.21927742274072698,0.9906816482543944,0.44984631851124995,0.3815151956911538,-0.29971312088601265,0.9952098727226256,0.5055427008376319,0.452472314080925,-0.3761985439266198,0.9974957704544068,0.4654549599414874,0.4207539365600072,-0.3987647858024311,0.9983080625534058,0.531572893400203,0.5854003343485551,-0.08191856948077375,0.9976205825805664,0.2830035051334898,0.5652764073293778,-0.21534510858790237,0.9989041686058044,0.5842676833861252,0.8868238554725286,0.0168262133077904,0.3362713456153869,0.1974601910778367,0.8347035872952754,-0.14747249589187153,0.6166535019874573,0.5665090316833867,1.0952969220581112,-0.09943059729581394,0.0573523342609405,0.16521566312526723,1.1331200223159181,-0.30822422228527474,0.1339013278484344,0.5791323884206773,1.17379961419435,-0.12920635484982995,0.0473693422973156,0.17314487629977407,1.203142708334565,-0.3837514458883944,0.1194119900465011,0.5273850177907057,1.1586832296852316,-0.18670293152575188,0.067489854991436,0.17782299374817284,1.2281983964083625,-0.41178926444258707,0.1621502637863159,0.5600620147799054,1.139815998263301,-0.11212521476786644,0.0644760280847549,0.20008165874323905,1.1674002219406021,-0.3606917932232069,0.1600794196128845,0.48832240406255323,1.1108699429000208,0.007070243258012129,0.0149111300706863,0.27785869677581104,1.1530964950396894,0.027632798008855406,0.0149142397567629,0.4418238611789423,1.629693564074945,0.000864659805917432,0.0017491134349256,0.25752016889887386,1.5961899774926225,0.05898954847602547,0.0010843973141163,0.43709568080002664,2.0432666494273,0.38873995155096264,0.0002119175478583,0.25879954673559297,1.9966219536690712,0.32345742518904047,0.0001072250524885,0.4443823143368706,2.106040498345645,0.418294773337943,0.0001982071698876,0.2554585940104515,2.070849040245589,0.31052010869844243,0.000313552445732,0.42676298616482206,2.1559563606501424,0.04337974118171105,0.0003772970230784,0.2838715343185837,2.134045208780556,-0.10052732891502124,0.0002078573452308
2025-11-11T0765.723596,57,0.5228529763946672,0.5021405375659596,-0.34370249012326,0.99631530046463,0.5598321467274248,0.44354125835459085,-0.3449454383297322,0.9932806491851808,0.5395774212991846,0.4754758895908853,-0.36368110106327933,0.9936795830726624,0.542443492439589,0.44111050347978314,-0.36533726910388337,0.9928696751594543,0.5254363992123912,0.45044396732152747,-0.40217056700955456,0.9941628575325012,0.4997643465267209,0.45296720701511556,-0.36592116301018507,0.9950045347213744,0.49369088590090837,0.44200547824175035,-0.39252212127277764,0.9948028326034546,0.5269600098723075,0.4592633760067299,-0.16041618446442352,0.9915231466293336,0.45340893558918866,0.4449273394437295,-0.3565813752596116,0.9956231117248536,0.5253233055451508,0.5431117197637362,-0.30846623637764686,0.997715175151825,0.4804638106584112,0.5149662613152752,-0.37119729510128024,0.9984517097473145,0.5784584684284867,0.6798958717337185,-0.06229339918579645,0.997826099395752,0.28761251495412077,0.6820855782589903,-0.29561236721167095,0.9989710450172424,0.6261213619716411,0.9121589042975419,0.07563903745401025,0.3481014370918274,0.24948304832013504,0.9296215558618046,-0.2345125371726901,0.5945516228675842,0.656537013223102,1.1273736643565668,-0.056989061146065605,0.0656264647841453,0.2177439711505633,1.213548353523388,-0.41516825771884225,0.1326731443405151,0.6491115162249214,1.268881483526056,-0.09131569076462974,0.0558477118611335,0.19965685325695418,1.2838180950740978,-0.4332910387329935,0.1223702654242515,0.6458633672076465,1.283243428700723,-0.1396528994365797,0.0808579325675964,0.21872555381416717,1.2854464402929424,-0.5042445185697636,0.1666496098041534,0.6221204733450618,1.2644305785047771,-0.09550299927601343,0.0765615031123161,0.21131179971898445,1.2559647206809528,-0.4418828298982955,0.163464143872261,0.5271837588877053,1.1928421240094058,-0.00328710888139536,0.0135811073705554,0.325731496518281,1.2228044410603987,0.029836471861527415,0.0135837029665708,0.5094919848749629,1.666732999382803,0.03622691300447352,0.0016226442530751,0.316131080468919,1.6864478266507856,-0.0063658470146799664,0.0010009140241891,0.4954423230342488,2.096387340919098,0.4391368622143948,0.0001943949464475,0.34695051617586337,2.1052279533525797,0.26547800857660914,9.828266047406942e-05,0.5004322119151986,2.1985197957260953,0.45523435663007494,0.0001815845607779,0.3544407757169615,2.1589754801958763,0.2544226581192366,0.0002852836332749,0.5243848746664849,2.215771410966214,0.09015089582307849,0.0003531686670612,0.3831948911640591,2.2038059739175244,-0.13779355507389512,0.0001921508664963
2025-11-11T0796.581946,58,0.513720579498229,0.5926266349308914,-0.5408787174492066,0.9965628385543824,0.5184257708187459,0.5642019397201099,-0.5230830029348097,0.9936853051185608,0.5403358852579263,0.5971764897294634,-0.5298959736501824,0.9940680265426636,0.5374953235411482,0.5551930125179947,-0.5329390768887162,0.9933447241783142,0.5024356358654484,0.5625100723555031,-0.4946532339655207,0.9944523572921752,0.48396114139475793,0.5383659605325005,-0.48487519393093126,0.9952128529548644,0.4760450070232151,0.5588721111789527,-0.4881954407755311,0.995006263256073,0.548498150694154,0.5912261345084573,-0.33868307774482476,0.9920471906661988,0.4697161610385505,0.5632904223888806,-0.23127732713403445,0.9956013560295104,0.5155179738867998,0.6556839564950993,-0.4646482399618974,0.9977810978889464,0.4886947942111416,0.6180347993116952,-0.37662699862426835,0.9983879327774048,0.633781055885545,0.8059184722886708,-0.2359076284009372,0.9977570176124572,0.3800861571041863,0.7748532780368589,-0.11885975966921994,0.9985800981521606,0.6943568474190183,1.029474723498545,-0.31542346577361297,0.3306440412998199,0.2863093382390111,1.03466051605062,-0.16793366550748956,0.5469741225242615,0.6295595633553408,1.2834517882974614,-0.5621368237172127,0.0653550326824188,0.2695498023301914,1.1741666765176442,-0.5510200235425081,0.130254253745079,0.6641762333344968,1.3809810245915848,-0.6118615040127587,0.0596738867461681,0.256454980052453,1.2541034975405547,-0.6372342178743573,0.1258758306503296,0.6298729954988949,1.3450209334150462,-0.660019823893634,0.088242620229721,0.31058820265024534,1.2126414136430843,-0.6765667990567589,0.1746460348367691,0.5927989957992784,1.3299235183025062,-0.579764750622602,0.0833841189742088,0.3217210525881129,1.2274887263055052,-0.5604259706312971,0.171810895204544,0.5801580209546605,1.3168983527500655,-0.09235194684752307,0.012258700095117,0.40892504978368915,1.3338837944830744,0.05533664803459051,0.0122738936915993,0.5804434924918935,1.7855823669704471,-0.13259402091800968,0.0014814478345215,0.39762378995999714,1.7842447124179945,0.03202132204381575,0.0009063571342267,0.5579606355090133,2.1777484748224896,0.27644723296095075,0.0001758762373356,0.4430148129694188,2.1852408105538546,0.2683190764283688,8.857111242832616e-05,0.5908161652695307,2.279523115819235,0.328946467800253,0.0001643742871237,0.4006452756981568,2.2818301277283473,0.3444229140818113,0.0002571617078501,0.5607376390024281,2.3335205465087516,-0.07276613087539743,0.0003186756803188,0.4668567083753223,2.3101590321645706,-0.11737561211548667,0.000173494714545
2025-11-11T0767.625848,59,0.5397454874018791,0.7016029573874598,-0.6676001693749112,0.9957349896430968,0.5679577210519008,0.6655579527113411,-0.5954391373724133,0.992783784866333,0.5809429788607448,0.6697985240417106,-0.5939318782061439,0.993098258972168,0.5758035029895452,0.6822525534849947,-0.58767626417594,0.9927937388420104,0.5239407775805269,0.6820148693235997,-0.5782270787105674,0.9931418895721436,0.5336647387193979,0.7151135227679505,-0.5987473522971475,0.9935179948806764,0.48886066782479837,0.7082634176762184,-0.5714640667368499,0.99349182844162,0.599494872086321,0.6869218638067313,-0.35485699823659395,0.991391897201538,0.49859359830236266,0.7032533808321465,-0.26027406276593246,0.9930943250656128,0.5666483806727812,0.7469598022238465,-0.5771381639428771,0.9973561763763428,0.5293649420567186,0.7344994659733939,-0.502930661869356,0.9974204301834106,0.6969200694224325,0.8885553250051177,-0.2408576524568873,0.9970240592956544,0.46825274892140006,0.9236216813626512,-0.08255674107445726,0.995836615562439,0.7862351401011798,1.103700376294714,-0.3516468837033503,0.3293206989765167,0.4031345640206631,1.1236508656740665,0.02778251992007102,0.5090218782424927,0.7790721298603172,1.3093707511327133,-0.6642761823264124,0.0649403110146522,0.42273170003037785,1.2108671171835468,-0.32292930295995076,0.1230130121111869,0.7816904801865969,1.3701641851267115,-0.7690898782975368,0.0620672665536403,0.4120666326509302,1.2785690076083411,-0.40991655209358285,0.119758740067482,0.7400425352251694,1.3686278139962111,-0.7803407381439699,0.0923446789383888,0.4057350884341263,1.2612524088377426,-0.5020711394539527,0.1674076616764068,0.7270154591061102,1.3379678835927995,-0.6788587868130422,0.0863821730017662,0.3869609467250119,1.2370177459561813,-0.3968877340400649,0.1650248765945434,0.6989661073635283,1.4009440458502886,-0.10735603387079386,0.0111215431243181,0.5360440202216255,1.4252836725600089,0.10531416871327282,0.0111267119646072,0.6993718689260899,1.8475059069579896,-0.2594177037843363,0.0016328275669366,0.5356263423424041,1.8512498215419917,-0.07033850287346166,0.0009880264988169,0.7360973640182696,2.293983998368179,0.0759424993166689,0.0001907002879306,0.5462987407178336,2.246004600831127,0.10311883984483716,8.734253788134083e-05,0.699535638317442,2.3607161986019185,0.07735588542289307,0.0001690460485406,0.5275543705851853,2.3333128463323,0.09013597994239012,0.0002597888815216,0.7001270559257156,2.3872824823371506,-0.37067636426963785,0.0002999557473231,0.5607674947480429,2.4032088461239858,-0.39343886800895533,0.0001761839666869
2025-11-11T0762.303983,60,0.608401930279903,0.7611774522143399,-0.4701259528346197,0.9957229495048524,0.6253283356363991,0.7229959756843524,-0.49685156368271005,0.9929200410842896,0.6181128002879566,0.7448587153488633,-0.46914090264267466,0.993261218070984,0.6228746818912407,0.7414092619596521,-0.5159726563228957,0.9930416345596312,0.5579904125202894,0.772213224861045,-0.4194484829557078,0.99300616979599,0.5848187648001651,0.7828120763087414,-0.4330726283239581,0.993237316608429,0.5859530961676835,0.7607265979748283,-0.424690394861426,0.9931868314743042,0.6299367021015114,0.7463587783610531,-0.41348133400299436,0.9917823076248168,0.5685912394211049,0.7534073794743698,-0.13313091511488587,0.9925912618637084,0.6224680979335222,0.7994673668334176,-0.449997363188833,0.9973378777503968,0.5941067362410448,0.8088522304187613,-0.3705909166357815,0.997018039226532,0.7818599195001016,0.9375857144047078,-0.3345154517903688,0.9970207810401917,0.5517772467206778,0.9162148845533314,0.01175296864396441,0.995817244052887,0.8220199091850244,1.1581224267337915,-0.4536737331177092,0.3381860256195068,0.5147973093991737,1.133046482954237,0.19700239110079992,0.4806094765663147,0.8081815109140559,1.3703728825204957,-0.6257666240396639,0.0702548027038574,0.48835572033222224,1.3429904508295,0.014441536952979311,0.1166321337223053,0.8782420610635029,1.4155121323418218,-0.7095274682874791,0.0698264688253402,0.46993861375425516,1.414412963585369,-0.03344684824547001,0.1151308268308639,0.8086859750061544,1.493783147062318,-0.725677164865579,0.1033238843083381,0.4656040655121866,1.439635518083878,-0.1340916145547307,0.1627212315797805,0.782980993381088,1.4574077481434335,-0.6295731074292458,0.0964190885424614,0.4843948833457028,1.4169484685371472,-0.019757111305224104,0.1613625437021255,0.7448371397868024,1.430771669674859,-0.14713674795163192,0.0101681416854262,0.5926132520846809,1.4125512452752764,0.15187864104352655,0.0101941460743546,0.738198367782094,1.8721392740251057,-0.2596587596592892,0.0015210659475997,0.6124188083823243,1.82630794106183,0.04085735792081399,0.0009229411953128,0.769256910249057,2.265707404192171,0.0540729306423871,0.0001822742488002,0.6101930392935979,2.2809517421021237,0.1923936383838726,7.974455365911126e-05,0.7638530522095555,2.318283174144827,0.0786150360780489,0.0001629559410503,0.59466428548247,2.3063773914287853,0.20777509417368,0.0002421257086098,0.7054626707220943,2.349726106030613,-0.345732466914265,0.0002761303039733,0.5848515717494329,2.3457163897090942,-0.19452019478970878,0.0001631806517252
2025-11-11T0765.807948,61,0.6545422939876017,0.7986287942880448,-0.45787703558610066,0.99379301071167,0.6536799284472858,0.7747130964794485,-0.5047361493420119,0.990824818611145,0.6833256983574805,0.7596501778785522,-0.49119555731016484,0.9908433556556702,0.6868405596226956,0.7538426674616483,-0.4702919739173163,0.9910792112350464,0.6751849698167227,0.76177629395052,-0.44437079829491255,0.9903620481491088,0.6444779120727331,0.7579703906154561,-0.44998594283499965,0.989996075630188,0.6529459246846345,0.7826713296547887,-0.4283567557398408,0.9904566407203674,0.7076886549315059,0.7471838616387063,-0.38321053577206665,0.9901143908500672,0.6743040753152947,0.7871225955847678,-0.1798585190033357,0.9890184998512268,0.684755033429016,0.8352426964098971,-0.43838498633617945,0.9951270818710328,0.6523895563144919,0.8152389772884837,-0.3814775996602876,0.9935583472251892,0.7926650234077622,0.9126297881223104,-0.28330551967472156,0.9913527369499208,0.6023834252110611,0.9560506448042168,-0.0029166433678882,0.9871901273727416,0.8769206345358074,1.0967201475616941,-0.4391056810831294,0.3303901851177215,0.549499169805351,1.1112697965360248,0.00023631922172484587,0.4483539462089538,0.8455262989127554,1.1783473016839048,-0.6433273864040038,0.0719918087124824,0.5255206795377777,1.2172384123324422,-0.3018748270442751,0.1143415197730064,0.8666110210880407,1.181378310040481,-0.7448758475459216,0.0749997273087501,0.5360849261772237,1.2456375811768199,-0.36805207524370814,0.1155999451875686,0.84489481679407,1.1611697087767432,-0.8011326084606845,0.1086886152625083,0.544944910752936,1.1884691932985634,-0.40615024146942724,0.1632217913866043,0.8256860070485198,1.1739527115660155,-0.6644318920457124,0.0999445095658302,0.5656029951740836,1.200041472002753,-0.35522640722849275,0.1616002172231674,0.7933447496694452,1.4208744819201182,-0.12396037809256914,0.009294182062149,0.6630991563559362,1.412212532778324,0.12919188284762814,0.0093122795224189,0.7855552882462717,1.8253129885876838,-0.2639849381816923,0.0018421119311824,0.6330731894881426,1.8149217762651648,0.06358595544706472,0.0010850551771,0.807528050719471,2.252338258294352,0.048048036890456725,0.0001944730029208,0.6414900822622437,2.210671059449125,0.18352145095941208,9.790903277462348e-05,0.8047599009450275,2.2635191246776545,0.02356192227670849,0.0001642362185521,0.6667876717332348,2.26401825447262,0.19044397768797752,0.0002693030692171,0.7703415380244596,2.288705233434691,-0.3453823435786418,0.0002863747067749,0.6550391979861178,2.3152295506439997,-0.22042670506768128,0.0002220927854068
2025-11-11T0752.772910,62,0.7030152973681236,0.8376953870851478,-0.7079538327960407,0.9895854592323304,0.7045889794844377,0.8150920089959163,-0.7066982330616743,0.9856671094894408,0.7668131490168283,0.7974123900017205,-0.6849271707182762,0.9866630434989928,0.7148649128488176,0.7696943019720343,-0.6884931345415272,0.9874905943870544,0.7235421044798268,0.8050041165077164,-0.6548004104956012,0.9845849275588988,0.7074127481629823,0.8135219219627039,-0.6768844371588456,0.98416930437088,0.6925837338491564,0.7955967066007017,-0.6785735501584558,0.9848611950874328,0.7608786142209787,0.8215188899793167,-0.5124451598581726,0.9862854480743408,0.726150084388776,0.8268704049037419,-0.3809464947577121,0.9813492894172668,0.7089029943873253,0.8683421107796293,-0.6497458716470464,0.9883705377578736,0.7113129536585954,0.8373570917461489,-0.5981733162038382,0.984737753868103,0.8480752295394965,0.9757076823192917,-0.35549389313050356,0.9811533093452454,0.6191510904402239,0.9502681074067003,-0.059186794598415415,0.9777399897575378,0.9171331212233987,1.1113638629695037,-0.5463572599961842,0.3295651078224182,0.5631959742131373,1.1423184108988642,-0.09912476130591949,0.4345442056655884,0.8650498805765311,1.1954654410460555,-0.9253170735487344,0.07630505412817,0.5642104000333958,1.2184613225311498,-0.43840562669945826,0.116221085190773,0.8923496105133468,1.1840216093075604,-0.9966007782656389,0.0836820974946022,0.5748601198576662,1.2002018031915533,-0.5037134230663262,0.1213384270668029,0.8981261579431226,1.1527246141366887,-1.0475551905738154,0.1183858439326286,0.56438879192216,1.0949215866281075,-0.5739659297109777,0.1701669692993164,0.8882667261793932,1.1389151532537107,-0.9426895621413097,0.1077715158462524,0.5692045812775757,1.167685860380784,-0.48087356326176306,0.1659613102674484,0.8208669457900502,1.4105430772175682,-0.13391855821541787,0.0087345847859978,0.6602376965449878,1.4240045585771455,0.11719453842882195,0.0087337996810674,0.8048964496279204,1.7878277145011592,-0.290539447747737,0.0024807439185678,0.6182796786211161,1.814865419470389,-0.0773575553480572,0.0018577855080366,0.8334437604920879,2.1275645896197393,-0.0184576875120406,0.0002932971692644,0.6784513420286118,2.1587412518251305,-0.002075914556726788,0.0002179745206376,0.796027770065322,2.189860677630871,-0.00029885511486205194,0.0002697963500395,0.6930418911384283,2.1793829187053504,0.025395887769102683,0.0004638649115804,0.7947019258968125,2.1733652759936697,-0.3566539782342963,0.0004695670504588,0.6965508067783012,2.2293580563092497,-0.33977212966938364,0.0005687893717549
2025-11-11T0752.745834,63,0.7684603741851082,0.8232329785157144,-0.2289147189305446,0.9903485178947448,0.772998528876578,0.8216283604560704,-0.22399346357248562,0.9867826104164124,0.743546658042287,0.8176953679021839,-0.22269189748240864,0.9877291321754456,0.7600560389302845,0.845900783052901,-0.2373304315379273,0.9884366393089294,0.7487347137761303,0.8425188096367745,-0.23612021638711078,0.9858408570289612,0.7518652403608317,0.8030422177038404,-0.21403771193152002,0.9854633808135986,0.7604288979385762,0.8365066615705159,-0.20691384712617722,0.986019492149353,0.7664515422333014,0.8286949652210178,-0.22325515249333105,0.9873924851417542,0.7894586218340872,0.854462736212715,-0.315015455292161,0.982918918132782,0.7370202287508915,0.8679197587862,-0.2375557911171226,0.9890062212944032,0.7609124722751834,0.8873684039618125,-0.2344178204175987,0.9855965375900269,0.7606118460267994,0.978612648736263,-0.2820964571379835,0.9760084748268129,0.7472558509219186,0.9823024565861582,-0.2290880890514354,0.9703063368797302,0.8532463230619814,1.0726049578165977,-0.31168747632636984,0.3164926767349243,0.7095539703844217,1.0916060536268692,-0.37201013984828696,0.4022105634212494,0.79896813836003,1.0794530854897673,-0.4259118442128807,0.0854998677968978,0.7798078444515223,1.04419015422373,-0.5991460062996488,0.1147563233971595,0.795307220399824,1.0510277884555728,-0.4501471112249192,0.0994344428181648,0.8152836526195683,1.0064338458270308,-0.6587837233781966,0.1267563700675964,0.8402683269960869,1.0063942299207884,-0.507262415774739,0.134124681353569,0.8201291307576792,0.9714818101796773,-0.6895494515160617,0.1726864427328109,0.8146128794926389,1.0363613017878857,-0.4335793871039648,0.122858241200447,0.8103211046938367,1.0057073945634156,-0.6279490355198183,0.1663632094860077,0.7777107126991674,1.4274386980543048,-0.028734940377078542,0.0082106404006481,0.7122480329533956,1.4233060204455292,0.04215767154930618,0.0081122806295752,0.7638255398278008,1.2864423154807862,-0.2648312818768679,0.0060277106240391,0.7217507722670026,1.3393446822696953,-0.06675362628181462,0.0047953468747437,0.8006163547232207,1.521984445234767,0.10853269671369076,0.0019473007414489,0.7690314857322903,1.4947330009264326,0.1151805007156799,0.0010856207227334,0.8170477718160756,1.5883506592086254,0.11786177681642422,0.0021975489798933,0.7662957835163489,1.54267556772128,0.15002859103552024,0.0015882527222856,0.7999398494826031,1.4780089439552786,-0.05688933481104063,0.0034820539876818,0.8201856693563208,1.503555025106577,0.04942518574825037,0.0022648335434496
2025-11-11T0762.698713,64,0.7745966964347155,0.8715894487013359,0.21287556064068378,0.9900802969932556,0.7958524041580418,0.8429845344055907,0.1316642057689507,0.9868263602256776,0.7480453707860046,0.8627811447372001,0.13520450417636845,0.9875925183296204,0.7490691469767298,0.8592279267169188,0.1268879173946301,0.9880820512771606,0.7905251283695662,0.8311216774433753,0.1451961903827896,0.986186385154724,0.7742238704778774,0.8524253107529088,0.12438599322298478,0.9858942031860352,0.7916737102161896,0.8312723278908789,0.1002432719079073,0.986418068408966,0.7479765615220981,0.8521209704608261,-0.10422518427871365,0.9868863224983216,0.7826179110648881,0.8407241047660039,-0.07677328369246882,0.9838123917579652,0.7756162431658635,0.8855311692923914,0.136880665921597,0.9877108335494996,0.7828503428865744,0.9087142545961845,0.17048113343999524,0.9852209687232972,0.7165490247495205,0.9469970548906373,-0.15631072245769698,0.9654535055160522,0.8541644979395221,0.9382536906241878,-0.12560496391344997,0.9671871066093444,0.7448807314351836,1.0560222508983754,-0.05276259355490282,0.3051756620407104,0.8301829989827747,1.0239088795170712,-0.03325284667837791,0.3799289762973785,0.6913777495722025,0.9843020270522469,0.11744653433319127,0.0870242044329643,0.7480170970995335,0.9702571643423712,0.10028846856366413,0.1191066205501556,0.7083325577739792,0.9534728654875643,0.10522553149684095,0.1026674658060073,0.7811504754826623,0.9509182272215796,0.10043814647789126,0.1356157958507537,0.7253853025096115,0.9535794866298611,0.1290714735658018,0.1351488381624221,0.7650880826567759,0.9033230793129541,0.08963808345565537,0.1787184774875641,0.7355329701292519,0.9607444968819484,0.10723491205631355,0.1241421177983284,0.7763811712233841,0.9274119000269541,0.068830960415663,0.1712696105241775,0.7789500849401132,1.4058684994209352,-0.07351902473391958,0.0078619476407766,0.7950012360846681,1.4096780681183403,0.07513513290128804,0.0076651535928249,0.7625634206034813,1.1412224202486188,-0.21706980362025846,0.0138805070891976,0.7478695766065407,1.1422290538769535,0.13642293852087736,0.0062087839469313,0.7410193086075291,1.2611376580308518,0.14394436275517122,0.0046244719997048,0.7378719556640588,1.1772821552737265,0.34225459359935245,0.0021778452210128,0.7491895455324822,1.2845091471519923,0.1915143358371403,0.0051018502563238,0.765841854736288,1.2270264583916548,0.3556940512376713,0.0039530070498585,0.7418473492299713,1.163221816451315,0.09823551331186701,0.0066710929386317,0.749854482200995,1.080789424697806,0.31858481694631346,0.0045849243178963
2025-11-11T0789.220495,65,0.7872011984558284,0.8518134454660443,0.19500382032688018,0.9905965328216552,0.8166853628008337,0.8528077122899438,0.16285923709838057,0.9876448512077332,0.8095699965920821,0.8355435563812124,0.11656563614797368,0.9883441925048828,0.7911739054082332,0.8106171508988995,0.13284293540898207,0.9887501001358032,0.8015749799659547,0.8415172064744545,0.12677464677741834,0.987177848815918,0.810910359129012,0.839073213526967,0.1125370768808827,0.9869177341461182,0.8167989266321907,0.8479419277177779,0.1325003427109646,0.9873626828193665,0.8089381682077035,0.8623457835079604,-0.024922073684193465,0.9877521991729736,0.8291559459619718,0.8476918222650464,-0.08474777529370786,0.9851887822151184,0.775786565763526,0.8883371483007473,0.1652092296510249,0.98810875415802,0.7882384817783086,0.8875419128112524,0.12751150267083627,0.9859824180603028,0.7152603199178068,0.942242780474462,-0.10797653889200454,0.9639880657196044,0.810413821503184,0.9480477112748248,-0.12224882069829042,0.9675247073173524,0.691306909436693,1.0548586000064757,0.047980953272040376,0.2980923354625702,0.7796652733058185,1.003369201907433,-0.017047370866617742,0.3569115698337555,0.706595906230303,0.9898950151656669,0.23520821260187058,0.0916072949767112,0.7434407706572442,0.9359056515462049,0.19085530950932328,0.1250802427530288,0.6646050969040599,0.9788304967869871,0.2525111598423695,0.1104404404759407,0.7266941782915026,0.9017227359572738,0.19116309527912728,0.1482755094766616,0.7278178746399564,0.9564793299483308,0.22519686427135227,0.1419046819210052,0.7222444020586215,0.965167068952748,0.14025920235927886,0.1896807700395584,0.7158892677808796,0.9967519810730582,0.20749714596487864,0.1307196766138076,0.7146101359760995,0.9415496787784188,0.16070999391017138,0.1804010421037674,0.7426932843689124,1.41051225306672,-0.07513636210971392,0.0081585366278886,0.7928267630505221,1.4056444417910687,0.04771288104414168,0.0080822566524147,0.7435312143645316,1.2499741281094734,-0.07967964611547006,0.0179411061108112,0.7601850045662287,1.229381958807044,0.10321790661426397,0.0088041415438056,0.7174496753824671,1.4922829584219182,0.1590014708795096,0.0054824231192469,0.756469012184197,1.4396010752521908,0.31225402144763076,0.0027545562479645,0.7321275631653298,1.526109545915351,0.18197868635823164,0.0063670952804386,0.7157444540206608,1.5007759534555218,0.31983846180763625,0.0049539697356522,0.7427379466714136,1.4543189779148937,0.13080768958297778,0.0079236393794417,0.7453641761783334,1.4319677326492566,0.21448894807583455,0.0057124691084027
2025-11-11T0757.179354,66,0.7830526722734175,0.8603516733033809,0.19728535933531227,0.9906641840934752,0.7913998130640365,0.8864438090862974,0.16237444886418592,0.9879913330078124,0.7960626304498717,0.8524390850234818,0.16038993906475038,0.9886085987091064,0.7917921310825211,0.8347747914988496,0.1494469489655908,0.9888636469841005,0.8048397085826677,0.8550108090585361,0.1719171947559996,0.9876693487167358,0.8025336145538694,0.861737180346075,0.13641101536594316,0.987484872341156,0.8146321431593226,0.8738472255725039,0.1403320354200792,0.9878851771354676,0.7684543248705126,0.8782549005089589,-0.033725576971143895,0.9878760576248168,0.8662193659749503,0.8890582637704838,-0.06181148787886899,0.9861240386962892,0.8042071013956401,0.9050937539752705,0.16382138045941508,0.9876348972320556,0.8184766466866545,0.9018067614908604,0.13874351143434327,0.9860954284667968,0.7083993992964215,0.945175504170036,-0.10196500349149766,0.9526388049125672,0.843166848666888,0.9930103784465871,-0.1314660619166173,0.9640377163887024,0.6767467091040078,1.0418605994094625,0.06048819175999834,0.2816895246505737,0.7945128729519636,0.9618758206238306,0.01492554232703811,0.3364546000957489,0.720137689453553,0.9716009499653221,0.29277492010676104,0.0897982567548751,0.7677434097069861,0.9238654413361058,0.2708950713438409,0.1277478039264679,0.7039881552059721,0.9731647357716829,0.329295062770683,0.1103440001606941,0.7471378831583888,0.9011923926031137,0.31620358239438134,0.1561640352010727,0.7169350950685504,0.9313890654827135,0.30178323022131864,0.1402487754821777,0.7548216636128335,0.907616068467626,0.27686480611004155,0.1961606442928314,0.7406447161265964,0.9455635341077534,0.29966039759838003,0.1298041939735412,0.7434377639217845,0.899136483840874,0.2897643846916209,0.1856293529272079,0.7552627605322423,1.4510162745732553,-0.046804813887638574,0.0077827787026762,0.7885741142224342,1.4046469676640603,0.09598856584137255,0.0077146645635366,0.724637838323574,1.2036347356885926,-0.06717550536674094,0.0208852626383304,0.7586593133450071,1.164845145066054,0.11966735073992202,0.009553694166243,0.7211699461842942,1.346021359425145,0.21807697940207368,0.0064728278666734,0.7529640285812382,1.2845901680589096,0.3274766475032492,0.0032195593230426,0.7242613042648823,1.3592954719947457,0.2468185759560675,0.0075705233030021,0.7619008669331517,1.3036240948658149,0.3384033345076335,0.0057097747921943,0.7188591436430235,1.2711302929182386,0.1701604869821421,0.0093349535018205,0.7878775975663108,1.2413424118428071,0.29877432696674205,0.0068212826736271
2025-11-11T0735.383847,67,0.8166866788046173,0.9020430666723684,0.12660034886643307,0.9908880591392516,0.7888492776166698,0.8996165830786561,0.06409341476311023,0.9883564710617064,0.7933029830585817,0.8554137575359451,0.0597768788373868,0.9888615608215332,0.8052915802209564,0.8881208670177191,0.09266858292702314,0.9890155792236328,0.8333295032695107,0.8590454814541431,0.05150668492073482,0.988223433494568,0.8400124984202582,0.8938304797789668,0.06070018185021858,0.9880666732788086,0.8285140211826776,0.9062828643565635,0.051756188073992425,0.9884175658226012,0.7913686132357997,0.903936823170434,-0.052807977454315716,0.9879573583602904,0.826648357690751,0.8730438680433793,-0.1334851698605214,0.9869261384010316,0.7880318746973378,0.9046146030845181,0.08738964696358546,0.987198293209076,0.7945075316107403,0.8959400885394934,0.0954442840616824,0.986238658428192,0.7397372652540162,0.9690873455912273,-0.12256051358860791,0.9450576901435852,0.7860929560925245,0.9665128205450784,-0.13284120948856584,0.9592660069465636,0.7185299782239305,1.0198985295126148,0.000759757513664373,0.276272565126419,0.7959132888845807,0.9874547424882137,-0.07142202033142084,0.3253026604652405,0.7090553941687061,1.0161013516849355,0.15434811091043268,0.0941617786884307,0.8220536594509965,0.9471649849081882,0.09664868562109007,0.1327185183763504,0.6872527400818349,0.9717148367359283,0.1517093785999524,0.1157112345099449,0.8090552449809147,0.9017704194168492,0.1096345734642507,0.1640182584524154,0.6954383002610626,0.9653664753945536,0.13838990770224854,0.1447690576314926,0.811438877780607,0.9450070749471635,0.0656894567520267,0.2025067657232284,0.7191249023728205,0.970211532144305,0.1367974593337099,0.13384310901165,0.811145049440908,0.9514419176262822,0.10953515350852443,0.18977952003479,0.7642659556869407,1.4220858368726552,-0.05782388161932293,0.0073476210236549,0.7950135202691725,1.4170943316434657,0.03228693802707466,0.0072331419214606,0.8041871679127149,1.174676020968102,-0.0648180004220048,0.0227939970791339,0.7829160806995635,1.1400937224135435,0.09551663968902334,0.0098766889423131,0.7849577785478489,1.2376707655097587,0.20979658067211632,0.0068462234921753,0.7649522522633313,1.223044098006857,0.2795347730393457,0.0035607304889708,0.7278646303117959,1.2879221346979488,0.2630328541427058,0.0079925525933504,0.7753650269899354,1.2273426423768623,0.31218319167047137,0.0061849984340369,0.7726926192196383,1.2203018432971595,0.17058976963514733,0.0101675586774945,0.7699823945820383,1.15324185497921,0.26557108904218873,0.007789734750986
2025-11-11T0769.120996,68,0.8202890713429859,0.9280167958202905,-0.3925406267404627,0.9916820526123048,0.8155604120684292,0.9200305665639934,-0.4232217878352342,0.9893494844436646,0.8417066221853822,0.9045479749500828,-0.44248481074667356,0.989814817905426,0.8410195798570113,0.903871910456754,-0.4400455028821283,0.9899340867996216,0.8150252492445828,0.8920727189498907,-0.4335608185336099,0.9892261624336244,0.8192276853325415,0.8894438274512875,-0.45663016030738607,0.9890815019607544,0.8413649182909111,0.9247259354155568,-0.44724180395321605,0.9893691539764404,0.8505424530470215,0.9249368486883209,-0.30753321323723753,0.9889644384384156,0.8529397500528927,0.8895533747790162,-0.41678946714353066,0.9880608320236206,0.8198569720112423,0.931000288877953,-0.3836102370486161,0.988064706325531,0.8210375731889407,0.9195653876150188,-0.378091126060388,0.9872098565101624,0.8223853352068576,0.9662122164947955,-0.17864884579461818,0.9456892609596252,0.7466859538631573,1.0060823282806506,-0.3055991791329542,0.9550528526306152,0.8117361980363113,1.0580961995428144,-0.024094802255535036,0.2725068926811218,0.7465187332681431,1.0021250813002005,-0.2263432384730515,0.3128602802753448,0.8615387499159562,1.0116179745500533,0.01047350065366792,0.1109362617135047,0.774357726149085,0.9778627385091063,-0.17362659625618868,0.1336800307035446,0.8107563257907178,1.0097815128797196,0.12884053938705958,0.1342849433422088,0.7424005714662971,0.9297372300979706,-0.20598948526426367,0.1666569262742996,0.8514474980399388,0.978574952725279,0.10554963521728378,0.1643707156181335,0.7540631574383901,0.9680873998412767,-0.1784762772181393,0.2038311809301376,0.8334955123113785,0.9668364356109513,0.045216866062181685,0.1529304683208465,0.7670263602214806,0.9563810545247877,-0.17683358009155142,0.1914967745542526,0.7978114536051504,1.4397669807714835,-0.043573082619313114,0.0069795614108443,0.7543004221904152,1.409314626108036,-0.006633522960586578,0.0067618791945278,0.7866947542052012,1.2026712944720868,-0.12564517504936681,0.0247865002602338,0.7412854834535556,1.2229897570981716,-0.028753750598646967,0.0108540439978241,0.7639044209736231,1.2907257340840168,0.16878213312879042,0.0071814144030213,0.7386916609339936,1.2431051526423125,0.2130413869365111,0.0036479902919381,0.7667273371011248,1.3424365193614205,0.14969752283043636,0.0083166295662522,0.7199425250028164,1.2897596714394761,0.24462588644719374,0.0062208175659179,0.7479410796981023,1.2883746944051686,0.17302525417369474,0.011403570882976,0.7433556411302485,1.2284756002268309,0.16951209942728257,0.0082616144791245
2025-11-11T0726.339661,69,0.8374723003175911,0.9333026157497359,-0.47175722672416476,0.9920677542686462,0.8298912809145347,0.9106937492062237,-0.48927356834412794,0.989815890789032,0.8273031770954696,0.8948754050351901,-0.48551885446158155,0.9902608394622804,0.8088890456452816,0.8939559028096502,-0.48088374970636677,0.9903043508529664,0.8478255776511819,0.872910986548866,-0.46458841813551816,0.9896972179412842,0.8025536091171402,0.8995901053643569,-0.48994280465433,0.9895920753479004,0.8367763662241791,0.8964818600589544,-0.487864596288456,0.9897865056991576,0.8406911443162862,0.8965470133721593,-0.420945233287462,0.9893032908439636,0.8345900289027208,0.9054968717673145,-0.45461285251648736,0.9887208938598632,0.7894837396267798,0.9424690638479912,-0.44047632468470777,0.9878259897232056,0.787074284419808,0.9281499225226296,-0.4282185519860165,0.9871761798858644,0.8451058636670234,1.0042738990070064,-0.32741408243865827,0.937857449054718,0.7482154082333261,0.955134900644157,-0.3005493049267772,0.9430908560752868,0.8328091869467884,1.0444127842694821,-0.17653069214254893,0.2636545896530151,0.7801714521488046,0.9844378997189006,-0.19433156515843672,0.2970719039440155,0.8627664118321604,0.9978047922713325,-0.05902267373338594,0.1130465343594551,0.757745560651931,0.9405498482955568,-0.1201140050752959,0.1302832961082458,0.8598335110837264,0.977067719177595,-0.03914812621894675,0.1364573687314987,0.7940968363110102,0.950525395196546,-0.10099146414607768,0.1637288182973861,0.8427822044257443,0.978023814932896,-0.031799054451413594,0.165879338979721,0.7613298926457823,0.9415654699359505,-0.14634628381201029,0.1993616074323654,0.8607716811008236,0.9865872159727349,-0.06718143485389325,0.1552831828594207,0.7725004199656229,0.9526044394395802,-0.12418357145002962,0.1877328753471374,0.7977728743506474,1.3915426346576065,-0.041094644229529464,0.0064943195320665,0.7256286091335099,1.4159674325167027,0.04612532428124333,0.0062453555874526,0.8400920214029621,1.1616371930171208,-0.14894221142752379,0.0268610510975122,0.7577731502926287,1.1898926142586712,0.01306783585164416,0.0116551192477345,0.7674940535500653,1.2442239885040969,0.19749552141667948,0.0076821572147309,0.7431700777461313,1.1736699264893067,0.26800143256237363,0.003934861626476,0.7450810835782542,1.268851295630739,0.15706007340273698,0.0085967313498258,0.7119355339850802,1.1858858659047806,0.2961052947766855,0.0064704637043178,0.7505923245593581,1.1810074148743628,0.08748366964052656,0.0126089630648493,0.7325894752398332,1.134359975151203,0.19655320002853846,0.0091490419581532
2025-11-11T0772.937275,70,0.8297493093718283,0.8973969171691946,-0.4324577174043845,0.9926522970199584,0.8529174412295566,0.8965705565958063,-0.41647723414941706,0.9905542731285096,0.8533291096264259,0.8657398497335066,-0.4328988894282379,0.9909815788269044,0.8531300774117038,0.8902202362929323,-0.3996920156290664,0.990971863269806,0.8378980400814239,0.8824943273796155,-0.4215349205248518,0.990448832511902,0.8508373039617724,0.8872356990760845,-0.43811783582242786,0.9903733730316162,0.847916591994595,0.8758674429787529,-0.4205291462422376,0.9905067086219788,0.8106610701895033,0.9026415558619946,-0.3261562227822256,0.9900356531143188,0.860535710156471,0.8694884354805432,-0.42108652202884733,0.9896047115325928,0.8202114435581676,0.9216669450135971,-0.3957035551100041,0.988199770450592,0.7987364264475556,0.922315108356547,-0.3757199493702859,0.9876767992973328,0.8200804214909869,0.989464326584382,-0.26615812543796513,0.92908376455307,0.7214896990195356,0.9614444938876572,-0.2989116215522336,0.9304105639457704,0.8438249813944816,1.0364700837342995,-0.12123003106947638,0.25150927901268,0.7705663855537022,0.985663733826063,-0.2535830848048946,0.279507577419281,0.8466963674014134,0.9903114277473194,-0.07747503763532879,0.1154239401221275,0.7464669929004144,0.9395435428277075,-0.23833439472983967,0.1262042969465255,0.8533767015352631,0.9732634989619754,-0.08394470135736991,0.1411205232143402,0.7527140428723494,0.9196686333185261,-0.2670623202429115,0.1616877764463424,0.8623311068611781,0.958578061590234,-0.12185812784216847,0.1708898097276687,0.7689689773118563,0.9407854853276925,-0.29526846667073475,0.1961788982152938,0.8437143266672299,0.9755066155292806,-0.07048266177612307,0.160588189959526,0.7666384638804855,0.9739412515187597,-0.27262592978174616,0.1848084777593612,0.8061433007721391,1.3848199545598758,-0.0616261520790046,0.0059867682866752,0.7550399665543951,1.420835723743603,0.05113265962521801,0.0057257530279457,0.8461666078674048,1.192621960741732,-0.14601471849056222,0.0273485388606786,0.7665955980498403,1.1830491377828383,0.013021382431005563,0.0118918512016534,0.7938600000065392,1.304176019473795,0.1719988232438989,0.0076338956132531,0.7540075461798245,1.2398169158008834,0.25601358471886254,0.0038614070508629,0.7552211170269101,1.3442809704000456,0.22451448372499205,0.0085501046851277,0.7406382212087058,1.270394297171533,0.26753315596284943,0.006251098588109,0.7787573550939056,1.2581228292348647,0.08380879632138187,0.013006848283112,0.7392887522719853,1.2284136879463212,0.18041287355236577,0.0091443788260221
2025-11-11T0780.653250,71,0.8505150508944879,0.9287272251199707,-0.48849520951662473,0.9932731986045836,0.8535518329790555,0.9001963497345737,-0.44274013933385004,0.9913373589515686,0.8777650386892154,0.888055893920546,-0.45183330270270117,0.9917405247688292,0.8700393939065582,0.8839573485579467,-0.46281029347436425,0.9917077422142028,0.8568368036673967,0.9010172041878727,-0.49595823467619704,0.9912282824516296,0.8427018196093501,0.9209485619441427,-0.4682148776243368,0.9911652207374572,0.8202413441205213,0.8681346697555399,-0.49382156012179423,0.9912542104721068,0.880428484472285,0.8952494986106027,-0.323057748002391,0.990856111049652,0.8713688584313564,0.8932733507801429,-0.3948353735571636,0.9904894828796388,0.8174872784514884,0.9208326815705891,-0.42461685633876445,0.98889422416687,0.8176030343190888,0.917678768669556,-0.44903404282016546,0.9884379506111144,0.8481839785760232,0.9941824913613048,-0.26182657923008334,0.929288685321808,0.7178763562267152,1.0105092617592422,-0.22730496393672348,0.9258688688278198,0.8745218289388746,1.053098588580423,-0.11880254003229737,0.2492038011550903,0.733478116757917,0.9991707359054087,-0.23144068264102235,0.2656667232513428,0.8651763714222137,0.9798831776529942,-0.0745712520698561,0.1276424080133438,0.7600259996539612,0.9553701542028212,-0.20244992331335354,0.1231907829642295,0.8469942128348408,0.9988309174613181,-0.07813950294756991,0.1562009304761886,0.7910330228530149,0.9348374570871933,-0.2159032867850982,0.1593920588493347,0.8759069284613258,1.0051903445448422,-0.09464484852215353,0.1870874762535095,0.7605875939924651,0.9362604172556942,-0.21167928015548854,0.1928314864635467,0.8778198871845518,0.9949804087803777,-0.08272436439476262,0.176695168018341,0.7759292916579689,0.96709813881834,-0.20265011503538383,0.1822290271520614,0.7892977316457324,1.4055839407369888,-0.06592264492338441,0.0056142411194741,0.7348976230802059,1.3832533136132195,0.0608310913744771,0.0052965069189667,0.8649514564395451,1.198257140089759,-0.1333537639355925,0.0289715845137834,0.7373110256959929,1.2060352062325435,0.00251475440648085,0.0123286833986639,0.7948756112622486,1.3430425494861584,0.1598442850407851,0.0076618483290076,0.7689075339761969,1.2788813162706119,0.2287852932312536,0.0037965215742588,0.7673559400018263,1.3466860880757183,0.20914034091776795,0.0086251785978674,0.7425788950123257,1.3104043698626084,0.23386077667179447,0.006079071201384,0.8145511867525714,1.3124838151957636,0.09203534645203251,0.0135473422706127,0.7214444222756927,1.2645716921917554,0.16050522047759902,0.0091693121939897
2025-11-11T0712.102124,72,0.8323618676324331,0.8922517186813345,-0.5040175975826796,0.9938275218009948,0.8629745961458642,0.8920013062361964,-0.4634829994190726,0.992023468017578,0.8562813856227341,0.871662905222148,-0.4932786303782825,0.9924128651618958,0.8749689927246613,0.8988675279584147,-0.4688381012447234,0.9923608303070068,0.8459584271206948,0.879177422472799,-0.508982668477188,0.991917371749878,0.8379136166627721,0.8549538714863375,-0.5025266269349983,0.991858720779419,0.8126549954895291,0.879441619880651,-0.47064272495288095,0.9919021129608154,0.8554702118372085,0.9029445256976721,-0.31399473945127604,0.9915592670440674,0.8216949205619769,0.8843670628914577,-0.36551165492099497,0.9912431836128236,0.8075250962221608,0.9342877728346717,-0.43185326441431793,0.9892923831939696,0.7964350003269582,0.9421357576218738,-0.4359612420216568,0.9889368414878844,0.8315875656254981,0.986037803687162,-0.24082315663771506,0.9263421893119812,0.6914491726976005,0.9690001752366314,-0.19846250257897038,0.9201732277870178,0.8947980504456886,1.0751070337100586,-0.1363262343050059,0.2436859458684921,0.6824204194356046,1.0107715764216139,-0.06949583784467081,0.2448980957269668,0.8715502133366401,1.028214088882868,-0.13918501483786827,0.141048789024353,0.7106773573308027,0.9945110552787324,-0.09098516576635945,0.1234332621097564,0.896893469048163,1.0253084870406035,-0.17001191485087577,0.1749304831027984,0.6955253962245567,1.0041823360884803,-0.08646213808281764,0.1633403152227401,0.8639264000378711,0.9977925637599707,-0.15513995077309034,0.2087772190570831,0.7054380602324919,1.0187442747889688,-0.11265271059327454,0.1985738575458526,0.8784017398737048,0.9967331057802514,-0.13273725260301122,0.1979475170373916,0.7283092888519616,0.9910611760968064,-0.06859727418185346,0.1886054426431656,0.8109069943963974,1.3977360783941069,-0.05303984187678192,0.0051747509278357,0.7503810849650427,1.3949174033006688,0.08251962973138093,0.0048641860485076,0.8363959323279467,1.3345697543995512,-0.18808143350897846,0.0281179118901491,0.7074972725023639,1.380625516507933,-0.02317766166788499,0.01182521879673,0.7983998876249846,1.5768830104007512,0.08876046647326782,0.0071159522049129,0.7352579968181497,1.5507581719294645,0.17016546162551385,0.003500944469124,0.7837406967940881,1.6172456610280668,0.1271485988064554,0.0080946926027536,0.7693639728571721,1.5406099038079852,0.19840703777273783,0.0055761076509952,0.7866368408065779,1.6115186822830987,-0.039921510190402604,0.0128848440945148,0.7361071645443864,1.5781107714746672,0.07295305737657795,0.0085478192195296
2025-11-11T0737.662412,73,0.8178659421234116,0.8858624785012029,-0.4188300651255819,0.9933988451957704,0.8274599976215603,0.8641300300244218,-0.3932544367023192,0.9914210438728333,0.8381684047366447,0.8971338569778217,-0.4273441455162652,0.9916303157806396,0.8548269560808204,0.9065552971659551,-0.40460786204925125,0.9915655851364136,0.856973145532186,0.8926351427813903,-0.4187897548241766,0.9914796352386476,0.8523042676383887,0.88123239559904,-0.4156949640149116,0.9914373159408568,0.8388210827792184,0.8582123821330818,-0.4103720494767538,0.991560697555542,0.8511221866838732,0.8963928000110919,-0.18088283598867103,0.9901631474494934,0.8304677235990487,0.9004549433305054,-0.2828718834213561,0.990378439426422,0.8103470988742331,0.9121019267192941,-0.3671590440303406,0.9871588945388794,0.8474790123648742,0.8601877009153053,-0.35732202009926106,0.9879004955291748,0.8445241144032533,0.9874167020693085,-0.16032693566646236,0.9258824586868286,0.6948703847587865,0.972980716929462,-0.09526321719269122,0.9206772446632384,0.8855982364032783,1.0973151863742583,-0.21115806764216516,0.2310281842947006,0.6472820613229855,1.0789813418672012,-0.14355322241751434,0.2328231185674667,0.8719227183790815,1.0979637936185407,-0.4647674117660482,0.1432771682739257,0.7005496763558267,1.1367581631705115,-0.3843865578403306,0.1355958133935928,0.9058151090786049,1.0913488596956702,-0.4918380790437515,0.1832231730222702,0.6917161957213128,1.130707367871672,-0.44090146638144184,0.1772113442420959,0.8690756745011289,1.06654214937,-0.48498543594269844,0.220625102519989,0.6854820344748791,1.1119075820071014,-0.4741866773579046,0.2173938751220703,0.8542145492830767,1.0709045601215157,-0.4454510906514822,0.2072575688362121,0.677500677272187,1.1458876460731675,-0.42823317531629784,0.2066734880208969,0.8074832608615957,1.4105456688017497,-0.08143278580572688,0.0048261522315442,0.6786061612670955,1.3933893017776064,0.047245044296343124,0.0044888039119541,0.8308972951717902,1.633500615581823,-0.18412112433959507,0.0258232913911342,0.6568991583511077,1.6160143639108546,-0.03971417642415808,0.0108101293444633,0.7901832417528925,1.9396385290831697,0.04617750327332684,0.0064310356974601,0.675356257061523,1.8945886765439248,0.12845483729697146,0.0031695740763098,0.7690260780545994,1.9905014334717483,0.046382388964846366,0.0073125590570271,0.6939823144594611,1.9620992404435236,0.122562420685474,0.0050467941910028,0.7801688183140937,2.029525967365237,-0.22656046868861657,0.0116589330136775,0.664071923685503,2.015461536546004,-0.1210482973139827,0.0077592465095222
2025-11-11T0719.845642,74,0.8420416808970532,0.8945759071430645,-0.44129934530203185,0.9904581904411316,0.8285093343700978,0.8720122756258807,-0.42105664133284393,0.9874771237373352,0.870964029388709,0.8849978620996529,-0.4120582101545132,0.9861040711402892,0.8432971658187804,0.8985526618005834,-0.42467613605241583,0.9866958260536194,0.8670235350404517,0.8566430028995135,-0.4318809720058972,0.9891034364700316,0.8852680147216901,0.8305971521758555,-0.4526879000941738,0.9887000918388368,0.8615645179799358,0.8522487888373198,-0.43238479644252575,0.9896914958953856,0.8779693367626821,0.8984030040846959,-0.18475763417470734,0.983101725578308,0.8193000249849317,0.8650254240162001,-0.3420280929628055,0.988556742668152,0.84578962406739,0.9290892071098902,-0.3425817296160497,0.9852452278137208,0.814467508921811,0.9280203215952973,-0.39933729689475717,0.9876558184623718,0.8606824296288328,1.0084416417813573,-0.08842236848319189,0.929638147354126,0.6881713228348086,1.006458409663554,-0.24846581251901997,0.9272016882896424,0.9116035053215897,1.1424293151850726,-0.13681289449043063,0.2257409393787384,0.6281386268697936,1.140489039128043,-0.24858796359375482,0.2432560175657272,0.9130579954416387,1.183143717083205,-0.34203962991784215,0.1403465270996093,0.6347311058170704,1.2965151488038846,-0.4312462887655239,0.1367976367473602,0.9318474893614328,1.2282765643584617,-0.4354346587965661,0.1791376322507858,0.682273647800629,1.37121246561847,-0.47815819156043526,0.1786750704050064,0.911491591199363,1.2043924500287755,-0.4561916316711075,0.2169768512248993,0.6377258417491852,1.3421010413639463,-0.49922376204707436,0.221378818154335,0.9095359279686278,1.1924174554468434,-0.39088981825926644,0.2040967941284179,0.6379740995623543,1.3387566559506532,-0.42069366618713727,0.2101689726114273,0.8357141440375631,1.385851503262827,-0.029419066687029573,0.0044913166202604,0.6951853012313157,1.3913144017921133,0.020321247719155774,0.004163259640336,0.7907870440194238,1.7400086415686886,-0.11688418888036549,0.0233480241149663,0.6745519288150038,1.7127960770796478,-0.1446991931946277,0.0097937313839793,0.7860462496251143,2.010655541811703,0.10384766646121713,0.0057921097613871,0.627731125845676,1.9803626201593456,-0.03388464111956298,0.0028565225657075,0.7704175707622166,2.08080191478075,0.12566970574982106,0.0065849218517541,0.6349468784193669,2.0713246154153113,-0.05787129433289148,0.0045485445298254,0.7629641022647526,2.111842490096417,-0.13452471363626603,0.0105097414925694,0.6593730378253106,2.1081277319878757,-0.3604793796613818,0.0070022526197135
2025-11-11T0735.228807,75,0.8709979309132464,0.9210490377854114,-0.4869933989421834,0.9898023009300232,0.8880086216367947,0.924982495477736,-0.46758403953204386,0.986234486103058,0.8418102515826302,0.8841933517084288,-0.45037699518429714,0.9848735332489014,0.8722330745749616,0.9359671041089437,-0.42793797985287285,0.9848740100860596,0.8891843535816827,0.8658956893265043,-0.49624028800719766,0.9885502457618712,0.8471012787774361,0.8663792784042147,-0.49937663958489953,0.9883084893226624,0.8571374048810779,0.8597725739504486,-0.5245250499270842,0.9891920685768129,0.8462635045428446,0.9092361671707654,-0.17034793687892158,0.9811975955963136,0.8204169907430113,0.8773225659743921,-0.44807917493640226,0.9887331128120422,0.8406573326449273,0.9352953120992263,-0.40070887742380457,0.9853106141090392,0.8392722674035935,0.8988570603054301,-0.4662949600488983,0.9882791638374328,0.8293503246742113,1.0035934050777555,-0.06246725684718799,0.934233009815216,0.6798169443098576,0.9469067170358589,-0.36426220961779804,0.9340078830718994,0.9058038041642276,1.1885826147211411,-0.006617320603878318,0.210668534040451,0.5934428400205504,1.1387638948266143,-0.3557999784983005,0.2481784969568252,0.9264959230536701,1.2940015276791264,-0.25364223965143273,0.1300115436315536,0.6128418960623546,1.3079888296349467,-0.498900936205042,0.1369823664426803,0.9327702730662373,1.3611834537381329,-0.33328522374316016,0.1667142659425735,0.6202169326146615,1.3952850645117076,-0.5600721921862782,0.1795875430107116,0.9018586752511912,1.3347058825701519,-0.41027935046383657,0.2034305036067962,0.6126728413322459,1.3772803638538418,-0.614502805626005,0.2255586385726928,0.941143335687037,1.3239056762990138,-0.3170265794420676,0.191709890961647,0.6352976508118335,1.400848576291868,-0.5439125632244878,0.2121449112892151,0.8138276642000835,1.3691931947266427,0.024312243137055517,0.0040966630913317,0.6566222277587965,1.4099277879284762,-0.00798549972416634,0.0038027532864362,0.804959802390452,1.7268153257908918,-0.07539178491176911,0.0210666265338659,0.6396833257663811,1.6805314388759802,-0.2499117784336358,0.0088453320786356,0.7438785423482513,2.033970954670931,0.18321850765008993,0.0052154515869915,0.5964725387574125,1.9998841783634904,-0.05868292491801573,0.0025722610298544,0.7484070267760344,2.063145351942553,0.19496902345818756,0.0059291347861289,0.6021493024552192,2.031352206239733,-0.02212498913333488,0.0040962160564959,0.7676154944446011,2.110060936857045,-0.08634049878985783,0.0094716995954513,0.6032973782592729,2.075188179243679,-0.4156350614652306,0.0063112615607678
2025-11-11T0753.990022,76,0.8436314442508063,0.874964603797594,-0.5965929001745852,0.990528166294098,0.858574880203877,0.8672705185844569,-0.5790144442902656,0.9871532917022704,0.8529264589842485,0.886872675197963,-0.5783360903553637,0.9860181212425232,0.8664145777984499,0.8559297080901421,-0.563111502104861,0.9858787655830384,0.8539121708572149,0.8692028047193434,-0.6326481040720117,0.9893283247947692,0.8366846495291735,0.8390080895549672,-0.6339472379205584,0.9891879558563232,0.8471262869536254,0.8407216086373489,-0.5993280792975719,0.9899117946624756,0.8212041954505385,0.8753058187909558,-0.30731319276311175,0.9826877117156982,0.782655982430099,0.847903451107221,-0.543304188352351,0.9896987080574036,0.8182404475328228,0.8934062502183256,-0.4982542268932846,0.9865751266479492,0.829962193116381,0.8869912965552224,-0.55885441797631,0.9893344044685364,0.8566505245438659,0.9856567397276976,-0.12319964755574947,0.9405683279037476,0.6669724256766891,0.9224029970747217,-0.43068722334950776,0.940525472164154,0.9131653545174288,1.1791032748385928,0.02312328281644194,0.2035853862762451,0.5798183303642265,1.1015437456050918,-0.37957079270402044,0.2764723896980285,0.9144459625873936,1.3042433019332038,-0.17375676860510308,0.1217689141631126,0.5690445645882976,1.2760603455744532,-0.5412872506764544,0.1393685340881347,0.9030489021254215,1.3597306209423754,-0.22177299689254282,0.1559080183506012,0.5368739071399308,1.317689352753147,-0.6407378826859577,0.1794129312038421,0.9011670928028465,1.3523745437274521,-0.3006199272396966,0.1919513046741485,0.5417168098699483,1.3373940069048356,-0.6680087496596929,0.2282232493162155,0.8964776155456282,1.3204354422966733,-0.2111255749249669,0.1810069680213928,0.5799571499848117,1.3092497971618053,-0.5838570863745611,0.2128496915102005,0.7827556474057678,1.3704173011111997,0.048348202795983314,0.0038559553213417,0.6120312019720092,1.3633355112419079,-0.02043346391775251,0.0035731783136725,0.7634866286489038,1.701928939150686,-0.053034304719964245,0.0191317908465862,0.5897715707995715,1.6265195708100622,-0.28285685285035794,0.0080462535843253,0.7261442858677241,1.9936371490744325,0.2580251416257905,0.0047062053345143,0.6068188869366874,1.964571159883092,-0.08890745866055634,0.0023188502527773,0.7242122589387139,2.0460700362334063,0.23146800858132988,0.0053502386435866,0.5748683719947268,2.0468893351264956,-0.10143098668932987,0.0036940625868737,0.7492855248480121,2.077104732054019,-0.07538382536486465,0.0085688261315226,0.6009247933847889,2.0625407894863454,-0.46971293664798386,0.0057032699696719
2025-11-11T0743.478522,77,0.8344709599965762,0.8478238372468816,-0.6478772430165077,0.9913834929466248,0.831956247591107,0.8211809370313898,-0.5825032281161363,0.9882092475891112,0.8262574274034225,0.8134982551454406,-0.5968128303262535,0.9872655272483826,0.852823789289853,0.8174071608968754,-0.6149425474822517,0.987073540687561,0.8134178363867088,0.8070820241866709,-0.6582393285985012,0.9901851415634156,0.8117977260190644,0.8016989080094227,-0.6471320629570062,0.9901255965232848,0.8208970808309494,0.7908415378290208,-0.6388732066478184,0.990697145462036,0.8560512279822499,0.8369171318703867,-0.3719105079074685,0.9842045903205872,0.7489480159381554,0.7891265312886213,-0.5175135444064823,0.9905738830566406,0.8278442448585923,0.8453462223287521,-0.5422687793646043,0.987840175628662,0.8144741632292244,0.8380161729207657,-0.5992809290476566,0.990332007408142,0.8707971283695014,0.9767362171500936,-0.12959150582135973,0.94636070728302,0.6204360592154452,0.915908918684541,-0.408172165287393,0.9463629722595216,0.8750816116317068,1.1892369333212383,0.0509945802180509,0.1971764862537384,0.5759642839754167,1.1040707383639,-0.33774223213470406,0.2899170219898224,0.8737951994727802,1.3353269336329232,-0.07543454877212766,0.1124526038765907,0.5461986941757434,1.276413063103087,-0.564984448594834,0.1315911561250686,0.894443812730891,1.3683446501041947,-0.09696625712433181,0.143083706498146,0.5354871144967219,1.3401791405350922,-0.6297556850921807,0.1673221588134765,0.870863270165035,1.3842150912338471,-0.18416694088949953,0.1769762635231018,0.5483137193043081,1.3617839206031237,-0.7051032578681744,0.2139961421489715,0.8968771967299808,1.3620515341552932,-0.09129032394819339,0.1669375151395797,0.5820105121842208,1.323785329843567,-0.5886673914825783,0.1988179087638855,0.7897668087235664,1.366805611569376,-0.013271991032966956,0.0036384116392582,0.6449255824937002,1.3388972213004204,-0.02737268283426774,0.003342444775626,0.7178137284304568,1.670722443590096,0.03590648271986254,0.017270240932703,0.600844717490567,1.6695036280559277,-0.017133576923682683,0.0072632050141692,0.7313250124842241,1.9900829607143873,0.4333527191624246,0.0042436029762029,0.5969085241176358,1.9576656207665921,0.33245730483197555,0.0020883553661406,0.7081011378107629,2.025479108217821,0.44748586105360916,0.0048233950510621,0.5758634091854206,1.9974342606880455,0.3140021056169965,0.0033291154541075,0.7268902396899325,2.0743581245634117,0.07405244831380113,0.0077312672510743,0.589562696497115,2.0506787700815354,-0.0975388197115434,0.0051436172798275
2025-11-11T0728.918531,78,0.7836464161770217,0.8283037771464135,-0.6478010810238947,0.9921894073486328,0.7981526076623463,0.7804103304675547,-0.6212602725644014,0.9892468452453612,0.8240755840739451,0.7863167695701219,-0.6185907153961518,0.9884463548660278,0.8000571722922241,0.7740933859653573,-0.6502599867779186,0.9882407784461976,0.7868615661573121,0.7599070091893079,-0.6704150716146465,0.9910293221473694,0.7682741066412476,0.7775024392041665,-0.6532794101806764,0.9910144209861756,0.7478232075295212,0.7741214050488704,-0.6375533657847723,0.9914730787277222,0.7933264292559691,0.7885110821763005,-0.3216449909133517,0.985656440258026,0.7347904693789454,0.7507971418673758,-0.5093254118294024,0.9914007782936096,0.7784735937637017,0.8295641159628856,-0.5616629855938245,0.9889999032020568,0.7539959635472537,0.8046350392652338,-0.610389631819554,0.9912455677986144,0.831341945560257,0.9819888588995693,-0.1267053903792083,0.9516209363937378,0.6002774365821881,0.9340919661578057,-0.4065223049524601,0.9515759348869324,0.871999070808237,1.1785571666995402,0.005504676064994102,0.1902440637350082,0.5426133299126442,1.044921762939538,-0.3254206859586889,0.2874328792095184,0.873077769918941,1.315379780225357,-0.1775224100398208,0.1024921238422393,0.5430996275379587,1.2942190105825098,-0.5990818875628637,0.1209075972437858,0.8725839467623261,1.3857398766778075,-0.24768128800046618,0.1301833689212799,0.5245719830331349,1.3443337348473092,-0.6702026850673832,0.1530569791793823,0.8495670723459878,1.352133107479116,-0.2967674286638402,0.1616947799921035,0.5488405154362219,1.349335308819548,-0.7475702014955491,0.1964238435029983,0.8782681006385292,1.3284546045190164,-0.22288655252308062,0.1524039804935455,0.5489777819266851,1.322143539436279,-0.6197802873537895,0.1823206096887588,0.7527393856076596,1.3649508628539124,0.011557581426371671,0.0033593452535569,0.6129229911747583,1.305167154124661,-3.919048325662193e-05,0.0030818646773695,0.755595473129992,1.6367755830671544,0.0374599250781729,0.0156264286488294,0.6076570448664261,1.6304359405383217,-0.02614531023230604,0.0065706744790077,0.7173058330005354,1.9548882638817335,0.44711834418733026,0.0038311451207846,0.5904304064632415,1.9670503105322075,0.26883921856681836,0.0018825135193765,0.7067283846606605,2.0072442674392796,0.5011656813703318,0.0043501807376742,0.5720810337443517,1.990302663847575,0.2814068279801346,0.0030031972564756,0.7232866671348991,2.0499442818855704,0.12060894724254359,0.0069821160286664,0.6112192398650129,2.038143173363673,-0.10622746958186072,0.0046440907754004
2025-11-11T0796.514339,79,0.7589476348678533,0.742417920054308,-0.6644598384065815,0.9929156303405762,0.77976098287443,0.7075561354099856,-0.6196136126219501,0.9901418685913086,0.7548350849860065,0.7189538315993792,-0.6259185203222293,0.9895076751708984,0.7998306883674876,0.7531063861140218,-0.6651040113787213,0.9892560243606568,0.7382759284922185,0.7242173123717031,-0.6393336507104985,0.9917582869529724,0.7239772403280195,0.7065163142582279,-0.6829320177523956,0.991814374923706,0.7188460953920999,0.6826633095423758,-0.6355850293352759,0.9921386241912842,0.7843900617996473,0.7377630551812787,-0.35748143224590484,0.986948549747467,0.7183170547172603,0.7239046011674026,-0.42971464618011207,0.9921332001686096,0.7808817299280002,0.7986396921445237,-0.5613093118713618,0.990026354789734,0.7344938237961869,0.7689452160000615,-0.603054525427743,0.9920496344566344,0.8216727776566766,0.9486079641885733,-0.16876795408270878,0.9563248753547668,0.5880822070665945,0.9223231078401013,-0.3467441629654652,0.9562704563140868,0.8786417509115367,1.1634045055010314,-0.025247859397243853,0.1889563947916031,0.5349511293386734,1.102865611878319,-0.34146100422236497,0.2900475263595581,0.8819083788855445,1.3267373449957203,-0.24671986324868522,0.0932687669992446,0.5176317226487948,1.2892302211031097,-0.5473718500104953,0.1111909449100494,0.8670517083116973,1.3825507928070977,-0.2971064179173223,0.1181326135993003,0.5435571875941161,1.3670814343269937,-0.5880404002935502,0.1398475766181945,0.8646209490847747,1.370417856503043,-0.35912910598611486,0.1472372859716415,0.5684283175801159,1.3565724304804758,-0.6404514422453719,0.1801404058933258,0.8607858519321097,1.3317839064980523,-0.26190532133961425,0.1387406289577484,0.5751154284278808,1.3134391921181348,-0.5356799594693183,0.1671729832887649,0.7619246349031236,1.3355806651738247,0.009817872807764125,0.0030882202554494,0.6268120602626965,1.3268598784194783,-0.03681459814828039,0.0028446977958083,0.7411272664129332,1.6286093733643316,-0.011518148189810715,0.014107272028923,0.6007101310266085,1.6718733411707325,-0.06906986442155892,0.0059386547654867,0.7076653011839108,1.9704240090013028,0.38824255306858707,0.0034520581830292,0.6134005875400984,1.9655511130010979,0.22589522564307246,0.0016960913781076,0.7448207141487387,2.0215096857821764,0.38707927007066645,0.0039194636046886,0.5788944448327434,2.0330702117548145,0.2474809022454964,0.0027073125820606,0.7201823400726997,2.0742775929345956,0.058810211202372335,0.0062947571277618,0.605051112975502,2.042899631832925,-0.16673879751511173,0.0041894237510859
2025-11-11T0736.113945,80,0.7418497986530704,0.7248829573578397,-0.6874727664250754,0.9935219287872314,0.7391612397230546,0.7162682599078508,-0.6240716705912761,0.9908157587051392,0.7740790376252986,0.7081956651767601,-0.6343037533158788,0.9903593063354492,0.7694162293186455,0.6908543078183923,-0.6495188107531877,0.99007910490036,0.7134917743531978,0.7080621254235719,-0.6433339377404912,0.9922478199005128,0.6954359621595047,0.7101646848005244,-0.6256380993039806,0.9923869967460632,0.7039544249436346,0.6885383578538076,-0.631723421766651,0.992560088634491,0.7600342093124896,0.7288824775174629,-0.4050595803565035,0.9880166053771972,0.6642564967603276,0.7279306003004243,-0.41209199512427414,0.9925438165664672,0.7553200262347995,0.7932618551956646,-0.5599282502805334,0.9909343719482422,0.7111192758928141,0.7448048082806302,-0.5650933784300078,0.9927172064781188,0.8558849352753776,0.9486162303334327,-0.24510663448759037,0.9604975581169128,0.5996857497874595,0.9104569084009417,-0.3158310410029023,0.9603661298751832,0.8693036348169931,1.1694011529045312,-0.14046704500205756,0.1913419067859649,0.5130529564952202,1.1009787313614308,-0.24298019962342204,0.2876445949077606,0.8915587364131421,1.2619187830347853,-0.25514467909544386,0.0863742083311081,0.517653703827048,1.319657131804313,-0.5077505148351048,0.102861687541008,0.8695193756457312,1.374956186619198,-0.33732751194086796,0.1084426492452621,0.5170761775760138,1.3577004877835146,-0.5606500475294593,0.1282264292240142,0.8927426244878995,1.3824031159351136,-0.40398346124797363,0.1360908299684524,0.5506844519392932,1.3622481166737697,-0.62496972100873,0.1658804714679718,0.8704481150067203,1.3502954771104034,-0.32118287106003823,0.128541350364685,0.5251141941655253,1.3395200187706202,-0.562400188840622,0.1542929261922836,0.7666001945084916,1.338598894490218,-0.0008057577421896611,0.0028346020262688,0.594706596004804,1.320683619249793,0.02762152646637301,0.0026217508129775,0.742121275502598,1.6624853387455907,-0.010852546958863975,0.0127152474597096,0.6129649394688965,1.6759257528741673,0.05756076410704267,0.0053602023981511,0.7751139973588554,1.9813626798951045,0.466222355773694,0.0031097959727048,0.5881842791621295,1.9446588775008709,0.4318774694953578,0.0015274772886186,0.7665466257784223,1.9896208968793374,0.47466911697947506,0.0035305342171341,0.5713943816280839,2.0181468530880693,0.49451559091486874,0.0024398192763328,0.7222684399403254,2.063186010089045,0.09278573341035837,0.0056706555187702,0.5925194731361686,2.0631977833997857,0.0779897038232185,0.0037782215513288
2025-11-11T0737.320914,81,0.7338596150176876,0.7310039529440658,-0.6804664957769782,0.993998885154724,0.7143712216923259,0.6802521986012783,-0.6542417709669086,0.991247296333313,0.7236024610192522,0.6966119310365534,-0.6622379318059738,0.9910079836845398,0.7428341115154058,0.6770444710584222,-0.6610859070615938,0.9906951189041138,0.707278963865216,0.7138536189518505,-0.6678278808592145,0.9924697875976562,0.7234444051812339,0.6807586982334846,-0.6502436356729454,0.9927164912223816,0.6819502658692629,0.686635315404809,-0.6668522285057819,0.9926871061325072,0.7619780710176686,0.7385417726159204,-0.4172751266576301,0.9888620972633362,0.6678297803253742,0.7099063992675599,-0.41386099243021407,0.99262273311615,0.7234695039737002,0.7456644692433197,-0.5933044007029156,0.9917157888412476,0.6998979501808131,0.7380517759232492,-0.6075388524398794,0.9932385087013244,0.868417815080412,0.9308572500323347,-0.252297295950153,0.9642657041549684,0.5923729573775444,0.8925296154810448,-0.2835512452503501,0.9639485478401184,0.8488267886059607,1.1410849920802013,-0.2165550020728843,0.1936911940574646,0.5099926295665989,1.1292689425636622,-0.23834039437497315,0.2887526750564575,0.886019984148977,1.2834521277765134,-0.3879582533821403,0.079739362001419,0.5441025368112433,1.3035423159916537,-0.540020486356078,0.0946044772863388,0.9022650064249934,1.3813027204144157,-0.4739964022741264,0.0990780368447303,0.5297794381431852,1.3880703336252849,-0.6033780566168302,0.1168710589408874,0.8884674276526228,1.3726878646311806,-0.5056181759779839,0.1249805986881256,0.5560328403935011,1.3592035770667057,-0.6755155322587745,0.1516175121068954,0.8701469816172337,1.334708241933276,-0.44797039911538294,0.1184160336852073,0.5410739795806679,1.3465578905641014,-0.5835944302711187,0.1413396745920181,0.7448077342472067,1.332858682700314,-0.04428647973692284,0.002636041957885,0.5940186746628184,1.3139115379997917,0.050783697419825684,0.0024507085327059,0.7460089881511875,1.645107839938734,0.01900704688058084,0.0114631159231066,0.60388540998216,1.6310656424397914,0.1406760324600269,0.0048432894982397,0.7792616363088243,1.9568006558467235,0.5113240324666329,0.0028013011906296,0.5823852659000237,1.951796955627898,0.5693881509498097,0.0013758789282292,0.7770191410165402,2.0077731585915686,0.541279890234029,0.0031803199090063,0.6103406909757719,2.015188351425923,0.578916385788231,0.0022003639023751,0.723415782507917,2.054293858562002,0.14977457895395074,0.0051073273643851,0.6319718410168593,2.0522849102696616,0.18903095752832821,0.0034091037232428
2025-11-11T0743.989374,82,0.7129207101467704,0.7037076026861375,-0.7056445660369277,0.9944288730621338,0.7261395584034207,0.681993666569047,-0.681256592341217,0.991635799407959,0.736688562711878,0.7149969277868891,-0.6807851883882922,0.9915986061096193,0.7749429135103022,0.7079453962397663,-0.6902816590482238,0.9912448525428772,0.7050114204665089,0.6737583715447538,-0.6883115314795978,0.9926575422286988,0.6903458692227593,0.6916291645367265,-0.6717055056682467,0.993018627166748,0.6902943426523516,0.6729304146487396,-0.6768303807129662,0.99280047416687,0.7601437762528443,0.7185484277621198,-0.4455124303632524,0.9896149039268494,0.6662869628210395,0.7194768044872353,-0.4160948758919762,0.992745280265808,0.7404113813950965,0.7707986147920319,-0.6250395075380387,0.9924209713935852,0.6965138463775395,0.7720359414508636,-0.6325367017215148,0.9937162399291992,0.8403318252585171,0.8934750029711825,-0.2698750568699977,0.9676716923713684,0.6097315957086824,0.8993288347447486,-0.26527279035001494,0.9672309756278992,0.8803669189643186,1.1806687560437557,-0.20151848900268568,0.1990453600883484,0.5546495751567881,1.1302595123679045,-0.226715293468844,0.2876730561256408,0.868597097687922,1.2760959102230987,-0.4183995087941577,0.0736683085560798,0.5182434538693692,1.2735401034188925,-0.5001199896403654,0.087075762450695,0.9054299764390227,1.3864577079269185,-0.4821804739202506,0.0907295942306518,0.5032451685627101,1.3699525748494472,-0.5869257044294537,0.1066964119672775,0.8592031268989221,1.37723924332292,-0.5210547378848203,0.115157201886177,0.49967975535664544,1.3525102461138716,-0.6376222367513227,0.1388759762048721,0.8412681214671756,1.325150645355018,-0.4285058940689864,0.1094250008463859,0.5462187020671063,1.3384846430162831,-0.4904657661043369,0.1297863721847534,0.7766786191416811,1.2885201703558982,-0.0271210864261092,0.0024324564728885,0.611449198616136,1.336544153053621,0.033633985698475456,0.0022682868875563,0.7332815860252856,1.630952486689081,0.02898791308578566,0.0103310961276292,0.6211945847694873,1.6748436872243149,0.11487252051380051,0.0043711196631193,0.7660727177272592,1.9561739194285088,0.4949327865956345,0.0025233570486307,0.6256766136839235,1.9418676255037866,0.5054490478588864,0.0012390679912641,0.7599746622706154,2.012115527047056,0.5092803602707828,0.0028644483536481,0.6018953250945692,2.0002128295023276,0.564707208332866,0.0019829934462904,0.708596056063265,2.0381320567531795,0.1646253147354961,0.0045999032445251,0.6307953284813403,2.0628350869357264,0.11245990774727956,0.0030736848711967
2025-11-11T0785.683650,83,0.6804698826544516,0.6926872922096312,-0.7225751782537682,0.9948374032974244,0.726603662438379,0.6997283313230087,-0.689408831773523,0.9920338988304138,0.7297726004941675,0.7003040380134214,-0.6560217656455956,0.9921445846557616,0.7612415971542617,0.7008217978322948,-0.6912318735813203,0.9917852282524108,0.6776081181497978,0.688238234107874,-0.686877801353881,0.9928474426269532,0.6828143020239322,0.6946730361121987,-0.6805178697473555,0.9932618737220764,0.6848728980727711,0.666985712645967,-0.7075949411333776,0.9928957223892212,0.7407700960804693,0.6981022605925449,-0.42985616087460843,0.9903154373168944,0.690386339760822,0.700684588110668,-0.42990346766944615,0.9928094148635864,0.7491510995188391,0.7466676388131646,-0.6535327535798385,0.9930694103240968,0.6940751332773538,0.7488222008682568,-0.64544250772191,0.9941563606262208,0.8369408585135133,0.9063281510821413,-0.28589352060077033,0.9707823395729064,0.571408175399154,0.8946559790240463,-0.2658319005492969,0.9701732993125916,0.8924428929368768,1.1359078746509423,-0.24893748519189882,0.2044132053852081,0.5260839238440382,1.1661921087730116,-0.20250727980399919,0.2827011048793793,0.9051638799437314,1.2893742820238008,-0.46394993018277664,0.0679048150777816,0.5012599925716602,1.294511225875918,-0.47953596291931333,0.0798057168722152,0.9021243414035083,1.3769056094881535,-0.5586365715104892,0.082928329706192,0.48035971669419353,1.3299038777964305,-0.5929302373013836,0.0971212014555931,0.8676959009493985,1.338180197398592,-0.59926604922529,0.1058699861168861,0.5511633895527455,1.3575630638796083,-0.6047907800500182,0.1267697960138321,0.8580805134105409,1.3619443511920337,-0.5116533348228488,0.1008870005607605,0.5679065041924682,1.3369742904485424,-0.5294560642450992,0.1187387034296989,0.7591577930695643,1.3113944620513693,-0.05260471550269595,0.0022480282932519,0.6161352808005007,1.320035253765481,0.047483065786506115,0.0020991046912968,0.7797208921763392,1.6733049356610343,0.058323696767297,0.0093093393370509,0.6523305445836323,1.6433168547984713,0.19295071145060874,0.0039429333992302,0.7581448852854291,1.953302428574664,0.5641601079978092,0.0022722475696355,0.5745577706434082,1.9419107577456514,0.6390530286149667,0.0011156346881762,0.7453220097585649,2.0238546500335004,0.6130014791031854,0.0025791469961404,0.6026387773811012,2.0392230063449435,0.6620832932592573,0.0017861268715932,0.7313853534579717,2.0773415960223796,0.24194853161267102,0.0041422233916819,0.620400774967126,2.0704003768677923,0.2549705944751376,0.0027695980388671
2025-11-11T0731.147659,84,0.7389271734897873,0.7247877826243317,-0.8529769862916958,0.9952445030212402,0.7080405688708947,0.6831868300816629,-0.8714717282328427,0.9925174713134766,0.7330738016143465,0.6632522941549975,-0.8434074001265925,0.9927325248718262,0.7706631000477056,0.7193607007604605,-0.8452728230870298,0.992360293865204,0.7201318710282532,0.7261143376164058,-0.8402137533034003,0.9932176470756532,0.7064961709258851,0.7070281923164665,-0.836324107019594,0.9936766624450684,0.6902958160814667,0.6888539094977406,-0.8188406610147757,0.9932382106781006,0.7542844195846703,0.7039644305861306,-0.5406169666090641,0.9910686612129213,0.6701707337553989,0.7301057802339515,-0.5614292641616616,0.9932325482368468,0.7284864482799427,0.7722567940355825,-0.748085593284527,0.9936784505844116,0.7246902046087248,0.7689645832578699,-0.7841407801919232,0.9946216940879822,0.848629267849359,0.9093523591747312,-0.36068359936060046,0.973602533340454,0.5793067652351553,0.8867660957735444,-0.3941176832358005,0.9729194045066832,0.8963187155785094,1.1487162376977391,-0.3058036592054724,0.2204998433589935,0.5132612093891362,1.107822593620368,-0.24038390009361432,0.2950912117958069,0.8602171111331871,1.3295942727908996,-0.5246609190965459,0.0633134767413139,0.5609727253404403,1.2737604514172636,-0.5020962477631183,0.0742033943533897,0.8858839168866458,1.3829206685717497,-0.6083882902053352,0.0763454660773277,0.543441241516976,1.3644566102618567,-0.6174479326990119,0.0891176089644432,0.8826607997642573,1.3956074428851757,-0.6694026746321183,0.098172403872013,0.5317365727653665,1.3557016820811973,-0.6500813250933468,0.1168073266744613,0.8723634750603696,1.356778626825416,-0.566282799582764,0.0938513204455375,0.5499767437958362,1.3262590999753623,-0.5612079458467221,0.1098010763525962,0.7742568318687927,1.3083524550049836,-0.013782436327098031,0.002110632834956,0.6317743363463469,1.338889558546089,0.03456201538856408,0.0019835801795125,0.7589621338436437,1.646090265875055,0.01205386489051061,0.0084053967148065,0.5807883228907013,1.6543872360606482,0.1543894844009627,0.0035680609289556,0.7505829476754082,1.966262533318309,0.5189146955740865,0.0020479168742895,0.5855033144958294,1.977092760758107,0.4451374930402349,0.0010054485173895,0.7470343018016721,2.044026877684938,0.5347606559810792,0.0023240600712597,0.5942043220518987,2.029625723938245,0.505005586116645,0.0016112317098304,0.7277637051902265,2.079339134361164,0.15265859725632164,0.0037323345895856,0.608687426423253,2.082896479561606,0.10002244089589522,0.0024999922607094
2025-11-11T0732.265259,85,0.734470420091078,0.7122302732141326,-0.9892074165985187,0.9956158995628356,0.7723743767639808,0.71309417813162,-0.9724514952717564,0.992970049381256,0.7217057119606891,0.6850079476054247,-0.9705956122750659,0.9932631850242616,0.745296125669923,0.6997699098128424,-0.9820059616557093,0.9928995370864868,0.7045566095191034,0.6954369040582465,-0.9719685952900968,0.9935687780380248,0.7083548447719578,0.6797077617473459,-0.9761731408385023,0.994048237800598,0.7011525250543444,0.7044259837917408,-1.009579627647347,0.9935713410377502,0.7639051363842623,0.7099808008181125,-0.713548221954195,0.9917600154876708,0.7021473617565154,0.69480533913948,-0.7215307866252871,0.9935945868492126,0.7599209069726109,0.7793740384930085,-0.8961426177050484,0.9942175149917604,0.7120758518678788,0.7709933063238301,-0.9090564813181387,0.9950183629989624,0.8680628325323898,0.9087011000236562,-0.4619974228338691,0.9761127233505248,0.5590316325589767,0.891398808195711,-0.46857308183561386,0.9753100275993348,0.9185920110481942,1.1123243558352116,-0.38083775407872383,0.2386104017496109,0.540827497840842,1.124974048729054,-0.32905893979929135,0.3080136775970459,0.8813517190045456,1.294096841058081,-0.5933204280627913,0.0591399036347866,0.5227611925569106,1.2782690597234114,-0.5396978652528597,0.0696354284882545,0.8947171307436211,1.3774021952720357,-0.6678072837058404,0.0703161060810089,0.5458888513877647,1.3565374410865558,-0.6004759210912278,0.0821908265352249,0.8810370691805963,1.3718858516939403,-0.7303681456848673,0.0911122933030128,0.5719415122439203,1.3844620388343034,-0.6930958871852309,0.1083266511559486,0.8934185816767408,1.3470363965335903,-0.6046876142884049,0.0874425321817398,0.5694266515144197,1.3398093552065928,-0.5838415673082186,0.1022680252790451,0.7840095314931038,1.3159783029188308,-0.059949110832077115,0.0019501026254147,0.5959812821185876,1.326584123471908,0.03512343616481099,0.0018439110135659,0.7605321489159458,1.6782844134039625,0.00430063018677266,0.0075855539180338,0.6173613321015631,1.654125100250332,0.1562363624529569,0.0032268278300762,0.7581736724974307,1.951142805132404,0.4991279172110304,0.0018445635214447,0.60970715585743,1.9569745605931166,0.4375453492960993,0.0009056546259671,0.7228888603917041,2.028559101056214,0.5223577236412267,0.0020928564481437,0.5994333713067971,2.0291558882521628,0.47187137328311607,0.0014518653042614,0.7313056037854954,2.0940512399866136,0.12860412860262294,0.0033617042936384,0.6270521462831141,2.059326257077655,0.06257988827512428,0.0022547841072082
2025-11-11T0783.510429,86,0.7075586479435869,0.7231422323572471,-1.2055455555618255,0.995849907398224,0.7305769680196111,0.6945181181639278,-1.1484518453186028,0.9930605292320251,0.7177081661571657,0.7024607557452416,-1.1806889910439586,0.993455171585083,0.7375751848650067,0.6738301943481536,-1.1608265404520761,0.9931252598762512,0.6975308867148519,0.7018560705416514,-1.1806174485019498,0.9935500025749208,0.6902818556206464,0.7433459026371757,-1.1919795065730336,0.9940272569656372,0.6826273608969421,0.6811716956633587,-1.1934114991456,0.993500590324402,0.7670325765131621,0.7088212677947697,-0.8888133991722801,0.9921024441719056,0.6829386053895994,0.7534534787911507,-0.8693975011172863,0.9934548735618592,0.7405260437111408,0.7816992009138087,-1.1005143912822042,0.9946351051330566,0.6924988336317816,0.789501118857221,-1.074260289648859,0.9952313303947448,0.8710329095440913,0.8931661234952466,-0.6240171425733279,0.978255569934845,0.619290504121507,0.8982107126391232,-0.58739066650866,0.9770811200141908,0.9027509933768473,1.1287962835577214,-0.5846180065890743,0.259576141834259,0.5220668761511333,1.123356909623034,-0.43669507378452427,0.326780617237091,0.9081027497697809,1.3175410611154772,-0.7441389683769979,0.0576891154050827,0.5089720859492756,1.3258291217220763,-0.7232309750896981,0.0695771649479866,0.9262494145115581,1.395310640341476,-0.8234730948889696,0.0663421601057052,0.5227809159509402,1.367209324602632,-0.7957788132002938,0.0781213566660881,0.9088990094376902,1.4009418777161542,-0.9000975029048072,0.0868972912430763,0.5758911019829714,1.3881716410448375,-0.8447814698772946,0.1038326025009155,0.8892459852985426,1.3600829639088297,-0.7935413031626772,0.0845326408743858,0.5709673672367217,1.360964014741573,-0.7239824696783583,0.0992375239729881,0.786315704031762,1.3290935449673196,-0.051597881334956054,0.0018205284141004,0.6023268290690806,1.3272039004736136,0.07921086720915078,0.0017342182109132,0.7930077542339419,1.6867437602238697,0.022804837430041865,0.0068398783914744,0.6345285885147824,1.6611746016701654,0.14357951644456163,0.0029167265165597,0.7986399801394541,1.9930973715638092,0.5921526531781046,0.0016608528094366,0.6214684346078305,1.9915390434088567,0.6486603360965015,0.00081550196046,0.7915756123268082,2.011297680418283,0.622928335056107,0.001884153462015,0.6057928267538837,2.0544649712196743,0.7040738278896665,0.0013077403418719,0.7299505643939875,2.1213029346783747,0.2261833924517771,0.0030264204833656,0.6418759940852962,2.110208197730635,0.23562373364112654,0.0020327090751379
2025-11-11T0733.890070,87,0.722707071855495,0.7243341754464718,-0.9978692594807358,0.996141791343689,0.7265096838101752,0.705358930125269,-1.0094247563231642,0.9934423565864564,0.7358202064735037,0.6867937172903787,-0.9915073741229781,0.9938715100288392,0.7490812851742331,0.6911715919440405,-1.0129753913906512,0.993582010269165,0.660176724446812,0.7044163502093932,-0.9662357915110033,0.993764340877533,0.6770329678299895,0.6896551222388247,-0.9867788582203814,0.9942014217376708,0.6640685582337323,0.6656004925479925,-0.9658815883650517,0.9936313629150392,0.7438653970995618,0.6833684914428368,-0.8091263551032495,0.9927005171775818,0.6687986984256685,0.6960669155310326,-0.7039897273129136,0.9935385584831238,0.7485809313913118,0.7708124721253319,-0.9292968537114931,0.9950895309448242,0.7052280123372927,0.7452701644891861,-0.902908046972907,0.9954971075057985,0.8521121604713037,0.9038003320768605,-0.5910875342648815,0.9803041815757751,0.5910032777213193,0.9050233217294661,-0.4805841566903555,0.9787559509277344,0.9112970671824971,1.102025110510279,-0.5206313946902349,0.2795793116092682,0.5388662562613323,1.0996498871305165,-0.3777733393873497,0.3299765288829803,0.8932313831817735,1.3248044143906028,-0.8113522725098228,0.0563433319330215,0.5552120546278517,1.3036313005923306,-0.6113964500207232,0.0676755681633949,0.9123319911340149,1.3884114149840512,-0.8869406572780542,0.0628252178430557,0.49192173049695037,1.3875067993159396,-0.6861426755199985,0.0735589489340782,0.9173692041529662,1.4104773830541104,-0.9533986476998324,0.0835413485765457,0.5443899532767019,1.379021087420322,-0.7724764922606678,0.098667673766613,0.9102817103207205,1.3554185028476984,-0.8104411476918311,0.0818780064582824,0.5813510739408265,1.3879108841097845,-0.6925973313184118,0.0951012149453163,0.8213419835477604,1.3221613752916967,-0.07959700034416439,0.0017109104664996,0.631939962656984,1.3131806133927475,0.06503387211729593,0.0016438440652564,0.8028846797257811,1.6765134899732907,0.021589911206779097,0.0061732549220323,0.6451835471947259,1.6738254316969299,0.28850377822564466,0.0026384098455309,0.7583513583959659,2.0102917118047845,0.5519550099829574,0.0014962322311475,0.6431244481562498,1.986626055508491,0.8213623140842526,0.0007346260827034,0.8153103351759756,2.0687476547319035,0.6194422078641324,0.0016967931296676,0.6308582510524487,2.069800405827703,0.8502614319772355,0.0011790851131081,0.7453958483112625,2.1098287593330833,0.20417207934704615,0.0027254936285316,0.656440717522381,2.1191271723601606,0.4053074265722733,0.0018339721718803
2025-11-11T0723.678995,88,0.6987994632012536,0.7432019435375616,-0.9312409568129851,0.9952605366706848,0.7070404123136751,0.7057238750076579,-0.944449328158125,0.9925129413604736,0.7290678284535992,0.7149200705842437,-0.9545869059661591,0.9927699565887452,0.7098554330738271,0.6693748909820395,-0.9594031465167719,0.9928036332130432,0.6884322213159847,0.7103146902013531,-0.9116771163652397,0.9925242066383362,0.727340242473356,0.7045161261246193,-0.9027796216738595,0.9928085803985596,0.696787998198235,0.7390682250495324,-0.9286395704101473,0.9925825595855712,0.7249825411749564,0.7351900213728806,-0.8156290166510441,0.9923593401908876,0.6618052665878426,0.7441275085490745,-0.6728284574916352,0.9929373860359192,0.7465554444398922,0.78665200009943,-0.8793184743038228,0.9949429631233216,0.7235151138853396,0.7759335720959145,-0.8331157756106436,0.9948272109031676,0.8545375835149434,0.8993012793285812,-0.6351563310590752,0.980924665927887,0.6142891118373854,0.9219625266722635,-0.46251947159515555,0.9785329103469848,0.9529663985338932,1.1173605017505253,-0.6179996956960233,0.2871131598949432,0.5539842745092325,1.1461619209490221,-0.28740771621102496,0.3161550760269165,0.9717473649543457,1.2919704961950096,-0.7667952675485877,0.0568365454673767,0.5723987776308067,1.3051732577446653,-0.4496238340941226,0.0653587728738784,0.9672625090653303,1.3582733820559572,-0.8120960169225987,0.0634079575538635,0.5263556548269261,1.3218435832630582,-0.5199463208184109,0.0711667612195015,0.9677295986777301,1.3235185821424478,-0.8690500008621481,0.0849168226122856,0.5610456926132488,1.3116893857498777,-0.557805049843684,0.0960938408970832,0.964364081398058,1.2870730042896166,-0.7693361222118962,0.0834307596087455,0.5495699676767987,1.2814724786874594,-0.5060994665028536,0.0937602818012237,0.8203564570557437,1.2953459611585054,-0.10395509077454736,0.001598976436071,0.6579199491979273,1.313644093587685,0.09733823391062042,0.0015598381869494,0.8098640948105428,1.7033647921548278,-0.05882170470659128,0.0055996333248913,0.6364996678315323,1.6844716715798802,0.13010775764426094,0.0024229355622082,0.7833700459255786,2.011982776733496,0.4440070553711023,0.0013509715208783,0.6497627649399544,1.9869412946315985,0.5126952052652792,0.0006648980197496,0.8173224292487414,2.0615280903986584,0.45975397164707,0.0015287139685824,0.6728204565385478,2.0942932834417967,0.5565921417116028,0.0010684401495382,0.8088315811083451,2.1120807296504567,0.014459077383785969,0.0024584035854786,0.6733006112959647,2.109775648297522,0.15300819450538122,0.0016769362846389
2025-11-11T0788.966958,89,0.7148008016573445,0.7836946756839195,-0.8989321009899394,0.9947388172149658,0.7305500952355424,0.7433739291729414,-0.9486129574020301,0.9922258853912354,0.7265086683715667,0.7425714962139031,-0.9533264533426191,0.9924588799476624,0.7181230188944866,0.7297254533574752,-0.9441719301189929,0.992539405822754,0.6839397987527179,0.7247221904051488,-0.8652208627380604,0.9920638203620912,0.7053106483479669,0.737060373021256,-0.8866079554104959,0.992216169834137,0.7122064503656385,0.7511611574108054,-0.8396454415462119,0.992121696472168,0.7320911643814281,0.7175309051189068,-0.6955884164755239,0.992251753807068,0.6983980125712974,0.7476235614168496,-0.6435558114589552,0.992501139640808,0.7503036424168238,0.7775369637338557,-0.8955763208019399,0.9937684535980223,0.7242960407607479,0.7758244036779876,-0.8085292567183802,0.9931638836860656,0.8370261898522753,0.9164765501697957,-0.5089491961674738,0.973363757133484,0.6481678412653837,0.9120689118219888,-0.4612852766158627,0.9652309417724608,0.8894403284069925,1.087966254778,-0.6472693414107786,0.267626017332077,0.6335482312132664,1.1189549711335756,-0.29502030680868524,0.2896420359611511,0.9098406258904622,1.1007690436400184,-1.028748651357253,0.0554315373301506,0.6553255544290585,1.0823564503761312,-0.2907188573715412,0.0602483116090297,0.9169493028317628,1.081236361539756,-1.0945285689124193,0.0646372064948082,0.6557569536284915,1.047157618914269,-0.31282707721080516,0.067046508193016,0.9034243655470596,1.1007273404253393,-1.1047876678022759,0.0861949771642685,0.6628748492774078,1.0855370032066627,-0.39679835640290495,0.0906231552362442,0.9241897853786014,1.098336002271158,-1.0507004113402778,0.0829261615872383,0.6420378636227069,1.0616122286602931,-0.31740878176553167,0.088449589908123,0.7964117184691558,1.3319597158353262,-0.07900643489864612,0.0016502076759934,0.7107327402590425,1.3211318659586686,0.08443113453993861,0.0016400767490267,0.8002187455435669,1.6099247709160347,-0.08897820561995072,0.0061673405580222,0.6905473594333817,1.6154364590113155,0.07514481262692763,0.0031463666819036,0.8188918035727614,1.9417823269834542,0.2222713257957776,0.0013447460951283,0.6911135808667944,1.9404171450826184,0.2957272440488244,0.0006980231846682,0.833072389071744,1.9538479396830541,0.2595482974049283,0.0014644190669059,0.7198335215513588,1.9940875833774752,0.3230971344405407,0.0011020816164091,0.8381820701977084,2.010201474231501,-0.05403588456122389,0.0024712956510484,0.7291335180945959,2.0078594528205893,0.00393759197952494,0.0017812002915889
2025-11-11T0740.985041,90,0.7434663975916076,0.8176294811819869,-0.857381525700944,0.9948906898498536,0.7547818208479158,0.7838321422425478,-0.8961600785622194,0.9926157593727112,0.746924629260628,0.7890352026814944,-0.9042405907907181,0.9929494261741638,0.7409521951953991,0.79093297162196,-0.8876453673093759,0.9929805994033812,0.7424568159996183,0.774079913639637,-0.8464473385851777,0.9923248887062072,0.7327375942098634,0.8208440980635172,-0.8580076557234284,0.9924849271774292,0.7720953844932326,0.791568320263757,-0.8633080860790122,0.9922859072685242,0.7490838033937133,0.8159371021090135,-0.6854954478828194,0.9927886724472046,0.729545181901837,0.8179545765689317,-0.6351885501933412,0.9929134845733644,0.7696193235070364,0.8490593948653117,-0.8266021447149091,0.9933359026908876,0.7360353700785376,0.8512041801599999,-0.7761388737949976,0.99248468875885,0.855936256184483,0.9428445371999321,-0.5154623367036892,0.9684237837791444,0.6765854492184568,0.9897669801492179,-0.44511964101834006,0.9580658674240112,0.8906858667963183,1.062330991037827,-0.6117007797284927,0.2532275021076202,0.6804328255785947,1.0782020634766363,-0.26624940379542195,0.2671036124229431,0.9149883537660142,1.024111351876191,-0.9235487846316097,0.0582498908042907,0.721670216302126,1.0078011386218193,-0.15417276999471827,0.0573752038180828,0.8963271885124715,1.0147013256422628,-0.9813756417044432,0.0731621980667114,0.7796562433046866,1.0501396456769958,-0.18214546551505587,0.0667181387543678,0.9279163576095043,1.0244896228482674,-1.0115226852232746,0.0958039909601211,0.75538243460841,0.9938091769007045,-0.19308801265837763,0.0895576998591423,0.8971360686870499,1.0196949455006101,-0.9432842520724476,0.0908098295331001,0.7695084158550908,0.996979312555031,-0.2001486065110167,0.0869494825601577,0.796081389777706,1.3287472426440499,-0.06500080497230681,0.0018001974094659,0.7236768204487514,1.3420885922712809,0.07703140864803232,0.0017252520192414,0.783731925769964,1.3113081707090462,-0.16905708688441357,0.0070413863286376,0.7236646544040917,1.377802210948864,0.02837223673085103,0.0042641316540539,0.7948684741529356,1.60658829353684,0.10158053116962341,0.001554568298161,0.7461232859570962,1.5412958603663056,0.21960424537288908,0.0007553863688372,0.8183319497686812,1.6352792716676683,0.1052337832907783,0.0017835816834121,0.7324746919915976,1.6036277445674636,0.23713007372781655,0.0011386325350031,0.7868077613400659,1.586614851315441,-0.08952677649489262,0.0032089792657643,0.7647489075244543,1.6092692822484589,0.022617150319453737,0.0019767212215811
2025-11-11T0792.815560,91,0.7644913480285854,0.8707838203357827,-0.8621929477386815,0.9948914051055908,0.8247426732825472,0.870743048443527,-0.8870830650027073,0.9928225874900818,0.8092101223680231,0.8188421757345389,-0.8601445764403509,0.9932618737220764,0.7747906154883258,0.8381850146477785,-0.8801873041117276,0.9932128190994264,0.8071551407988617,0.8198555814753163,-0.845646339952286,0.9923973679542542,0.7879744191714885,0.8303509295622019,-0.8675258672996456,0.9925134778022766,0.7829278923888507,0.859887654312625,-0.8702781934142417,0.99224454164505,0.8033481637465482,0.8573296729274752,-0.7470021286663302,0.9930469393730164,0.7574188756954466,0.8267020677373235,-0.6407744249130602,0.9931753277778624,0.7928374974644765,0.8744683602306073,-0.7944951198605297,0.991788387298584,0.7815443428018092,0.8857449546227857,-0.7823955153318781,0.9908705353736876,0.9081956850254174,0.9691117892755245,-0.528804629641636,0.950619637966156,0.6984120204620239,0.9865966180549762,-0.4364476250748588,0.9471179842948914,0.9163228510792063,1.0562426404112422,-0.5697829844781379,0.2432921379804611,0.6626829035758273,1.0646596954822232,-0.16949652103814802,0.2484708875417709,0.8902011250984976,1.0153635308803073,-0.7873451099633894,0.0647439286112785,0.7880477249739909,1.010207416249321,0.024951233644142545,0.0566680096089839,0.9215456254331484,0.9702212517350354,-0.9259758200307132,0.0848747640848159,0.8173152416844952,0.979619095146123,0.03538386046929678,0.0684728696942329,0.9507938252053193,0.9724276247666923,-0.8927604822054489,0.1088154315948486,0.8007202474802471,0.9737258281346189,0.021624978728127298,0.090932197868824,0.916951898509257,0.9552401319556169,-0.8528705702749736,0.10175571590662,0.7978612826233046,1.0048911012152677,0.008567721611958212,0.0876754969358444,0.8394949715441273,1.349095181217517,-0.06386358408489638,0.0017715421272441,0.7302492584762125,1.349333603033246,0.05190714448115968,0.00170108594466,0.8196002381244147,1.2476627600539931,-0.2199771851637418,0.0086229126900434,0.7208130075272614,1.359686500940825,-0.04899981849304935,0.0052772909402847,0.8054705639952486,1.4782280864292499,0.10145072949775978,0.0018681531073525,0.7487907772350022,1.4438625630487163,0.23530814960232233,0.0008088787435553,0.7944170004753979,1.5171199157261581,0.16210489399676103,0.0021070055663585,0.7792225683354889,1.499786906087695,0.21121125540231103,0.0011351332068443,0.7983890698268848,1.489183341369189,-0.10625363125155332,0.0041866772808134,0.798283889006923,1.4696498304050045,0.0029236407319924336,0.0021892916411161
2025-11-11T0721.501843,92,0.84987943081077,0.9035074046115473,-0.928068815537631,0.9883559346199036,0.8221537242038408,0.847722915624695,-0.8870055238136619,0.9853695034980774,0.8248680007049461,0.8347208836165178,-0.8733475584155367,0.9861727952957152,0.8458342023306571,0.8565972718175976,-0.9013748461523777,0.9860292077064514,0.801336026138164,0.823197532113524,-0.8893065954590078,0.9861971735954284,0.806764941329401,0.8234496959655666,-0.9075348371861507,0.9872162342071532,0.783062455224046,0.83153418754999,-0.8912083731867,0.9878467917442322,0.8492685270354721,0.8599311494684183,-0.6376314752394892,0.9871030449867249,0.7822141416843142,0.8468447344301836,-0.6362009325640432,0.9903680086135864,0.826096443652011,0.9199963451110422,-0.7860116947358745,0.9865286350250244,0.7878753684295987,0.9119903056161509,-0.8051649444963537,0.9880715012550354,0.9186199683988857,0.9943039397664742,-0.4165459696958632,0.9456408619880676,0.6807469634292208,0.94530724175212,-0.4220747415624577,0.9490283131599426,0.9359183473749842,1.1282114090647144,-0.5156660764176456,0.2385559678077697,0.645417473768237,1.0870773792941002,-0.5060481970718168,0.2559594213962555,0.9105858974927609,1.0506436386725688,-0.9050548976421621,0.0606051981449127,0.7060628114409145,1.205694337251223,-0.8436561624323582,0.0537887439131736,0.9326493746272007,0.9568272930982697,-0.9767111527342135,0.079463817179203,0.7008055096472731,1.2380132728558746,-0.9422811641393407,0.0651366114616394,0.9095319276079579,1.0687592985939605,-1.0023882630278125,0.1018766015768051,0.7019092554287771,1.199431610314135,-0.9645703335357974,0.0865856707096099,0.9614299215466471,1.0587731013976214,-0.9165222638497836,0.09483253210783,0.7329168037045327,1.2266936949193976,-0.8581986726990969,0.0829192474484443,0.8205344045551047,1.3507778726455333,-0.0282504823958942,0.0020989975892007,0.732555918555941,1.3530061390881545,0.040316476421997385,0.0021878224797546,0.8370800787094885,1.6122327832665075,-0.30916062980592784,0.0101888915523886,0.721384292853943,1.6199823984626551,-0.2637834993077509,0.0061655072495341,0.8390236250986097,1.9315912753628979,-0.12470650608804373,0.0018507541390135,0.7659739858312145,1.9057719724363176,-0.16072613885507975,0.0009025264298543,0.8219007959844293,1.9765308319932295,-0.12811615905640375,0.0020056229550391,0.7595029538812728,1.9903821304143978,-0.20940466942829306,0.001198524958454,0.7976408013815024,2.022329919833668,-0.4567456169112145,0.0040369308553636,0.7734735937185327,1.9640528457501794,-0.5699437950822,0.0024656073655933
2025-11-11T0734.269215,93,0.843490984865877,0.8946849492958959,-0.9541990848371957,0.9882881045341492,0.8593900045338252,0.8700553250339866,-0.9155541493603387,0.984773576259613,0.8583873230883454,0.8657837770011643,-0.8971915082159392,0.985550582408905,0.8708066311321858,0.8689535132833194,-0.912567525004586,0.9851382970809937,0.8481583014548557,0.8767860725173573,-0.9075595811054317,0.9860602617263794,0.8202855733974753,0.8486347898191592,-0.9585485937686561,0.987192928791046,0.8292833205364291,0.8456541841474412,-0.9371855648585036,0.9878032207489014,0.8970698305012034,0.9001369700079174,-0.6163760507157527,0.986215889453888,0.8112692067477453,0.8616237768514852,-0.7448569845491455,0.9907132387161256,0.8319032511946832,0.9152865987905201,-0.812783584905315,0.9868091940879822,0.82312384910405,0.8897473490883545,-0.8620751218536943,0.98872309923172,0.9327531846930027,0.9818371831790276,-0.3801869799901067,0.949970543384552,0.6967767791994149,0.97859097383225,-0.5560416507363165,0.9536536931991576,0.9427437639490169,1.1754124469021943,-0.28735996323108864,0.2269693911075592,0.6382623819885539,1.0800130107819315,-0.527859338044672,0.2685056328773498,0.9378957920498818,1.2647313040316606,-0.5397967652998893,0.0564036145806312,0.6942429179664441,1.2750700006781848,-0.7328099965698788,0.0537134036421775,0.8917467302433102,1.3184547150544486,-0.5599217374063533,0.0741058886051178,0.6652621432687925,1.3235968890818026,-0.8062138826265515,0.0647072568535804,0.8992505814551838,1.2953841789700868,-0.6562399303526284,0.095678299665451,0.6885767309995062,1.3427346865351772,-0.8470880059242998,0.0871298909187316,0.9296300610621613,1.2896940039704565,-0.5642783837941258,0.0888268873095512,0.6912589499068169,1.3367627180898713,-0.7393276049638884,0.0822918564081192,0.8443294746593873,1.3340845609940848,-0.0040938664327093205,0.0020135899540036,0.7004461308768066,1.3547723041457163,-0.025570211740781078,0.0021007913164794,0.8259659787975457,1.6608777365967853,-0.3042396554566039,0.00953518319875,0.6971043732228296,1.6418020356829386,-0.24822961981881578,0.0056805391795933,0.8112303573799936,1.953921746218355,0.12278942744416847,0.0016833918634802,0.6831601781546965,1.9723973351448854,-0.078304172178466,0.0008181076264008,0.7682476513105115,2.037237034534007,0.12579725268778572,0.0018244119128212,0.6722845250641648,2.0003978455104785,-0.07040426508192203,0.0010918858461081,0.7634794159896838,2.0717043521207623,-0.21919341456941158,0.0036586828064173,0.7080078049663547,2.0356375104923976,-0.42002948668742157,0.0022419595625251
2025-11-11T0796.436230,94,0.8425229015016426,0.8938114298315594,-0.9447850815844346,0.9889821410179138,0.8508455859294838,0.8945560385870392,-0.9159912783769433,0.985236406326294,0.8837189814243358,0.8784053174866799,-0.9187784315605976,0.98607075214386,0.9031925296340002,0.8724356094869229,-0.8877407878451599,0.9853070378303528,0.8783679170449917,0.8834714624088899,-0.9351428977937006,0.986711084842682,0.8333701697824251,0.8812295788117751,-0.9349700491860701,0.9879292249679564,0.8608091937500248,0.8983049928867676,-0.9670164113258795,0.9883950352668762,0.9261426462321234,0.8649949361014029,-0.6103030543643169,0.9862841963768004,0.8272801236471504,0.8733887885351184,-0.7613106050926319,0.9913493990898132,0.853193408454454,0.9325863788638623,-0.8290525046381285,0.9875310063362122,0.8474746896246356,0.9093107525564612,-0.8438683188580277,0.9895862936973572,0.9261632897059134,0.9950784686257332,-0.36901576569463196,0.9542146921157836,0.6907609848202592,0.9705333657584201,-0.546367818442772,0.9579930901527404,0.9497993951035223,1.1606213285373679,-0.25854965096901905,0.219143196940422,0.6564779178556674,1.1345499849619125,-0.49460019751575485,0.2801229357719421,0.9374123164757092,1.3181016938652221,-0.5420831238887905,0.0538343898952007,0.6708458970131836,1.3224680040836185,-0.7181552977967438,0.0577371567487716,0.9093610449855951,1.3624887972850126,-0.6012075182746045,0.0708772391080856,0.6779203189501265,1.3483031115742272,-0.8060050285605364,0.0689385831356048,0.9222118818516465,1.3677587552192196,-0.6316352551794605,0.0924166291952133,0.6823739550958844,1.3450536110247955,-0.8683807345515971,0.0941709801554679,0.9134920970051662,1.304263697838564,-0.5472311708568331,0.0855607017874717,0.6542536923377408,1.3238511869976501,-0.7584645442783274,0.0878727957606315,0.8471518121004398,1.3453355569208358,-0.017569635516904977,0.0018531467067077,0.7155133407126196,1.3539012412778058,0.015526354173630267,0.0019362712046131,0.8367653207012821,1.6902407386513283,-0.10226991122188953,0.0086901495233178,0.7350288558905139,1.682810021117456,-0.1549345182001416,0.0051525975577533,0.7767646123291777,1.9949013222542007,0.2411130030184535,0.0015257111517712,0.6838007400261539,1.982643447928216,0.046205777672363516,0.0007386181969195,0.7989062914453047,2.048384089874084,0.2622147457416402,0.0016512956935912,0.6533547488001945,2.020944856525668,0.06672755540974083,0.0009889242937788,0.7601667221070117,2.101839326160462,-0.10823599639735916,0.0033070784993469,0.6756601533014084,2.0406161433651135,-0.33364072798169664,0.0020286287181079
2025-11-11T0777.107460,95,0.8859230661823185,0.9107213050159149,-0.8511412435961396,0.988313376903534,0.8848010247484407,0.8982094227885281,-0.810065267480141,0.9844610691070556,0.8743750068040255,0.8997891481077488,-0.7936639184608949,0.9849845170974731,0.9040904176272634,0.8816644094958198,-0.8023496751468661,0.9838038682937622,0.9055449289119332,0.8781779788807352,-0.8219552841091708,0.986598551273346,0.8629342500154539,0.8691394346409884,-0.8720606472140165,0.9878820776939392,0.836339011151371,0.8577878938399757,-0.8264171759969543,0.9884183406829834,0.8899314092366486,0.9116996030869987,-0.5433805457929916,0.9848546385765076,0.824476509736942,0.8642496253984794,-0.7121764721710381,0.991471529006958,0.8812720219183316,0.9223091179097986,-0.7278620285121875,0.9865052700042723,0.8378780907316712,0.9277043902663575,-0.7911578040269525,0.9896823763847352,0.9289112065395869,1.0044345181660137,-0.3127523132391433,0.951824963092804,0.7173686404196883,0.9633610640022804,-0.4867458296622027,0.9594100713729858,0.9653522168644066,1.147911766234511,-0.2437246940518835,0.202191948890686,0.6395594280884123,1.10451030527446,-0.5203562642427499,0.2688206732273102,0.9435286959223338,1.2762090875304244,-0.42897995791883115,0.0500299558043479,0.6840895757917093,1.271428493260525,-0.7527522037415587,0.0550855062901973,0.9408872942632782,1.296059940140498,-0.5086502592033593,0.0660941302776336,0.6728496349012358,1.3219146762323735,-0.8134805921817431,0.0659678503870964,0.9841465888035426,1.2694907701764016,-0.5192768570247368,0.0862858667969703,0.6873060714005111,1.3206957604588663,-0.8381261460391781,0.0904596969485282,0.9126316076055833,1.2537000718554272,-0.45180244263077507,0.0798531621694564,0.7039837529714453,1.3156232785473292,-0.7576058265921366,0.0841568484902381,0.824826905964892,1.4085683785512575,0.010658093497441016,0.0017754165455698,0.675299586888718,1.3458514891851903,-0.008898945870285965,0.0018646949902176,0.8180835521752824,1.703045877811193,-0.020647475619624073,0.0089096734300255,0.6935510333270221,1.6699201905154524,-0.12456513507645965,0.0049982345663011,0.7907998249008407,2.0153688279203745,0.31827139766974877,0.0014251724351197,0.669753035933542,1.9812346692303406,0.10344547054560915,0.000689375156071,0.7661490631789448,2.0778914719644472,0.28272414844706373,0.0015133565757423,0.617297020625295,2.0170981389638163,0.13238498666791654,0.0009279152727685,0.7671992835496259,2.102400629368582,-0.01426570142142357,0.0030759947840124,0.6867455254854742,2.083104505773504,-0.24258929152325498,0.0019324286840856
2025-11-11T0772.112379,96,0.8863508090288696,0.9396934783685412,-0.855148171942831,0.9891642928123474,0.9336310340655403,0.8890595828711028,-0.8110154416077955,0.9856873154640198,0.9080154118597158,0.9083098104729574,-0.8379596139337099,0.9860670566558838,0.9463952506054706,0.8998577753977843,-0.8384016391798007,0.985017716884613,0.9123122379350929,0.9069821149439727,-0.8775308495605495,0.9877014756202698,0.8896373211707032,0.9183394067619525,-0.8427058468356358,0.9888428449630736,0.8850342983731387,0.8877154157211676,-0.8801182005524733,0.9893710017204284,0.899355067880349,0.8934735759047395,-0.5562487913434626,0.986042857170105,0.879607363146995,0.8862135047644539,-0.7189326270286605,0.9921794533729552,0.8947164456200429,0.9572574336827445,-0.7275083721981036,0.9874776601791382,0.8600147202849984,0.9541041581790075,-0.7706879235880723,0.990535318851471,0.930945308949374,0.9764589094669727,-0.320178109402168,0.9550009965896606,0.7161870342339924,0.9538474778775424,-0.5328760908514873,0.9621435403823853,0.9760802116913584,1.1794123206673208,-0.28357243317320524,0.1962123066186905,0.662348659008101,1.0572374194984437,-0.6199767890907312,0.273442655801773,0.9742321654432134,1.170564371014249,-0.4298320876635602,0.0518284849822521,0.6918357700456853,1.1996821682162127,-0.8540311644050342,0.0600929893553257,0.9643429080671848,1.1906568410902434,-0.48239884205871436,0.0676179453730583,0.7094280539180086,1.2308281774307113,-0.9284981688208701,0.0702813193202018,0.9780989513491023,1.1624909267805004,-0.5460996647579772,0.0885105431079864,0.7404864838566666,1.1954010117216012,-0.9511957288904255,0.0960822999477386,0.9416369894239043,1.162581799126336,-0.4707824121346388,0.0816109627485275,0.7044042775398431,1.209658149067234,-0.875360840289396,0.0887412503361702,0.8413151124032991,1.3780746349661073,0.025939468894643953,0.0021245325915515,0.7060961103716435,1.351307674983672,-0.0157753136101067,0.0021487423218786,0.8079590713256356,1.6785390284277173,0.06102418338614431,0.0103046223521232,0.6910571431081458,1.6760820668741876,-0.043520984432338504,0.0052639027126133,0.7681566322054832,1.983003747210832,0.3649059345619607,0.0013577186036854,0.6703216719716534,1.9715707528021875,0.19408180707719433,0.0006783473072573,0.8214086412512256,2.028835306288125,0.3633585668732608,0.001399147324264,0.6791931158582312,2.0103215014116094,0.19392391559769148,0.0008998921257443,0.7830423737160387,2.0806495219577967,0.0752944066613637,0.0029594122897833,0.7175606589196202,2.053203870173014,-0.13543820716099186,0.0019316887483
2025-11-11T0749.302996,97,0.911918637385414,0.9506581607950689,-0.788908047734048,0.9895218014717102,0.9233530491711344,0.9044640951841743,-0.7395665153439642,0.9861061573028564,0.9346317275532011,0.9240885917225987,-0.7615557546011209,0.986220121383667,0.9265867394375642,0.9061268819403019,-0.7476463886937492,0.9851300716400146,0.9252012938171349,0.8904758211650532,-0.800086298271262,0.9881765842437744,0.935063022701815,0.9025908843926187,-0.8275951115152379,0.9891824126243592,0.9010685821338337,0.9166035722261767,-0.8091779816752371,0.9897080659866332,0.9336453554082003,0.8947744213786153,-0.49117876783643954,0.986177623271942,0.8707246012352072,0.9071589804207699,-0.6554773847510552,0.9925686717033386,0.9172989528652364,0.9523711183427915,-0.7025845129269358,0.988113522529602,0.8637126553135475,0.9358559651041226,-0.7539943933771442,0.9911719560623168,0.9165846310975495,1.0318014773769304,-0.29482446434221293,0.9582117795944214,0.7280207717907649,0.953056136010318,-0.5023868225365976,0.9650233387947084,0.9689868393663539,1.1584891507082034,-0.2734162483414033,0.1915219724178314,0.6421008544586708,1.068821378236165,-0.5350748074702807,0.2781437337398529,0.9459748212159692,1.187880625357305,-0.5154228793965583,0.0539837777614593,0.7034892850123041,1.2341546115109252,-0.7315088642646772,0.0623071603477001,0.962298966999385,1.248465450118789,-0.6069639035176381,0.0688401982188224,0.7049427657260948,1.2285514838914329,-0.7762464778268734,0.0723933652043342,0.9683790829846544,1.1868264964338078,-0.6231462281467818,0.090156503021717,0.7012100243855428,1.2458079643841153,-0.7995779715246105,0.0992154702544212,0.9511745089186393,1.2091577348529667,-0.5429816017626459,0.0832311138510704,0.693227677794951,1.188292943409242,-0.7535168569900785,0.0920329540967941,0.8449376726108908,1.3904389304055238,0.01677196622624029,0.0020006911363452,0.7275493939889197,1.3754361745834582,-0.042855273637420234,0.0020187655463814,0.824200121642604,1.683424102797123,0.012772910597482456,0.009464094415307,0.7154655358457542,1.680001605445177,-0.0851662272032072,0.0048431763425469,0.7991821668249334,1.9806782274167543,0.30606496333731775,0.0012267888523638,0.6813107430978214,1.976802278510142,0.13759177989410556,0.0006148009561002,0.7624774266460013,2.052260894073267,0.3373967111541274,0.0012622696813195,0.6819734079824625,2.0113560696323804,0.18247419835911546,0.0008185984916053,0.7737788328682152,2.0848459117904588,0.011438066258437827,0.0026754364371299,0.6929146905301835,2.0428584052151484,-0.2039696908850457,0.0017614252865314
2025-11-11T0739.407482,98,0.9088482454033452,0.9702269354297187,-0.6147538302312199,0.9898965358734132,0.9359989850988086,0.9684332761247104,-0.5712492959116544,0.9866648316383362,0.972795672733363,0.9228671602852476,-0.558523240557331,0.9865124821662904,0.926800039452178,0.9520673059200193,-0.5853390459966005,0.9856054186820984,0.9605756345013253,0.9536784276711908,-0.6212283563856589,0.9887758493423462,0.9380533184540673,0.8994238959600923,-0.6477630599622377,0.989590048789978,0.9115995624542799,0.8802936325211813,-0.6305375498234952,0.9901922345161438,0.9564651155770724,0.928896533170878,-0.39033591053314237,0.9865362048149108,0.8970171064320428,0.8964838585523368,-0.5731949399615625,0.9929699301719666,0.9237491142718208,0.9655184454510629,-0.5165292513406919,0.988611340522766,0.9199784323645838,0.9574075122441934,-0.5968914254784531,0.9917406439781188,0.9491102786761282,1.0192799074240022,-0.199257036420348,0.9615785479545592,0.7443990400279489,0.9692283707573474,-0.42167093171874703,0.96778804063797,0.9871082624486048,1.181086778352621,-0.17996306773289134,0.1897452473640442,0.655683474746008,1.0618739941712068,-0.4986509738310868,0.2960837781429291,0.9867140354644074,1.2246567660962815,-0.45329092059413056,0.0663704201579094,0.6883098054919998,1.2565454461225225,-0.6899811559002181,0.0742781013250351,1.0056425102890258,1.2406564280050574,-0.548151092869203,0.0796986073255539,0.7341304668423969,1.2718789762057245,-0.7412520159338513,0.0832735821604728,1.0039176361810787,1.1990322120544648,-0.566006547802796,0.1040934175252914,0.732801474394356,1.255781151515023,-0.8114467391828455,0.1131592094898223,0.9924213786629749,1.2357625585947885,-0.49957772910130305,0.0975343510508537,0.7186357620296989,1.2601548201318984,-0.6669025835653634,0.1056699901819229,0.832176449046576,1.356541526769112,-0.018686730046947733,0.0019236960215494,0.6956303654997845,1.3699042521774576,-0.004399826253477964,0.0019206469878554,0.8731313886393491,1.6705114201357634,-0.01692432003792782,0.0086225727573037,0.7056291671125476,1.6638332569679852,-0.09492010955856467,0.0044448892585933,0.8307038258572585,1.986249582454149,0.2505727204225971,0.0011060101678594,0.6679774569039861,1.9664755075762,0.0627987259084967,0.0005562112201005,0.8158216392390877,2.0244532678830938,0.24273542993681918,0.0011375279864296,0.6835823877460221,1.993386963367361,0.0690884006582908,0.0007433571154251,0.79128009051468,2.058322980886723,-0.055305297549954974,0.0024143827613443,0.7090686005048463,2.054739828008509,-0.27495337592738756,0.0016012438572943
2025-11-11T0728.580799,99,0.9146484526494234,0.9565832628340829,-0.5766466631924749,0.9896286725997924,0.9610446222560853,0.9199526716189045,-0.48783695867365856,0.9863901734352112,0.9402099045078735,0.9255832295736771,-0.545029796028401,0.9857227802276612,0.9263567938919378,0.9431913376304258,-0.5263794055071096,0.9850109815597534,0.9410879803399318,0.9218473936771203,-0.5537069417430223,0.9887966513633728,0.9260972294991296,0.9006933762752832,-0.531837919379141,0.9893787503242492,0.932581772619547,0.9287792662242897,-0.5622981213508866,0.9901858568191528,0.9092540340254818,0.9065253830399687,-0.3446495683612393,0.9855722188949584,0.8837540238333167,0.9028042757676528,-0.5028752959010041,0.99301278591156,0.8815253080095601,0.9337426974195377,-0.4506056163989778,0.9884443879127502,0.892478138734707,0.942147175402533,-0.5082214954036474,0.9920366406440736,0.9196314414936194,1.0085488557202436,-0.18699246173246784,0.9638969302177428,0.7269333855601549,0.9758047304552814,-0.385866136020426,0.9699731469154358,1.0245410200469973,1.1542211907158864,-0.1761601385492135,0.1853132843971252,0.6548665413038305,1.077258396083237,-0.44097898641871824,0.3101699948310852,1.019354412001459,1.1973787446935185,-0.42226927714852264,0.0739726722240448,0.7108167652938375,1.2230221133778358,-0.6408017993708877,0.0836154669523239,1.002291989942563,1.2436737983117694,-0.4917087449812039,0.0854884833097457,0.7482455609898663,1.2650582979219234,-0.6880686950162155,0.0907277017831802,0.9701042236376745,1.2253352148210632,-0.5159127122583071,0.1113247498869896,0.7226921388361819,1.2605931783063753,-0.733529171298694,0.1226669773459434,0.9844724636095369,1.2035525357894392,-0.44439368112667466,0.1050544381141662,0.7458498042451469,1.2537345742061747,-0.6415106328879677,0.115630030632019,0.844252469639879,1.3661241557425559,0.0036600619879327547,0.001841758727096,0.7367647364602353,1.38232407339772,0.022251991733227193,0.0018325176788493,0.8220783150495744,1.704067216743302,0.0036740390592457494,0.0078813387081027,0.7131871587779274,1.6690807757256583,-0.10925016305815877,0.0040861507877707,0.8209902098618561,1.989979918350836,0.25251078555063056,0.0009979362366721,0.6832675518671334,1.9620289365308614,0.09680586071830125,0.0005047764861956,0.8061782177824796,2.0364575170011037,0.2808811671132776,0.001025476725772,0.6843115032106198,1.9693075156905455,0.11794125788109142,0.0006780197727493,0.8113704013235122,2.0712620790474907,-0.042879291013538205,0.0021808890160173,0.723643558168243,2.046488431255055,-0.24041556169570938,0.001462425221689
2025-11-11T0754.241906,100,0.8974118283528424,0.9730905496909407,-0.5319196961820603,0.9892480969429016,0.9479767112539016,0.9224106563765528,-0.5021153922378434,0.9858535528182985,0.94285393766919,0.9404041101932319,-0.49530596456686604,0.9849246740341188,0.9646033531798254,0.9586963130104168,-0.5144093479835903,0.9842785000801086,0.9369563757389271,0.9553333601117471,-0.5470288723662262,0.9887036681175232,0.9217427259967176,0.9189636746747415,-0.5277140031288585,0.9892138838768004,0.91503031418617,0.9073994014212513,-0.5457012807774352,0.9900943040847778,0.9396821206549268,0.9229500268001262,-0.29798672310854846,0.9845767617225648,0.9053080878598557,0.9045370093690482,-0.5452373781895817,0.993103563785553,0.936762996436561,0.9912406268402569,-0.4311076545226475,0.9881251454353333,0.9004259213711384,0.9624977742584693,-0.4815591873229226,0.9922520518302916,0.9448470978752771,1.0134894942615935,-0.09253062390240446,0.966115951538086,0.7326796659213691,0.9789587601966162,-0.384730327466639,0.9721125364303588,0.994046139217065,1.1625919166472594,-0.06869911407531845,0.1766921430826187,0.6691259388740567,1.0660793919503677,-0.4412909505237134,0.3294309973716736,0.9972488778577873,1.2443195781942835,-0.27942964009377647,0.0791672095656395,0.6943750319040627,1.232798867317065,-0.6098530624076812,0.0941432043910026,0.9944161230422293,1.2753353426984737,-0.31467895156262526,0.0902185887098312,0.6981035642529493,1.2788088022774977,-0.6683496066140828,0.0997278615832328,0.9958279549056028,1.2499777755362331,-0.336733409234607,0.1177225708961486,0.7005004597537878,1.2479228184278923,-0.7007328374465298,0.1339050084352493,0.9646066284922974,1.2280748544016185,-0.31258820306035573,0.1125080585479736,0.7092926437890454,1.243331875469412,-0.6351332353105571,0.1267917305231094,0.8733214755885335,1.3771865442638862,0.014723514001726494,0.0017698421142995,0.7351274313085823,1.3511079024307544,-0.024319105361263367,0.0017491907346993,0.8544352979976304,1.6741852141910594,-0.002517935225156858,0.0072031449526548,0.7165504327629675,1.6713153715715685,-0.11293012178378409,0.0037645702250301,0.8136882370341084,1.9752564712625469,0.24631035355919023,0.0009009220520965,0.6797203148632764,1.9591227058558867,0.08557706947276929,0.0004583915288094,0.8031944272395186,2.0106963405489062,0.25877708514406245,0.0009254176984541,0.6831904697679342,1.9996093505090786,0.056043133368982694,0.0006197109469212,0.7765064616067767,2.07836620194657,-0.03228104137644156,0.0019744494929909,0.732914157263279,2.040120093849558,-0.2820200554198404,0.0013408199883997
2025-11-11T0723.823394,101,0.9370472800655946,0.9540603353916178,-0.48378803589502545,0.9892387986183168,0.9486388930797776,0.931399400574356,-0.467001781275927,0.985977053642273,0.9734486667985651,0.9249443950227529,-0.46849541236721925,0.9848305583000184,0.9445674127571191,0.9228296153743489,-0.4929935718129195,0.9843302369117736,0.9030421842765243,0.9266434475686776,-0.5006230390030763,0.989011526107788,0.9344034880136626,0.9337805169747809,-0.5054483155121751,0.9893997311592102,0.9394456487557711,0.9191114641062005,-0.5344316730390116,0.9902895092964172,0.9774241687832106,0.9012622386760623,-0.2549282615709703,0.9846760034561156,0.8983211530521514,0.8899909096655655,-0.4915077999495731,0.993341028690338,0.9350564517339627,0.9796987904867491,-0.3981940949625826,0.9883461594581604,0.8686796342682177,0.9744489800491007,-0.4626374038368042,0.9925966858863832,0.9332831023368511,1.0289826937151252,-0.1290138507698221,0.9683198928833008,0.7323199803755263,0.9747724949392589,-0.3941716553024068,0.9740386605262756,0.9672713963912877,1.1838480865318255,0.012606121374815635,0.1673416793346405,0.6550514217845277,1.0591831224828572,-0.5154360615928425,0.3423424959182739,0.9798500775791158,1.2548494024594308,-0.13962646927589525,0.0815805345773696,0.6848766665892391,1.231583228130759,-0.7081045936108714,0.1112911403179168,0.9854431198882107,1.2949831576969877,-0.16524826204556026,0.0922456011176109,0.6889469408421607,1.2573456696084402,-0.7823310543677523,0.1140138730406761,1.013814166053065,1.282692992970751,-0.2057363216388754,0.1205029338598251,0.7213695779636836,1.213697744376074,-0.8148092774797974,0.1501704156398773,0.9679367429177088,1.250210318505346,-0.1605120964615343,0.1165181919932365,0.7248269475136555,1.2185908355770587,-0.754587467463728,0.1423408091068267,0.8662412624209919,1.3708403122294628,0.02390042918880518,0.0017599094426259,0.7298703510130183,1.3575370258281614,-0.03417550714655383,0.0017148429760709,0.8645291413099528,1.6742639867142488,0.008621656465035581,0.0065974183380603,0.7099336281178176,1.6470402180902093,-0.05811824025074997,0.0034664024133235,0.81120688429011,1.9690588358567147,0.28284354782980037,0.0008144396706484,0.7089426546258325,1.9138761575229613,0.13856711897538831,0.0004177826922386,0.80750218772382,1.9891826666544834,0.2849778078703956,0.0008357767364941,0.6772922220587612,1.9841922375332333,0.14293468854320127,0.0005673298728652,0.8046610222930412,2.0490343500214294,0.018936391890877063,0.0017912669572979,0.7367998030387095,2.012509576476474,-0.12438832263846948,0.0012322020484134
2025-11-11T0795.909372,102,0.9238682378610997,0.9714616319083684,-0.5436573516866375,0.9882658123970032,0.9460906574612785,0.9168584206756225,-0.5174906103835168,0.9849748611450196,0.9369250985140383,0.9596151253361799,-0.5277334186519582,0.9832100868225098,0.9533325768250213,0.942581867447777,-0.4897395445818813,0.9829330444335938,0.9300621652497175,0.9181496433105364,-0.5461737764360892,0.9885859489440918,0.9402426558304418,0.941761602781827,-0.5825144658763366,0.988792359828949,0.9424424179281318,0.8975781330716182,-0.533898486546852,0.9898865818977356,0.9327586757723767,0.9041721133792799,-0.2850525399393611,0.9829689264297484,0.9007075451582913,0.8850018428088244,-0.47552509664099857,0.9931490421295166,0.90908403952721,0.9989337838894323,-0.48493667717283917,0.9878162145614624,0.8822236656785396,0.9551322996863993,-0.5069913099398783,0.9926640391349792,0.9331214280679087,0.9838426135446443,-0.1669649203092829,0.9697450995445251,0.7451453047569523,0.9726662645998105,-0.4027069454725014,0.9757578372955322,0.9791328015995292,1.1723471463502477,-0.08597955869531242,0.1597857922315597,0.6376944251800258,1.0424987413823756,-0.5084838376836365,0.3573757410049438,0.973793788606324,1.2606355226292232,-0.23419877865031669,0.0872928947210311,0.7040368695320804,1.221521319516141,-0.723701834667276,0.1247958838939666,0.9690698712393705,1.290201814131336,-0.25206466890307155,0.0969340354204177,0.7163555493117107,1.2763395744241022,-0.8002865363088226,0.1245626881718635,0.9958172244110542,1.2846219737458664,-0.29196641491955544,0.1259162575006485,0.7183102683174883,1.232030133719934,-0.780071999799172,0.1623910218477249,0.9761674010094431,1.2665091117512703,-0.24132865616192134,0.1231928169727325,0.7302402059408732,1.2310167725286913,-0.7159331302589468,0.1544577330350875,0.8481240946442494,1.388822743876307,0.035013348710489514,0.0017192921368405,0.7161944993807839,1.3640276273730967,-0.04618954680775293,0.0016638197703287,0.815504105112681,1.674491144933292,0.03399427019169146,0.0060268533416092,0.7031520902167666,1.6539758839828262,-0.06303820408877711,0.0031906084623187,0.8155153359342278,1.9252376439376977,0.2910254114583785,0.0007361772586591,0.7073726468563627,1.9307959050275012,0.145432786265323,0.0003796117671299,0.8151438394701896,2.028146357904971,0.28638447287498403,0.0007545365951955,0.6943386403704689,1.962594269394134,0.1765321467078668,0.0005183663452044,0.8249006880343085,2.07206398910304,0.02302346906402701,0.0016226238803938,0.7111627088359062,2.0219262399982676,-0.16083771170762418,0.001130478689447
2025-11-11T0743.323960,103,0.9222288676537871,0.9092749143301084,-0.5153018365818409,0.9888335466384888,0.9380955726427934,0.9416868134289527,-0.5198376279134419,0.9856378436088562,0.9428568597240132,0.9126841663342358,-0.5062796586957246,0.9838438034057616,0.934926218364139,0.9482975501725859,-0.49343967418394086,0.9836245179176332,0.9104556213747566,0.9072556470390881,-0.5456348933250637,0.9892163276672364,0.9085960362722876,0.911895921901726,-0.533471776498222,0.9893780946731568,0.9326440074863441,0.9465761139664919,-0.5481681792356721,0.990423023700714,0.9202115869742002,0.9433121805572386,-0.29384375005485414,0.9835904836654664,0.8929344018875627,0.8925587239980798,-0.507067703565089,0.9935422539711,0.9081157258827809,0.9675461855196931,-0.4313959164442516,0.9883519411087036,0.9016624043613698,0.9347517403051808,-0.5182568348665064,0.9931200742721558,0.9248093452628534,1.006142071939262,-0.12352034395376595,0.971592128276825,0.7314179325717785,0.9804727980017106,-0.3912019600693733,0.9774816036224364,0.9774033458605551,1.1396072344672867,-0.05450904322708784,0.1524428129196167,0.6664414701287075,1.0564460312499497,-0.5023139633876968,0.3694119751453399,0.9709936683877306,1.2545859368906758,-0.17069032735232995,0.0912629067897796,0.6954722183760588,1.2177534618039483,-0.6727031534373041,0.1357826590538025,0.9713845436589345,1.2876703052579164,-0.1948303289880034,0.1016721576452255,0.696419219826336,1.2529320245996782,-0.7704647326983193,0.1352025717496872,0.9871641532649004,1.2594236480937167,-0.23425250437955317,0.1324860453605651,0.7394036271467038,1.2371390652739573,-0.7804360203399652,0.1755443215370178,0.9861403703060446,1.2509035575748482,-0.1739282434647756,0.1301870644092559,0.7231518156650749,1.1976194884332638,-0.7209856297840915,0.1659867167472839,0.8542464126913476,1.3484601317715041,0.026914009423128403,0.0016460575861856,0.7289544415263967,1.3488489023926369,-0.024131195319910013,0.0015781647525727,0.8160856586646472,1.6680362820447905,0.054235383188191495,0.0055339368991553,0.7298019850795765,1.659400639155572,-0.06922027078816065,0.0029494273476302,0.8100105132719113,1.953152655599277,0.29354276723855055,0.000665440398734,0.6979936359476724,1.9156732243850678,0.12328288022943393,0.000344943255186,0.7832279025208086,2.0069555564804062,0.3065203501812729,0.0006812355713918,0.6740546981623353,1.982934827928371,0.09201368053177747,0.0004725499020423,0.8278767703241483,2.059362105561583,0.011680765564168635,0.0014753200812265,0.7241531501734532,1.9753004147731132,-0.20278164518950048,0.0010408589150756
2025-11-11T0794.579935,104,0.9369580527151308,0.9538111731887785,-0.5632165202004502,0.9885427355766296,0.9332180535006385,0.9372443823126846,-0.5365042225072127,0.9851552844047546,0.9382390623225586,0.929921698552469,-0.5118246718680695,0.9830520749092102,0.9287898954780455,0.94741053365263,-0.5690144002709687,0.9829385280609132,0.9230999581666065,0.9150812383512466,-0.5721267383365384,0.9891557097434998,0.9319461185978668,0.9041010747722555,-0.5554807900007289,0.989234983921051,0.9358910878877514,0.9056750048088571,-0.5758652752821108,0.9903254508972168,0.9500576625210875,0.9333385878268875,-0.316344644091802,0.9827046394348145,0.8716079581909827,0.881633373665638,-0.5474263279845144,0.9934958219528198,0.9148543708934394,0.9643305932063385,-0.4517359912861123,0.9884012937545776,0.9058250212579995,0.9682531103516318,-0.5285457774801461,0.9933341145515442,0.9195039679561662,1.0113336525768448,-0.16811779094877255,0.9729602932929992,0.7449645239516178,0.9528542159724711,-0.46692306963258096,0.9790189862251282,0.9815643066029377,1.1674419136917276,0.029570556188298562,0.145436093211174,0.6641869849795654,1.0610645492606106,-0.5372787885177586,0.3872606754302978,0.9587135844014721,1.2811913591716406,-0.07399931469008497,0.0900531858205795,0.6683206133298966,1.2553281867847887,-0.7061826381773656,0.1406102180480957,0.981930302059307,1.3056196784470384,-0.07928111494514632,0.099387027323246,0.6783789459093265,1.2606970650471958,-0.7648239399841369,0.1387881487607956,1.0011747206025272,1.2775481052590711,-0.10927365733231281,0.1296658664941787,0.7044034427999492,1.2696162314050894,-0.7816272809796686,0.1799806505441665,0.9525263706316206,1.295019876669023,-0.09427107890106874,0.1278903782367706,0.7122965679017274,1.2708289825410504,-0.7178429062584231,0.1694423109292984,0.8557458502819422,1.3620543922331836,0.02572750811415382,0.0015930850058794,0.7270289261317485,1.3479461915791615,-0.058770509686301826,0.0015156479785218,0.8206898538140576,1.6314674175842236,0.06854821930904466,0.0050769294612109,0.7064109940862278,1.634422206239728,-0.052790165062697125,0.0027206896338611,0.7814094646027118,1.9530473854273422,0.3945512814926401,0.0006022258894518,0.6796902667740065,1.9189561281354006,0.1696196514482643,0.0003138784086331,0.7951905344708627,2.015127708845416,0.40529853633368557,0.0006152327987365,0.6673389557357362,1.9707927165638885,0.17410231432574386,0.0004332849348429,0.8004019490053677,2.0262731138593133,0.10409688902527246,0.0013408765662461,0.6999193393960036,1.9970214383572011,-0.14742791631742522,0.0009599488112144
2025-11-11T0785.130716,105,0.9412547556253116,0.933807809575944,-0.7549647821768484,0.9881055951118468,0.9202498223536074,0.9075637255337883,-0.7059079936005217,0.9843429327011108,0.9712846642683969,0.9498410386980672,-0.7160018096405852,0.9821012616157532,0.9362959832700677,0.9249007680119031,-0.7442804691780575,0.9817730188369752,0.9470607972603468,0.9141040033780614,-0.7721760149342819,0.9889237880706788,0.9284833763250006,0.9219702859971273,-0.7698843834349702,0.9890763163566588,0.9007760383841491,0.8991969344696602,-0.7869844866942548,0.9902000427246094,0.9421101535062238,0.9141181227360855,-0.47850758253559517,0.9816755652427672,0.8520012031840465,0.904243085683193,-0.7192559947028789,0.9935098886489868,0.9277265229955057,0.9569123342944951,-0.6630515708055162,0.9882537126541138,0.886959424662554,0.9549069013425877,-0.7043791002418256,0.9934902787208556,0.941556874410788,0.980317671101105,-0.28549836410103274,0.9737348556518556,0.7358624949766149,0.9378405874912883,-0.5244078967418322,0.980363428592682,0.9414233049989825,1.1574648596161765,-0.07649472691091602,0.1380385905504226,0.6501088442869161,1.0498532801934735,-0.5640097592051974,0.4032297134399414,0.9548093036116455,1.2541033911538526,-0.2136370104529698,0.0834027454257011,0.6647908027576381,1.2701386855177295,-0.7468610215580183,0.1362830549478531,0.9029912856074291,1.3191807877939752,-0.22728934530376574,0.0921496823430061,0.6667957233067525,1.3121856029947374,-0.816236001732449,0.1340370327234268,0.9460533770626173,1.3010620570726559,-0.264229068834409,0.1204538643360138,0.6956819063574899,1.2928920369806562,-0.8461876833167807,0.174363687634468,0.9693249512486121,1.261408542431518,-0.20758255264564118,0.1187800765037536,0.6753655821487051,1.2786836764277172,-0.756289524832762,0.1633447259664535,0.8318242565874747,1.3532858873699698,0.017633559156242706,0.0015341215766966,0.7045160596619865,1.3425682894212188,-0.024965430003368698,0.0014582211151719,0.8386726021132471,1.6629001603875895,0.0342036848024235,0.0049080024473369,0.7352265758934595,1.6734471896933847,-0.10489170876977393,0.0026082312688231,0.7954458359447703,1.9357541197009516,0.3580353528354096,0.0005528276087716,0.6729653734633216,1.9329415829440426,0.12873400278414218,0.0002908355963882,0.7788226671584527,1.9819932381411816,0.3717146921431251,0.0005610059597529,0.6926768196388878,1.9445661398900476,0.11490757546167508,0.000405306200264,0.8161112411977812,2.060486821451933,0.08416838129130777,0.0012349194148555,0.7309294975984465,2.003946929222129,-0.21133957892456406,0.0009015822433866
2025-11-11T0721.520488,106,0.9189622047682501,0.9200636809849119,-0.764440576359986,0.988824427127838,0.9421398245245463,0.9017608868183622,-0.7514852335016597,0.9851749539375304,0.9302337793207432,0.9338295960899595,-0.729279202422679,0.9831928610801696,0.9198259368154683,0.9193923783714081,-0.7518310402161081,0.9826659560203552,0.8860524272980874,0.8922320933112392,-0.7651802534613414,0.9895719289779664,0.8855210741792765,0.8880641451618966,-0.8021618984169019,0.989798367023468,0.8848250797100494,0.8820334570178059,-0.7926948240438251,0.990774154663086,0.9179906438787403,0.8995935176390735,-0.4947345596237491,0.9827219247817992,0.8627007324687875,0.8696172390116642,-0.6574824483153375,0.9939650893211364,0.8948191980298947,0.9515770790095118,-0.6443590681786162,0.988999366760254,0.8839543245575342,0.9622743589198509,-0.7016663744900662,0.9939531087875366,0.9124770820406017,0.9792719118851774,-0.25961848104682184,0.9757015109062196,0.7135883748844222,0.9621481162300078,-0.5039022609205387,0.9820639491081238,0.9677692858111525,1.17631693145228,-0.1327035644336316,0.1320902407169342,0.6370740867749701,1.0422451141176547,-0.5077846018493872,0.4279908239841461,0.9197888098407072,1.2890699334481486,-0.35903680880638095,0.0785685777664184,0.6680178432447291,1.261250066139609,-0.7751628354211197,0.1399203836917877,0.9291123831125496,1.3132380922267042,-0.39939953808390793,0.0867066457867622,0.6589962498544351,1.2758411773460103,-0.8647226998296497,0.1352053582668304,0.9315266887495902,1.2915363845593004,-0.449663072525402,0.1138044297695159,0.6935160252039146,1.2776280953083432,-0.8876447080989561,0.1768704354763031,0.922312290794991,1.2373437678901869,-0.3784323369682293,0.1121369376778602,0.7147249539459374,1.2796633188388518,-0.7868586949196958,0.1642003357410431,0.8396532471845766,1.3709060251730396,0.050420778751536575,0.0014977258397266,0.7138788652137006,1.3580746301621187,-0.001170611853987414,0.0014333085855469,0.801253569171054,1.651813938251815,-0.024615849487776686,0.0045745000243186,0.6858161263933382,1.6522520485250625,-0.14015017455334208,0.0024221534840762,0.80362763044443,1.9450988966244702,0.2598649243580011,0.0005066177109256,0.6850437727577163,1.9256241809045522,0.03715926325440756,0.0002651704708114,0.7950541672031608,1.9837731603767783,0.284318720847406,0.0005138457054272,0.6455269906836769,1.9734536350887297,0.04946870189486539,0.0003738665545824,0.7820962128616236,2.016813862639439,-0.0634876458736966,0.0011281188344582,0.6941664150118034,1.9964598021396889,-0.31898879500428606,0.0008323782822117
2025-11-11T0751.234954,107,0.867062872723831,0.9060929247929482,-0.7762379229448723,0.989565134048462,0.9096000755969988,0.8731256603326185,-0.6704650584486919,0.98584246635437,0.898766255107874,0.9035263385496484,-0.6684743707267529,0.984225571155548,0.9013397414291429,0.8958719038661306,-0.713564298579578,0.9834956526756288,0.8850007771309358,0.8770092433110344,-0.6981062348267727,0.9900314807891846,0.8605221524719332,0.8317703456583305,-0.6938643789313892,0.9903820753097534,0.882482032116905,0.8764301326532885,-0.678901910303931,0.9911596775054932,0.8884328630037535,0.8700568327871189,-0.3973458373467993,0.9835782647132874,0.8551187700727961,0.8515164930223652,-0.5422784518697271,0.9942985773086548,0.871134735002379,0.9223590134519308,-0.6741096460892518,0.9897207617759703,0.8091165926351311,0.9004688225219957,-0.6366620180151578,0.994373083114624,0.9418183203713227,0.9981073384072788,-0.19576044804513437,0.9775981903076172,0.7145549442756318,0.9666574666932448,-0.43447295422197746,0.9835615158081056,0.9540571403658423,1.179173208000698,-0.15475551324727568,0.1306224763393402,0.6121806164174476,1.079760189473323,-0.3959585234594863,0.4507040977478027,0.9379226653908158,1.2856256280170653,-0.4844097701630483,0.0763412341475486,0.6541707512431385,1.238909087219922,-0.6383877012842005,0.1403171718120575,0.9445222731103475,1.3258650447818279,-0.5525510779632594,0.0840097591280937,0.6403254266865125,1.3056876812881932,-0.7273312715362577,0.1341971307992935,0.9279522093545729,1.329036842826134,-0.6269308916508535,0.111154705286026,0.6378775058220083,1.3320095393041,-0.758303982589374,0.1772629618644714,0.9091340209341807,1.2632840377414587,-0.525079830513189,0.1088541597127914,0.6652870444098955,1.2840855175838204,-0.6784858690873402,0.1635199338197708,0.8348343419016139,1.3706128724566808,0.024489690334961713,0.0014146565226837,0.681978799015825,1.3388876899472077,-0.040377484239394856,0.0013683174038305,0.8069355464453495,1.6738302067275304,-0.06176760923485399,0.0041782003827393,0.7027786154126708,1.6790727293746066,-0.19355116035736644,0.0022209335584193,0.8161818097631927,1.958076981838074,0.26636869627809184,0.0004591922333929,0.6731294910734591,1.951187493721854,0.03217013977366541,0.0002404757105978,0.7966863391950328,2.013644927044093,0.25747614721279755,0.000465740537038,0.6679039013400513,1.9814655021334093,0.027312674150431555,0.000341329636285,0.7687252255614856,1.9973961176314157,-0.09169839829847654,0.0010238803224638,0.6886425969670101,2.024861278903055,-0.35402725264221285,0.0007612872286699
2025-11-11T0736.146019,108,0.8506705475300343,0.8988521238641667,-0.7220979237060836,0.9872789978981018,0.8536986709021983,0.915849469052929,-0.6451897408528642,0.9811220765113832,0.8171106638743882,0.8811280057430875,-0.6400862587731531,0.9809552431106568,0.8529112609828567,0.881062832647685,-0.6376234099182686,0.979314923286438,0.8559140955707337,0.8755378678941288,-0.6521429018498266,0.9859306812286376,0.8210881796103484,0.8744030519170463,-0.6267998016095498,0.9872719645500184,0.822706441885269,0.858000987614675,-0.6640458213511518,0.9880042672157288,0.8547563188720407,0.8849218231770869,-0.3673827080277843,0.9806410670280457,0.8166482099028172,0.8683549922134894,-0.4175380783867183,0.9926798939704896,0.8445758018800017,0.9265069089844533,-0.5872816873318225,0.9878132343292236,0.806784577195294,0.9318189914946197,-0.5922672898933966,0.9931879639625548,0.8948641913205648,0.9958657263963189,-0.16833350898789817,0.9786743521690368,0.6874683721253021,0.943767318314745,-0.2904721385734807,0.9846186637878418,0.9350751048323575,1.1776188008654773,-0.1611693164034445,0.1273360699415207,0.6184063584895989,1.1383199823573986,-0.23961244509159246,0.458371490240097,0.9472958413162323,1.298414338843012,-0.40881376759462273,0.07101721316576,0.6766652661714673,1.2507279820725057,-0.4655078215673698,0.1343546956777572,0.9284513751042422,1.3204090546430778,-0.4763090016745944,0.0782411471009254,0.6282794178137467,1.3159896007103031,-0.5459476099191422,0.1277490258216858,0.9260887248671846,1.3269078519768291,-0.5241797273717897,0.1039308235049247,0.6463643373066512,1.2954989573589024,-0.5741523162775326,0.1700839400291443,0.8940383809528331,1.3148012234811988,-0.45878620754600624,0.1017194837331771,0.666962057277642,1.2842336867370687,-0.4960440921463971,0.1571929901838302,0.8260115310263222,1.3606950673596931,0.0019068674891874835,0.0013592215254902,0.7103829211716383,1.350980433255813,-0.02289799784952917,0.0013519953936338,0.8068009466619459,1.6616606491080035,-0.15613776832957446,0.0038489559665322,0.6968774777074701,1.6279311808664987,-0.2190499397198511,0.0020579204428941,0.7825523791219264,1.9382156103695611,0.0833512979274827,0.0004177870287094,0.6744881179867137,1.9197368546830682,-0.11113224711649286,0.0002194305707234,0.7758241985714011,1.9700166035028717,0.07075898288301932,0.0004258041735738,0.6465158632613857,1.9875138105094328,-0.09986992283484886,0.0003152482968289,0.7658927728468125,2.060560927669266,-0.2765025953583068,0.0009325150749646,0.6968639697589097,1.9933152382842612,-0.46565934794991964,0.0007025473751127
2025-11-11T0767.990178,109,0.8190581163998161,0.8818353109207939,-0.7981490554204907,0.9830963611602784,0.855108329111888,0.8824969373601335,-0.7642150088410017,0.973494589328766,0.8382013772725468,0.8471020353745765,-0.7753671540727537,0.9754370450973512,0.8426754146356498,0.8823402966666921,-0.7824186943093245,0.9725870490074158,0.8082018631949535,0.8797193785415194,-0.7828602789864373,0.9802470207214355,0.7978419962370327,0.8656217198772505,-0.7647061856321133,0.983040988445282,0.7961576300989189,0.8825896504028135,-0.7812062724581695,0.9837831258773804,0.837548720252472,0.875144799465168,-0.531492976704351,0.9760543704032898,0.7855703728187524,0.892550039417307,-0.5134342115224052,0.9906148314476012,0.8227973446614695,0.916103533354547,-0.7037185943528154,0.9838834404945374,0.8169145691190516,0.90097468193362,-0.694694289173789,0.9910727739334106,0.8876211694133734,0.9696236002531935,-0.25253971326026886,0.9791752696037292,0.722259835293712,0.9649700886433216,-0.36136799596725894,0.9853450059890748,0.9186244725466196,1.17643367095728,-0.21288174210421287,0.1226859092712402,0.6213561581828696,1.108904164888217,-0.3467106821336472,0.4598249793052673,0.9088120978699388,1.260842940357463,-0.46437610567530485,0.0649101287126541,0.6530666405514154,1.2464327030436853,-0.534567620804037,0.124790608882904,0.9331585172018274,1.3041776710241815,-0.5029084422506829,0.0715458616614341,0.6598336333726298,1.3147484108883472,-0.6229227900246698,0.118110254406929,0.8753521759707824,1.3299923293060418,-0.5707066710138998,0.0952036902308464,0.679565384396529,1.2895775774579026,-0.6854734746371233,0.1577869355678558,0.914294505634365,1.2867026861174282,-0.4975443592132075,0.0931776240468025,0.6829490208906156,1.2839733696844544,-0.554315572625484,0.1459061354398727,0.8328291335282431,1.340623695475009,-0.005023252503255082,0.0013743757735937,0.7072152945388791,1.318896363495644,0.003842327729592922,0.0014221833553165,0.8096756459127631,1.6612138836256114,-0.14588274657210093,0.0039809979498386,0.6832388195407315,1.61711656670214,-0.20208921608645852,0.0021383161656558,0.7986212491351458,1.9289124714022217,0.06603944866355263,0.000403410202125,0.6687458488195818,1.9055467945223665,-0.13414454824701813,0.000218729066546,0.7932189055875319,1.9828380494192366,0.06832082751054992,0.0004188677121419,0.6584678210684327,1.9754291326699969,-0.15044697728935408,0.000331674091285,0.7610870943569135,2.0171891325749414,-0.27782482598406355,0.0008988796616904,0.6824231778080018,2.005894489783658,-0.502381570807087,0.0007430541445501
2025-11-11T0786.144871,110,0.8071732988951001,0.9110106474124499,-0.7853410468049292,0.9774158000946044,0.815780919987615,0.8741336832473036,-0.7137136818719516,0.9636163711547852,0.821504694035415,0.8912285636703756,-0.727048107247868,0.967983067035675,0.8046567753831072,0.8940206098414301,-0.7262459653866185,0.9641173481941224,0.7758925513924237,0.8553280765066608,-0.7017370266881845,0.9710094928741456,0.7636818369557065,0.8747948331298177,-0.7013123270791842,0.975064754486084,0.7526098513772228,0.8383403299684525,-0.7286152592655766,0.976002037525177,0.8288672831362712,0.8955476860420756,-0.4676884350662764,0.9714158177375792,0.7793331604407757,0.8856273524917813,-0.46071563622747147,0.9860928058624268,0.7901007808936499,0.8976372641091226,-0.6705648115078953,0.9799265265464784,0.7848784574161711,0.9399941513438959,-0.6347051346346232,0.987433135509491,0.892385567985128,0.9650030020008278,-0.2584686976755279,0.9791211485862732,0.7055005764709118,0.9743429964519855,-0.26674137095868705,0.9858211278915404,0.9087785813340176,1.1710517845029833,-0.23032895997742933,0.1218828856945037,0.6099957901890822,1.0656395012012088,-0.21364027773748084,0.4563755691051483,0.8621477304023287,1.1992289355545889,-0.443379359263129,0.0605568028986454,0.6091749746971057,1.233234314488656,-0.4638907601767756,0.1162580922245979,0.8466445478527416,1.205136323170346,-0.4795898174878478,0.0667797848582267,0.6162501250299011,1.289334306114237,-0.49793590099818497,0.1096656769514083,0.862822502098312,1.243738227038592,-0.5032560506198603,0.0890412181615829,0.6149108277574084,1.272143724066216,-0.5417198996578811,0.1470072716474533,0.8561145946319769,1.2082294685728756,-0.4285932955853249,0.0869022384285926,0.6299046094896088,1.2658686327365287,-0.4676250746053344,0.1363637447357177,0.8258773091124961,1.3746610925857004,-0.029528860335271023,0.0013430757680907,0.6464532888524921,1.3403281389393826,0.009341353606602067,0.0014404996763914,0.806270597811153,1.622911076507826,-0.18258583837565398,0.0038340475875884,0.6733528558858118,1.6191754685520485,-0.18577942177195653,0.0020953882485628,0.7597767726521989,1.9203016006203397,0.014142812524357583,0.0003779902763199,0.6450433627147975,1.9074410448261732,-0.13293076515155547,0.0002084668522002,0.7727312518393258,1.9719303870764138,0.02572864403885628,0.0003952287370339,0.6391632354740973,1.9486986243318993,-0.1097221416713922,0.0003320052928756,0.7446031987469076,1.9864214819632982,-0.30364575492320944,0.0008355912286788,0.6551798772456899,2.020047075501877,-0.4661610311265994,0.0007227910682559
2025-11-11T0728.947677,111,0.7815838633884945,0.8908022354596823,-0.6427944143324583,0.9713231921195984,0.779690911096549,0.8520767948501942,-0.6120688701306233,0.9539878368377686,0.798736420884043,0.8530203986188106,-0.6266993870678298,0.9616507887840272,0.8063299358362754,0.8429285024531727,-0.615677246531887,0.957063853740692,0.7659096023887096,0.8666172415192033,-0.6472906631351194,0.9608473181724548,0.7863897647096737,0.8682044419904368,-0.5923760914879008,0.9668826460838318,0.7656894165097886,0.8465716723387466,-0.6030618058982871,0.96724534034729,0.8307818073453074,0.864142355320959,-0.4252260043915792,0.9683744311332704,0.7505156211988838,0.8848016595186345,-0.4168741070971971,0.9810288548469543,0.8117947398787516,0.9068652275788704,-0.544841258808444,0.9769166707992554,0.7718980763195099,0.9159702048425288,-0.5717945613802345,0.9835045337677002,0.8575005219745016,0.9986945252287847,-0.24502790519198175,0.9794021844863892,0.699915384836659,0.9666357711690954,-0.25086841557465517,0.9858146905899048,0.9294702139192573,1.1651627184169238,-0.21742122069724068,0.1187065243721008,0.6474668737850008,1.0491866454015695,-0.22894928563182118,0.4451027810573578,0.8710926389668958,1.2422418684414773,-0.38243818685306397,0.0559793971478939,0.6088973182819195,1.2398493014234597,-0.48259403577309123,0.1071192100644111,0.8698451199834151,1.2260394675900177,-0.49890250051502755,0.0618682317435741,0.6161634760949047,1.3014218206484673,-0.5174789308449714,0.1010195389389991,0.8798735117325633,1.2148476923577156,-0.5230648541819727,0.0827059745788574,0.6433335799899159,1.2783499670950085,-0.5393662005643707,0.1359083652496338,0.8482561078091895,1.2078730067500598,-0.39884010695095334,0.0805812403559684,0.6375793336226475,1.2718546803054058,-0.4892016203578373,0.1263744235038757,0.802418057105187,1.3633438965659153,-0.015153828051022243,0.0012955430429428,0.6682597855199072,1.3454765731441543,0.028285504057053063,0.0014232906978577,0.7878425305569694,1.626791797087243,-0.18862082384461668,0.0036735534667968,0.6581675469286694,1.6027675970961173,-0.22401513147620897,0.0020196156110614,0.7924580467309851,1.90600027307137,-0.010277025847631793,0.0003543296770658,0.6563787113661304,1.885572877986908,-0.15427668051091775,0.0001955376937985,0.7616743549955494,1.9782460433727325,-0.027001204886264233,0.0003758835955522,0.6620870425237941,1.9361833063687472,-0.15024924904096662,0.000324597582221,0.755428777445916,1.970638115428804,-0.37312891451540303,0.0007799706654623,0.6824178682708578,1.9954731515286641,-0.5089484805839101,0.0006994443829171
2025-11-11T0767.901715,112,0.7911716863891708,0.8793293517886818,-0.5115533848305592,0.9696641564369202,0.7622786899048598,0.8336268341120626,-0.4946758882557348,0.9506157636642456,0.8011582308337091,0.8462082529698354,-0.5123758174575073,0.960930585861206,0.8028678684848092,0.8512073146930514,-0.5110374139129122,0.9558757543563844,0.7726717711312284,0.8507653382312954,-0.5086728144815705,0.9561710953712464,0.7677517908927812,0.8472857811577948,-0.5320505696107795,0.9643519520759584,0.7830471423512999,0.8388118380368039,-0.5219592834354321,0.963406503200531,0.7899377003981617,0.8462327151975748,-0.36615304872125337,0.9681663513183594,0.742430622116734,0.8944768122645997,-0.2939414603757989,0.9786720871925354,0.7935309518557849,0.8879638532022899,-0.4454634568336678,0.9766933917999268,0.750829091864339,0.9235508788652057,-0.4755240763868034,0.9817875623703004,0.8623243136051019,1.0022133677599152,-0.19168206641190072,0.9796790480613708,0.6908316371955496,1.005230689713285,-0.15341935814392718,0.9858883023262024,0.9247560425189861,1.1625536152510558,-0.18088748835083387,0.1250297427177429,0.6327871842066485,1.1259658311644258,-0.1301225670683232,0.4541186690330505,0.8865664288990615,1.2757301919686175,-0.41913629965351257,0.0522525943815708,0.6312849443864931,1.2430043661156245,-0.3559845527493032,0.1005425453186035,0.8698533321779178,1.3305759169509666,-0.4611567161938329,0.0578622482717037,0.5975907038365343,1.3077361270329713,-0.4061508159949655,0.0944249033927917,0.8663567227204882,1.2944494751236415,-0.5094889150105929,0.0777611881494522,0.6260617157764671,1.3033303258739857,-0.46349430953995374,0.1278547346591949,0.8280376288975951,1.2892425459523202,-0.46003244462129145,0.0757541880011558,0.6352171757809368,1.271117089487915,-0.36890153208759086,0.1192009374499321,0.8209932821900634,1.3325010389774878,-0.01596544091349767,0.0012696289923042,0.6738794041411478,1.3124450663415204,0.06072161153960887,0.0014348613331094,0.809528969137155,1.6307604102071511,-0.23692894886469892,0.0037974875885993,0.6711704026507821,1.6076704690053851,-0.25724809066605697,0.0020892391912639,0.7667880345283565,1.935379205416282,-0.12128213072333668,0.0003683509712573,0.6639073808380026,1.8936157712914936,-0.24035534015713267,0.00019380125741,0.7681510506429257,1.9512663175018712,-0.10549622089254937,0.000418245763285,0.6633615377952843,1.9501446517949292,-0.2877158794567816,0.0004116282798349,0.7697391326635566,1.9690592325992062,-0.4506045413901408,0.0007872533751651,0.6839709838234085,1.9218081251784063,-0.5714095508947189,0.0008061029366217
2025-11-11T0789.932378,113,0.7833994633896132,0.866963729550721,-0.4758972955397011,0.9720783829689026,0.7659507904928544,0.8256928495977136,-0.48498723502333146,0.9543784856796264,0.7927789192464366,0.8231663455087772,-0.44613203750885977,0.9641674160957336,0.7915232473055702,0.8271059482797163,-0.4893511512298055,0.9594534039497375,0.7608862162357051,0.8481285091367129,-0.4711882421212453,0.9592641592025756,0.7558920835246588,0.8323211032936334,-0.48228409822694884,0.9670209288597108,0.7236174361090006,0.8485113428521415,-0.46248372446328884,0.9659771919250488,0.7796491508659679,0.8326408434576554,-0.32717205814999334,0.9708713293075562,0.7154969645785744,0.8685283119412291,-0.251366750953544,0.9801850318908693,0.7524189615857221,0.879346457138505,-0.43269886764159865,0.9786417484283448,0.7614826473539393,0.8911405534029375,-0.4017816275337529,0.9831177592277528,0.8750139676591834,0.9735354705537421,-0.15478887238322403,0.9809696674346924,0.7091589207220012,0.9613210188718118,-0.12569833059470148,0.9868353009223938,0.890524265640257,1.150267770379414,-0.20675224038235251,0.1294430047273636,0.5999880288002237,1.1509816725418043,-0.07671783882223675,0.4562552571296692,0.8647580016217113,1.261025670860675,-0.441571431192357,0.0496137477457523,0.6185358713259288,1.2578625355425601,-0.29920282549415184,0.0963538959622383,0.8751009759490127,1.3236633394051958,-0.5417045354181029,0.0551258586347103,0.6123565381218737,1.3063563738099022,-0.35974711815000376,0.0903946533799171,0.871092106483887,1.3472629858983294,-0.5848931662243214,0.0747187286615371,0.6184404315886393,1.2951525337994136,-0.3946149377557538,0.1236499026417732,0.8823779980675387,1.3133356945285402,-0.4856569996053589,0.0727228000760078,0.6202927154783695,1.2932593380120978,-0.3274413097296647,0.1157313138246536,0.8193953694036296,1.3463564476561547,-0.020408551228401,0.0012380609987303,0.6864001162361913,1.2959308055789576,0.026067493786829217,0.0014431360177695,0.789523883549241,1.6376432374590353,-0.2495280748539312,0.0035863518714904,0.6993251231123763,1.6105979146210927,-0.2549666885734934,0.0019875178113579,0.7972410633649496,1.9312815718078797,-0.10204893985341915,0.0003433279925957,0.6709882463906995,1.899129086122806,-0.2417914282484645,0.0001793510164134,0.7971497597189842,1.9497649898741625,-0.15455090229503088,0.0003949411038774,0.6277682294681326,1.964354934055258,-0.23841352753236708,0.0003891104424837,0.7324487496787423,1.9944533975216785,-0.4643822494634577,0.0007342435419559,0.6816638733229041,1.939888442636203,-0.5624974081253044,0.0007805280038155
2025-11-11T0742.848565,114,0.7405486255443632,0.8388014146788717,-0.48278430859580207,0.9742903113365172,0.7581576883232704,0.8123686757843516,-0.4611535813661653,0.9578471779823304,0.7684961948426051,0.8188507102617985,-0.48729672102287136,0.9671903252601624,0.7471450055980425,0.8055191912522994,-0.4739634118666124,0.9627834558486938,0.754970144757821,0.8297337659306131,-0.45283823557122604,0.9620916843414308,0.7061021941173319,0.85586726556845,-0.4673704752411575,0.9695347547531128,0.7320387767480725,0.8446198671557876,-0.4511671863715847,0.9683632254600524,0.7798004455679362,0.8233631964924195,-0.3364367419386499,0.9733963012695312,0.7192518904578538,0.8765242106125004,-0.23321708096216254,0.9816070795059204,0.7507486386978066,0.8784896180501169,-0.40621386591169595,0.9804452061653136,0.7552171708936583,0.8860655868845171,-0.42153767620050403,0.984355330467224,0.8600039198259043,0.9653684894312002,-0.17347616183838888,0.9819360375404358,0.662248830092039,0.979226030541273,-0.07506022273771186,0.9876287579536438,0.8975753601686641,1.165193411498601,-0.25498715851823867,0.1430198401212692,0.5879501635560762,1.133640750665219,-0.01896007944389829,0.460515946149826,0.8906919733016128,1.3377089582423038,-0.4729146504759874,0.0476136058568954,0.6066654588915037,1.2654242862159444,-0.2562783745632831,0.0931851491332054,0.93552155049447,1.3408536778284739,-0.5711955153613723,0.0529667623341083,0.6073772355095782,1.3856527296693213,-0.3217708397048562,0.0872130244970321,0.8722089151965022,1.383170101583807,-0.6158272577603549,0.0723832622170448,0.6245144658444389,1.3268260851652736,-0.3633613920711209,0.1204595789313316,0.8803706458350872,1.3479387351187069,-0.5639563430445251,0.0704501494765281,0.645741219927357,1.2718795747150238,-0.27048241036987997,0.1132140532135963,0.8022105313540212,1.3476557417086141,-0.040313200542511564,0.0013594883494079,0.681485406060097,1.295858380744532,0.04939149144732102,0.0016551850130781,0.7731096875924632,1.6324645872230317,-0.29506136068339417,0.00387002248317,0.6573574353317412,1.6132574658651082,-0.28690217715675354,0.0021641864441335,0.7864115080933187,1.9172287106032628,-0.17195774180945966,0.0003551341069396,0.6886856293975774,1.9082871839257252,-0.30385708069754597,0.0001782461768016,0.8189367455524552,1.9379182887869508,-0.17151536488208502,0.0004305781039875,0.6592168427566429,1.9551833592335206,-0.3570246421551961,0.0004227838362567,0.7759688509944155,2.0025559453242896,-0.5550645061320068,0.0007568855653516,0.6620001785247474,1.963840732705828,-0.6548982501114505,0.0008990635978989
2025-11-11T0771.866303,115,0.7226581033335312,0.83409511869466,-0.47418392443587737,0.9762244820594788,0.7524653496310028,0.8233743103985879,-0.48099657628952636,0.9609885811805724,0.7702929291319286,0.8116712563786287,-0.48035651865955353,0.9698753952980042,0.764582434907399,0.846950816337907,-0.4984413671988921,0.9657676815986632,0.7348970309445904,0.8046913039515193,-0.4493292639611437,0.964727520942688,0.6957970836055125,0.8318048558543962,-0.42665723468962485,0.9718035459518432,0.7308429494710978,0.8276458791908763,-0.43568108257303134,0.9705846309661864,0.7702588805807221,0.8463301509974722,-0.31234420985821515,0.9756615161895752,0.7165236462006679,0.8486495315305184,-0.20587353520077406,0.982871949672699,0.7361152703624534,0.8717050344690953,-0.4017164844235294,0.9820650815963744,0.7271786459602682,0.8742670441527701,-0.3886059159754583,0.985498547554016,0.8483229811765838,0.9702799785438949,-0.1636287970435895,0.9829092025756836,0.6411943679602476,1.0026246664276544,-0.06347672797156395,0.988370954990387,0.906170248108357,1.1817660508883985,-0.2354799466655288,0.1441980302333831,0.6000518333402403,1.1613844840308152,-0.011379081088272805,0.4545620679855346,0.9071336170203944,1.287751499991109,-0.5206697146741205,0.0445203781127929,0.6286308188074041,1.3335263440948832,-0.22347737039287816,0.0884484946727752,0.903013561917846,1.3495834128966802,-0.6055559765372185,0.049602922052145,0.617059001957852,1.3276141543448097,-0.2922716154861953,0.0827283561229705,0.8872975899707602,1.3349354282587793,-0.6708083311792882,0.0680899024009704,0.6275187610982775,1.3709797662249914,-0.3255796182913862,0.1149438247084617,0.8768820509722861,1.3416976410414276,-0.5579355698146049,0.0662259012460708,0.6453288262425059,1.3289878979352974,-0.2741222569800828,0.1082261577248573,0.8040452018125742,1.3587471097008235,-0.028003052314428956,0.0014934660866856,0.6886184108735856,1.3301064106839267,0.06248675603704241,0.0018726026173681,0.7904515274015014,1.6544731457341397,-0.3007520025263273,0.0038192886859178,0.6713243450408725,1.599219315810509,-0.2925141172377703,0.0021374761126935,0.8369417465484899,1.907213783342572,-0.17531640906331927,0.0003417988773435,0.6925172769071105,1.9135213663553736,-0.2382300136764352,0.0001706907351035,0.8287161073972101,1.9785016201295613,-0.18583619407947247,0.0004170969477854,0.6514813554715478,1.9578152187123095,-0.2639629497426851,0.0004055969475302,0.7848365417790757,1.9876706585599662,-0.5473198530390065,0.000731265055947,0.6847249507091784,1.9539172332827295,-0.606770382972554,0.0009026431944221
2025-11-11T0767.911764,116,0.7173710898704161,0.8303353947337122,-0.46509120765635326,0.9776991605758668,0.6976172067083757,0.7831278338955957,-0.45305617717973773,0.9631605744361876,0.7262584276760737,0.8053884926010235,-0.4567548660262618,0.9719182252883912,0.7635713055309595,0.8013408401324648,-0.44202862576981405,0.9679807424545288,0.7161922666505732,0.824017578120625,-0.43798769253612113,0.966273307800293,0.6955265565039015,0.8031509190438219,-0.4344478179853943,0.9732467532157898,0.7258462924062464,0.8296370737263384,-0.44810736808237306,0.9718334078788756,0.7662551652991694,0.8167048271610008,-0.27529319486277937,0.9773975610733032,0.683330936301288,0.8330468767907329,-0.25094856902282275,0.9834532737731934,0.7613574721742096,0.8453670391621012,-0.40954500487587686,0.9832580089569092,0.7280218721571285,0.8602147013550466,-0.38032049119546224,0.9861092567443848,0.834783313749632,0.9740534441895675,-0.18704245594484512,0.9835522174835204,0.6443577113004407,0.9666345082944455,-0.10793908575921912,0.9886692762374878,0.9091522377333573,1.1661570383305364,-0.23253385652943412,0.1433436423540115,0.6096953280037175,1.1665572871236596,-0.02145585281321793,0.4296244978904724,0.9132614024278304,1.3002305150364217,-0.46654279978803426,0.0413620062172412,0.5978128301120222,1.3276447152527409,-0.2450833667616127,0.0815764442086219,0.951635711150044,1.3698850138252534,-0.5564044338516664,0.0462712049484252,0.5898078625945863,1.3566062952410616,-0.2857510989828744,0.076499193906784,0.898327488242176,1.3610517054575992,-0.598710380022498,0.0639662742614746,0.6128065394369365,1.3477206068899372,-0.34775378479493485,0.1068419143557548,0.893323843808795,1.3351546589044219,-0.5511501447312965,0.0620156526565551,0.6096334599237919,1.3505137622368801,-0.2617031743322995,0.1006662994623184,0.8082705981615541,1.3436883703030456,-0.046321075077788404,0.0014870084123685,0.6982306048981674,1.3441303446963018,0.04237251711489878,0.0019032835261896,0.8236631841876659,1.6234482464755604,-0.276954493702091,0.0038339081220328,0.6850697323240925,1.6111685101711897,-0.25266080898807947,0.0021453744266182,0.8253030715205475,1.926400346589899,-0.1336179153504589,0.0003370138874743,0.6792489608148458,1.8878286755332225,-0.2204051291914857,0.00016770856746,0.8244760682773346,1.947775373783037,-0.14962637213115806,0.0004095506446901,0.6948596711776902,1.9621349624862838,-0.20825077543773862,0.0003916430287063,0.790085527955772,1.996720487077653,-0.45977271836593564,0.0007160055683925,0.6988213994636147,1.9646065424041823,-0.5801220151282199,0.0008796857437118
2025-11-11T0720.974621,117,0.697976538703805,0.8477588785012549,-0.5008938501350536,0.9724821448326112,0.69676933147228,0.8242963192734077,-0.4922634483900363,0.9580438137054444,0.7141664439539174,0.8033233884930685,-0.4834602022162286,0.9679908752441406,0.7209233205067457,0.8307817939861535,-0.5051111885187386,0.9643585681915284,0.696504632657764,0.8253880529549977,-0.47048606935693726,0.9599848389625548,0.6959245383017013,0.7932024704079605,-0.4492043725912088,0.9673474431037904,0.6682282702942789,0.833261041828221,-0.4889662096660464,0.9656251668930054,0.7073212484033173,0.7897898037784056,-0.3278346643481568,0.9746020436286926,0.6925927043925252,0.8705895985278306,-0.25798589302544667,0.9760913252830504,0.7416891965762167,0.8557166677416488,-0.4158788445180991,0.9788984656333924,0.7246491120946466,0.8828713862278574,-0.3820890345090317,0.978625476360321,0.8475020202888979,0.9656894793469845,-0.20960048861383584,0.9776650071144104,0.6559197765539346,1.0038233481216583,-0.09151227156032413,0.9777399897575378,0.8971432726731539,1.1494338639961188,-0.2666450764134289,0.1467343866825103,0.6073195245364985,1.1522942289891458,-0.03819218831454318,0.3958573937416076,0.9309673107853137,1.2180562254215905,-0.49898912926020894,0.0401589274406433,0.5941971362046521,1.2567427333043566,-0.2971003717294838,0.0751895606517791,0.9687875377409677,1.2515135695819362,-0.5131243704008914,0.0459286421537399,0.5772571093600849,1.2695515659089585,-0.3506082565439394,0.0717106759548187,0.9224676653147539,1.2571541366359338,-0.5785730275800925,0.0636365935206413,0.5802517568330362,1.2605257940017986,-0.40867920660289125,0.1005265340209007,0.9408141263394212,1.2686032501167879,-0.5095079846179078,0.0608415193855762,0.6262824340593729,1.236262393444458,-0.3144656327213343,0.0947130769491195,0.8153575079108445,1.3434926877275528,-0.04069012098996766,0.0014976544771343,0.6798545509639164,1.3393589607710927,0.06775612021657577,0.0019586822018027,0.8499061985341277,1.5645393598313144,-0.24986646112660119,0.0044868444092571,0.6921513377384654,1.56903043634629,-0.19624232712035766,0.0027107389178127,0.8737010989356085,1.8683649110352483,-0.00047675603451285964,0.0004125598061364,0.7212057894021057,1.8582595956655137,-0.03360403750901207,0.000270595162874,0.8432922389985417,1.9317793106497252,0.015775208419150952,0.000433713721577,0.7494423502983021,1.8844272087074556,-0.02176342851970806,0.0005662011681124,0.8171143161267719,1.9340710866660535,-0.2500791841929825,0.000799780304078,0.7339001323433253,1.9370455783660154,-0.28494472424423195,0.0011740108020603
2025-11-11T0742.494487,118,0.6877936134126892,0.8329117851197371,-0.4522358648219958,0.9718648195266724,0.7229975740577351,0.8082498532544217,-0.4681600453312617,0.9570932984352112,0.7216246960367243,0.808248975990255,-0.5065584515864956,0.967398762702942,0.7177995577775974,0.7933785474864612,-0.46882010563875104,0.9638866186141968,0.6714406304233731,0.8323653759411995,-0.4570582840865373,0.9580522179603576,0.6939359845492687,0.8178652976457312,-0.45250888282090523,0.9657018184661864,0.6604255808392072,0.8268564000984994,-0.4809023007759299,0.9637871384620668,0.7327019041285434,0.8144646869215675,-0.346853815633686,0.9742799401283264,0.6744374564650962,0.851651158880753,-0.24750533638606417,0.97310209274292,0.7331343969124671,0.8611891292539481,-0.4321774601326524,0.9784384965896606,0.7149364709462999,0.8830538017321415,-0.3892075994737707,0.9769925475120544,0.8494436151604772,0.9674636872765986,-0.21836615423411657,0.9760115146636964,0.6521832505497389,0.9932920617608179,-0.11105995475326227,0.9741106033325196,0.9534856399217109,1.1428982921282547,-0.26088192749437245,0.1464652717113495,0.6005144767151707,1.1499056423571166,-0.08000533878044372,0.3649365901947021,0.9141183431290135,1.2686737346287276,-0.4936369956208667,0.0377359986305236,0.6132018595236313,1.251537578791848,-0.3600163117715884,0.0692175328731536,0.9336506686736877,1.2795191567010968,-0.5265830435329164,0.0438292510807514,0.6157153810895561,1.2858723054256411,-0.47496170752481937,0.0669050067663192,0.932104609268051,1.2539504323267705,-0.5910379712119302,0.0612099021673202,0.6067423123431527,1.268710205569766,-0.5011451435885843,0.0943647846579551,0.9075175695639895,1.277025054526897,-0.4845852486073152,0.0582352615892887,0.6154782608071555,1.2508475894186406,-0.3904338681211631,0.0888858959078788,0.8280024881150595,1.3223357377830025,-0.03780767123669395,0.0014435787452384,0.7141892993209791,1.3664982397178838,0.030763971363167213,0.0018909286009147,0.8154086366604919,1.5649229010174748,-0.22858523447751294,0.0045912531204521,0.7258967766541969,1.5612724676964893,-0.13725924694967417,0.002761757466942,0.865936226466664,1.8979195905491968,0.011438112295110896,0.0004079493519384,0.6964096034121651,1.8876060589480699,-0.0723882222800315,0.0002734630252234,0.8782015053386073,1.9329512158239548,0.025612179584612718,0.0004136735806241,0.7702509884438513,1.9246512643438578,-0.05504330298288817,0.0005589704960584,0.8453408094812844,1.9486277160363321,-0.26220203523332497,0.0007881680503487,0.7315131757097734,1.9156130852363311,-0.3656576793490076,0.0011710012331604
2025-11-11T0747.257327,119,0.6855452040060631,0.8047860382963484,-0.4877417968598465,0.9739237427711488,0.6780520150715927,0.7892092588976921,-0.5033602946148731,0.9597977995872498,0.7012138792528695,0.8088971392542781,-0.48680093302775357,0.9697009325027466,0.6910383721782868,0.8014407153916119,-0.45188490796591374,0.9662864208221436,0.6429106347637674,0.8497568773769028,-0.4536570746533291,0.9601864218711852,0.654598285664984,0.8035791889315633,-0.45655640553903415,0.9675989747047424,0.6731621470434312,0.8382663560327697,-0.4583260040913783,0.9653455018997192,0.6974869851753027,0.8285774519827943,-0.36330995059178833,0.9760907888412476,0.6635960027958293,0.8409290523672399,-0.2343899814779981,0.9741969704627992,0.7250993257157969,0.8539076954691316,-0.4361794756519346,0.980019509792328,0.6702521488944209,0.8795480805469222,-0.4182085517249229,0.9783043265342712,0.8451231198544003,0.9528730089651425,-0.21795734485333257,0.9776363372802734,0.6594809442457618,1.0061313708832962,-0.11546338910017943,0.974947988986969,0.9115456499863817,1.1546771907754447,-0.25519598477937944,0.1462557911872863,0.5849221348027303,1.202735052887092,-0.09172894270928394,0.3390338718891144,0.9115825543083962,1.2899842616957728,-0.4804092469027855,0.0363519005477428,0.6111691102257073,1.335989704988678,-0.3350375900014196,0.0636510476469993,0.9358175937093942,1.329152025034196,-0.5428855117348211,0.0422762222588062,0.5739253947156986,1.3967118621545878,-0.40194464822735143,0.0618031732738018,0.9204779070999431,1.3587743471116267,-0.5844525576665465,0.0599329695105552,0.6238832408494938,1.3968870940036886,-0.4464647594640977,0.0876714810729026,0.9060801675654909,1.3361034631325537,-0.5086437340726444,0.056808952242136,0.6270620033063915,1.3528216439252516,-0.40504609369048017,0.0825971513986587,0.8000153779783625,1.3584372102234814,-0.06374241693218072,0.0013356634881347,0.6794152744737609,1.350780273681424,0.07321453185413405,0.0017454855842515,0.8274739489594092,1.6390449805466798,-0.15490512295802983,0.0042091086506843,0.6904719882686576,1.6186353299020477,-0.10203836825634402,0.0025300260167568,0.8592122877223173,1.8894094817573996,0.06935742266719314,0.0003746727306861,0.7173624319935884,1.8853831840313986,0.03923947556721312,0.0002492368221282,0.8565432647639672,1.956345678193357,0.05137389450554661,0.0003785401640925,0.7303394842608972,1.9696713967929047,0.06970061466476656,0.000509686244186,0.8337267080387358,1.9699657629293204,-0.272451269775542,0.000724010169506,0.724450868404936,1.9982774215408015,-0.27732497467409395,0.0010739765129983
2025-11-11T0790.970402,120,0.6712246624844912,0.8440417712038468,-0.4642574655170572,0.9762173891067504,0.6914774345802016,0.8076249749846872,-0.47815367547632515,0.9631739258766174,0.6857906043173254,0.7797003632358699,-0.4885591643441838,0.9722810387611388,0.685406145088937,0.8143243153716899,-0.4643399879786911,0.9691181182861328,0.6750433500729976,0.8118548285468489,-0.4472176585608168,0.9632810950279236,0.655882375731533,0.8503106261469076,-0.45056809465650893,0.9701140522956848,0.6507347356935963,0.8223754063642714,-0.4377284380126369,0.9678664803504944,0.6793202959743352,0.8160394213206473,-0.33566928496179405,0.9780431389808656,0.6467591136523663,0.8493388460704319,-0.2011442042834838,0.9759611487388612,0.7141300188441629,0.8655588538390857,-0.4347845407018395,0.9817564487457277,0.6711748147676772,0.8785219025762493,-0.4057184458347661,0.979967474937439,0.8731387051526943,0.9863372753533671,-0.1904517473600304,0.9791760444641112,0.6248213018678,1.0122915590341381,-0.14165096941510102,0.9759262204170228,0.9241064851263261,1.1219682226458918,-0.27242773928734154,0.1467364281415939,0.6178316483315897,1.2185694794200892,-0.09193128051727413,0.3140273094177246,0.9308769268510337,1.3076072848470173,-0.49174513410114773,0.0355264097452163,0.6102273061460999,1.3475777635920354,-0.3616306322795115,0.0590536631643772,0.9483506275505792,1.3361989130583922,-0.5518221623114659,0.0417588762938976,0.6025488910361515,1.3935874591127455,-0.41834528783659547,0.0579869076609611,0.9271564167557881,1.3357954650709158,-0.5675968180450894,0.0602951273322105,0.6202686448837512,1.3933380015872165,-0.4452290564252949,0.082888051867485,0.9428756295942721,1.324882590707149,-0.4950082357139285,0.0571925714612007,0.6560171092138845,1.377997283286993,-0.36938368748900535,0.0784342437982559,0.8021411239113346,1.3505289199584207,-0.02986612403427239,0.0012197503820061,0.669519774931374,1.3720788623283942,0.08102419438818663,0.0015932583482936,0.8420761278380064,1.6242830902835308,-0.07090885056849097,0.0038113142363727,0.7068180989334827,1.6412993515422982,0.03710460038323576,0.0022972542792558,0.8356567561692825,1.9083608273733097,0.2687599472510222,0.0003420915163587,0.7206935267881357,1.892309884127231,0.3278004135035767,0.0002264112263219,0.8870756889857484,1.96370218430398,0.2998879629257521,0.0003436423430684,0.7089874084238572,1.966920135526821,0.3530508554258695,0.000463620875962,0.8185306413017711,1.9701951998260918,-0.009655336290866345,0.0006591295241378,0.7193639890180993,1.9911749915344055,0.006394405982528554,0.0009780372492969
2025-11-11T0710.420929,121,0.6778925819929665,0.8515214166412084,-0.4801368608190803,0.9779248833656312,0.6756877025841426,0.8144148523650269,-0.45841526729327514,0.9654901027679444,0.6686464888529136,0.7742108142410005,-0.4860920358200743,0.9741581082344056,0.6923250381643983,0.7890594023452602,-0.4740719388217173,0.9710971117019652,0.6417915309458342,0.7994345508769404,-0.44623698628561265,0.9650385975837708,0.631003393195193,0.8046062575896386,-0.42828274366229346,0.9716089963912964,0.6462314756060141,0.8425448465758477,-0.45024334066217114,0.9690064191818236,0.7003956883285276,0.8151443095354725,-0.38997039386961413,0.9794402718544006,0.630220410548108,0.8214134488116677,-0.23262422189835388,0.9765899777412416,0.6771390548526985,0.8646331788906034,-0.4260210329424845,0.9830498695373536,0.6805044268140223,0.8629873398214223,-0.3968203948691059,0.9808549880981444,0.8616578949050762,0.9575001024524201,-0.22617978472952652,0.9804448485374452,0.6170526941906737,0.9867479611022442,-0.11915112125532268,0.9759469032287598,0.9030468990335242,1.0634678945583647,-0.2688185481278516,0.1516807824373245,0.5987562276928738,1.2036249888406414,-0.08152066538972443,0.2892650663852691,0.955142810001448,1.3059081693020191,-0.43688254979730645,0.0357190705835819,0.5807504025822473,1.3454086850793394,-0.36132342499285913,0.0544521138072013,0.9496429693564122,1.3236393527392547,-0.5147010356255144,0.0421585999429225,0.6086622434151332,1.4026917026115187,-0.4182138969332819,0.0539425499737262,0.9293330646589022,1.3221306726300712,-0.5862918108634249,0.0619692653417587,0.6088817466878356,1.3976961322018573,-0.4512052694067262,0.0776048451662063,0.9333631590933632,1.3180471363152717,-0.4811131625276459,0.0584931820631027,0.6241707940929163,1.3526460969208096,-0.37805401514143255,0.0736124739050865,0.8041728585254291,1.3411205304882658,-0.03759180219889614,0.0011221659369766,0.6920966280719228,1.347533214478287,0.07985039814765896,0.0014630584046244,0.8442010253723866,1.597466374376385,-0.1024030577404051,0.003462855471298,0.7088129629108609,1.6468042973088644,0.02340688730360792,0.0020904573611915,0.8551891111138609,1.9131222880971117,0.20301082117563776,0.0003136339364573,0.7221862514525785,1.9243640824335964,0.20872714319089183,0.0002065884618787,0.8684565791611227,1.94838222974043,0.21716287338682522,0.0003131180128548,0.719849404790601,1.9687828323585626,0.2134795347294355,0.0004233826475683,0.8413271202247193,1.9931094238985627,-0.11912319194155421,0.0006047173519618,0.7231421984256005,2.001044336421269,-0.08334487414522523,0.0008960602572187
2025-11-11T0747.711811,122,0.639953033130486,0.8405957519614723,-0.4774473173106355,0.9799340963363647,0.6702352908077093,0.7838086973276887,-0.47815313853982994,0.9685817360877992,0.6600157331772236,0.8109811670983547,-0.4369116288097177,0.9764904975891112,0.6966809896638047,0.7726767783839738,-0.4507844139679136,0.9736892580986024,0.6763208548245577,0.8265183365637712,-0.4556356620751603,0.9680101275444032,0.6503374040662578,0.8295631636390947,-0.4271361356312085,0.9740102887153624,0.6433546023628054,0.8149518542627421,-0.4310885461139209,0.9715390801429749,0.6883086030223918,0.813091544551537,-0.3643052791775531,0.9812985062599182,0.6390934397116131,0.8265041431392441,-0.21196314895935908,0.9784126877784728,0.706883761580813,0.833381745733589,-0.43146870751492605,0.984610378742218,0.6815571060744019,0.8601433149249906,-0.3785113657146059,0.9824556708335876,0.8234867931988209,0.9525691677520471,-0.22629025108331124,0.98196542263031,0.6253692493908204,1.0186646571755709,-0.09012526410122518,0.9772713780403136,0.8764571542941968,1.0997935470161382,-0.29314690188802284,0.1567882001399994,0.6070343809855496,1.20223004571443,-0.09003003533266428,0.269825667142868,0.9212559935692632,1.3034784372027293,-0.469880200533657,0.0354398638010025,0.6129346970186432,1.3528365005157457,-0.36070652591129365,0.0509509071707725,0.9552594107209064,1.343124354969004,-0.5337973258833925,0.0418973825871944,0.6122879635965389,1.3963886680568023,-0.4620378034013601,0.0510822832584381,0.9394182463648517,1.3764348940212798,-0.5657086918302415,0.0625497922301292,0.6025403695338609,1.4007783931353013,-0.4959320501114288,0.0742057934403419,0.911761199976939,1.3257006250625902,-0.5057367097494616,0.058876983821392,0.5901559836761119,1.3835736673991013,-0.4164615712835675,0.0705373585224151,0.8151263693534622,1.3354136052938368,-0.08116013695581684,0.001046780613251,0.6962134712896305,1.3305230289754946,0.06358948014125676,0.0013636157382279,0.8277985043218767,1.6051569862131485,-0.10266386054655874,0.0031534512527287,0.7204108162383751,1.6342896603193464,0.01959130418547146,0.0019098269985988,0.8520748797922703,1.901234675849922,0.1516606287830558,0.0002886758593376,0.7116295773770953,1.9306680732354307,0.2058131948299307,0.0001887841644929,0.8778595281771565,1.9132920804222704,0.20957141585827022,0.0002859605883713,0.7259615857808294,1.9560972573178546,0.22532319583284102,0.0003880135773215,0.8445439866795362,1.964969863695498,-0.1237844654694559,0.0005540848360396,0.7257372480930133,1.9906247511053474,-0.12865924007332877,0.0008226397330872
2025-11-11T0779.351739,123,0.6673259370112408,0.8251482406017339,-0.41211896779795537,0.9815398454666138,0.6639965066715613,0.8192554391220438,-0.44738316941485656,0.9709274768829346,0.6911483856754378,0.7950026360590879,-0.43047326666799474,0.9782852530479432,0.6591413929945716,0.7953989287259441,-0.44366938512711634,0.9756425023078918,0.6616719588344753,0.8175010968409252,-0.42561661403205253,0.9700234532356262,0.6510275043683498,0.8295470759812683,-0.39678787396276827,0.9756394028663636,0.6216634658756988,0.8615284024280845,-0.43607287668853656,0.9731013178825378,0.6952407662501111,0.8175626293999562,-0.3450859457140116,0.9826876521110536,0.6357055395875669,0.8579444050890848,-0.20917947830038927,0.979521095752716,0.6842790085832505,0.8523273394484344,-0.41907205127580516,0.985859751701355,0.6530001226847922,0.8304251567801826,-0.3499563935072778,0.9835467338562012,0.833586996830983,0.9491649269657526,-0.2343326273482936,0.9831278324127196,0.6204452064380767,0.9801040862181642,-0.11153825119254782,0.977924644947052,0.8972212037147368,1.1004317465965414,-0.2758460892843674,0.1564760208129882,0.5942845814317425,1.2075831212392383,-0.07487715851088975,0.2504132986068725,0.9256825519873274,1.2980432685237318,-0.5057344915966093,0.0340114794671535,0.5983642942742953,1.354666425603273,-0.3469925067783318,0.0469461940228939,0.9363156495831005,1.3692243593318034,-0.5088513518199704,0.0403293333947658,0.6146755282820997,1.3892949823416554,-0.41259826692540985,0.0473446659743785,0.9025562174392063,1.360749043516884,-0.567672319978555,0.060788843780756,0.6375761662337095,1.4075752096777976,-0.4444462128542113,0.0691517814993858,0.8824714877030885,1.347053739415507,-0.5094429653554224,0.0572402626276016,0.6269740547095252,1.3674633156132237,-0.37828319569207736,0.066007949411869,0.8295947780939532,1.3631011192471718,-0.08154958846247125,0.0009664990939199,0.7008396467393353,1.3659116722811435,0.04776922396606994,0.0012578720925375,0.8493489659259095,1.5987557482907495,-0.05633794320468212,0.0028594124596565,0.701731081356795,1.640988710976971,0.05958215301718621,0.0017374266171827,0.814280682340222,1.8891699510312912,0.29376389763012767,0.0002641578612383,0.7244637730957179,1.9073166269961264,0.3261774748102413,0.0001723304740153,0.8595650440839904,1.8996969869697475,0.3228528099082072,0.0002598095743451,0.7362296195753435,1.9755822638993359,0.37253065238404437,0.0003549835528247,0.8393942712190766,1.9841864990414078,-0.005234068277517035,0.000506357231643,0.7385513656135884,1.9653946805091012,0.01924971876656665,0.0007523918757215
2025-11-11T0732.984176,124,0.6351930328289734,0.8310353386989867,-0.40815392851558796,0.982574224472046,0.6676752765200139,0.8062325886019959,-0.4261063457172584,0.9722657799720764,0.6653667323623327,0.7883626038741629,-0.4342897540563949,0.9793580174446106,0.645393935874531,0.801397002340593,-0.43797426318200305,0.9767037034034728,0.6340911015760303,0.8174376193869556,-0.39057252152905897,0.9707003831863404,0.627739458078279,0.8517917133184171,-0.4157733918742312,0.9762349128723145,0.6390772697657457,0.8524249850074693,-0.40947385616855286,0.9734414219856262,0.6496092619277115,0.7651300406220465,-0.3465955261626402,0.9834792017936708,0.6616755415004427,0.8519286327562938,-0.16666514213715264,0.9797601103782654,0.6712747250555507,0.8415256216399103,-0.38808942165975424,0.9866762161254884,0.6543311357313045,0.8765909069713181,-0.34540558940276495,0.9838772416114808,0.8700103396885115,0.9661615839445457,-0.2944413683516603,0.9838477969169616,0.6295266593647045,0.9721223005243296,-0.12383943300712467,0.9781811237335204,0.8885934991181478,1.1097701711368815,-0.2634472317588783,0.1517635881900787,0.5877461308398723,1.2124583823800048,-0.08748477460816494,0.2338954955339431,0.8875917239929988,1.3088708460953677,-0.43750526780184906,0.0321648158133029,0.6037004317934768,1.3282136228278603,-0.330833051874367,0.0434303171932697,0.9074133417799531,1.3515552655189549,-0.5014449509323156,0.0382405295968055,0.6166049434158808,1.3971330299077411,-0.35436904360248583,0.0440274290740489,0.8931112875513123,1.3674930660551732,-0.5355557884639963,0.058057464659214,0.6438316472994999,1.4327673634228646,-0.4591588075091012,0.0647011920809745,0.872041643217723,1.334434878051415,-0.47447712026268224,0.05464618653059,0.6484661184559527,1.3754353358166957,-0.3341998667000506,0.0619471371173858,0.8164371457927798,1.339641985482697,-0.08166750304367829,0.0008875530329532,0.6836292195683998,1.3650677530534139,0.04631619085083387,0.0011563445441424,0.8206798606448115,1.630414783800092,-0.06300462542788413,0.0025908590760082,0.7285651762741419,1.6357418200638902,0.07722930901827277,0.0015819465043023,0.8286938678382729,1.88899032571687,0.29933018806153877,0.000240937777562,0.7074115162871991,1.890386012895897,0.34622722839482034,0.0001574850175529,0.86732422741031,1.9569922085131977,0.30995872730628865,0.0002357627090532,0.7165266987117365,1.9667233795155719,0.3559306678195149,0.0003257006173953,0.8311611243913721,1.9922247399858626,-0.010207064337820891,0.0004630827461369,0.7165358141883486,1.9907698152289874,0.023188901666751673,0.000690775050316
2025-11-11T0723.729675,125,0.6509866003138643,0.8372321373870839,-0.3711274700376076,0.9838992953300476,0.6217918087512749,0.818212522703758,-0.3824975386439204,0.974301278591156,0.6497150388084864,0.8258660244213727,-0.39462757106288304,0.9808976054191588,0.638459689358992,0.7851222790874468,-0.3780934839304308,0.97842937707901,0.6373968538312583,0.8286809602932542,-0.3467064451329526,0.9724380373954772,0.620727106203577,0.8291703802818788,-0.3486580458799738,0.9775944948196412,0.6021284689500418,0.8175146346809931,-0.36224132008527804,0.97483229637146,0.6749299644536706,0.8244569142834413,-0.3476004200320694,0.9847548604011536,0.6166023700241058,0.8264210339254757,-0.153244753948799,0.980848491191864,0.6621475683504601,0.854214982286608,-0.336826079356161,0.9877168536186218,0.6430150339015838,0.8737077539179637,-0.2954231450508254,0.9847248792648317,0.8342389275524013,0.9482738272472739,-0.24640792466281072,0.9850506782531738,0.608090587061052,1.026977955374214,-0.09179799041416493,0.9786221385002136,0.895736420484716,1.107180045384726,-0.280093738551255,0.1516980677843094,0.6269423174569325,1.2189164655954916,-0.05893905465000668,0.2185693085193634,0.8746414819154397,1.3190399954270657,-0.42801935995163787,0.0316280238330364,0.6149585968321456,1.3687442246250607,-0.27256303443624597,0.0399219468235969,0.8883838130201356,1.3704362792398839,-0.4839673192404115,0.0372897647321224,0.5998257261444166,1.4070022489243115,-0.32099371097494606,0.0405858531594276,0.8811452603873312,1.3659747133512266,-0.502877003085663,0.0572137758135795,0.6301077207233013,1.3792475765399164,-0.36773187826031406,0.060004636645317,0.8627116265828798,1.3298113301546184,-0.41934028256181743,0.0537229552865028,0.6256224882752383,1.3883524296424519,-0.2961173150126547,0.0577137507498264,0.8134734709902506,1.339257217737789,-0.07322721020656042,0.000814248342067,0.6849375951800317,1.3595918409912697,0.06476493096493964,0.001059515052475,0.8190482022311908,1.6541484970627842,-0.04447071889479613,0.0023407361004501,0.6775399689385577,1.65159245766628,0.12609255655221868,0.001432760618627,0.8586273394700517,1.8887764966022431,0.3474236646202616,0.0002184011245844,0.7256168291114028,1.8947851555869415,0.42385545595787744,0.0001425713853677,0.8436587403775849,1.9559589984007033,0.3429445385757358,0.0002132118534063,0.7108101472864966,1.970050545239237,0.45700131541306915,0.000296080193948,0.8313881849627961,2.0083495032570573,0.043250335855153775,0.0004201499396003,0.7294414993533913,2.021539115057534,0.1510032021667185,0.0006285181152634
2025-11-11T0755.943395,126,0.5998921276530614,0.8293013142872351,-0.3450248861892462,0.9848509430885316,0.6511823544254565,0.8032980113104258,-0.3752605718088128,0.9757763743400574,0.6345133055305013,0.806540987239933,-0.38630509441217065,0.9820215106010436,0.6284415353269676,0.8034506773007002,-0.38445443398681795,0.9797055125236512,0.5905115345879657,0.8245536090739333,-0.3438735612522519,0.9733227491378784,0.5833533305036782,0.8469122176720089,-0.3423157626534857,0.978163719177246,0.6016024768344822,0.8250681431684777,-0.32036462815162714,0.9753269553184508,0.6615122198214205,0.8276527870868677,-0.3474735402910428,0.9857934713363647,0.5868353744062514,0.8535464803944146,-0.11914570016615109,0.9813120365142822,0.6645531098169608,0.8951020973812593,-0.3345464978887283,0.9885271191596984,0.6194516287414479,0.8709507767687944,-0.27722770762815724,0.9850760102272034,0.8171189199135376,0.9618739060896164,-0.28539216444927756,0.986112415790558,0.613821460038311,1.0165225394024306,-0.058969683782155946,0.9785200953483582,0.9051893100741069,1.1126797008790252,-0.30721015717594735,0.1558557897806167,0.6030348026307004,1.2008582301721302,-0.03844822559580039,0.2040754705667495,0.8927467463785582,1.2987404241086877,-0.39319324073787676,0.0311528164893388,0.6210099990890243,1.3241354236236313,-0.26072843502571974,0.036677423864603,0.8950752533488601,1.351154065138043,-0.4968903779001775,0.0364011041820049,0.6383811585083115,1.4195844490478118,-0.2885273048125488,0.0374011173844337,0.892046856775037,1.3539197551628013,-0.48538367683939393,0.0563840046525001,0.6303075730351826,1.3888211164816526,-0.3185168874709651,0.055600207298994,0.8621858662722646,1.3649932954545825,-0.4274225527082764,0.0526011995971202,0.6039883147261839,1.3917546788471504,-0.2454609126572952,0.05365876480937,0.8142831935349297,1.3345350926451047,-0.05183309288821905,0.0007437645108439,0.6789649103888166,1.3667092284710434,0.08845475040202433,0.0009673035820014,0.825196359823128,1.6334994953122641,-0.03720832595008705,0.0021162987686693,0.6847099913654072,1.6780893798249887,0.12664728661041766,0.0013009811518713,0.835868715186087,1.8862147308524373,0.30684698990181764,0.0001982459216378,0.7077350494248125,1.9029706821346215,0.37354639032694764,0.0001295239489991,0.8546993609906561,1.9189364941564786,0.3105969966056479,0.0001929588470375,0.7027833774082318,1.9782331157689195,0.40837690928813547,0.0002706203085836,0.8428950869028772,1.9834083413167518,0.001063625764662986,0.000381630990887,0.7042283468998944,1.9878227333127652,0.07074937505532977,0.0005737763713113
2025-11-11T0781.297821,127,0.5992501360108924,0.8568335957748998,-0.3367577119524148,0.9856338500976562,0.6294551340690849,0.8270235643406598,-0.34995113890513885,0.9770737886428832,0.605244487702888,0.8339084658503093,-0.35444584175243715,0.9830325841903688,0.6208139959345429,0.812834156290811,-0.35645388264909234,0.9808943867683412,0.5935925840530725,0.8288002334710907,-0.30874480287825473,0.9739076495170592,0.5810382034869178,0.8209987191324456,-0.31640541424878493,0.978419303894043,0.6002004388505631,0.8575182921564786,-0.2821655340464171,0.9755544662475586,0.6467623397188367,0.7989948590009666,-0.3446473421375104,0.9867748022079468,0.6167188997070734,0.8641626760249691,-0.07328673792478366,0.9816122055053712,0.6145773392772949,0.8450600741420908,-0.3006964647112633,0.9892045259475708,0.6250992641449195,0.8649699041635176,-0.27019768476759426,0.98515385389328,0.8271682904206495,0.9664222392140973,-0.2958590562122356,0.9871184825897216,0.6153041460880201,1.0006313190480802,0.02956356134717296,0.977601170539856,0.8931752029709704,1.092957018172859,-0.3452751486532274,0.1639085114002227,0.6055684042109245,1.216396133333284,0.0980610208838849,0.1895019114017486,0.8601384884649693,1.280031412252809,-0.45443127809319045,0.0305475145578384,0.6509551360268531,1.3415337322995586,-0.047330169440143455,0.0336709395051002,0.8924252593893132,1.374447386874889,-0.5054781137132273,0.0355403758585453,0.6111234478787828,1.3967875879767826,-0.11812882041134333,0.0344802737236022,0.8618321656594231,1.3735529515664153,-0.5032606285871092,0.0556782595813274,0.606450416556013,1.3756078311961812,-0.16678295153594255,0.0516208596527576,0.8711782990796949,1.3350858976824347,-0.4581341008095255,0.0513137057423591,0.614895139982191,1.3794337132392716,-0.11557311248467829,0.0499574579298496,0.8024700706310466,1.3080894881888867,-0.09427702128470582,0.0006775179062969,0.6572400980279761,1.34297637574988,0.09939079426507794,0.0008801787043921,0.8386836189990053,1.6613790573194824,-0.07118538567408482,0.0019146100385114,0.6867995882627843,1.6336403727771087,0.11550086022365907,0.0011834127362817,0.8449243762483128,1.8979920611528256,0.26236911198626545,0.0001796131400624,0.7171013964040938,1.9044354224585522,0.38887238420984815,0.0001176190271507,0.859845615601514,1.977651796726105,0.28067057178326066,0.000174397995579,0.7211622352717079,1.978254536486849,0.37043284846939967,0.0002470200706738,0.842194799257265,2.018047335997547,-0.00309039678275589,0.000346471730154,0.7217503991542453,2.0397582158078476,0.11718473786211034,0.0005235141143202
2025-11-11T0727.159993,128,0.5548998889314769,0.8915250547449799,-0.27204879036945384,0.986867129802704,0.5758515398521753,0.8472239717578722,-0.2938757582035917,0.979083776473999,0.609382733486584,0.8418401255724196,-0.30647811168056366,0.9844943881034852,0.5743149262822355,0.8117723465686055,-0.2995003073581865,0.9825875163078308,0.5574001010249732,0.8692000755824879,-0.24728473423699562,0.9759924411773682,0.5709477201919697,0.8234191292702273,-0.21732953058378754,0.980021357536316,0.5651868242279403,0.8569851616056947,-0.2467594490574776,0.9774525761604308,0.6149289990815743,0.8326365724979727,-0.3564474370484468,0.9879862070083618,0.5951364826850855,0.8750735378130681,-0.009836761624420449,0.9830082654953004,0.612768343517614,0.8851889707219366,-0.26255951394272437,0.9901517033576964,0.5710918980208299,0.8654080097685193,-0.1895076980846381,0.9862372279167176,0.8195474848268626,0.9141610898519104,-0.36979967049355145,0.9882656335830688,0.6281034621598084,0.9827055001262432,0.03672955782545962,0.978496789932251,0.9001085133978556,1.116852474268085,-0.4292915289984062,0.1869784295558929,0.5920437074882402,1.2026880501068056,0.21619135599780445,0.178025484085083,0.8609146500237037,1.3284569055116673,-0.4718915005297789,0.0311434660106897,0.6086414531594619,1.341089728855775,0.020193098944256322,0.0309912636876106,0.8902524728622951,1.3867524268775717,-0.5177616231726139,0.0359458364546299,0.626670480888331,1.3923794391165634,0.010693634242231777,0.0319490209221839,0.8866811671946597,1.3844632199642226,-0.541707957115152,0.056963812559843,0.6197641190441429,1.3569978203836555,-0.0389763781416501,0.0482399500906467,0.8388169829642071,1.3779820915654806,-0.48287542479834805,0.0518144890666008,0.6401953053426097,1.3910395993281244,0.030326135660321045,0.0468793772161006,0.8004152916906366,1.327438372175507,-0.1238963832993451,0.0006176466122269,0.6712926451445717,1.376548441895089,0.1465653606386791,0.0008011597092263,0.7871875361742027,1.6719390613192797,-0.056852074969630115,0.0017314122524112,0.6863593949675434,1.6928997121854001,0.2005616451862649,0.0010766711784526,0.8489205285235337,1.9222696782422133,0.23767234393013553,0.0001624639990041,0.7212778139854644,1.9099698329625836,0.4604400529351233,0.0001064998796209,0.8371624419188631,1.9538914626794701,0.2789847886019272,0.0001574690104462,0.7191077997225548,1.976955063927954,0.4781435940739526,0.0002254429127788,0.7942105309081102,2.0198596242170876,-0.030380858054482297,0.0003137102175969,0.6955752298903128,2.0211535789187107,0.18878186847087453,0.0004757585702463
2025-11-11T0792.705898,129,0.5797045987990712,0.8615601977283285,-0.22189569742227636,0.9878708720207214,0.5573085275083304,0.8344982426630063,-0.27899084245196487,0.9808149337768556,0.5617068231783601,0.8577697422090168,-0.2309297849497713,0.9857339859008788,0.581282957781437,0.8124257542591108,-0.25202915710741297,0.9840700030326844,0.5403010502006551,0.8510984011492763,-0.20757445214032635,0.9777323007583618,0.5758277625393088,0.8551453670330791,-0.19006871711136594,0.9812700152397156,0.5456663032932538,0.8663328425062014,-0.17609484387151977,0.9789994359016418,0.5811668702651779,0.8305877903442382,-0.34180368322286675,0.98905748128891,0.5683055292326351,0.8468715923968991,-0.010650946406327836,0.9840508103370668,0.6078591014344762,0.8870772780185376,-0.25029270908744344,0.990927755832672,0.5883374770556907,0.8921972805701971,-0.140871102038818,0.9869121313095092,0.7798740150721127,0.9106201688885344,-0.3773392892124175,0.9893115162849426,0.6025036889517689,0.9950924462798104,0.11553924255464271,0.9784361720085144,0.8634051137120894,1.1145793918515203,-0.4729192863277783,0.2107992470264434,0.6245675743829598,1.2007053828105538,0.23264598671232495,0.1648114919662475,0.8653154353389718,1.3132086451000826,-0.49290724343751535,0.0333074294030666,0.6090911393548337,1.370290476184493,0.0490417269277113,0.0284799840301275,0.9126609663294515,1.369973472298893,-0.567842488452703,0.0382070764899253,0.6060023330312712,1.3671804969485257,0.011409838759262759,0.0296823047101497,0.8483612574232198,1.3922246307674075,-0.5534368333627997,0.061129380017519,0.6054445503805416,1.3864303690683946,-0.01306762128944578,0.0452353954315185,0.8323428830628791,1.374457246214412,-0.5009703804973494,0.054856963455677,0.5728295955807559,1.3579140391506876,0.012922628691938446,0.0441655479371547,0.7872230270713295,1.3354749768142644,-0.138296597561683,0.0005636261194013,0.6516850530967099,1.3434881738867477,0.1490339762471151,0.0007281751022674,0.7852049246275279,1.6712221277988193,-0.12032709678370876,0.0015668248524889,0.7131401645049794,1.640715295213905,0.22674070488400802,0.0009789208415895,0.8385269706037038,1.9358199143205381,0.20469689956870535,0.0001470654824515,0.6722312085254557,1.9227567485459618,0.42515089941382944,9.637897892389446e-05,0.8376520329623302,1.966633382376791,0.2645179204761236,0.0001422745699528,0.7068335614884913,1.9691065982642897,0.4642642437581401,0.0002058911049971,0.7671103573842647,2.0186436581169356,-0.04096930428802052,0.0002840749802999,0.6902476809604234,2.0260378667682075,0.18695300231259934,0.0004326560301706
2025-11-11T0793.294403,130,0.5271028585549302,0.9029756708266241,-0.23349076445309572,0.9887080192565918,0.5279265611575139,0.8456743432401206,-0.2816952156149962,0.9823843836784364,0.529628168706906,0.8838373581453148,-0.32029598374022406,0.9868784546852112,0.5435381167820011,0.8377242510949653,-0.2672709141368637,0.9854241013526917,0.516661550542699,0.8869890306420126,-0.21695252913769406,0.979249894618988,0.5396058748768678,0.8585013658920069,-0.22512323926425531,0.9822552800178528,0.5542303318868105,0.8619491106544488,-0.19016674581408263,0.9801106452941896,0.5600667931652592,0.8400822201579247,-0.33788876930477957,0.9900528788566588,0.5644566457155129,0.8065403349903566,-0.009461638088937019,0.984778881072998,0.5905563539680886,0.9200938250491707,-0.26688459897526384,0.9916245937347412,0.5808932960542419,0.9113036041197339,-0.16035378711579343,0.9873414635658264,0.7650408922862366,0.915542148725567,-0.4088088566462189,0.990283727645874,0.6202242444798064,0.9740795526700785,0.11403741565527932,0.9771674275398254,0.8616234914940142,1.1322655181704164,-0.5198385466981441,0.2392168641090393,0.5869127512984604,1.1470058695000689,0.23911799825113797,0.1519149243831634,0.8395046163686661,1.3334902753456435,-0.4576173198381891,0.0429801531136035,0.5519811190973376,1.1612900088769404,0.19098423745478812,0.0285928212106227,0.8634510731670314,1.3922869347925175,-0.499620841701779,0.0508461445569992,0.5749322550721252,1.118252548952051,0.2082250326765805,0.0311117693781852,0.8268078227424233,1.3557159634424543,-0.47426924952073535,0.0808808133006095,0.5721158965741076,1.149947989372659,0.21926304975574196,0.0479781553149223,0.8198709816963451,1.3572584704252164,-0.4695223125779713,0.0708175599575042,0.5663488284657919,1.1392885691153352,0.1909718575416445,0.0472887158393859,0.7808292262063657,1.3544778626696525,-0.18158844150487674,0.000521752401255,0.630450423353171,1.349510135595367,0.16649661750747827,0.0006642747321166,0.7813265614751121,1.684811256909915,-0.15544292173951996,0.0014262497425079,0.6617190791560488,1.66223691778404,0.23208098039529715,0.0009003513259813,0.7636949062548936,1.9164233235696644,0.20568666252733278,0.0001330132363364,0.6564493983575539,1.9136990033167174,0.45030788005062766,8.71578959049657e-05,0.8230229494278171,1.979670300572588,0.2180237168350534,0.0001284642057726,0.7049725603506823,1.9586039913149202,0.4609015226363337,0.0001862725039245,0.7600074517886087,2.0446952719796627,-0.06484742042923813,0.0002572177909314,0.6713864111478032,2.0102733532094477,0.20072690318925002,0.0003917116846423
2025-11-11T0731.954866,131,0.5440659574324024,0.8992368439966856,-0.18862339663190614,0.9894169569015504,0.5018090759348339,0.8585692906961484,-0.2216183123766152,0.9837449193000792,0.5530730153295005,0.8456777965200727,-0.2540437528130379,0.9878553748130798,0.5338554546014923,0.8864698005809095,-0.24697463649703705,0.9866231083869934,0.527597808089548,0.8982476436540938,-0.16638942334487414,0.980472981929779,0.5285828357968202,0.8952724188966357,-0.1939526138570165,0.9829420447349548,0.5376491089064576,0.8614790758384968,-0.18682850195109663,0.9809451699256896,0.6085489512719948,0.8550160443002434,-0.3670401886177035,0.9909359812736512,0.5581924841724236,0.8311460512109098,-0.03780909448025721,0.9850903749465942,0.5564599274100359,0.9298547843107777,-0.22591157848371027,0.9922207593917848,0.5495104463576754,0.9036177490462639,-0.14462530890423386,0.9873791337013244,0.7192872909668421,0.8902961090411836,-0.40226671609600245,0.9911755919456482,0.5676992100883834,0.9613049825107117,0.12539184479104218,0.9758836030960084,0.8345686734106421,1.086911292150113,-0.44892714459683136,0.2802077829837799,0.5308349138420205,1.11366944008506,0.2045184621909319,0.1430417597293853,0.8261409147097477,1.320144878057692,-0.38498657818165294,0.0614585988223552,0.5503131944852161,1.081192649106928,0.11663206950145184,0.03619996458292,0.8484292760968862,1.3709203520117188,-0.4440169459102711,0.0727831348776817,0.5085218161925187,1.0085859942495983,0.11988677461261688,0.0395859107375144,0.812210753945141,1.369803990930982,-0.4419775887692017,0.1123063713312149,0.5058855072143081,0.9837318816422774,0.09840544995130088,0.0601455718278884,0.8118834424678985,1.3500249100631145,-0.4255567800238679,0.09713876247406,0.5173372788931918,1.0004344959658436,0.09737678943755446,0.0590569265186786,0.7554921658135249,1.318209737566767,-0.16794469317509894,0.0005018857191316,0.636242585603561,1.3635215720930345,0.15826200004862495,0.0006180495256558,0.7615685985416092,1.680968919092561,-0.19705505883889632,0.0013203925918787,0.660375446510231,1.6607769329200737,0.17476663103852078,0.0008483763085678,0.7676963690326286,1.9111021710519491,0.08127420380100299,0.000120697201055,0.6571271316406675,1.9177161083690266,0.4263864037167089,7.911308784969151e-05,0.7806302024542704,1.9807736639229523,0.09430434686701694,0.0001161565742222,0.6864783191496601,1.9544287764793735,0.3929456822170064,0.0001687445765128,0.7448933956158315,2.0132375555926108,-0.18154959526421735,0.0002333368029212,0.6243853901455741,2.0391542890657464,0.12197005738003497,0.0003553070127964
2025-11-11T0726.292851,132,0.5002708800583213,0.9033912806335174,-0.17818636818516187,0.9899559020996094,0.5389600635640253,0.8587267517708373,-0.21449063494359827,0.9848405718803406,0.5013141717149395,0.8733484592960613,-0.23257300951610604,0.9886346459388732,0.5250804787552104,0.8469006570889338,-0.2268978922964625,0.9876194596290588,0.5130467836202574,0.8539404378649923,-0.1703247786542752,0.9813294410705566,0.4908200471917585,0.8624970773120578,-0.18038679377648326,0.9832627177238464,0.497290901872494,0.8805674923858646,-0.18041098441199394,0.981436848640442,0.5655118391748861,0.8615515958148856,-0.34270301445757745,0.9916886687278748,0.5171795367094519,0.8509779302293629,0.023982733761827982,0.9852930903434752,0.5701535907681694,0.9018357902990629,-0.2026373738833921,0.9927501082420348,0.5742242316669876,0.9047881632620844,-0.14006288712342957,0.9875326156616212,0.7167969607527135,0.8938784922710883,-0.37380132266520444,0.9919969439506532,0.5981162207594346,0.9302507009367944,0.149656704715602,0.9768043756484984,0.8041462337991422,1.0906049616370168,-0.450042005888313,0.3212279379367828,0.5522290591180599,1.0652645446555866,0.28795162271691965,0.1410135924816131,0.7810448371282709,1.3329487202389603,-0.3910991448270454,0.0765820667147636,0.5496248720357959,1.002761949167989,0.25635502389913933,0.0482353083789348,0.8018158963982995,1.3992720460584251,-0.42455774525734596,0.0896693989634513,0.5155944323546952,0.9386620192832247,0.2333751582241734,0.0494341775774955,0.7532597529420382,1.3674886604657044,-0.4098741165681643,0.1360539495944976,0.5140072549207543,0.9649878116635658,0.24362475038996828,0.0730677843093872,0.769004275947439,1.3574463668750376,-0.3660559138297575,0.11577670276165,0.5424547722219738,0.9803186035087781,0.264008006710471,0.0715606808662414,0.7286455450752318,1.3241964875320678,-0.13820650646834046,0.000491353450343,0.6015846273795138,1.3205358580286533,0.16517643088523887,0.0005857274518348,0.7125306564083079,1.6631118530208941,-0.21950257273167934,0.0012555491412058,0.6095412043337229,1.625809656957562,0.15061772917251104,0.0008406187407672,0.7443202948518992,1.9334354721775913,0.029205933358792003,0.0001107089992729,0.6307885264997992,1.9129023298197256,0.33910987813957566,7.265635213116184e-05,0.7625724240895694,2.0030900101621283,0.05746516822655349,0.0001057948902598,0.6315480484937602,1.9330792379456216,0.3138517839312117,0.0001542798709124,0.6858382380266607,2.013809907827411,-0.1827945126485115,0.0002132446825271,0.6125690836976458,2.017668824805306,0.12040548499900038,0.0003245703119318
2025-11-11T0756.693473,133,0.5056080349097101,0.9128103476241386,-0.22047555654459716,0.9902828335762024,0.5184680735492894,0.8649422001727551,-0.27692337139046513,0.9854847192764282,0.5120373055836129,0.8776638013268523,-0.2353313740701093,0.9890238046646118,0.5064913904411914,0.8331935795265251,-0.26007499643142196,0.9882081151008606,0.5178075344809595,0.8770242428461337,-0.24255759818401998,0.9817729592323304,0.4937487409083406,0.9035227197028599,-0.1874370474883137,0.9833167791366576,0.5017220084437203,0.8486684224865765,-0.19554987770175478,0.9817817807197572,0.5359592944851592,0.8272318391222042,-0.33079265666642577,0.9921782612800598,0.5090149491267905,0.8576757162338955,-0.04346184411423579,0.9851486086845398,0.5561840452227883,0.8965214015174257,-0.23660535181699843,0.9930458068847656,0.537646834707603,0.9005757791958187,-0.16549176825895848,0.9874078631401062,0.6908170489337079,0.8819484227766834,-0.3944211047550594,0.9926409721374512,0.5571700218218931,0.9248853803031879,0.1091009615898775,0.9778673648834229,0.7943967809323366,1.1231481709612898,-0.41762538294188284,0.347920149564743,0.5071397199768952,1.1180191435307205,0.2184087813683931,0.1427455246448516,0.7932808407361411,1.315506442999545,-0.37848499842622174,0.0836035683751106,0.5086230436517372,1.0025876711755575,0.1594858351119284,0.0726082473993301,0.8035004901777612,1.3592365780334237,-0.3927153148226145,0.0992752090096473,0.48875088115188603,0.9774790188836883,0.17642255189208794,0.0691812261939048,0.7641819784230445,1.3537557739969504,-0.40451728236479023,0.150069773197174,0.5146277230310556,0.9950354777866297,0.15485064319773606,0.0979969650506973,0.7614400365877099,1.3447555688484556,-0.3858651748109293,0.1260656863451004,0.5045834171560062,0.9587392821671898,0.12425176845800305,0.0932005047798156,0.7548889441677094,1.2844225074803057,-0.14382336013399624,0.0004824321658816,0.5821388447900997,1.3459687460382848,0.1581189505696358,0.0005639439332298,0.7382530078276583,1.6297662858630106,-0.18931809226517415,0.0012751108733937,0.5889731260666391,1.61378059477526,0.16593637448345375,0.0009205810492858,0.7267523475711701,1.9250181410105034,0.08484820835955513,0.000103839309304,0.6012513825989476,1.8929696982390072,0.2937707691409976,6.924085755599663e-05,0.7464057275788684,1.9433228817281438,0.10323280139461655,9.720067464513704e-05,0.6370749337549646,1.9189341619101536,0.2933923293288895,0.0001440545311197,0.6853249703110211,2.0054523293165842,-0.19598132416109026,0.0001973828912014,0.5795195846377859,1.984015250098998,0.04740962720218943,0.0003017548006027
2025-11-11T0725.983295,134,0.5154048539531271,0.9056652941787597,-0.3185864630801578,0.9908201694488524,0.49893254118973507,0.8577447003226937,-0.3586224227786325,0.9863290786743164,0.5221656201670924,0.8752692361594763,-0.35007197847917343,0.9895995259284972,0.4899461928467691,0.8616173933647053,-0.39433738632624643,0.988886058330536,0.4905508913967258,0.8939679387867313,-0.30269972483718766,0.9825207591056824,0.4748586697636481,0.8771988629312791,-0.2952741045622124,0.9838177561759948,0.47659095714169514,0.8997555531971909,-0.32190069780887315,0.9824009537696838,0.5531526627600692,0.8282971114410935,-0.41777175555833623,0.9927774667739868,0.5210089085966043,0.841526574363274,-0.11258118761320408,0.985529601573944,0.5526980885162374,0.8945507684332548,-0.3311360440196221,0.9935812950134276,0.5206968599424303,0.9321337886567443,-0.24079088809169324,0.988073229789734,0.6956086234357044,0.8790192367401476,-0.4114855229824319,0.99330335855484,0.54486828505655,0.9097601078171978,0.023028000006595047,0.9796343445777892,0.7627608082175258,1.0887120915846633,-0.44550146116053,0.3672195374965668,0.5024320219836972,1.1155746677347658,-0.06903235504611277,0.148540586233139,0.7398211995193988,1.3095412984992318,-0.35824814776455904,0.0823964327573776,0.521277740788217,0.9944036575855572,-0.40928283160888035,0.0998165160417556,0.7703070037293371,1.3776334012950644,-0.46495359853224455,0.0984820127487182,0.5024231994992288,0.9764286182596069,-0.43717204435437074,0.0911702811717987,0.7494882686272692,1.352266128085079,-0.41757320928606745,0.1498083621263504,0.497955213872517,0.9500425978721334,-0.4167247512634721,0.124170146882534,0.7491668403203722,1.3459874001992946,-0.35656255030685957,0.1254601329565048,0.5163644237876199,0.9406582242490408,-0.3855218819401195,0.1176855862140655,0.6931991357815965,1.2818682671863297,-0.180332556766636,0.0004598502127919,0.5965815782620194,1.289015657941197,0.16394125961409162,0.0005363316158764,0.7399910037294151,1.6066564562244499,-0.17563052778031624,0.0011986949248239,0.5774854222472914,1.5992797653894704,0.14658650637938336,0.0008710305555723,0.732100208192004,1.8990690253638358,0.1595966199759802,9.679163485998288e-05,0.5938280432401668,1.9121785418386088,0.3805486746215441,6.367944297380745e-05,0.7480550383948998,1.9538346740952532,0.1688919953641231,8.881525718607008e-05,0.6129141077263893,1.918919894161644,0.38465134186553934,0.0001319473958574,0.6823604347473319,1.9977853223979756,-0.06372444635635952,0.0001796064752852,0.593395216010347,1.9832586904461011,0.12035029068144759,0.0002746210375335
2025-11-11T0712.934861,135,0.485634469680918,0.885798909922273,-0.2771903554005182,0.9901715517044068,0.49835224347894885,0.8662395165987381,-0.31850437847881014,0.985851526260376,0.5106391267795419,0.8588932992402808,-0.36686303531678033,0.9890363812446594,0.5035987889802233,0.8544950570310325,-0.37107382078103607,0.9886056780815125,0.48584380286212175,0.8634788831694542,-0.2894790833570221,0.98114812374115,0.4831850199599711,0.8721692312197143,-0.27216316590182216,0.9818790555000304,0.492103628954139,0.838124966492345,-0.30794246530612723,0.980751633644104,0.4844530148202722,0.8430744201845178,-0.3749933768942479,0.9929264187812804,0.5110125853936486,0.8270089980378855,-0.12853623369734815,0.9836454391479492,0.4953651616775812,0.890340202358775,-0.2817651691625979,0.9935359954833984,0.5226785487890467,0.9174815144061786,-0.21352719322091368,0.9868356585502625,0.7009766764323684,0.8861492423770719,-0.4218042584892799,0.9938225150108336,0.5389125509118382,0.9491501759403631,0.06726532430589724,0.980185568332672,0.7792685349702928,1.0372763029481107,-0.45945387744295674,0.3880428671836853,0.5235573263273121,1.0962064229919142,0.0968359579191657,0.1426195204257965,0.7465458340343372,1.305706298977815,-0.3632728668938543,0.0839932262897491,0.5135403182960417,1.0405810972672846,-0.2156080682475866,0.1049744784832,0.7712454012246881,1.345655961385987,-0.4386087375065659,0.1006889417767524,0.5194064862462446,0.9698673891814763,-0.13484598743737178,0.0945416167378425,0.7307897624858989,1.3455701037036047,-0.4321835110346341,0.152977779507637,0.5119811275116696,0.9582285478659609,-0.13571939828731747,0.1280888468027115,0.7168626935064862,1.296194801546439,-0.40660169874036994,0.1276612877845764,0.5200184447584623,1.0203109536448065,-0.18484570985000404,0.1215105354785919,0.7015347426460176,1.2928404838195544,-0.16473290414965402,0.0004859596956521,0.5941177923894039,1.3019348354901235,0.17095554491325393,0.000543863105122,0.708054421874612,1.5999975416987577,-0.17999341512309383,0.0012183460639789,0.5662951836144191,1.6091316126141504,0.16405207237810146,0.0009228566777892,0.7179306683877157,1.913384430666643,0.154635081539585,9.159040200756864e-05,0.6269160195652643,1.8622141895128883,0.4134173361173026,6.152400601422414e-05,0.7005870477730096,1.9447456057111845,0.16841057874991175,8.169141074176878e-05,0.605684882133096,1.9244612987378473,0.40792022493209074,0.0001245385792572,0.6648915804052339,1.9618450785331856,-0.0816427962333975,0.0001654853404033,0.5665984699171202,1.9414081195552222,0.15873857400758254,0.0002552926307544
2025-11-11T0724.982275,136,0.46502489609282577,0.863975255974404,-0.21460053119029104,0.9888049364089966,0.43317680773745504,0.831415809289745,-0.26415806513399714,0.9848161935806274,0.4858911849327255,0.8160445289322235,-0.2483862554434114,0.9882382154464722,0.4827792530830791,0.8396617097508043,-0.289235526324505,0.9878999590873718,0.4724305371360663,0.8385014094114569,-0.22638745269757238,0.979381799697876,0.45132973870825743,0.8628232394229384,-0.17972930010042137,0.9799351692199708,0.4774527534584415,0.8639127161404938,-0.1862734023616744,0.9785389304161072,0.4899870333924436,0.8315938709370992,-0.3552048779446321,0.99280446767807,0.46374225972400085,0.8463765363692566,-0.02771155133628327,0.981322944164276,0.4904289383992786,0.8634002402818685,-0.26352986266424433,0.9923587441444396,0.4917766604731992,0.8890548341866551,-0.16983087044418807,0.9830713272094728,0.6545980774429219,0.8367461586613754,-0.3990975966538158,0.9937718510627748,0.5017953843700087,0.9150762113046236,0.13294417489594842,0.9759528040885924,0.7238692663779634,1.0607262024855306,-0.4695285500937173,0.3945209681987762,0.5331267690947894,1.0467401041365454,0.2687307391923219,0.1322629749774933,0.6813338187269332,1.2380612605351233,-0.40686654216938223,0.0885368213057518,0.5006768419703069,0.9918428188861783,0.16328757556856793,0.1012476086616516,0.6885855890881254,1.3133505400604808,-0.4564747990458283,0.1061975508928299,0.46732605853094955,0.9591331473640636,0.15979025542315428,0.0924352407455444,0.6632758278216726,1.3046421991883719,-0.46616852248745333,0.1588656157255172,0.48153542303030417,0.9471411916527624,0.1441394065566852,0.1251742094755172,0.6724411291685342,1.2606745073318015,-0.3997579036747996,0.1314645558595657,0.4787673633831422,0.9367397412237933,0.13750179674733665,0.1185798943042755,0.6928101384648181,1.2837803022163883,-0.16061214665795076,0.0005746910464949,0.5875544841792978,1.2756617968894453,0.1487447037772282,0.0006145063671283,0.6704821337384784,1.5737266441538869,-0.22490840783902977,0.0015827834140509,0.5543204037607194,1.5222323444969574,0.17326186168562796,0.0014470748137682,0.6935813328551732,1.8393739304332117,-0.0058755447299122555,0.000107701664092,0.592306498480466,1.8323639733688426,0.27607246114421674,8.688764501130208e-05,0.7271230340057767,1.8959466943195133,-0.009737675595211057,8.934210200095549e-05,0.6166606432702725,1.8818340898930845,0.28464692865782626,0.0001588911982253,0.6859715010801839,1.9227413250272687,-0.2288653136029083,0.0001905753015307,0.5742393354376413,1.9065360811353416,0.04663960214646752,0.0003065322525799
2025-11-11T0773.584647,137,0.43564368160735073,0.8697760113299509,-0.1245838979228401,0.9874690175056458,0.4442566269738635,0.8150057651746372,-0.17341234403917732,0.9838430881500244,0.44850617534720816,0.8427741134313218,-0.13745186924609637,0.9872674345970154,0.45902614773913375,0.8129774810292983,-0.15243346026944005,0.9873043298721312,0.44690660416139366,0.8276816420229232,-0.10332070222278768,0.9777092337608336,0.4206710587542069,0.8442178645095985,-0.07476029955374267,0.97798353433609,0.437101569602063,0.8126459410225777,-0.09397598828780616,0.976665198802948,0.4873140908526083,0.7844533519238372,-0.2805171751951975,0.9925281405448914,0.47376110821911416,0.786361504454195,0.07633331984814112,0.9789336919784546,0.48248291565410006,0.8611780532947604,-0.14257903578998768,0.99016934633255,0.47949606873417056,0.8752902434565664,-0.06774285470950554,0.977742075920105,0.6137194122361059,0.8457149315663267,-0.4084880884012868,0.993722438812256,0.4862400821150713,0.929821305873378,0.20929683276085356,0.963860273361206,0.7296661658425494,1.0279744294463802,-0.48958106741804214,0.4127990305423736,0.509816663786591,1.063416707452174,0.3609930728562125,0.1196988001465797,0.6813896031422702,1.2437252045489318,-0.4150661059604063,0.1072896122932434,0.510956185182384,1.13109240903301,0.2221690515455735,0.0919474363327026,0.6842408149308438,1.3333454003940985,-0.4958233752619758,0.1277490407228469,0.49718513880814436,1.1742554844883595,0.17962867331241322,0.0848623663187027,0.6539066631685766,1.3004657585454802,-0.4248802588295191,0.1827571243047714,0.49451768164604754,1.1356837140184644,0.1351613689805925,0.1152627319097518,0.6605189484099658,1.2579647010070454,-0.4029437390992854,0.1505855917930603,0.49510383121296414,1.128497130956708,0.17062224348280586,0.1093462109565734,0.6509122630289205,1.2722905128216306,-0.19592074205146207,0.0007134460029192,0.5206428561001107,1.3053624550050247,0.18396387828065539,0.0006625355454161,0.6739614481918635,1.5517442569253754,-0.23207590993485358,0.0016402576584368,0.5679689716452687,1.4934593856663052,0.2030465090842058,0.0014269473031163,0.7005749133776128,1.8185161643619694,-0.018719769412865864,0.0001068458223016,0.5725511215494389,1.805729723821933,0.2785344446937317,8.688247908139601e-05,0.7287501619535438,1.8523594897066369,-0.02442471898601201,9.069309453479946e-05,0.5869883011244005,1.8537127521426269,0.29606223630747014,0.0001641183771425,0.6665513578973293,1.9070152751301157,-0.24499708113921476,0.0001955258630914,0.547441683206871,1.8969179156875704,0.07332003792624106,0.000311589683406
2025-11-11T0784.255452,138,0.42475262745492354,0.8287414937108194,-0.11302956812723583,0.9849867820739746,0.38195477548445583,0.7804967341617385,-0.14022058784380093,0.9814865589141846,0.40228118436074983,0.8188311404574765,-0.11366894667736822,0.9847192764282228,0.42598197580645597,0.8147562141879265,-0.11919679077080875,0.9857712984085084,0.3684826288543731,0.8278457910582494,-0.03754739107322651,0.9745018482208252,0.42336532102188407,0.8009419720657196,-0.06795233406981294,0.9739296436309814,0.3962967381026777,0.8132722336238835,-0.03462545961126501,0.97343647480011,0.4213738004955758,0.7767377745281924,-0.24985522942854402,0.99158775806427,0.4247053660072668,0.7900111680947157,0.1097298902210674,0.9746071100234984,0.4433361947117959,0.880919372712431,-0.1334144264736685,0.9861345291137696,0.44847269431812886,0.8747484146495175,-0.01809396827752586,0.9690576195716858,0.5685346105955877,0.8477733074980411,-0.4492100329034038,0.9936076402664183,0.5297627460120787,0.897405098623774,0.29663941472922156,0.950873613357544,0.6946971144953122,1.0227972314802962,-0.5857179963203523,0.4312804639339447,0.5356384143223286,1.0869560794056026,0.40029999680330447,0.1081518605351448,0.6848887926392127,1.2415191384331106,-0.45740249190969684,0.1293170899152755,0.5168893781624272,1.2270368751322414,0.30760998197737455,0.0830931589007377,0.7036399129546911,1.3227207693247949,-0.5296202717051669,0.1510290801525116,0.5224580238559672,1.264459661678663,0.30912476693267626,0.0771738588809967,0.6425483952551144,1.303386164134741,-0.4781970398683755,0.2074091285467147,0.5226436377021619,1.234239887731315,0.24518049783715434,0.1050483137369155,0.6872797747671053,1.2516178770858026,-0.45571922955291394,0.1716201901435852,0.5249985354275425,1.2575806166458452,0.2415364209500715,0.0998787954449653,0.6356865349137382,1.3117070835278015,-0.22432358297033683,0.0008774508605711,0.5912845082568733,1.3024278081539538,0.1967631861096546,0.0007396459695883,0.6174759864188962,1.5521048507122177,-0.23953025350839266,0.0016124433605,0.5611589272262628,1.5313060967105028,0.25986378319437947,0.0013784023467451,0.7005263344894054,1.8435164728077478,0.02110000482296156,0.0001028531332849,0.5855269662357907,1.821548317449983,0.43226626608043095,8.474038622807711e-05,0.7042847864449155,1.8867278815588586,0.04701085295910793,8.818828064249828e-05,0.5836744761354887,1.8564320801258147,0.4140803937698811,0.0001708661438897,0.6773200827542595,1.9483280327262569,-0.21150360672329332,0.0001943889801623,0.5522434784954903,1.9220327418574807,0.22022246320360822,0.0003144553047604
2025-11-11T0728.372790,139,0.38888977086186566,0.8438536283080502,-0.16197661355535875,0.9850380420684814,0.38555965568693423,0.82030221245331,-0.17983741490165975,0.9814475178718568,0.3847252922435929,0.8195910076254398,-0.21384063565663708,0.984649419784546,0.3978092399284532,0.8143542677495653,-0.20682784154154665,0.9857130646705629,0.3809274223179393,0.8151312503323549,-0.12042976946048345,0.9745671153068542,0.38850301272787485,0.80736824424598,-0.12691868329314449,0.9739077687263488,0.3779079106657243,0.8428831802599726,-0.0999998379738564,0.973145604133606,0.42515428107250264,0.7970731848606193,-0.27445635646516614,0.9917300343513488,0.40450508427885884,0.8166906488792003,0.054507915404380436,0.9750813245773317,0.4253517285703439,0.8576023718930367,-0.2260596916432297,0.9853038787841796,0.39435934800539507,0.8462559939748638,-0.08179625098527554,0.9674311280250548,0.5346092411784795,0.8577287184298891,-0.4166738719931458,0.9934892058372498,0.48268020319726473,0.9164362006992758,0.22332057705307065,0.9446592330932616,0.6716697873295265,0.9997690697823335,-0.5372229759820476,0.4458586573600769,0.5526087807140747,1.0927159156994872,0.30652827921440556,0.0978643074631691,0.6510499484237896,1.243623832630555,-0.4498690331282045,0.1390723139047622,0.4796275496698198,1.2782604935512816,0.13378613553219193,0.0751317739486694,0.6399924038326777,1.3263768483863656,-0.5062988524777862,0.1615047454833984,0.47084064446855917,1.2762533715164486,0.15138790581739986,0.0703353658318519,0.620259488941724,1.3063414352983584,-0.4923739300053588,0.2175325900316238,0.508990662429216,1.329027158599505,0.12531119799067775,0.0958356633782386,0.6130050757596543,1.2513247125917464,-0.43538742591042545,0.182182565331459,0.49037743195627265,1.2696683850774593,0.13040623247901628,0.0914060026407241,0.5870135284115492,1.2888352173487987,-0.21501856754307627,0.0024266105610877,0.5058590403125378,1.2776036521402976,0.2575493463569637,0.0021535854320973,0.5381621092392568,1.435383528262634,-0.2895878175881095,0.0044039362110197,0.43512392522640364,1.469624791332672,0.22996919872073146,0.0027062746230512,0.5953913527706369,1.7309537860148596,-0.02699165368673595,0.0003669262223411,0.48175950815531665,1.743535276115704,0.3270295777544513,0.0002486054145265,0.645163604173554,1.794436898137924,-0.04778427099541342,0.0004094199684914,0.5173271644529102,1.7822700108889042,0.32321983755009764,0.0006245924159884,0.5702326099774684,1.8565134990824654,-0.23059745445573548,0.0006582918576896,0.4377011275005203,1.8529607975071258,0.17687826922562283,0.0007281517027877
2025-11-11T0726.734702,140,0.3405890227767849,0.8939202162523832,-0.38658331101443183,0.983295202255249,0.34564470305907147,0.8211232670940383,-0.40782457124814026,0.9792293310165404,0.37460824072162024,0.8358737639494318,-0.41047787469442504,0.982466757297516,0.35393401149647136,0.8202312362893129,-0.3952957797966982,0.9842336773872375,0.3450762621882131,0.8289337687808254,-0.36785241172440786,0.9711509346961976,0.3370625834282186,0.8589781952674401,-0.3548987033165692,0.9691110849380492,0.3454905946413833,0.8791758367956711,-0.3551560121305855,0.9673484563827516,0.40155102243459323,0.7771434901120277,-0.3329685921096446,0.9913276433944702,0.3355384255676341,0.8521723737150457,-0.09379858771716607,0.9668686389923096,0.3821026976360044,0.8633116471580946,-0.3388794286052073,0.983618974685669,0.3575810942634043,0.8795064735785562,-0.3018455392998425,0.9597063064575196,0.49772554285803844,0.8650954159854534,-0.41714807730981546,0.9918192625045776,0.3662576820770953,0.9533882242300626,0.13900702246970298,0.9052535891532898,0.6615153649222706,1.0041714568775455,-0.49171158293298656,0.4573574960231781,0.4526600137270589,1.1485465320656751,0.20787850360774054,0.0884040743112564,0.6775458415067315,1.2948715483796838,-0.4346721361230549,0.1424955278635025,0.44651202859967487,1.2720058966346872,-0.012895486869811188,0.0678924098610878,0.6548272742432153,1.3295407775666948,-0.5381068739395097,0.1639899909496307,0.4694055467922722,1.3338154381675467,-0.05735930763021116,0.0640275031328201,0.646045421277788,1.3644158408670335,-0.4709189117788081,0.2209077030420303,0.4498674749109186,1.3214098140881,-0.11509442053407845,0.0873671323060989,0.6468671413856302,1.3097667918472404,-0.45936767492418895,0.1867247074842453,0.46413501730431667,1.3049135827234772,-0.06654148367392554,0.0834141671657562,0.5681907832842776,1.353898292441798,-0.21547034046388386,0.0023239857982844,0.45818072916878094,1.3234943863864965,0.20777811152900671,0.0020091503392904,0.5654769477483425,1.5237888485847237,-0.2738051825985946,0.0046227183192968,0.4531532156158857,1.540751613101944,0.2352095923998629,0.0028507926035672,0.6065968749523241,1.808516217502274,0.019912823245785093,0.0003883860190398,0.47980443555026425,1.7782154360282718,0.3777801512783765,0.0002737272297963,0.6209547705659716,1.8555806561584338,0.04647992988945875,0.0004063046071678,0.5291410031298559,1.8553615861108637,0.39715798820695747,0.0006784445722587,0.5220422245265881,1.94958739968279,-0.17220457507625406,0.0006777254748158,0.47013389129883865,1.9458428302853084,0.19057138127493847,0.0008449032902717
2025-11-11T0767.615444,141,0.3042935755583218,0.9245866139881666,-0.4506938567933656,0.983013391494751,0.2868670684481624,0.876004126369393,-0.5184399585546915,0.9795325398445128,0.2981716611183978,0.8342901808781757,-0.506710446694263,0.9825599193572998,0.3047651364515978,0.8281642277379575,-0.525223018208358,0.9846180081367492,0.2666761556113677,0.8474214157682413,-0.4447643335222933,0.9707180261611938,0.31833756626204396,0.899220397061499,-0.46401546461542076,0.9674628376960754,0.30999043034740864,0.8876365720591948,-0.4608476245878723,0.9648957848548888,0.33058661493706354,0.814462318133851,-0.4721951165425352,0.9917577505111694,0.304958291278141,0.888251238009602,-0.2132795857477323,0.963942050933838,0.3490250002773849,0.9003583719477157,-0.4659665722758738,0.9847495555877686,0.31452312147193917,0.899301256236023,-0.3897297655365463,0.961062788963318,0.46112327853111557,0.9067285967286006,-0.4484443772809114,0.9924467206001282,0.3387413759698238,0.9766442688538931,0.05859825635819457,0.9049854278564452,0.6235860882264797,0.9977403685918395,-0.505239629397667,0.4977621436119079,0.39459118475780924,1.1463891061501181,0.23764590871572988,0.0801786035299301,0.6377959406737264,1.2777023302682753,-0.4338043831044167,0.143626257777214,0.40788011797852447,1.2914072697860246,0.1384994958082275,0.0613244846463203,0.6380437329652969,1.3428233252209483,-0.48586010250839634,0.1613194644451141,0.4449509186201658,1.3438007681306372,0.11667974384534985,0.0580844655632972,0.5971326007437203,1.3296017885192966,-0.4767721292325655,0.2194663137197494,0.42668746260757096,1.3451537412490078,0.04926402835864397,0.0794016346335411,0.6269629877072378,1.3125010282798768,-0.41607260018807496,0.1845033317804336,0.4258572358412615,1.3185145618464207,0.08810676794528899,0.075907364487648,0.5378102818426007,1.3493722580976073,-0.1983848491309574,0.0022367548663169,0.38045530564641333,1.3669331474820428,0.18062323685211834,0.0018526403000578,0.5477708011656196,1.6296145675165299,-0.2617305675838536,0.0053161736577749,0.4088796007910316,1.6499584977623654,0.3155169907831549,0.0031773087102919,0.554915482197768,1.9368907055637026,0.07233181466955212,0.0004566685529425,0.4628844749096567,1.9493983628918923,0.510100070780368,0.0002819740620907,0.5733927089535937,1.9734000397984388,0.05009554272070183,0.0003975672007072,0.4496376616563496,2.0189974438707825,0.5533231937252745,0.0007252353243529,0.5278149457277136,2.0114390608488395,-0.22189242916946017,0.0006552695995196,0.43560306676562777,2.0584120036106057,0.28337416552974726,0.000825812050607
2025-11-11T0727.527940,142,0.21231811429500017,0.9947991974087937,-1.0653223700858578,0.9819130897521972,0.23427328703309652,0.9394071030797471,-1.1612812970397948,0.9797235131263732,0.22719039275027858,0.9112367051841334,-1.0535102772139682,0.9822832942008972,0.236402312970608,0.9046812662898764,-1.0910733022195893,0.9847521781921388,0.2020161797398614,0.9388345567392005,-1.0570369174285053,0.9703261256217957,0.17710725715152345,0.9367292605920198,-1.0335829848408253,0.9658218026161194,0.2126704910199207,0.9400434836385304,-1.0423732841992892,0.963665783405304,0.2917454852814662,0.9045891393299053,-1.086176764517072,0.991988480091095,0.190418232334446,0.9011151959443526,-0.8205928895516342,0.963110327720642,0.26954145293307097,0.9515274007151066,-1.031532213482318,0.9856642484664916,0.23495725364280978,0.999101604917781,-0.9268804303494464,0.96187561750412,0.4285872506816288,0.908489961165448,-0.9283635716677336,0.9930153489112854,0.2580005388923862,0.9343516960613863,-0.4682557161900318,0.9109718799591064,0.5755354630494217,1.043086517084243,-0.8192183071987198,0.5443583130836487,0.2743259679673318,1.1082980165215013,-0.06433953561083822,0.0800965055823326,0.5788331075311963,1.2922312003262402,-0.5481345415760379,0.1686292737722396,0.2747817601981451,1.218802793402472,0.10069135589106035,0.0583910904824733,0.5717198372805934,1.3571528489721405,-0.5796464245518989,0.1659974604845047,0.27997314987033395,1.2756857657140208,0.11404408392794707,0.054884098470211,0.5294260869499436,1.3505224988290463,-0.5476953206086013,0.2221388518810272,0.31463821076166815,1.2882649704683928,0.052214171060767006,0.0748681724071502,0.5360399976375005,1.3212539817541338,-0.5237410761301302,0.1881274878978729,0.2886804289754695,1.2756068026883514,0.07399543625683046,0.0720928534865379,0.47981271056940766,1.3379810135938586,-0.19837935907556223,0.0068087023682892,0.3085678308879988,1.3494726140550974,0.21396461658531238,0.0032580634579062,0.45763162892137316,1.5770602255508377,0.05184463608922857,0.0231476910412311,0.29661702278994,1.622688065691557,0.5805508987472857,0.0143532706424593,0.500276423953209,1.9317578985047301,0.5981949240494684,0.0014920589746907,0.35935219737516355,1.9156501511867656,1.1611544497963568,0.0011151183862239,0.49347571360470294,1.9626719617006982,0.6422058442130593,0.0005354822496883,0.38373199272923364,1.968829687852906,1.183779829956409,0.0014197325799614,0.42361541166337907,2.059362358518233,0.36083080745856505,0.001108301221393,0.3556037384061414,2.053094447687951,0.9362429524356697,0.0022485349327325
2025-11-11T0710.595807,143,0.19698312976280521,1.003679863379763,-1.4030439889820217,0.982056200504303,0.19201190291756592,0.9551939520771099,-1.485465754923352,0.9804612398147584,0.21507794116145745,0.9404139177422106,-1.4547378888874556,0.9826911091804504,0.2229683440530767,0.9529705862790896,-1.4762611698828059,0.9853342771530152,0.15639113934506954,0.9266255251041666,-1.4189600065202121,0.9708549976348876,0.13666240244105446,0.9471351482876438,-1.4225984092959287,0.9656961560249328,0.17387107799939056,0.9678541959041266,-1.4068467554512896,0.9640875458717346,0.23874755717213586,0.8747373100456893,-1.444261919633246,0.9924511313438416,0.17624221741088383,0.9213081140510454,-1.221419856321536,0.9643458724021912,0.2379752342644414,1.012110529131769,-1.3838674504556845,0.9864208698272704,0.2024530845820236,1.0412359631098524,-1.2888190290285186,0.9625827074050904,0.3949529895052212,0.9590327978722445,-1.221188425365153,0.993478000164032,0.1591050269386824,0.9497465659291356,-0.8096772144584776,0.9182840585708618,0.540784782233897,0.9968580434102481,-0.9171839342462929,0.5852454304695129,0.17436270264158124,1.0837304753922217,-0.2417055021172329,0.0837397277355194,0.5507025472477456,1.2897764459489862,-0.5890264133909965,0.1798942387104034,0.1949361383370405,1.203589003469981,0.17579745903617566,0.0561845451593399,0.5458257529487126,1.3084538649379427,-0.5459588226886117,0.1648667454719543,0.21140864678369756,1.2073490724102147,0.20796707210409143,0.0524001009762287,0.5183520190778758,1.3319118209222287,-0.5920797196062024,0.2175590395927429,0.21558485273051445,1.2521883867230277,0.17236186930208716,0.0710612758994102,0.5209174719226809,1.2909181436464046,-0.5721177642481935,0.1845438182353973,0.1777029645529424,1.224480160935064,0.14404246596927056,0.0686092227697372,0.4098025170924583,1.34325155905903,-0.16343492153449354,0.0130277043208479,0.25575159155448635,1.2840446856024146,0.13332522863663243,0.0060250209644436,0.39524483830161145,1.6252792573922603,0.248861765971767,0.0315663814544677,0.26594466707349446,1.6076794254948719,0.5539031438993053,0.0304801780730485,0.4369725731239225,1.8932851146519847,0.9190072432794317,0.0021547847427427,0.31730122140786604,1.9451277232975335,1.214223161443972,0.0023038319777697,0.46670463787026056,1.9397972447709064,0.9924299216522905,0.0006236869958229,0.3277854746362754,1.9450958283163515,1.2656664329021865,0.0022149779833853,0.41565400703172223,2.002981761141233,0.7321106925720458,0.0013177968794479,0.33886581389604625,2.0289698776092218,1.039102851536106,0.0032553861383348
2025-11-11T0732.122033,144,0.17817471105558758,1.0191828439521147,-1.7715096670790762,0.9816405177116394,0.1554814935973904,0.9302024068132035,-1.8377472291186039,0.9811250567436218,0.17812102782469535,0.9046208936666978,-1.815182510410307,0.9832636713981628,0.1923075598613897,0.9410083456545303,-1.8054243928734233,0.9859174489974976,0.12711650010263872,0.9504482077973249,-1.8057638832937792,0.9713853001594543,0.11410695415491809,0.9617694480667945,-1.7373093498956682,0.9657310247421264,0.14438524823953644,0.9614416489446757,-1.7693911563414508,0.9641688466072084,0.22477628041870223,0.8592015613836635,-1.6993700860418037,0.9927997589111328,0.13634983753483063,0.8993377301884031,-1.4947304417049203,0.9660131335258484,0.22285493455043331,0.9944391253585415,-1.6698262830210784,0.9839814901351928,0.16230077116606179,0.9925241783230294,-1.6473827750225238,0.9543555974960328,0.39208247827858433,0.8971211035649604,-1.3262120677894018,0.992060661315918,0.11423797777000647,0.9173017024172919,-1.1043783783381143,0.9195896983146667,0.5413820033382433,1.023311232783714,-1.0025779426991055,0.5988011360168457,0.10219247905325718,1.0734342401171988,-0.5424181825334771,0.0827860087156295,0.5052006032028931,1.2819404174232334,-0.6506113394908747,0.1814222782850265,0.17199911173134924,1.199926096909946,-0.13894062728676815,0.0522304773330688,0.5061383346889391,1.3604894654829163,-0.669131509804918,0.1602206975221634,0.20437396126777888,1.2559893501102157,-0.034810474816006715,0.0487671084702014,0.49651211835135,1.3804237031388475,-0.7106560983280171,0.2101796418428421,0.19867854332619234,1.2244453263500843,-0.12191815006443817,0.0660341903567314,0.4728198418309222,1.3087615392321397,-0.6543063143547934,0.179241195321083,0.19573211138772736,1.2286680847273714,-0.11709462161632239,0.0639888271689415,0.39805318226042974,1.244569943726941,-0.12827260853374722,0.0232589561492204,0.23687722854667487,1.2418058137109669,0.10792536062678201,0.0160907860845327,0.3680578363486687,1.3576035765269474,0.3790474088668818,0.0318854339420795,0.1817284982187361,1.3259782343131659,0.5761079431271334,0.0342561267316341,0.39557589876800386,1.5014546413127405,1.2511476068019254,0.0025658013764768,0.2562269776873016,1.4898626394160157,1.3638479362418165,0.0027524223551154,0.371707089908565,1.548420937348711,1.308911150886626,0.0008590023498982,0.27374624841441053,1.5189848833197879,1.4694327486638985,0.0024233211297541,0.3385116943158995,1.5726538731577988,1.1490285238190294,0.002058835234493,0.2771807902676107,1.5884310843252396,1.2889456461342534,0.004092700779438
2025-11-11T0743.544658,145,0.1534150928484894,0.8941221350331946,-1.2118647878289237,0.9831394553184508,0.17533738051851985,0.8171151513611458,-1.2891549659544561,0.982717514038086,0.1819540224549081,0.7996554000878386,-1.2902918284538223,0.9845951795578004,0.1775671276171154,0.7864625332152501,-1.2791129210186774,0.9871156811714172,0.15386141320123073,0.8622191958347631,-1.2056728432589605,0.9735885858535768,0.1441894302024484,0.8403866559441616,-1.21590976906123,0.9680792093276978,0.14086706759862222,0.8384551462340869,-1.2004719158161368,0.96687114238739,0.21208441265243186,0.7607624727608228,-1.2943217436201493,0.9933966994285583,0.13236484045090227,0.8363035911382426,-0.993522391863185,0.9679197072982788,0.22234678127559432,0.8592004141060586,-1.1868602178595244,0.9853149056434632,0.1746434202319038,0.8930609227924443,-1.1203477326982907,0.9576329588890076,0.39185543404846257,0.8997135014565477,-1.133162654099016,0.9922052025794984,0.14087229175050597,0.8848535231714748,-0.6211368324471053,0.9241687655448914,0.5526274583138971,0.9959662419710169,-0.9837636937880313,0.6157145500183105,0.17624337949535196,1.0808190563841205,-0.3194366665188049,0.079360231757164,0.5194668447464056,1.3116077231647114,-0.6131952957005691,0.1827319115400314,0.22028702448688237,1.2000036693969762,-0.13718147022910573,0.0495322458446025,0.5161714508651944,1.3441718097012132,-0.6083099597687962,0.1567088365554809,0.2176827831389716,1.2546123554701158,-0.107312028537388,0.046003770083189,0.5007354931098322,1.3661672658737924,-0.6594473820599227,0.205861821770668,0.22674257424283073,1.2397710403003648,-0.143470724352644,0.0624339915812015,0.5023034680151572,1.330406165308351,-0.6463253863150182,0.1778198331594467,0.25937460240118,1.1941930546863053,-0.17266307663299696,0.0611213631927967,0.4249371600276655,1.258760088856148,-0.15268259401042256,0.0216300785541534,0.26658644785070507,1.2197185737873975,0.1403806434894905,0.0149365188553929,0.41164774327940057,1.5342771167218123,0.08971601306005987,0.030667083337903,0.29406684921831844,1.4621359608425955,0.5616281098700047,0.0332324504852294,0.47055857229276393,1.824918826465404,0.6585401680464549,0.0023462381213903,0.2977700946945521,1.8141796372429115,1.0713254768004106,0.0025345354806631,0.4851974282858819,1.930280656374204,0.705045525652595,0.000781862414442,0.3312136125555873,1.8648258666556157,1.1244348908933794,0.0022268155589699,0.3993995254412805,1.9585496173975172,0.4130626613054978,0.0018948019715026,0.3132019753440131,1.97776448507775,0.857592532418639,0.0038848863914608
2025-11-11T0772.212106,146,0.1583145114964428,0.7532517981179688,-0.951119250450727,0.9847556948661804,0.17688925493558774,0.6989080441403073,-0.9882581373378548,0.9843791127204896,0.19181493952615308,0.7014763738162821,-0.97333021057095,0.9860828518867492,0.1851945987950071,0.6834663282645019,-0.9867797813488011,0.9883689880371094,0.17158352200789606,0.7427130015153961,-0.9312015255612458,0.9760931134223938,0.15100137069577624,0.7458391789806758,-0.9422168753482636,0.9710732698440552,0.12351914710636949,0.7502399238545728,-0.9285264261616101,0.9699302315711976,0.22993305144343695,0.668393366994765,-0.9886699417764174,0.994038462638855,0.16384987805807782,0.7116033395762854,-0.6724278548289601,0.970799446105957,0.21063815292509852,0.7801673587341229,-0.9475517820284909,0.9867585301399232,0.19217378394867982,0.8045525125570291,-0.7944619633812569,0.9616990089416504,0.43399720244418594,0.8014153235365928,-0.9229253550705598,0.9929540157318116,0.19816327086090002,0.7673143306241271,-0.40881314849633854,0.9310781359672546,0.5225395449382003,1.0215622105013875,-0.8322186965576038,0.6414927244186401,0.24725258643178907,0.9904462142763147,0.2308457433489357,0.0747573897242546,0.5274157356309686,1.2680137535607832,-0.6295479808216272,0.2162105292081833,0.2563492866154088,1.1211163730247566,0.5700520539123481,0.0468849875032901,0.5433449955013557,1.3380309976605957,-0.6211355006944468,0.1737782806158065,0.25442312064746947,1.1467083340694233,0.6412592353446576,0.0432906411588192,0.5295535508054967,1.3171028409943752,-0.6642904789715538,0.2274723649024963,0.23630359865274111,1.131351722859778,0.5975706212336742,0.0588645562529563,0.526382064325546,1.3103256728573838,-0.5876278412704481,0.2014134973287582,0.24878168217407667,1.1470373592560865,0.517116769837247,0.0584182441234588,0.4732210744340304,1.2538731940032941,-0.17577970098042955,0.0203200820833444,0.32973816512261656,1.223798616888852,0.19925649441276355,0.013783635571599,0.45045944172924135,1.610486807155615,-0.12343240632492372,0.0277781561017036,0.31187451772367436,1.5902967483332693,0.5035543077086261,0.0302320048213005,0.5015737064114273,1.9410528187403249,0.2650459276544386,0.0021248538978397,0.35602058703087,1.936075918486921,0.8766976524205373,0.0022876563016325,0.5074374735503273,1.9759971292775462,0.29307968452956157,0.0007140385569073,0.34583790681470983,1.9658351188126157,0.9219627901524967,0.0020248973742127,0.4522582681224915,2.0505129031122977,-0.09231047921578311,0.0017138679977506,0.3440668865829484,2.032727318216207,0.6736048776654842,0.003525004023686
2025-11-11T0717.396916,147,0.20155953540880597,0.6159814289317292,-0.7977998565562816,0.9862439036369324,0.21041071386458166,0.5773307423837584,-0.8245087052431034,0.9859042167663574,0.2254791443560969,0.5453863082234197,-0.8105203387597508,0.9874488115310668,0.21127998361869693,0.576437667111429,-0.8471098755521614,0.9895119071006776,0.1651916434883987,0.5693154321163267,-0.7847125778436023,0.9784061908721924,0.18845058408971987,0.5719393483050618,-0.7874310885125319,0.9738587141036988,0.16297287383196243,0.5949286421271707,-0.8106692297633612,0.9727753400802612,0.2567326518608373,0.5208409817823549,-0.7498268479851151,0.9946268200874328,0.16617328549810273,0.568412077796968,-0.4657390830666465,0.9735899567604064,0.2396255702640077,0.6453671645945791,-0.786375637538672,0.9880762696266174,0.20193246040575327,0.6530124723921342,-0.6621677277519407,0.9654937386512756,0.4224228127400056,0.6857507111578806,-0.7301540814027473,0.9936469197273254,0.21899982351457778,0.7033389306197758,-0.11560195841669203,0.9378165006637572,0.5068301379377905,0.9797121954079405,-0.6763884364115735,0.6616884469985962,0.24585262860538332,0.8885650818905694,0.37924454702386495,0.0765985772013664,0.5178055410292899,1.2097356437563993,-0.5873186751332047,0.23103067278862,0.22889049101766973,1.034550092562256,0.44022490171041107,0.0471025258302688,0.5634255421660282,1.275577381591329,-0.6023823227480248,0.1832986325025558,0.2090884939892516,1.0544503575959971,0.5078776707683128,0.0432593896985054,0.5274987061496522,1.313568085957713,-0.6409109096060647,0.2426068186759948,0.22379731118098764,1.0548286061696035,0.4118107961554905,0.059337243437767,0.5169911193824529,1.2632643718114587,-0.5731623998875963,0.2184352427721023,0.23277668786232264,1.03364701996622,0.4193670330998118,0.0605648942291736,0.44308575220293034,1.176514801934713,-0.18130654153503772,0.0192415080964565,0.3280343360779234,1.121916679785472,0.15862897790329827,0.0128474375233054,0.5080313880045524,1.546742953132853,-0.1591065974533667,0.02519385330379,0.3454077463146929,1.5386069746331805,0.45061796703381046,0.0275000762194395,0.5116058246534606,1.9074638250676303,0.3043424534067714,0.0019321119179949,0.35901743644999673,1.9167876033184041,0.8582226136014953,0.0020627034828066,0.5147609160382907,1.9351769160999372,0.34317279706383685,0.0006612841389141,0.38774611358103994,1.9469107206106055,0.8696899981548223,0.0018453644588589,0.46432300025578976,2.0121964317602816,-0.02538263503069052,0.0015470603248104,0.3694364299815744,2.0622254148719006,0.5407982253984753,0.0031795029062777
2025-11-11T0770.356689,148,0.19411499910879312,0.5423835709878505,-0.7064202393496011,0.9875874519348145,0.2125737349467393,0.48763966719608226,-0.7199320876701236,0.9872719049453736,0.23277285283107893,0.47297424113802433,-0.7428149592449848,0.9886784553527832,0.24745252298482373,0.4399709798971948,-0.7287365147689381,0.9905354380607604,0.1982375703747657,0.48976502846639636,-0.6559955027180558,0.980482280254364,0.18984138770323614,0.4960728581355871,-0.6692596851449382,0.9763835668563844,0.17026476500887444,0.483870067461122,-0.6718951466934171,0.9753475189208984,0.2552632742884898,0.45895587798078286,-0.6258537245199975,0.9951558113098145,0.17625991720072215,0.4945676777480574,-0.3816254159903226,0.9761313199996948,0.2444276656260283,0.5522327472540592,-0.6335162317360256,0.9892618656158448,0.21556847493137984,0.590427180583781,-0.5721264457527907,0.9689175486564636,0.40715185382430813,0.6360438905047335,-0.611893579844979,0.9942720532417296,0.18464681007753547,0.6425437098978083,-0.10214727649533165,0.9439233541488647,0.533734132017734,0.9054697425505343,-0.5685754745999286,0.6871635913848877,0.2059932835556172,0.8156483795594274,0.2411131902911956,0.0817275419831276,0.5207909735106552,1.1512091066965198,-0.5143228560816919,0.235152468085289,0.19742785705123225,0.9688535446012474,0.3216905918665648,0.0448948480188846,0.5634729330588475,1.2659301411796138,-0.5372056534931339,0.1833382099866867,0.21257810890721984,1.0522842622368067,0.37430930563017917,0.0413535125553607,0.5478401154118457,1.2522748978939686,-0.5618958085140828,0.2459916621446609,0.1945719675738297,1.0400644926985985,0.20648472071758492,0.0573577880859375,0.5159762119548013,1.2129660245151013,-0.5197445599933959,0.2223434597253799,0.23218552449814178,1.0540043190121489,0.40313907921948366,0.0589706599712371,0.45100100945995825,1.0852134920725771,-0.1637642461605418,0.018642233684659,0.3201829318056304,1.1088823919360618,0.17047993652528257,0.0121377939358353,0.46316418936470477,1.5035424715399424,-0.11515752613721267,0.0231501590460538,0.3029319521106765,1.5177268502621637,0.3780823759988669,0.0250830799341201,0.47511166378651454,1.8687900374586617,0.29310026068647677,0.0018057161942124,0.36050403890445853,1.9104144424963334,0.7059358841774946,0.0018668395932763,0.5007148402603291,1.9097053386136122,0.30325925505068496,0.0006480764131993,0.3703554324201596,1.9323581132019834,0.7116765783834927,0.0017166131874546,0.43382091546153434,2.0084284994322434,-0.023636563247823653,0.0014095042133703,0.32015024777331946,2.0115743233703602,0.37078494605077406,0.0028756645042449
2025-11-11T0746.693861,149,0.2700436301929814,0.3806809228763629,-0.7917959344450398,0.98879736661911,0.2695183026700036,0.3412245760749032,-0.744461987863444,0.9884995222091676,0.2955394167560442,0.35297573680482996,-0.7618152862334834,0.989773452281952,0.2729147466463171,0.3234505162272379,-0.7767036517496195,0.9914414882659912,0.24977883019028005,0.333724860588657,-0.7418633061021963,0.9823712110519408,0.2605174295802644,0.3450772744053946,-0.7335109200614245,0.9786857962608336,0.21606772674516772,0.3331453538085171,-0.7567590968980195,0.9777402281761168,0.30133123593090677,0.3462637109116269,-0.5727711038621262,0.9956126809120178,0.21502197484779725,0.3660703698547203,-0.4769714994682444,0.9784461855888368,0.2778767213113019,0.4240224329138484,-0.7055406380618966,0.990325093269348,0.23481013800309977,0.4230155856150814,-0.6567510982732669,0.9720081686973572,0.4666840184831425,0.5189665984101016,-0.4100368521746165,0.994827389717102,0.20674760690110086,0.5498162706026026,-0.13747058011812202,0.949491322040558,0.5101190964542803,0.7935930468427204,-0.3631911417684858,0.709069013595581,0.16265159070851454,0.8254328985459298,0.0013760597646673522,0.1403414011001587,0.5489022818981416,1.054273288639321,-0.5135228217168536,0.2231649160385131,0.1690270049550131,1.0375878296331882,-0.22172450760492834,0.0464117564260959,0.5522319588885003,1.0892382465535753,-0.5613501572588309,0.1720302253961563,0.14880148509659444,1.0723723859560843,-0.30291225547338363,0.0424002781510353,0.5136217346204395,1.1335680294703934,-0.6194619800200604,0.2327231019735336,0.16316002514711436,1.0919282299296782,-0.4133063022869913,0.0603529065847396,0.4837049160413273,1.1088169766898641,-0.5441063422632342,0.2105112373828888,0.18086763563270913,1.095724774827299,-0.2978610887924348,0.0621636658906936,0.4309476015042309,1.0369152433844369,-0.09451876030602094,0.0185349490493536,0.27827531401036476,1.0308083730837272,0.11038182374238077,0.0120569337159395,0.4292683256763221,1.4544820957892677,-0.13908339331325947,0.021678565070033,0.25974527602334424,1.43957414595522,0.19973056623911262,0.0229106582701206,0.4285345413676705,1.8051904923749889,0.28385033291907574,0.0017060887767001,0.26159275416579664,1.7962896660603729,0.48053912333480114,0.001694604055956,0.4499470422273464,1.8969918494989662,0.31526848024057436,0.0006391523056663,0.27311165621715927,1.914399065562022,0.5009807001664098,0.0016332368832081,0.38632852253036104,1.97246439852777,-0.07972634289619873,0.0013013583375141,0.27415948319265493,1.9627514163807707,0.09606967368965526,0.0026058186776936
2025-11-11T0758.905793,150,0.3065893637432014,0.30466520592039376,-0.5984581385397548,0.9898869395256042,0.31071257425818866,0.3114563972034673,-0.5668715128430035,0.989572286605835,0.3440463043235025,0.28582211318539336,-0.5687577209759752,0.99074387550354,0.37122364965448307,0.29830847938439475,-0.5698926361426038,0.9922247529029846,0.2800001288123548,0.3094298674977267,-0.5523529749089968,0.9840496182441713,0.30118690174922164,0.3108977280511409,-0.5703311302359497,0.9807586669921876,0.25269713826172463,0.3057971529240621,-0.5953765786901516,0.979888916015625,0.3387408518092388,0.2852336523627924,-0.34769316887679613,0.9959813356399536,0.2705465992077209,0.27780004981541406,-0.30672094282816464,0.9805269837379456,0.307285750869993,0.3722031392104588,-0.4794642294643081,0.9912757277488708,0.2555093301296987,0.3660778869606276,-0.4959442029825826,0.97478848695755,0.44660301687954823,0.5355720825977061,-0.1969388882605174,0.9953327775001526,0.17342412879131758,0.5042689913240761,-0.1394100786259686,0.9545336961746216,0.5090799325387282,0.7958541382082799,-0.11176970729213473,0.7265512347221375,0.18844406102924846,0.7989652993364971,-0.033521793168136124,0.20747971534729,0.5188261562126739,1.0132151135749075,-0.27060500179837144,0.2088404297828674,0.10562069000079666,1.0255492061412257,-0.2479318766136297,0.0523163639008998,0.5267740617735064,1.099405495525884,-0.32378535533910185,0.1600255221128463,0.10510059117088423,1.109022623195686,-0.25614492913182296,0.0468687154352664,0.48545366510363763,1.1170118524653294,-0.333357153985506,0.217644527554512,0.10099183444096568,1.1083534981609378,-0.37635195763754115,0.0679486319422721,0.5062806053005531,1.1192371915050738,-0.2749686169468947,0.196919247508049,0.094858283115876,1.0741449130577434,-0.2838897803546865,0.0700437203049659,0.4541494590997066,1.027813916409292,-0.035885955313849846,0.0225890632718801,0.25237423624315797,1.0193771151474789,0.06563447182889426,0.0169103853404521,0.3966593519381311,1.4462181743391844,0.07583927651397404,0.0209778621792793,0.24073693968889393,1.4281621376091174,0.09828667846159678,0.021237401291728,0.4238375408653572,1.8239326607419917,0.4541686983794403,0.0017576953396201,0.26706550199236095,1.8149554849577778,0.45696621283785344,0.0015724562108516,0.3850393299753484,1.8170932259306647,0.506193453365382,0.0007282458245754,0.24332079930322384,1.8332329472515045,0.4410173070634854,0.0016900961054489,0.3659479872205175,1.953963739075069,0.1290427932306545,0.0012949191732332,0.2342104172560348,1.9151837729235979,0.05427380354412765,0.0023823613300919
2025-11-11T0747.208571,151,0.3641037250469303,0.24214856743653143,-0.6657334770508104,0.9907843470573424,0.36607787816924975,0.22339219037590835,-0.629320613505917,0.9903385639190674,0.3866570530657086,0.2465322751617347,-0.595495052928785,0.9914732575416564,0.3935587034698511,0.24365410790331468,-0.6277678524411826,0.9927304983139038,0.32240139358717584,0.2447365551274419,-0.6185829366333633,0.9853668808937072,0.33580907896896794,0.20874553809472735,-0.6310543579808844,0.98249351978302,0.30525531619674817,0.2286211154852144,-0.6670522654734287,0.9816691875457764,0.36063742376282076,0.2483171023481895,-0.3551888699519851,0.9960532784461976,0.2969336070989338,0.21640164706535203,-0.3673020005430592,0.9822751879692078,0.35752112548790566,0.3150820934783046,-0.5115587978399985,0.9920800924301147,0.3407473397290247,0.2598369227146222,-0.5615368081254983,0.9772587418556212,0.4648536446733958,0.46894993716365874,-0.215636182997668,0.9957653880119324,0.18680988553841518,0.4639847380643613,-0.21431406502514913,0.9590646028518676,0.5063831226841592,0.7907806659702372,-0.14250401744344748,0.7375282049179077,0.1582825878926623,0.7486535936789906,-0.1574984506541998,0.2676243782043457,0.47656574999336054,1.0172537598157405,-0.34989561264884905,0.1959791630506515,0.07394682561912304,0.956208826933728,-0.37515149135104686,0.0617273300886154,0.4934521800273754,1.0817260581252097,-0.41042015828664263,0.1490494459867477,0.013247034672758277,1.0359111230516118,-0.4186462543785679,0.0531901828944683,0.4750178757061073,1.0933408859471767,-0.44259402170650025,0.2035435885190963,0.053865032646655986,1.0719235303588652,-0.49941317655980716,0.0776271149516105,0.45653677406824883,1.0334241153391102,-0.3646466708099887,0.1841192990541458,0.06255211776578454,1.0361960938035726,-0.42658529724113303,0.0796922296285629,0.4228811174383568,0.9781593710991129,-0.010048133349125996,0.0244578942656517,0.2154264964964274,1.0015245251909513,0.02479355911347155,0.0196876972913742,0.3698470274545856,1.4342968033824137,0.09185659466661611,0.0197983849793672,0.2190998886440966,1.4332799716779963,0.061692217375535846,0.0193991791456937,0.3699100416948813,1.7766035078782738,0.5282723190920064,0.0017000583466142,0.256837685242955,1.7892874278030972,0.4237948524787549,0.0014402221422642,0.3791938055302938,1.8523427875851057,0.5644257774584555,0.0007479511550627,0.23161523743437976,1.851955897982147,0.4258336424358474,0.0016103418311104,0.3405120305197914,1.9188835524123673,0.2258472155421867,0.001252967515029,0.22148341313177672,1.921084433313414,-0.0088677850501211,0.0021723536774516
2025-11-11T0741.680233,152,0.39641671711855797,0.22854919450125996,-0.4918926936592062,0.9915267825126648,0.41918053207229006,0.19136737332114395,-0.43959545632987856,0.9909970164299012,0.4234807845280481,0.2020024359291052,-0.43547494973998946,0.9920470714569092,0.45815765848467216,0.18966984698990252,-0.43784271321735463,0.9930974245071412,0.37747877834734195,0.21982429996055708,-0.4560499487164859,0.9866228103637696,0.3542537308677558,0.1852110523973839,-0.4972968200508169,0.9840942025184632,0.3804488862566353,0.1848350318125499,-0.4863572270458528,0.9833675622940063,0.41847081966737765,0.23293880388699437,-0.20107069084548826,0.9959136247634888,0.3456118887773427,0.2095643636214991,-0.3267008252607378,0.9839439988136292,0.4327651506379541,0.24069529818233368,-0.3946623668668957,0.9927464723587036,0.36037015230496894,0.27015825017442224,-0.4528888711631259,0.979492485523224,0.44416179363379615,0.4755069357630931,-0.1229957223911928,0.9960446357727052,0.2089944560709756,0.40053976243185263,-0.20313341571979576,0.9631502032279968,0.5043699599734836,0.7617518379716091,0.022898716404510834,0.7202874422073364,0.13244029601918184,0.7174140299527404,-0.19531661958612576,0.3332265317440033,0.4626347704954879,0.9863895415488121,-0.11033892252252574,0.1792834103107452,0.043248637668181315,0.9752050639880665,-0.35385343276075826,0.0820694118738174,0.4863284740492371,1.0657726043713813,-0.14949339278968915,0.1362731307744979,0.0010596451797931401,1.0405060591092226,-0.4315475062700612,0.0664831772446632,0.44600792104243697,1.047621695800697,-0.16414252982525396,0.1859837770462036,0.048461641333762434,1.041666559693944,-0.48939356469559225,0.0928442329168319,0.4275417849321432,1.0157420271912372,-0.1283210361029744,0.1686616539955139,0.028948153640502433,0.9784695394507417,-0.4191029724366964,0.0965939536690712,0.4301784498215989,1.0062965198231784,0.022799328892056245,0.0485864132642746,0.21949307944005733,0.9782684146824594,-0.012221628903221107,0.0519134998321533,0.36659419988120556,1.4412722206337842,0.1333602054258975,0.0207764860242605,0.2528382211601299,1.4375062295836858,0.06803797202687187,0.0187157690525054,0.3431280702940059,1.8056616597398045,0.5560500677146984,0.0020657498389482,0.2033235443398445,1.8150998111352736,0.31126356804415245,0.0014637490967288,0.37532905375703135,1.8447633052586114,0.549544950154561,0.0012383155990391,0.1998795132358389,1.8253357546691709,0.3720766654244228,0.001943493145518,0.3172342558145578,1.9022629620840141,0.2561175973091403,0.0014681705506518,0.23064142228971418,1.8741042235929066,-0.03071703101801875,0.0020584734156727
2025-11-11T0770.774711,153,0.4246799713005785,0.2249924029931283,-0.43432119951837106,0.9918470978736876,0.43803705870128246,0.2432183698181941,-0.39281719587109276,0.99117910861969,0.4477923013288135,0.207138779740822,-0.3961203979974264,0.9922235608100892,0.46300326791665675,0.1889484341315281,-0.37450582266804844,0.9930400848388672,0.4336493917668007,0.17559231600208336,-0.44354497163405,0.9874146580696106,0.41335673957004504,0.20199222952772203,-0.40832423474826274,0.9852595329284668,0.39296796656907085,0.18161592502898707,-0.40098460991737206,0.9846234917640686,0.4708334373562966,0.21320881172566597,-0.1485329903450269,0.995342493057251,0.37311410051042104,0.19498814726381247,-0.291826388976673,0.9852211475372314,0.4591020060541733,0.2787595934230622,-0.3523780117795681,0.9930673837661744,0.39486791807296534,0.2739151103517713,-0.4015648655039054,0.98135906457901,0.47355883770699725,0.46389447851204874,-0.03209619776590938,0.9962525367736816,0.20057361090513792,0.4197025491706391,-0.23901523414425313,0.966812789440155,0.4801940165074374,0.7439670870821707,0.09728383094803719,0.6934066414833069,0.10211818464781158,0.6585630057404958,-0.20441163100200693,0.3825029730796814,0.4832009684599839,0.9605348196463694,0.059609109495924184,0.1643853038549423,-0.022177688810661296,0.9227997837174786,-0.3206898577742279,0.0891364067792892,0.5088229675990793,1.0127541931507507,0.032496314944575264,0.1249062269926071,-0.04102467253005855,0.9632442246602956,-0.3641415830552784,0.0723424330353736,0.47709526921984124,1.0426988948940272,0.0042101571074612855,0.1702673137187957,-0.007547323649339639,1.0017990077550278,-0.4553151492327178,0.0996180772781372,0.47196053701600715,0.9838464875825991,0.04297017728405858,0.1548596322536468,0.009130485828343445,0.989408147019019,-0.37294458388683943,0.1049355566501617,0.4147152122939475,0.9880490514904537,0.02819697717001718,0.0567559525370597,0.2211130814287264,1.0104918949120223,-0.02149912394899957,0.0622064284980297,0.3904999510105037,1.4226401549653396,0.15438101551546335,0.0195229295641183,0.20118608918817643,1.4282808169335852,0.03837347729226326,0.0173395033925771,0.3844369040498789,1.7776410612208804,0.5644431683268011,0.0019769689533859,0.19710333488482673,1.7770819305994876,0.33613894393824195,0.001366319716908,0.3534828854723288,1.8763529722394396,0.603320628626087,0.0012249678838998,0.18359091231425845,1.8561464513237125,0.33252393420475246,0.001896079396829,0.35023852266396077,1.9433281032296243,0.2891869653482268,0.001475864322856,0.23646953671487134,1.8983476344160235,-0.03784688442988704,0.0018946182681247
2025-11-11T0782.529755,154,0.45971922598139525,0.21121590164751416,-0.5206313764030354,0.9925562739372252,0.4556233470636755,0.21182695369849872,-0.4592435516937715,0.9919201135635376,0.47035049242113625,0.20281059933964135,-0.47298107825951025,0.9928768873214722,0.46634491393974603,0.22237506552112457,-0.45157970934814295,0.9935832619667052,0.44811240487682635,0.17780433546352867,-0.46391817482424036,0.9885462522506714,0.42835085689724356,0.20519758707976676,-0.498521449087109,0.9866341352462769,0.4077060641369167,0.17836418275877544,-0.463851735670818,0.9860621094703674,0.4683154329214427,0.24235450112634951,-0.19206039753982515,0.9955995082855223,0.40307085742788384,0.16276665071030694,-0.32868957466162685,0.9866237044334412,0.4736180237036248,0.2649453597170005,-0.39955618238897783,0.9936785101890564,0.4023730226257444,0.2331272125116738,-0.4185341661528342,0.9831812381744384,0.47815731536020034,0.4704056909586677,-0.01887029012838652,0.9964949488639832,0.22591936326211448,0.35878660608528695,-0.21243255166308542,0.9701128005981444,0.466921024127461,0.7765089573432491,0.1126906709624041,0.6537243127822876,0.10733964873499587,0.6396790254790423,-0.2108343293648427,0.4286341965198517,0.5096178600490889,0.9988174533267116,-0.022016245114924015,0.1517658680677414,-0.030653348543493268,0.878945224949291,-0.32008223958764137,0.1029929742217063,0.4994006308868973,1.053227011583396,-0.000889026237478047,0.1160184368491172,-0.07394583252714595,0.9577728447249775,-0.3675056014523545,0.0857729092240333,0.48300341097276217,1.0793468542272204,-0.10045866033155126,0.1581712961196899,-0.046799990767149156,0.9789078545965216,-0.4723517510323678,0.1169684901833534,0.5057635372323322,0.9910373359946891,-0.03676117776305391,0.1440069675445556,-0.01933360617267701,0.9376758307602386,-0.3448655810191576,0.1219859346747398,0.4116853431796968,0.9655191760108204,0.023003755723769705,0.0575151704251766,0.22930607715881546,0.9777235003527773,-0.049549892428841696,0.0635220557451248,0.38043666937952875,1.4117418225672935,0.11548451259845911,0.0183011665940284,0.1833989084506557,1.3946292865923373,-0.06464456643047636,0.0158642586320638,0.3378466778325603,1.8343296416817652,0.41037432667759005,0.0018462931038811,0.1941537578301621,1.7829288917304082,0.17249968840421076,0.001252852845937,0.3699066507701895,1.8494380912927753,0.433852812526779,0.0011625685729086,0.15937526854151113,1.8383551206255542,0.17055572443379588,0.0017547436291351,0.32964105371119534,1.8847435454895591,0.0532637893670495,0.001422565896064,0.20646805646710037,1.8865805902685953,-0.2684622197437516,0.0017381546786054
2025-11-11T0710.494291,155,0.4723325677058569,0.23253359477876406,-0.4014235614676058,0.99318528175354,0.45885575792748345,0.22246064017212341,-0.3712252153032077,0.9925984740257264,0.48909617220807133,0.23900138366026735,-0.3637372328018478,0.9934682250022888,0.4886542016102606,0.2754647114637253,-0.36325214796729843,0.9940801858901978,0.445771230604497,0.21434442883710297,-0.3799649245476012,0.9895960688591005,0.4517839097016446,0.20064627725225245,-0.3997008394706889,0.9878935813903807,0.41976104258669744,0.19870775444270403,-0.39393288251654196,0.9873824119567872,0.46380047059386403,0.2631090468207349,-0.1427794388156468,0.9958807229995728,0.4060676490035692,0.18916721694001443,-0.2695572309524997,0.9879093170166016,0.43539951012707984,0.27523754733269534,-0.3276613155955017,0.9942483305931092,0.443249447263609,0.25905617881146265,-0.3592704601822365,0.9848345518112184,0.4492583842036395,0.44493692796910334,-0.03276359885236092,0.9967730641365052,0.22661907663406397,0.37054893686305573,-0.21520229808463165,0.9730960130691528,0.4778391215543988,0.710724259422314,0.1677575084700692,0.6473731398582458,0.10440559153066957,0.6119494907715665,-0.23296255156358864,0.4787454903125763,0.46279460826647745,0.9267050019548673,0.16870451450942747,0.1420555263757705,-0.003931133933673525,0.8797396112681679,-0.36408421194781737,0.131647914648056,0.5029291947042985,1.003665521420159,0.18905547532077058,0.1082512661814689,-0.0456721598515861,0.9562635103455245,-0.42175117386666106,0.1078345775604248,0.49167896530618743,1.003519077692426,0.08191923799261837,0.146988645195961,-0.04503304109994354,0.9675532521556065,-0.45032349736897276,0.1397237330675125,0.45884291569310887,1.0100292527387982,0.13339668512309413,0.1347357183694839,-0.0033182732531762725,0.9379483134632147,-0.41775168028471676,0.1460499614477157,0.3787105825048377,0.9293261205203973,0.04225171965686244,0.0819794386625289,0.19731466527077962,0.9060931849406092,-0.028470247399287607,0.0941783040761947,0.35585771976739516,1.3875412644829452,0.12544411915824022,0.0170111805200576,0.18198685877829168,1.361596726848498,0.02137159426331891,0.0146938301622867,0.3426341960688813,1.7713912668366025,0.4618151907327664,0.0017154077067971,0.19558004191702202,1.7493662923039468,0.2862399935928577,0.0011733892606571,0.3430946543994192,1.8277658000041717,0.4888267902183329,0.0011044197017326,0.16390662354135682,1.823806398469492,0.2492187547632858,0.0016574496403336,0.3511945080696916,1.9107200071868504,0.15739646295545115,0.0013662645360454,0.20875052984126613,1.900455014302898,-0.10462332371635102,0.0015989766689017
2025-11-11T0764.242174,156,0.44277479925739577,0.27551314696729307,-0.4018848684364371,0.993681013584137,0.46486254817774336,0.2338253478199689,-0.32509181976252777,0.9931415915489196,0.45625300433832217,0.25480906417044286,-0.33623431908483387,0.9939053058624268,0.4793310106882988,0.24372187056438566,-0.35329176656109673,0.99442058801651,0.42267286225016976,0.20752997021284536,-0.3873387094359011,0.990532636642456,0.4302610175071552,0.20841773059172822,-0.39072085579932103,0.9890225529670716,0.41026497797579375,0.20330232992830233,-0.39725111182697115,0.9885743260383606,0.45011044759125024,0.23817857179670918,-0.10580083178791667,0.9959954619407654,0.4206994770554076,0.20693816225720393,-0.28608940224671814,0.9890813827514648,0.4180038019456348,0.2664440646926836,-0.3178814440650997,0.99473237991333,0.42170997933432947,0.2599618364420023,-0.3793537477357236,0.9863247871398926,0.44802236861343225,0.4485508281306389,0.010239877999252252,0.9970141649246216,0.23565577954793462,0.34307828057416057,-0.2722458242551636,0.9757839441299438,0.4505081681031729,0.7307915375780758,0.3353764503319686,0.6350597143173218,0.05759435339771053,0.6188739776789551,-0.3507120759683406,0.5293177366256714,0.4987343279907703,0.9042989890467678,0.3859948459282293,0.1335830688476562,0.036369600550971826,0.8562471357759782,-0.5221905721720855,0.1979690194129943,0.46817307069957026,0.9606925239642472,0.38861762662218663,0.101591520011425,-0.005007203154680121,0.9236646601141132,-0.5739841005460565,0.1620139330625534,0.47128839407903916,0.989337617323012,0.3231026252631591,0.1369869709014892,0.015191540942034842,0.9328344781557761,-0.6460262796894762,0.1928697377443313,0.4740785740016634,0.9516850397416209,0.3665007733595676,0.1268958747386932,0.06857010957268353,0.8963292599280867,-0.5489732411640582,0.1998996436595916,0.38442314589759663,0.9492291724869779,0.0824065873695207,0.1299814581871032,0.26335364404140366,0.9175485748869998,-0.04394550378618533,0.1527143120765686,0.36799324230233976,1.3820107253488185,0.1356602118182388,0.0160088464617729,0.18864742705100687,1.3418774994793654,-0.010860243055277302,0.0137231657281517,0.324280171902128,1.7300654308623333,0.4945113061614474,0.0016088709235191,0.1582173863701688,1.739812676310097,0.21815530496329058,0.0011123006697744,0.3478601497646136,1.8119881926637975,0.5104015775504749,0.0010739159770309,0.14386990837068897,1.7809051226649706,0.2570801926377199,0.0015883715823292,0.32573737684825593,1.898215862194584,0.23871376506870975,0.0013509336858987,0.18812139245240517,1.8596268007181536,-0.12743407913009766,0.0014989695046097
2025-11-11T0722.184125,157,0.435819571829895,0.2705185016534589,-0.26098306056058784,0.9942739605903624,0.4564435622313191,0.25527817545460396,-0.22178727026572895,0.9937840104103088,0.44833158668732315,0.26998267263153086,-0.19981970424433448,0.9944639205932616,0.46670060360170607,0.2812426591859103,-0.25376844240008634,0.9949304461479188,0.44537230487704954,0.26820220803464806,-0.30204447302826964,0.9914559721946716,0.4291207278113722,0.231577907199792,-0.29972511024340415,0.9900975823402404,0.4395316585532325,0.24882186707476672,-0.2694052449603642,0.9896958470344543,0.4609238242184236,0.26712886563324206,-0.013396518412126895,0.9963425397872924,0.37721699304147754,0.2543264263110661,-0.2784577230329168,0.9901601672172546,0.4347475090685765,0.3311634926974521,-0.19482709874155568,0.9952409863471984,0.4089634642992551,0.30133942300168887,-0.28249806972966485,0.98768550157547,0.4185927424851063,0.4377110143697289,0.13787947495268946,0.9972841143608092,0.220643848520428,0.3294755053079608,-0.3090579982186547,0.9782039523124696,0.4172671752274112,0.7407964540962192,0.4737622093163153,0.6264642477035522,0.07346561480376783,0.6076327904360617,-0.4271845372512003,0.5730613470077515,0.45657977335918976,0.8845487879736305,0.5412346863864655,0.1311294287443161,0.1219230475675131,0.8557211716972423,-0.5487408706461344,0.2520179152488708,0.476251454818225,0.9662806836916588,0.5861494624160464,0.0993923023343086,0.1034725139527521,0.9719772691485481,-0.5831610946219806,0.2096431106328964,0.47233738288355775,0.9282614124410099,0.49679542188231784,0.1324454993009567,0.15326120619950992,0.9668987986164294,-0.614736814731344,0.2400221824645996,0.4546513227807942,0.9253871167154128,0.5690540058316168,0.1244836896657943,0.15013433009189064,0.9446213366958899,-0.5853566794481185,0.2479412704706192,0.4039686243997837,0.9417444650763521,0.10405352890350013,0.13726207613945,0.20649722428209705,0.9298327183418771,-0.10506573499894165,0.1666964739561081,0.35791842845218386,1.3891693983436582,0.11110528650065879,0.014810930006206,0.20902557447590533,1.3869877848421919,-0.07191201201939881,0.0132093681022524,0.3448088358955263,1.7797087604050952,0.5134243788723748,0.0014823439996689,0.170825014840685,1.760297706121474,0.13502272889046293,0.0010578596265986,0.37151389684788744,1.8241634951185715,0.49685770433183485,0.0010003262432292,0.2016086819520196,1.821435232345781,0.1353574136931349,0.0015141720650717,0.4463287413111544,1.879867783934945,0.2557587786733632,0.0014378947671502,0.2816264301178728,1.8941484489287603,-0.2176881705907958,0.0014423161046579
2025-11-11T0756.581362,158,0.45121104379835947,0.2889355603481216,-0.20307026415652754,0.994817316532135,0.4587422066418852,0.2791109802632231,-0.15475384045656587,0.9943798184394836,0.451858569401433,0.24913144786710265,-0.13814622311005004,0.9949833750724792,0.4245824267243323,0.27531913368476335,-0.13308412980159764,0.9954082369804382,0.41595258843260613,0.28110114870557384,-0.2191757230995188,0.9922946691513062,0.45499159682963586,0.24981335339625843,-0.23756258654342013,0.9910705089569092,0.44498725716093024,0.25238537384031473,-0.22994271816284373,0.9907114505767822,0.42314331539939093,0.2851080490948921,0.06870169798010993,0.9966763257980348,0.3793707727845172,0.23834538534201738,-0.30589505315309795,0.9911358952522278,0.4137149268089127,0.30204674922313846,-0.08793391814083215,0.9957057237625122,0.41388634271711744,0.3182186318228496,-0.2053802611210419,0.9889119863510132,0.40945666015880344,0.4454153469014415,0.1944102838383038,0.9975160956382751,0.16692989282922055,0.30666739302971296,-0.4031757384466725,0.9803814888000488,0.3880725949583112,0.6960904708586466,0.4830535762270136,0.6169538497924805,0.07118084529895453,0.5904542383053211,-0.5363784563275698,0.613608181476593,0.4318827397376075,0.9078007603138651,0.5282359559954246,0.1429506987333297,0.14228939522496398,0.8986282750586867,-0.6549921300535817,0.3161091208457947,0.45946133348684864,0.9545758094781921,0.5083922728334792,0.1107092276215553,0.1608442950305023,0.9699482486476099,-0.6664724449322643,0.2734776139259338,0.44801242963912247,0.9421854321528094,0.46622370317567907,0.1435799598693847,0.2043742439682463,0.9765152358268294,-0.6985521807513854,0.3028822541236877,0.44626443326342075,0.9364168897720462,0.48773883837529697,0.1374760419130325,0.20193149662754228,0.9198796405443296,-0.6123371801292049,0.3089394867420196,0.3600833847385392,0.9361083033715699,0.15661443877479075,0.1511048376560211,0.23504587984394695,0.9702308148026979,-0.11898842248609781,0.1846354901790619,0.3585086153653061,1.3958860952303684,0.12778414619868222,0.0141403106972575,0.1954714988748785,1.3517863019101888,-0.0689924034610063,0.0137739097699522,0.3656752314627795,1.8153854524348183,0.48467215193437474,0.0013869262766093,0.20981417484179293,1.7657896348952422,0.10843315112335201,0.0010377782164141,0.3624665038631643,1.8765623553994368,0.488949775662517,0.0009412652580067,0.20433091282367574,1.8201960270985547,0.10574495810828129,0.0014956332743167,0.4143927578024425,1.912761512633478,0.2095845322862207,0.0015853350050747,0.25475876397034647,1.8904920672983958,-0.26242830372610076,0.0014663395704701
2025-11-11T0741.613520,159,0.4300118223654609,0.3045278612767501,-0.0255634175533462,0.9952948093414308,0.4344345651292657,0.3018117835466677,-0.024451351019191228,0.994897723197937,0.4529628086760435,0.27032755230716116,0.019494749967637635,0.9954360723495485,0.44687801452983356,0.28789146386779835,-0.01050072846769554,0.995816707611084,0.450133308918745,0.26948387966114923,-0.09733215427214709,0.993037223815918,0.396571018297854,0.26947444589984565,-0.10682458661044777,0.9919360876083374,0.4107714580023148,0.27819021485782136,-0.08129351312247268,0.991615355014801,0.4176898152127186,0.25867861692211874,0.18093156181722608,0.9969522356987,0.3719808262160341,0.23155475625926145,-0.23763872282533152,0.9920082688331604,0.42361928685627653,0.34262297948809284,0.029101349466487347,0.9961066842079164,0.39397211840763,0.300342936873492,-0.08123937271003381,0.9900074005126952,0.32251464995504936,0.4350606045523053,0.31199800215633305,0.9976276755332948,0.17022113834696043,0.29234725958642654,-0.3627340227857378,0.9823414087295532,0.30713316629133597,0.6742352390228992,0.42393537983404506,0.5898651480674744,0.08205730843762095,0.5029177604760551,-0.47094627932736083,0.6510117650032043,0.33634773455871675,0.9050709731423916,0.25362012950635876,0.1630120277404785,0.1458101719967118,0.8695863536538424,-0.5613605702204986,0.382193773984909,0.37782652431545205,0.9923019050135727,0.22738112039047484,0.1342876702547073,0.14185758243264418,0.9779312989651371,-0.6060847120557185,0.3427358269691467,0.34142736481622615,0.9780672766695522,0.19307971295585794,0.1671513319015503,0.16489463035118745,0.9651414871155315,-0.6389721556990506,0.369650661945343,0.3413691920557554,0.927690708400939,0.24722822781579995,0.1616268754005432,0.1868413231973382,0.9248290355034133,-0.5167721317363145,0.3741853535175323,0.3086975983745984,0.9019262297112942,0.17032255167816573,0.1918370276689529,0.18716756494035533,0.9011148715918552,-0.14296749263924957,0.2371584922075271,0.2731060358915156,1.3732609962780853,0.14105098411380945,0.0167534127831459,0.1822510469644743,1.3326959117898591,-0.15256557091861705,0.0240808296948671,0.2983925187593527,1.7670635470789717,0.4652068631776799,0.0015301192179322,0.15196131124038442,1.7426241466756447,-0.0501410645563782,0.0013679236872121,0.3167058472085432,1.7957923214670992,0.45883007719351104,0.0012026600306853,0.13808155774921935,1.7961868609341027,-0.03633663165080841,0.0021077564451843,0.3342326892889755,1.867928119904988,0.1993012949492933,0.0024789464659988,0.19761178411273753,1.8831208064332652,-0.345419874744179,0.0020168535411357
2025-11-11T0765.146279,160,0.4201061782432027,0.35259551760084623,-0.02832511204638193,0.9956771731376648,0.4332622016413214,0.2886131085835753,-0.0010952582538818697,0.9952800273895264,0.4426184880264776,0.2936368237559821,-0.008822190294381797,0.9957715272903442,0.4433801102683793,0.2964856445758927,0.004325372511502602,0.9960933923721312,0.4065983339041663,0.238696856932389,-0.08495279301170981,0.9936522245407104,0.4130995448185157,0.2754180408407583,-0.07434569155552481,0.9926734566688538,0.4100538443937707,0.27394577520269114,-0.1078711062752431,0.9923855066299438,0.39882931929036597,0.28523069711657006,0.17249697934988653,0.9971266984939576,0.36087710574393195,0.2555770859156748,-0.2105179954732167,0.9927688241004944,0.4016679796670245,0.36340234263591464,0.04462742223966582,0.9963962435722352,0.40256119148793124,0.3232719465038415,-0.0616933579009936,0.9909575581550598,0.3106937015431885,0.4671609453855673,0.31640105743933256,0.9970849752426147,0.16000808018019505,0.2969400171806721,-0.34943824031976356,0.9840986728668212,0.29511810084599394,0.6189865923657695,0.4145756552514199,0.5413969159126282,0.02450687796752921,0.52331224087927,-0.4852919982531958,0.6832005381584167,0.29500283440290503,0.8634034740699091,0.24402956976035642,0.159967616200447,0.14025572980363768,0.8251307745503379,-0.5377712980454703,0.4374824464321136,0.26041996706868187,0.9290641729846323,0.21402438782657987,0.1361542046070099,0.14120979436760284,0.974304785089264,-0.6206727790588237,0.40023934841156,0.2846964888899743,0.9388460720252676,0.15324231130878646,0.1683233827352523,0.15491080287695072,0.9593099813696813,-0.5776372519688364,0.425830066204071,0.26369284505830776,0.8942093242125214,0.20411850034831888,0.162861168384552,0.17142777537680143,0.935482824952082,-0.5077404036966502,0.4271807670593261,0.22755982853595053,0.8909043236243253,0.14255372296445942,0.1940115988254547,0.13438702964101779,0.9080909769062179,-0.1589333246999263,0.2559602856636047,0.226589890295069,1.292259400579633,0.14582407651876134,0.0232390575110912,0.10674929795467347,1.3174466267493763,-0.13636530867441846,0.0417390689253807,0.24719383798084846,1.6976931262741495,0.41127247988289595,0.0022718706168234,0.10404634742478622,1.7010639892773425,-0.015116036036677698,0.0030936482362449,0.2412230187465619,1.7416822857711685,0.4042124070164097,0.002406244399026,0.06910983656635775,1.752672171165739,-0.04683730539318971,0.0054129669442772,0.2669227425679163,1.8454904657808373,0.21021975411268393,0.0048759547062218,0.19499948364780234,1.849914947395372,-0.29190103343163254,0.0052670394070446
2025-11-11T0732.133086,161,0.430077876443448,0.3663998755002219,0.0051676946260516355,0.995599329471588,0.41202659569285477,0.28464709768922725,-0.005388099300529903,0.9952393174171448,0.46102552450160816,0.2913859073769661,0.017693763560631605,0.9956883788108826,0.44605358182106797,0.3014079585226729,-0.009082142055454075,0.996032416820526,0.42940381848319115,0.31525442949497506,-0.09920800537101736,0.9939477443695068,0.3915272162230333,0.31669887250674367,-0.05210582983447202,0.993063986301422,0.4110748874869565,0.27326066564653706,-0.08862420331666285,0.9928481578826904,0.42531091212561534,0.2959268522664252,0.13803047714301836,0.9970924258232116,0.37596973956707447,0.27280449174846205,-0.23680998766922012,0.993356704711914,0.40433089613529716,0.38711263825025544,0.08625590388481673,0.9961845278739928,0.38075532795936323,0.381413360958083,-0.0962893682685311,0.9915416836738586,0.3134274206377272,0.3967463056192666,0.36224871052687885,0.9953902959823608,0.1905290743846677,0.30567468186252245,-0.4260429621538682,0.9855848550796508,0.26415849303344724,0.5857023479861421,0.6322274751076508,0.4900962710380554,0.05728294762611168,0.5567849058996588,-0.49899696253525655,0.690118670463562,0.2926234354576833,0.68209992163294,0.7492370502106066,0.1478487402200698,0.1479138069298718,0.85435299262391,-0.43114305705622535,0.428718239068985,0.2964746626518901,0.6975842146943886,0.7785273542986859,0.127206265926361,0.17058513846840376,0.9350852828181665,-0.4541966593510403,0.3938673436641693,0.32945049533987586,0.6518290426124168,0.7747178176262696,0.1566962301731109,0.19088049914951785,0.9406389221930053,-0.43799612224667195,0.4206503629684448,0.284036629694854,0.641748727510035,0.7110116406509026,0.1518903225660324,0.18111466385367392,0.9070645756335147,-0.39011590684475284,0.4173533618450165,0.21584844678178544,0.9420885680772548,0.19533248927286126,0.1882151514291763,0.16060683405265727,0.9066830402695764,-0.21357877778225834,0.2492352575063705,0.28604378946230197,1.3367227834971809,0.21623806248293004,0.021859111264348,0.13985187152907086,1.2946967928379578,-0.12267140552420909,0.0393472611904144,0.2665232271897538,1.7046744206199105,0.5056617238948817,0.0021024306770414,0.11915288700646214,1.747333551643858,-0.01871995535404216,0.0029725627973675,0.23622599591140225,1.7570496557336828,0.49116488540030334,0.0022876996081322,0.08152856158322942,1.8398403084742023,-0.01837607637784841,0.0052513424307107,0.30047397783532276,1.8536243096041445,0.32734803888974334,0.0047841188497841,0.20509501119978002,1.885475514607045,-0.2525043462008553,0.0053919148631393
2025-11-11T0776.987054,162,0.4247270222743891,0.37565428407168355,-0.09403034843122977,0.995954692363739,0.4506756676699315,0.3524332033696621,-0.08637669188672512,0.9956101179122924,0.4216582944709129,0.3366425932799451,-0.07883393572588686,0.996013879776001,0.42636255471963264,0.34945586692774927,-0.06788891798895877,0.9963313937187196,0.4328082534730697,0.32793283973587467,-0.16595139630355854,0.9944742918014526,0.41115178652049467,0.30182426870507206,-0.15284175552363263,0.9936774373054504,0.42103931618112345,0.3162068559565652,-0.1437106472955256,0.9934930801391602,0.3777247285807952,0.28188096872212953,0.08460988588605567,0.9972901940345764,0.3972816647951235,0.2900309511111362,-0.31134173021747114,0.9939813613891602,0.406270559135096,0.3608035971425063,-0.04521658847968793,0.9964169859886168,0.3653468566608148,0.39990706603944615,-0.15240586388984237,0.9923070073127748,0.289609587686719,0.412170566963001,0.30350060689286706,0.9943853616714478,0.22585068295089789,0.32927717799193224,-0.4894055124849668,0.9869564175605774,0.2555479394055853,0.6537988161795314,0.40154201015093494,0.4425762295722961,0.07312549030975014,0.6117040476019368,-0.5778917263710274,0.6824504137039185,0.20611511687363313,0.8063084949666053,0.4703642338001355,0.1366981714963913,0.16954741340862914,0.9924477438408044,-0.46443015910393837,0.4242154955863952,0.2748730794236628,0.8539478285962748,0.44799102612049524,0.1204215735197067,0.17359118485033714,1.0655171444176519,-0.5251557853170585,0.398005723953247,0.27635396631520115,0.8648586751563706,0.40071407868259384,0.1482046991586685,0.21435528854596186,1.0426869668883512,-0.48922152793688656,0.4286412000656128,0.2687212888772169,0.8983212140541855,0.4390943475034301,0.1437281519174575,0.2437014054451827,0.9948697277625743,-0.4586495692565748,0.4184651672840118,0.22950104433094287,0.9783059366415158,0.21374661325389466,0.1758809387683868,0.12676726076885683,0.9550008293824093,-0.20299139548312087,0.2342568039894104,0.22582240553417268,1.4082312024869188,0.2490762170117647,0.020336277782917,0.10648613128952777,1.4314415421637254,-0.1618952406879714,0.0370952002704143,0.2292807007785138,1.7725137601400607,0.5865241787606319,0.0019518320914357,0.09210423133244358,1.8582400292033951,0.060002700221063195,0.0028064451180398,0.22944214272619637,1.8691155234818444,0.5923452986172184,0.0021541262976825,0.07372191494233085,1.9254741133651867,0.0323868434060884,0.0049056587740778,0.2548167880894447,1.9111151277761276,0.4133758132550027,0.0048167523927986,0.19017263870688736,1.986068042301137,-0.24511011985268302,0.0054990323260426
2025-11-11T0786.734797,163,0.4793453787979761,0.3906270041596247,-0.12264106169948161,0.996305525302887,0.46399894630699934,0.32772740034724157,-0.11857846580049024,0.995996117591858,0.471447780112215,0.34244760175610933,-0.10497287203866815,0.9963625073432922,0.45751970229936806,0.33980964114719986,-0.12124386307855359,0.9966487288475036,0.4391934300312481,0.317462446344647,-0.2062673250313001,0.9949823021888732,0.4490740936094754,0.3238174043066855,-0.21189300887550294,0.9942644834518432,0.43478132531948827,0.3278666492084507,-0.19515220936643518,0.9940961599349976,0.412079972798096,0.32851072405040094,0.05669250317469314,0.9975148439407348,0.4091188128276442,0.2978467360057839,-0.36508235784406845,0.994559109210968,0.4342803949775453,0.41314399329323676,-0.0666953073709111,0.996700882911682,0.38707414263585216,0.40469516768770863,-0.19012454842941506,0.9930376410484314,0.32783317759595004,0.4176303185425292,0.2652885329806416,0.9944345355033876,0.2087629056491417,0.35560626675997903,-0.5313678037413463,0.9882112145423888,0.27072179918116235,0.6998904694182926,0.3776674430927374,0.4011262655258178,0.08816309716865672,0.6924225266578009,-0.5925850800255237,0.6796335577964783,0.25551310886439776,0.9026365373499735,0.3445539288210225,0.1293272525072097,0.23142517276235364,0.9986907991479335,-0.554512460711537,0.4195035696029663,0.2657799911595008,0.9302787735883657,0.3016362329406423,0.1183065026998519,0.22585934679457725,1.1139016902280012,-0.624142141772126,0.4038679599761963,0.28611639367848535,0.9191324039367417,0.2230236424281241,0.1453259289264679,0.23971947508071684,1.0982332816493834,-0.6228286237988798,0.4378107786178589,0.2639586035832473,0.9184156197035146,0.28794255413283515,0.1413340419530868,0.2174638530176043,1.0938167937217065,-0.5487279488528141,0.4220064282417297,0.26987492186057155,1.0406902176566404,0.22249586212694586,0.1613571941852569,0.16960282391525427,1.006804986886858,-0.23378254275833438,0.2146125584840774,0.25426845248465824,1.4753096427521353,0.22465173532029145,0.0185430776327848,0.13549687227261512,1.4623066415884431,-0.23516067141997823,0.0340407900512218,0.23419480758314903,1.8764012031172326,0.5591654597098487,0.0017797988839447,0.11596579592671057,1.9222209870196274,-0.05505164658461138,0.0025755728129297,0.20490132444692088,1.918198020747026,0.5309518025026337,0.0019851007964462,0.07686101168860664,1.9932557046059334,-0.04537266148948579,0.0045054964721202,0.3222187362645483,2.007373950296051,0.35432748840739914,0.0047157793305814,0.20179289700595515,2.029088070996923,-0.3424560299225294,0.0053342776373028
2025-11-11T0750.249221,164,0.47711564101941756,0.4381289971967624,-0.051465274873156275,0.9965074062347412,0.4849949526425394,0.40759366483568005,-0.03178884311353123,0.9962764978408812,0.5071261526738217,0.37208135991408864,-0.012999978333395213,0.9966101050376892,0.4756391368428188,0.3774635618582967,0.014764694749042176,0.996881067752838,0.49260953158842696,0.3902412547267862,-0.0706335939174122,0.9953829050064088,0.47624336805865164,0.38065026893698456,-0.07806230474317355,0.9947203993797302,0.48486031829705684,0.38582060026576326,-0.08127425162428895,0.9945770502090454,0.4824169813478408,0.3806336802239101,0.15411886475658892,0.9976900219917296,0.4589304056894519,0.34904468167709785,-0.27025674527762206,0.99505215883255,0.4754803689669373,0.4785933207133703,0.022310677822153138,0.9968578815460204,0.4849027917117238,0.4733965966282728,-0.06680722437555556,0.993627429008484,0.3585216256453204,0.4744885310017047,0.35294866342239395,0.9944343566894532,0.27806288639347765,0.4510804429959547,-0.5192339457131209,0.9892776012420654,0.29162206074756575,0.7113626161487784,0.48312013929402536,0.3637844026088714,0.13148213016846186,0.7067553922257368,-0.5114466197620446,0.6688981056213379,0.29436172963857105,0.9033827329121608,0.4179340715205,0.1211144849658012,0.19381479826860462,0.9901723046213323,-0.5620711503991191,0.4047659039497375,0.2881201058544246,0.9727154012067944,0.4764220046193433,0.1140376403927803,0.19929018345544253,1.0892284410327164,-0.5738577657860247,0.3981351256370544,0.30388316025876566,0.9368517997153748,0.3958897983176095,0.1398036926984787,0.21045422938695077,1.0455194278401092,-0.5554550503736979,0.4341418445110321,0.2992521851308052,0.9205208519540394,0.4318943322832827,0.1361279785633087,0.21143907921432825,1.0249278089549156,-0.5355060291914622,0.4151633679866791,0.3367080076246554,1.0462851599157736,0.20000549088122488,0.1482655107975006,0.21909966292498315,1.076985907567919,-0.20648515828534195,0.1966769993305206,0.32244059090463767,1.5484755364224687,0.19984051359885316,0.0168449729681015,0.20912352873600115,1.512875431830741,-0.19764040433545113,0.0310834385454654,0.30929985764442347,1.9272303103183765,0.5135211593035723,0.0016114932950586,0.2069728730361747,1.9645081520701697,-0.03683291840974665,0.0023460420779883,0.2501495735533742,2.0069230035677363,0.5070699923550951,0.0018114577978849,0.13334435846090364,2.024354579887839,-0.061684755470063524,0.0041104392148554,0.3619757942851899,2.056936811670355,0.3252022947963355,0.0044029080308973,0.2833809558503418,2.0521555190946086,-0.34689647382120403,0.0049894927069544
2025-11-11T0781.646509,165,0.6005802214423739,0.558122149365783,-0.09531352008630187,0.996679186820984,0.5982525896001037,0.5126850473482566,-0.06011293725726601,0.996471643447876,0.5768478491972546,0.5152877534028317,-0.04072798032392745,0.9967916011810304,0.5972618517954411,0.5036639610780835,-0.07337310000753364,0.9970178008079528,0.5827818278219277,0.5199735634307753,-0.1631461062926889,0.995676338672638,0.5527807475883084,0.4838597495206512,-0.17168581137895583,0.9950842261314392,0.5668240289116817,0.48711899311296203,-0.17166699824092138,0.9949408769607544,0.5292477973204088,0.47520071851904366,0.04747605354434245,0.9978120923042296,0.5112706278655755,0.4821469277568192,-0.3286395190598616,0.9954822659492492,0.5635662140511345,0.5830974234981458,-0.005185056079196185,0.996859610080719,0.5405583029521752,0.5712151508335077,-0.14068424024794585,0.9940844178199768,0.4875234338251521,0.5667813389932049,0.2771462012078827,0.9937744736671448,0.35435410270115,0.5697145269225454,-0.4390658621197576,0.9898753762245178,0.4667007678127921,0.8762702813324721,0.4592067265831108,0.3282850384712219,0.2439672702796789,0.9086444482703024,-0.48592007638618057,0.6113326549530029,0.5086732053929633,0.9898125790942575,0.3686724822252223,0.1132166683673858,0.2664069789899424,1.1325050553745262,-0.3742071959285411,0.372053861618042,0.5360603988873488,1.0333790873350839,0.37726083412303346,0.1097240522503852,0.27294421846888567,1.2164322772665723,-0.38441638669897216,0.3729017376899719,0.5643393914306746,0.9920516983097919,0.35585397348055076,0.1345748454332351,0.3067810301855952,1.2278194746688775,-0.3701371600893677,0.4094669818878174,0.5585071951249599,0.9897490860716189,0.3752942572229609,0.130936712026596,0.255126484143516,1.1807681395263223,-0.36358560310221866,0.3899806141853332,0.4025057010627346,1.2074483260486273,0.21499540127399538,0.1344561129808426,0.24239023296735432,1.1968527112262906,-0.2067591974193052,0.1779495626688003,0.39345074577128086,1.6870387615174356,0.2224591022795741,0.0152566842734813,0.27799568907346645,1.602610372190026,-0.23665364842599998,0.0281326435506343,0.3960146110120762,2.071823573625396,0.5312714559958669,0.0014542165445163,0.25449094210873974,2.073678752456624,0.009200699814241209,0.0021165194921195,0.33726294815743185,2.124860566598021,0.5482465352142366,0.0016391759272664,0.21126342530065728,2.1597656469432107,-0.0007579837321884204,0.0037065821234136,0.43160476682222415,2.2001818969104536,0.3602289349971023,0.0040544527582824,0.35247496484670243,2.162903886512653,-0.3257708634563556,0.0045412345789372
2025-11-11T0737.459449,166,0.6703777562900529,0.7019215658162992,-0.19897577004308897,0.996977686882019,0.6561212026757449,0.6256729891185938,-0.20084399728079305,0.9967867732048036,0.6640344189368158,0.671348057692243,-0.19389135336296623,0.9970664978027344,0.664465777259622,0.6137652465904094,-0.177217239089867,0.9972701072692872,0.627934232147109,0.6252853226107757,-0.25872220014509706,0.9960814714431764,0.619349233501055,0.6306354123418819,-0.28376871713844104,0.99554842710495,0.6065802786483997,0.6123244034543779,-0.24558935659056397,0.995421588420868,0.618685033083964,0.6314345998858185,0.0011350450757457269,0.9979891180992126,0.590215802567816,0.6339648269216216,-0.3990083473176178,0.995922029018402,0.625254139064074,0.7137125777770783,-0.11851202446024886,0.9971331357955932,0.6459211559589615,0.7242890556086178,-0.2697453368429371,0.9946616888046264,0.5499191833933995,0.8213058373350997,0.1966521114199755,0.9936614632606506,0.389506699220661,0.7600543238397499,-0.4993821894709725,0.9908259510993958,0.5599194920435498,1.0878560452054904,0.4610440843933225,0.2997378408908844,0.19897150260360588,1.016390299744952,-0.5322392111065724,0.6127492189407349,0.5787431639785188,1.3532739353426648,0.6534873249618139,0.1117555126547813,0.17799164074605459,1.3153262504073404,-0.5547724614558749,0.399294763803482,0.6123510865359014,1.4326777593674742,0.662032712277903,0.111958310008049,0.10902037325441101,1.3967054540041566,-0.602465919035259,0.4087348282337188,0.5948359696109247,1.4464704165820388,0.6054864368997879,0.1372402012348175,0.19116548756156432,1.4435094565804925,-0.6226328749312298,0.4481429755687713,0.566425922992305,1.4544719334122966,0.5902792146086722,0.1342281401157379,0.20462721541101278,1.4455101441445968,-0.588016732222456,0.427834004163742,0.4444937448809108,1.3858424307420134,0.2070507101078683,0.1219101473689079,0.3195936582830793,1.3736202234092698,-0.21053551227159698,0.1610653698444366,0.4209917303615941,1.8755841253230519,0.23721823000704131,0.0137618780136108,0.2910682474191087,1.8654563645416071,-0.18349825872473102,0.0254326369613409,0.4157073401187168,2.2928961895694266,0.6552807501785152,0.0013098532799631,0.27003450902754167,2.237337828041208,0.19563682814598726,0.0019068436231464,0.3687821112670697,2.319832711733231,0.6839421860829652,0.0014763803919777,0.24077912088705883,2.288971205773557,0.2024879657978636,0.0033382750116288,0.4506527632760805,2.400459367247709,0.44040297346539303,0.0036844401620328,0.3516237524569765,2.358941314623716,-0.12311871923108685,0.0041075353510677
2025-11-11T0794.758798,167,0.6691853057623383,0.9050549683439978,-0.4130839342648108,0.9938896894454956,0.699018645056922,0.8728863607288326,-0.41917108667083425,0.9916096329689026,0.7044358651622634,0.8628846130623435,-0.4118725474880496,0.9911295175552368,0.7267213702941149,0.831307737973458,-0.41971593739869734,0.9918511509895324,0.6762473077829806,0.8665900750264423,-0.47200963757942893,0.9919437170028688,0.6498142794965465,0.842360017906005,-0.45445431643375717,0.9905837774276732,0.668821124393694,0.8420239415798136,-0.4549067612413436,0.990997076034546,0.6388813534239312,0.8146126728583521,-0.27973117585181356,0.9932925701141356,0.6239202554835687,0.8460942475491627,-0.5650680892795784,0.9931107759475708,0.6534950479715852,0.9163287873493684,-0.32406249174161167,0.9935652017593384,0.6374177000007971,0.9025322124675127,-0.43138096672811604,0.9929153919219972,0.6669022413129316,0.9402716432752815,-0.1096755785144394,0.9921342730522156,0.41680272869604107,0.9239499740397705,-0.4840623921586189,0.9884425401687622,0.6921256237333199,1.2228292144969095,0.09888000395024227,0.275288850069046,0.2678101508387376,1.1739446626949106,-0.44665294141198547,0.5620817542076111,0.7427671688415278,1.2496965315170292,0.11502220520678838,0.1096896454691886,0.2450711239243868,1.3063549271128734,-0.394807705893911,0.367122083902359,0.8029267740776586,1.3027774471367157,0.1537241165404375,0.1124370619654655,0.22899012404142607,1.4065481980445538,-0.36903852912494123,0.3780238926410675,0.7819954585860298,1.2792068757750126,0.12437817959419759,0.1386155933141708,0.2682314588086274,1.3587219936988726,-0.46924952797878167,0.4172135293483734,0.7557439715835214,1.2869016083327804,0.13236350803056895,0.134959191083908,0.2574746900640158,1.3652921230705077,-0.39275231046358283,0.3991558253765106,0.5286682200030938,1.538983595113067,0.036985594186188395,0.1098793521523475,0.33845023444702677,1.5020113598487248,-0.04688735248145591,0.1450744420289993,0.5164911559479775,2.015287086270545,0.09558305023891633,0.0125059224665164,0.36189330074779413,1.9959296351262206,-0.07434983735448172,0.0229368489235639,0.4916934080657388,2.465663561766033,0.6020479937136854,0.0011805165559053,0.3248473842828773,2.423462676058028,0.30888683921722715,0.001717553823255,0.4821889381803033,2.484101791521648,0.6437020705492591,0.0013296462129801,0.32871063824553043,2.4653249855944255,0.31342255615451975,0.0030060543213039,0.5509541170083121,2.6233195915955907,0.24002974444170022,0.0033269661944359,0.3084248872391477,2.521108759053007,-0.08313821609001561,0.0037039122544229
2025-11-11T0779.463787,168,0.7529701568865893,0.877009913294395,-0.36880972361990516,0.9894657731056212,0.7459287417435866,0.8911180708645993,-0.31916685148707497,0.986097514629364,0.759715511627249,0.8974977112937301,-0.2815671533032592,0.985180914402008,0.7530346587804088,0.9012301131373112,-0.30278962797960635,0.9860960841178894,0.7252569202069639,0.8776878609420052,-0.32026114823378604,0.9871695637702942,0.7243842673683534,0.8876317587590762,-0.29602067067927096,0.985556423664093,0.7181199617829385,0.896966717671235,-0.3423379259409187,0.9865871071815492,0.7591951667343273,0.9012926290740586,-0.17671228149719442,0.9893017411231996,0.727222106822374,0.9077622123713036,-0.23283390341244342,0.9902962446212769,0.7553857715992269,0.9257663639213345,-0.2422713242424854,0.9916344285011292,0.7483814620884007,0.8979968086559763,-0.2283420061318441,0.991213083267212,0.7782281064415887,0.9827540615035534,-0.13424350478171684,0.9924902319908142,0.5719180076996052,0.9723000935155728,-0.0747635627270373,0.9893887042999268,0.8360633748395176,1.3360590277177233,-0.10849134218667661,0.2720514237880707,0.4001395015142295,1.2084936791479157,-0.11571568000194003,0.5441862940788269,0.8310185546290672,1.4209644188790282,-0.10752658306535616,0.1047542914748191,0.3388826290797724,1.3721883390513019,-0.2867847493521631,0.3439335525035858,0.86384160191792,1.4828409396072557,-0.1753749704228035,0.1071463227272033,0.32823288574128756,1.4430678736865998,-0.32058802561635735,0.3536044061183929,0.842687614555589,1.4457598068166808,-0.17256169277636652,0.1325230151414871,0.3595757015950436,1.4544803503392216,-0.3720752455723507,0.3929583132266998,0.8180035621733323,1.405744094737148,-0.1195701921181815,0.1292661428451538,0.335281503553864,1.4259934284337354,-0.30511488561494043,0.3787145018577575,0.7032597228608716,1.580257551328717,-0.06623031911056289,0.0992439165711402,0.5211611728951265,1.5709042142768603,0.09380739859295996,0.1310169398784637,0.664823034362701,2.058073760966963,-0.1573781967105642,0.0113118384033441,0.5112201242694291,2.0368233730569054,0.04812371235778508,0.0206814743578434,0.5846247149955924,2.5486364429701225,0.19346360377068772,0.0010637028608471,0.49501273292446824,2.479453334240544,0.2708417235620618,0.0015473183011636,0.6027939503845591,2.59679650046203,0.2236015319246252,0.0011973689543083,0.4520914008981457,2.5118118715743583,0.2564797290979482,0.0027082178276032,0.6050555795342536,2.61665245525914,-0.1468976246327887,0.0029979716055095,0.45398671065133817,2.603545576702611,-0.13256728269971307,0.0033363904803991
2025-11-11T0764.701354,191,0.8298463686652666,0.9317872528564854,-0.7164762969869984,0.9882510304450988,0.8473211005751983,0.8867646444213336,-0.6517120236203269,0.9852171540260316,0.8376309217757507,0.8848771038653297,-0.6525644690688144,0.9838738441467284,0.8524350303708275,0.8651590661507036,-0.6800841504530476,0.9854098558425904,0.8214595345736719,0.8598948607639971,-0.7485415934249626,0.9870627522468568,0.8500270415665538,0.8483624528395928,-0.7483878785544306,0.9854781031608582,0.7913728860578241,0.8456153592006869,-0.7659856371117157,0.986587643623352,0.7957717572688228,0.8381294298857377,-0.5425561693701398,0.9884594082832336,0.7411800412473314,0.8472173898277213,-0.7778874151238387,0.9903638958930968,0.8373998401179351,0.9270110196339987,-0.6177937297053094,0.9905616641044616,0.8097426977829297,0.9012946002721758,-0.7077439336893823,0.9912668466567992,0.8071301980122361,0.931247456560396,-0.3796834170304454,0.9922274947166444,0.6675061525421826,0.8762172281172371,-0.7208784116629751,0.9900625348091124,0.7882083948708027,1.126722122973238,-0.11082587890415266,0.2607034742832184,0.5094876058364844,1.084005690746799,-0.6743452945140358,0.5410767197608948,0.7735589771810744,1.2877429581772788,-0.013755803709961842,0.0996844843029975,0.5060943933296105,1.2487031983130297,-0.6790690496603371,0.321461409330368,0.8345178346559768,1.2844448226900418,0.0029797171912635816,0.1010524481534957,0.5006629738675556,1.3017737429097338,-0.6978825299646004,0.3297026753425598,0.8308445322743232,1.3056250353427772,-0.03612827586919295,0.1251100152730941,0.528550497106115,1.3026714864730309,-0.7369758439577588,0.3682600855827331,0.7988345910169008,1.2949083630445832,-0.0001375167736084107,0.1230726540088653,0.5341266175441547,1.2590862316730167,-0.6893092909157804,0.3535482585430145,0.6847609503044354,1.2247047818663805,0.07155530999400028,0.0911422818899154,0.5685133147589537,1.1961713248130685,-0.07832419546608625,0.1200848221778869,0.6598371117322827,1.5163542569292394,0.33049189462156986,0.0103948134928941,0.5405314977312424,1.5098103227502204,0.13006505057033574,0.0189586542546749,0.5936648438063096,1.7328644948361633,0.7366298706038134,0.0009776682127267,0.48166965651461235,1.7054327332003656,0.4720216589862474,0.0014363788068294,0.5720442785582202,1.7961667643857786,0.7909262078086323,0.0010872032726183,0.4444071598841631,1.7286859569652018,0.49848671215078066,0.0024958653375506,0.6049755203953101,1.8402823125897048,0.5802168594258963,0.0028816722333431,0.522748397517693,1.8369272809261346,0.3075397135315725,0.0031323723960667
2025-11-11T0741.179961,192,0.836991467374154,0.9003087749943086,-0.5133921412936372,0.985144019126892,0.8421919703175986,0.8183607734057856,-0.5163643227120588,0.9832590818405152,0.8509569286081935,0.8503762687327289,-0.5069863624009011,0.9819445610046388,0.8094945209824752,0.8452723222507704,-0.5068803370897952,0.983999490737915,0.8375557834502542,0.8496120872737835,-0.5610707061305312,0.9855517745018004,0.8261670807089512,0.8127970650527039,-0.5847474975844471,0.9838942289352416,0.8139318839381037,0.8095178531775704,-0.5519099644933153,0.9848957061767578,0.8232634548197783,0.8197021692521076,-0.3692431569844676,0.9871703386306764,0.793403568102553,0.8345686346296155,-0.6659014554583631,0.9896357655525208,0.8253989704647802,0.8850951388234145,-0.4685571567958021,0.9877125024795532,0.800819474484083,0.8926632939409435,-0.5600966953465373,0.9903026223182678,0.7613231475608916,0.8956260663342376,-0.20606471136850013,0.9896173477172852,0.6524093205251315,0.8979526101452923,-0.6648416716661897,0.9892476201057434,0.7185903497153495,1.0709678483276637,-0.04413705738749423,0.2386455237865448,0.5293753749003093,1.0420019263664,-0.5966542477591847,0.5099030137062073,0.7738081417666528,1.2074125079674776,-0.029060239324944892,0.093984343111515,0.5509392351374859,1.2179647137863094,-0.541773579808149,0.296671450138092,0.7760871322068029,1.2466246399069867,-0.020498793396824005,0.0960351303219795,0.5359949801839725,1.2613766920328335,-0.5731466272050542,0.3059752881526947,0.7483192497020397,1.232054459294006,-0.05495744469003676,0.1190408021211624,0.5863531251456685,1.285907017918182,-0.5544325496921458,0.3434513211250305,0.7991724727251764,1.2335052827278519,-0.05907289100070263,0.1173697710037231,0.5475767537015103,1.2509727953127188,-0.5497734014931613,0.3283625841140747,0.6586345193253138,1.1897714107057242,0.12814101482990742,0.0828984677791595,0.5639971523186968,1.2006317913769335,-0.0964322689895701,0.1091881543397903,0.6477460345546623,1.5098608396396471,0.27340924487144114,0.0096027450636029,0.557271284618615,1.5101291691909453,0.012149961229730498,0.0174096617847681,0.6159206664848623,1.7845084823026947,0.6449791445893344,0.0009151345002464,0.5035245244342686,1.7306755015858528,0.31669674085455574,0.0013848507078364,0.5734327409273269,1.7643734939552407,0.6494216796630772,0.0010091828880831,0.4758116355407401,1.7841051289695322,0.3358707359499601,0.0023675409611314,0.6414800285545011,1.8439434301755049,0.5052035502200226,0.0028974362649023,0.5386949350553594,1.8344757584472415,0.12475280288093875,0.0030740988440811
2025-11-11T0774.366271,193,0.8181595031820657,0.8031571020687711,-0.2961044184959619,0.9860349893569946,0.8071756719122856,0.7820183607061638,-0.27435532526102835,0.984192192554474,0.8242699087267886,0.7525666753460549,-0.2665476920367325,0.9828714728355408,0.8239270688915088,0.7767905255843935,-0.2796960708860498,0.9849093556404114,0.8024915334172843,0.752918876052147,-0.35668515115159266,0.9864377975463868,0.8153859426418244,0.7672622187237728,-0.35020780407424607,0.984882950782776,0.8036905027356444,0.7429620573692655,-0.33201889146322,0.9858449697494508,0.7579635237511576,0.7545063429832741,-0.11102817701182893,0.987735629081726,0.7420224901789723,0.737935957558048,-0.4580782536302224,0.9903048872947692,0.7818102100871462,0.8289159849958558,-0.2521657504642829,0.9883884787559508,0.7890322478453403,0.820924306869057,-0.3388956334082372,0.991032063961029,0.7555180283616582,0.8707564767409828,-0.0027406880972185525,0.9898535013198853,0.6475650445200594,0.8203836650700022,-0.4934840949210831,0.9900848865509032,0.7248443639496711,1.0866136845996957,0.15163555896649414,0.2181064039468765,0.4986119464847285,1.0498105471866481,-0.5478903296104105,0.4970147311687469,0.721126256644298,1.2130853653093023,0.20154428150142314,0.0881041288375854,0.5698215598526446,1.2283005742922906,-0.4847486605592981,0.2874992787837982,0.751572370654364,1.2546172376286495,0.1876388190718371,0.0912683382630348,0.5389102381348818,1.2877930620758113,-0.5362988269995079,0.3010443747043609,0.7263478296278454,1.2497084174590676,0.16174939424171358,0.1139557883143425,0.541471169906115,1.2989015250875466,-0.5544099143546721,0.3427021503448486,0.7163977735204612,1.2548888380556116,0.17663912055977507,0.1128548979759216,0.5657606005300696,1.2431061299838375,-0.4946257925707809,0.3241175413131714,0.6579963520907336,1.2444203826422464,0.10378721011004743,0.0748280063271522,0.5574281327697533,1.2356935412319239,-0.08828111625632484,0.0985062941908836,0.6340265574853241,1.4995367200673293,0.23612032870138117,0.0086954645812511,0.5392101081735136,1.5146497876404772,0.008567136732818517,0.0157379917800426,0.6021398841367387,1.7659482458406788,0.6180946293413713,0.0008314934675581,0.484826233961549,1.7811024700230986,0.3175024761784693,0.0012557361042127,0.5641136582423657,1.7953133427076633,0.6432482752994785,0.0009133226121775,0.45677447989339126,1.7836188883849426,0.2997444612596749,0.0021479071583598,0.6203659586482282,1.850066638786484,0.4251561449753482,0.0026981532573699,0.5464251231405923,1.789604192646612,0.08967119908647456,0.0028198389336466
2025-11-11T0753.136158,195,0.7074161891154274,0.682471514954898,-0.5314863460423974,0.9871565103530884,0.7298999610387601,0.6074258061864178,-0.5134000993385707,0.9853373765945436,0.7171538434435052,0.6219132580640392,-0.4765662999104077,0.9841055870056152,0.7098578033773896,0.6344864337689089,-0.5052761526550213,0.9859112501144408,0.6939307736498663,0.6173744154916704,-0.5424382013109825,0.987477719783783,0.6802191332648178,0.5962012984085591,-0.5605893115880581,0.986081063747406,0.711092680240627,0.5837298325357548,-0.5603698766684567,0.9869219064712524,0.6922247775677903,0.6439442477202078,-0.29334446061722763,0.9884703755378724,0.6588959379076379,0.6626123053110597,-0.5730223084143118,0.9911171197891236,0.7106974560821222,0.7073939631417998,-0.421587951513801,0.989299178123474,0.6938389845090317,0.7028302473358009,-0.5366242457725564,0.991828203201294,0.7060217577722642,0.8134446551007873,-0.10264484176265168,0.9903854727745056,0.5602989203926207,0.8023113746879964,-0.6185943509551143,0.9908492565155028,0.7357649266557892,1.052344843439994,0.062472068124729885,0.2073066085577011,0.482273931682532,1.0586007992592366,-0.6596067590853874,0.496208131313324,0.758570725128748,1.201352519080779,0.0825374505834837,0.0852999687194824,0.5983833581193401,1.2399612987777435,-0.6788664276788478,0.2745134532451629,0.8038779154633588,1.2264677398303856,0.058571104212012906,0.088562935590744,0.5818788854857282,1.296682590525159,-0.7488903721081704,0.2887053787708282,0.7982374556391307,1.2206377311143988,0.012046249343056733,0.111571654677391,0.6180608654120527,1.2920386721269166,-0.7624018938748802,0.331747829914093,0.7912375582550001,1.1960995175867848,0.03704106898754759,0.1109620481729507,0.612472337201207,1.287278447364987,-0.6911057982752249,0.3107695877552032,0.6757477273666816,1.2039147701961312,0.13717687177644852,0.0676993653178215,0.5213680194181951,1.2253013241187167,-0.11573765842182791,0.0889003500342369,0.6753676011867097,1.5190120019772926,0.3264267748290469,0.007952420040965,0.5711664810180975,1.5487802838446416,0.06320579121343654,0.0143181961029767,0.652945354183691,1.8128401609977052,0.7832885450201618,0.0007579979137517,0.5855632835387496,1.7976102668775196,0.4780841677945639,0.0011391344014555,0.6611621097097599,1.842471112675609,0.7940386714781936,0.0008288499084301,0.5606672460350083,1.866815888516979,0.4659610721847057,0.0019510005367919,0.6942910009080637,1.8634990186880298,0.5600680485643504,0.0025086051318794,0.6224302057882971,1.888620749797606,0.18687454982821547,0.0025773153174668
2025-11-11T0758.556912,196,0.6855315032412914,0.6079426079401079,-0.6639709466653212,0.98840993642807,0.7017386873697677,0.6049495953175231,-0.6569971795820475,0.986738920211792,0.6843204914478572,0.5682284126737904,-0.6515501612590471,0.9856400489807128,0.6932668954715501,0.5764756338432516,-0.6364974595193331,0.9872590899467468,0.6618900487760374,0.6083524153017473,-0.6926612892055156,0.9886707067489624,0.6358286665714389,0.6122009781802397,-0.6830952502176458,0.9874180555343628,0.6568450586805706,0.6016829807836588,-0.667134511112937,0.98815655708313,0.6764317616304952,0.6000195915888596,-0.39190270752654643,0.9895635843276978,0.6336835067714837,0.6454069201556426,-0.5777067719491084,0.9919615983963012,0.6795459989001634,0.6642738050545762,-0.5879290730235379,0.9903475046157836,0.6673970971025138,0.6852768886573766,-0.6451427946303827,0.9926297664642334,0.7413579655921801,0.8084253503815153,-0.20334209277063248,0.9912801384925842,0.5211115800406927,0.7970205775630088,-0.5820633898587037,0.99155855178833,0.7445874708931516,1.0180939317609143,-0.029304232378518508,0.2194333374500274,0.48011055595237123,1.1167347406609964,-0.5436305689939115,0.4923197329044342,0.8074820947080728,1.203745084795392,-0.2069260492475302,0.0795775726437568,0.5241908218676926,1.3017815712856153,-0.6552532810277951,0.251886785030365,0.8349164889435875,1.282567358150521,-0.2357811444134879,0.082023486495018,0.5307180318681147,1.37213428268187,-0.7048487235971072,0.263617992401123,0.8280940888896362,1.282575569671833,-0.25955377261786367,0.1043583005666732,0.5693446777399978,1.3552980002597201,-0.7694160566250133,0.3038582801818847,0.8050377452993048,1.2729724268812257,-0.21114277950488378,0.1039222404360771,0.5338840824700551,1.3343509591390321,-0.6891234438155899,0.2846428453922272,0.6913687425760533,1.2435900674634344,0.027516051667323963,0.0613916181027889,0.5494254993234368,1.2590754454663813,-0.05629100003403803,0.0803269520401954,0.6965414482626258,1.5944535338756474,0.25405111285164983,0.0072863614186644,0.5585574600303881,1.5880956434375562,0.2044863084514589,0.0129476552829146,0.7198381493107588,1.8807498964518805,0.7486015877826723,0.0006966128130443,0.562428723643016,1.8935797086529544,0.6702851270587852,0.0010319895809516,0.7211519825196419,1.9347425137569638,0.8001540015206812,0.0007553909672424,0.5714052712091796,1.9330235349660319,0.7313833128289748,0.00176924362313,0.7162756105071252,1.949293007078294,0.516509311640775,0.0022944365628063,0.6557165186505405,1.9645140397524998,0.36881377101737034,0.0023370392154902
2025-11-11T0732.454864,197,0.7039731167012128,0.5898086224567269,-0.7266566718488093,0.9895358085632324,0.6943343132067008,0.573712122700855,-0.6820060415056124,0.987998366355896,0.6642999590719327,0.5694498461925096,-0.6858017590227266,0.9870255589485168,0.7059028384610597,0.5967271576892081,-0.670249417912844,0.9884823560714722,0.6831728119979313,0.5806382009480372,-0.6898418637620876,0.9897236227989196,0.6257869983596753,0.5933412311169922,-0.7318859893119,0.9885982871055604,0.6026833772522275,0.5985780550352313,-0.6986799971139619,0.9892334938049316,0.6470011595384508,0.5720507915186792,-0.4314162544882501,0.9905655980110168,0.5713437879210082,0.5968903009364787,-0.6026200905568143,0.9926937818527222,0.6822071259108834,0.6041802097578084,-0.6117532961756331,0.9912923574447632,0.6659480232393981,0.6661885581517109,-0.6742016869266724,0.9933435916900636,0.7566436840130564,0.8057295590161787,-0.2452401685525891,0.9921103715896606,0.5082491457064047,0.8006133402510269,-0.5128588203341068,0.9920414686203004,0.7927583002193641,0.9885052718915787,-0.1632863461828714,0.2342021465301513,0.47520462594787455,1.140332438044442,-0.4514170568970332,0.4657127559185028,0.7915604170938215,1.2705202414250147,-0.32558433734859027,0.0743157118558883,0.49033464690560985,1.2920328709085074,-0.6013240513093776,0.229020819067955,0.8190339603543464,1.3273905499511494,-0.38002301126452476,0.0762633606791496,0.5254993770185792,1.342336047690741,-0.6671044779920764,0.2394373118877411,0.8207101203246345,1.3161715238287355,-0.4363078004825656,0.0984084904193878,0.533771374837345,1.342796671639375,-0.7172750550379677,0.2767636477947235,0.8090874549760858,1.3250857221013226,-0.33559108473504234,0.0982624366879463,0.553270700705795,1.3147240509911675,-0.6209442557948057,0.2594655752182007,0.7132043568249358,1.2509197418572762,0.025766987285611595,0.0555901750922203,0.516848410721386,1.2738183892680084,-0.02298717699316957,0.0725191682577133,0.7118384615782477,1.5936368626551982,0.20825299667102248,0.0066479090601205,0.5757875397335587,1.6238912395586464,0.21264491870416063,0.0116936843842267,0.726480936384326,1.9045666853322787,0.7717864112548527,0.0006336036021821,0.551953917716177,1.9223187292391366,0.6849879973004548,0.0009311048779636,0.7470559845208276,1.9372902011251993,0.8245885623525718,0.0006851883954368,0.5922347865099656,1.9796901299697434,0.7110588938193347,0.0015963148325681,0.7316395367789162,1.9866201515375388,0.4916302380174894,0.0020799147896468,0.6274920254663172,1.9976706909692366,0.3636946392138619,0.0021084556356072
2025-11-11T0766.687914,198,0.6496139045963529,0.6126698854845436,-0.9425636891509955,0.9905616641044616,0.6891195989918368,0.5886856353762868,-0.8918137845797772,0.9891464114189148,0.6991744803872181,0.5582091441301603,-0.882885109492028,0.9882805347442628,0.7010274358057663,0.5701673324376898,-0.9126880411839345,0.9895939826965332,0.6587178316528578,0.5874603766067227,-0.9068137642699582,0.9906826615333556,0.6444581889341066,0.5842096208988439,-0.9314176669060865,0.9896584153175354,0.6427558655669199,0.5585966116374997,-0.9096308076262316,0.9902041554450988,0.6700626281444267,0.5617027961152511,-0.638259239061189,0.9914706945419312,0.6153153367815235,0.5922044050503644,-0.7068561504826821,0.9933298230171204,0.6984766507199771,0.6307663670347177,-0.846104366271173,0.9921435713768004,0.6603817370613753,0.6370519593505796,-0.8506420419739953,0.9939817190170288,0.7434424554872997,0.8212316827219042,-0.4083987056346933,0.9928401708602904,0.5104881235762023,0.8178166867242277,-0.5552056302635373,0.9918622374534608,0.7803244325273666,0.9916211848071618,-0.3492436299429515,0.2473093122243881,0.5005952994212111,1.1515655243282419,-0.5063794788450915,0.4356950223445892,0.829733818872926,1.2797941561204302,-0.5754630284391317,0.0722526088356971,0.5433119587173971,1.299590852529883,-0.6905289854541099,0.2090431004762649,0.884787343956739,1.3384751068632283,-0.6399210868278172,0.0733692646026611,0.5464833941052997,1.3689800733143573,-0.7741127201083197,0.2183672785758972,0.8597117311898141,1.3612564475586748,-0.7157845236849131,0.0969764366745948,0.5786960200276343,1.3503741966167075,-0.8207180189668154,0.2535108625888824,0.819681670673419,1.3075423591624202,-0.6398369779616011,0.0973492413759231,0.5700062048166676,1.3196352731538057,-0.7358582647404279,0.2379647344350814,0.7078779775134236,1.2600097197251352,-0.02365323067749435,0.050182320177555,0.530703596067959,1.2905465585654141,0.0034956536813948915,0.0653657466173172,0.7413984450690455,1.606347697277213,0.20438270457756175,0.0060098865069448,0.585496919280299,1.6349605721821225,0.2776294081012961,0.010535099543631,0.7779696682735547,1.8934414410010583,0.811424685935646,0.0005708701210096,0.5915772330022467,1.9052805848784922,0.9050366193042436,0.0008382311207242,0.7484763884070524,1.9561573492964623,0.8444373134242917,0.0006172611610963,0.5889009995819945,1.9765235455136243,0.9739190529274474,0.001437037368305,0.7485503285474508,2.000786268154453,0.5219665020648289,0.0018741858657449,0.6352095349010238,2.0247367528354214,0.5762788664749111,0.0018988127121701
2025-11-11T0722.880046,199,0.6742110347058482,0.5996550373997661,-1.0330827311252362,0.991480588912964,0.6972691450893664,0.5526057357916794,-0.9999627355241715,0.99017333984375,0.6768822281432281,0.5259473254209173,-0.9969059685003013,0.9894075989723206,0.7001463793833503,0.5397771662664945,-0.9752852941422739,0.9905819296836852,0.6420463869134745,0.5687684933224401,-1.0302911874698177,0.991536557674408,0.6309461871672102,0.5713501149558048,-1.0140450821383562,0.99061781167984,0.637953912912433,0.5434772030641054,-1.0100134293172072,0.9910762310028076,0.6886725825468761,0.5631023672351707,-0.7009136495453394,0.9922755360603333,0.6255354165594643,0.5978375617725802,-0.80233509321213,0.9939203858375548,0.6916757419711957,0.6523335909887678,-0.9338379050297088,0.992904245853424,0.6657399417383804,0.6578763964649585,-0.9661143278182215,0.9945541024208068,0.7919022790206494,0.823501178865829,-0.5003941584441189,0.9934433698654176,0.4955417292325607,0.7888541491835455,-0.5351685812752729,0.9914872646331788,0.8055150785490878,1.0107825774656995,-0.4397762400306781,0.2581992447376251,0.4836835796537856,1.069115196540792,-0.5334678772626278,0.4066919386386871,0.8478953203825664,1.271349573193879,-0.705606620361595,0.0685036554932594,0.5491635747129232,1.3300762555441932,-0.7180980414306996,0.1894943565130233,0.8840359371694704,1.328264046789177,-0.8057196999405486,0.069134809076786,0.511630151690015,1.3481518457873554,-0.8378968086308948,0.1979579776525497,0.8416801969338793,1.3091762549275787,-0.8022968291640741,0.0926381349563598,0.5674239537566376,1.3503544255868234,-0.9127247686875867,0.2303932607173919,0.841681918032351,1.2934698158008793,-0.7488529382921991,0.0931768715381622,0.5667476418381998,1.3270308880757717,-0.7818150015425015,0.2164489775896072,0.755148085320054,1.2390992668042484,-0.008055554437415064,0.045319378376007,0.5521405269724099,1.3086196614179455,0.0057778136690400245,0.0589464828372001,0.7258177023905601,1.6164778320684572,0.143521261072848,0.0054581868462264,0.5969422726917688,1.6253692315301849,0.2492533247120755,0.0094959801062941,0.7508001989183394,1.9294825031657408,0.7532186512129202,0.0005148909986019,0.6108755399096402,1.9169584715040866,0.7732274848559687,0.0007547924178652,0.7463270386665444,1.9459569794261282,0.7762157003770945,0.0005565422470681,0.5838605869087612,1.9864138759847068,0.7946264287655753,0.0012938405852764,0.7566891856214759,2.0324517883758766,0.4326914676314114,0.0016890813130885,0.6455585849764449,2.043212314881866,0.435696331209128,0.0017105879960581
2025-11-11T0748.885751,200,0.7129971279003727,0.5750640287997246,-1.2014704685901108,0.9922028183937072,0.71794802292311,0.5414689075205429,-1.1736372018148697,0.9908912777900696,0.7117859717485483,0.5641124868114331,-1.1593276290833825,0.9902231097221376,0.7400751494478469,0.5240682905576658,-1.1726581182765836,0.991266906261444,0.6870673719226378,0.5385070265162099,-1.1994632922725754,0.9920185208320618,0.6722618300659496,0.5411167944306722,-1.1928129479179035,0.9911630749702454,0.6202465254992485,0.5664798692451013,-1.191060500145565,0.9914555549621582,0.7506839888494736,0.5480601443236505,-0.8478039764090877,0.9928017258644104,0.6470851418650283,0.5757897188743839,-0.9126297061960703,0.9941792488098145,0.7246917798152522,0.6433978270873639,-1.0776139255460335,0.993529736995697,0.686304091841893,0.6615697088252971,-1.1046714204812422,0.9949859976768494,0.8175475854601416,0.8146969908069919,-0.6303923599535995,0.9938623905181884,0.5405670872454392,0.7955077264204139,-0.6470536012002772,0.9899898171424866,0.8132841747456916,1.0259378410050723,-0.5148028996840336,0.2620297968387604,0.51279943970393,1.0426281787552427,-0.530464687718634,0.3895754218101501,0.8665698702238235,1.2559917724351082,-0.727716016684668,0.0689917579293251,0.5436572564723156,1.2497137907629439,-0.7356633491708032,0.172973096370697,0.8838561496370047,1.3294630450051959,-0.8045084556372584,0.0684354901313781,0.5272777881822344,1.3106092665218099,-0.8478358394529981,0.180375263094902,0.873158144845518,1.3230815350746186,-0.8681107363977068,0.0927711501717567,0.5726778613646236,1.3112997974504035,-0.9066963323722232,0.2108586728572845,0.8655726704842297,1.2938565172864696,-0.7707029869764804,0.0939359739422798,0.5698053702031904,1.308008157956313,-0.7796691812634093,0.1984757483005523,0.7575358875497802,1.2410552623362652,-0.05221374468927693,0.0409260094165802,0.5768827294581955,1.2816647492593671,0.033934164736439495,0.0531396009027957,0.7957786304471083,1.6076719094041614,0.10351859254463557,0.0049553113058209,0.6268703290147866,1.6240375973233994,0.25695155372664896,0.0085597531870007,0.7989335159422455,1.880910873139911,0.7462616959411266,0.0004650175687856,0.6133186562334434,1.900602416695107,0.8092336826950708,0.0006796951056458,0.7615115231616036,1.9610079252913113,0.7957923651178744,0.0005020826356485,0.6391571702140256,1.952942446788632,0.9188389627120096,0.0011654158588498,0.7598507519236021,2.0122946341590846,0.4089431039933657,0.0015215512830764,0.6300961263977334,2.0102206619365224,0.43824215566364155,0.0015429459745064
2025-11-11T0736.692209,201,0.742376777014308,0.5738418744482423,-1.0298554927875012,0.9919533729553224,0.7606090671421608,0.5073592763592468,-0.9730968468309746,0.9899681210517884,0.7517988340719854,0.5229672203874893,-0.9736916351955457,0.989600658416748,0.7922299013573207,0.5428191658894983,-0.9928001788753855,0.9904771447181702,0.7157149633677578,0.5222892135997119,-1.0117696459789065,0.990587830543518,0.7245670995795893,0.550909178290943,-0.9879968911263973,0.9898545145988464,0.6734847976050439,0.5486037238267587,-0.991506559343976,0.9898413419723512,0.7617852241344596,0.5494026484073709,-0.697435243132537,0.992299735546112,0.653674072060679,0.5232562557581302,-0.810706434829016,0.9931807518005372,0.7556041976621091,0.5968456620484633,-0.8830774269819722,0.993720769882202,0.7180569709546055,0.5928464152712729,-0.911786358798749,0.994979739189148,0.8610173663446141,0.7757367294298878,-0.4486200924698202,0.9941225647926332,0.5799348628543587,0.7516340144272923,-0.43523127102876913,0.989547848701477,0.8948827406958911,0.9879322103825179,-0.3997765454240995,0.2829799056053161,0.541931815348895,0.9631853367105767,-0.3157759768941113,0.3856150209903717,0.8832946652433856,1.1687497059028993,-0.6373735226679882,0.0689911022782325,0.5480743210503264,1.171484078461108,-0.5996969968987124,0.1580341309309005,0.8818368783442059,1.2566001644103528,-0.7638975117352766,0.0669358223676681,0.5856549868138382,1.278655446977816,-0.661045420419446,0.1643586754798889,0.8509682919292102,1.2187540583915744,-0.7727612955281359,0.0914005860686302,0.5754038257208142,1.2155151890349145,-0.7341341030516089,0.19291552901268,0.8605972957339271,1.1721492588065048,-0.6733483518402441,0.0926245152950286,0.57850909556301,1.2331416878839285,-0.6519638970375247,0.1819780021905899,0.78106008955298,1.206483120789223,-0.04245024325061834,0.0371066257357597,0.6049435679985152,1.1933131529757541,0.06714814209376202,0.0480634942650795,0.7807160524795715,1.5954536395680559,0.0426216430184303,0.0046359351836144,0.6138879536978767,1.5775075251014654,0.07254890621184987,0.00777277816087,0.7880465022743898,1.900874951877997,0.5508955517280777,0.0004249281191732,0.6500458003550909,1.873864345408108,0.4879751252816603,0.0006155012524686,0.7583141954783572,1.9475174944918354,0.5924563222891502,0.0004561281821224,0.6239077771626776,1.9588383946487913,0.5455310228222433,0.0010582495015114,0.745063859535502,2.009206329407987,0.2003378234702709,0.0013746357290074,0.6302690056383513,2.0207416299759426,0.10132573842568642,0.0014047406148165
2025-11-11T0786.458153,202,0.7536021910667036,0.5689246383650187,-0.9500006778239535,0.991762638092041,0.7597724142182904,0.52504413172896,-0.9015882647925031,0.9890018105506896,0.7541367945436056,0.5289664476443946,-0.9128834043209019,0.9889109134674072,0.7808068415876027,0.5430011984736192,-0.8806346794129306,0.9897876381874084,0.7131271756839189,0.5421424405733376,-0.9288552927661535,0.9888570308685304,0.6957586645574456,0.5173277278159082,-0.9209384199387934,0.9882379174232484,0.6632303212587333,0.552796390055881,-0.9333695315073391,0.9879795908927916,0.7630515921415516,0.5645690195859616,-0.6351537016899987,0.9913588166236876,0.6818503784189606,0.5699596712913292,-0.6068273457047071,0.9907252192497252,0.7393426902448794,0.5902105082198317,-0.8316559540226689,0.9939340353012084,0.7230310817248919,0.6127909405932468,-0.8343359118352698,0.9947811961174012,0.8732967113519259,0.7406338714604624,-0.44789294569814453,0.9944140911102296,0.5971114484048883,0.7285788378784426,-0.39065657650305846,0.9893405437469482,0.8953280295115132,0.9732681913399627,-0.39851258144592694,0.3044159710407257,0.5822185709284654,0.9792472383984333,-0.2673389546807314,0.3953973054885864,0.8918342190804748,1.1744542502169102,-0.7105954347991214,0.0695510432124137,0.5933827878991188,1.215589867663085,-0.5320796632161822,0.1457300633192062,0.9238364024177894,1.227850110538432,-0.8122279919752138,0.0654542222619056,0.6196398565869112,1.2730326034100736,-0.5986513395441524,0.1503912508487701,0.8833747912397321,1.2140928187031665,-0.8435557602753223,0.0904270634055137,0.6641303790123462,1.2701089223409605,-0.6551076652074294,0.1775800883769989,0.8956380168927873,1.180030053943713,-0.7289888065921981,0.0914844125509262,0.6199864800611653,1.2316801374764919,-0.5746168588675707,0.1680431216955185,0.8147385765213863,1.2056046548401764,-0.09457515805095763,0.0336705818772316,0.6353106112185194,1.1984557684175765,0.10360307025827913,0.0435216501355171,0.8212090874762024,1.6024883007467452,0.05530970015965521,0.0043513844721019,0.6383365779141077,1.6101064614283753,0.24692243031433564,0.007091793231666,0.8271146834839729,1.9028596004669136,0.6529749804053288,0.0004007167008239,0.6788070294304902,1.9058996264424792,0.7441713968525416,0.0005592115921899,0.8159198463924691,1.954811570695798,0.6978601944065402,0.0004204599244985,0.6790751695072959,1.9638494668256996,0.827867018326408,0.0009763061534613,0.7799202159428182,2.0217416727347097,0.30849881073976826,0.001245864550583,0.6874060697385053,2.004395949050673,0.35111581570946465,0.0012841068673878
2025-11-11T0781.703686,203,0.7659647693102701,0.5839947462234486,-0.9749363850749883,0.9913510084152222,0.7659197853039175,0.5807387120358456,-0.9574119777746578,0.9881670475006104,0.7623293898316488,0.5299680209232015,-0.9716564653609767,0.9884138107299804,0.7737581441139725,0.565888862752962,-0.9385440893333391,0.9893174767494202,0.7361352323790882,0.5354140226529398,-0.9525746313291041,0.987625777721405,0.7017448494733229,0.566003986109935,-0.9429883770529321,0.987186312675476,0.7221246818581404,0.5556274472468634,-0.9680160976514653,0.9869261980056764,0.7752473215806035,0.5658890071372791,-0.6613103663653981,0.9908617734909058,0.7114820592074321,0.583326775194184,-0.6138860742053787,0.9895495176315308,0.7645351717920662,0.616256646270494,-0.8645763246427196,0.994051992893219,0.7218856592253341,0.6384434330373198,-0.8489934607310478,0.9945632815361024,0.8555938409889965,0.7768648402687292,-0.47548184122327986,0.9942426681518556,0.6191171830880179,0.7450024041816855,-0.4209995805410495,0.989240825176239,0.9214355679016321,0.9998544210490774,-0.5329028204481512,0.3110897243022918,0.589368016095733,1.0098080051847733,-0.2620866123130927,0.3982133865356445,0.9217340675519448,1.1548832960494522,-0.8053796604040127,0.0687330663204193,0.6314635932738796,1.2085257332940538,-0.5265951708336655,0.1355183869600296,0.8984486834557623,1.2465947052292627,-0.9267058482790814,0.0632598847150802,0.6182303074384762,1.2812973447429434,-0.6118281612608797,0.1383959203958511,0.9392752937020502,1.272612226961882,-0.9210294919461958,0.0876777619123458,0.6208390603063414,1.2409933944953162,-0.6610451128845442,0.1645742654800415,0.8938285449723105,1.2103177466612682,-0.8163529982545131,0.0888864248991012,0.6297819351709041,1.2294216493486807,-0.5693123157049672,0.1564275473356247,0.8076329294159684,1.2461600478693204,-0.09490887614626732,0.0305609703063964,0.6691454884437955,1.2117428568054778,0.07099858503372075,0.0394860729575157,0.8446445363864551,1.6122378482109045,-0.033587297866889146,0.0040994482114911,0.6896981175279133,1.5947164513504957,0.09447244060979668,0.0064749089069664,0.8603475953474986,1.9218619592022892,0.4873431231932235,0.0003762285341508,0.6914005950708569,1.9616819727607313,0.4516749845182657,0.0005075262160971,0.8423999064090021,2.029016474830815,0.5266927467130325,0.0003902168245986,0.6776401528363338,2.026181496920429,0.49382581650340795,0.0008923692512325,0.8222315962426973,2.0847166994388524,0.08450089636505552,0.0011310561094433,0.708710790078792,2.059826095124937,0.0021635898890063274,0.0011841690866276
2025-11-11T0740.284463,204,0.75252026659999,0.7552184323461683,-0.9766929631785187,0.986253559589386,0.7693131271716096,0.7350784783290027,-0.9727250598859517,0.9793243408203124,0.7504971088295188,0.7045024171906048,-0.9770710590789328,0.9795857667922974,0.7837238335103878,0.684339487890064,-0.9929460846688295,0.981868326663971,0.7444392111387054,0.7226900231861845,-0.9716975560389363,0.978200137615204,0.7264283985151049,0.7505968807493736,-0.9590771904142446,0.9776915907859802,0.7099174092795503,0.7329296933784413,-0.9868621292900606,0.9787433743476868,0.7946183226910442,0.7240552350436372,-0.7926313233385033,0.9842187166213988,0.7280678844167702,0.7532869626402211,-0.6655479738317188,0.9803915023803712,0.7508015089597935,0.7620054339413027,-0.8887598524771646,0.991726577281952,0.7411622147323729,0.7652361149690101,-0.8777160089616208,0.9904693961143494,0.8837496095127059,0.8742940725196597,-0.6045025369966793,0.9930047392845154,0.6579758427817165,0.8653847999592141,-0.4091622247738006,0.988707721233368,0.96500261790826,1.0074242626842913,-0.6282591454241929,0.3285969793796539,0.6031250998790855,1.0208344523175943,-0.19442197824405963,0.3927038013935089,0.9949718052029588,1.2389348097089623,-0.8250439720354732,0.0655249282717704,0.6400839845029186,1.2507419584071886,-0.4355633550955687,0.1276849657297134,1.0360179134561274,1.3276855971426151,-0.8804433219706318,0.0607926845550537,0.592102811353496,1.3108022736451461,-0.5211556395554034,0.1300575584173202,1.0157974681588848,1.3165942719422712,-0.9367797514033401,0.0845623165369033,0.63056593866302,1.296603016031334,-0.6028106055662579,0.1563468426465988,0.9764121653154089,1.2951522038319412,-0.8843591838980738,0.0854301899671554,0.6185552332364348,1.3020970907222356,-0.45844168439908156,0.1492943465709686,0.8863588528470049,1.3167849071951774,-0.11131266944953123,0.0275405384600162,0.6987130970299565,1.3322904747860518,0.1164508891104844,0.0355803333222866,0.8421861262435177,1.6836654758542964,-0.16565529073722485,0.00380140542984,0.7097900036002492,1.6744130292908865,0.054162771264046325,0.0059388470835983,0.8502754500107338,2.0201539832698665,0.2531693098550174,0.0003746917645912,0.7286036392694545,2.0198566435516834,0.35345145873376455,0.0004716043767984,0.8683959118367319,2.0995405347238,0.2771232528905138,0.0003652977175079,0.7075097988754913,2.0456622679080416,0.3883773108513521,0.0008517776732333,0.8233953765517212,2.1358227878821108,-0.14657403319854914,0.0010367445647716,0.7172971343308812,2.1310254795390406,-0.0530601964476073,0.0011324887163937
2025-11-11T0746.265066,205,0.7551787883294755,0.8446724021994866,-1.0497480667423797,0.9692832827568054,0.7593679605592244,0.8168139450553227,-0.9900923214012018,0.9533681869506836,0.7737008184798333,0.782155066698271,-1.0326985182718411,0.9549909830093384,0.7616132910967014,0.7959232821322135,-1.0172512436990135,0.9602264761924744,0.7073036722478973,0.8000638266296565,-0.9962852244938678,0.9560099244117736,0.7365774591289611,0.8189228019098136,-0.9893998805753418,0.9558377861976624,0.7330783782556095,0.808189138015768,-0.9541387489352589,0.960326850414276,0.7934573659718828,0.7685358508449525,-0.7553404206563951,0.9638388752937316,0.7617163977969762,0.7644833899444288,-0.6819918885621321,0.95958149433136,0.7752778188364124,0.846425115791681,-0.9023210385091787,0.9788188338279724,0.7425943601845725,0.8599714365934764,-0.8871541607046441,0.9775957465171814,0.9291112631653421,0.9303588317690523,-0.5394062631335479,0.9873666763305664,0.6636943825218288,0.9239483657294654,-0.36928379860553706,0.9877532720565796,1.0117479460435248,1.0462404339777467,-0.5609360374880229,0.3251530230045318,0.6337445914915019,1.1315396497583738,-0.19637876954899297,0.3799612820148468,1.004889351847914,1.2763043178606368,-0.7488430913820547,0.0603359676897525,0.671604067369967,1.2793819064618182,-0.3956607346826187,0.1179486885666847,1.0055899673867394,1.3145257088722826,-0.8275516183202072,0.0562707334756851,0.6508183070492094,1.3408654840194838,-0.49451124017315284,0.120445393025875,1.0243186816857106,1.2919263819591567,-0.888874478864642,0.0782561302185058,0.6427016414881109,1.3412881436437494,-0.5623633192459253,0.145565778017044,1.0058544365983182,1.2828357130037782,-0.7726382875036921,0.0789204388856887,0.673392431606984,1.3345404285674936,-0.45151696221624726,0.1390271633863449,0.9058936089820245,1.329997186744734,-0.0917505439536431,0.0250736214220523,0.7532821716889687,1.36283122641786,0.10330594409516042,0.0324538573622703,0.8997035033601165,1.6560346151358316,-0.2890879580122666,0.0043125278316438,0.7104622237036873,1.6812399705455077,-0.16204027131580057,0.0065360441803932,0.8967247277968864,1.9990965220301373,-0.035235010997374,0.0004528834833763,0.7570029012538343,1.9919142793701474,0.0015477423565418754,0.0005910862237215,0.918904209908582,2.067105595177048,-0.013199743356014178,0.0003960575268138,0.7681734165261696,2.0112369028430086,-0.009042213761671256,0.0010349614312872,0.8853397946564192,2.079091736990282,-0.39305675949099533,0.0010629356838762,0.7648766993334427,2.0814901927606204,-0.3626864272340967,0.0014126850292086
2025-11-11T0748.133708,206,0.7919399728094518,0.8795351300754723,-0.7402989246141622,0.9677886366844176,0.7882333063157089,0.8489597913630194,-0.7391045440304265,0.9504335522651672,0.7880689228410419,0.7941760129917681,-0.7232656678197635,0.953259527683258,0.7877729642068955,0.8341297459060429,-0.7276641734932222,0.9582685828208924,0.7844187336915674,0.8278425739125164,-0.7029906118822651,0.9512211084365844,0.7617620669468809,0.8591039884574586,-0.7064438097951699,0.9515509605407716,0.7457278504471347,0.8161696658192821,-0.7042198741596958,0.9553543329238892,0.8049330797789536,0.8003815570742379,-0.57891554461284,0.962666392326355,0.7768932239571502,0.8275250702906087,-0.39301328663886925,0.9538992643356324,0.7882044881753971,0.8875520210798389,-0.6328120707418133,0.977978765964508,0.7877742142547853,0.8966134663215299,-0.6127160157217798,0.9752242565155028,0.9191639033962107,0.9530360799831317,-0.41860825496724874,0.986571192741394,0.7065677024254579,0.9620845152236579,-0.13460566307749944,0.986870527267456,1.0429692975573088,1.10514704232048,-0.5073018121509819,0.332223117351532,0.672889785661242,1.1372233460052406,0.053866361135878525,0.3632424175739288,0.9877393882566088,1.2982177402571975,-0.7742600128079692,0.0579250715672969,0.6281973243067451,1.3166971140232462,-0.200264157326788,0.1096842959523201,1.0081592307115703,1.3396222249010739,-0.8448588657461865,0.0546142533421516,0.6356151346628548,1.3833737054721365,-0.25824459657935545,0.1123818531632423,1.0285298349956324,1.3373504746100138,-0.9031911900745434,0.0762152448296547,0.6591145445902324,1.3706820030380313,-0.3265832252114729,0.1374231129884719,1.0049001440201104,1.3200884565515765,-0.7943874152941968,0.0758786648511886,0.6461463488183838,1.3623878359651915,-0.2198112756521474,0.131194993853569,0.90092593027995,1.400773389121884,-0.09782748734327111,0.0227587055414915,0.7477560276813945,1.3815976962883847,0.0951945643366601,0.0294185169041156,0.9190685961610685,1.7186179862895699,-0.2714162543899262,0.0045825066044926,0.7478282527548209,1.6951525370525735,-0.06600075238810156,0.0065888967365026,0.9264182182940869,2.0377887788120135,-0.05288970815841146,0.0005306583479978,0.7640222760199225,2.022806662059317,0.05175216044466535,0.0006367026362568,0.9274763497513681,2.139976450344676,-0.027856052326376696,0.0004255038802511,0.7767698763958439,2.0816577445246804,0.045875799380651935,0.0012018912239,0.869053049111894,2.111965120373952,-0.3796960034361676,0.0010356808779761,0.7585987155858993,2.129063665082078,-0.2963410212245595,0.0015150605468079
2025-11-11T0770.853916,207,0.7688388371962173,0.8814640999056512,-0.5285096127523845,0.9695576429367064,0.775168732229843,0.8126887336717509,-0.5463035820248197,0.953187882900238,0.7765615662633293,0.833172250604006,-0.5321668563648966,0.9561185240745544,0.7917675873331916,0.8309084913918368,-0.5358538145555154,0.9607861638069152,0.7544542528570463,0.8547354297822092,-0.497827934751651,0.9528725743293762,0.7503529994252022,0.8344306240116169,-0.4671127476911263,0.9530056715011596,0.765146118026019,0.8383077046666888,-0.5142333567479686,0.9561727643013,0.8401172281142081,0.8475644895461312,-0.406895053318659,0.9652201533317566,0.7961040443377717,0.841875250314733,-0.20616793095852237,0.9544724225997924,0.8099927778426167,0.9094906330844578,-0.47877373638921905,0.9792380928993224,0.7805762203256913,0.862257629029926,-0.38972395452410835,0.9755497574806212,0.9489410080919771,0.9532744169631536,-0.2663037274377552,0.987058401107788,0.7191932276229449,0.977204921937314,-0.014835246715015609,0.9860820770263672,1.0310662166861826,1.1113275684427188,-0.4727952054088491,0.3410718441009521,0.6678181817191925,1.1477985546742162,0.16184170332062864,0.3378069996833801,1.0286679055094112,1.2967152524785142,-0.6776225729889171,0.0592881627380847,0.659217638135715,1.3275688825529666,-0.06033811357829449,0.1015321165323257,1.0570391379445532,1.3714364961125662,-0.7820787618839975,0.0582299120724201,0.6327011488177822,1.3754560875083834,-0.1422724983048699,0.1054042503237724,0.9977497447533384,1.350595949130075,-0.8039824180047428,0.0822912156581878,0.6475194675502145,1.3683545047308971,-0.20894601862995976,0.131007507443428,0.9925026763599474,1.332364427062821,-0.7189508483588763,0.079331986606121,0.657663484222914,1.3312497855819188,-0.10295999982389405,0.1248645484447479,0.8960209665910229,1.3661026881175782,-0.10554420684505852,0.0206244457513093,0.7852413386490149,1.3972324402321128,0.09299767919195835,0.0265947729349136,0.9035070617057878,1.720457735958613,-0.3121306095092348,0.0045840116217732,0.7874574799352644,1.7334196452564066,-0.06806325024067328,0.0063770678825676,0.900917464022674,2.037344396582481,-0.08379608756411275,0.0005251771071925,0.7823206127285132,2.046898725772504,0.04435009796821311,0.0006083890330046,0.920846141434225,2.072992671773681,-0.05589905180596761,0.0004149772867094,0.767322055730624,2.116550362896379,0.025832939971780267,0.0011851774761453,0.8913953044104225,2.139694834645751,-0.4240699675751801,0.0009720433154143,0.7767472019009714,2.1260568074287822,-0.32305992649565135,0.0014522173441946
2025-11-11T0732.341079,208,0.784807201323767,0.8909413188267618,-0.7095035805527858,0.9702282547950744,0.7957181113083516,0.8436377274996593,-0.7205732671490453,0.954387903213501,0.7776393547515225,0.8530529198168247,-0.7501318397296223,0.9572039842605592,0.792677315372554,0.8513668497012188,-0.7164589275807997,0.9621688723564148,0.7709065284553847,0.8722010830863972,-0.6567649293681852,0.9534375071525574,0.7611162475623537,0.8339603746352551,-0.6514611919560127,0.952850878238678,0.7984239128345806,0.8244091951433754,-0.6649389462215816,0.9563176035881042,0.8468383744307405,0.8073758452938739,-0.4777455731925335,0.966833472251892,0.7722436914582587,0.8396442885771183,-0.4063531636227453,0.9541457891464232,0.7868786608446611,0.88905688677086,-0.6040652719727871,0.9800958037376404,0.7851260497647212,0.8791094071092511,-0.490894287319791,0.9758896827697754,0.9275032085310821,0.9415927041158919,-0.31046494501885674,0.9873329401016236,0.7047235085323339,0.9912625584459999,-0.21621151116178494,0.98534494638443,1.0346596207105105,1.13098268563719,-0.4694463035010686,0.3546029329299927,0.731281818049475,1.1724425990083218,-0.0778234866510439,0.323678970336914,1.0151006140714809,1.299724951115613,-0.6936773459387648,0.0576706267893314,0.6931553298217304,1.3021251505907632,-0.2837290143873646,0.0942688286304473,1.0441580934915917,1.3479638584841127,-0.7652902279522744,0.0572397299110889,0.658180622571339,1.358724290328643,-0.32384657151794083,0.0985870659351348,0.9795193845700797,1.3673971666968099,-0.8059067729943002,0.0810843855142593,0.6885283442298674,1.373489056776424,-0.328422319173596,0.1235597357153892,0.9701362767325022,1.3480130477701098,-0.7310550151928448,0.077613353729248,0.6750257946220546,1.3530592778508814,-0.30374259998703684,0.1176113039255142,0.9242194069599425,1.3981208999876602,-0.0922346679550092,0.0188529472798109,0.7692159510434269,1.3992271342139384,0.08939632369014845,0.0242005325853824,0.9181265551898593,1.6961438363392016,-0.27481045344665567,0.0047470801509916,0.7607194206766241,1.6757815900955666,-0.13915931219201982,0.0064336042851209,0.9349747995596095,2.023817721590192,-0.07190413604253992,0.000529705255758,0.7792417389946446,2.03022657925685,-0.04975032981327798,0.0006330584874376,0.9394538193932431,2.0903123962284176,-0.0062503223067247315,0.0004054435994476,0.7790679608748131,2.071036941550075,-0.04176366104451587,0.0012040645815432,0.9003090209710167,2.1133746726376783,-0.4583338939258701,0.0009421946597285,0.7870345692022657,2.0985526648639614,-0.43531201256275226,0.0015513114631175
2025-11-11T0721.601905,209,0.789983721918733,0.8842158870008863,-0.6679942374583381,0.970320999622345,0.7890321731951631,0.8192550819319739,-0.6753662419992043,0.9542009830474854,0.8088911445626501,0.8346023307708301,-0.6648558049306221,0.9573670029640198,0.8135631106129655,0.8124935613398202,-0.6946879409502376,0.9624621868133544,0.7723486781402307,0.8196633183224544,-0.6520556027550233,0.9517682194709778,0.7440962028621952,0.8381487028140302,-0.6771383118977002,0.9512117505073548,0.7680480790173593,0.842623281807844,-0.6519969903540979,0.9546622037887572,0.8121051952125429,0.82930087411204,-0.5321526699156859,0.9678239822387696,0.7851172892982183,0.8273720004364965,-0.38153259689088476,0.9525377750396729,0.7802558778289032,0.8565367336820364,-0.6097846720099622,0.9806534051895142,0.783625548615224,0.8814137521051031,-0.5591277536869029,0.9752714037895204,0.9586785272407125,0.9115011190937728,-0.3839723631006398,0.9874730706214904,0.6973285456581038,0.9589096603017998,-0.1871485441686857,0.9845489859580994,1.021789761526404,1.1215320896557557,-0.4751783818963717,0.368954062461853,0.6767629166229695,1.1759840282419245,-0.039479966264458516,0.3074632287025451,1.0063815480576777,1.2970673500437269,-0.7090409626855847,0.0567039474844932,0.6858293533332421,1.3104891375367653,-0.29517608258769934,0.0874753892421722,1.0146579022818532,1.3509436099878327,-0.784030599695867,0.0568800456821918,0.7020242750565606,1.3613912868700164,-0.37269464660040713,0.0922193527221679,0.9944394574662148,1.3670312647634595,-0.8523770061997114,0.0813299342989921,0.6910289420198171,1.3814636081360292,-0.4138774726547554,0.1169509142637252,1.0074818110987185,1.3232659172564345,-0.7419713100857742,0.0768652632832527,0.6850589102854671,1.3414327476596353,-0.31287665275059723,0.1110476180911064,0.8928949319341494,1.3398414229157836,-0.06616165009816527,0.0171014964580535,0.7504319879371559,1.3419927837743175,0.10724539143003912,0.0219168849289417,0.8564647438382946,1.650423193221605,-0.2783179185933745,0.0045826844871044,0.7379149309666256,1.6789234820196468,-0.08449805556007922,0.0060555450618267,0.9295818623977309,2.0287355359583104,-0.046378773649460685,0.0005128292250446,0.7706125337762334,1.9767510676614966,0.026641232564499594,0.0006042929599061,0.9105114790455923,2.0730345250256597,-0.025570263376941148,0.0003853328234981,0.7549276069089164,2.0773283558044473,0.0418208986839793,0.0011386255500838,0.8869352296242223,2.0919035721130603,-0.39655814494272107,0.0008882659603841,0.7766235415383718,2.101703505410767,-0.32131721814931086,0.0014883195981383
2025-11-11T0722.296514,210,0.7529481178875017,0.8293889481212727,-0.5982992860366061,0.9599958658218384,0.7562656736751703,0.8022697637941749,-0.6003509205066312,0.9401819705963136,0.7683011981075586,0.7645502615952425,-0.6003856000644048,0.943886399269104,0.7834046984380304,0.8078977336865473,-0.6187811831112275,0.9521086812019348,0.7214981892314769,0.8059779697850291,-0.576275639373452,0.9340772032737732,0.7621477612286597,0.777098481377581,-0.5661570458991214,0.932777464389801,0.7349622923277012,0.8321865866758447,-0.5483369181940937,0.938826322555542,0.7961378575731376,0.7782294186590493,-0.4980274968057758,0.9588288068771362,0.7425871788320825,0.8072397651975932,-0.3160999050102232,0.933073878288269,0.7787766404250731,0.8786478395345004,-0.5605073610005664,0.9748663306236268,0.7664002053354408,0.8785688776447148,-0.46693031870005886,0.9633463621139526,0.9285305557076169,0.9580574566845692,-0.39546694422696577,0.984310269355774,0.7034586060337232,0.9773816543924894,-0.1409803791893737,0.9777478575706482,0.9971449479129806,1.0467668314260659,-0.4511717156841615,0.3550321161746979,0.663066641522015,1.1832135595412105,0.019049988321554846,0.2844844162464142,0.9944829078631618,1.3108251542492957,-0.7262951942482162,0.0526555478572845,0.6551167458852492,1.3369398864598816,-0.2682647702999873,0.0798336938023567,0.9868059177128905,1.3452676455213557,-0.8016270413892482,0.0535484962165355,0.6362252816015497,1.3541690152486736,-0.3107123342529741,0.0846944078803062,0.9848031903697634,1.351778705678699,-0.8251319159123277,0.0768820196390152,0.6552378562274952,1.3648347760650026,-0.3525822149363911,0.1081511452794075,0.9781044327681275,1.3020801531389952,-0.7160805458340128,0.0722786709666252,0.6655093609951984,1.3721413419723518,-0.27594226753562434,0.1026031598448753,0.8940927922887086,1.3712898363262966,-0.08552781330703887,0.015431560575962,0.7503783660169838,1.3898415205225554,0.13504618124706197,0.019768226891756,0.9149692499276447,1.7073894167989847,-0.2667055104842295,0.0043193418532609,0.7705869320922828,1.6997565566545454,-0.062257927746445875,0.0055918330326676,0.9118426682395897,1.9850367176982862,-0.039523364180337986,0.0004812723782379,0.7547762396185271,1.993419876611508,0.05985445632299205,0.0005615795962512,0.9152831231539722,2.0597699818594126,-0.02992704525145938,0.0003563395293895,0.772955765551128,2.065005523886014,0.07419134773479867,0.0010657453676685,0.8800889796135765,2.097038014810238,-0.3936476576983586,0.0008227249491028,0.7807620893640459,2.0681683989795228,-0.2851559994824461,0.001410148339346
2025-11-11T0745.581664,211,0.7134662235097342,0.8464174789749832,-0.5291835312036502,0.9466962814331056,0.747466060771861,0.7893541234592639,-0.5434423427084911,0.9224452376365662,0.7427993387035255,0.8015739692744482,-0.5768241464613506,0.9285268783569336,0.7577894826022936,0.8237934489636183,-0.546574509851066,0.93897145986557,0.7118986148090451,0.8106841121878273,-0.5264340664911257,0.9103190302848816,0.7172406232284197,0.821634357744783,-0.5277163078821591,0.9090315103530884,0.759703424100409,0.8381401638737147,-0.5350851765063995,0.9160133004188538,0.7914531974256674,0.7989378939344061,-0.48682011193421415,0.9490825533866882,0.7718032560673441,0.810263486688057,-0.24548497721358145,0.9085811376571656,0.7683019008270912,0.8338417443849861,-0.5015908155197938,0.967859387397766,0.7448363940133107,0.8796169687645957,-0.4399665652992629,0.9484792351722716,0.9339775740570021,0.9590073714023116,-0.34365380161659265,0.981833040714264,0.7166614029565247,1.0087929499635702,-0.09239227934072555,0.9705427885055542,1.0062596349778057,1.089480804563407,-0.4441729057713109,0.3398686051368713,0.6729475706837581,1.157375025195931,0.045195328734865384,0.2620626091957092,1.0220786600780292,1.2881142842161015,-0.6270389940441279,0.0491541214287281,0.639777294925488,1.3373741077916652,-0.18529503726706542,0.0728237703442573,0.9980307325252132,1.3600605357265887,-0.6967304779182734,0.0506312027573585,0.6479206249743654,1.3878056401362138,-0.22266334680190117,0.0776272192597389,0.9891823789328921,1.3560252959007288,-0.7580583750784711,0.0730666369199752,0.6658927535538115,1.3705142795474115,-0.26767655511143484,0.0998018756508827,0.9808400884717738,1.3577660147301007,-0.6587996105372249,0.0682786107063293,0.6374679259635847,1.355382945450699,-0.2098247861483163,0.0946518704295158,0.8716711288108034,1.4003806667167626,-0.09690256777256995,0.0139167718589305,0.7585765790933922,1.3736742685554264,0.11051638407350278,0.0178219061344862,0.9155109524828087,1.6930547440769146,-0.2610922456451111,0.0040500410832464,0.7624768426960503,1.6965251641956096,-0.03067510871681845,0.0051886029541492,0.9294610838147759,2.020381253830923,-0.029288390233087817,0.000454999768408,0.7715849233027517,2.0131587703532783,0.06652756724960837,0.0005250492249615,0.9342547946328329,2.0634088857349457,-0.005338222635699919,0.0003315203648526,0.775008369388458,2.0440446791684175,0.04467368912173139,0.0010054995073005,0.8780990514637304,2.0869919827139682,-0.3594483483531145,0.0007647795137017,0.7965261069239887,2.0979630287123796,-0.27123445708442384,0.0013408787781372
2025-11-11T0796.694503,212,0.6963132586546774,0.8238626458577466,-0.4788393307165519,0.9408644437789916,0.7295651079923751,0.8097791516859371,-0.4833881185312946,0.9131014347076416,0.7410528732484716,0.8158898807866163,-0.47197537523435784,0.9229741096496582,0.7231160436169112,0.802844696704424,-0.4979735094603109,0.9330140948295592,0.7510040813505917,0.7897276768879202,-0.4371429300555459,0.8968067169189453,0.7276913605357427,0.8426892008821079,-0.4295182601575187,0.8973355889320374,0.7213803547865457,0.8193393641617865,-0.45131407843309806,0.9020004868507384,0.7739460349437839,0.8159780178658215,-0.4130241127230683,0.945811688899994,0.7450250809318719,0.8126777129217132,-0.22762533516569688,0.8949287533760071,0.7283329494875321,0.8364883391476539,-0.4281238813136147,0.964396834373474,0.7297250908530967,0.8731186023548566,-0.38353940372165296,0.9400832653045654,0.9036557557207503,0.937073844896814,-0.2872608388888004,0.9812000393867492,0.7047805763768658,0.9892461538832987,-0.04667264312214938,0.9668198227882384,0.9965281091804457,1.0713024268968345,-0.36028581377511854,0.3280938267707824,0.6667992599525365,1.208593243350076,0.07562984633204693,0.2403855323791504,1.0383350428258047,1.3169447254224813,-0.5284499722293267,0.0472146235406398,0.662853332741693,1.364617877283592,-0.12142065288020856,0.0664026662707328,1.0220100993152,1.3511445890677516,-0.5939788458452819,0.0493958704173564,0.6469244494516342,1.4313095160492426,-0.20267425430314137,0.0711304172873497,1.0456003009183277,1.3367938712050127,-0.6853517530806171,0.0718611702322959,0.6709976072794758,1.4113719136092293,-0.2635688444234143,0.0920573025941848,1.0270610885217384,1.357108827854063,-0.5681785711949057,0.0665226653218269,0.6734714440747899,1.3946133421471176,-0.1732264786197064,0.0872526988387107,0.900685061898385,1.3644463550498505,-0.12583535679895197,0.0125551465898752,0.731144124521646,1.4042689865652649,0.10709670469902118,0.0160729829221963,0.9019644426473019,1.6949699808376688,-0.23641885376861127,0.0037926249206066,0.7771237478625241,1.7264955551974608,-0.08036950289732277,0.0048155398108065,0.9266198591804383,2.0290754371771715,0.02495643143441824,0.0004315282567404,0.7651799410869272,2.0337682294570993,0.01760581216216717,0.0004890792188234,0.9209493438591413,2.1106419255761146,0.03652810780369953,0.0003109851968474,0.7672045158327073,2.0973329590825216,0.06164154528486697,0.0009389794431626,0.8879793802645809,2.129296137977333,-0.36049738094128914,0.0007207366288639,0.7954335926663282,2.085887455396639,-0.3067899547600777,0.0012721144594252
2025-11-11T0775.268049,213,0.7284713040740273,0.8770774175350272,-0.49415584935431933,0.9408799409866332,0.7088944713910204,0.8610885268797576,-0.4966893417006528,0.9157977104187012,0.7508895185342576,0.8519449929491364,-0.5181861934119607,0.925920069217682,0.7580650710578802,0.8371882818020229,-0.5262148755268441,0.9354625940322876,0.7059169185730152,0.8466726968644034,-0.5006074646226624,0.898830771446228,0.7140701363564764,0.8274625530607875,-0.4722470618359588,0.8986538052558899,0.7057321534246486,0.8663568846633635,-0.454874282146424,0.902831256389618,0.77751654845264,0.8436571982061865,-0.38888621085607766,0.9488155245780944,0.7010518253400275,0.8652162176538531,-0.21544643214328726,0.8985421061515808,0.7481410075697511,0.9048717088558289,-0.44381270178083937,0.9648385047912598,0.7101698065379465,0.9089564899106352,-0.3908342111491965,0.9394909739494324,0.9043309194903933,0.9472339721744661,-0.2771677700184705,0.979243278503418,0.7077938014094407,0.9841558773061714,-0.013232956752092424,0.9601534008979796,0.9579043056359106,1.027370605275911,-0.3366169510136128,0.3221083879470825,0.6614743568431143,1.173630786220881,0.23933345814691662,0.2216993272304535,1.0225191185422184,1.2240741837758415,-0.5688379199878126,0.0478082373738288,0.6636463555206084,1.2350253442531183,0.1606270159771396,0.0618204325437545,1.013347572710791,1.2571716883842803,-0.6398468686046707,0.0518107265233993,0.626892638095901,1.293791484351935,0.11557211889786022,0.0674836710095405,1.0176223750365025,1.2351271050373551,-0.6671214132046052,0.0749401971697807,0.6833321282916264,1.2682409410482807,0.048433536552476404,0.0882846117019653,1.0043513705645317,1.2318923609512542,-0.5948740035043163,0.0683034658432006,0.6385809027459903,1.2203819202886237,0.12028550856162022,0.0835897922515869,0.8763665663627906,1.4139181865867478,-0.06425449507147714,0.0113971270620822,0.7323989138714898,1.4079160712458996,0.12385526558891483,0.014567763544619,0.8724597405891088,1.6980895158233187,-0.2540252915197756,0.0038390115369111,0.7550882603037825,1.7127534030077527,-0.1805838874684959,0.0048332014121115,0.8833008357506953,1.9799515020266638,-0.056073676913536805,0.0004217496607452,0.7799671125552915,2.0069740974473507,-0.08527838662833036,0.0004910435527563,0.8976228717047645,2.0831384160103363,-0.043486758581904594,0.000304460467305,0.7744838557156177,2.0398933826551824,-0.0666315756906348,0.0009274904732592,0.8963952656971648,2.0862541454218295,-0.4133736791766263,0.0007080871728248,0.7906418124359336,2.0911466305386495,-0.4147097466338227,0.00132081808988
2025-11-11T0767.526096,214,0.719368734861655,0.898223210081197,-0.4884827470948151,0.9379857778549194,0.7466671325534027,0.862672669786102,-0.4886215316716475,0.9158913493156432,0.7112987882756072,0.8343037504303747,-0.48220844470945246,0.926086962223053,0.7581780371036831,0.8466118463636183,-0.48001756464062034,0.935574471950531,0.710438959707744,0.8648171691141079,-0.4673174847175882,0.8981994390487671,0.7140844676515231,0.8614421005300146,-0.45659792236320973,0.8965572118759155,0.6901257301523789,0.8512071725336009,-0.46365500734355425,0.900949239730835,0.7604321053747117,0.8676253858448973,-0.369108298230139,0.9499195218086244,0.7006729104372907,0.8645099229459848,-0.20700124195786704,0.8995414972305298,0.7382167895171171,0.8949575579788567,-0.4353661355408839,0.9627581834793092,0.7313514881621896,0.8951269127030974,-0.3712892744889629,0.9352640509605408,0.8998301894684665,0.9572627713977522,-0.23525248721524153,0.9750177264213562,0.6735250891327923,1.016927330054194,0.003500298806355144,0.9501489996910096,0.9719827728940685,1.092639565418778,-0.3444736645555118,0.318878710269928,0.6608190966128626,1.1786966468346447,0.18871982610381183,0.2071158438920974,1.0049115343105628,1.1101683823805752,-0.6438771954645712,0.0506134927272796,0.6542678504460535,1.188105286319976,-0.03355750137603495,0.0593307390809059,0.9646246496637341,1.1473758693474372,-0.699282223143548,0.0570653341710567,0.6204189224129107,1.2030850175262449,-0.08385527914293728,0.066560074687004,0.9699330159959408,1.1141538974405913,-0.6911974685621238,0.0810534283518791,0.6384987200774422,1.1970058056629704,-0.1375794793099124,0.0879900082945823,0.9571219008503572,1.1242640352217577,-0.6608553146951917,0.072155125439167,0.6325407983245649,1.182447000335086,-0.082014161433643,0.0830448493361473,0.898631105593925,1.376131000488445,-0.08113019557761739,0.010438279248774,0.7314241407163493,1.392406091027835,0.07256519209066296,0.0132858958095312,0.8670143651610067,1.6625299380092984,-0.2689946444157683,0.0044892742298543,0.745536466409142,1.6746493398156839,-0.11378028919392776,0.0052299476228654,0.8875133538073179,1.9772012292755936,-0.023662533642267867,0.0004727599152829,0.764697636967217,1.9940797036451272,-0.04445824342341516,0.0005574931856244,0.9186646866694842,2.0327273330070983,-0.027278052830534003,0.0003482217434793,0.8035455821806745,2.0327429879512264,-0.04004557346278334,0.0010297447443008,0.8794957904836954,2.0582937746134498,-0.3546910205807941,0.0007732504163868,0.7972594363869894,2.0690049887898083,-0.36819891262712434,0.0015357418451458
2025-11-11T0792.964692,215,0.7171920858488101,0.888702774245292,-0.4912009454266939,0.936271607875824,0.7277497854009347,0.8643162094394441,-0.48687704496946127,0.9161853194236756,0.7040370167083783,0.8282005147370198,-0.48340154035578276,0.926398754119873,0.7303280686781829,0.8595438406565521,-0.4899434895857734,0.9361017942428588,0.6693859049484038,0.8790807479761763,-0.4575239063387089,0.8980672359466553,0.6880319021341184,0.8631985204778562,-0.47585031402197303,0.8948760032653809,0.7079379277530972,0.8918247773121054,-0.4553558606281452,0.9000978469848633,0.7233033693614349,0.8562203270080879,-0.34035732228296706,0.9512794017791748,0.7232216490407868,0.8732148908957057,-0.19075132296413358,0.9006720781326294,0.7514294498298483,0.9015549816503036,-0.45100284505447796,0.9613664150238036,0.7369220678013656,0.929982737785401,-0.38316071458317197,0.93259459733963,0.8861249310304468,0.9716294974071067,-0.213830684983558,0.9727839231491088,0.7152187278403263,0.96487739193025,-0.021739133102448446,0.9451149106025696,0.9799750712246829,1.0674123965043272,-0.36575655466021706,0.3123136162757873,0.6791883748125087,1.2051295994004954,0.10376490107206165,0.1959557086229324,0.9547140169142476,1.1032194202245607,-0.6668342427561739,0.0510291047394275,0.6655020502727551,1.2370580493377128,-0.12907267411799006,0.0563243813812732,0.9660666974119896,1.1539025414315642,-0.7628666457221909,0.0588461086153984,0.6960951330269647,1.2556922077630892,-0.2274457372639696,0.0643422156572341,0.9508761736287328,1.121437994535936,-0.754642058173619,0.0828442424535751,0.7132882909595347,1.2100041408418283,-0.27780494236017866,0.0857513397932052,0.9462580838935023,1.099717059332321,-0.7042219903603141,0.0728218257427215,0.6946342842779548,1.2169909169389637,-0.2347635806138435,0.0808776691555976,0.8741048901395062,1.4070126350337273,-0.09249364240950907,0.0097251236438751,0.7371212076421679,1.3784064796377746,0.10918450877059657,0.0122999772429466,0.8892969930803225,1.642108879555918,-0.335193883166908,0.005061978008598,0.749087549905951,1.6400567921429017,-0.17861317085908957,0.0060985526069998,0.9031425442752413,1.9674819990209085,-0.11340927243233923,0.0004860121407546,0.7799955117553057,1.948405488799844,-0.10419804583325967,0.0005944829317741,0.8803956544000912,1.9999592831662962,-0.13311486725783125,0.0003646259428933,0.7832446296188577,2.002617565815049,-0.11671547787440491,0.001103438436985,0.8782492641435313,2.0476001550912812,-0.48123397800202833,0.0007958185160532,0.7667783243247807,2.07737347363824,-0.4227043274071076,0.0016860965406522
2025-11-11T0752.607696,216,0.7108381044619082,0.911588124181892,-0.4813439389714523,0.9407911896705629,0.7021359941092048,0.878913879695828,-0.47618793424132255,0.9218544960021972,0.6861017337558902,0.831086044007685,-0.44830260666514055,0.9317603707313538,0.7296959414740009,0.8345459394530541,-0.471398341588021,0.9404937624931335,0.6749033162678535,0.8867434205938886,-0.3986965143112533,0.90433007478714,0.6827305482560745,0.8575325143280759,-0.4347174069187546,0.9015584588050842,0.652499413119831,0.8737416646733172,-0.4074875395050451,0.9059871435165404,0.7038852756226015,0.8150563922359622,-0.36479063610284573,0.9549843072891236,0.6644100611451288,0.8565553242362496,-0.18519292448679053,0.9069383144378662,0.7128631756937175,0.9159248479848611,-0.4126169207983265,0.9639996290206908,0.7021807473668417,0.9175696375881325,-0.3427050566027331,0.9363747835159302,0.8355964062359429,0.9657766655402977,-0.2375484106704935,0.9740548729896544,0.6863280780599638,0.9761260152929871,0.012575925842827863,0.9470457434654236,0.9678276139983829,1.021608519937732,-0.27125390350082634,0.2966493666172027,0.6562673557127944,1.2140706736202356,0.14383982803390882,0.1830457895994186,0.9263225710166583,1.250960644768429,-0.46647366354740716,0.0482325330376625,0.682124497330536,1.3202529144148554,-0.10399223614861985,0.0520160049200058,0.9589559128128902,1.2874315459475283,-0.4962271041838287,0.0562287829816341,0.6830317136984321,1.387172757945081,-0.13801780270845435,0.0597644858062267,0.9378432724986554,1.29651355593781,-0.5337508049825839,0.079853743314743,0.6571529107781713,1.3471942796202239,-0.19788417291507426,0.080342523753643,0.9458281152549335,1.2635405962098123,-0.4939709321170493,0.0697476714849472,0.705449858806976,1.3334527582642344,-0.09273071489651924,0.0757224410772323,0.8599204428852805,1.3984309185901946,-0.0999957354451718,0.0088016577064991,0.7177865676980087,1.3792603994076218,0.10220246595379681,0.0111232828348875,0.8790051060170915,1.6569979192697877,-0.3089744026457025,0.0046911719255149,0.7605714663151066,1.6442326792385054,-0.09456001434877694,0.0056577939540147,0.9061278002568328,1.9855556436036477,-0.060680510072453966,0.0004575730999931,0.7765305542418673,1.955021678111252,-0.051924053759751516,0.0005496741505339,0.8847872970354651,2.0092435035264895,-0.046053082002094986,0.000343833991792,0.7843306839371387,2.0298082744252746,-0.02001310124441736,0.0010208528256043,0.8772955985858859,2.0610123893609917,-0.3873304159329475,0.0007464188383892,0.7667840461319952,2.068061099069823,-0.41611099284177555,0.0015636251773685
2025-11-11T0755.562382,217,0.6803821654373402,0.9057851062011456,-0.45189599585460555,0.9458163976669312,0.6915533317427759,0.839076770340037,-0.46525067858865654,0.9282842874526978,0.666355423379827,0.8539881426049306,-0.48567234200758175,0.9375461935997008,0.6730040893251336,0.8339666549590711,-0.4746732254091072,0.9454289674758912,0.6710715851402554,0.854911325897927,-0.4130235163468763,0.9114890098571776,0.6643924215340644,0.872468125461266,-0.408118994901768,0.9089245200157166,0.6605405266148229,0.8467897758459642,-0.39970234806615773,0.9125731587409972,0.6649538805853538,0.8534872341676801,-0.4181793434149529,0.9589200615882874,0.6806685403948906,0.8915476891835472,-0.15228136689112734,0.9137375950813292,0.7211979878908958,0.8959459052172501,-0.3973792657845736,0.9669747948646544,0.6901999126514322,0.9415861335261753,-0.34102594734363323,0.9408001899719238,0.8488774650958292,0.9562437278918627,-0.24767912252340765,0.9760369658470154,0.6899932090491918,1.0136711038607695,-0.010084464036576889,0.9486623406410216,0.9589054766225407,1.040947344859333,-0.31006845598767707,0.2898128032684326,0.661607687461598,1.205591456208084,0.10233955258653034,0.1690580695867538,0.9801412827615258,1.2766101490335773,-0.4774994497848284,0.0476351082324981,0.6940825491442867,1.3577061295978876,-0.10624858977710604,0.0479779094457626,0.984786351426272,1.3747849466792574,-0.5692568946739757,0.0564736649394035,0.6862122928917511,1.3955455607201879,-0.1724631501226008,0.0556415691971778,0.9746046012661654,1.344008549950914,-0.5846667379620405,0.0818032473325729,0.7081464303271302,1.3919820157956053,-0.22132918585170622,0.0756746232509613,0.9407880406459477,1.3387356776549022,-0.5074209075063895,0.070527546107769,0.6702670379741941,1.334651288242891,-0.14061855666023199,0.0713745579123497,0.8686266811133402,1.381976415874203,-0.11646118153715852,0.0079331630840897,0.7352607914655083,1.402628572884629,0.12317235573787545,0.0100215710699558,0.8574788346548092,1.7051939826987335,-0.22338143081714723,0.0042567355558276,0.7399818749574638,1.7003796838888119,-0.00513739689251003,0.0051335440948605,0.8952963724449088,1.976847781569344,0.037805024309337576,0.0004190244944766,0.7754612134449689,1.994071390804886,0.1901930580342807,0.0004983874969184,0.9125721975193637,2.030784674399186,0.06886602616137248,0.0003140156914014,0.7712653565199536,2.0227820907517873,0.1861174908070967,0.0009273454197682,0.8724518774748414,2.0622505919485326,-0.297401679413798,0.0006832412327639,0.7424881120169714,2.0606505412610074,-0.16222731818714398,0.0014239802258089
2025-11-11T0725.239219,218,0.6692659161185068,0.9007831288597766,-0.357710141526419,0.9507094025611876,0.6738274070496948,0.8676356614278332,-0.399799589746133,0.9345657229423524,0.6846240325625197,0.8430135758908623,-0.3890075909986769,0.9431766271591188,0.6443246364794551,0.8380463874641345,-0.41525138386580146,0.9502822160720824,0.6574775947994409,0.8693607680019348,-0.33182058621224936,0.9187847375869752,0.6796000884452664,0.882389769580869,-0.35974887266296607,0.9165723919868468,0.6450427377081966,0.8688729692513356,-0.35399468470858514,0.9196556806564332,0.6829489834398597,0.8476754358589721,-0.3385269278995723,0.9626431465148926,0.6170794018887211,0.8641260385542339,-0.08581322316307638,0.9210413694381714,0.7216369151201154,0.8966783950318473,-0.33120554779914313,0.9698231816291808,0.6625763373307475,0.9352463600501768,-0.2755229146853369,0.9452863335609436,0.8721496934507453,0.9732396943199191,-0.24048175453777199,0.9777382016181946,0.6660636982668686,1.0091240488620332,0.03101052884113141,0.950961172580719,0.9597709530869609,1.0318196093146217,-0.23821488461882484,0.2826851606369018,0.6621187198285485,1.2486987127562814,0.18126574310740182,0.1573814153671264,0.9615803827251718,1.3118033619197251,-0.4215817134121637,0.0490750335156917,0.6457126210115489,1.353473908038398,0.028447294529478844,0.0447605103254318,0.9869246617558314,1.3635633364084876,-0.45064307017973404,0.0579804666340351,0.651988824316249,1.405475494861526,0.003848913494970979,0.0522369369864463,0.971199069570788,1.3727032529442043,-0.5345879605966742,0.0851050540804863,0.6784793392547535,1.402590684186588,-0.0479174323709265,0.0719019696116447,0.966455582315218,1.3494583765185264,-0.43466900366666955,0.0735310763120651,0.6728114477283869,1.3867151134907336,-0.008788397564707173,0.0681408643722534,0.8657409272199909,1.3987926380070683,-0.0880609145778369,0.0071547315455973,0.6920010358031804,1.357690848056817,0.109274733558751,0.0090354699641466,0.866673243898269,1.6962733119957771,-0.17994611241313402,0.003841089317575,0.728747466820569,1.6813361575633727,0.006285247502169569,0.0046366499736905,0.8942451624760223,1.967315846322923,0.11088586741148264,0.0003794687218032,0.7727809702394107,1.9730829156525662,0.20979440982898923,0.0004502182709984,0.8826111729425199,2.0101734660312567,0.1212953834413439,0.0002846755378413,0.7187575043959656,2.0199242743737926,0.20952003137464398,0.0008391452138312,0.8437947676380133,2.068912609511604,-0.25124902218787093,0.0006199851632118,0.7471563164800041,2.0571615711178324,-0.15643908729775394,0.0012958942679688
2025-11-11T0784.740897,219,0.6528318179514815,0.8864971233952041,-0.3372101124315061,0.955261766910553,0.6733619952299109,0.8349021422210637,-0.34782331055883053,0.9405467510223388,0.6522074909280071,0.8207256700263476,-0.3740227286126762,0.9484952688217164,0.6703137992071522,0.8337879255998403,-0.3750225134892878,0.9548718333244324,0.6208120939227516,0.8913529316950481,-0.30357437950110544,0.9258763790130616,0.6200605178140293,0.8845614268139906,-0.3025239283325899,0.9239991903305054,0.6367612570173159,0.865712939832795,-0.29705405904959487,0.9265841245651244,0.6711374314018889,0.8042587214553446,-0.32937372030203965,0.966161847114563,0.6535816188565995,0.865505650287451,-0.08947753619934012,0.9281820058822632,0.6896057905920399,0.8961744163674894,-0.34275943159965977,0.9725525379180908,0.6589592231255375,0.9088941570223256,-0.23580272820661632,0.9498317837715148,0.8551393238398819,0.9449043887967847,-0.2439572530421395,0.9795004725456238,0.6320897210716278,0.9994424236765773,0.04756268003370095,0.9539664387702942,0.9045188103339439,1.0068468345703538,-0.30013136331358437,0.2735979855060577,0.6398443745682905,1.188712197514239,0.18872779777561338,0.1467726081609726,0.9340616665533013,1.3069234142346349,-0.41508013576922964,0.0496545173227787,0.6183687756169199,1.3594194197736187,0.10572541705126617,0.0416141562163829,0.9905523569925796,1.3641145241451949,-0.4575467900258654,0.0584201253950595,0.6493863589127598,1.4122518980932879,0.08258750329826453,0.0487660616636276,0.9539711064232836,1.405677552329674,-0.5008433301841803,0.0869693681597709,0.654612621236295,1.3912190635433361,0.024091243682008264,0.0679314360022544,0.940984716215026,1.3701263978689213,-0.43320609961688833,0.0750163197517395,0.6544783783616175,1.3841588304419716,0.0718269027780541,0.0645631998777389,0.8716253565582648,1.3638742034342974,-0.07999557027738471,0.0064524756744503,0.7188815091601581,1.3562235666115334,0.1153649725389565,0.0081465737894177,0.8418983935843296,1.706317829822387,-0.17076772712475194,0.0034654845949262,0.7388347968791292,1.6706517376121248,0.053647259395651924,0.0041862563230097,0.8556041213719614,1.9730410619300378,0.13352971503070593,0.0003442182787694,0.7335961334526905,1.9801590471699562,0.2802524026189058,0.0004064748063683,0.8829580010565357,2.0239287078686194,0.15499199396807462,0.0002586460323072,0.7469638839338614,2.0265950075516996,0.2776701560399252,0.0007594867493025,0.8389581200188789,2.060917543050469,-0.20498905105356327,0.0005633205873891,0.7392033326333022,2.093509823381344,-0.08338392392084579,0.0011778103653341
2025-11-11T0715.974170,220,0.649763809662471,0.8403841719096897,-0.29880796446532665,0.9593850374221802,0.6167290274381156,0.8259005217845754,-0.336410591133741,0.9459619522094728,0.6397014817411795,0.8377603709667577,-0.34459649171074613,0.9532294273376464,0.6324350312552458,0.8326468381051089,-0.3128549669948997,0.958992063999176,0.6149543731118902,0.8458897226914955,-0.2743993917783239,0.932396650314331,0.650911276100452,0.8680713485396158,-0.2384519761900823,0.9307523369789124,0.6051291626402071,0.8645670867605582,-0.28135214798635816,0.933023989200592,0.6593758094051446,0.8297354581540628,-0.3342452292669261,0.9692765474319458,0.6323925943659312,0.9119358890231328,-0.0631449904032603,0.9346453547477722,0.6454608502875006,0.8808035366237739,-0.27329147660603037,0.9749817848205566,0.629054226091802,0.8819481331669172,-0.21684576182393692,0.9539218544960022,0.8566461747308397,0.9236058557270796,-0.2748790984735299,0.9810830354690552,0.6421796111932601,0.9993995269460859,0.034636470172341186,0.956136167049408,0.9501799162914362,1.1233637422050382,-0.32096640553430594,0.2649658322334289,0.6403268964532467,1.229173752126822,0.202168524506836,0.1362371444702148,0.9673862427991063,1.3352536194023747,-0.4026829266415594,0.0486850328743457,0.6399707196023782,1.3592154152142988,-0.029605069110453283,0.0381984524428844,0.9663037935921733,1.347429739240643,-0.4917554708471188,0.0574879087507724,0.6379953423964659,1.4183925216838915,-0.009723490757195174,0.0449897646903991,0.9477739666166686,1.3721697338251662,-0.48788039276018186,0.086747720837593,0.6373429913775442,1.396021484035088,0.01088058530669245,0.0632455125451088,0.9342562429852176,1.327381968751812,-0.40308689576165213,0.0748729333281517,0.6402900716050111,1.3627774096992387,-0.06071930102278656,0.0603791512548923,0.8435275916802338,1.3802903880693198,-0.08429289377899313,0.0058129196986556,0.7073705735010115,1.3595250866292727,0.09982627464165916,0.0073388470336794,0.8657519584389033,1.6896962236648476,-0.08670696290835873,0.0031219993252307,0.7241709677773278,1.681815410629721,0.12671461432049314,0.0037710254546254,0.8530922473240822,1.9593693695005916,0.2806850361301896,0.0003104898205492,0.714846001737617,1.9790031200446907,0.4402984755327987,0.0003661594528239,0.8626502602881335,2.018203677103101,0.32189880415139266,0.0002332742878934,0.7340007741649655,2.029138343143158,0.4387562965465378,0.0006846262840554,0.8166732239936463,2.055231508901925,-0.04186750716528054,0.0005086564924567,0.7444362952969824,2.10669487030629,0.12919402675370908,0.0010637623490765
2025-11-11T0753.226067,221,0.6246497937098686,0.867322003047028,-0.28202768327983646,0.963173806667328,0.6133655147336061,0.8619177890095101,-0.3143140292185662,0.950986921787262,0.6151183673665892,0.8609027822836721,-0.2977959390485297,0.957587957382202,0.5871988069600754,0.8493765191038688,-0.30389016125321366,0.9628056883811952,0.6052737784093049,0.8504481329108349,-0.23655944136390175,0.9384742379188538,0.5995620420906114,0.8601662737384161,-0.23830449052887778,0.9369809031486512,0.607653991395904,0.8578656815667456,-0.24184727947122855,0.9390015602111816,0.6666238813732822,0.8606332700540782,-0.32015120581282014,0.972176432609558,0.598285814118993,0.8472585928659865,-0.023159672270919633,0.9405508637428284,0.6328976368501908,0.8711212319136066,-0.25449096017737216,0.9772640466690063,0.6125312183499362,0.8852064693215193,-0.18753364486892624,0.9577905535697936,0.8190103037544261,0.9189265561688889,-0.30708745473265014,0.982699990272522,0.6502243727414092,1.0277064865926278,0.035706468531314636,0.9583842158317566,0.921266191363877,1.0226516902958318,-0.38093126715200265,0.266937106847763,0.6141021633100378,1.1990578841303738,0.16209356313482834,0.1281272768974304,0.9727603318293331,1.3098679540883835,-0.4309466230496172,0.0494092479348182,0.6006849512922098,1.3576329751310834,-0.1439735953556721,0.0353440269827842,0.9747885304001731,1.3786008420896754,-0.46443741787825815,0.0582532696425914,0.6102943615556838,1.4013839460312358,-0.13689200823242592,0.041959673166275,0.9417321582758605,1.3600583334845802,-0.47939336462605914,0.0890126675367355,0.5968309002796452,1.3794772417528025,-0.12828714987764556,0.0597483068704605,0.9326928131871924,1.3352325325790655,-0.4306178398378092,0.0770719945430755,0.6093717390866525,1.3523365433214434,-0.14967017852283582,0.057388599961996,0.840265434323243,1.377239954377232,-0.12165711814406918,0.0052381474524736,0.6579901672407384,1.3555835822878621,0.0811943642895109,0.0066120009869337,0.8577406538153641,1.6875686225262718,-0.09751984455158756,0.002813130384311,0.7053014803894987,1.6924439412993595,0.16518956568034068,0.0033975599799305,0.8648312652260637,1.9820171327589682,0.25922674592483513,0.0002798131899908,0.7234318867486089,1.9773013860261786,0.42091850480283705,0.0003297681687399,0.8964222395287667,2.003431529553703,0.26163736213425776,0.0002101879072142,0.7288205427577695,2.038967512426729,0.42014226072959815,0.0006169641856104,0.8163146501009864,2.0832062372093763,-0.05695401058849541,0.0004587389121297,0.7547900177148058,2.071556903772002,0.1293410286025328,0.0009597016614861
2025-11-11T0728.471763,222,0.6032710347118267,0.843244132925429,-0.3010857121324009,0.9662944078445436,0.604212559043332,0.8145073612109652,-0.3271083348620258,0.9551945924758912,0.5871664271779438,0.8442176046667534,-0.3235555063606943,0.9612407684326172,0.5951913195661602,0.8337132587647882,-0.29203036137901617,0.966015875339508,0.6074387233514275,0.8223670116146213,-0.27391761407474957,0.9433690309524536,0.5825098713117246,0.8080539708174955,-0.23242885170771083,0.9418958425521852,0.582084399827949,0.8153445191190877,-0.25948381262665415,0.9436930418014526,0.6529900316326336,0.8390228175404353,-0.34989766558795493,0.974681317806244,0.6111687817831347,0.8424199403247049,-0.0346078500410312,0.94527930021286,0.6334810321038576,0.8905187058711658,-0.30809776659285387,0.9792059659957886,0.5889690165112145,0.855622468226029,-0.2024137787737288,0.9608917832374572,0.826047288158713,0.9370047125506195,-0.40176643876164264,0.9842293858528136,0.6296248960508986,0.9904263101528739,0.07307307558530675,0.9603006839752196,0.9131877319172345,1.0473135826824813,-0.4219830778811938,0.2748260796070099,0.6363528398079175,1.2012986116535107,0.1791007002149985,0.119689330458641,0.9393510646685687,1.306957753648828,-0.4766606417690371,0.0494243241846561,0.6206738871664153,1.3696031359937886,-0.06156073202142018,0.0324302166700363,0.9775063480600114,1.3944607485269334,-0.5547395435203454,0.0578536763787269,0.5973469581148093,1.4274576599589364,-0.07324762108734031,0.0387559756636619,0.9414531577465445,1.363989669742276,-0.5073478671703819,0.0890512317419052,0.5946696796027076,1.390648418637946,-0.1447239659027188,0.0556751936674118,0.9471351821485272,1.340724135153038,-0.49512140027061124,0.0770445764064788,0.6258534656213056,1.3454875104412987,-0.08106937773532438,0.0537098310887813,0.8375645822302217,1.35020502571988,-0.14006081228961692,0.0047211442142724,0.6787886409371287,1.3812235004098776,0.14003441177628437,0.0059577287174761,0.8269757001396174,1.7104572060849028,-0.06994212907269792,0.0025344626046717,0.7112961289980007,1.6873920513952807,0.1984307277377992,0.0030610414687544,0.873661290642592,1.9575857755499009,0.3417910375760672,0.0002521108835935,0.7393290124772447,1.9565727194203415,0.5421145049600333,0.0002969549095723,0.8860216115027084,2.0229772505942294,0.33029587212486045,0.0001893513835966,0.7458418101346805,2.0037127373366403,0.5312470238750413,0.0005561042344197,0.8308175840005819,2.0783837378531866,0.02465134325974153,0.0004135273629799,0.7241985358374238,2.0473006831042366,0.21848256743056638,0.0008655497222207
2025-11-11T0743.777931,223,0.5686066274435613,0.8192667529502939,-0.2635295717553925,0.9690880179405212,0.5689299447151889,0.8149067370863852,-0.32271800160860253,0.959062397480011,0.5662628178954126,0.8296525162464797,-0.2955216343334979,0.9645308256149292,0.6254321979893721,0.8196286962254867,-0.27681365598453667,0.9689697623252868,0.5927548569194591,0.8331227643637322,-0.2374498081028095,0.947748601436615,0.5727668031503943,0.8479647584040884,-0.21250664555119672,0.9461079239845276,0.5637631566570944,0.8369589787519335,-0.23916407281471275,0.9479459524154664,0.6199337124793218,0.8154811294870626,-0.35111221570581247,0.9769878387451172,0.5859920625821842,0.8299795447163667,-0.005038972245747095,0.9492729306221008,0.5982866654075596,0.8648168578508807,-0.2651929244404148,0.9809597134590148,0.5906209497122116,0.8623715669535884,-0.15376229841786382,0.963645040988922,0.7865448804061034,0.9107923109709329,-0.4013721211155338,0.9856441020965576,0.6166807822796417,0.9802011477895038,0.14964985266938186,0.9597374796867372,0.9096517178377074,1.0347779414573237,-0.5334113605031607,0.3039788901805877,0.6095763538231449,1.1992030822245494,0.27571121856209385,0.1107466593384742,0.9213546356877756,1.3033925879492156,-0.6155088317795371,0.0535364188253879,0.5719934429725958,1.3330813158857515,-0.014401897623320193,0.0298115015029907,0.9171239428521003,1.3771198682906587,-0.7033418170925851,0.0620933249592781,0.5772816283610932,1.4174745046581652,-0.0032614490350818502,0.0359650738537311,0.8994925214669139,1.3785768428701182,-0.7146923197445797,0.0964729115366935,0.6075355590532665,1.3818497508798255,-0.09802955397326311,0.0521987490355968,0.8541759997724954,1.3834195988802374,-0.6159719071917796,0.0818198397755622,0.5918201965029232,1.3764581900108808,-0.036726368295303416,0.0504695028066635,0.8186982385378094,1.3405775288297659,-0.18470584357730177,0.0042618638835847,0.6888703904461475,1.3579785437412664,0.18556233553676985,0.0053710965439677,0.7997969379655895,1.6976724355751251,-0.13494980284586655,0.0023142804857343,0.6842427018979499,1.7004587357822294,0.24535369288437225,0.0027874249499291,0.8274952715972816,1.9869542365755422,0.23057954481873938,0.0002290215052198,0.675606477219346,1.9918417798251202,0.4823865215020327,0.0002686732041183,0.8676053728635071,2.0321426627142904,0.23967726535811157,0.000171628431417,0.7310971798232446,1.9924872460016843,0.522141453947707,0.0005078379181213,0.7883107267090839,2.0696881988088216,-0.09637718147868074,0.0003759650862775,0.6917595944636188,2.065823463938779,0.176609510584544,0.0007870382396504
2025-11-11T0722.607299,224,0.5630799510131147,0.86296558920523,-0.24585905020548102,0.9717538356781006,0.5784095453704224,0.8384532589929117,-0.30337019730080644,0.9626837372779846,0.5668911065415705,0.8218691750831164,-0.2713211656500149,0.9676515460014344,0.5811695934010785,0.8226597822180824,-0.2844518829739497,0.9717425107955932,0.5604068502209806,0.8066489841808135,-0.21280004166815886,0.951978087425232,0.5646209499972636,0.8095162800846483,-0.17119696877201707,0.9503055214881896,0.5387591007525109,0.8301525879577376,-0.22453923155608674,0.9520370364189148,0.5925119741542197,0.8341519003655664,-0.3412529900748234,0.9791261553764344,0.5667468342022685,0.8121969227774734,-0.006814774793962441,0.9531858563423156,0.5991893854000191,0.8789986401353883,-0.26834748128421493,0.9826482534408568,0.5816031420745059,0.8680304884984565,-0.17438828980319357,0.9664369225502014,0.7687952496024364,0.8987959911697838,-0.4389386675332985,0.986979842185974,0.6117882484236461,0.9789299846825759,0.1815268652387534,0.9613569378852844,0.9032163362949932,1.037801067524483,-0.550028947180955,0.3375610411167145,0.6076681177242281,1.1851808355657958,0.2818112482295379,0.1035023182630539,0.8916521586919287,1.3143046625245798,-0.5601262943897614,0.0583489537239074,0.5978772381135073,1.3186724241202978,0.07732660150019392,0.0278711020946502,0.88129980676738,1.40363881833883,-0.6739851556591747,0.066119872033596,0.5820314544109235,1.3580399743032256,0.06545145407840969,0.0340624488890171,0.8573401835052894,1.3803515538607245,-0.6562255380631788,0.1034295186400413,0.5849047010213032,1.3577507037903493,-0.015959562380761284,0.0502203702926635,0.8475463886746614,1.3447904805370885,-0.583159259898648,0.0866672545671463,0.5861418718945729,1.3528611396180878,-0.0007707358977726286,0.0486706718802452,0.7770974426766963,1.3524475095293564,-0.2091205201356259,0.0038467831909656,0.6857133078535883,1.3666698079061883,0.19609168686254902,0.0048414166085422,0.8103350788618762,1.693107125171909,-0.20000473550603817,0.0021029356867074,0.6965071861692445,1.7099613866231906,0.24957396166169002,0.0025262131821364,0.8098967600416798,1.9998572634474963,0.11802117107870651,0.0002072303177556,0.696445941631214,1.9750037735312147,0.47613362164216455,0.0002424678095849,0.823852808566042,2.0407269617129837,0.1640808526516342,0.0001551418681629,0.7255394814925478,2.0188602347465037,0.46065482625515475,0.0004606048460118,0.777097851632773,2.0544068644158986,-0.17425169181571265,0.0003405047755222,0.69091413040537,2.0802674063546736,0.1676942633046387,0.0007125923293642
