31.282846,frame_idx,,,,,,,,,,,,,,,,,,,,,,,,,,,,,,,,,,,,,,,,,,,,,,,,,,,,,,,,,,,,,,,,,,,,,,,,,,,,,,,,,,,,,,,,,,,,,,,,,,,,,,,,,,,,,,,,,,,,,,,,,,,,,,,,,,,,
2025-11-11T0781.515208,0,0.4357694838104607,0.1412694621529892,-0.7396876055768987,0.9997187256813048,0.4377213985754611,0.11359213541335487,-0.6573488728990469,0.9993882179260254,0.478504672990454,0.06157545529413076,-0.6569493581341841,0.9993000030517578,0.4903791177503417,0.09194630142358128,-0.6827942576859282,0.999377965927124,0.43691954193818744,0.09551569924104444,-0.6744431869898656,0.999520778656006,0.40554528664089956,0.10473127990715227,-0.6915937897931405,0.9994992017745972,0.4058999654120316,0.07248971502304005,-0.6881129052618322,0.999559223651886,0.44569641099611507,0.12303369773885547,-0.42370394924384686,0.9992187023162842,0.36974849900248374,0.05809282408687054,-0.44404835292754646,0.9994958639144896,0.4496995474130096,0.17339860504214757,-0.6005869726275139,0.9998809099197388,0.4112559278610793,0.14802868389701196,-0.6363462142460562,0.9999139308929444,0.5784513473422476,0.418327858764231,-0.33761413573662064,0.9998881816864014,0.24668622030559786,0.3159712830362609,-0.32561495836400245,0.9998340606689452,0.6081465870031844,0.7229398109040048,-0.23868683267176213,0.9640586376190186,0.15196224213075676,0.6674326303929157,-0.3294001288007089,0.9472246170043944,0.5695060936596055,1.011771910471979,-0.34843159609579594,0.3024732172489166,0.05702756402852626,1.0083358721535705,-0.5331616086367853,0.2841476202011108,0.6114577555323354,1.1189326060459532,-0.3903984109538808,0.1548146307468414,0.045085808972215737,1.129068391723125,-0.5885349686309828,0.1504895389080047,0.5679712002632784,1.116409541066449,-0.409666010270544,0.212970495223999,0.04856595290303171,1.134032791597365,-0.6827775932073029,0.1989845633506775,0.5602978536563763,1.0881878438284547,-0.38043634735929127,0.2434407770633697,0.09722244060652814,1.1198622848184416,-0.553978245297891,0.2313209027051925,0.4733936026982902,0.9370184822482667,-0.04036912822933146,0.3968375623226166,0.24601550266074382,0.9691449677314379,0.06600201701223954,0.3631883263587951,0.44056856810787043,1.4198874621268693,0.21190629643243214,0.0102710062637925,0.21420415925844574,1.4199025176519848,0.33281993347342637,0.0046524195931851,0.4317025950733239,1.8267001761394768,0.8747349521852956,0.0009128763340413,0.2325520253490024,1.7909845686105232,0.805175938594662,0.0004224404110573,0.407273022538097,1.8483727077985184,0.9265565011942458,0.0011311586713418,0.23274273229111883,1.839470565077358,0.8308697054669449,0.0013476021122187,0.39492432919692144,1.9972677585119407,0.6024428632450398,0.000646561558824,0.23778400144113554,1.9091537867871917,0.46690539707235335,0.0004404899373184
2025-11-11T0781.849041,1,0.43057249789124924,0.12308097204038955,-0.7493992755844858,0.9997122287750244,0.4635774317771988,0.07934203823003172,-0.7042827393283091,0.9993762373924256,0.48617514472241613,0.08896516890485177,-0.7062179830550578,0.9992916584014891,0.5108476423318811,0.0989355258972264,-0.7190700567752564,0.9993632435798644,0.4354824109387993,0.08362562890190324,-0.7109310645880079,0.999508798122406,0.3830519904761,0.07775319577142831,-0.7393326734350434,0.9994896650314332,0.3757047988271713,0.08791214577653769,-0.6894818289455881,0.9995453357696532,0.4732017081180785,0.10775059176691906,-0.44882351909372425,0.9991902112960817,0.3766122912754871,0.10755374795806853,-0.4532830809047299,0.9994805455207824,0.4633139572396091,0.1438988139895976,-0.6688216137561583,0.9998754858970642,0.4277337357298518,0.19074641393320943,-0.6694607649365019,0.9999092221260072,0.5316627594431629,0.41077682337456145,-0.36782969399087984,0.9998846054077148,0.24848811145356545,0.3422898409416461,-0.34363065187067104,0.9998342394828796,0.5845844142906947,0.7483333713688559,-0.2801439776486214,0.9571024179458618,0.11958742429740692,0.7103765573021998,-0.2889707434164991,0.94347482919693,0.5673448851283327,0.9993574170530206,-0.5268508210446059,0.290385752916336,0.03764552752046282,0.9806598372721532,-0.5425157221615013,0.2748130857944488,0.5872649555615167,1.0900245610314376,-0.5704391140159434,0.1495229750871658,-0.026205203008703423,1.1131895410817836,-0.5765584906516235,0.146338477730751,0.547845383113556,1.1200785413017451,-0.6195046507773527,0.206289067864418,0.04069274859852767,1.1063114730060237,-0.6737724932044403,0.1944903880357742,0.5350381949406692,1.083298372423761,-0.533312637262622,0.2349098771810531,0.07517284419014193,1.0952803353345117,-0.5771660709237818,0.2270086258649826,0.4642113501583075,1.028014524444209,-0.052977982238666024,0.3720227181911468,0.27065173836722095,1.0228066491894052,0.03832538904075075,0.342558205127716,0.45610485678067236,1.4675424684099376,0.20262923307481015,0.0097266975790262,0.24084914635351748,1.4939829202337598,0.3032581054633682,0.0043913023546338,0.4364373989221284,1.9034760444564656,0.8749419875641063,0.0008675447315908,0.24477732157154342,1.8582988348467593,0.8263309802328241,0.0003980475303251,0.42366583605356894,1.982568941072195,0.9058020101484978,0.001068216166459,0.2078564325228337,1.9752368908895332,0.8989284699801423,0.0012853639200329,0.37232478373411176,2.0310271239360365,0.5251970298930254,0.0006128376116976,0.2645764145179943,2.0517839863058653,0.42953204975558273,0.0004205443256068
2025-11-11T0761.819867,2,0.4314431769306125,0.13459720965281755,-0.6793291536066431,0.9997199177742004,0.4546655973750411,0.09132248904073899,-0.6292882995858307,0.9993886947631836,0.49809809069952293,0.09864163219108289,-0.6495887659353693,0.999316394329071,0.47096168477027167,0.08742439642197926,-0.6407721636182594,0.9993778467178344,0.3935736686373505,0.06915227482061082,-0.6318299409755687,0.9995138049125672,0.40528073045036467,0.06071828887934029,-0.6452207949846372,0.9995005130767822,0.3828869262784966,0.07105382225513832,-0.6424340956222817,0.9995458126068116,0.4805025660892104,0.10121709747896117,-0.36465351311683586,0.9992090463638306,0.3552643645244394,0.05606466899992569,-0.38097629912094405,0.9994840025901794,0.4422030266393311,0.19606997944448482,-0.6006990179202336,0.9998746514320374,0.3932124827831953,0.16323025825512147,-0.5704625205267042,0.9999075531959534,0.5417250360426837,0.4088754109938824,-0.3040748582632074,0.999886989593506,0.2312510237100371,0.3286297535330406,-0.25591728269335606,0.999836802482605,0.6032096238279299,0.7457770868094944,-0.29273918646703095,0.9515798091888428,0.12854041617215514,0.6987881287909343,-0.1958258393240738,0.9343931674957277,0.5891508823871227,0.9904860590431438,-0.4590721593522404,0.2889333069324493,0.046115721340375254,1.0070484418457952,-0.47343688104565196,0.2644024193286896,0.5666492350888943,1.0665041746874662,-0.5463355642047856,0.1506312191486358,0.010837484423422654,1.0904376131950446,-0.49603922506094894,0.1425011903047561,0.5670344907000953,1.0692325148665507,-0.580303745167536,0.2085367888212204,0.040174596681605515,1.0997137683045286,-0.5927578717489329,0.1904613822698593,0.5255217908828346,1.0381217030001848,-0.4783820236386963,0.2344992160797119,0.04467930288104876,1.058622125947599,-0.49242364403131655,0.2225092500448227,0.4502111160563115,0.9949202406912255,-0.053138610684134197,0.341548353433609,0.25204336846444564,0.998230225259319,0.0393394457022476,0.3152483403682709,0.4420516241568189,1.4934906407228858,0.1543715109206228,0.0089580183848738,0.23695437042072673,1.4836107407567103,0.2741225694190233,0.0040247533470392,0.42731285418035436,1.9301748494563684,0.7398323878013253,0.0008087768801487,0.23680630147259252,1.8721017091557925,0.7506811877811109,0.0003694019396789,0.4295203071716997,1.9843554989924252,0.8190406905042674,0.0009948725346475,0.23017523193866915,1.9741604386062759,0.7779082015564098,0.0011986781610175,0.3797807210861176,2.078152973798087,0.4432156435370251,0.0005778606282547,0.22675710500331875,2.0224110014089853,0.37541412258464135,0.0003969319513998
2025-11-11T0768.535020,3,0.4301904853828308,0.11251376975304818,-0.6290369455611835,0.9997090697288512,0.44917766145574906,0.0641976772734635,-0.6059614064094099,0.9993573427200316,0.4844775062940228,0.08861227620897434,-0.5897225206276989,0.9993049502372742,0.4952121410806909,0.06550766305882177,-0.5899008810084997,0.9993546605110168,0.4026490801621943,0.030844398879992102,-0.5900046801710839,0.9994730949401855,0.3965783262312713,0.057952227517190744,-0.5974532592868137,0.9994701743125916,0.3961341477318903,0.06813775865262778,-0.6139784370449335,0.9994973540306092,0.5039723566403272,0.10425311520596227,-0.3519304920234793,0.9991875886917114,0.3331238404236659,0.09180075291623543,-0.31454860293815123,0.9994232058525084,0.480201207952275,0.17471121676822343,-0.5319218963278077,0.9998613595962524,0.4463988037222477,0.17238416493566797,-0.5288279600934565,0.9998918771743774,0.5285876386226555,0.3846481791422282,-0.28186839701794564,0.9998851418495178,0.19568075703444288,0.34784740868315994,-0.22999957041164296,0.9998266100883484,0.5738772062078061,0.7476058977488061,-0.2733893754439248,0.945458173751831,0.11879391254823392,0.68856561760138,-0.1499809763832956,0.9195055961608888,0.5318314985096451,0.9719534683697242,-0.45989313534109916,0.2915532886981964,0.04547416579960602,1.0051318599191652,-0.40318078875142904,0.2530094385147095,0.5419338719216037,1.06625905980554,-0.5144219951211052,0.1553354859352111,-0.028335226881840953,1.0732725378167807,-0.4340854776813534,0.1391958594322204,0.5253953462605293,1.0491838535153524,-0.5601491005791744,0.2155597656965255,-0.004741515404502182,1.0840951386342412,-0.5180857174037201,0.1874727308750152,0.511871528719314,1.0002270599023388,-0.45315244476386524,0.2386417537927627,0.021413521898316648,1.0127318740708595,-0.4307242309323614,0.2187158018350601,0.44450922646984437,0.9844859440895927,-0.07190944028609451,0.3114489018917084,0.2713691728943908,1.013921519919713,0.058068733331890846,0.2879469394683838,0.4384353121573046,1.4771684946378492,0.11250278375532324,0.0082865078002214,0.21292169965665655,1.475858134629164,0.28172845253521284,0.0037057872395962,0.43755186761746456,1.922476255046593,0.7191277007859489,0.0007617021910846,0.20643130164067203,1.9004052763768333,0.710908582726758,0.0003460340376477,0.4167971841717977,1.9942057434221656,0.7447746333263696,0.0009311983012594,0.20844206118634628,1.9712212111253242,0.7407754019933492,0.0011347481049597,0.3734624744182932,2.051800012694991,0.4001822836492554,0.000551251869183,0.2410438277320946,2.032129485491413,0.3730533985423619,0.0003788488102145
2025-11-11T0757.433880,4,0.4123523524370805,0.09748594902697977,-0.6232134486583166,0.9996775388717652,0.4228341996250676,0.05419415519647545,-0.606415067671987,0.9992735981941224,0.4665368514142977,0.05758991637607554,-0.5799493338263376,0.99924898147583,0.49102930233003633,0.08763923787031747,-0.6224226182189392,0.9992820620536804,0.3910832834631878,0.09722382763563871,-0.5869079698428625,0.9993847012519836,0.40199213346229273,0.05645769522009784,-0.6003631558181322,0.9993988275527954,0.39359806510092704,0.039990298631321,-0.5852040074764863,0.9993966221809388,0.47931597302915246,0.09813089850231989,-0.3736753276529615,0.9991098046302797,0.34911161364041826,0.08562784427682565,-0.3593281963060491,0.9993033409118652,0.4329805135943205,0.16202547954866817,-0.5519180630387001,0.9998341798782348,0.38729698003450025,0.16186683728144938,-0.5646343913973317,0.9998638033866882,0.5239817355507241,0.38430108984542694,-0.28465692865981795,0.99988055229187,0.2429517554616805,0.34885143273354013,-0.20801421484395097,0.999809503555298,0.5685582156273985,0.7201499523700369,-0.28298266026009505,0.9405383467674256,0.12594890315101456,0.7031677141605918,-0.1441605902951967,0.9033955931663512,0.5619744672405502,0.9454831723595256,-0.4585114140912193,0.290688544511795,0.02951144506605508,0.9498681175734202,-0.37076001170279543,0.2396403104066848,0.5675574119638405,1.0319025186905144,-0.5349459339274293,0.1565267592668533,-0.012669608652726904,1.0292825898594127,-0.45365166885999386,0.1338310837745666,0.532332270417615,1.0081111000183576,-0.6004787545083768,0.2174324691295623,0.0015062293761894667,1.0657195757404396,-0.5029781172179819,0.1811766177415847,0.503208526902863,1.0011728067745522,-0.4957741238810964,0.2383015006780624,0.04149246954202344,0.9885448589494578,-0.4340012206729805,0.211667999625206,0.4536258992512522,0.994750380646152,-0.08324384962757249,0.2857331335544586,0.29647451262979635,0.9885987629932439,0.06570743832574664,0.2648789286613464,0.4118179005273724,1.4726813394980613,0.12307184383274768,0.0077235270291566,0.24950347404164339,1.4866187854638406,0.25979419426722233,0.0034362862352281,0.43210292043697207,1.8907427287956744,0.7179742356876841,0.0007170389289967,0.24750502983336678,1.8707350452123694,0.7319464710330876,0.0003295807400718,0.4324618733653246,1.961046958247154,0.7828596625697533,0.0008778657065704,0.24281558142599374,1.9927891886179419,0.7697415454517886,0.0010975726181641,0.3916926721978961,2.072753440119844,0.38251205599664856,0.0005240233149379,0.25013335080139804,2.0282562325396416,0.36603144604825927,0.0003654398606158
2025-11-11T0766.792173,5,0.4092928283273822,0.11085821950238167,-0.690503699190765,0.9996297359466552,0.4430652449242646,0.09024342009568062,-0.6459608366399084,0.9991409182548524,0.4306973160292736,0.07790194424531513,-0.6542955802953931,0.9991692900657654,0.4357426587863169,0.07013245595714468,-0.6823110486052758,0.9991734027862548,0.39374755620388296,0.08743710946441452,-0.6613608344599774,0.9991907477378844,0.3611122565033604,0.04691421792522524,-0.6427076856821684,0.9992452263832092,0.3742133847928149,0.06884288493744213,-0.6171123450391467,0.9991521835327148,0.4329880586818964,0.08468789915085458,-0.37921836165553013,0.9990174770355223,0.35003802586923644,0.0735617697229333,-0.37288452168436176,0.9990575313568116,0.40969904103905175,0.1700922284032592,-0.6144583141898975,0.9998119473457336,0.3633820086246897,0.1449879900220049,-0.5960016769455555,0.999825119972229,0.5281805447754094,0.3852159345719321,-0.3055623063255809,0.999884307384491,0.23915854118564336,0.32406023788352256,-0.22228630506985114,0.9997896552085876,0.5537662519672237,0.6866456738359674,-0.2692429647876993,0.9421800971031188,0.126970702553549,0.6614302442472311,-0.13847730294609847,0.8941919803619385,0.5296481358371443,0.9175971414214614,-0.5209465364480064,0.3306806981563568,0.005300240675557552,0.9291947299477463,-0.40710005300534835,0.2357780337333679,0.535141055089722,0.978189970463845,-0.595798302927075,0.1885585784912109,0.01952502117037169,0.9942576059649146,-0.48707907052084015,0.1338302493095398,0.5357306531430156,0.9758008072021345,-0.6739468206553935,0.2522660195827484,0.0010803994670873663,1.0276873075111366,-0.5561493764904798,0.1817237287759781,0.5207077146716478,0.9601533681818698,-0.5490876048904053,0.2694624364376068,0.03038992344744207,0.9631406172752927,-0.4737707697921278,0.2125848680734634,0.4186652020016738,0.9546399166068968,-0.07452879994875289,0.2685311138629913,0.2514211427918963,0.962028757963513,0.04772714224825406,0.2479308396577835,0.4250163307804343,1.4605409741602042,0.16292919843555345,0.0070914523676037,0.24030834264285017,1.4521615690308847,0.2626145405954578,0.0031580361537635,0.4057040606230039,1.8744710689226842,0.7610515008119556,0.0006628766423091,0.2366479272469495,1.8972297933514874,0.7778927813755822,0.0003075847926083,0.4068259259126024,1.970453543349998,0.8076148263131601,0.000813543156255,0.19820795834299532,1.9851926983533068,0.7931655819263038,0.0010340560693293,0.39381316895650004,2.0286154704963977,0.4475412043527556,0.0004896296886727,0.2272757659014388,2.0068914720806013,0.34601445062105085,0.0003449836804065
2025-11-11T0792.190795,6,0.4359853933196955,0.11525021530139996,-0.691126848950357,0.9996033310890198,0.4307967589876691,0.07760522260021023,-0.6545013214383731,0.9991026520729064,0.45770686960838125,0.0584471536231043,-0.6507237634032365,0.9991495609283448,0.44221387396795075,0.09393882124922315,-0.5992954778313703,0.9991554021835328,0.40148606959084504,0.04986339029531596,-0.6632290361519693,0.999117374420166,0.3628346793751173,0.05682972091392924,-0.630718261320678,0.9991724491119384,0.3595598203797009,0.05105757466660947,-0.6285283322805422,0.9990455508232116,0.454930085499453,0.09668652053123128,-0.3290000556315932,0.9990033507347108,0.35490139878436366,0.08879023905396423,-0.33889828379656445,0.9988672733306884,0.41716692263210103,0.1591517792408327,-0.589544662534753,0.999805212020874,0.3609763364597309,0.16997246921468295,-0.5558787872070644,0.9997999668121338,0.516736264199867,0.3747628570475982,-0.3195117228553373,0.9998924732208252,0.23379289693346067,0.33868913419519103,-0.10310802677716997,0.9997673034667968,0.5513372360870626,0.6276138514278671,-0.2982252786742142,0.947513997554779,0.13383162971687285,0.666726248869983,0.01266645763925057,0.8986460566520691,0.5806038235853679,0.8964838900204172,-0.6114373057693828,0.3947708010673523,0.029257540879849872,0.927304672774953,-0.30646886205749374,0.2642554044723511,0.5465523354217632,0.9662589052784458,-0.739300818465895,0.2601185142993927,0.006336071803009819,0.9885204385488108,-0.36915480276531126,0.1579504311084747,0.49256164185688484,0.959179807868012,-0.7498289503091434,0.3191899061203003,-0.021209239371341237,0.9943998182255513,-0.47385240941416323,0.2088820040225982,0.48718427409493276,0.9491131042346694,-0.6335944194159371,0.3334058225154876,0.05365524588036003,0.9617512955235261,-0.31908573310583893,0.2406247109174728,0.40182555420956395,0.9802581845155491,-0.10898857027951098,0.3135124146938324,0.20060656589558043,0.9540098111636693,0.06956731214108675,0.2863761782646179,0.3834610922113246,1.4225259455347612,0.06849245829581188,0.0074393502436578,0.23543080196153335,1.4115797497540743,0.3450817068855907,0.003226343775168,0.37171825316344653,1.8435116726253777,0.6380423865944402,0.00074715615483,0.17334209436432071,1.8200069838039536,0.7892956367847868,0.000384155777283,0.3905992264486289,1.9419163861663145,0.6564043819737403,0.0008915031794458,0.1766056124145961,1.865695971280774,0.8380657321635232,0.001326420227997,0.3524684876343255,1.9712437960688831,0.24642367962536638,0.0005460115498863,0.1771738289573824,1.9396801659475642,0.39378385846444497,0.0004205520672257
2025-11-11T0763.394400,7,0.3707228973887098,0.11742164113571384,-0.6439343595387567,0.999546766281128,0.3996858204172611,0.06465641565138983,-0.6085102430948652,0.9990040063858032,0.4182451292407461,0.07863092592077071,-0.6108659885237989,0.9990826845169068,0.4138991898096425,0.10508681328354354,-0.6166679871566667,0.9990963935852052,0.37230770915988576,0.07944341606776253,-0.5964650222110223,0.9989638924598694,0.3704720834860504,0.05374235710566782,-0.6068032555766087,0.999017298221588,0.38030673205123416,0.030224218551435665,-0.6170417386682471,0.9988396167755128,0.4175839116004608,0.1183319525195783,-0.33595781844779793,0.9989381432533264,0.3407058734188681,0.11195543836293642,-0.30518951844777764,0.9985522031784058,0.42291512469233156,0.14585935248367415,-0.5339769354520214,0.9997841715812684,0.3615377494696176,0.16788923238289316,-0.5418381144485174,0.9997552037239076,0.5049566180474107,0.3560929924593477,-0.2201295925056978,0.9998981356620787,0.2533279433175372,0.31861640807959457,-0.07351657596864365,0.9997276067733764,0.5814387151366885,0.6044316153890271,-0.26785038364008107,0.9519792795181274,0.12418458755884623,0.6320956590022477,0.03237996034165796,0.8987338542938232,0.5753295731763071,0.8834728014628598,-0.5942745481075152,0.4499948620796203,0.05500045139975589,0.869855649060269,-0.2401584305606278,0.2722989022731781,0.5427496620595202,0.9490152915099804,-0.7116578939893088,0.3189623951911926,0.060140953431619654,0.9567231179280382,-0.30615670727299416,0.1643895655870437,0.5328759768433488,0.9338678250285644,-0.7632044539735148,0.3746652603149414,0.05927140490106539,0.9849562095790269,-0.4428455737053847,0.2153575867414474,0.5109248010741873,0.904830389232992,-0.6296968976164309,0.385590523481369,0.060917498106436804,0.9319125492910789,-0.3082754303541492,0.248017281293869,0.4090303870233768,0.9422908147502428,-0.08555827758404176,0.3522083461284637,0.21040429109279918,0.9284745425480646,0.0599876332697098,0.3217842578887939,0.3967320925465163,1.4085193286720032,0.10922490450503927,0.0076593477278947,0.2032058237436288,1.4245748767345776,0.2614178633133538,0.0034559601917862,0.3869950257816424,1.807936908511327,0.635562618598997,0.0008426104323007,0.1940112064009745,1.8169907194694976,0.6941206751328387,0.0005308174877427,0.3647566331473721,1.8908868034227075,0.7041739796330714,0.0009929366642609,0.21080118586576052,1.8487585135685038,0.7413668768670665,0.001700383843854,0.31880490030071157,1.9385718569429577,0.3026661315452432,0.0006099743186496,0.2029440625768276,1.8975748905777223,0.33452407054865224,0.0005386431002989
2025-11-11T0717.541554,8,0.39145596390737525,0.12021883480951849,-0.38625088936219587,0.999535858631134,0.4119137884215589,0.10908402082454949,-0.368268110018081,0.9990086555480956,0.4316768567390183,0.07741773235844043,-0.36528347289589785,0.999116837978363,0.4474514182705669,0.0776793904206141,-0.3414924516390808,0.999119758605957,0.3687742310403098,0.08004584745497224,-0.3715412498264942,0.9989705681800842,0.373125441561376,0.04591203373124218,-0.33834554741854694,0.9990367889404296,0.36676369108342655,0.08031291186405133,-0.3496842361822717,0.998835027217865,0.46620156936846774,0.0983960636005965,-0.14151551140112711,0.998981773853302,0.34057823037830876,0.11347542578685885,-0.10651678192572216,0.9985067844390868,0.3849069074422402,0.15504445155528981,-0.3078528243951688,0.9997442960739136,0.3597956309957871,0.14099090102373088,-0.329083420017883,0.999695897102356,0.522114239071997,0.3926438737408119,-0.08348394090627076,0.9998816847801208,0.21688333998844664,0.30524364589875663,-0.004704948183922602,0.999566376209259,0.5826825060149774,0.6280751131407178,-0.11608840307054269,0.9545512199401855,0.12896188245817783,0.6476592542400869,-0.05141634508362103,0.8860353827476501,0.5240891023584484,0.8511063534016987,-0.3818253641456892,0.4960851669311523,0.09358687301890385,0.8471634713553584,-0.45464773587839064,0.2829085290431976,0.5126747131806604,0.9313998326509118,-0.4414826779867222,0.3691003024578094,0.08809135511746981,0.9339294176518893,-0.5335404905888123,0.1792938858270645,0.47634537927649256,0.9180720186415956,-0.4954339871868319,0.4219676554203033,0.09713432779906966,0.8937284791156511,-0.5983734157451546,0.2301507443189621,0.4892892803185,0.8893755115481963,-0.39836802866810067,0.4299656748771667,0.11093687721143912,0.8861901847994955,-0.4779907306176286,0.2610397338867187,0.40651014868367374,0.9442994053158358,-0.03416188963416459,0.4098898768424988,0.21717106436684727,0.9228398615469002,0.05240975558808454,0.3802797198295593,0.4100837678196844,1.3377846628266599,-0.19401510329383143,0.0278257690370082,0.23077255947189004,1.3441474585363569,0.22773530775422035,0.0074563948437571,0.37429098473948685,1.7472085069922363,0.00033254546769189916,0.0037811829242855,0.17390211044807327,1.7169856020810768,0.48029945945288927,0.0021364062558859,0.36219528098256887,1.7827513312621748,0.021837601423604185,0.0060105803422629,0.18946699512811288,1.802569344757936,0.48384567970054115,0.0043990607373416,0.33994315973142625,1.865628755660941,-0.315240997336602,0.0026707334909588,0.16804659658379734,1.8316290949525624,0.20013038016580192,0.0014465090353041
2025-11-11T0750.251744,9,0.3533319766767745,0.10329487268300631,-0.4753476331113132,0.9995660185813904,0.4063765693406106,0.0819269128019419,-0.42768259715237167,0.9990767240524292,0.39764182789231745,0.056146988789742155,-0.40781563503062757,0.9991847276687622,0.4380941093685736,0.08226784189137265,-0.37329164487962374,0.999182403087616,0.3699365326748919,0.07505963277431775,-0.41067982562461774,0.999040961265564,0.34002151039558354,0.0783433804540958,-0.4202810778564694,0.9991081953048706,0.36716923976224075,0.07415988392865189,-0.4289273560137649,0.9989116191864014,0.428652526998618,0.09686425984256142,-0.18270241208780175,0.9990555047988892,0.31839005885477506,0.10075121529014987,-0.1828759395453842,0.9985955357551576,0.39930103008929013,0.16129860890995898,-0.3829224953090802,0.9997512102127076,0.3862334026459244,0.15103518571774413,-0.391407363542521,0.999702513217926,0.5097998311426427,0.34879375876081986,-0.11896331034985584,0.9998835921287536,0.23275624950113613,0.3411800298110555,-0.08767314701810291,0.9995275139808656,0.5630267395686452,0.6380040475925196,-0.15888624309327076,0.9571623206138612,0.13519840977306324,0.6434994769417804,-0.2315225202014178,0.8792574405670166,0.506163691556043,0.8372745019630942,-0.41438888201760227,0.5409963726997375,0.12653597938693625,0.8767879921876756,-0.6982728924504741,0.302929162979126,0.4984516957249502,0.9348185023721103,-0.4554997089130442,0.4196882545948028,0.10237143467702804,0.9002086887913965,-0.779923115870137,0.200259268283844,0.45040218188779263,0.9202455068296536,-0.5004830871492808,0.4696433842182159,0.12924684184661037,0.8956817589149231,-0.8597143648316014,0.2517965734004974,0.46567472195646226,0.8803669737570244,-0.3980832107397805,0.474903255701065,0.12663512977590252,0.8901699247999207,-0.7405302945038125,0.2802237868309021,0.42211993039893797,0.9114864014395759,-0.021784416209285725,0.4510573446750641,0.2227364934327347,0.9283564177930321,0.029255210889927784,0.4219657182693481,0.4215929320298065,1.3360006470058134,-0.0009625302821016906,0.0282383952289819,0.24041763282496825,1.3488448691193078,0.19879307843387567,0.0075496542267501,0.36720761312852906,1.7378520504019466,0.3268579038049849,0.0039783427491784,0.20373551740885842,1.7544292577115914,0.5455470142960812,0.0024297700729221,0.376580469150222,1.7951376084192157,0.38616487701762325,0.0061897612176835,0.20938720525477036,1.8112762063579178,0.5565822438509416,0.0048038158565759,0.3599172743954011,1.866500974267826,0.07058772607307322,0.0030438848771154,0.19628604024451624,1.8386249262519758,0.24731025792573216,0.0016428732778877
2025-11-11T0791.292645,10,0.398543027934416,0.11867873732265619,-0.48540616267437425,0.9993804097175598,0.4054076998179919,0.09207763325850166,-0.43384199136232837,0.9986389875411988,0.3862526442046634,0.11970105084921458,-0.4825104723251089,0.998834192752838,0.4473241423616922,0.07670167972370705,-0.4287116978599793,0.9988421201705932,0.40668091036857157,0.11170647545456035,-0.43142791519232276,0.998698890209198,0.359930068743596,0.08348577938348248,-0.48380146485724845,0.9988099932670592,0.34644399174917656,0.08048081572031936,-0.4547681939530264,0.9985843300819396,0.4334468492983817,0.11280708189510144,-0.23657953838534035,0.998557984828949,0.32742952502002437,0.10183208266462718,-0.21211432698884355,0.9979470372200012,0.40743555301458045,0.17358820774888503,-0.3977075480163479,0.9995704293251038,0.39571163693627576,0.17009054585277092,-0.41248062142909925,0.9995265007019044,0.5258702334202705,0.3874987685548819,-0.16670908577419224,0.9998323321342468,0.24106736640263127,0.33454031970740594,-0.06798320148763773,0.9994612336158752,0.5731134504160751,0.6112293538568797,-0.21758762518214897,0.9563269019126892,0.1473789558725152,0.637971316023801,-0.19485123012790417,0.8769886493682861,0.504324340590424,0.8416101239987654,-0.4585859045764962,0.5549784898757935,0.10230409403305583,0.8816382409931157,-0.594203587841234,0.3048171997070312,0.47119740214739064,0.9718347527368617,-0.5511523631699804,0.4224156141281128,0.0706624563180454,0.9330715694479834,-0.6841846727397511,0.203746423125267,0.47978020592381165,0.9083430387267565,-0.5839699122594005,0.4717046022415161,0.11707079917417812,0.9536729214410149,-0.7509830537221337,0.254326194524765,0.4598311833437814,0.8906638290675252,-0.4838337713842661,0.4775212407112121,0.12085418190154025,0.8951261214461385,-0.6407711254024313,0.2832686305046081,0.42426156793278236,0.9268995255053495,-0.035341529368799446,0.4442191123962402,0.2197218087067646,0.9603200564078448,0.06918724015441727,0.423734575510025,0.4038786379951833,1.3682268158424158,0.07662313757266405,0.0259068440645933,0.2173551090726872,1.3432494271298543,0.3329675921292055,0.0070470701903104,0.39327353405024845,1.759164727957446,0.5245082974560337,0.0036434822250157,0.20830719894820923,1.7222211587243041,0.7980290762986592,0.0022820050362497,0.40213316317939884,1.8123050829229181,0.5330769598059536,0.0056493948213756,0.18759808621178659,1.816531959573711,0.8205662657648599,0.0045675341971218,0.3794649825993494,1.8803318088487064,0.20986051163768044,0.0028286394663155,0.20904959373081142,1.8649801626683356,0.45407432896994276,0.0015979744493961
2025-11-11T0758.130737,11,0.3923087752578096,0.1004518221101537,-0.460996888036902,0.9992066025733948,0.40270583169428953,0.10312586981266406,-0.411099053512245,0.9982694387435912,0.4048206886199702,0.10009266935680407,-0.4268044247114981,0.9984388947486876,0.4267715827733834,0.1123649467110581,-0.4297997362827729,0.9985361099243164,0.3870009978459047,0.06575926204478343,-0.42851086247486114,0.998443603515625,0.38090498818438123,0.10739569557822855,-0.4327950956217765,0.9985467791557312,0.37518494991923307,0.08329507143583559,-0.42543027366419967,0.9983897805213928,0.45899582001288175,0.12314013766212101,-0.21521541053274934,0.9979942440986632,0.3507598099161191,0.10556752187262257,-0.20108353398737178,0.9975256323814392,0.3965825172385754,0.15745510589281125,-0.38690230855267743,0.9994556307792664,0.37847414753715286,0.17059972324701073,-0.3854642293274846,0.999428927898407,0.5142002500044248,0.3674446700921779,-0.21123518737655667,0.9997990131378174,0.23525353327320106,0.3520410166781208,-0.08660579976869055,0.9994721412658693,0.5442822095681684,0.6223760058090332,-0.28640741550537535,0.956519603729248,0.13212903380333407,0.6658166707794437,-0.189087724519916,0.8825168609619141,0.5287673116666501,0.8726991381639785,-0.49112172246989577,0.568382740020752,0.08719224484749959,0.8827757007557987,-0.5996299296383604,0.3328709006309509,0.4986302857441626,0.9591843745018158,-0.5776387603084943,0.4286267161369324,0.08263869160222176,0.9260215141580974,-0.6970539746654477,0.2303330898284912,0.4844361491197813,0.9469669830551405,-0.6321023937861668,0.4766629338264465,0.10229418389536252,0.9381436037181298,-0.7852115920990397,0.2802616655826568,0.48304257153649854,0.9032303815836412,-0.5316488440077488,0.4840299189090729,0.16605411712009258,0.9467485607291479,-0.646620008140181,0.3102328479290008,0.42033684518091413,0.9685420033923431,-0.062220378807541596,0.4573561251163482,0.22662191287951397,0.9310734580187384,0.06697046110421997,0.446784496307373,0.42370580138156627,1.3611597254612375,0.11179820610132998,0.0237343180924654,0.20754659912953033,1.3592600977504736,0.3184065722127791,0.0066166538745164,0.37739153357921945,1.7741399889463347,0.6114362430571473,0.00333699490875,0.19735269499180574,1.8008502696638353,0.7598574698863082,0.0021203814540058,0.39732890341253546,1.8056873577824553,0.6228069784523926,0.0051492359489202,0.19870221492866416,1.8114331159874728,0.8101393485350877,0.0042717126198112,0.3782948252087994,1.906533708731906,0.2745385706824798,0.0025994086172431,0.21664362237497575,1.8742750339568481,0.43493929516501656,0.001520492718555
2025-11-11T0758.106110,12,0.42032815947629226,0.1212142368451481,-0.5620905522325068,0.999187469482422,0.4029376802797445,0.0932751452945201,-0.5197780897635,0.9982340931892396,0.39864956297503834,0.12188945162810312,-0.5161594382433581,0.9983879923820496,0.42353088618047846,0.09955714614471725,-0.5050349498015901,0.9984971284866332,0.34748322635651924,0.08089589419957144,-0.5160350309124091,0.9984016418457032,0.3483537002449258,0.0841123690986075,-0.5047415931579913,0.9984919428825378,0.35061195008779805,0.11167983818087983,-0.5073610904112467,0.998356282711029,0.41775334458494184,0.1343186927855575,-0.24063970685840963,0.9978901147842408,0.32296114988980407,0.10601413035131342,-0.18548991216850372,0.9974293112754822,0.41140528425988415,0.19085657824090757,-0.444812589991013,0.999440371990204,0.37283905162456693,0.2030344178343327,-0.4393559341265744,0.9994143843650818,0.4762113191169761,0.37608678590294103,-0.2502342606563859,0.9997949600219728,0.22461574640252743,0.3323534996570151,-0.11922792512864644,0.999483048915863,0.5658417232275595,0.6861933525387669,-0.3011301109253285,0.9550022482872008,0.1119410504987139,0.6271396056506533,-0.2188666616642239,0.8836156129837036,0.4930356382700392,0.9027095090101381,-0.6245095593652551,0.5684143304824829,0.08888074656823011,0.9011341319146248,-0.6246750472417902,0.3324156999588012,0.48515267017981334,0.9573622264169825,-0.6702438342023967,0.4212792813777923,0.04115394640085355,0.926978091440698,-0.760167631249002,0.2301214188337326,0.522794672987848,0.9535331217454297,-0.7273940897982422,0.4699556827545166,0.1140589160803126,0.9514347584422546,-0.7916568167095902,0.2799733877182007,0.4744608071027879,0.945690178955153,-0.640701724813752,0.4774731695652008,0.10393047924803314,0.9187756684602982,-0.6817024410053142,0.3112905025482178,0.41301573024344473,0.9480602996470642,-0.06600368247605826,0.4493385255336761,0.23845444545737993,0.9407433317899202,0.06400899278252316,0.4426862299442291,0.42358433764588643,1.3799643170792237,0.14788239002338543,0.0216639731079339,0.19333779058354345,1.3876293077467428,0.37568387786171437,0.0060929805040359,0.35988258928937417,1.784513964889916,0.7403406782009601,0.0030493095982819,0.19661505043532107,1.7925344183849123,0.8939505016947075,0.0019389591179788,0.3635356492670436,1.850379250944119,0.7983309155750014,0.0046827583573758,0.18601345496208035,1.871457864212786,0.9523780599902002,0.003961672540754,0.3553457947437888,1.9331184246627424,0.381315985705675,0.0023804942611604,0.20802574589677722,1.8987280198853138,0.5407876775373577,0.0014178855344653
2025-11-11T0741.771525,13,0.37560008035735026,0.17421623696100336,-0.6393335994407164,0.999210774898529,0.42848308328885204,0.10525194989773902,-0.6139768707158345,0.9982898831367492,0.4391588418863991,0.1514888582155574,-0.5885548368823371,0.9984334707260132,0.4177367026352306,0.11907829090619815,-0.5785632711511169,0.9985307455062866,0.41408737121732786,0.11734838208562379,-0.6315862616426838,0.9984450340270996,0.38020362338859526,0.10823695525183233,-0.5900142733101867,0.9985356330871582,0.3678237883547066,0.12184313185721433,-0.5938123110530291,0.998410165309906,0.4614287325349951,0.16124820610717544,-0.283045583725441,0.9979113936424256,0.33569076803123293,0.13207056910565404,-0.24929202767157588,0.997508466243744,0.4268136350670394,0.16974621250193972,-0.5451262584261718,0.9994542002677916,0.3502330222019084,0.1988732148551395,-0.5437819270770435,0.999435007572174,0.5017037444384733,0.4084118775012851,-0.2810243827333479,0.9997857213020324,0.22732988450927077,0.3726337269088211,-0.1323681124930476,0.9994953274726868,0.5423665137908678,0.7443093883800266,-0.32869276813016113,0.9493130445480348,0.1509952158859462,0.6513496170772171,-0.26925202628508343,0.8800219297409058,0.47210030837971373,0.9081558464110134,-0.6508700929784119,0.5422487854957581,0.08427486973752724,0.892398431061153,-0.7208995172017943,0.3194946050643921,0.5267582431821954,1.0012672666986624,-0.7006574411049187,0.3963979184627533,0.09486591723778523,0.9666334891895442,-0.8613411697892699,0.22035513818264,0.419450038888643,0.9986742194711942,-0.7855934280711793,0.4449906647205353,0.09082348635242338,0.9639655502015732,-0.9250067244092125,0.2689329087734222,0.4748985819580512,0.9568410005307798,-0.6848035632410494,0.4507741928100586,0.12777102698448506,0.9441727686489977,-0.7887569856345342,0.2995169460773468,0.4460280641594349,0.9458004583714458,-0.04929401983979083,0.4404780566692352,0.2406730343599774,0.9487714194423906,0.07581404526677304,0.4377713799476623,0.38919648357378456,1.4271617026683314,0.14055417855989003,0.0203569997102022,0.1687249529142632,1.4158452809723998,0.36647282818150784,0.0057099256664514,0.393903422990327,1.8340280245999323,0.7837575418501402,0.0029015697073191,0.18209150766986845,1.7807856367649848,0.9705724834387017,0.0018131050746887,0.41365384747591455,1.8635953094226485,0.8075052495186754,0.0043592792935669,0.19331534080791304,1.8377228575621094,1.0108014182302771,0.0038029241841286,0.33286907171086266,1.9678270469209145,0.39101513352958106,0.0022465621586889,0.19595837883824563,1.9239052366216327,0.5617636297876037,0.0013748836936429
2025-11-11T0721.836588,14,0.3954913396874655,0.1657272599134403,-0.7095395322765943,0.9991748332977296,0.45037041997112753,0.12054323234175239,-0.6822912563072094,0.9982428550720216,0.4570117923502678,0.12275459663466122,-0.6847912979551991,0.9983832240104676,0.4488479687712324,0.12855761834915305,-0.6528060924866534,0.9984683394432068,0.43378889807347437,0.12188449689217418,-0.671913722475193,0.998372495174408,0.40764028340306074,0.0961103609266051,-0.6690060700202011,0.9984755516052246,0.38571525523246813,0.13077390547520615,-0.6660301649469154,0.9983545541763306,0.4589384418405102,0.15786199689173666,-0.3567639414242011,0.997780740261078,0.3347787432341163,0.16258470676871867,-0.35010433709358535,0.9974551796913148,0.42658590046068495,0.21470354394538174,-0.6163857889727333,0.9994430541992188,0.35579389927037,0.18542202094751004,-0.5967753870451281,0.999431312084198,0.5380264870389925,0.43283293172824516,-0.29212473671816414,0.999761164188385,0.2375863644970888,0.38633457215128014,-0.22413437205683526,0.9994875192642212,0.5581079042402939,0.7513261531197055,-0.33229109471142343,0.9429562091827391,0.13793110247119542,0.6562168048248579,-0.32446112468441274,0.8797112703323364,0.5291627470815415,0.9473613301391041,-0.6745397435436978,0.5185086727142334,0.10410151276386173,0.8725272716069968,-0.7453848565043533,0.3097558915615082,0.49851655296116093,1.057143875939583,-0.7793489354380508,0.3739515244960785,0.05627334855096669,0.9543808370178486,-0.869528559309581,0.2122810781002044,0.47527069257855914,1.0207922589666165,-0.8113893540374005,0.4218208491802215,0.10220516112093837,0.9596141704092159,-0.9336985272291143,0.2595193684101105,0.47810826229374115,0.9707346764549097,-0.7184927026374356,0.4270462989807129,0.1446253387559105,0.9349848645777563,-0.8127691997386848,0.2899838089942932,0.43826147683654604,0.963294613306154,-0.07111145815603563,0.4374622702598572,0.24039334471270674,0.9467165562413932,0.07049236160792473,0.435847133398056,0.39455840856562185,1.4344670621028335,0.26305162191865955,0.0189483109861612,0.18037837571155996,1.397908173795512,0.38123049814637266,0.0053638922981917,0.38092607472746043,1.8292559500781365,0.8617331883886625,0.0027221899945288,0.15825807633794947,1.7782691917700477,0.9799175044055519,0.0016849772073328,0.3731797024538524,1.8872623531360933,0.9423258059061679,0.0040296469815075,0.14026074942097816,1.870780835579476,1.0033651909083987,0.0036088500637561,0.3259514375726937,1.965871702059346,0.5016254206131125,0.0020931658800691,0.17480485766243448,1.922361271235137,0.5885533936436502,0.0013158139772713
2025-11-11T0724.828519,15,0.4466177258530285,0.19930465603202746,-0.6893240456346721,0.9987056255340576,0.48152174776584783,0.18188584944558506,-0.6467193581885037,0.9973258972167968,0.4530998287717787,0.1707392593184092,-0.6224981296584409,0.9976454377174376,0.4774573217661353,0.1610144940011271,-0.6656264981957213,0.997553288936615,0.44451393905832043,0.16627058135944728,-0.651220024379034,0.9974706172943116,0.41487196998549924,0.14946910334938043,-0.6418889107197278,0.9978179931640624,0.39617051524449615,0.16213104777890594,-0.6489837109676398,0.9976232051849364,0.5158764078724689,0.22388980947559978,-0.3302134453192257,0.9964280724525452,0.4246087744157482,0.20166515346044703,-0.3428897746045794,0.9966487884521484,0.4916583692267258,0.2538558616335135,-0.5997820749758015,0.999093532562256,0.3955553387121042,0.19956734835473086,-0.5946282721007868,0.9991990327835084,0.5450470628977798,0.47272018138182303,-0.28733779512570684,0.9996052980422974,0.2395657602596931,0.3668520180471158,-0.21519049739561716,0.9994152188301086,0.521939578187192,0.77803671048081,-0.29994680191125567,0.9254378080368042,0.17184701109807293,0.6521065828304766,-0.28780871541589714,0.8730763792991638,0.4674358160170616,0.9639493914260754,-0.6638463880830426,0.4825440943241119,0.0982773022461259,0.909159071767246,-0.6165366522182749,0.2954550981521606,0.46984285404432796,1.0997989071663088,-0.7670151583081283,0.3469555079936981,0.05520048489894356,0.9316207350880306,-0.7002840426469626,0.2029342800378799,0.4839660593827281,1.065188139747474,-0.8057319946004173,0.3928022086620331,0.12420582362162154,0.916182146612601,-0.7991697730410958,0.2491622865200042,0.44561153804846165,1.01349074274708,-0.6963400831714295,0.3980004787445068,0.13873592095641066,0.9490616964213997,-0.6789588448984175,0.2791005969047546,0.3970430015376907,0.9674314168082078,-0.04030964061472728,0.4285649955272674,0.18029565067780604,0.9533728053309832,0.045593418886909536,0.4311060309410095,0.35879880343610465,1.413977335001883,0.2185939883870458,0.0178143922239542,0.1923678988910665,1.3916725849295555,0.23235553255484906,0.0050577917136251,0.34994168780604246,1.832219662947728,0.7665402440118052,0.0025539160706102,0.15666440854671837,1.8015486956098388,0.6822803811103294,0.0015702249947935,0.334860504411334,1.8625763150358108,0.7954161327079212,0.0037652752362191,0.12695640237595465,1.8536141555833878,0.6884881421420034,0.0034386233892291,0.30012274356632207,1.9684744750597891,0.37767557935967805,0.0019413814879953,0.15697776853292555,1.9556044093707778,0.27022934381200053,0.0012359407264739
2025-11-11T0710.737099,16,0.487037910696577,0.24701639158334468,-0.6239274099969337,0.9986809492111206,0.5236742947675016,0.20330310376077404,-0.6017809162896137,0.99723881483078,0.526996029602499,0.24137332538685774,-0.5904365012681105,0.9975618720054626,0.4992785547618216,0.2182593728481184,-0.6018048738073222,0.9974583983421326,0.48439618192003714,0.18251402286644924,-0.6528328475185162,0.9974015355110168,0.45528749726645157,0.1819737909361969,-0.6279196086567165,0.9977594017982484,0.43516193570020206,0.1613146797484062,-0.6300285408961807,0.9975789189338684,0.5113779213260197,0.24385217834161066,-0.3197210117090938,0.996230125427246,0.4255645624138093,0.23117382079983112,-0.3887907975016498,0.996651291847229,0.47936065121776744,0.2830045258981142,-0.5537315364893455,0.9990605711936952,0.45393329703171126,0.26228718040437005,-0.5311487137893935,0.9991841912269592,0.5466372361446777,0.4982526113510944,-0.22925498574308945,0.9995680451393129,0.31042790352082894,0.42524272396690316,-0.20160657820574193,0.9994326829910278,0.5350323526461884,0.8065358834306342,-0.25190039720895785,0.8938012719154358,0.20970588732845705,0.6837892202499575,-0.16836771636624115,0.862973153591156,0.5104278111350392,1.041050329518437,-0.5605190926611009,0.44022136926651,0.14689530951305224,0.950409929691001,-0.40376675691113784,0.2751201391220093,0.5099141261179542,1.1430981628511936,-0.6535585505077204,0.3169291913509369,0.08880480707418786,1.0196859084469558,-0.45347829692483727,0.1896610558032989,0.4874292820559951,1.1291554049391102,-0.7403633585803349,0.3601348400115967,0.13764654913534805,0.9931529087070833,-0.5629658785583269,0.2341823279857635,0.4996530222329643,1.0850080265428754,-0.6288930787336814,0.3647104799747467,0.19097506672186151,0.9622580259316551,-0.4626542568038127,0.2628489136695862,0.43616342698297017,1.025968165085221,-0.04163736776037221,0.3918274343013763,0.2470053291664909,0.9875555119664164,0.05016046100590372,0.3965243399143219,0.4314115266930825,1.5101971548863482,0.09682840229237806,0.016353053972125,0.217897083930266,1.4624529899033412,0.1383046023703778,0.0047081960365176,0.3761039466247244,1.8643879382797839,0.5933821210717726,0.0023451126180589,0.1962084504988426,1.838669458870222,0.5061576644208967,0.0014353907899931,0.38215798349452584,1.9551236162971573,0.6158739007986488,0.0034350336063653,0.16786241784486933,1.9059402400097625,0.5233621591948041,0.0031791490036994,0.2999826034814197,2.0202850500572556,0.2102816613240797,0.0017801366047933,0.17435303231482052,1.9614943938536904,0.08760738519212224,0.0011445719283074
2025-11-11T0767.673522,17,0.529507378986289,0.2393515200765009,-0.5061573441482434,0.99865460395813,0.5098355039124326,0.2643394529480916,-0.4874310662249266,0.997186243534088,0.5304871193861458,0.23915865614972978,-0.4602107986346494,0.9975007176399232,0.5555840544883734,0.24759466563405852,-0.4812992061932561,0.9973725080490112,0.5128870954153492,0.24473113821646444,-0.4911253077598015,0.9973960518836976,0.4895224280463092,0.21935663541259537,-0.4976860846638989,0.9977608323097228,0.4720903808810139,0.2238046541467481,-0.47255657061071366,0.9976029396057128,0.5385756772339223,0.272360597832274,-0.1996499554938531,0.9960726499557496,0.47969262253222855,0.2557001523082975,-0.2490123336999001,0.9967504143714904,0.5205369699861402,0.3163347549258561,-0.40078929512482797,0.9990034699440002,0.4856653428496497,0.34168825053021795,-0.46934434519131535,0.999172866344452,0.5741563140073025,0.4866849493703601,-0.12104439732627739,0.999531090259552,0.2991980839896832,0.4188045740934784,-0.1388442039114916,0.9994639754295348,0.541800553993987,0.827776397293519,-0.12340602008919231,0.8635455369949341,0.1981544171064551,0.6853544157685783,-0.08281698540067747,0.8574585318565369,0.5022831990304528,1.0047560013858297,-0.43064822789567714,0.4024253785610199,0.1593734239164428,0.9394656047834096,-0.34190476981932816,0.2587928175926208,0.517488268352387,1.1015761869874994,-0.5292695644549626,0.2901645600795746,0.15719185259409968,1.0165799356056477,-0.42514213407589097,0.1797867864370346,0.5185989709683303,1.0772238244827907,-0.5650721614098603,0.3309690654277801,0.18459394920479608,1.0133997412776141,-0.46389120062793016,0.2234863191843032,0.47373883628647795,1.0926923041290846,-0.47177025598102346,0.3351529836654663,0.20629577048495873,0.9669890129271901,-0.38031469248814137,0.2512459754943847,0.4492798935444951,1.0420975168927695,-0.031155907743682702,0.3569684624671936,0.28941781287540896,0.9717160057701567,0.04640016049192619,0.3636469841003418,0.38800730954704826,1.5182675960687746,0.025761513846951203,0.01491538900882,0.22191203173378543,1.4763101256688143,0.08615176622590204,0.0043573807924985,0.36584336647144783,1.9253103619381435,0.47975860873268156,0.0021375168580561,0.18108932671837166,1.8714950363760507,0.3448010904721614,0.0013078192714601,0.3860403169744384,2.0002801577218943,0.4898848440798362,0.003119574394077,0.14817213369664378,1.945061408659325,0.334986914143814,0.0029267580248415,0.3420052864602493,2.0467271975503296,0.09979155999006455,0.0016258737305179,0.20417876090470513,2.023918486316166,-0.04052806287123183,0.0010493479203432
2025-11-11T0715.102054,18,0.561776520157184,0.3177414284982981,-0.34119046053293256,0.9987328052520752,0.5590252578031457,0.3145206609126659,-0.3031919585423239,0.99735289812088,0.58543514075428,0.3071352286210023,-0.3258071157680599,0.9976420998573304,0.5494450313480673,0.3129707997767284,-0.2964266667302543,0.9974985122680664,0.5446822290518545,0.2820201896718376,-0.34254253257952355,0.997587502002716,0.5249942824793454,0.30260123744940903,-0.35675518288329594,0.9979286193847656,0.525946372718291,0.28583146725132413,-0.32852269437912335,0.9977864623069764,0.5783315251551049,0.3260964170108954,-0.05465779558937842,0.9963054656982422,0.5011352246585669,0.27932043600804024,-0.23795345392623468,0.9970427751541138,0.5518283419127473,0.37765060836019076,-0.2630197593541741,0.9990243315696716,0.5119815771762627,0.3387244370441642,-0.2931807058074302,0.9992272853851318,0.5877027569992035,0.5489851037786028,0.08592142477201435,0.9994062185287476,0.3750139175058612,0.4515997729621388,-0.18461647313877788,0.999484658241272,0.5656444604973998,0.8085172338857901,-0.029518626560863816,0.8370417952537537,0.22744800473229937,0.7154491026933051,-0.08271900898603837,0.8512037396430969,0.5511016903005374,0.7574960357349252,-0.37796384518734455,0.4247120916843414,0.2222587809489059,0.9877148901654157,-0.28749738359910293,0.2727594673633575,0.578537167135802,0.691777061704003,-0.41687591155491643,0.3139107227325439,0.16341748375573714,1.1183238815700833,-0.34114631594927425,0.200665608048439,0.535886720459423,0.5796387710619499,-0.4092108357641813,0.3546476364135742,0.23054947615008306,1.0814984024377556,-0.3870454496416575,0.2478637099266052,0.5463534576999919,0.5600019815576127,-0.39964032955052564,0.3553852438926697,0.22471479059634003,1.0521912329217968,-0.3043805318250073,0.2720278203487396,0.48187757174236306,1.0325052561173518,0.034004872075045836,0.3228495419025421,0.2918617349525623,1.0748971521625594,-0.015545827851986101,0.3294565975666046,0.40946576416720654,1.5525496268294814,0.00015765224849074305,0.01371028739959,0.300124045935857,1.5321280597793452,-0.21676588756127088,0.0043362490832805,0.4164961054608179,1.957833200600898,0.28881731237925845,0.0019353909883648,0.2520693426398454,1.9347302383136191,-0.07019085410745321,0.0011975003872066,0.35855868651645223,2.0443423555105964,0.3079753264744507,0.0028197970241308,0.2053236015829984,1.9996534696793489,-0.06915604516505505,0.0026881687808781,0.40165983543657324,2.1023157172138722,-0.05824536292740294,0.0015396666713058,0.3018783114868676,2.0747579675191594,-0.46791080487731945,0.0009976436849683
2025-11-11T0797.223714,19,0.5950281771099103,0.3953043572701037,-0.3256871549410859,0.9988398551940918,0.5760888951752375,0.4017263963207698,-0.29967670085803766,0.9975845217704772,0.570778195932985,0.38483806444865887,-0.28275094169795756,0.9978432059288024,0.6201464491790739,0.38124873660913106,-0.2758739321249672,0.9977086782455444,0.5715578782120956,0.3736081960073976,-0.3141900619598469,0.9978054165840148,0.5587275550038222,0.3695108748255189,-0.3181634884988865,0.9981135725975036,0.5704095025145268,0.3754221849379356,-0.3232218475344228,0.9979838728904724,0.6067990157977398,0.3951691178917908,-0.07220558481540686,0.99663645029068,0.5426584232349291,0.390610466102814,-0.25516710120192826,0.9973232746124268,0.6123873055810748,0.47015942403810024,-0.25830111438895215,0.9991034865379332,0.5700185362992296,0.4690756178206116,-0.2600597752098488,0.9992951154708862,0.5608212194820498,0.6243920625080286,0.014935210645678501,0.9994129538536072,0.3735285591944492,0.5208903090142432,-0.24710814705763395,0.999518871307373,0.5937669442247677,0.8524787461333018,0.20266852618250503,0.7838658094406128,0.3056049905445746,0.7900271124913586,-0.2654221644107267,0.8391371369361877,0.6010573089077237,0.9527330484641057,0.09963707021673562,0.4000519216060638,0.23174082005022162,1.093860053213094,-0.4099256946169624,0.2796507775783539,0.6038218785934161,1.0155507000555752,0.09661272618168391,0.3015700876712799,0.21275219624992436,1.182455242576913,-0.44783330204576033,0.220220997929573,0.6087149991146548,0.98730015220101,0.039784669322640916,0.3440888524055481,0.22445096658179636,1.2120735401085814,-0.5284744136264439,0.27131187915802,0.6151664196209408,0.9948020624070278,0.05979394166394165,0.3437687456607818,0.24241775398185833,1.1743449709051677,-0.41801504546780843,0.2920979559421539,0.5226417764962251,1.1550228850337914,0.05269354031628122,0.2913372218608856,0.33874353202758056,1.124205402575184,-0.022006808574940178,0.2974231243133545,0.47083854636606054,1.5939614955313945,0.04251055021981054,0.0124986767768859,0.29696650992218904,1.5753621602061734,-0.105716890642877,0.0041781277395784,0.45005657470700244,2.016510976606927,0.35801350428201717,0.0017555170925334,0.2732030132804255,1.9853105591380482,0.06761930347053063,0.0010924347443506,0.4215534879037829,2.0739485301828946,0.3984422896654217,0.002550080185756,0.2721077217949695,2.0355525634741563,0.08368992371024324,0.0024435680825263,0.48207917660695454,2.1411278537475527,0.09407726017602436,0.001469220384024,0.3666649797048887,2.0821633817073804,-0.29785231226307857,0.000933717645239
2025-11-11T0798.931825,20,0.6307155406026903,0.4767056804309127,-0.24644507984491476,0.9989362359046936,0.6393978021607668,0.441770097421133,-0.2232026435700388,0.997792899608612,0.6164231086607266,0.46184320524983336,-0.2118179200155737,0.9980241656303406,0.6257904141660746,0.45536166880812945,-0.21233682221368244,0.997901439666748,0.614134581448361,0.4358682005479143,-0.2682147911506433,0.9980012774467468,0.5949182696168145,0.43622941967040774,-0.2827172083696992,0.9982786774635316,0.6059392605915441,0.43782912699772014,-0.27040986369196784,0.998161554336548,0.6043699011345803,0.4353557196903017,-0.01166620494556873,0.9969385266304016,0.5528530519829128,0.41765244406447566,-0.21764704613674474,0.9975749254226683,0.5963180841892826,0.5232582188211725,-0.18840340434937836,0.9991737604141236,0.605725765790495,0.4790718641774105,-0.23011156109965245,0.9993558526039124,0.6168419877144408,0.6496161557350358,0.0602477495771444,0.999415934085846,0.40616340742136237,0.6086018672302018,-0.26128656115015575,0.9995415210723876,0.6351651360687228,0.9168766780945234,0.2546893307287471,0.7309638261795044,0.2921212171795687,0.8936479929137786,-0.2816117138386197,0.8186562061309814,0.647692990104311,1.069931515223752,0.1682854230102082,0.3735410273075104,0.2787112712178583,1.1842041316970575,-0.38064295714812757,0.2850545346736908,0.6844311841347123,1.0950661614007797,0.15762358736959972,0.2854668498039245,0.22756294211675485,1.254870685619219,-0.415663460586769,0.2377771288156509,0.6320336007329689,1.1057832241801122,0.13423170699937775,0.3282484412193298,0.24977499629079017,1.2846331467104244,-0.4973099214765802,0.2910484373569488,0.6259665931360502,1.054987262804042,0.16292618395926114,0.3268336653709411,0.29981862772642665,1.251787547042734,-0.4173201938893052,0.3078739941120147,0.5354953096984104,1.1911150307788152,0.03648666667579483,0.2627632319927215,0.36152081461638763,1.1809863201422526,-0.05594586472459435,0.2683340609073639,0.5199701282413041,1.6561349724106147,0.055078077736610005,0.0114410668611526,0.3794764727971395,1.6532573002309177,-0.07062230195866939,0.0042248219251632,0.5177541192486999,2.089431151579179,0.3729905671138128,0.0016018139431253,0.3411863903186672,2.057375216698742,0.10327214835148886,0.00101280992385,0.4922509135436824,2.1208787969284044,0.41752964684582355,0.00231453939341,0.32152185574614717,2.097841413908877,0.12482289797340912,0.002234436571598,0.545957017723722,2.2084435943201997,0.13942105576818176,0.0015002485597506,0.42064081964013117,2.1623827398856035,-0.25016361970201845,0.0009100185707211
2025-11-11T0758.977828,21,0.6298509476169537,0.5250383299456307,-0.25348828441616683,0.9990319609642028,0.6195383050808195,0.5029141069202654,-0.22648086573691165,0.9979944229125975,0.6570563728613961,0.4905626717708348,-0.23108804769308944,0.9982035756111144,0.6520440368087066,0.4754027373423134,-0.20980054880197005,0.9980921745300292,0.5993057667463821,0.4828522957347027,-0.24335005319189917,0.9981862902641296,0.5970977499248985,0.46252176781814963,-0.2647527579435119,0.9984367489814758,0.5974119303902329,0.47918902813750003,-0.26112390920583534,0.9983301758766174,0.6604612674871472,0.5348920219750164,-0.029622205325927586,0.9972246289253236,0.547707735186877,0.49480786968355034,-0.19365691021930256,0.9978064894676208,0.6115937107714922,0.5384516976470626,-0.20487243101331362,0.9992440342903136,0.6078487974411462,0.5199782255927698,-0.22752163474639267,0.9994128346443176,0.6190229969759666,0.7404982520107563,0.06846827953264388,0.999435305595398,0.3803144551142087,0.6666038640703222,-0.23448843334637073,0.9995633363723756,0.6556041447135701,0.9453176311961367,0.16718034389382655,0.6848758459091187,0.28940164302897653,0.9013422913415342,-0.2777281534740666,0.7902593612670898,0.7195720059437131,1.0976774414017554,0.0948464738324138,0.3470280170440674,0.2631477610828994,1.1824158867395396,-0.3939756352895477,0.2756840288639068,0.7225836565574342,1.1933804057986606,0.06605836519907754,0.268345445394516,0.23234295106622901,1.2245923266743484,-0.4126368322891725,0.2358227521181106,0.694742891652036,1.1647987222365879,0.023738023065332015,0.3115750849246979,0.24587424762351107,1.2344970816004033,-0.4900349214871857,0.2896717488765716,0.6939584743100435,1.162731489478233,0.0978815928239401,0.3092894554138183,0.24955569458294846,1.2385481691578226,-0.4175565731569252,0.3046235740184784,0.5829380853603184,1.2437422785395125,0.03930595111772177,0.2368583679199218,0.4160779238479374,1.2338956899901752,-0.020266373801585615,0.2419131100177765,0.5579379102842311,1.6824594053296937,0.019817966765881694,0.0103923948481678,0.40459243210709855,1.6599339824979966,-0.080937298406766,0.00393044995144,0.5789543871932307,2.13289021288077,0.3623758143622224,0.001450571231544,0.40761130884228464,2.105111632613655,0.0899001725232714,0.0009191636927425,0.5487636706123195,2.1691980277396907,0.3921389030241833,0.0020924096461385,0.3620211701233554,2.1596531949519737,0.11363266022842218,0.0020201348233968,0.5988289083102707,2.1976781176513915,0.10468301545222408,0.0014014377957209,0.4447352023790931,2.213098661272364,-0.2722401526973964,0.0008382729720324
2025-11-11T0726.983365,22,0.5970377457203493,0.6396341359902037,-0.33998104090147024,0.998880922794342,0.6248523329756468,0.5798659932588357,-0.2963749222855675,0.9977136850357056,0.663575570790278,0.5821794778729775,-0.29768154917099365,0.9978143572807312,0.6598155442231471,0.5914754610690959,-0.30947086140477964,0.9977327585220336,0.6356680757847989,0.5977967779033965,-0.3338416018655672,0.998009979724884,0.5889514051018246,0.5773773120656429,-0.33329079561964453,0.998245358467102,0.6043333934683182,0.5770936313225987,-0.299760921254971,0.9982171058654784,0.6462937689986903,0.6181151781169503,-0.07007649820692101,0.9966912269592284,0.5728218479201179,0.6134195177113979,-0.19157338105949057,0.9977302551269532,0.6207875496679648,0.6778794907986705,-0.2739211039272599,0.9990659356117249,0.6026883379881234,0.6593665398387456,-0.3069542993769575,0.9993290901184082,0.665841168979677,0.8176227381691188,-0.0058223570813100995,0.9991896152496338,0.4484920854519028,0.7997446616880705,-0.194809639521437,0.999538004398346,0.7002341535797839,1.029212573346964,0.06441387134249371,0.6372133493423462,0.31142722525136823,0.9971985983419412,-0.24422629919864772,0.7693316340446472,0.6977076489313355,1.2729370366940511,-0.008193741018884041,0.3187601268291473,0.3075921185635686,1.2563528563544777,-0.4969671266215651,0.2784182727336883,0.7127577506156347,1.3670971240211045,-0.05075902120700434,0.2488524466753006,0.2556613585670063,1.3438012220252011,-0.5623563939432288,0.2414012402296066,0.7234227954045181,1.3258391698552368,-0.10081357468792147,0.2905309796333313,0.2798642139860884,1.3187643585048663,-0.5979397424040367,0.2972379922866821,0.6829340275802483,1.349847098668878,-0.05383899186948363,0.2876462936401367,0.31389393998210735,1.3263704027082244,-0.5336433206273875,0.3099234700202942,0.602107042199079,1.3478892567927876,0.006460646628805617,0.213748350739479,0.4345723287786267,1.3770598293763472,-0.00460316316418962,0.2185916900634765,0.6230871590576014,1.7811611710849167,0.05940743503603203,0.0094732856377959,0.43953817253010685,1.7791073821566368,-0.024990686087768173,0.0036302912048995,0.6163010229549839,2.211711984022957,0.42559975134761246,0.0013195684878155,0.45741203080404264,2.203744486497279,0.25231321106405935,0.0008347104303538,0.6378814246027,2.281304259517546,0.4309533245800404,0.0018950006924569,0.4601731091308069,2.2459803733168866,0.25940707262888313,0.0018378848908469,0.6209578318833376,2.3421385896038025,0.10911500492302328,0.0012835278175771,0.49938329407416665,2.3242084432443613,-0.15548344079726883,0.0007708625635132
2025-11-11T0786.765755,23,0.6338133633514222,0.6555371723259495,-0.3318669255706783,0.9987971186637878,0.6581590306363696,0.6625131069787809,-0.28894239071839123,0.9975692629814148,0.6800873317602089,0.6560001118652427,-0.2878194144298922,0.9976847767829896,0.6757264904611372,0.6627891764949837,-0.28352443457391724,0.997605323791504,0.6501586505783402,0.6513653523330425,-0.30552420372248,0.9979044795036316,0.5984348287944576,0.6237988393682259,-0.3083357572858761,0.9981421828269958,0.6096300658803384,0.6302755404176613,-0.28748219140532266,0.998123049736023,0.6836509184092102,0.6493612434859998,-0.10556829136765117,0.9965511560440063,0.5725736358344895,0.6679152144212859,-0.17577036815888714,0.9976837038993835,0.6362176114546205,0.7438071489050364,-0.23740409422834424,0.9989222884178162,0.6361659927719924,0.6909155782021882,-0.262376862927661,0.999219536781311,0.6656692700515351,0.8856139317550139,-0.039255301704031915,0.9987747073173524,0.5161784104841859,0.8703242737153577,-0.17698638064071187,0.9993869662284852,0.7501335307063743,1.0236300348556997,0.02100416391591617,0.5860854983329773,0.4003914647137869,1.0476721026897147,-0.1723899600429107,0.72882080078125,0.7715359913430819,1.3146971456568846,-0.05469145833215349,0.2912394404411316,0.35816626511860467,1.3316803191423663,-0.32938837459696174,0.2656630575656891,0.7620463048996245,1.3912766841885729,-0.13276470083366185,0.2299689650535583,0.2805639781644734,1.3626824583390544,-0.37252680127289667,0.2329800128936767,0.7949795097859665,1.4285956194385887,-0.11653267050854506,0.2704247236251831,0.33409331576447054,1.4374562789735577,-0.4377933156613851,0.2889783084392547,0.7767887473076868,1.3995379359234934,-0.029234588851734813,0.2676399946212768,0.3523476141302437,1.4021784606972758,-0.3789289764993641,0.3008182644844055,0.6873650186169197,1.3689617034153039,-0.038004382387159114,0.1926314532756805,0.5088111349585118,1.3643792228485472,0.0034917237755616387,0.1970638781785965,0.6555902429002204,1.8056340736216794,-0.027474956201882412,0.0086098769679665,0.5229073991484653,1.8277567556770378,-0.10058121728899876,0.0033386996947228,0.7052725635503516,2.250818180375467,0.2715872477770216,0.0011960961855947,0.5461572924568455,2.2649383931420544,0.077870559239293,0.0007554230396635,0.7052037256100406,2.3135554492468375,0.2785714188392842,0.0017145104939118,0.5369814029168791,2.2920057577480835,0.09811369286343283,0.0016613512998446,0.7101995309296659,2.3460911134838773,-0.05452422762756197,0.0011764399241656,0.5557407805696087,2.3393220301131876,-0.286699121679991,0.0007067646947689
2025-11-11T0723.242611,24,0.683893374253962,0.7735421588071191,-0.540277291496005,0.9918524622917176,0.6963999758300908,0.7015505047043519,-0.5091022644829237,0.9852181673049928,0.7183818486935444,0.7220011863023198,-0.5101593818704023,0.9844551682472228,0.7110136407187135,0.7204608304169774,-0.4895930911543055,0.9846045970916748,0.6778582326945516,0.7110531862184735,-0.5152347523148053,0.9873153567314148,0.6773012946030986,0.6878951874913555,-0.5024671285934115,0.9878963232040404,0.6715383406782744,0.6946465823680398,-0.49084116359813273,0.9899125695228576,0.7377524467737419,0.7117873452697372,-0.3463248869338861,0.9771453142166138,0.6573269389264358,0.7277751200756803,-0.2716408904349093,0.9876795411109924,0.718885963934444,0.762826136830202,-0.47159929324804173,0.9921723008155824,0.6759686286948495,0.7830197069350535,-0.4472631836935223,0.9945950508117676,0.7787449339201811,0.9550722835740575,-0.25271165968631604,0.9896671772003174,0.5621071554859646,0.9085266084781465,-0.1569478916255442,0.9972962141036988,0.8042591823836677,1.1266975366094578,-0.21306205336289463,0.5367105603218079,0.4808652960154106,1.1243544908481746,-0.13923811386555862,0.6803073287010193,0.812338972241336,1.3115372207309666,-0.46409809744203756,0.2676668465137481,0.4394610663839442,1.3022578736227748,-0.3468570399649574,0.2482781708240509,0.8229513582955258,1.338011413153383,-0.47951522171338196,0.2160727679729461,0.4384696642205082,1.3679162520470016,-0.42014614078340573,0.2207850217819214,0.8237591279600144,1.3504947095706166,-0.5737404256075207,0.2561594247817993,0.4443303775224871,1.38544272096173,-0.47262651274720896,0.2769156992435455,0.8451659474401461,1.323309278324901,-0.4966585716433545,0.2528713941574096,0.4628055016559975,1.3678011874735099,-0.3492018317843394,0.287885308265686,0.743520483531436,1.417377101645815,-0.018205440590522683,0.1734256595373153,0.5556133322901977,1.3829059755554147,0.0016927623135572084,0.1774370074272155,0.6931443482770073,1.829889105988505,-0.1378476587022795,0.0078657977283,0.5456199769180904,1.7997253034999927,-0.14344279483692043,0.0030786225106567,0.7404965900929418,2.2249830392637753,0.10603391676803439,0.0010864279465749,0.5740937612231318,2.1878331154033055,-0.03569406389702573,0.0006828511832281,0.72177735448822,2.3029151906492316,0.10746631540763653,0.0015506542986258,0.5481075906286577,2.249774996005318,-0.011996623444678622,0.0015043289167806,0.6856583230826747,2.356809677223467,-0.26924811420103256,0.0010698135010898,0.5867077676926712,2.3355955779791855,-0.41759439792728864,0.0006483389879576
2025-11-11T0752.671965,25,0.7388791520843354,0.810512520572944,-0.685185963748129,0.991696000099182,0.7898028759349319,0.7839553759478898,-0.669733642142442,0.985356330871582,0.7584715007475555,0.794779386450921,-0.661677167803546,0.9844667315483092,0.7507110782677041,0.7926112584271812,-0.6738989576980452,0.984615683555603,0.7254685281792974,0.7867594036619442,-0.6947560414935912,0.9873650074005128,0.7467113714573499,0.7770956344182907,-0.6583653791387292,0.987898588180542,0.6996416847902182,0.7764820602898465,-0.6691963633687606,0.9898940324783324,0.7589569579474181,0.8150294630336703,-0.3818579286914011,0.9775394201278688,0.6824870639905715,0.7743283122100562,-0.45392638663395213,0.9882665276527404,0.7585101646690142,0.8244543576649691,-0.5948934378990193,0.9921558499336244,0.7439412347995108,0.8284389260436154,-0.6116414906776523,0.9946301579475404,0.8311274850693136,0.9517792271530944,-0.16116909271126342,0.9898346066474916,0.6061794791442737,0.8924510984284689,-0.33521462743462205,0.9973106980323792,0.8505084294504749,1.1736312107884324,-0.11702228685686822,0.5164908766746521,0.5468884059389711,1.1034787367671315,-0.35461038511357723,0.6779299974441528,0.8029749130101933,1.1047193000780875,-0.412645443631039,0.2812578976154327,0.539562730150882,1.303640363008886,-0.5948933996185897,0.2457359433174133,0.813312838480635,1.0903704978460709,-0.48155527789610153,0.2287496030330658,0.5377387952750885,1.3829080337012596,-0.6890495110021128,0.2198874503374099,0.7789180023072664,1.0609595792717115,-0.44663162061129136,0.2689424753189087,0.5246672520259533,1.3732421694674333,-0.728976986579463,0.2765184342861175,0.8152607538740763,1.0901230241886033,-0.40170151154915695,0.2637937664985657,0.5829500630711822,1.3718789317548878,-0.6283076480946154,0.2864201962947845,0.7732795291743494,1.3700769248858011,-0.03622790924665792,0.1564144343137741,0.6143990377082368,1.341755614390985,0.02540360509575437,0.1600276380777359,0.7183051248272868,1.791976225841357,-0.09027941758281763,0.0071628470905125,0.5712241684503896,1.7807737462475541,-0.10039625559389947,0.0028314106166362,0.7059056515010687,2.178255809649409,0.25994321255285263,0.0009834808297455,0.5789959871826916,2.159887694346692,0.016467377334854552,0.000616232457105,0.7195053074671763,2.248230034918359,0.22906482844112236,0.0014020268572494,0.5861020436021951,2.238671840343593,0.027095972709222416,0.0013616463402286,0.7103599013428372,2.2848753144803227,-0.18658130542992954,0.0009738496737554,0.6077453832329106,2.267234421551579,-0.24624216037306887,0.0005919606192037
2025-11-11T0723.845543,26,0.762829085407655,0.8773337228803892,-0.710544428289434,0.9909910559654236,0.8003811994960286,0.8209106478917632,-0.6739580190618611,0.9841219782829284,0.7925841794003897,0.8391236591747501,-0.6678355241035683,0.9832242131233216,0.8249486444640765,0.8342044941062363,-0.6729475567579177,0.9832001328468324,0.7901750550788739,0.8187315899947475,-0.701333085571409,0.98646742105484,0.7726897961720709,0.8175373335360465,-0.7010260388531951,0.9871471524238586,0.7426245188152111,0.8385171872496963,-0.7086054920110061,0.9889293313026428,0.8013950807520708,0.8356427857796587,-0.43036207668439097,0.9767704606056212,0.7406014212310363,0.8056981050882805,-0.5327872339229089,0.9880375862121582,0.7649601849502227,0.87014642961554,-0.5837383145777822,0.9919216632843018,0.7524516017611788,0.882258529066933,-0.6358022277595208,0.9943927526474,0.818777966299692,0.950264191146723,-0.13980094375121105,0.9901024103164672,0.6192119603674692,0.9040433012207554,-0.44886975143254665,0.9972736239433287,0.8402836040184835,1.150950176240544,0.02772636872954726,0.4902725517749786,0.534863208507259,1.0549532688433743,-0.3932018948239053,0.6761635541915894,0.8395774638635852,1.2788590658920667,-0.09605336820969768,0.2557070553302765,0.5569527939260538,1.3053901673527264,-0.5980248856352874,0.2344048470258712,0.8430237604264543,1.372402452067141,-0.12751372544350728,0.2088296711444854,0.5062694742169526,1.3651927026433608,-0.6638515402502322,0.2109720259904861,0.8290827384850874,1.3573872689729145,-0.1900840467187204,0.2464199364185333,0.5285017262094577,1.3657252524365393,-0.7072279634486781,0.2661506831645965,0.831400665875269,1.344083516542675,-0.14263778582780642,0.241861030459404,0.5138919585163328,1.3699018664951916,-0.6241711467263098,0.2741725444793701,0.7472329382629574,1.3854130911150349,0.005883834889723068,0.140953779220581,0.6355019722396196,1.351406558687144,0.015253984188317145,0.1441882848739624,0.7067706977417455,1.7502246900758647,-0.05806270128230658,0.0065924311056733,0.5876571320067498,1.7519187654036203,-0.08260359230903393,0.0026742666959762,0.7002992768290289,2.1416226499281654,0.2790081326292507,0.0009055193513631,0.5834365955002381,2.1206348539353628,0.11493173916768724,0.0005672966362908,0.7199662282627958,2.1505897841633157,0.33699606978675073,0.0012777966912835,0.5907162009063753,2.127133151883881,0.11506302945867589,0.0012609490659087,0.6908711408809148,2.2165493472738547,-0.07467466206793702,0.0009029670036397,0.6146966487180928,2.2293884631919285,-0.25441532806553574,0.0005572607624344
2025-11-11T0774.212532,27,0.8201285065023283,0.8475133937501568,-0.5330714855662154,0.9878677129745485,0.809878449738499,0.8261614643402696,-0.4935035552933428,0.9795898795127868,0.8138755695009854,0.8342457858552907,-0.48680891579860375,0.9780508279800416,0.8032430062633166,0.8401600920035831,-0.489052158943218,0.978399097919464,0.8174367303705211,0.8266333413463653,-0.574254761172323,0.9833111763000488,0.7976748090964464,0.8087547945429614,-0.5407795724429177,0.9838169813156128,0.7866432641643504,0.8106038922896676,-0.5500421406268912,0.9856207966804504,0.8173543354267526,0.832899240999418,-0.29058132604644277,0.971494734287262,0.7563315260562177,0.8132275187179419,-0.4472382509454118,0.9851753115653992,0.782837066062341,0.8599022579853274,-0.45242107081908706,0.9904974699020386,0.7509407898714162,0.8840592603564408,-0.5281573174209814,0.9934120178222656,0.8062212753528281,0.9515051542586976,-0.08800200275765684,0.9898568987846376,0.6222425083311026,0.9119011039663079,-0.39411313834080597,0.9970086216926576,0.8722770273186903,1.1559270688492413,0.08395128541931006,0.4640673696994781,0.5783972138237461,1.1064037787334315,-0.387203532287676,0.6539540886878967,0.8880954728383192,1.3067675288450933,-0.013075206476898402,0.2364299595355987,0.5481454485824973,1.3167154577996996,-0.5632603966533098,0.2240042984485626,0.907597003809522,1.3788942990015878,-0.04353256308362518,0.1940679252147674,0.5406407165025222,1.3829319472914612,-0.676180740286298,0.2039046287536621,0.8790499171211312,1.3737310688659667,-0.08308113295040964,0.2302653938531875,0.5366355617367567,1.3771549309241784,-0.6964830767706808,0.2580682039260864,0.8869362460666836,1.3405052340576566,-0.03952848237484835,0.2263424098491668,0.5586955036500189,1.370718308855416,-0.5731457482386315,0.2635884881019592,0.7670317724165575,1.3773666396184887,-0.013720927581530314,0.1270283311605453,0.6234096233493438,1.3364137869094659,-0.009127327674859428,0.1299071907997131,0.7295473986836389,1.764195027087341,0.003229517287849118,0.0060646925121545,0.6192020261795018,1.726955878492246,-0.0960382168666186,0.0025585929397493,0.6998429250327788,2.073813485438368,0.34000050871666504,0.0008230686653405,0.5777364207569556,2.041685652809801,0.15990282054689436,0.0005196728161536,0.7129879744172597,2.104449300508516,0.3661051573270266,0.0011548436013981,0.6035153292426789,2.0889259353001957,0.15363091529692363,0.0011553248623386,0.6704116865762862,2.1892503640240255,0.005123893270831615,0.0008360614301636,0.58456580162298,2.1369978923937003,-0.23158640432228544,0.000525823503267
2025-11-11T0733.599640,28,0.8149057153863971,0.8854277611797787,-0.5444454914047779,0.9845768809318542,0.8163738600922394,0.8717667605496573,-0.5215338107247958,0.9745520949363708,0.847259738506957,0.8732395692339592,-0.5470257790473158,0.9724246263504028,0.8222852180741622,0.8412289628505888,-0.5392396021056716,0.9731635451316832,0.8126116798316686,0.8530263418297236,-0.5900132501542035,0.9795727133750916,0.821131377507335,0.8379893459172959,-0.6049836471525055,0.9799789786338806,0.7834246213842115,0.8441419507925638,-0.6105089904856654,0.9817593097686768,0.797867586029989,0.8564305083655936,-0.3263897067691519,0.9661211371421814,0.7493989813332055,0.8330051460196062,-0.57600018838448,0.9820828437805176,0.8016206882487334,0.9007153097816256,-0.46343887467877676,0.9892995357513428,0.7610335046794304,0.888729158308635,-0.5418766663928084,0.9925734400749208,0.8321215305529832,0.9815503140668325,-0.13686854905505086,0.9899412393569946,0.6430851410895658,0.9053719608338141,-0.4707581732915666,0.9967421889305116,0.8444519042920976,1.171395416475144,0.05639969687163602,0.4342114329338074,0.5404681811082437,1.082990026412362,-0.4405133347741145,0.6343162059783936,0.8601263766253485,1.3083841667723626,0.012977613005770966,0.2153381109237671,0.5237657390917914,1.3423577405867002,-0.5875989437820289,0.2092920243740081,0.8857764382071006,1.3734884188411725,0.02514701116252578,0.1770858764648437,0.5204320459000839,1.353903882820036,-0.629559011136422,0.1912118047475814,0.8635381015187523,1.383911019713647,-0.03780520796760498,0.2107205390930175,0.5597573466953287,1.3333181307202944,-0.689925954642168,0.2428051531314849,0.8800211484665604,1.3373602414363857,0.03493533528043423,0.2072530686855316,0.5264628442332823,1.325615216576854,-0.5939628029697603,0.2466338574886322,0.7891956516752308,1.3751612315127208,0.010476178201022422,0.1144763082265853,0.5971454194316685,1.3726067673818259,-0.023692757514018923,0.1170159205794334,0.7151315352511216,1.751645606978838,0.08118719231397337,0.005679543595761,0.5902476375092007,1.746278586185639,-0.046708607537181854,0.0024928832426667,0.7197386422806418,2.02422977871452,0.4845283442952556,0.0007520743529312,0.5767661087947611,2.0064908938805295,0.2516776059119331,0.0004759643925353,0.6810680492401107,2.088796442456759,0.4462194394734473,0.0010457267053425,0.5571156533668918,2.042183658001494,0.243249889919549,0.0010600301902741,0.69183865270634,2.13469340304274,0.16046461513547206,0.0007796389982104,0.5911548864158405,2.1086367297535293,-0.115153858633662,0.0004933175514452
2025-11-11T0737.529276,29,0.8126568749613166,0.848350378552299,-0.6015052881207473,0.9812852144241332,0.7958588208944297,0.8813911038362697,-0.5652260650569331,0.9695905447006226,0.7985848956280291,0.8654017975992591,-0.5634375543766551,0.9668163657188416,0.805344633998603,0.850448325057646,-0.5446991173479014,0.9679378867149352,0.8034921217817322,0.8602142630236279,-0.6168877314567136,0.9754486083984376,0.805671715172228,0.8469903469679312,-0.6388535807508524,0.9756893515586852,0.785812323591893,0.857041089598987,-0.6179119771110619,0.9775146842002868,0.8038296465639156,0.890170784621154,-0.3679592912669884,0.9606181979179382,0.7429694202644522,0.8170897251306597,-0.5739146265865976,0.9782021045684814,0.7825108956062485,0.8990248761435885,-0.5098893618335394,0.9882636070251464,0.7761656023135951,0.9198325059606015,-0.5700101349711388,0.991758406162262,0.804717020131579,0.9808727224149771,-0.13686710907115973,0.9899709224700928,0.5941293471067757,0.9113732422718498,-0.4452110176762869,0.996237814426422,0.8576299909444216,1.18233711424107,0.035093934222605296,0.4095684587955475,0.5574666867676924,1.0933168774076887,-0.3928343143103631,0.6150274276733398,0.8907220374633585,1.3199897152628752,-0.01673749278570896,0.1965519338846206,0.5527882873543455,1.2845613888192329,-0.5886484436742381,0.1943075805902481,0.8961703049482367,1.3738679995860827,-0.030291674914604855,0.1618053466081619,0.5324481288189687,1.3269688022958335,-0.6265116548682739,0.1778281331062317,0.9140572515572248,1.3678200035260082,-0.04301897843746649,0.1930469125509262,0.5541816496621206,1.3363389602703961,-0.6700332772351606,0.2264124751091003,0.8535186040771051,1.3646545578843177,-0.04064081858764572,0.189857617020607,0.5963237677659067,1.351010633409769,-0.5859484806780114,0.2290020883083343,0.7299531177162616,1.364554858819984,0.052972385960418755,0.1032062172889709,0.5908099346993894,1.3759743308551078,0.014679762328898976,0.1054235994815826,0.7499003051236581,1.735618193818397,0.07901401482865959,0.0053777862340211,0.5810069768285153,1.7187584008953831,0.002334479357526986,0.0024553893599659,0.7057707414703062,2.052258164171401,0.504812408849792,0.0006895958795212,0.5312000382470191,2.0084619121586442,0.3293020391275105,0.0004380478640086,0.686125497318615,2.078034528993324,0.522820427294893,0.0009474701364524,0.5407280291434982,2.00940913560964,0.334417927552326,0.0009795882506296,0.6733360661971978,2.149574062013439,0.1907547949980435,0.0007261693826876,0.5624712192669497,2.1023137739695845,-0.011636434120613284,0.0004674352530855
2025-11-11T0793.750432,30,0.8192675161164609,0.8794655421208414,-0.6330793744180833,0.9804347157478333,0.8396246903467357,0.8828768811116956,-0.6344138790962187,0.968397855758667,0.8036270689699246,0.8913928222461547,-0.6075234315645577,0.9648813009262084,0.8256223485032296,0.9073716712954504,-0.6096456262591826,0.966592252254486,0.8110729102336615,0.8814293163753698,-0.6577082519344415,0.974453866481781,0.8209371394074622,0.8546893399198513,-0.6831605746089645,0.9743069410324096,0.7980996962610275,0.8612105075812997,-0.6723774728715224,0.9763734936714172,0.8252710165463389,0.873745303307924,-0.3801876548656583,0.959288477897644,0.7882459171230589,0.818929955986551,-0.6173297271948731,0.9772661924362184,0.82081757527756,0.8920391500769081,-0.5520126695995801,0.9880885481834412,0.7617378187497283,0.8858007803689286,-0.6128692196162797,0.9915940165519714,0.803341345708163,0.9623935420260348,-0.20780644584561603,0.9899932146072388,0.6097567265545364,0.9173313701786112,-0.46724806082495146,0.9959227442741394,0.8701861261302306,1.1990310078855118,0.06590119720936574,0.3826099038124084,0.5621982121184614,1.0518791469047126,-0.44765904688892205,0.595283031463623,0.9004974216015127,1.3050081080168903,0.02422106980232515,0.179339200258255,0.5487690862510415,1.2831520801370842,-0.6096027441667976,0.1821341067552566,0.8811846168020999,1.372933035348997,0.0077756929315380575,0.1481314897537231,0.5101411666919585,1.3307236794054185,-0.669366083753592,0.1671640127897262,0.8819093922926756,1.3694982931875905,-0.02756411969608909,0.177362248301506,0.5346649302739098,1.3416315813980315,-0.701554292863412,0.2138381898403167,0.8766459169114381,1.3546235462505907,-0.013553404182752058,0.1744214296340942,0.5421314533342299,1.3153389689753998,-0.6315010703413491,0.2150607109069824,0.7533265691362578,1.397179421951114,-0.003438165608305028,0.0930188223719596,0.5819728527035712,1.3699055122616308,-0.02824635004277424,0.0949616879224777,0.7108161138875166,1.75048789553038,0.06729293422340171,0.0050556855276227,0.5846576281415822,1.6854241782763708,-0.03167747404173771,0.0023604303132742,0.6825930041330885,1.995370370322056,0.46889602070249836,0.0006290701567195,0.569604499574562,1.960688440219499,0.2638716942090266,0.0003989412507507,0.6724608221030701,2.069519095326515,0.5216053324945227,0.0008575025713071,0.566442166958691,2.0097770161144703,0.322521205628435,0.0008940293337218,0.7071080547682961,2.1122462119201733,0.17742114418465335,0.00067003024742,0.5901392300647906,2.098116752826679,-0.06713898317231766,0.0004364798951428
2025-11-11T0753.490683,31,0.8232678351948116,0.8829991306154362,-0.6396318140451362,0.9806364178657532,0.823321516320069,0.8715405142080085,-0.6079492739998339,0.9686660766601562,0.8246774027005211,0.879718140741683,-0.6155202364674508,0.9651809334754944,0.8383301292103876,0.8952839034134855,-0.6231200810061391,0.9667471051216124,0.7984953603323292,0.9058277707366569,-0.6558352845913672,0.9746734499931335,0.8232210918181783,0.8566265905758943,-0.6432406569229356,0.9745213985443116,0.781870266788119,0.85745440717499,-0.6393215739547875,0.9764253497123718,0.8235759180027659,0.8656417551016939,-0.3805587471978367,0.9600796699523926,0.7714619153768554,0.8463326870087795,-0.5999201797256118,0.9776211380958556,0.8034052611327056,0.9479244034949634,-0.5340959063967952,0.9883760213851928,0.7838395920864831,0.9088841204627401,-0.6216156479430955,0.9917941689491272,0.8341487344068325,0.985556303452584,-0.17840031951767446,0.9903713464736938,0.6057835188657437,0.9143188642642482,-0.44013493646404417,0.9959202408790588,0.8315032149795889,1.1571556852794989,0.054621355925872944,0.3578203618526459,0.5472636928982254,1.0238489664067347,-0.4060669779153164,0.5825361013412476,0.8457641149829805,1.3161451381255562,0.04560699671619384,0.1635812371969223,0.5140774200564425,1.2993079616490588,-0.5548031840043302,0.1704398840665817,0.8814920887421942,1.3869864958025189,0.017080401371277434,0.1354577988386154,0.5026164594428519,1.3338464926058493,-0.6404836987836617,0.156620368361473,0.8716598741494618,1.3775474299766082,-0.04488282321192761,0.1627266407012939,0.5327650129000318,1.3531810103820872,-0.6645138290240384,0.2011985778808593,0.84943465995393,1.3577965515203247,-0.030777784881468418,0.1600059568881988,0.5399514432189481,1.3270144396076735,-0.6115264390937342,0.2012827843427658,0.7697690941610488,1.3861099688497183,0.014119137886932035,0.0838391482830047,0.5964946689621397,1.3579047901830619,-0.018854235246931618,0.0855438932776451,0.7112529636340875,1.6994859838325462,0.07540650007706318,0.0047544068656861,0.5728703693441906,1.69780986431742,-0.013096812254952196,0.0022730170749127,0.6760719428763237,2.026125948933268,0.4925203990821268,0.000574697041884,0.600357788301836,1.9586960516177458,0.26151016161884255,0.0003639860078692,0.6863100652763072,2.063471856855372,0.4999166055776168,0.0007772195967845,0.5677571010704064,2.0371076709034712,0.2915358964334154,0.0008190436055883,0.663107393331053,2.1279289439382367,0.14077737831203976,0.0006215098546817,0.5742625907874691,2.0593615704732646,-0.10966642511359476,0.000408618041547
2025-11-11T0760.709198,32,0.8075514338270686,0.9155813739868178,-0.6646871647706053,0.980751931667328,0.8029400292214446,0.9046706474830816,-0.658849494713557,0.9690030217170716,0.8338473205227271,0.8687690696549689,-0.6420063875820834,0.965646266937256,0.8028793780174236,0.8692955146030283,-0.6130002088650979,0.9670246243476868,0.8064475799316145,0.8804642558437155,-0.6771832287545788,0.9749441146850586,0.8313991644900792,0.8865739736352859,-0.6697546539651453,0.9748408198356628,0.7810831813505003,0.8581506809392234,-0.6762848836941399,0.9765775203704834,0.8282541715974768,0.8818577993494319,-0.4310155220003503,0.9612236618995668,0.7631590842939494,0.8568476852683707,-0.5939637368656191,0.9781425595283508,0.80259093590496,0.9324134262027111,-0.581011469406291,0.9886614680290222,0.7905950364528744,0.8790312085001663,-0.6236614177750147,0.9919782280921936,0.808757396158381,0.9709881199974746,-0.15651541782120343,0.9906745553016664,0.6097763657857302,0.9333729547214309,-0.47452373649300317,0.9958964586257936,0.8658343786751002,1.1463214569363995,0.044537733156569455,0.3352664709091186,0.5104442090501076,1.0590463962601986,-0.44204603734768555,0.5702004432678223,0.8490496601766099,1.322790528328038,0.013036012202784546,0.1489468067884445,0.5159776716255844,1.285143572801229,-0.5796572926636208,0.1590142697095871,0.8908985815595655,1.4079787737273564,0.007903446508056997,0.1236552968621254,0.5184939766656786,1.3066560853725406,-0.6551384532849897,0.1462485939264297,0.8672484297776936,1.3898913669367345,-0.03728465020405756,0.1490115076303482,0.5350663293368403,1.3441824845364945,-0.6873206210059893,0.1887279897928238,0.8597569913966856,1.3388958575624925,-0.035944051844125344,0.146456778049469,0.5298128264464551,1.3293556348716322,-0.5942423309993617,0.1878969669342041,0.7552726071975063,1.3659419229522347,0.01787132236947228,0.0755907595157623,0.6006443946911504,1.3610002566373316,-0.013027020120479392,0.0770795568823814,0.7204256372861745,1.6957242887078372,0.03146939099635964,0.004593544639647,0.5940500235595934,1.6829405300220297,-0.06804156002515849,0.0022347376216202,0.6794995569784918,2.0138254889635103,0.3889131905011784,0.0005304950173012,0.5556849940229731,1.9478381963009148,0.2119625035086723,0.0003337891830597,0.6690465131093299,2.035549782356698,0.4287053769716274,0.0007085768738761,0.5588561708667817,2.0350350677514917,0.2185877947173531,0.0007564668776467,0.6962819962474699,2.1091412480655904,0.11985294934300787,0.000583064276725,0.5762241115924164,2.0597993778153767,-0.151137874483221,0.0003864071331918
2025-11-11T0777.950146,33,0.7790283732862389,0.9108466555218773,-0.7710584479155591,0.9815925359725952,0.7901187994444306,0.8592411916486328,-0.7531093627265042,0.9703632593154908,0.8330386309695383,0.8615215273549303,-0.7581641590425359,0.9674882888793944,0.8218650501115075,0.8877152124250733,-0.7822781158620571,0.9684906601905824,0.8017592646389353,0.8791186943686051,-0.8092812487137145,0.9760260581970216,0.7850457516826211,0.8747867378379105,-0.7860210109188609,0.976137101650238,0.765474449535404,0.8586985280452052,-0.7946014339337054,0.9775922894477844,0.8233432289675716,0.8871098083829944,-0.481643034040365,0.9636314511299132,0.7737355116123115,0.8314673615620625,-0.6730554105593933,0.9794965386390686,0.772974962510836,0.9042873910769669,-0.6832369708025794,0.989175021648407,0.7533034034094838,0.9005346470739102,-0.7215716001070677,0.992344617843628,0.7989153689101121,0.9754323168679172,-0.24567625090154355,0.9910607933998108,0.5885600099307997,0.9208891357375185,-0.5190133396193477,0.9959828853607178,0.8261000417437078,1.1832052485960878,-0.03826738010766232,0.3151367902755737,0.5460845776529891,1.0312165871962238,-0.4730384881187553,0.5535052418708801,0.8560730865082766,1.3300416721251749,-0.03613477328768756,0.1350294947624206,0.5430948518516073,1.2865279044663267,-0.6363155400531318,0.1459146440029144,0.844237414792037,1.3868106328843794,-0.05452999668188607,0.1122781112790107,0.5081578676120878,1.3382522321332502,-0.7085084131139997,0.1342560052871704,0.8337917204087969,1.3829881333324032,-0.14649109866552953,0.1356169283390045,0.5560089008477499,1.3302021784285445,-0.7533057499591989,0.173754870891571,0.8443255052113063,1.3604525256661775,-0.07123036192210785,0.1331712007522583,0.5714547637272631,1.3115671636558879,-0.6626915920807585,0.1724592000246048,0.7273053356149546,1.3513590052955418,0.029444821982191352,0.0682120248675346,0.5774043234125762,1.3360577382891674,-0.01755846205713447,0.0695128515362739,0.7252600186275984,1.6956969236236479,0.016183940237766856,0.0047222143039107,0.5797589807777009,1.6859398985502163,-0.11731285636534802,0.0022758939303457,0.7016679067016001,1.982591470785543,0.3237307193458074,0.0005036307848058,0.5504294346319001,1.9469748326222562,0.08664320852303602,0.0003119994944427,0.6819004460850776,2.0458224262291416,0.3222899656474372,0.0006596649764105,0.5440137275603081,1.9737511895996458,0.12930196592082574,0.0007111846935003,0.6784213483467335,2.0821957969101463,-0.040803564357886915,0.0005654338747262,0.570463810561903,2.026571691867875,-0.2879859413112502,0.0003819605335593
2025-11-11T0742.446083,34,0.7737144993785686,0.8728357349561262,-0.805307797527762,0.9828472137451172,0.8101150467781552,0.8845392476233281,-0.8132697807590752,0.9723383784294128,0.811962678633416,0.8282097225869137,-0.7711849705673066,0.9699134230613708,0.8299195860724965,0.8581256067694539,-0.7646027653517562,0.9706056714057922,0.7860283830416819,0.8523515189992351,-0.825368369911451,0.977689564228058,0.813144874815303,0.8384988699591035,-0.8426649910580415,0.9779574871063232,0.7852402106078457,0.8369542527095162,-0.8097991401509854,0.979153573513031,0.8139407674907893,0.8532638683607885,-0.5010223678430639,0.9664195775985718,0.7764351079135803,0.7783280758650004,-0.6932893704067454,0.9811350107192992,0.7861353506310764,0.8968932943883442,-0.6982870155193358,0.9898895025253296,0.7306569979021171,0.8782516811454538,-0.7367801647578662,0.992868959903717,0.799002435822322,0.9850252637305104,-0.24255198937933015,0.9915042519569396,0.5913520641333021,0.942676620236788,-0.5348671807733987,0.9961294531822203,0.8170570010061957,1.1700702744017288,0.004982752859073828,0.2978001832962036,0.543779435556537,1.0663888603386757,-0.4675328336668977,0.549669623374939,0.8338139624838709,1.3178556307546658,-0.06539882249012527,0.1227835044264793,0.5548275144767101,1.2802407588513927,-0.6603968799248153,0.1348754614591598,0.8693015867721186,1.3682953532878577,-0.10096523389301569,0.102176733314991,0.5245978127869544,1.3396451215792258,-0.7346451580191996,0.1238193288445472,0.8347140852545293,1.3898511546584575,-0.16467899191051402,0.12373848259449,0.5792526659736259,1.3517643656289398,-0.7615340226411648,0.1606915146112442,0.8525927594317326,1.346397809750866,-0.10280757340117015,0.1214654147624969,0.5550715589281636,1.3400766375662063,-0.6496477449292988,0.1588088124990463,0.7304497002001851,1.3795299265805652,-0.00705139734614257,0.0616261176764965,0.5814393481904407,1.332762782536782,-0.026138249519125367,0.0627506226301193,0.6900808339556075,1.6623324567177715,-0.013246749089991454,0.004609053954482,0.5852895426203542,1.640846637137738,-0.13980313204814027,0.0021981131285429,0.688441371089105,1.97707972518021,0.33109466773750235,0.0004867530369665,0.5343212538205296,1.9380553061146621,0.10401257345303183,0.0002923183783423,0.6943769708896868,2.000766391008321,0.32402022006970815,0.0006285767303779,0.5476066513705875,1.9898281610379596,0.10585864300283734,0.000670145615004,0.6792439902906091,2.0767660916054798,-0.020412396971187484,0.000564940215554,0.5920229358376289,2.0068675319833007,-0.2723949179046927,0.0003892838140018
2025-11-11T0730.605996,35,0.7590845601229796,0.8300627094002488,-0.741751736870572,0.9842066168785096,0.7860161356315541,0.8346704357563764,-0.6727480840665676,0.9743149280548096,0.7667256754526911,0.7833631757648654,-0.7239547533400059,0.9723703861236572,0.7648333651691048,0.8243279049167641,-0.7088952333612053,0.9728427529335022,0.7309812973672665,0.790404752850563,-0.738782818593743,0.979233980178833,0.7451284114065895,0.8170387340160965,-0.7237687020152745,0.9796786308288574,0.7210550158376786,0.8120452910052248,-0.7417276488737481,0.9805768132209778,0.7747812554440632,0.8406861927951947,-0.45171256014429434,0.9690850973129272,0.6832067393021065,0.8087131370524883,-0.6229873261955005,0.9824690222740172,0.7502280834580379,0.8536166184598535,-0.6350923311288298,0.9906193017959596,0.710723655910198,0.8694551898443265,-0.6819413618087898,0.993315577507019,0.803033213948555,0.9539355876331174,-0.22800044961788843,0.9920754432678224,0.5928774581236488,0.9110300693498352,-0.4442563514663972,0.9962663650512696,0.8233736149689005,1.1568300854486848,-0.0508528138356052,0.2783728241920471,0.5584141665323734,1.136290264980083,-0.3768367507570528,0.5416164398193359,0.8552886511641549,1.329338653876463,-0.14119109557910653,0.1121480017900466,0.5250893351564747,1.3135101972594196,-0.5882917897625671,0.1254732459783554,0.8365178744727129,1.3874753934930928,-0.17916094125423115,0.0934608802199363,0.5154969715883799,1.3529547814858967,-0.6503945141167568,0.114716924726963,0.8458451147379182,1.3623200915659235,-0.25183075484856143,0.1137381643056869,0.5452304153442059,1.3733346037869305,-0.7319122710374625,0.149494469165802,0.7954816956939251,1.3360947448223448,-0.18659751192970667,0.1115485876798629,0.5447925862570974,1.3246382608166696,-0.6130070726057087,0.1470106393098831,0.7179223516315247,1.3541286624436357,-0.0013806376917094322,0.0555802285671234,0.5698106966224877,1.3443471400736147,0.01226536008101005,0.0565759278833866,0.7067053709493187,1.644330023726411,-0.051699543285882985,0.0042669717222452,0.5604248126619084,1.6369670258820774,-0.09473082991087782,0.0020378241315484,0.6624701380616043,1.9768281953024673,0.29932358166945056,0.0004572162579279,0.5616989572664484,1.9336554492079845,0.16269493776492527,0.0002682670019567,0.6736870399243896,2.0274927540551033,0.2709006322749159,0.0005902764387428,0.5444677561497894,1.995064529777527,0.16663909237662344,0.000622151303105,0.6931792902781615,2.043713449548872,-0.08875996480336937,0.000537907180842,0.5942540417692767,2.0295046183582297,-0.23190484539127768,0.0003833071968983
2025-11-11T0767.777114,36,0.6695535436373177,0.787839506381409,-0.5854383411665215,0.985755443572998,0.6839224864856018,0.7470464530879508,-0.5708414605914837,0.9768298268318176,0.7420952920285825,0.7434586925694682,-0.5873768253932986,0.9750916361808776,0.7331230424739992,0.7601946011040763,-0.5416489666214068,0.975507378578186,0.6750040927666738,0.7521062888874593,-0.5556671640006177,0.9812580347061156,0.6876956174168919,0.7510651347087827,-0.5587018717427493,0.98166823387146,0.7137646115527857,0.7580640555342655,-0.5755878495621417,0.9824700355529784,0.7372767866315258,0.7732080987163545,-0.3001643261455836,0.9721263647079468,0.6698757465502305,0.7520185008942376,-0.3155360956528774,0.9841864109039308,0.6936927210745037,0.7876907224927552,-0.5064744163107043,0.991523802280426,0.7053373859586566,0.8190316973439427,-0.5027930168671794,0.9939537644386292,0.7766049937046746,0.9590738343093317,-0.1326273531737787,0.9926262497901917,0.5496010636965674,0.9150041529525644,-0.21978373584784178,0.9964789748191832,0.8269242570675711,1.1645403576676914,-0.17397934104979385,0.2596780359745025,0.4996004375891418,1.121319828524823,-0.22546712995954657,0.5463173389434814,0.7706218433456203,1.1643454435605918,-0.5244121915168922,0.1061621233820915,0.5002906990221346,1.295189384189397,-0.5121300138238,0.1232039704918861,0.8082030239780528,1.1955035644332703,-0.6085068178405643,0.0889535024762153,0.5305464922215908,1.3630335474924615,-0.6390142753034248,0.111304648220539,0.7926963792586822,1.1641589993931403,-0.6163254891713561,0.1092464998364448,0.5146090350695156,1.3428447439394386,-0.6712844883352914,0.145860269665718,0.7244851310346787,1.0369387551559546,-0.5647325695930482,0.1070320010185241,0.5424819391504061,1.3303800628816236,-0.5848397532837765,0.1434447914361953,0.7359335890114486,1.3479142368215786,-0.019527713340921397,0.0501338653266429,0.5896620136936821,1.3154047511989746,0.029992106145857095,0.0510531440377235,0.7341314010887765,1.643205136475996,-0.053459417295740524,0.0038908796850591,0.5715986988729094,1.6451342943237786,-0.04014437117826877,0.0018872449873015,0.723682769063143,1.9424375753871044,0.26100912048454133,0.0004175958456471,0.5975303272602848,1.9234059640537156,0.20737705155669364,0.0002449894964229,0.6879552265289408,2.033382345798305,0.3056748391621116,0.0005395511980168,0.584259007366141,2.0242427194155477,0.18810031260308185,0.0005718283937312,0.6668580069976439,2.0321820753813364,-0.11213386624427851,0.0004970027366653,0.585326508003248,2.031438132282386,-0.19679640209297572,0.0003782268904615
2025-11-11T0783.486634,37,0.6363076207854055,0.7565525245239189,-0.5834677193485018,0.9871124625205994,0.6693812628364099,0.6984458523784373,-0.5136702923435389,0.9789844155311584,0.663894063849225,0.6865895524747337,-0.5390025409371052,0.9774923920631408,0.6737455237560668,0.7169754717831873,-0.5155072202643018,0.9778363704681396,0.6485536427827927,0.7427229150172887,-0.5450032681149477,0.9829506278038024,0.6250672925216824,0.6983099474982879,-0.5284969624836475,0.983382284641266,0.6271245861374748,0.7195130648193775,-0.5115873199129332,0.9840455651283264,0.6777394902962423,0.7558497984130962,-0.24080248122773795,0.97479647397995,0.6387036148998486,0.7486968566498422,-0.2740631891775219,0.985629141330719,0.6929020907075398,0.7586192820888513,-0.4678007958997461,0.992304027080536,0.6341887377715139,0.7725563407222565,-0.49101647647574154,0.9944685101509094,0.7441759334827325,0.908269947420465,-0.07141000141017888,0.9932112097740172,0.5358335972875861,0.9045186735949585,-0.16235688141769375,0.996661365032196,0.791244281849999,1.052947715078072,-0.10196293484598425,0.2455040961503982,0.48006416057637735,1.121544052121104,-0.09159710766292348,0.5450426936149597,0.7799079561511565,1.1819097861426842,-0.4021280896369258,0.0968805700540542,0.4793412811968831,1.2755913505682208,-0.32938982164500985,0.115396074950695,0.8072661632242712,1.2507739531303772,-0.4603493901739257,0.0813645049929618,0.45947382008405335,1.3478259728981152,-0.38795650247184943,0.1035880371928215,0.797122763588733,1.2757880917740505,-0.5020135245617305,0.1006447970867157,0.49867110555072525,1.3664163135851979,-0.43772133093609134,0.1365777403116226,0.7623973054149085,1.222724991310633,-0.40787778189370744,0.098502367734909,0.4669639733687196,1.3419295732238303,-0.36247829057403064,0.1341778486967086,0.7277036006934856,1.3217178045176161,-0.037897648481002466,0.0452046021819114,0.5760932307255735,1.321030677797503,0.059820149431470404,0.0460616052150726,0.704294333013972,1.65260534616228,-0.10763557997917347,0.0036069096531718,0.5754910839621405,1.6212057056045903,-0.06470865852161702,0.0018038083799183,0.6903804412808635,1.9378359383558783,0.22185047854739728,0.0004002345085609,0.549267238874839,1.9475805527681385,0.14013746322937856,0.0002391750895185,0.7061716288552935,1.9944349283160228,0.21784229816235873,0.0005221550236456,0.5680219423885775,1.9990617296240543,0.12614946641095973,0.0005771313444711,0.6769697499387068,2.0557328025977766,-0.13712172209757797,0.0004766648053191,0.6014349780893535,2.0415098338742212,-0.23199530052612727,0.0004170292813796
2025-11-11T0771.604916,38,0.6095276228812477,0.7523515680424188,-0.6050229443682058,0.9881876707077026,0.6345311868376202,0.7152120217803924,-0.572279433344731,0.980587363243103,0.6467539969883427,0.6858428740082273,-0.5585447620117694,0.979430854320526,0.636731648262986,0.7029798618991862,-0.5551883916964937,0.97965407371521,0.6186587998695172,0.7327219668277899,-0.6120855108993352,0.983983278274536,0.6069141989711442,0.7242321581358375,-0.5909391859087213,0.9845288395881652,0.5748722280021517,0.7102088922131582,-0.5841544784834602,0.9849583506584167,0.6561973600796749,0.7243605452468345,-0.2806114628841644,0.9769691824913024,0.5807978821705754,0.7199173939707901,-0.3348280481239503,0.9864766001701356,0.6094552130336686,0.7484143042393867,-0.5000660664783344,0.992941677570343,0.5719915010772821,0.7711934059253767,-0.5026865496190838,0.994818150997162,0.7237902673682383,0.9338634428957245,-0.1630737414095289,0.993681252002716,0.5231579734162973,0.907044312451055,-0.129076903874706,0.9967408180236816,0.7922372960483923,1.0514948595068445,-0.21079365735009295,0.2387391626834869,0.4464118505528884,1.0767194352018379,-0.04478032883298604,0.5391919016838074,0.7939985276180116,1.2513123812710902,-0.5697795311272754,0.089931271970272,0.45059441577712767,1.2739345406125746,-0.3211542332817124,0.1079501286149025,0.7920730055194863,1.295869422958056,-0.6415652823714882,0.0756152793765068,0.4375904898684884,1.363090065614667,-0.3840732235899041,0.0961798503994941,0.755992990627731,1.2801328448008773,-0.7002363382147571,0.0945513993501663,0.4606452115557884,1.3648182476460669,-0.4644909874293187,0.127715066075325,0.7647933100693638,1.2871704288022143,-0.5606169123398456,0.0924106165766716,0.4683056324286435,1.3119713105129427,-0.34919364235773,0.1257694810628891,0.7148092549150553,1.3281002841380969,-0.062183330795652185,0.0408043637871742,0.5309870827071271,1.3057038975382316,0.059509890903346734,0.0416106358170509,0.7104599643828948,1.6577777960205133,-0.1189929882592521,0.003320233663544,0.569066665721418,1.6430363046357155,-0.052909641265006,0.0017186254262924,0.7083958641733399,1.925676587884502,0.221257228552937,0.0003743899287655,0.555210326101469,1.9283844634732434,0.17734682385901437,0.0002265221410198,0.7133494262290366,1.9896085370297454,0.21117407881992512,0.0004867757961619,0.5869695860295405,2.0008471799106315,0.14807656038289446,0.000564424379263,0.6620818667967215,2.014068716330948,-0.17978695040469275,0.0004432049754541,0.5972285016262405,2.0110208312917504,-0.2551058691008333,0.0004376148863229
2025-11-11T0727.848888,39,0.5929913255421497,0.6990580354960833,-0.6918331515041998,0.9892001152038574,0.6124755470666781,0.6944226523770082,-0.6576515222188032,0.9821057319641112,0.6009382161178332,0.6819438223623463,-0.6830094657048481,0.9812194108963012,0.6050788282388492,0.6958670173164351,-0.6555572121796762,0.9813213348388672,0.5472277285292999,0.6952363902279857,-0.6587849659144617,0.9851309061050416,0.5844182788863277,0.6978443747788029,-0.6471636963113704,0.9857565760612488,0.5638308188500843,0.7108929408019509,-0.6703324297446351,0.9860020279884338,0.5893127538119007,0.7096455463398215,-0.3764213238184115,0.9789884090423584,0.5381729038504309,0.737411391394274,-0.37927130720633473,0.9874987602233888,0.6069842092212635,0.7473733914566796,-0.5877650447688794,0.993532121181488,0.5762537677533348,0.75895584415487,-0.5871289013103624,0.9952064752578736,0.7000648708031701,0.8770583747059327,-0.22432118279451715,0.994053840637207,0.4666041170716153,0.9195712021693973,-0.279609129295758,0.9966193437576294,0.791598552716509,1.039784076118339,-0.1903439791217311,0.2322117090225219,0.4267123621233291,1.137955404143418,-0.18639759315621615,0.5167673230171204,0.802781651692169,1.2599920300745506,-0.48211484602358445,0.0827506333589553,0.4507905132905298,1.2778695697960387,-0.37980150394004186,0.0994811803102493,0.8134595705526249,1.3218921255136613,-0.5280065452147499,0.0698560550808906,0.40723672281590245,1.3742118500795852,-0.5077023144848308,0.0885232761502265,0.7901956098308375,1.356488057890428,-0.6053204321252525,0.0883113369345665,0.44380917372982054,1.3608841771600972,-0.5866299886923406,0.1181009411811828,0.764229138105006,1.3403336050598196,-0.5186221523012307,0.0861257463693618,0.4478922789807294,1.3405305060187642,-0.44773582406917944,0.1162482723593711,0.6955298027804513,1.3159732281358232,-0.05192939810647086,0.0367895327508449,0.5291433226638373,1.333884992273309,0.05539504011131304,0.0375224910676479,0.6777061341518325,1.6520965985266056,-0.13285405856968371,0.00313186715357,0.5319499822193542,1.6413764919625675,-0.041854840216073254,0.0016445504734292,0.7041722969939926,1.9361075857321255,0.276421506490681,0.0003632332081906,0.5733111205690328,1.9648674514723061,0.20307365920344206,0.0002191093226429,0.7137058562952585,1.9638948114616122,0.27322262497177524,0.0004609582247212,0.5524375523432715,1.9953821804142629,0.25164235585974487,0.000542068912182,0.6572244588456265,2.031829616489855,-0.08688000544589074,0.0004293997772037,0.5849983121566534,2.010869753553635,-0.15879857351256407,0.0004470093699637
2025-11-11T0755.508658,40,0.5335180423621175,0.7061460462295223,-0.6215359529615849,0.9870781302452089,0.5226057615170472,0.691041044643924,-0.6253201293620799,0.9767705798149108,0.5335484407563413,0.6789051117703566,-0.6313672624025535,0.9772164821624756,0.544905784914496,0.7031331294935541,-0.6224226930981817,0.9767591953277588,0.477893154194879,0.706245985690605,-0.5722266149464758,0.9790169596672058,0.5291259137406803,0.6861033138081565,-0.57584258862679,0.9809297919273376,0.5276932677070042,0.6865306871806526,-0.5824085749971284,0.9812424182891846,0.5566185681813834,0.6956279189714691,-0.4030530414609918,0.9758068323135376,0.5000376552100271,0.7186844001146225,-0.3348428517370956,0.9831111431121826,0.5628581897509901,0.7666052185630389,-0.5571000513534844,0.9927449226379396,0.5233881860807552,0.7669668688232044,-0.5028209500740661,0.9938353896141052,0.6768698287588066,0.8747687928489695,-0.2821099721707701,0.9927797317504884,0.4292195334474507,0.875852544197261,-0.1656887122077623,0.9959672093391418,0.7410553849076202,1.0286829417337542,-0.2734523175820207,0.2291417717933654,0.4033217288033913,1.1097512697407586,-0.06735260137476856,0.5032440423965454,0.7714678078204902,1.2629250029976382,-0.4684907789998937,0.0760096460580825,0.3848593817055894,1.2888488217246943,-0.30107687727934046,0.0934793353080749,0.797551510857935,1.326107940001399,-0.5252341965947032,0.064297005534172,0.41710108661352124,1.3714999024175318,-0.34499379341372727,0.0826903134584426,0.7585833388128045,1.3305631825966033,-0.6090191958175694,0.0818178132176399,0.4171370554517903,1.3709830033335546,-0.4378617369805303,0.1112446412444114,0.7385996156735292,1.2981051170825617,-0.516770878567046,0.0799129903316497,0.41101160815321036,1.2988817944792233,-0.3558895704135004,0.1095435693860054,0.6389229793456178,1.319570195470325,-0.08788769670541366,0.0331719554960727,0.5071436622860402,1.310928088040807,0.05025178673206543,0.033862080425024,0.650476395900769,1.6356251217597269,-0.11616840110127358,0.0028917642775923,0.5011910746047864,1.6268539694714583,-0.004197721836017063,0.0015504092443734,0.6692713687652215,1.9514822021972043,0.24207848337531607,0.0003359112015459,0.5405918111634657,1.9216259708718428,0.28236586690939885,0.0002046532172244,0.6908978370144777,1.9752917716222382,0.2633063366209338,0.000422151730163,0.5375434803882133,2.0004525813661544,0.3035202366294129,0.0005093606305308,0.6531168571703002,2.0239773260709883,-0.08402626638268947,0.0003965643118135,0.5537600506325329,2.023010739708281,-0.07853330894374638,0.0004335137782618
2025-11-11T0740.591325,41,0.5246766346338757,0.7470459226549989,-0.8350749039783479,0.98811012506485,0.5043413850504773,0.7158572277083132,-0.820582586807613,0.9784032106399536,0.5401635411340685,0.7003943216886541,-0.8023534860260336,0.9789324402809144,0.5215331831234277,0.700999946409077,-0.766875915034727,0.9784420728683472,0.4595743128040766,0.7223441639752122,-0.7646700363072911,0.9803491234779358,0.475194729940089,0.7149188527686337,-0.8076375943632341,0.9821906089782716,0.43802635731926287,0.7055203316286636,-0.7917840638968151,0.9823617935180664,0.5355967017048469,0.7195423029927406,-0.5240980913342503,0.977716028690338,0.458947951876718,0.7297480504991933,-0.4952038900318711,0.984122633934021,0.5600391073706388,0.7591196920495896,-0.7105021363185398,0.9933428168296814,0.48476275977097477,0.7811922338018382,-0.7043330204844154,0.9942696690559388,0.6259919978018562,0.8765859603445129,-0.3325135092293247,0.993282437324524,0.39526224378792585,0.8884643258293071,-0.25584421358666354,0.9960448145866394,0.7061982867699249,1.0344179116630037,-0.28153480042735163,0.2418200075626373,0.3274824234975483,1.1346183080893197,-0.12974187354282357,0.5017616748809814,0.7269663146251072,1.2814196073334556,-0.4945986162024334,0.0708536282181739,0.3825336506625169,1.3091814582842716,-0.3762592198614971,0.0883153453469276,0.7534873210390148,1.364156004230059,-0.571604522106889,0.0596330575644969,0.3798696087322135,1.3764582082292203,-0.449001717973594,0.0773242637515068,0.7319466616189687,1.3809399940985931,-0.6270807393173466,0.0767127349972724,0.3828480654621246,1.389367293415872,-0.4605088925961829,0.1048792153596878,0.7157017766792544,1.3191598937047362,-0.5305581580566163,0.0751258209347724,0.3652923501440355,1.386135340256385,-0.3905935541967099,0.1033173948526382,0.6194634710823456,1.2858448672084424,-0.07260452537957753,0.0299438331276178,0.4566315071974359,1.313608073698512,0.08079378830752514,0.0305679086595773,0.6341158994731788,1.6544007046209905,-0.0388502059411656,0.0026878444477915,0.47808648927762604,1.6200015997897053,0.13446167718901264,0.0014552022330462,0.632337376233702,1.940255476679204,0.42579869522393293,0.0003148320247419,0.510049825939449,1.944872423652161,0.5107877314856971,0.0001898502523545,0.6736541503634315,1.9717324558433118,0.42751287693357404,0.0003897567512467,0.49762665242279613,1.9985824003238806,0.5281618187798094,0.0004758097638841,0.6433796692312028,2.055985206891747,0.055795381401392105,0.0003659284557215,0.5049899228945928,2.045120472089393,0.10084529706903232,0.0004114359617233
2025-11-11T0751.258802,42,0.4410601260457032,0.7455098351828622,-0.8436714716120179,0.9891931414604188,0.4827727264402598,0.7282546416262113,-0.829399577272205,0.9802437424659728,0.4824379575719123,0.7089226761061614,-0.8312461527810127,0.9808297157287598,0.49365517824176214,0.7053094479649821,-0.8201374229255955,0.980315923690796,0.40565304750353226,0.7208714169131641,-0.8117079568602144,0.981957733631134,0.4428754516037422,0.7118502225282838,-0.8189012883257364,0.9837086200714112,0.41273640173934845,0.7305184816048844,-0.8131026966426491,0.98377925157547,0.5167811756883504,0.6780240061987437,-0.5568286241891662,0.9797691106796264,0.39689467513527066,0.7377996673066906,-0.515050284961576,0.9854419231414796,0.4947295579735399,0.7604986371383268,-0.7582933343541625,0.9939402341842652,0.44392906652138836,0.7600037474411241,-0.7376045773512779,0.9947502613067628,0.6128295857287256,0.8593827580544702,-0.3420908514278764,0.9937471747398376,0.3366399192794408,0.9111817477325627,-0.24979536644810366,0.9962388277053832,0.6798417039360041,1.0572101927537512,-0.2885052952009184,0.2523100674152374,0.3152593465666136,1.1558068901031577,-0.19718796900566077,0.4855714440345764,0.7122223203580662,1.3031385145678807,-0.520224725418355,0.0651592910289764,0.3301916877770922,1.3460903241804725,-0.4133180739001603,0.0823071226477623,0.7150955631146301,1.35695877243049,-0.5894237205971496,0.0547462292015552,0.2970691269549691,1.4010600684870762,-0.4778813737196544,0.0719733610749244,0.696969875872732,1.3689501855934805,-0.6246387330816261,0.0709943696856498,0.32942265412934557,1.41753349338589,-0.5228432010056534,0.0985056981444358,0.6858324974363187,1.3678658738495055,-0.5047990209509613,0.069611370563507,0.34716888153020115,1.3525914956134226,-0.4347769216424916,0.0968218147754669,0.5882634538265065,1.3112405925600115,-0.0639464896070955,0.0270108692348003,0.446689646282701,1.3330273664344552,0.05484743575000588,0.0275778993964195,0.5997852933918367,1.6141190611264433,-0.07594094828732555,0.0024807977024465,0.44417851557529026,1.6566833951346096,0.06421503632378467,0.0013443271163851,0.6093410260817971,1.9269568862734465,0.3556815047345243,0.0002866961003746,0.4366486187294619,1.9525605141372286,0.37730580087443505,0.0001725325855659,0.6289306424045774,1.9757145306356618,0.4175327813986123,0.0003539505123626,0.4357535856999956,2.0072425028020207,0.34513748818077755,0.0004316090780775,0.5646984839341251,2.044868581954518,-0.04049775312705524,0.00033508206252,0.4706414801748018,2.0567116101328944,0.039884283430521986,0.0003802021965384
2025-11-11T0787.257444,43,0.4289652295997348,0.7448655043398404,-0.8613032140830773,0.990233838558197,0.44481835901836414,0.6843879114708978,-0.8739099987188133,0.9821195602416992,0.4337893948302774,0.6820775739245842,-0.8553682290718814,0.9826776385307312,0.45134189912592365,0.6782011159925199,-0.8607932628315641,0.9821932911872864,0.4343876610840793,0.6901410694644794,-0.8407318637249628,0.9836387634277344,0.4049382991596474,0.6997724112054681,-0.8367470579891922,0.9852384328842164,0.3788496152476707,0.6901296152840699,-0.836714382815414,0.9852712750434875,0.4624501491321523,0.700309518333604,-0.587631928912668,0.9817477464675904,0.34606473478994404,0.7245292742933971,-0.5456044427832526,0.9868205189704896,0.4259408577063346,0.7549140822835773,-0.7418037496520478,0.9945271611213684,0.40492594627552875,0.7727103530272712,-0.7403030838217632,0.9952479004859924,0.5714808980919467,0.8437081357379262,-0.3568980338518419,0.9942951798439026,0.25652138129066687,0.8838921396982157,-0.25670570616115435,0.9964967966079712,0.6631364893339197,1.0302394205154832,-0.28143427629340995,0.2720266878604889,0.25428121168872053,1.1629090451796078,-0.15355289368391414,0.4775745570659637,0.6644105724771793,1.2805858312952167,-0.5057445448576421,0.060984943062067,0.2724853333395852,1.318588497009552,-0.44284487719018234,0.0772810950875282,0.6804912051923951,1.3619179141031619,-0.5800240910261841,0.0508239082992076,0.25588505759125146,1.4003798348774061,-0.5177801724228311,0.0674087405204773,0.6582507420667985,1.3509761769531758,-0.6444063229511668,0.0666856914758682,0.2757055411088916,1.381675874512293,-0.5285703592672697,0.0932493507862091,0.6285521750888109,1.350158772613925,-0.5506471327555813,0.0655687525868415,0.2738493919810145,1.3851283740512963,-0.4261369087412421,0.0914739146828651,0.5343195301836757,1.2678409068808083,-0.06553267386313581,0.0243472568690776,0.3689622956144947,1.304362727549841,0.05421027362229511,0.024853965267539,0.5554188441571652,1.6659475069905672,-0.09004409333607818,0.0022709167096763,0.3706265919206875,1.637351410833177,0.01607507944230906,0.0012286324054002,0.5578015972314004,1.97573649707275,0.32888181112597287,0.000259582477156,0.40112792738024455,1.9645880388823764,0.3120523372005504,0.0001559342927066,0.5823013637668072,1.9895721415539944,0.3608418509072854,0.0003200644860044,0.4090812213039107,2.0463251313354007,0.3148967754674634,0.0003899308212567,0.5509503993111778,2.0611719561226685,-0.09965684280075211,0.0003041719901375,0.4286299295133697,2.07838284932971,-0.048421247954895066,0.0003471221134532
2025-11-11T0741.219094,44,0.4256258169794143,0.664418192239979,-0.7771211657553138,0.9911950826644896,0.40042217494164356,0.6111582231670508,-0.7941110687071602,0.983855962753296,0.45446625148847597,0.5761904902325053,-0.8010235436978568,0.984377145767212,0.40270275843172126,0.6110028874459404,-0.7596630614199248,0.9839293956756592,0.3899922168644927,0.6227985245539666,-0.7575003392272986,0.9852066040039062,0.3665688888451866,0.60947086570958,-0.7765451314501843,0.9866603016853333,0.34380001340221716,0.5881003589113161,-0.7326881810362733,0.9866645336151124,0.4570663044890371,0.6308605551109092,-0.5598326587670357,0.9835500121116638,0.3262118327661899,0.6171306719740961,-0.47659519364610753,0.988088846206665,0.4274976545723378,0.6909242156942572,-0.6819033738133258,0.9950621724128724,0.38713271472326255,0.7011605766917134,-0.6441485947873047,0.9957051277160645,0.5286324763233318,0.8203891460291078,-0.3046718756129215,0.9948400259017944,0.23426732192328528,0.8286057483167203,-0.2677573179996446,0.99680495262146,0.649338388390535,0.9939913850953246,-0.24050550153283842,0.2863774597644806,0.17884003958650818,1.0751700809981037,-0.19065263621971512,0.4544315934181213,0.6225200531338649,1.235498164475955,-0.4640477334211082,0.0565980151295661,0.22824381028789142,1.2795203601908882,-0.4567517653593863,0.0713895484805107,0.6685444981372876,1.3163549381928825,-0.5420665262910964,0.0472075492143631,0.19746940380220124,1.3612514334612846,-0.5293133563513138,0.0626174360513687,0.6008341068731015,1.296372943106657,-0.5711042479983368,0.0629334449768066,0.2126375545143634,1.3723067409543377,-0.5387825874065469,0.0874532759189605,0.5856117538460858,1.3021598137418713,-0.5148833795927509,0.061976108700037,0.22508597688742668,1.3110302875337816,-0.5069109706531507,0.0858260244131088,0.5149877293811901,1.25480204991963,-0.08056586381110717,0.0219367314130067,0.3138018478175459,1.319231155646301,0.06759726158275582,0.0223925877362489,0.5296897087112814,1.6423949443751948,-0.009895836083301756,0.0020595239475369,0.3583625124442796,1.6671543326688738,0.09639628288938892,0.0011122230207547,0.5480735015442342,1.9331562415350791,0.3910518464854936,0.0002340914361411,0.3640990359014746,1.987416675866081,0.42898895148274047,0.0001404778013238,0.5441871406381412,1.9795725102534456,0.4180699934348627,0.000288575538434,0.373652062861789,2.027672010658164,0.42466589574677277,0.0003512210678309,0.5059562537935589,2.0696241057323737,0.052371328324143346,0.0002749341074377,0.42555831400436467,2.0851743970088674,0.08395210638034983,0.0003131802659481
2025-11-11T0720.133316,45,0.3990740461721597,0.5790362140095926,-0.7644556950055925,0.9920291900634766,0.4379699428825041,0.5630852973497441,-0.7418511755691927,0.9853243231773376,0.4194305529104851,0.5359211039091373,-0.7223865731513895,0.9858447909355164,0.42550684459494564,0.5472155878688736,-0.739762823119449,0.9854167103767396,0.39550302181733743,0.5601387263908005,-0.7440561324875143,0.9864763617515564,0.37936192167549465,0.5592931881132067,-0.757086357807318,0.9878200888633728,0.3545194466608845,0.5613759641616217,-0.732911214883413,0.9877504706382751,0.4382249935275363,0.5419996462245719,-0.5257038890421223,0.9851154088974,0.37642581520306084,0.5656955304659173,-0.4527365443244909,0.9890851378440856,0.40998765438253626,0.6535021378988762,-0.6437603069184935,0.9955289363861084,0.39661409196554637,0.6443814792976251,-0.6231337238037875,0.9960910081863404,0.5375996609716027,0.7476103519714741,-0.3343391944156786,0.995329976081848,0.22569795396028658,0.7755896507564515,-0.2969382462538509,0.9970624446868896,0.6070751289300518,0.9911696353350572,-0.281902709022623,0.3176442086696625,0.1927358813404617,1.0114412953652587,-0.15908440519687125,0.4519934952259063,0.6137739365028659,1.189779862247796,-0.5252791945851971,0.0566657781600952,0.17811055571468773,1.2172397080346598,-0.43705863861252087,0.0682983696460723,0.6276513150495453,1.2696719681593764,-0.5819382927016488,0.0461250245571136,0.17528736806506673,1.3036947489634638,-0.502094813348432,0.0595732480287551,0.6214391566690635,1.2838772038673327,-0.6249375400481026,0.0632186159491539,0.19047573501357756,1.3116165336745307,-0.5562916067374089,0.0842809528112411,0.6286868406534132,1.2803261330380618,-0.5245506974573405,0.0628307238221168,0.20503571411049645,1.2948583184576212,-0.4932352456710009,0.0831702426075935,0.4994096568059855,1.2646825977627028,-0.08109832265457409,0.0198340453207492,0.29943585742583545,1.2813866121110062,0.07724068822044249,0.0202377531677484,0.5029599587455481,1.668500924265987,0.04916549900760681,0.0018722957465797,0.3384295560758659,1.651735310949339,0.23463718813645604,0.0010105223627761,0.497273821867832,1.9469858349746076,0.5518915867531523,0.0002115070528816,0.3293580953293228,1.9563003090614595,0.652256037049131,0.0001266987528651,0.5135141935759804,1.9972637262837045,0.597403149392697,0.000260934815742,0.3417601062122452,2.0523769025244762,0.7128435692484125,0.000317021185765,0.5050782064888125,2.054333163523039,0.22751639325470813,0.0002490057377144,0.3604527622735931,2.0935630894164907,0.30254183422471426,0.000283120694803
2025-11-11T0736.816216,46,0.41304955467934834,0.48320121673007466,-0.8079842296516874,0.9928051233291626,0.42415441032143486,0.4228279146130684,-0.7601707231816368,0.9867404103279114,0.4521226272872693,0.4302393755156274,-0.7349320423339588,0.987217366695404,0.4376388714714223,0.42291187953794296,-0.7492482047848487,0.9868252277374268,0.4069903600559807,0.44537929414190197,-0.7485768463722223,0.9877681732177734,0.3928431654811161,0.4436322442711354,-0.7589119125860678,0.988986074924469,0.35238314208195,0.43380068929312404,-0.7494942749355479,0.988916516304016,0.41920797901566276,0.44862829755149264,-0.5260924676301932,0.986555814743042,0.33521993181142434,0.4441668685338901,-0.5188073576302936,0.99011492729187,0.4135515558028226,0.5097551311187043,-0.7085723580235724,0.9959635138511658,0.38091705919274216,0.5096750774800377,-0.7122667538814846,0.996467649936676,0.5351363786415836,0.6676243814261126,-0.3387624822598779,0.9957653880119324,0.22946265578617958,0.6554104924199433,-0.33965049596669317,0.9973244071006776,0.5953035552769669,0.9781182361672567,-0.3732568370419046,0.3462062180042267,0.1582881761119092,0.9587190074094575,-0.23363742243239852,0.4754040837287903,0.6472482882465571,1.2038468032348395,-0.6141705282618861,0.0568888932466506,0.15477682835047787,1.192694022041541,-0.5153398555593869,0.0705762803554534,0.6230809741045787,1.2639218944374169,-0.6851605922234068,0.0454427935183048,0.1213104475699192,1.2722919238550643,-0.6153188551544679,0.0599387809634208,0.6218985293802494,1.2363623938152046,-0.7307315681265196,0.0637981817126274,0.14094002364578256,1.2897177557147719,-0.6942835453761693,0.0863382965326309,0.6243575160919932,1.217239345702758,-0.6236777191671008,0.0630672574043273,0.14785813580273668,1.2631898005939433,-0.5655869742288564,0.0853956788778305,0.45250960635567755,1.1564139007739265,-0.08451300201802828,0.0180506873875856,0.2984638260480021,1.180965661882352,0.06468636093649424,0.0184173341840505,0.46930258050895596,1.6237476853587154,-0.03892799727758353,0.001765607856214,0.3197025982196199,1.6165100390339286,0.20576739163589544,0.0009390147170051,0.48148899626148284,1.968879665457621,0.4572502796751676,0.0001957008207682,0.2852043677762297,1.9595027209827338,0.5964052706541512,0.0001150483585661,0.48037188012237547,1.9988612738218678,0.4928015742523669,0.0002398389187874,0.25007929142543983,2.0325235669579524,0.6511820623319593,0.0002889482711907,0.43785709576665965,2.075586958468197,0.1913565110572715,0.0002303968940395,0.3323006811951506,2.0690821578933134,0.20435827806199516,0.0002582527522463
2025-11-11T0796.825933,47,0.4375795465582515,0.41931171399766964,-0.8054953598074599,0.9935148358345032,0.44870874807686406,0.38893455904053825,-0.7794576791736088,0.9880431294441224,0.44041269103689623,0.3880372491111759,-0.7793115861263197,0.9884791374206544,0.450893775982866,0.38082289931994934,-0.7708670063256621,0.9881188869476318,0.42862738747329265,0.36167963530914593,-0.7924176282634003,0.9889677166938782,0.4208664065441809,0.3434829494290045,-0.7919194575946662,0.9900701642036438,0.3781609448293752,0.3410338765306945,-0.7955086154453491,0.9900010824203492,0.46778750710449457,0.4237038659329764,-0.5026786642640231,0.9878747463226318,0.35825172051317805,0.31945470958894767,-0.5552874276530314,0.991085648536682,0.4133475407731162,0.44790909415290125,-0.6888035806290875,0.9963594675064088,0.39091263752690525,0.40789845063592,-0.7237995175001497,0.9968153834342957,0.5307435264038028,0.6383552451818276,-0.31043017213495433,0.9961659908294678,0.20421358533510608,0.5926419906259216,-0.42583929263577236,0.9975743889808656,0.5752470578679211,0.930934123756984,-0.29699373274255114,0.3546079993247986,0.17497180377163246,0.8814383923830087,-0.3172895173794194,0.4951382577419281,0.5933877452805139,1.1269613052306386,-0.5184227196567611,0.0565905533730983,0.13041496579900594,1.1177869163187524,-0.5462075015298659,0.072868064045906,0.5938203317116564,1.171950576011171,-0.6052982169615782,0.0449468605220317,0.09968865469287631,1.2036238236635999,-0.5942000382487436,0.0603454448282718,0.618340973753796,1.1638095767940453,-0.6578211586719962,0.0645116344094276,0.1115599629474415,1.2090251827278928,-0.6615335806463737,0.0882529616355896,0.570961196235913,1.160274654968679,-0.5978034393140746,0.0632170885801315,0.153792598263906,1.2255786970452467,-0.5405872374850414,0.0870687514543533,0.48576149556923526,1.1478825035753515,-0.025443058958194337,0.0164586771279573,0.30247901649395637,1.162168570516391,0.05646406014504998,0.0167854372411966,0.4765989814391314,1.5418888897374534,0.019242872958895575,0.0016992229502648,0.29412383933349445,1.5592167848142753,0.15341399962251523,0.0008945152512751,0.4954458473130916,1.9472630138599167,0.5225859096429232,0.0001867528044385,0.2947118666529482,1.9241288028825534,0.5577811668504887,0.0001055585889844,0.47467927562692686,1.9998991933516554,0.5324539633213924,0.0002275840961374,0.29487582029945,2.0410134506497206,0.5444028194851865,0.0002658278681337,0.4564300147720193,2.0698626935291204,0.15458782575282765,0.0002237301814602,0.3081538157108503,2.0640074489504574,0.14618905392031853,0.000238878710661
2025-11-11T0729.991784,48,0.46574707865566845,0.3293210412478379,-0.6662411735516843,0.993884027004242,0.465243490338687,0.3085264124983431,-0.5983137287853821,0.9886269569396972,0.472215620964847,0.2950035257747629,-0.6168681375324223,0.989233374595642,0.4880281339806622,0.30198991694787614,-0.5853387998307202,0.9887068867683412,0.451612016569529,0.2528461099329161,-0.6195523119771781,0.9895862936973572,0.400604965360788,0.3072811546099749,-0.6693019379584537,0.9907572269439696,0.3993703180934224,0.25213061491358557,-0.6545360766645071,0.9905858635902404,0.46884025891325765,0.31404753033834526,-0.3020876050908966,0.988304078578949,0.4045992532329049,0.2683842959595891,-0.5473639381897678,0.991743505001068,0.43801612074036333,0.3577714229174882,-0.551449495241737,0.9965354204177856,0.4395629675286822,0.3486531377724161,-0.6152401405155044,0.997061848640442,0.5023661748606332,0.5793522277630878,-0.13311243689646368,0.996434211730957,0.2221083856242358,0.49395682576576194,-0.44462482775644996,0.9977834224700928,0.533469809994918,0.856280364133687,-0.06907512255653521,0.361310750246048,0.12315259208674795,0.8131590613287165,-0.4047344606731613,0.5224001407623291,0.5654388862251015,1.0691456609558057,-0.32086662578949093,0.0614047087728977,0.1375891149820434,1.064848052589911,-0.5995892832726005,0.0839069411158561,0.581347492702292,1.137363564093597,-0.37424111229993273,0.0479785986244678,0.08577994867176564,1.1406535860280194,-0.6612856159896754,0.0683009847998619,0.5623447516567169,1.1327509680503234,-0.44555536590074296,0.0687873810529708,0.10133973041665173,1.173867238196718,-0.7380415902499681,0.0993921309709549,0.5363624490619525,1.1089882824831592,-0.37186937054462077,0.0676691755652427,0.12334846767462479,1.1278441226203415,-0.6344112718806986,0.0978651121258735,0.4099850516434094,1.0406726276473397,0.04384218689177818,0.0155557496473193,0.2600024463701795,1.0722919063801681,-0.01808078203146294,0.0157955326139926,0.44144851425368187,1.4923428098764657,0.07899901992988553,0.0017101729754358,0.2811827567711987,1.4911659610265573,-0.16213883252464933,0.0009427273762412,0.44898108323053104,1.883587001572987,0.531564764011172,0.0001826385268941,0.21821084453934736,1.8938402970854393,0.18898907438330695,0.0001037739639286,0.3889174312018073,1.9940752777050654,0.5685604620703333,0.0002178844733862,0.25955960981735204,1.9735701868870117,0.23300182869536484,0.0002632701070979,0.40707415559161,2.0138261036020695,0.1767989952622045,0.0002535687817726,0.2747902616612503,2.0286498474590173,-0.27062974399325507,0.000241672139964
2025-11-11T0728.445143,49,0.4732811509707328,0.29096895238029297,-0.6845099699591094,0.9942309260368348,0.4833987570223608,0.25007209463658947,-0.6500811232020621,0.9891209602355956,0.47645885222367185,0.26603546527878,-0.6529747863808636,0.989787459373474,0.5015305246367319,0.29914220185157003,-0.6394926414595237,0.9890753626823424,0.43268594124261983,0.26775723054114214,-0.6943767421318077,0.9900835156440736,0.4359167935811799,0.2581221739883703,-0.6905305835165737,0.9913003444671632,0.4156840100038006,0.2475977547224221,-0.6905373322195845,0.9910604953765868,0.4819471151361975,0.2730249231725155,-0.3437577508017656,0.9883198738098145,0.38762900617139096,0.2574878063801539,-0.5852569828908146,0.9922776222229004,0.4546334528237491,0.3659156822327215,-0.5807909273619511,0.9966825246810912,0.43670034853136785,0.32372891110824087,-0.6729762910897477,0.9972744584083556,0.48883837068844394,0.5057962585330421,-0.1727657899441367,0.9966137409210204,0.23033224663233054,0.43686786992092036,-0.47175178332707557,0.997973084449768,0.5276602223484685,0.8166562081976028,-0.06410846906186489,0.3567502498626709,0.11710732304548015,0.7961918316226052,-0.4458550047294535,0.5457254648208618,0.5211100746157251,1.0166580325717987,-0.37474523806982024,0.0617379359900951,0.08002362493892926,1.0287276586197471,-0.7076950422161867,0.0979616418480873,0.5475270196588969,1.106053714695163,-0.43694382923553166,0.0485283471643924,0.04831667283259415,1.0988396860399927,-0.7933084158202748,0.079616367816925,0.517978704121282,1.1090737886921989,-0.46394132081559425,0.069453552365303,0.09265713118361196,1.1149697031644148,-0.8731281775411835,0.1142035946249961,0.5227032797460449,1.0979857868708025,-0.384642676034128,0.0686172693967819,0.11225579692273475,1.094201572440125,-0.7542741418309237,0.1126421466469764,0.43697973620956665,1.0660451630482155,0.06389001807158837,0.0149749247357249,0.22961654246473023,1.073112693798984,-0.05425900256746231,0.015081912279129,0.4137575632047432,1.5071769497835337,0.1879513931350515,0.0016482983483001,0.23221528954491985,1.5061962034638714,-0.033706539746186225,0.000939332996495,0.3827073285041297,1.9305756458221568,0.8000422441766899,0.0001706243638182,0.20285012871335267,1.9029145640630523,0.4449764920144544,9.787001181393862e-05,0.3525686634199838,1.9809744363371227,0.8161027460030887,0.0002003967238124,0.15623538865700942,1.9556167284000514,0.4576368667029798,0.0002517324755899,0.3842275305718762,2.021150812855229,0.4421513058266227,0.0002468498132657,0.2483897897991398,2.0031881646683294,-0.1406573081990784,0.0002304597001057
2025-11-11T0777.693974,50,0.44362975818840633,0.2902841366672349,-0.5334054571916859,0.9943880438804626,0.5120278250914249,0.2563436869969212,-0.4836736777455552,0.9895762801170348,0.5055245796802796,0.2646972151978688,-0.5055889717256429,0.9902793765068054,0.5074169071734921,0.2855602428031455,-0.48563552392196524,0.989408016204834,0.4770272598268236,0.2260224783305182,-0.5505461949820434,0.9905695915222168,0.46235191708309215,0.23088690785951302,-0.5371155632789307,0.9918164610862732,0.4496334922992922,0.22466927280832116,-0.5165735661617977,0.9915513396263124,0.4727697909255147,0.27152269753414104,-0.23457812380230486,0.9886773824691772,0.41335146723224775,0.26613223846420203,-0.4974027034642307,0.992817759513855,0.514503920828966,0.32867812460143403,-0.45717012712042976,0.9968110918998718,0.43104438867783273,0.30040750852554465,-0.5049449641564512,0.9974600672721864,0.5200008758020659,0.5336544573471284,-0.12644203793273254,0.9967907667160034,0.23159663827363008,0.4092881898756496,-0.42223010527803595,0.998162806034088,0.5049785722790543,0.8452442430025657,0.07995677194243325,0.3570991158485412,0.1364323186501863,0.7403114030007774,-0.38798684903969377,0.5756414532661438,0.4782421887277427,1.0439009878783307,0.0196638141875065,0.0582908689975738,0.048891203434745414,0.9906976873859163,-0.6540460287159977,0.1086333915591239,0.4614952620230979,1.1317884624968988,-0.018779459841500565,0.0457127727568149,0.04672964519703787,1.0342392302794465,-0.7441490633324002,0.0876635387539863,0.45407073693017147,1.0991378813582386,-0.05795783358426734,0.0651551559567451,0.0797176284423028,1.0643665382744154,-0.8514148639589557,0.1227983683347702,0.47067883684958206,1.0923815126514789,-0.021880994699323843,0.0644546672701835,0.06169562742754759,1.049616446701395,-0.6878081541152613,0.1212922409176826,0.3970396312113639,1.0053629327018077,0.02222673239647161,0.0188599992543458,0.21183958825909452,1.0137778855644777,-0.0507816300060666,0.0190222840756177,0.36019579789174744,1.4919578871646142,0.18329371211865242,0.0017952886410057,0.1740932472672863,1.438490760012128,0.0034098719008520597,0.0010601183166727,0.32954182749809047,1.8845086192675793,0.7097717891881028,0.0001983607944566,0.15089270900353988,1.8302394548428507,0.44930028372540687,0.0001109305230784,0.3187797933851715,1.9603738472969037,0.7196708948728223,0.0002189061924582,0.11294069366920631,1.9140570307596843,0.47346274135594674,0.0003048967628274,0.306026055137215,2.023356620849274,0.3797597683346651,0.0003033694520127,0.17182584491040961,1.9829589009637896,0.006343080802495722,0.0002333716111024
2025-11-11T0770.587458,51,0.5220686496300786,0.3201859896931912,-0.5015507609352788,0.9945979714393616,0.5379733243381949,0.3163728907157981,-0.4675901218460121,0.9901379942893982,0.49322668452481033,0.30506365140270375,-0.48490253925215715,0.99078768491745,0.5301874852695726,0.3095877380347766,-0.47635699028880074,0.989858627319336,0.4758462666898919,0.26870912526838736,-0.5184241355144017,0.9911494851112366,0.5157105304061582,0.2630077632520676,-0.5353216400825663,0.992335319519043,0.4735645357974363,0.2584455231093544,-0.547052631613178,0.9920912981033324,0.5098785994319245,0.3159302041603532,-0.22312176985873775,0.9892076253890992,0.43860593210130777,0.27770437119929947,-0.45704981382693827,0.9933876991271972,0.4841067797952077,0.34650653224250205,-0.4191372744981502,0.9969655871391296,0.47361012257401014,0.3567971062326557,-0.45825989413572393,0.9976578950881958,0.5089944233667247,0.5277093879753769,-0.13235210905858172,0.9969834089279176,0.25650758791043504,0.4415939327882606,-0.4660255053532964,0.998332381248474,0.4727104242931998,0.8342302832018768,-0.010982520779329354,0.3502576053142547,0.12220084387505381,0.7701642241927654,-0.4632357341630394,0.5998440980911255,0.45251894376848883,1.0637362552343363,-0.10476127824886995,0.0548352189362049,0.030743860173948735,1.0161813952035001,-0.6201100911212143,0.1231887191534042,0.44789147929881046,1.153115020598094,-0.10170596770661233,0.0433612652122974,-0.023469335632392674,1.1183732503211257,-0.6936356704610185,0.1022822186350822,0.4181804612177941,1.1608494118399797,-0.16496806211313467,0.0616253986954689,0.0009322204217954554,1.1450933503544156,-0.7851734032017017,0.1398237347602844,0.3936145835178148,1.0803872960465604,-0.11367826869214818,0.0610638298094272,0.03473102884625749,1.124785787425998,-0.6234348641627419,0.1382536739110946,0.36280620521559176,1.0561403960071716,0.027351448594282263,0.0186600461602211,0.21133243518894804,1.0336721283049022,-0.04511002433693151,0.0186027865856885,0.3528974553739111,1.5266650253921281,0.17248338694325815,0.0018012498039752,0.17123967719071573,1.4840868088395671,0.02446205926824846,0.0011067026061937,0.30473264928070076,1.9238493317039462,0.6592645038775168,0.0002056296070804,0.14531053246063674,1.8860158947879957,0.42713794321672466,0.0001125878188759,0.28657357438276804,1.995692334688373,0.7002468940881474,0.0002176322304876,0.10468178835328626,1.9258741262246049,0.47562771691415545,0.0003165175439789,0.3083217853311657,2.058041779001504,0.401820018544244,0.0003408071934245,0.14436045725111227,2.0198924055101717,0.02660503139943323,0.0002250353136332
2025-11-11T0792.335496,52,0.5370485487103103,0.36010482519019976,-0.5477233782440082,0.9948326349258424,0.5446788983080271,0.31821902268497865,-0.5217299628848618,0.9906719923019408,0.5215387226319657,0.33072915369433115,-0.4912161094243364,0.9912714958190918,0.5334416542579021,0.304426551750949,-0.49067030364044545,0.9902817606925964,0.5347650268398046,0.2719636334594256,-0.5577799762872991,0.9916701912879944,0.509534506399668,0.2753458689078504,-0.5414748445941318,0.9928007125854492,0.4981437423654961,0.3030819383132142,-0.535451523749336,0.9925691485404968,0.5155036702531781,0.3251268345428483,-0.2414329864551465,0.9895416498184204,0.4546545412089151,0.2828806344056549,-0.4434303734309794,0.9938466548919678,0.520061542247868,0.37436510265356815,-0.4237281108791002,0.9970638155937196,0.482007903318079,0.3449789468458284,-0.5092399036073287,0.9978187084197998,0.5245117340544326,0.5648881958770552,-0.15054750119882265,0.9971097111701964,0.24673054108066622,0.4033539489686434,-0.4541427308532654,0.998478889465332,0.4715204726332738,0.8276861026973733,-0.05637888258251143,0.3361517190933227,0.10632918001994927,0.7149334866393072,-0.45776317451802495,0.6114950776100159,0.389046796097461,1.0811981017990528,-0.12025866105101626,0.0517447628080844,0.014179654274924791,1.0323700339728112,-0.6198190818433758,0.1299685388803482,0.4324725822853603,1.146929670657721,-0.16369176062852647,0.0411961302161216,-0.04195668668862076,1.1069516962142303,-0.6676326905035785,0.1088902801275253,0.3941474071799015,1.1575905041931773,-0.21645738228820793,0.0584229528903961,-0.003293222735107391,1.1419488153533495,-0.7457566261560825,0.1479587852954864,0.4033885393679303,1.1183988454903584,-0.18754472522766819,0.0579198226332664,0.007403230440356958,1.136038446184021,-0.6193660794135927,0.1465195268392563,0.3834852287444224,1.0539189377940545,0.00932496826098228,0.0181603115051984,0.2256766948439394,1.0459831481638318,-0.05271014903492457,0.0179771352559328,0.3430188483090465,1.5431992341672705,0.21696882946952634,0.0017625376349315,0.17301704380692343,1.4977773101040366,0.10563198387295715,0.0010859569301828,0.2965949521617164,1.9419023821562917,0.7322119717815638,0.0002081548154819,0.10154769798969916,1.8712316817499206,0.506371610260799,0.0001090776277123,0.24998297690580348,1.9794061680881172,0.7414123603241556,0.0002149390638805,0.10701766680830499,1.954120743256704,0.5266507054425491,0.0003135314618702,0.2797691224719895,2.0719937918298386,0.41404365972559776,0.0003578333707991,0.12596663753401094,2.0379087111869887,0.1206426536118313,0.0002146427286788
2025-11-11T0729.460795,53,0.5317583173737409,0.3542398349844603,-0.5984241417751982,0.9950990676879884,0.5618678537123015,0.3220506188588259,-0.5507694225191541,0.991213858127594,0.5762361345376199,0.3388418695663584,-0.5552491117441299,0.9917921423912048,0.5565416531349284,0.31937042609625604,-0.5379046761836194,0.9907838702201844,0.50996808241801,0.2975870503032499,-0.5880225745457472,0.9921520352363586,0.49452346199009883,0.3075664856642751,-0.5740365832186833,0.99323970079422,0.4877788915035465,0.2745370520892881,-0.5887356108044032,0.9929930567741394,0.5183639763665414,0.33119132628028763,-0.28406769815116145,0.9899939894676208,0.4409162790200405,0.28543833537277724,-0.4934297152989519,0.9942318201065063,0.5212132203280478,0.3812251790730368,-0.5077148679127521,0.9971845746040344,0.5066388985846613,0.36051572701567525,-0.5537860966818421,0.997953712940216,0.5390066620541596,0.5501841372174933,-0.1388213233140927,0.997215986251831,0.2365101372874902,0.4408375296454695,-0.4315924663098971,0.9985954761505128,0.47549817890456797,0.8425794298931901,-0.01764552811887434,0.3225338459014892,0.10134135411043714,0.7459138358907837,-0.412967236081393,0.6075199842453003,0.4563038844741805,1.084616712508543,-0.1511738722253912,0.0489506237208843,0.062087444550022235,1.0537019007294326,-0.5825347020375928,0.1278903931379318,0.45854743054135216,1.180435476349596,-0.22475698979219522,0.0395796000957489,0.013721565652943633,1.1141698378801792,-0.6757310152006757,0.1096921116113662,0.46471562753604717,1.194423273932743,-0.2693774217981263,0.0562936924397945,0.042477514311729796,1.1121428867263805,-0.7283011387820234,0.149749219417572,0.4152381915050113,1.117825199095789,-0.21732381418762067,0.055518239736557,0.07135224810758302,1.0945569123119472,-0.6230834383124261,0.1474078744649887,0.3616520223063175,1.041602847817769,0.024703624486213674,0.0168872401118278,0.1957816482572351,1.052291833913636,-0.0058413589335155995,0.016687860712409,0.302932876889427,1.546808312116972,0.1690988850096165,0.0017496537184342,0.18501168275543717,1.5091837968717712,0.023556770911903793,0.001065558171831,0.2792288372385608,1.9400111175414603,0.6555139558765801,0.0002052977943094,0.11333145004028256,1.9039851576862097,0.4100179730071857,0.0001051099970936,0.28740507856907976,2.0062620579211936,0.6544057461146804,0.0002044318534899,0.09220120734342128,1.973847243081535,0.45899810769104776,0.0003045844787266,0.24428843453392027,2.1079394712805906,0.3584708319487331,0.0003559093165677,0.13297955210699341,2.038399815719264,0.023632962232529746,0.0002047842135652
2025-11-11T0753.750534,54,0.5299510676940667,0.37600130112144,-0.548288100174551,0.9952264428138732,0.5368052890110135,0.3239836969445612,-0.5045684474632242,0.9914407134056092,0.5465523716844869,0.35900940451465313,-0.509634416615406,0.9920786023139954,0.5159807651022646,0.3490947012180385,-0.5021571936084661,0.9909877181053162,0.5092215091068594,0.30651257806982807,-0.529992730392768,0.992394745349884,0.5465151437731564,0.34346861335764856,-0.5295079972028238,0.9935067892074584,0.5031463861041033,0.2896134254711658,-0.5401062774314704,0.9932040572166444,0.4802549587685244,0.339148251848961,-0.24530175952315997,0.9898979663848876,0.48359651973928525,0.3204669703807653,-0.45738633591378103,0.9944041967391968,0.4831141368334313,0.38873813548693653,-0.45428402941255946,0.9971713423728944,0.47536335700659527,0.3730016203689064,-0.5120227345693942,0.99801903963089,0.5174122187688345,0.5540937149794177,-0.12496156249136278,0.9973236918449402,0.24903178255997355,0.47555774093454806,-0.3891309208264835,0.9987010955810548,0.4829459581207292,0.8675268703593825,0.004183868414433238,0.3213007152080536,0.1268974754092266,0.7723355920849714,-0.33626158596325667,0.6072261333465576,0.4628046000467579,1.0909287940021763,-0.23137924435361737,0.0472001209855079,0.07829422810220997,1.0298321681139058,-0.48768736008123803,0.1243915930390358,0.4927985647738546,1.1808028496655125,-0.2542811376733419,0.0383927896618843,0.03218449773415622,1.1169705518214545,-0.5322506673623686,0.1075896397233009,0.4676513808218201,1.1865655106590487,-0.3343245647059391,0.0544357225298881,0.07099055067894824,1.1199579680750085,-0.62587887957435,0.1465801745653152,0.4659180639696776,1.1542589775289693,-0.19578529146996024,0.0535832606256008,0.09764287733992,1.0895228702059396,-0.4851666370418271,0.1446418762207031,0.40066547666543545,1.0554216928432523,0.022398423670571977,0.0175207015126943,0.20883033530850084,1.0791055309447852,0.0015206815264724033,0.0173233114182949,0.331852255401612,1.5426648578911193,0.13297754463696687,0.0018743068212643,0.16980491740642964,1.480859177236801,0.03634935145413581,0.0011378233321011,0.29404589769793715,1.9362771087117299,0.6339944951595015,0.0002252800040878,0.12838063576558212,1.904908606678739,0.3681513037640388,0.0001128271032939,0.2964702285437728,2.012485114600907,0.6691671907557589,0.0002184107725042,0.09836622916074837,1.9534285730050414,0.43796376399871484,0.0003274243499618,0.27834178204575727,2.084326782361947,0.3171388403502168,0.0003878808347508,0.16366869629832495,2.001828581696627,-0.036977931814792135,0.0002081997663481
2025-11-11T0723.395458,55,0.5087311303320936,0.3472592263037115,-0.4077371607553138,0.9955142140388488,0.5159737423135093,0.3411206585806359,-0.40976432026097076,0.9918716549873352,0.5182742422479645,0.33207200488459904,-0.3623512096338778,0.9923617243766784,0.545317024220818,0.3531424074625177,-0.3707232506583683,0.9913660287857056,0.523758341423624,0.33507493935275,-0.42493169012847615,0.9929215908050536,0.5033187418435875,0.3061517308834436,-0.40518559967763806,0.9939489960670472,0.4942468071998887,0.34590779428625207,-0.43746409469111036,0.9937134981155396,0.5116543815815986,0.3854364172376746,-0.15659733521645397,0.9898067712783812,0.4790744996393933,0.3632293477889725,-0.3450493938821259,0.9947495460510254,0.4994690708359666,0.38729386752485656,-0.3479527593695207,0.99725079536438,0.466110160775773,0.3690943847584584,-0.3930444926253438,0.9981425404548644,0.5109874561634896,0.564258572494445,-0.044293584114290616,0.9973995089530944,0.23503230317905616,0.4769749278636309,-0.2858841464997176,0.9988112449645996,0.5151931870359279,0.8567578421884063,0.08702094757212313,0.316922128200531,0.15885658664351543,0.7849716237366803,-0.3206242587800061,0.6206058859825134,0.49834834337330786,0.9934434381364192,-0.031821290206893935,0.0472863316535949,0.12205901880010912,1.0381192858444381,-0.44538165812883923,0.1338666230440139,0.5081226289087877,1.0937283315287367,-0.03350158481942128,0.0381139107048511,0.07068514749536792,1.1673324127528897,-0.4752740451171617,0.1173864603042602,0.5217248371570693,1.0886722705282394,-0.07805917508293268,0.0536533035337924,0.09851010242951129,1.1383396458048938,-0.5561715666498659,0.1576433628797531,0.5191330663171118,1.0764697163936485,-0.04373985770245686,0.0530720129609108,0.11691072319002482,1.1333073880352016,-0.47702018546478203,0.1556232422590255,0.3986311511695494,1.0998254392886422,-0.007439656566586019,0.0162385813891887,0.2165499173899262,1.0368661476199268,-0.015319858196284772,0.0162024796009063,0.32911745914263096,1.5474327621357484,0.11322168807617734,0.0017997118411585,0.1597050498108866,1.5114683951758339,0.03249099128687862,0.0011493468191474,0.3300433505899693,1.9562952238207976,0.5380683989299136,0.0002168296923628,0.16981665972162985,1.92280311134927,0.3488982341824329,0.0001141088941949,0.3106681858189195,2.038910936289558,0.533376515338527,0.0002073384821414,0.140262197487749,1.9769521083339046,0.36674960605528234,0.0003327627782709,0.3261045610400781,2.113421796602792,0.21513241996604499,0.0003912922402378,0.1570239250084865,2.0573385075721924,-0.05806738398296293,0.0002171427913708
2025-11-11T0750.949975,56,0.481819161387927,0.40344909532913265,-0.4794589877530562,0.9959353804588318,0.527018569009776,0.3977471616687023,-0.433782425418987,0.9926124811172484,0.5072212402777514,0.3946471750720042,-0.4360010858850201,0.9930511116981506,0.5375465331849423,0.39185376114105847,-0.42594644261256603,0.992151141166687,0.5520841225667598,0.36873133072796016,-0.46524108824399846,0.9935743808746338,0.5207792666908925,0.36466199343815464,-0.4393847297996342,0.9945058822631836,0.5025414772994007,0.35354502265890025,-0.4539099318837619,0.9942916631698608,0.5242529351472284,0.41410424407964247,-0.17782994149027265,0.9906816482543944,0.4440684966084725,0.38316432110437504,-0.30063625344706324,0.9952098727226256,0.47409963982153686,0.4394441929433072,-0.3719928160576721,0.9974957704544068,0.46486859490212357,0.4317320439958898,-0.4188244572551064,0.9983080625534058,0.5177466111657972,0.6175386373132774,-0.08484369690740727,0.9976205825805664,0.2900446948380971,0.5852693916194883,-0.216982950293591,0.9989041686058044,0.5534564718765184,0.8962824596678451,0.03574214693999271,0.3362713456153869,0.18380556203071566,0.853314722306014,-0.15995099823310033,0.6166535019874573,0.5947679930879727,1.0887559692642013,-0.09044687708710099,0.0573523342609405,0.17607150420242534,1.1089330092775869,-0.319475640034934,0.1339013278484344,0.5815568509070355,1.1626340585464796,-0.14935944699008577,0.0473693422973156,0.16415397928814163,1.2107727472429561,-0.3680799108295141,0.1194119900465011,0.54317128102222,1.1675685320232543,-0.19709088451880646,0.067489854991436,0.20456703895414036,1.2402718212008241,-0.46977132284416556,0.1621502637863159,0.5421505689757856,1.1345585363546817,-0.1406060531451829,0.0644760280847549,0.22608008912337813,1.1965881957020876,-0.33528712703014074,0.1600794196128845,0.4724234137501335,1.1115221621719387,-0.02654627941634973,0.0149111300706863,0.27555030651029505,1.1443426055557584,0.023301613409072025,0.0149142397567629,0.4656865038060926,1.6281365256733427,-0.008259682674381097,0.0017491134349256,0.2794755216818402,1.6167572818840787,0.012256889224431678,0.0010843973141163,0.44266150750949534,2.052766741494307,0.39325295227759816,0.0002119175478583,0.2717182683776886,2.0148179550024525,0.3065142185942867,0.0001072250524885,0.44599945130982377,2.0918796967538085,0.4368005548013071,0.0001982071698876,0.25342370083081983,2.0407088161541087,0.3344061728421755,0.000313552445732,0.4423063014971398,2.162936628226086,0.03084411391899984,0.0003772970230784,0.2930650360104663,2.1200080140274657,-0.09101192040722576,0.0002078573452308
2025-11-11T0717.679554,57,0.5102214269857577,0.4829186873997569,-0.3620396744384984,0.99631530046463,0.5283773551381107,0.4848242411326917,-0.36400320584211165,0.9932806491851808,0.5693272558053591,0.4373652722987796,-0.30921200676249366,0.9936795830726624,0.5636961513647883,0.4501642594148732,-0.32330378413907185,0.9928696751594543,0.5113939024278489,0.44084466774039527,-0.3811258777378509,0.9941628575325012,0.5056307249952376,0.4423678035182732,-0.37444807000457325,0.9950045347213744,0.5064340883273004,0.43206374965211847,-0.40470724572550404,0.9948028326034546,0.5276341214251166,0.46998460501669864,-0.1521312529014941,0.9915231466293336,0.42997307009504443,0.4471583953073714,-0.3371233589467879,0.9956231117248536,0.5289271804104558,0.5481177256443432,-0.3066809880265702,0.997715175151825,0.503710052728966,0.4928937775710371,-0.3646021178828281,0.9984517097473145,0.5232951884205249,0.6998120713261763,-0.06778281038365397,0.997826099395752,0.3133216329305736,0.6823711065315279,-0.29731417013224404,0.9989710450172424,0.6509224881331981,0.9136381149428139,0.04984672912109744,0.3481014370918274,0.2072482909367955,0.9502072417392966,-0.22397727397437953,0.5945516228675842,0.6554503681814814,1.1537609005891676,-0.04185998002422077,0.0656264647841453,0.18986902500246847,1.1838665235516668,-0.36363293635181004,0.1326731443405151,0.6572008338547942,1.245667747660015,-0.0642601518592943,0.0558477118611335,0.20717182138397813,1.274729433677779,-0.44031161864488016,0.1223702654242515,0.6691171303828721,1.2855736480903073,-0.1206562282905086,0.0808579325675964,0.24688813753825078,1.2751424576928663,-0.524248852628105,0.1666496098041534,0.6376678631645937,1.2442265718608647,-0.07108551013878481,0.0765615031123161,0.2444165198937388,1.2594798839658827,-0.4369733566415275,0.163464143872261,0.5285882186408939,1.1891900076268451,-0.016691332778349454,0.0135811073705554,0.3197390998227755,1.2541313843738051,0.038302624099567535,0.0135837029665708,0.5155656584453366,1.661532758173899,0.028765641884258158,0.0016226442530751,0.3405716124815659,1.6908730087295134,0.01264776329679664,0.0010009140241891,0.5287709938769285,2.123433644268438,0.4187298262229477,0.0001943949464475,0.3479480216382263,2.110576870949408,0.24532053511851912,9.828266047406942e-05,0.5122973950398729,2.174096505091219,0.45848463715924703,0.0001815845607779,0.33969394656704227,2.1503458619211875,0.3047253175839524,0.0002852836332749,0.5247944801713972,2.237588054746725,0.1171754228646915,0.0003531686670612,0.3801209608256654,2.216592293398827,-0.13963775821678312,0.0001921508664963
2025-11-11T0737.588009,58,0.49759838272347096,0.6016954214523721,-0.5377924842115583,0.9965628385543824,0.5251836000786204,0.5698837223401013,-0.5149373733086611,0.9936853051185608,0.5376892446549275,0.5573402461694396,-0.5608405832754445,0.9940680265426636,0.5501005987950499,0.5741608359967754,-0.5090802185909667,0.9933447241783142,0.5235439450473915,0.5738627758226358,-0.515477999877451,0.9944523572921752,0.48545703456034156,0.5731781152766735,-0.4752244195244933,0.9952128529548644,0.4762054763348607,0.5655292383766812,-0.4789915031099775,0.995006263256073,0.5238892777452357,0.6007976135801084,-0.32463988510720854,0.9920471906661988,0.45129260566754326,0.5640121482826361,-0.24965947915991982,0.9956013560295104,0.5021416012144646,0.6126017563270603,-0.47422653823518096,0.9977810978889464,0.5085140939245227,0.6248299990276204,-0.3575632753492321,0.9983879327774048,0.6195076126154435,0.8027434806005632,-0.2318466444540617,0.9977570176124572,0.3779115349225221,0.8253368854950435,-0.1138140238848889,0.9985800981521606,0.6862549564746573,1.0293512580786792,-0.2946260097167708,0.3306440412998199,0.3012716085809373,1.0254217582078862,-0.12326268790046101,0.5469741225242615,0.666008648876905,1.3012089806928997,-0.5394978728524731,0.0653550326824188,0.28381333724481644,1.1875224247776508,-0.5481577649262638,0.130254253745079,0.6802801784463356,1.3651059749807264,-0.5955048295605714,0.0596738867461681,0.2750101699912094,1.25430404022702,-0.6330825004315142,0.1258758306503296,0.6610669650462269,1.3768123262554295,-0.6356833018980188,0.088242620229721,0.3108018257495842,1.253117218672354,-0.6896016546521051,0.1746460348367691,0.638904789929805,1.3265436983339596,-0.5505329768876677,0.0833841189742088,0.29558886482751545,1.228360647908478,-0.5889710936402468,0.171810895204544,0.5886649075622098,1.3268893313133112,-0.07920328008058845,0.012258700095117,0.394018357204921,1.351623793425967,0.0445109708911995,0.0122738936915993,0.5769468336497217,1.7925820044199787,-0.13643990668838862,0.0014814478345215,0.37841153431979274,1.802366216885862,0.033924164372011484,0.0009063571342267,0.6170381329101335,2.23789698016573,0.2988431450684893,0.0001758762373356,0.4294849744174624,2.1903069638915693,0.30226766299884505,8.857111242832616e-05,0.6110203009343569,2.2757449067427555,0.30173493926816985,0.0001643742871237,0.4296268548904376,2.2602096003585466,0.32122691681766813,0.0002571617078501,0.5501939751703517,2.3264865619477573,-0.07681425398343338,0.0003186756803188,0.4436114760752301,2.337853475497301,-0.11058876322344076,0.000173494714545
2025-11-11T0759.721631,59,0.529749608082257,0.7211493543440675,-0.6350479016081516,0.9957349896430968,0.5425182178573204,0.6738038771123659,-0.5995304060257791,0.992783784866333,0.551010362519769,0.6396513251207657,-0.6315429161463898,0.993098258972168,0.5814412715930078,0.6805943005100795,-0.5979220168224975,0.9927937388420104,0.5350708758132059,0.6782908214126863,-0.6083407431156781,0.9931418895721436,0.5022584703174766,0.6751817853381166,-0.5957633073020348,0.9935179948806764,0.5261854069925902,0.6988980401719146,-0.5931250105072617,0.99349182844162,0.5868934434262856,0.698252122806113,-0.38039554050303875,0.991391897201538,0.5118898662478978,0.7062979809291323,-0.25175816770284587,0.9930943250656128,0.594209633317692,0.7445008970970107,-0.5767163488636625,0.9973561763763428,0.5135139583107702,0.7589474551677278,-0.4926738613068359,0.9974204301834106,0.7104325535093061,0.8726453765794595,-0.2612628670845338,0.9970240592956544,0.4684195147918541,0.9280229312312019,-0.052385801025059325,0.995836615562439,0.7699241068607975,1.112069475565951,-0.3520387320610539,0.3293206989765167,0.402277414020182,1.1149103258954705,0.02641284794653866,0.5090218782424927,0.7589822235860838,1.3034674291247208,-0.6477786552182005,0.0649403110146522,0.4350683372774605,1.2523709733693704,-0.33626775745081383,0.1230130121111869,0.8026410856061323,1.3720951064620361,-0.7604429747978318,0.0620672665536403,0.41984812721694825,1.2718440609437809,-0.42226641236871587,0.119758740067482,0.7395157563577751,1.3596149787524516,-0.7831794949835702,0.0923446789383888,0.39514691078079656,1.2539069166968302,-0.5054096952430559,0.1674076616764068,0.7356373358889897,1.3299888816777523,-0.6951928829998864,0.0863821730017662,0.39889763749159796,1.2751782821296636,-0.3793893107996531,0.1650248765945434,0.6730168357223294,1.4035743417844142,-0.09840561757512307,0.0111215431243181,0.5039729843040139,1.4231608243746945,0.09984034803509986,0.0111267119646072,0.6855091093764026,1.8626838830891568,-0.27874711540385244,0.0016328275669366,0.5218696884204336,1.839363001661736,-0.058282785544168304,0.0009880264988169,0.6992999994227541,2.2854334891141934,0.06520633556596177,0.0001907002879306,0.5531122963570411,2.262043694392418,0.10689417324896602,8.734253788134083e-05,0.7409703532059457,2.3541670316560617,0.08368977055347068,0.0001690460485406,0.5633298539737089,2.333441769917429,0.10404591177511692,0.0002597888815216,0.6818689302006793,2.414090265825567,-0.3675709693172679,0.0002999557473231,0.5494559018686263,2.390689422680063,-0.3673955190693573,0.0001761839666869
2025-11-11T0752.742247,60,0.6117314580950176,0.7741545187639236,-0.4952028366744844,0.9957229495048524,0.5685372874232265,0.7443488936587356,-0.5106709134088673,0.9929200410842896,0.6126121913276867,0.7524365862423305,-0.5349539241043021,0.993261218070984,0.6273255983105184,0.7397856855464318,-0.5122052222345087,0.9930416345596312,0.546856386721404,0.7684041841381001,-0.44300044632098307,0.99300616979599,0.5850011472171591,0.7616653139402724,-0.43141220665456065,0.993237316608429,0.5779952874699278,0.730034400541226,-0.4490129049599132,0.9931868314743042,0.6331820634845537,0.7282763642884658,-0.4008299949058167,0.9917823076248168,0.5532742844360784,0.7748919849255241,-0.14494937538302713,0.9925912618637084,0.6122147840092085,0.8123055559803899,-0.4741131819222067,0.9973378777503968,0.6092188908324623,0.8212876235182253,-0.3409093103967869,0.997018039226532,0.7881549356223426,0.9169164934645101,-0.35039892818428814,0.9970207810401917,0.5567423765249668,0.921850795435799,0.005557876916299626,0.995817244052887,0.825835517028136,1.1478167483633508,-0.43979808226294925,0.3381860256195068,0.4869553462994935,1.1444037849066038,0.201840326649278,0.4806094765663147,0.7815166523958108,1.3925269180512416,-0.6518918425085871,0.0702548027038574,0.45446108275257924,1.365634638238313,0.0015354388386510532,0.1166321337223053,0.8491959186246675,1.4588952971324884,-0.7109216212009956,0.0698264688253402,0.4601232967498902,1.402088329576353,-0.03685551136859501,0.1151308268308639,0.8170761901006028,1.4676688196142995,-0.7257172405185935,0.1033238843083381,0.4694316516556972,1.4086736148245067,-0.10514767467873916,0.1627212315797805,0.7998492226254109,1.4704520307070323,-0.6807978428655761,0.0964190885424614,0.51233986488424,1.400064795392508,-0.014964885640602752,0.1613625437021255,0.7581585277605614,1.4389803633485183,-0.12823589846653707,0.0101681416854262,0.5847282145640615,1.3962410209479095,0.1455758300748203,0.0101941460743546,0.7264073525994623,1.8803473203344916,-0.2793637493382501,0.0015210659475997,0.6133489209483608,1.8054502301628492,0.03656184523129633,0.0009229411953128,0.7510890436148405,2.27278508827888,0.06662080711104201,0.0001822742488002,0.5808893080067957,2.247198642047255,0.19916111709184087,7.974455365911126e-05,0.7731661930528348,2.323683256553485,0.08228027470947424,0.0001629559410503,0.6011031078491768,2.3024401130176337,0.2273886221775616,0.0002421257086098,0.7079475141514525,2.353709076117699,-0.33927064887933717,0.0002761303039733,0.6034756724368061,2.3624540690298828,-0.2163912419738682,0.0001631806517252
2025-11-11T0798.757252,61,0.678739522403941,0.808556741685425,-0.4846771450330236,0.99379301071167,0.6706931790951464,0.7719501182525293,-0.5141618174469211,0.990824818611145,0.6607962672273312,0.7357655192695288,-0.4956624901326542,0.9908433556556702,0.6734096843409694,0.7319006096496686,-0.5288302679100649,0.9910792112350464,0.6597166936656504,0.7690651900760301,-0.4429374880842964,0.9903620481491088,0.6603196730343305,0.7636108452041697,-0.4498603934123147,0.989996075630188,0.6515975267523204,0.7705073057020857,-0.468537922631126,0.9904566407203674,0.6831823773096345,0.7516208266912877,-0.37987411974294283,0.9901143908500672,0.6514284074965648,0.7877633692196954,-0.1532909247783851,0.9890184998512268,0.6754635860601613,0.8161940415859124,-0.4419348387216577,0.9951270818710328,0.6603183403016243,0.8287885848296999,-0.3868682433285735,0.9935583472251892,0.8183980918083048,0.929143760813455,-0.291929448581713,0.9913527369499208,0.6038487314540483,0.942778401019167,-0.015022366461494713,0.9871901273727416,0.8865934800946371,1.1139864769963446,-0.4157304216337318,0.3303901851177215,0.5267861777676774,1.117645511970891,-0.005779899675320728,0.4483539462089538,0.8367737384182193,1.1631673793857165,-0.6746004354186216,0.0719918087124824,0.518908540910328,1.2159076021570527,-0.29496925934943874,0.1143415197730064,0.833441389956847,1.176684769182838,-0.7463126027588644,0.0749997273087501,0.5743591481792844,1.2164699187195895,-0.3982220094360719,0.1155999451875686,0.842349339372443,1.150257747125605,-0.7792973168214701,0.1086886152625083,0.5527010637737867,1.1909097249608098,-0.4095770966485214,0.1632217913866043,0.8420981524709849,1.157224867798667,-0.6684578288792064,0.0999445095658302,0.5464799102742312,1.1833791722308986,-0.3412079397247639,0.1616002172231674,0.8041284453442097,1.4338074206183915,-0.11037359036405447,0.009294182062149,0.6592417418119726,1.4214309338574898,0.14085368011874258,0.0093122795224189,0.7705931060926651,1.8393802332995681,-0.2787756162511866,0.0018421119311824,0.6375596457894942,1.8196720002978384,0.056564267950175405,0.0010850551771,0.8223001669967073,2.229138961881507,0.022877038086300896,0.0001944730029208,0.6646125741208152,2.187960603523159,0.17153239606432205,9.790903277462348e-05,0.8277168114566175,2.2858505839761345,0.05260913941097392,0.0001642362185521,0.6826856095816235,2.2657699676368486,0.15404486139838494,0.0002693030692171,0.7932603322052274,2.3111734713575993,-0.36274876283953605,0.0002863747067749,0.645194275868766,2.301186031049851,-0.19699723584398174,0.0002220927854068
2025-11-11T0784.989947,62,0.7018400385971426,0.8311433127863483,-0.7115583721508013,0.9895854592323304,0.7228366387708697,0.8071223282542415,-0.6887031375159591,0.9856671094894408,0.7448212805523683,0.7665908875223538,-0.6837562796688882,0.9866630434989928,0.7162858756452678,0.783575170306695,-0.7010180316048357,0.9874905943870544,0.7136884420700466,0.8107871777670482,-0.6691411771160305,0.9845849275588988,0.6787028134262099,0.791554612133358,-0.6808037871737018,0.98416930437088,0.7072403068707813,0.8134845300708907,-0.6809082544274403,0.9848611950874328,0.7589250383541983,0.839160055150526,-0.5304940509531055,0.9862854480743408,0.6953452757226894,0.8053810785383575,-0.38895469924873505,0.9813492894172668,0.7203903127363134,0.8834592223868771,-0.6539881468070471,0.9883705377578736,0.6913266187410171,0.8339635763425755,-0.5931940455812207,0.984737753868103,0.867468752079191,0.9774227780246294,-0.35400512721630484,0.9811533093452454,0.6235754127712679,0.9676846377520377,-0.10945399317454663,0.9777399897575378,0.9234568146634377,1.093818810527546,-0.5186289629441072,0.3295651078224182,0.5891594374884589,1.1473806162976148,-0.1020606681817568,0.4345442056655884,0.8944434992880476,1.1588659775505123,-0.9104608437883862,0.07630505412817,0.5360436786939143,1.183883506101953,-0.4396276782548883,0.116221085190773,0.8960029061874659,1.1847184809296065,-1.0300337354989693,0.0836820974946022,0.6000597390012608,1.2002561726973793,-0.5162105562343762,0.1213384270668029,0.8923733115769773,1.183806000142268,-1.0374075796040736,0.1183858439326286,0.5412469353371145,1.0857217065148825,-0.5377526947322242,0.1701669692993164,0.8707789256756233,1.1366683142729137,-0.9770053187520347,0.1077715158462524,0.5863379562675045,1.1429961834181663,-0.46986370434948826,0.1659613102674484,0.8051526765165491,1.4502987643831866,-0.11289783852888728,0.0087345847859978,0.6390331293941266,1.4283055901395783,0.13269730172809896,0.0087337996810674,0.8160823258790874,1.7743084409845056,-0.3076202225641885,0.0024807439185678,0.6233245462677413,1.8112284035437032,-0.09764876243692586,0.0018577855080366,0.8159521429577395,2.1296642124273166,0.00734851429852557,0.0002932971692644,0.6724506703480841,2.149387604999271,-0.010191652907318114,0.0002179745206376,0.814841301155877,2.174825755772464,0.025559075691105108,0.0002697963500395,0.6928584040779278,2.1891572290642163,-0.015305947496691823,0.0004638649115804,0.8244195484700342,2.2225533493693397,-0.3405215901998508,0.0004695670504588,0.6802531726860225,2.2241984081605723,-0.3385051088326249,0.0005687893717549
2025-11-11T0750.566405,63,0.7381839522127924,0.8652984626827992,-0.243482968313084,0.9903485178947448,0.7701224427074004,0.8241760112170726,-0.23412114069112777,0.9867826104164124,0.7435713448395886,0.8180807848033308,-0.23014420433924415,0.9877291321754456,0.7619631961394835,0.8045762349867821,-0.24309683506654148,0.9884366393089294,0.7491116807947495,0.8256565511236383,-0.2692630871991739,0.9858408570289612,0.7536479900970345,0.8428790462016231,-0.22742187843500056,0.9854633808135986,0.7416863069126657,0.8095398028653173,-0.23363414141989852,0.986019492149353,0.7511852748850335,0.8468810665717788,-0.28983618783725984,0.9873924851417542,0.7778303218652107,0.8199012967811709,-0.2946352653533963,0.982918918132782,0.7359237534549333,0.8726680283549052,-0.19402304529928943,0.9890062212944032,0.7280575030459747,0.8624752317078777,-0.24224235110632877,0.9855965375900269,0.7623249497190622,0.9905020309844339,-0.2253510652021107,0.9760084748268129,0.7065042671335753,0.9774224144253733,-0.21237689754774683,0.9703063368797302,0.8210436571613453,1.085304102378458,-0.32599928768000797,0.3164926767349243,0.7665481829598515,1.0919388901009597,-0.39780203863544117,0.4022105634212494,0.8321816810937176,1.0402745498040402,-0.4475588267019663,0.0854998677968978,0.7599040594720149,1.0086250684611966,-0.6034923326190113,0.1147563233971595,0.842669245220437,1.0632903301692385,-0.5069371097126814,0.0994344428181648,0.8268741294008932,1.0273567656853346,-0.6744986745884415,0.1267563700675964,0.8308866286635049,1.0568299883140033,-0.5235546016894359,0.134124681353569,0.7981084588216004,0.9790456528747645,-0.685517914146739,0.1726864427328109,0.8326584493046097,1.0247652256205986,-0.41605267708584925,0.122858241200447,0.7983902248447179,1.015763420428406,-0.6124952731380814,0.1663632094860077,0.7640608756753896,1.4268958245291308,-0.0536031516849547,0.0082106404006481,0.7345462162815756,1.4251250303297853,0.04977132844245828,0.0081122806295752,0.7857034330644102,1.2783717102187289,-0.2838503137007353,0.0060277106240391,0.7376350927475142,1.3126263097421509,-0.06899536374324045,0.0047953468747437,0.7744092833854235,1.5424340923196822,0.10751811559841869,0.0019473007414489,0.7815773317525782,1.5049023118965386,0.12705905524542913,0.0010856207227334,0.8036924121076395,1.5946570132787434,0.13103637987196246,0.0021975489798933,0.7741545672027437,1.5578981212475425,0.13033236520719432,0.0015882527222856,0.8022239802429236,1.4880369553079058,-0.046595797347110536,0.0034820539876818,0.7697372986930863,1.5081798626089753,0.009548258116550447,0.0022648335434496
2025-11-11T0714.933069,64,0.7721426518469467,0.8407977690272816,0.20920998972903,0.9900802969932556,0.7664799848091293,0.8411711844866607,0.13404168329830374,0.9868263602256776,0.7735447692740459,0.8258066380971024,0.13130759217177682,0.9875925183296204,0.784458849230288,0.8071214953581592,0.13610353788367946,0.9880820512771606,0.8187863281278506,0.8552565512452283,0.1431424872700722,0.986186385154724,0.8155887474339031,0.8405012190854022,0.1347746046529289,0.9858942031860352,0.8102382000183749,0.8333391412608699,0.12502108533468095,0.986418068408966,0.7629400929145524,0.8587390057687918,-0.10759274339036728,0.9868863224983216,0.7909725834684824,0.8475290630741579,-0.05017370731414454,0.9838123917579652,0.7752517526112229,0.9003552745077608,0.12766731342236742,0.9877108335494996,0.7717728045743159,0.858669719677277,0.15740504498187546,0.9852209687232972,0.720897981533582,0.9612013128495653,-0.1528771745500894,0.9654535055160522,0.8327769263581987,0.9512170947911108,-0.10552446995916791,0.9671871066093444,0.7249542037868184,1.0848373909195717,-0.07312956621493825,0.3051756620407104,0.8220563104017161,1.0307504478384097,-0.03277441972794409,0.3799289762973785,0.6982434770898373,0.9793420317070668,0.13866482711483874,0.0870242044329643,0.757997498529648,0.9459848806373865,0.09809326041788703,0.1191066205501556,0.7122527088422047,0.9605030983434184,0.12132698824085322,0.1026674658060073,0.7809745863707482,0.9458838057091021,0.10660033880669734,0.1356157958507537,0.709505605239997,0.9698893085386127,0.069916466994961,0.1351488381624221,0.757776737832356,0.9295586126797452,0.05732402144328133,0.1787184774875641,0.7412356701713202,0.9625522659430388,0.13741322884915202,0.1241421177983284,0.7471179359927201,0.944399374669544,0.13006255385982232,0.1712696105241775,0.7323935288575659,1.4333400264902394,-0.07083970233200577,0.0078619476407766,0.7896922181120832,1.4023253119829744,0.07585994646031537,0.0076651535928249,0.7582740960863271,1.1324629092571585,-0.19320491888387353,0.0138805070891976,0.7782507688037996,1.1219079863046544,0.14923968823407832,0.0062087839469313,0.7380103977357814,1.2429996601174078,0.15679749701297654,0.0046244719997048,0.7698242143860091,1.178866801594648,0.3286063182276199,0.0021778452210128,0.722687916565204,1.2668627395154204,0.15126162480021815,0.0051018502563238,0.7796889079019733,1.1907084803546,0.33911229668977555,0.0039530070498585,0.7062945282011805,1.1651894142794341,0.12117154132852874,0.0066710929386317,0.7509455068254198,1.1119661939658898,0.3230872401838484,0.0045849243178963
2025-11-11T0721.453764,65,0.8081112264749332,0.8614532629087429,0.16505495870811157,0.9905965328216552,0.7664745713635291,0.8375199405832944,0.13320317217328762,0.9876448512077332,0.8284306911796514,0.8588612287954327,0.13544156351419387,0.9883441925048828,0.7972251582261293,0.8610766903209108,0.15560682423520408,0.9887501001358032,0.797718116410285,0.8540146398048819,0.11793696071529604,0.987177848815918,0.8546101555887968,0.8271519056377407,0.11669584207796341,0.9869177341461182,0.8130331037625458,0.8334898896151502,0.11139712348086421,0.9873626828193665,0.7932435389458092,0.850494719435901,-0.0024215038955562734,0.9877521991729736,0.8128953862220385,0.8715965714168924,-0.04289686115694434,0.9851887822151184,0.7920142671229106,0.8755041373266654,0.10286325873585633,0.98810875415802,0.7943300588454808,0.8661143281414282,0.14458552385324736,0.9859824180603028,0.7255661219804004,0.9284445341689793,-0.06674616046794071,0.9639880657196044,0.8073454742307486,0.9664467632275893,-0.12506775344045512,0.9675247073173524,0.6682311087366491,1.0373556710922873,0.0441530046112101,0.2980923354625702,0.7842378372790951,1.026503512222174,-0.04167263179107778,0.3569115698337555,0.7029905334534458,1.0027115737527768,0.20582597319607412,0.0916072949767112,0.7341611210671882,0.9490432625570915,0.16774168808250514,0.1250802427530288,0.6809233116791916,0.9803823270974839,0.21934576985618778,0.1104404404759407,0.7086284882236268,0.9874667907749554,0.18254296070179551,0.1482755094766616,0.697481331282955,0.9660350025216227,0.2053100747328837,0.1419046819210052,0.7399330768921883,0.9456591762105423,0.13432522890111842,0.1896807700395584,0.7322762163505265,0.9575268550229636,0.21859634472677844,0.1307196766138076,0.7218474173775333,0.9584967914542516,0.14399410049541378,0.1804010421037674,0.7163332476845505,1.4306219488736738,-0.053051245125425035,0.0081585366278886,0.774217141551272,1.41927105298568,0.07137937917268286,0.0080822566524147,0.7401393607356526,1.2775237607372019,-0.10895511758380849,0.0179411061108112,0.7355181349233995,1.2397341522828527,0.11200645477293623,0.0088041415438056,0.7277271475912976,1.4823996807493174,0.16543617014104364,0.0054824231192469,0.7480264288740791,1.4696407221225296,0.31730243354413185,0.0027545562479645,0.7400979765446045,1.5534682835785831,0.17754315491881917,0.0063670952804386,0.7403401198170197,1.5087405933774252,0.2987684401527252,0.0049539697356522,0.734655264538217,1.4723038025495994,0.1423263497258451,0.0079236393794417,0.7293746652444725,1.434087085939589,0.1885081670737101,0.0057124691084027
2025-11-11T0795.649305,66,0.7710508606565235,0.864800434459051,0.2003270654734047,0.9906641840934752,0.8373049475895059,0.8748053007870347,0.14505521784406403,0.9879913330078124,0.7976787431527046,0.8724321235466379,0.12746139774074075,0.9886085987091064,0.7916716766739581,0.8772923545974718,0.17236673047819046,0.9888636469841005,0.8364452477039913,0.8739849675631087,0.1234828525760559,0.9876693487167358,0.7965749668768619,0.8674541292407815,0.15990037571762133,0.987484872341156,0.8256008741676406,0.8553854736586682,0.16087234724417443,0.9878851771354676,0.7675003439776636,0.8540516440698256,-0.019215043219623452,0.9878760576248168,0.8065613695348441,0.8677192926755392,-0.09046791792802288,0.9861240386962892,0.7807585507679238,0.8877451524690587,0.16181782926081953,0.9876348972320556,0.8043264021484615,0.9108493137818185,0.13362609617134794,0.9860954284667968,0.6982604552013402,0.9626084023400752,-0.11093091597713262,0.9526388049125672,0.7989219290781875,0.9580024215574432,-0.09734935365676198,0.9640377163887024,0.6811825770712151,1.0256501347752245,0.11585277360918164,0.2816895246505737,0.783559347119369,1.0088844972507232,-0.014347454398351946,0.3364546000957489,0.657680698709039,0.9556530825661967,0.30843414998691326,0.0897982567548751,0.7621490871895575,0.9068153652452542,0.30730021516816014,0.1277478039264679,0.6994834409089011,0.9451692206590442,0.30661966175280053,0.1103440001606941,0.7533409429931938,0.9284339100033354,0.31746435123475975,0.1561640352010727,0.7279139696913353,0.9468839730163345,0.30817724499558796,0.1402487754821777,0.7362544727697402,0.9131589119072819,0.29679706448996074,0.1961606442928314,0.699877123516899,0.9859369326350235,0.3400949332328915,0.1298041939735412,0.7586164605024955,0.8973260918015998,0.28652262107730614,0.1856293529272079,0.75012286847477,1.4208450585514112,-0.04660795309719063,0.0077827787026762,0.7871382751653466,1.4320219456384224,0.07958744895960307,0.0077146645635366,0.724737299912169,1.2040441495138994,-0.09668808967947368,0.0208852626383304,0.7675689289499626,1.1954903691976657,0.13243648340814856,0.009553694166243,0.7130514114048216,1.3464710888037472,0.23178858930958546,0.0064728278666734,0.7725333719663698,1.267679041388273,0.32649168586367905,0.0032195593230426,0.7324142087095568,1.346557843571454,0.23390599296925657,0.0075705233030021,0.7525504418242815,1.328923003957857,0.34076186190990415,0.0057097747921943,0.7415082470661124,1.2893221634149834,0.16261798123748802,0.0093349535018205,0.7895988019156642,1.2480071691172017,0.28054869806091565,0.0068212826736271
2025-11-11T0736.246962,67,0.824369637950815,0.9096050692636468,0.14377147153727804,0.9908880591392516,0.8246832456776824,0.8651114288776325,0.07797025019807281,0.9883564710617064,0.7997209166743463,0.8816595147122446,0.08315934305267461,0.9888615608215332,0.7985263102357824,0.8544048347412151,0.09345929681859545,0.9890155792236328,0.8439301497636331,0.8634854720371434,0.08314462607643151,0.988223433494568,0.8225447306250464,0.8736310986320183,0.05725085177381975,0.9880666732788086,0.8450864645879173,0.8478140774780807,0.07865169387665695,0.9884175658226012,0.787242168972701,0.8743371846812902,-0.04663866342936149,0.9879573583602904,0.79609207162381,0.8778232296593389,-0.13335421106211723,0.9869261384010316,0.7846222207037775,0.9240257968999931,0.11010658719739248,0.987198293209076,0.81689983477824,0.9158491676494723,0.06226136640940831,0.986238658428192,0.7202000008681438,0.9749364232778964,-0.09700723201089477,0.9450576901435852,0.801787136671279,0.9667954011466539,-0.13771928264936378,0.9592660069465636,0.6997725292403868,1.0356714779199963,0.011747349628915358,0.276272565126419,0.8179253462303904,0.9959442681368984,-0.06145584581184403,0.3253026604652405,0.7300562250872977,0.9921014994430484,0.15347637469717723,0.0941617786884307,0.8301994429570084,0.9340287400988171,0.08169840355007507,0.1327185183763504,0.6956572909017922,0.988551838690095,0.14183664919201674,0.1157112345099449,0.8316936056873013,0.9243718110611996,0.09458926852216837,0.1640182584524154,0.7044897159771576,0.9615361317599388,0.1319988945315309,0.1447690576314926,0.8088281459352823,0.9372491999769877,0.09376122285461753,0.2025067657232284,0.7017857336666034,0.9997496051878327,0.15552906584842982,0.13384310901165,0.8076912897674117,0.9406548051059509,0.1075295156385916,0.18977952003479,0.7437634330101089,1.4396612284675483,-0.03405379157719947,0.0073476210236549,0.7804030271171074,1.4081132623698662,0.05672036500906495,0.0072331419214606,0.7930354454076673,1.1311480588690088,-0.04339097497970608,0.0227939970791339,0.7930049181548957,1.1520731308999494,0.11078054529678662,0.0098766889423131,0.7572458348970518,1.2459898861767909,0.22793862798573197,0.0068462234921753,0.7555539792825284,1.1982168851690274,0.30293935351686985,0.0035607304889708,0.735058271167275,1.2769099581119725,0.24486216597693225,0.0079925525933504,0.7667648711087987,1.2308860865769338,0.32886118938096537,0.0061849984340369,0.7579325848587594,1.20840222046302,0.18582370950234278,0.0101675586774945,0.7837500548877174,1.1423076063906514,0.24109845251476975,0.007789734750986
2025-11-11T0744.313636,68,0.8532053159598281,0.9276494895965093,-0.4010240979686583,0.9916820526123048,0.8372224322064369,0.9252733359482788,-0.45080008904983804,0.9893494844436646,0.841233602900751,0.902994961105327,-0.41832990507131884,0.989814817905426,0.8375205073640555,0.900511810943538,-0.4300579419345581,0.9899340867996216,0.8329043962079133,0.8876392756704994,-0.47001764763037657,0.9892261624336244,0.8282187201634462,0.9066135676638688,-0.44528389874009205,0.9890815019607544,0.8232751905158314,0.9104463349225399,-0.44514119933107177,0.9893691539764404,0.8061629218784856,0.8992925144328527,-0.3235448624486695,0.9889644384384156,0.8119683126014817,0.8898043609118852,-0.43255168377528935,0.9880608320236206,0.829765879230242,0.9134421300022495,-0.34287550338923756,0.988064706325531,0.812474815388455,0.9450652862780389,-0.38918118157613235,0.9872098565101624,0.8025928081232203,0.9986451330025407,-0.22751138502834498,0.9456892609596252,0.7659752896116383,0.9839853428595544,-0.2615920836100633,0.9550528526306152,0.8320176252123258,1.061808065666716,-0.014068054087773176,0.2725068926811218,0.7444789103159879,1.0012294133369823,-0.23895168510692197,0.3128602802753448,0.8355073153619647,1.0200139843037603,0.04393711583938231,0.1109362617135047,0.7678186582911274,0.9866681576516054,-0.19920610601852606,0.1336800307035446,0.8643575011840073,1.0095762765190424,0.10401466447539737,0.1342849433422088,0.7624172817217453,0.9478119484347852,-0.20084525652126162,0.1666569262742996,0.8210976366563638,0.9818363104010754,0.12035707312811866,0.1643707156181335,0.771389294287321,0.9683054283521304,-0.2015529448173093,0.2038311809301376,0.8679974974168285,0.9902551141507742,0.0280652620897802,0.1529304683208465,0.7591920011003157,0.943742803370739,-0.20229610001088769,0.1914967745542526,0.7694428548009662,1.3989479663376008,-0.06747094864863631,0.0069795614108443,0.7190971095883433,1.4176938815234672,0.03441065137013871,0.0067618791945278,0.8276275440727844,1.2059678073311126,-0.131710425032698,0.0247865002602338,0.753971243158699,1.2190257235875892,0.0006984532695486819,0.0108540439978241,0.7506613300389957,1.3420874502586329,0.16459257285657336,0.0071814144030213,0.7264875544585119,1.262566339141655,0.2309037945748708,0.0036479902919381,0.7513122233634809,1.333766197171419,0.18318688931074606,0.0083166295662522,0.7228832443703805,1.3113590286683787,0.2293867737886273,0.0062208175659179,0.7148697389721418,1.297784722721112,0.18961604616954772,0.011403570882976,0.7385346671369936,1.253635809272278,0.19397626481427854,0.0082616144791245
2025-11-11T0717.720980,69,0.8338907782352001,0.9372660436635951,-0.4546628327270337,0.9920677542686462,0.7992606677574196,0.8999330670689476,-0.4912054602772226,0.989815890789032,0.8670226883253838,0.8937250401494197,-0.49775704716743413,0.9902608394622804,0.8268819933073035,0.8877646474040931,-0.4780680750135093,0.9903043508529664,0.8272986503036001,0.8901861935196262,-0.48834555345602493,0.9896972179412842,0.8159171638509563,0.8709075420927456,-0.4839590072424137,0.9895920753479004,0.8273701381551598,0.9040306869319148,-0.47712492880561846,0.9897865056991576,0.7990720891626988,0.914128973315664,-0.44264932089774933,0.9893032908439636,0.8313300638286166,0.8903558036144633,-0.4726445117202321,0.9887208938598632,0.8197291611993281,0.9371529825429871,-0.44453740817384046,0.9878259897232056,0.8358426608426974,0.9290205243487385,-0.4463453603605045,0.9871761798858644,0.8248827852204155,1.021373569538459,-0.342386901900569,0.937857449054718,0.7514564038757269,0.9699782890013577,-0.32573668504459685,0.9430908560752868,0.879409779105851,1.0539540985835876,-0.141803729213203,0.2636545896530151,0.7379632542203712,1.0236663292452797,-0.23687415263177913,0.2970719039440155,0.8592395373321039,1.0125191104936322,-0.09240810620161168,0.1130465343594551,0.7737822398042447,0.9613581786782249,-0.1361054075942569,0.1302832961082458,0.8553840061932456,1.0035714140154466,-0.02822644071490996,0.1364573687314987,0.7890649494841145,0.9530686450333503,-0.11910052604829323,0.1637288182973861,0.8406389615058423,0.9666107231213056,-0.019274148368100173,0.165879338979721,0.7781655401846734,0.9518886059894099,-0.13795669118359816,0.1993616074323654,0.8400976728970315,1.0107578674233424,-0.08084887488224829,0.1552831828594207,0.752340456438256,0.9593825668316532,-0.14085152229920603,0.1877328753471374,0.7861658240651553,1.3984426883975623,-0.041831837997773166,0.0064943195320665,0.7532278776478369,1.3839148078237185,0.052739817596481706,0.0062453555874526,0.8265893658814266,1.193375690021705,-0.13142239359105165,0.0268610510975122,0.7364992766340369,1.15293823099807,0.011421175280875653,0.0116551192477345,0.7587801189971226,1.2392063095555967,0.14681789237257223,0.0076821572147309,0.7296991939105296,1.189035087386057,0.258350225371128,0.003934861626476,0.7571279984912956,1.2809955062849705,0.17560606157625172,0.0085967313498258,0.7332189395140589,1.1930492389653393,0.27851751119548473,0.0064704637043178,0.7249370256025475,1.2073953501551562,0.08984308990723976,0.0126089630648493,0.7261069665006689,1.1468446927647773,0.17959535120498227,0.0091490419581532
2025-11-11T0786.601570,70,0.8212172924988795,0.9115223966531599,-0.42446496947088086,0.9926522970199584,0.8218487703329159,0.908218681353492,-0.46156636109342597,0.9905542731285096,0.8460512373706498,0.8979833739745753,-0.44228157004492014,0.9909815788269044,0.8605278846401264,0.9110842876941576,-0.4482957426072463,0.990971863269806,0.8314314288020118,0.8811980346841481,-0.46196456114769757,0.990448832511902,0.8044021978035264,0.9027510836396315,-0.4623110847710651,0.9903733730316162,0.8136043967155467,0.8927856493712045,-0.42631010944600545,0.9905067086219788,0.8366225819009157,0.9187484700276503,-0.3189433070630906,0.9900356531143188,0.8258145013510435,0.9129191220289912,-0.4030092954949624,0.9896047115325928,0.8158432018285844,0.9455651410461862,-0.3575179143641715,0.988199770450592,0.8305240153835475,0.8947102022664322,-0.41820556230533534,0.9876767992973328,0.8222077160366797,1.0039259074991302,-0.2520518580820221,0.92908376455307,0.721502845173947,0.9758094016252864,-0.28310309703583686,0.9304105639457704,0.8300473873696632,1.0674616449262126,-0.08285530078227778,0.25150927901268,0.7303863199373711,0.9970951078643652,-0.2636599217798401,0.279507577419281,0.8420303727655741,1.035398187247807,-0.08194512657637572,0.1154239401221275,0.7662751945947422,0.9678149559797448,-0.2303482475216972,0.1262042969465255,0.8537337021230648,1.0170310584701105,-0.0786554000011007,0.1411205232143402,0.7495251102855126,0.9347318446019418,-0.264303206934165,0.1616877764463424,0.8764727836943526,0.9708006555111919,-0.09309093955661506,0.1708898097276687,0.7782862908561439,0.9353730634435681,-0.28387836668939276,0.1961788982152938,0.8444821374374588,0.9653864605773514,-0.09475622360079872,0.160588189959526,0.7880867904609878,0.9274758381831717,-0.2670002369535418,0.1848084777593612,0.8051414455189111,1.3967573017024322,-0.020183306224827984,0.0059867682866752,0.7135224545788083,1.397148317092861,0.05463365832984158,0.0057257530279457,0.8414731274508396,1.1888435979749215,-0.1282707687529334,0.0273485388606786,0.7399941331726199,1.1972632082678638,0.002331326162454638,0.0118918512016534,0.7826135669887724,1.2869790247188035,0.17132248345047243,0.0076338956132531,0.7441507323110206,1.242617572371301,0.21498171217436995,0.0038614070508629,0.7479551886774055,1.330063373046628,0.19413986361976096,0.0085501046851277,0.7604317239505496,1.2928820374963803,0.2614370033261815,0.006251098588109,0.7633103942878573,1.2746737573600708,0.07856670210068611,0.013006848283112,0.7580882653852156,1.2498426546807992,0.193704223015643,0.0091443788260221
2025-11-11T0738.804523,71,0.8404429072012691,0.8898612928767894,-0.460564696950027,0.9932731986045836,0.8282318058825996,0.8804828577731283,-0.460995810995791,0.9913373589515686,0.872434168278843,0.8867879359957919,-0.49602133308366386,0.9917405247688292,0.8564361767116695,0.8815044604389372,-0.4524631589442801,0.9917077422142028,0.8369127897920595,0.9004231412048865,-0.4927044082072984,0.9912282824516296,0.8284451259926302,0.8840786217858448,-0.49177519987852414,0.9911652207374572,0.8279357211856426,0.8830016402933436,-0.4955989704389312,0.9912542104721068,0.8563752853088048,0.8884635150383857,-0.32454309921613406,0.990856111049652,0.8390511050754774,0.8760936552897014,-0.40773541982714473,0.9904894828796388,0.8512679723991555,0.9313031500248493,-0.3884618769955518,0.98889422416687,0.8034932528228946,0.9444347706962397,-0.43905463059879574,0.9884379506111144,0.841458822689337,1.0063148310181476,-0.2455145736169064,0.929288685321808,0.7205617088487677,0.9712284484784721,-0.27194072246151485,0.9258688688278198,0.8746112891936066,1.0594986663454702,-0.11059543830167214,0.2492038011550903,0.7032447375022945,1.0037037190876845,-0.23697435346039636,0.2656667232513428,0.8360069879288473,1.0086090314542417,-0.0573029241998939,0.1276424080133438,0.7546723088730124,0.9613550082294742,-0.20087999707127455,0.1231907829642295,0.8381376882486052,1.004320818362881,-0.06945176512129306,0.1562009304761886,0.7379176332438756,0.9402617683087634,-0.1938552853845463,0.1593920588493347,0.8780734564117301,1.0027913682963474,-0.09663714192066608,0.1870874762535095,0.762354664272419,0.9493199065397288,-0.20562184641608733,0.1928314864635467,0.8371823335889758,0.9873492158768482,-0.1131877202674096,0.176695168018341,0.7170513521419605,0.9392989910145968,-0.1947248559569787,0.1822290271520614,0.7974116729552567,1.3974270177399537,-0.045122798669688324,0.0056142411194741,0.7354674391087938,1.3749287329379358,0.03961473375407957,0.0052965069189667,0.8436078553296782,1.2221093219109254,-0.15136073995306742,0.0289715845137834,0.7196963195876537,1.234174077477425,-0.009555536229329163,0.0123286833986639,0.7790305919337657,1.3423020368675247,0.17878285581989267,0.0076618483290076,0.7487928275703982,1.2524729524703353,0.24674470437450255,0.0037965215742588,0.7330836838436481,1.368687125055984,0.1752893521102913,0.0086251785978674,0.7609404255683564,1.2662263651978625,0.23866787616059368,0.006079071201384,0.7641752144096478,1.334735939283909,0.0732189931005921,0.0135473422706127,0.7637941485713642,1.2786196296189483,0.1866641829914247,0.0091693121939897
2025-11-11T0763.250937,72,0.8234557612282,0.9299646165364853,-0.5067900213250208,0.9938275218009948,0.8596754821069534,0.9027921748813801,-0.5005101682839878,0.992023468017578,0.8603354416986967,0.9004046703143218,-0.47549506327104285,0.9924128651618958,0.8618549675681908,0.8870513841568992,-0.4857322975884613,0.9923608303070068,0.8240913507856108,0.9130404611106869,-0.5050627873896144,0.991917371749878,0.8318910171545423,0.8783231948601021,-0.48600567412945067,0.991858720779419,0.8197771274942148,0.8599959619674279,-0.5115789313296546,0.9919021129608154,0.8492568842604666,0.9015443958790847,-0.3191367924335674,0.9915592670440674,0.8332513249610756,0.8687751459324481,-0.3575098271505765,0.9912431836128236,0.8073561727897344,0.9201663170935165,-0.4523716377874324,0.9892923831939696,0.8024630563785617,0.9248938203250354,-0.44984413687173364,0.9889368414878844,0.8540282106152852,0.9959618513484707,-0.24576981312576898,0.9263421893119812,0.7104295915466737,0.9472987870482167,-0.19220586599216374,0.9201732277870178,0.9022168073442913,1.0902048810433747,-0.10883460308069635,0.2436859458684921,0.6718168115600587,1.023100284600727,-0.11459834768382662,0.2448980957269668,0.8729895321249767,1.0354879547613725,-0.13404104920678359,0.141048789024353,0.7293596990638007,1.0149942575407291,-0.07105981921878365,0.1234332621097564,0.8555404104126204,1.0070487228238325,-0.1729963954484238,0.1749304831027984,0.7175680300887148,1.0333560158452826,-0.10931957965710423,0.1633403152227401,0.8870276316430563,1.0000101985394616,-0.16326663511528045,0.2087772190570831,0.7403111778957151,0.9927047065819379,-0.12888990068421072,0.1985738575458526,0.8904926328523141,1.030234351095117,-0.12567307895125232,0.1979475170373916,0.7376361202310299,0.9899185296053831,-0.11681248342946773,0.1886054426431656,0.8170536665364645,1.3815797680446729,-0.07053385018460093,0.0051747509278357,0.7301883126932975,1.396407317363049,0.05804805784387213,0.0048641860485076,0.8183037723099124,1.3449847014171454,-0.18526841170275554,0.0281179118901491,0.7023896589674409,1.3381237279733538,-0.025179149775596814,0.01182521879673,0.7874215529095837,1.549645102702514,0.07923882242446037,0.0071159522049129,0.7435194405743453,1.5439106304376753,0.19441549321509188,0.003500944469124,0.795920598445107,1.5892281757895934,0.0900215251832181,0.0080946926027536,0.7259331915075765,1.5263205374743178,0.19059204082134196,0.0055761076509952,0.7885129162375092,1.5812522859764462,-0.07334542298991087,0.0128848440945148,0.7291921530711979,1.5600999757931948,0.020988878797432546,0.0085478192195296
2025-11-11T0768.628832,73,0.7978292549218253,0.9070225029814672,-0.4416728868015481,0.9933988451957704,0.8469814812361809,0.8937293169747744,-0.3995235731112511,0.9914210438728333,0.8394841831254087,0.8917514704704569,-0.42032421065494924,0.9916303157806396,0.8558569544389166,0.8843245147463451,-0.4371546580660813,0.9915655851364136,0.8637571805654971,0.8730693204016833,-0.41378680501691883,0.9914796352386476,0.8430687838018349,0.8832008965681994,-0.4344260646278483,0.9914373159408568,0.8422040112059087,0.845515055456689,-0.41181242062327267,0.991560697555542,0.8673421192888939,0.8838414595701742,-0.2177414465340626,0.9901631474494934,0.8332662901359711,0.8899200189593143,-0.2555177957312413,0.990378439426422,0.8215810184440047,0.8967583835226092,-0.3634644149504993,0.9871588945388794,0.7665643249835867,0.9155592381193489,-0.36082544447761233,0.9879004955291748,0.8364782506963779,0.9926452180373347,-0.1759241013895986,0.9258824586868286,0.6951038454166212,0.9669343564989928,-0.1164237614223271,0.9206772446632384,0.909329297470865,1.0943606105407797,-0.19715204679473877,0.2310281842947006,0.640292590703677,1.0663871977233794,-0.1372253504495925,0.2328231185674667,0.8711546417037448,1.0950802313626895,-0.4418696241860868,0.1432771682739257,0.6551851841407463,1.1315264229743478,-0.401743882898029,0.1355958133935928,0.8861700844686291,1.0886352778825956,-0.5085276245017224,0.1832231730222702,0.6658771839138179,1.15738896375643,-0.43172941891122113,0.1772113442420959,0.8698715300539921,1.0806877136886666,-0.5031691632998403,0.220625102519989,0.6827635128170456,1.1154256882449793,-0.46768423749376276,0.2173938751220703,0.8882374842048381,1.0452640055086213,-0.4566733534697365,0.2072575688362121,0.7086128701993101,1.106090690133953,-0.40830146218139424,0.2066734880208969,0.792589110486504,1.3747215855345398,-0.0507882335342027,0.0048261522315442,0.6837978315431874,1.4028697482315575,0.0671021821795865,0.0044888039119541,0.8244434500584,1.6369969468684549,-0.19622047080526264,0.0258232913911342,0.6566063017315832,1.5909356157427426,-0.011581183503967196,0.0108101293444633,0.7934228644792783,1.9384706909178608,0.024553956565873614,0.0064310356974601,0.6585984121048377,1.9244826321715758,0.14064006730246292,0.0031695740763098,0.7676359818761304,2.0000230337173885,0.0316163539765428,0.0073125590570271,0.6841889081244829,1.9455891445185,0.13378617382387642,0.0050467941910028,0.7782118006004024,2.030814797261144,-0.17977322139412563,0.0116589330136775,0.683816599280743,2.009128389928436,-0.13645186761346711,0.0077592465095222
2025-11-11T0798.648625,74,0.8670431690238782,0.8855354341360331,-0.45106603256734784,0.9904581904411316,0.8287733304671275,0.8796646927964135,-0.41083803041419237,0.9874771237373352,0.8487875443096888,0.8786411624425212,-0.4002480031893562,0.9861040711402892,0.8643359237976074,0.8702254316639513,-0.3804136073745301,0.9866958260536194,0.8850019645721018,0.8799603778150746,-0.46841897423637957,0.9891034364700316,0.8570256016154149,0.8999293519827618,-0.4469377184828621,0.9887000918388368,0.8813976602084853,0.856518606824049,-0.42250367264549343,0.9896914958953856,0.8355330776914145,0.8850038181376371,-0.20405372822742526,0.983101725578308,0.8542809120874801,0.841775808215533,-0.3714962199398014,0.988556742668152,0.8660575866028527,0.923448017542601,-0.37331027713237336,0.9852452278137208,0.8307178991641818,0.9214884410029216,-0.41592814573700165,0.9876558184623718,0.8521842068981745,1.0056455769317434,-0.08980930230769837,0.929638147354126,0.6947043224556786,0.9696102212840653,-0.2703825857605113,0.9272016882896424,0.871668717613869,1.1276631750391897,-0.13177567719285008,0.2257409393787384,0.6220997779643646,1.17449186633308,-0.25537847747743103,0.2432560175657272,0.9576859590385577,1.1916326228474121,-0.3956299928577343,0.1403465270996093,0.6491891432299252,1.2986729066237452,-0.4224733140463941,0.1367976367473602,0.9416200278783681,1.2412247857520686,-0.4262494855069131,0.1791376322507858,0.6432523373742655,1.393220522065354,-0.47559944186937986,0.1786750704050064,0.9172724202895519,1.1991520226911845,-0.46228501815101947,0.2169768512248993,0.6583334493558152,1.357263044674602,-0.5153996324727442,0.221378818154335,0.9221652562462872,1.2325549096038138,-0.3967219530917483,0.2040967941284179,0.6327469587340573,1.335201319698297,-0.4318443078380357,0.2101689726114273,0.8079092731485276,1.3676721203037299,-0.02563513208125194,0.0044913166202604,0.682682629237661,1.3795834543218222,-0.007408126714155721,0.004163259640336,0.8083261844666242,1.698257879122748,-0.13906342192382243,0.0233480241149663,0.6555741113545759,1.6786324051714787,-0.14035945796143623,0.0097937313839793,0.7814707740263399,2.00928317820575,0.08207937115406884,0.0057921097613871,0.6093319318992916,2.0031829696077113,-0.04711281173444926,0.0028565225657075,0.7796575253241519,2.0528171538486526,0.06454186396832645,0.0065849218517541,0.6291038731166814,2.0650601327233593,-0.05057786117531193,0.0045485445298254,0.7692130978539158,2.1202349532413205,-0.13623802303000562,0.0105097414925694,0.6325273698661408,2.088098009395358,-0.3589028712895993,0.0070022526197135
2025-11-11T0765.337276,75,0.8372316016401657,0.9005298187191598,-0.4857094024903258,0.9898023009300232,0.8386238221534164,0.8722202607777547,-0.4597328002286681,0.986234486103058,0.8625545951390816,0.876361738742807,-0.44949869944626786,0.9848735332489014,0.8857918388550418,0.8963369713264655,-0.4675842045537657,0.9848740100860596,0.8558072928663606,0.8410562613848512,-0.5287860946323837,0.9885502457618712,0.8449693811326532,0.8546733069185329,-0.5174541004806796,0.9883084893226624,0.872793482150076,0.865060516483021,-0.498006061229705,0.9891920685768129,0.8427571017583879,0.898678600651287,-0.1908357925634657,0.9811975955963136,0.823718166895894,0.872930156429114,-0.44753982434693124,0.9887331128120422,0.8421522106955251,0.9385618811479909,-0.40545628012593893,0.9853106141090392,0.8341693228627862,0.8916197306593245,-0.4640148797343614,0.9882791638374328,0.8486352221392134,0.9899932270636086,-0.08341794187893273,0.934233009815216,0.664535981856017,0.9285373313545611,-0.38776708613393807,0.9340078830718994,0.9034015730180733,1.204016730141497,0.009620330023695702,0.210668534040451,0.6010151022691743,1.186179454856334,-0.3537506742940069,0.2481784969568252,0.9095378307429651,1.3182359389083824,-0.30076601921436885,0.1300115436315536,0.5937367867023298,1.322012314360168,-0.4936117768852131,0.1369823664426803,0.9300498302085999,1.3359333993933051,-0.3511908509027808,0.1667142659425735,0.5988951175606911,1.3741084713029101,-0.5593122689374683,0.1795875430107116,0.915335076886921,1.3185932547862678,-0.39013793636937455,0.2034305036067962,0.6134046344187964,1.389874424393586,-0.6177150668444051,0.2255586385726928,0.8980364873535182,1.3235659371019493,-0.3106886111524911,0.191709890961647,0.5999482824785962,1.3790802891121938,-0.5273609962665179,0.2121449112892151,0.8066350801627427,1.399528092756376,0.032769060590489674,0.0040966630913317,0.6551166903425345,1.3997500807282373,-0.024510136426815488,0.0038027532864362,0.7730957832171842,1.7226284832921444,-0.04545174344840242,0.0210666265338659,0.6128762076774916,1.6982091010649902,-0.2248039846726884,0.0088453320786356,0.7446845632607226,2.0213935150435827,0.1687657450473227,0.0052154515869915,0.6029584543116401,1.990862679014817,-0.02178856919658283,0.0025722610298544,0.727509307187267,2.068012091070761,0.19826821716080636,0.0059291347861289,0.6019998256432035,2.068685103207602,-0.019887557296297802,0.0040962160564959,0.7483155188427774,2.161643597795304,-0.10748970059088556,0.0094716995954513,0.6360574741419097,2.0822471145855848,-0.4026498988172332,0.0063112615607678
2025-11-11T0739.891885,76,0.8412447724671775,0.8810186336692615,-0.6013258328352739,0.990528166294098,0.8577516728403345,0.8622881266107919,-0.56339694025897,0.9871532917022704,0.8662586124222207,0.8690556268243401,-0.590262040529397,0.9860181212425232,0.8793595617043248,0.8676410829906935,-0.5987742601261927,0.9858787655830384,0.8225231869248428,0.8393316419883409,-0.6250363075885171,0.9893283247947692,0.844430047213918,0.8251989024804255,-0.626613349809659,0.9891879558563232,0.8413867540075898,0.8049741917825174,-0.6338135556699475,0.9899117946624756,0.8498781405305772,0.8775425953060656,-0.3337539867488421,0.9826877117156982,0.7991121924510012,0.8122782946383977,-0.5370218742874212,0.9896987080574036,0.8613586402796007,0.8811098607872507,-0.49628618873292085,0.9865751266479492,0.7900500880379113,0.8993541487820408,-0.572139095317903,0.9893344044685364,0.8835839998899784,0.9940657373672488,-0.1286999080306337,0.9405683279037476,0.6650451074656316,0.941981863637721,-0.4302661960599295,0.940525472164154,0.8802214404784726,1.1903506292194774,0.0436601705662554,0.2035853862762451,0.5708677085633175,1.148517555369131,-0.3859269784858376,0.2764723896980285,0.9151757178431914,1.2952297862859214,-0.18759345588498505,0.1217689141631126,0.5355065149133149,1.2763883920248513,-0.5377517865693098,0.1393685340881347,0.8990660899395458,1.3521132775241875,-0.22948988315632024,0.1559080183506012,0.5641617252541656,1.3383962956837865,-0.606237159863679,0.1794129312038421,0.9119872172872853,1.34717270720759,-0.29328116771887686,0.1919513046741485,0.5522174333466778,1.3615190188353632,-0.6572837765545456,0.2282232493162155,0.9095379858261753,1.3299222599939162,-0.21454832489563783,0.1810069680213928,0.5700613820914946,1.3219269967089755,-0.5518129687614292,0.2128496915102005,0.7796932213372197,1.3469180286258715,0.04287896807926564,0.0038559553213417,0.6282841938791237,1.34456126532478,-0.055589593812009466,0.0035731783136725,0.7329028480290825,1.675520456761088,-0.05436945091168334,0.0191317908465862,0.6384548564794355,1.6474172666836082,-0.28892551320626353,0.0080462535843253,0.7505603568222401,2.004681041541715,0.22571119717938032,0.0047062053345143,0.5836748091344051,1.9529912087685122,-0.05471631379971081,0.0023188502527773,0.7128037697815115,2.058644234064581,0.2292212168446048,0.0053502386435866,0.5730074384285677,2.03631098401508,-0.0719951964602423,0.0036940625868737,0.7271397489488323,2.0939748373356935,-0.06000751349909786,0.0085688261315226,0.5986838176682215,2.0564642976799186,-0.46456607492021545,0.0057032699696719
2025-11-11T0794.303386,77,0.8498450096324996,0.8304597373612302,-0.6449520099807692,0.9913834929466248,0.8343272640183368,0.8334756926094189,-0.6223122572591891,0.9882092475891112,0.8272525048469189,0.83165236053939,-0.6194740436347976,0.9872655272483826,0.820235710430275,0.8189744595441052,-0.6358258298566196,0.987073540687561,0.8126746582736442,0.7999304078723849,-0.6435656649110079,0.9901851415634156,0.8129257645400134,0.788165878036321,-0.6488336170228067,0.9901255965232848,0.7983182535217573,0.7833339230670731,-0.6510192210287191,0.990697145462036,0.8419949672508219,0.8273374274752288,-0.3469193938106633,0.9842045903205872,0.7666055596231192,0.7781286103936803,-0.5079253062091458,0.9905738830566406,0.8267159289237044,0.8771932177549793,-0.545277134636012,0.987840175628662,0.7875715369399436,0.8621060541635528,-0.6001652219224803,0.990332007408142,0.8515230889621623,0.979664864856212,-0.12075200457447531,0.94636070728302,0.624880716869996,0.9165624147091311,-0.3726432881390464,0.9463629722595216,0.8549397297310656,1.2003431845431374,0.050375865013720475,0.1971764862537384,0.5576875479848389,1.0954631030662678,-0.37800997317253116,0.2899170219898224,0.8630501331749092,1.3414420073642008,-0.06368002656235114,0.1124526038765907,0.5255389192094779,1.290389175551998,-0.5458459926351509,0.1315911561250686,0.9044016136690723,1.410359510944213,-0.11447401230016332,0.143083706498146,0.5410710787171257,1.3260734998371562,-0.6508784912907563,0.1673221588134765,0.8931793503110249,1.4111388526737352,-0.15532968578991357,0.1769762635231018,0.5823785225511997,1.3486069909929244,-0.6868865938608686,0.2139961421489715,0.8739626592210527,1.3855803744281825,-0.09077032060075484,0.1669375151395797,0.5445493016523574,1.294943673168898,-0.5725676371328309,0.1988179087638855,0.7765435983083969,1.3759847000477825,0.028802540629796845,0.0036384116392582,0.6377431583871442,1.331762501728233,-0.0668907182319188,0.003342444775626,0.7300111882054647,1.684519742010657,-0.004174050204053099,0.017270240932703,0.6173651271429195,1.6601341985566314,-0.014305504378885331,0.0072632050141692,0.7105950021136395,1.9569021378081084,0.41990611193671834,0.0042436029762029,0.5740090104449197,1.9793280577779304,0.30788618886567565,0.0020883553661406,0.7006148193150508,2.03442940506438,0.4494549703682745,0.0048233950510621,0.5680831606237288,2.037679419440706,0.33603877389558323,0.0033291154541075,0.7185230935570937,2.0650034264972703,0.10798667458423873,0.0077312672510743,0.5886245138571631,2.0507226907963534,-0.08906055811840206,0.0051436172798275
2025-11-11T0757.972214,78,0.7785897871258025,0.7927789731599805,-0.6644934972050265,0.9921894073486328,0.8267846073453241,0.7818600821041433,-0.6392588019198566,0.9892468452453612,0.8227240175082777,0.7761325687840049,-0.6344997304471256,0.9884463548660278,0.8289639406859649,0.7923565596916728,-0.613376980860748,0.9882407784461976,0.7669707374138564,0.7599312152682036,-0.6573477598329002,0.9910293221473694,0.7734714376321562,0.7763585831222973,-0.6582959485281927,0.9910144209861756,0.7757767121284643,0.7616344871900329,-0.6494481862014024,0.9914730787277222,0.8243940274427514,0.7762602143284499,-0.3510147208772958,0.985656440258026,0.7397692078956538,0.776091736901154,-0.4897756602879609,0.9914007782936096,0.7916303941374278,0.8340922435192828,-0.5595440528428153,0.9889999032020568,0.7808869249302555,0.8308700594978531,-0.6042209437817686,0.9912455677986144,0.8708884172105893,0.972472623338511,-0.1305781020377569,0.9516209363937378,0.6287142149960944,0.9050271883947671,-0.3674864903968945,0.9515759348869324,0.8670259233941268,1.171610781598226,0.027768449026465254,0.1902440637350082,0.5570838903796893,1.080187299895206,-0.33627498903544273,0.2874328792095184,0.8909020531724575,1.3199911441723828,-0.16420006305182136,0.1024921238422393,0.5700673128418022,1.2761438741780031,-0.5937553729674327,0.1209075972437858,0.8738346726866224,1.3720209787611184,-0.23036488121119128,0.1301833689212799,0.545351508551118,1.3660291300907328,-0.6787857841012267,0.1530569791793823,0.8938368351788449,1.3909146213608765,-0.3054950301184471,0.1616947799921035,0.554808568148772,1.3593885451660177,-0.746636907122956,0.1964238435029983,0.8530207589575562,1.3189957016643317,-0.21488552375480316,0.1524039804935455,0.5694091523472157,1.3476453371214552,-0.609476148658013,0.1823206096887588,0.7647379298497397,1.3408444892383007,0.01140118588393551,0.0033593452535569,0.6310078288033084,1.3343428663560986,-0.01147993444329273,0.0030818646773695,0.7476223393312893,1.6680684713873235,0.06472346070039794,0.0156264286488294,0.6291779659653176,1.6368510877807456,-0.03728663453536482,0.0065706744790077,0.7143026635416897,1.945762276671487,0.47073760301253,0.0038311451207846,0.5717613354610958,1.9332858529961738,0.2910531489426693,0.0018825135193765,0.716627981632402,2.0024499121327954,0.485819033959638,0.0043501807376742,0.5793341423828516,2.00160428241651,0.307403604559195,0.0030031972564756,0.7038333341594778,2.0426365475840664,0.14187094233886416,0.0069821160286664,0.6221670869456967,2.0559767825526496,-0.11356428436533444,0.0046440907754004
2025-11-11T0786.397918,79,0.7593061985675912,0.7599726050126433,-0.7146214291192091,0.9929156303405762,0.7430461456376238,0.7674955084078582,-0.6591084567288628,0.9901418685913086,0.7908782389525548,0.732901316011304,-0.6218861766335054,0.9895076751708984,0.7715179716826991,0.727655591099502,-0.6636254815070759,0.9892560243606568,0.7539152087081638,0.7042951759418209,-0.6446043627451868,0.9917582869529724,0.7533957436775878,0.729319116643489,-0.6729420399015401,0.991814374923706,0.7516168792818767,0.7281350863602614,-0.6728288076338078,0.9921386241912842,0.7889989440872803,0.7726289917824126,-0.36283611368956525,0.986948549747467,0.7091068684661213,0.7308049444525383,-0.4437911731680022,0.9921332001686096,0.7674300874985175,0.7879188463538875,-0.6114041446923318,0.990026354789734,0.7276163636438586,0.7812788060643763,-0.6165320913752651,0.9920496344566344,0.8559948216248172,0.9568294271741928,-0.12748570693228828,0.9563248753547668,0.5840446187679085,0.9304882343093746,-0.3487680929810292,0.9562704563140868,0.8732317513596407,1.1419436441801691,-0.010531757901279738,0.1889563947916031,0.5022711698764374,1.1359032189122789,-0.33877344715068686,0.2900475263595581,0.830425759243111,1.32182957243655,-0.26934268688319285,0.0932687669992446,0.5033761263412145,1.2921871091830286,-0.5284538205673246,0.1111909449100494,0.8820243230038325,1.369120259338449,-0.28316750631031,0.1181326135993003,0.5193310330256338,1.3341103477685983,-0.5938525396312961,0.1398475766181945,0.871543750267611,1.3611556072984534,-0.367303479812955,0.1472372859716415,0.5257481512020193,1.3532241966792278,-0.6305213522829132,0.1801404058933258,0.8713672262949267,1.3641284281841213,-0.29265197856942443,0.1387406289577484,0.5553163043233603,1.3493597065846819,-0.540019718254145,0.1671729832887649,0.7461272341309768,1.3269753334996057,-0.0012624490894871197,0.0030882202554494,0.5922855288948962,1.3361488114774422,-0.036539618092351,0.0028446977958083,0.7428114497863898,1.6986493450036622,-0.008034703868458374,0.014107272028923,0.5892815130968203,1.6344631127541942,-0.05402807687389842,0.0059386547654867,0.7287177454513322,1.976448120786366,0.365326987724105,0.0034520581830292,0.6005608967555832,1.9476751193368491,0.23202489789162162,0.0016960913781076,0.7034119169919836,2.0188222679111982,0.40148563674346643,0.0039194636046886,0.598324417957594,2.0274207490334244,0.2618552112409289,0.0027073125820606,0.6920097275522717,2.0765914469373694,0.08067883819408361,0.0062947571277618,0.6060767781592382,2.037740946117851,-0.1784979986555933,0.0041894237510859
2025-11-11T0730.716546,80,0.7319198924712265,0.7294249874759877,-0.6627288782873799,0.9935219287872314,0.7386885195906739,0.6925871112014207,-0.6230462841957503,0.9908157587051392,0.733953641871909,0.703883999472958,-0.637626203998674,0.9903593063354492,0.7636526059938448,0.7054478100250505,-0.6238462431430024,0.99007910490036,0.7073107943693564,0.6961866122708172,-0.6090285206935313,0.9922478199005128,0.7217596805211284,0.688933939303048,-0.6152198993514031,0.9923869967460632,0.7126691855166114,0.695709485438388,-0.6514635429334821,0.992560088634491,0.7285069839701738,0.7365825185051944,-0.3786775483913948,0.9880166053771972,0.6966149075203463,0.7396483038288653,-0.41689485226234535,0.9925438165664672,0.722349405391989,0.7819934969039095,-0.5703594729248,0.9909343719482422,0.7027433509924298,0.7551172454705907,-0.5940053651979837,0.9927172064781188,0.8238282315537886,0.9329034413829391,-0.2661952046870423,0.9604975581169128,0.5956826510203447,0.8920494203467382,-0.26862831306356505,0.9603661298751832,0.8932110505877076,1.163635780201468,-0.14721608209288242,0.1913419067859649,0.5478630769798651,1.1344176158827992,-0.26629967834902635,0.2876445949077606,0.8871122400767841,1.3300844850630074,-0.27889314039014446,0.0863742083311081,0.5692976241782381,1.3142301772560565,-0.5245678661558391,0.102861687541008,0.8882470664378402,1.3541824003708827,-0.3586206759850902,0.1084426492452621,0.5194115773067471,1.3591241508850023,-0.5672277351659537,0.1282264292240142,0.8790810717218497,1.3779992457159111,-0.415402533445414,0.1360908299684524,0.5387784066609173,1.3407028344289096,-0.6459815171769335,0.1658804714679718,0.8692466454845691,1.3292877897282178,-0.34510026176380415,0.128541350364685,0.5315472454431691,1.3356939860067127,-0.5482227227730829,0.1542929261922836,0.7590464648280404,1.3524596598673715,-0.03669836645534312,0.0028346020262688,0.6329055098072105,1.3234188499479005,0.008465563040821193,0.0026217508129775,0.7446463892375238,1.65330338830532,0.005785244697283699,0.0127152474597096,0.6205509540827459,1.6336620080675253,0.08217422863927189,0.0053602023981511,0.7487639586213287,1.968974229689896,0.44709661019565167,0.0031097959727048,0.6255112950588397,1.9414757544848722,0.46166018667361286,0.0015274772886186,0.7616589373375506,1.9968184402163422,0.46710165880073495,0.0035305342171341,0.5637508388131232,2.001399943458356,0.470474872943662,0.0024398192763328,0.7023500568990728,2.0509238548264888,0.10051750931498472,0.0056706555187702,0.6216554702673962,2.0235641066988186,0.07841120214182214,0.0037782215513288
2025-11-11T0746.326739,81,0.7321998521694479,0.6997399522529505,-0.6756345715294213,0.993998885154724,0.7082668233343552,0.707067466763027,-0.6817376678654239,0.991247296333313,0.751612026079915,0.7146845755565774,-0.6467320476641514,0.9910079836845398,0.7233823462489406,0.6859252949715782,-0.6623127322229928,0.9906951189041138,0.6911932850176292,0.6515955497327104,-0.6403574130504669,0.9924697875976562,0.7121342216748997,0.6456993690516266,-0.6455313172823927,0.9927164912223816,0.6809137897832579,0.6560291574391072,-0.6274727287613893,0.9926871061325072,0.7668976615376435,0.7190755544480334,-0.40804231798278173,0.9888620972633362,0.7111227511774034,0.728059865060738,-0.4204885123654482,0.99262273311615,0.7667077343692026,0.7479857610940694,-0.5975728247636475,0.9917157888412476,0.6887262643498574,0.7631899200446531,-0.6197978620752951,0.9932385087013244,0.8459283055831751,0.9377961153093937,-0.2693128529271853,0.9642657041549684,0.581292440828307,0.9053750375479562,-0.28742295964961107,0.9639485478401184,0.883544101215184,1.141301988842054,-0.20735963254649195,0.1936911940574646,0.5366664169775788,1.1146305002837666,-0.2211751903101287,0.2887526750564575,0.8981692006843255,1.2931973345799592,-0.38586949672933973,0.079739362001419,0.55130931202809,1.3421068159939624,-0.5006759843951557,0.0946044772863388,0.9084942955835329,1.3430211834093244,-0.4599667943565023,0.0990780368447303,0.545697211008925,1.3770604273897582,-0.6303204890962919,0.1168710589408874,0.8594623658376793,1.36363581121541,-0.5300708517632597,0.1249805986881256,0.5470133883532926,1.4023434385116085,-0.6511049149919954,0.1516175121068954,0.8524666200026391,1.3067068680125469,-0.42234435509530704,0.1184160336852073,0.5545023858742134,1.3409242056940056,-0.5351017998220939,0.1413396745920181,0.7841962225225868,1.324688740644307,-0.029063337332659374,0.002636041957885,0.612765057905906,1.30512428498218,0.036132713954359894,0.0024507085327059,0.7458481568878241,1.6601400499107741,0.036863850209892725,0.0114631159231066,0.619015694121162,1.6462036701615619,0.13809095183162184,0.0048432894982397,0.7546208777941289,1.9641934418367681,0.49901174842675755,0.0028013011906296,0.5811736756572567,1.9569202223581894,0.5700974842090116,0.0013758789282292,0.7401168754998207,1.9854529186627823,0.5493239831319378,0.0031803199090063,0.5854490126563795,2.011646965723813,0.5843580529414901,0.0022003639023751,0.6884449638769432,2.060361499478597,0.15426396171031526,0.0051073273643851,0.5929114765266893,2.015568873005158,0.15811434636023253,0.0034091037232428
2025-11-11T0764.326003,82,0.7371081721364405,0.7112377952246741,-0.7204877020845495,0.9944288730621338,0.7333621008885269,0.7032226105648052,-0.6720480166742044,0.991635799407959,0.7225003228917748,0.7378672929014202,-0.6950760136856332,0.9915986061096193,0.7420616923379418,0.6935063707815391,-0.6420253819318048,0.9912448525428772,0.7057352918657347,0.6877352954404724,-0.6606058505093686,0.9926575422286988,0.6930677601314836,0.6676984533470819,-0.712129358038081,0.993018627166748,0.6850457281392202,0.7026092677412231,-0.6792212317339178,0.99280047416687,0.7395329498459884,0.7152219330718047,-0.4328005226684475,0.9896149039268494,0.6792091123230732,0.6912945701831832,-0.4038508979199118,0.992745280265808,0.710788850662566,0.7330409071908343,-0.5843324741960756,0.9924209713935852,0.6896261622256386,0.7432596137240057,-0.6151721265919092,0.9937162399291992,0.8239785319536689,0.8953239292128379,-0.27743119722286985,0.9676716923713684,0.5669549909939884,0.91753393240608,-0.25825329397899605,0.9672309756278992,0.9093490361757985,1.1466006389281442,-0.22450489513027813,0.1990453600883484,0.5434571632897793,1.1532707561841482,-0.2222667911866343,0.2876730561256408,0.8774956820945463,1.3058867970068793,-0.40712832473976257,0.0736683085560798,0.5246091769053075,1.3014424104655788,-0.49983468865912095,0.087075762450695,0.8950221310739728,1.33013318989588,-0.4802572527404094,0.0907295942306518,0.5276302279557854,1.3675691786895037,-0.5876303119926664,0.1066964119672775,0.849061015039525,1.3684193082288718,-0.5041902543822628,0.115157201886177,0.5488049102234352,1.348074384867812,-0.6491139493743947,0.1388759762048721,0.8812941131308604,1.3312380509661097,-0.43748309261533175,0.1094250008463859,0.5417850822038006,1.3512564295234415,-0.5045906896852358,0.1297863721847534,0.7732783938355698,1.3357412882612114,-0.06161901642855324,0.0024324564728885,0.6018036854695342,1.3033901966483026,0.036245241790811226,0.0022682868875563,0.7792472247997746,1.6679036130225442,0.013109303692546051,0.0103310961276292,0.6200516483922914,1.6549509935830813,0.1298730912458828,0.0043711196631193,0.7852727515572916,1.966922641192371,0.4756639685647927,0.0025233570486307,0.648382447945779,1.9589478427105775,0.5163216347127532,0.0012390679912641,0.7149872355539671,2.00772353391838,0.504584896903032,0.0028644483536481,0.6227710687355683,2.0132616615990533,0.5332320759158005,0.0019829934462904,0.7105464249320077,2.0253539573443997,0.15772184129836325,0.0045999032445251,0.6510335217339495,2.0228015755942788,0.15502199601798944,0.0030736848711967
2025-11-11T0742.243255,83,0.7011959303481324,0.7026335143190261,-0.7092382086514026,0.9948374032974244,0.7055024030176992,0.6655699251363348,-0.7055659264622068,0.9920338988304138,0.7071363011680063,0.6755571097005042,-0.6813522503749427,0.9921445846557616,0.7425525475903658,0.6853824705157214,-0.6731163828913959,0.9917852282524108,0.750356415585687,0.6674366187892821,-0.6776135807498463,0.9928474426269532,0.6820961687239354,0.6717841901140486,-0.6996239342358292,0.9932618737220764,0.6904232046859743,0.6784452630800384,-0.6987738864360067,0.9928957223892212,0.7577134186258982,0.724116181076829,-0.4377852435261663,0.9903154373168944,0.6827026395046365,0.7215262698552577,-0.42716658139076924,0.9928094148635864,0.703525400750585,0.7364403154404063,-0.6092766540100842,0.9930694103240968,0.7021793450999608,0.7586289020031104,-0.6249777274313307,0.9941563606262208,0.8212634715226576,0.9124686608172193,-0.2933559548410729,0.9707823395729064,0.5929592405261821,0.9053500280150687,-0.263857622999464,0.9701732993125916,0.890571187302,1.156342008971967,-0.24312177320561876,0.2044132053852081,0.5191636210018178,1.1583281782865622,-0.22171655761856343,0.2827011048793793,0.897936050044621,1.3396304241130015,-0.4604835812385653,0.0679048150777816,0.5144803353102705,1.2957494516822965,-0.5031174433849404,0.0798057168722152,0.8920289347523908,1.3786685357025865,-0.5382590692366334,0.082928329706192,0.5212129047658398,1.3671136648566145,-0.563853680599605,0.0971212014555931,0.8714496674829466,1.369180026755685,-0.6138284220966879,0.1058699861168861,0.5373075640868188,1.3790492077670158,-0.6148794784264825,0.1267697960138321,0.8636969699013634,1.3615087686878213,-0.47900731508677113,0.1008870005607605,0.5452739467359121,1.33568002372734,-0.5229186284030314,0.1187387034296989,0.7635512965735348,1.314911148675202,-0.01626793541808553,0.0022480282932519,0.6326187480868836,1.3319926221834588,0.052230324481364325,0.0020991046912968,0.7526146730369645,1.6584677671626422,0.07903338893885525,0.0093093393370509,0.6258442368633982,1.6621212483108212,0.21120003032064186,0.0039429333992302,0.767286437385684,1.9511251111707442,0.5952348070202044,0.0022722475696355,0.601050353329278,1.9893027266019228,0.615764458587905,0.0011156346881762,0.7811239530470604,2.0331951819946807,0.6157740654798184,0.0025791469961404,0.5855242277946042,2.0327396431035476,0.6352704206819202,0.0017861268715932,0.7110776821605086,2.0526698341215743,0.21597469346858053,0.0041422233916819,0.6167510612378944,2.0605371301685222,0.25352744578065256,0.0027695980388671
2025-11-11T0761.643175,84,0.7299546148181469,0.7413750035324234,-0.886016669075842,0.9952445030212402,0.7141570691579969,0.685991289633368,-0.8001021768868862,0.9925174713134766,0.7363070190000338,0.6870233711729699,-0.845630107081997,0.9927325248718262,0.7468392214746742,0.6983354986925558,-0.8234689286315777,0.992360293865204,0.7085681298103907,0.7054484120701531,-0.8620230143342352,0.9932176470756532,0.7095728424668144,0.6970712729808981,-0.8246514294261483,0.9936766624450684,0.7044482323333148,0.6803760544306668,-0.8551296289208807,0.9932382106781006,0.7449847277535888,0.7196490329840469,-0.5704933192449523,0.9910686612129213,0.6506778311862939,0.6959645874525837,-0.596816920381716,0.9932325482368468,0.7193417785982792,0.7525671421053746,-0.7581177086633241,0.9936784505844116,0.7090453322666158,0.772216012646504,-0.7502039904576638,0.9946216940879822,0.8475483898216775,0.9026602277661386,-0.3421213006488009,0.973602533340454,0.5736580419995477,0.896092121241846,-0.38520988767299796,0.9729194045066832,0.8844264156884281,1.1291032999215738,-0.2896096424501188,0.2204998433589935,0.5333604148173184,1.1561280923577744,-0.2699216849615585,0.2950912117958069,0.8942860491380622,1.31799179183383,-0.5618236033835224,0.0633134767413139,0.5366212153839715,1.2879889117675736,-0.5290303393215099,0.0742033943533897,0.897250232349873,1.3789117894413028,-0.6158253418971162,0.0763454660773277,0.5159797149447941,1.3345591341910525,-0.6126829335847714,0.0891176089644432,0.8732692796289164,1.3495128108681496,-0.67754477896947,0.098172403872013,0.5461265876357521,1.3741905645699641,-0.655412484930474,0.1168073266744613,0.8686382232179256,1.3710709146779265,-0.5724675328217983,0.0938513204455375,0.5567881055897257,1.321517729203504,-0.5603127494919155,0.1098010763525962,0.7753147872637666,1.3092597660590581,-0.06371625151245874,0.002110632834956,0.6447795758521415,1.3344372350099878,0.04064203070898146,0.0019835801795125,0.7565616626110528,1.6515224500955152,0.04976095355510914,0.0084053967148065,0.6236575950337173,1.6361795466165232,0.18057780331170908,0.0035680609289556,0.754673905146157,1.9795516771646036,0.5112774453908138,0.0020479168742895,0.6286139008460188,1.95420837931833,0.444944340364148,0.0010054485173895,0.7297423227932766,2.005824491826539,0.5416591090197702,0.0023240600712597,0.5753403470871384,2.034890048328006,0.5109788665381729,0.0016112317098304,0.7153701940059259,2.064865531532415,0.14282841488211817,0.0037323345895856,0.6304474139993237,2.08080688211132,0.09248501257524269,0.0024999922607094
2025-11-11T0770.411210,85,0.7340436722369674,0.7381939354459867,-1.0072470458182505,0.9956158995628356,0.7372665960185962,0.680483653319339,-0.96159795051453,0.992970049381256,0.7536202577234151,0.7047690837288401,-0.9810621261944913,0.9932631850242616,0.7481759344379726,0.7045323823989901,-0.9718782559918584,0.9928995370864868,0.7095150144449915,0.6860910549035176,-0.961051178533827,0.9935687780380248,0.6819029700563846,0.7286945391355868,-0.958604434932243,0.994048237800598,0.6994399435900377,0.68634524607708,-0.9741561573745727,0.9935713410377502,0.7648425614528265,0.7249608410979835,-0.6849904055680737,0.9917600154876708,0.6956160216831795,0.6602389901180058,-0.6862482094953001,0.9935945868492126,0.7337453641287656,0.7528639708317849,-0.9109760544754049,0.9942175149917604,0.7202023937239587,0.7499153352372,-0.9118431369158341,0.9950183629989624,0.8526692899283784,0.8946847601411457,-0.45898181091667656,0.9761127233505248,0.5642412851938,0.8865469985301769,-0.4606800618878537,0.9753100275993348,0.8888193799769775,1.1278092261533166,-0.35436952714666486,0.2386104017496109,0.5459855203209635,1.1309064222643914,-0.3299906108393071,0.3080136775970459,0.8774595866885169,1.32551630880637,-0.61387054753222,0.0591399036347866,0.5350932118995397,1.279062279875993,-0.5322264388991444,0.0696354284882545,0.887487890375268,1.3977645624501687,-0.6752579023719384,0.0703161060810089,0.540266030568101,1.3661856256258684,-0.5980051342364208,0.0821908265352249,0.881194655122105,1.3660006916472471,-0.7230138699096257,0.0911122933030128,0.5539118073349432,1.3660952120071415,-0.7043499572935785,0.1083266511559486,0.8764601450623398,1.3550561917359056,-0.6495625162852438,0.0874425321817398,0.5428771884573541,1.3664029927154036,-0.6096298683453993,0.1022680252790451,0.7763515971262199,1.3059887945070197,-0.04714935872238823,0.0019501026254147,0.6263562653841012,1.3007319072709724,0.05914129351881322,0.0018439110135659,0.744344144963216,1.6445637526950752,0.04101864397433827,0.0075855539180338,0.6104923969291616,1.6451657615803184,0.1415837722009598,0.0032268278300762,0.7719796565157762,1.9587173196059806,0.5276963809143824,0.0018445635214447,0.6067684661141851,1.9642794196888334,0.429775999139282,0.0009056546259671,0.7599169468538212,2.040090291174724,0.5232297404679392,0.0020928564481437,0.6118637406476061,2.0405496475193106,0.46985344029671283,0.0014518653042614,0.7287055228222569,2.0465046455948492,0.13374247706366338,0.0033617042936384,0.6056608204202442,2.056155877368155,0.10170209791525858,0.0022547841072082
2025-11-11T0728.603559,86,0.7064754047190214,0.7472755763154836,-1.1928837483457466,0.995849907398224,0.7091647200856543,0.7132361427487105,-1.1899218253598138,0.9930605292320251,0.7392824457224524,0.7240103314959727,-1.1622588683457638,0.993455171585083,0.7412772250735262,0.6716377761876321,-1.1401116586982238,0.9931252598762512,0.7247812719870484,0.7017374427422977,-1.1310446661808324,0.9935500025749208,0.7112555592877707,0.6972203502404455,-1.1651070686014577,0.9940272569656372,0.6916224733764109,0.6916136848169097,-1.1461962135081163,0.993500590324402,0.7317447832867228,0.6854857415055178,-0.8852672232031876,0.9921024441719056,0.6798530708485422,0.7068654059504651,-0.8546781872268906,0.9934548735618592,0.7418003990041757,0.7561394894310955,-1.0790564432632623,0.9946351051330566,0.6986789943057103,0.771317117076312,-1.0675125092756221,0.9952313303947448,0.870464674582194,0.8862523003118943,-0.6438976567229411,0.978255569934845,0.5922577177026218,0.8808350410150219,-0.6256344759735304,0.9770811200141908,0.9500212482208035,1.1458600720146892,-0.5422036904865325,0.259576141834259,0.5524469615510555,1.1229587018128122,-0.4488594767404079,0.326780617237091,0.8976165537150231,1.3092475293250125,-0.8024256349429049,0.0576891154050827,0.5508347869719843,1.3370985318129673,-0.6821927353974304,0.0695771649479866,0.9115440570483787,1.3972999379028264,-0.8526935237248007,0.0663421601057052,0.5125310364979829,1.4109241108295643,-0.7653868196508834,0.0781213566660881,0.9022650619640636,1.394146595946504,-0.9273510026615522,0.0868972912430763,0.553342981165899,1.3939227004321166,-0.883081421959681,0.1038326025009155,0.8815376578010103,1.373367111718904,-0.8077360694413401,0.0845326408743858,0.5778248891771464,1.353051365816514,-0.7343693030202824,0.0992375239729881,0.764855945488779,1.3295007736529414,-0.06069089288030653,0.0018205284141004,0.6230641804600595,1.3036680740434154,0.07427544896415852,0.0017342182109132,0.766208398813221,1.6789397868992286,0.025378389583641615,0.0068398783914744,0.6289963965282551,1.6673943927399901,0.14816152174768066,0.0029167265165597,0.7745652127728282,1.9858754069232492,0.6041304621731236,0.0016608528094366,0.6353523573045942,1.9648769957494634,0.6661208587858795,0.00081550196046,0.7910252253817653,2.0609256980764252,0.648531256223961,0.001884153462015,0.6154789674579995,2.0592406953160456,0.6933718724326762,0.0013077403418719,0.7595550234479095,2.1054387148920113,0.1839671364047,0.0030264204833656,0.6261121794052972,2.0720801815845244,0.25807629777467933,0.0020327090751379
2025-11-11T0767.362906,87,0.734912660969459,0.698401225936797,-1.0065352823055314,0.996141791343689,0.7119574071367829,0.6759284067390883,-1.006762013784696,0.9934423565864564,0.697980399540093,0.6897682380391398,-0.993736587428152,0.9938715100288392,0.6930524664903959,0.6810357035255166,-0.9804076483457327,0.993582010269165,0.6925081004090327,0.6914968086135599,-1.000148601884543,0.993764340877533,0.693835878770693,0.680220225180541,-0.9985271676670107,0.9942014217376708,0.6558269956109133,0.7057236238849246,-0.9900627395067121,0.9936313629150392,0.7357287858724014,0.7018247780450063,-0.7992095523553366,0.9927005171775818,0.6377559709686871,0.6921877739050876,-0.6989722426077,0.9935385584831238,0.7409754349832073,0.772213609038317,-0.921009987457374,0.9950895309448242,0.7025309195197246,0.7756888852426482,-0.8958059083361604,0.9954971075057985,0.835115992512105,0.8683594963136448,-0.5644183589389574,0.9803041815757751,0.6006483447684928,0.9185615372114158,-0.4688590373357257,0.9787559509277344,0.9297291647519262,1.1166091280126624,-0.5300448899575709,0.2795793116092682,0.537640766465737,1.112182754496106,-0.3578231417311909,0.3299765288829803,0.9366749842508304,1.299437519381871,-0.7893112453992845,0.0563433319330215,0.5623068765928286,1.3376599254152004,-0.637790591772859,0.0676755681633949,0.9471062258209216,1.3973535923903493,-0.8689913445400379,0.0628252178430557,0.5427298211060154,1.3938239872165061,-0.7151129162873406,0.0735589489340782,0.9029227315219746,1.4051465360238828,-0.9146341727401706,0.0835413485765457,0.5367067568225674,1.4239724553350728,-0.7824949763480561,0.098667673766613,0.9230793467717247,1.3531201886525308,-0.7887834096703804,0.0818780064582824,0.5594267026300789,1.3661911639864737,-0.6701180832397556,0.0951012149453163,0.8011536303818988,1.3266446726055046,-0.10162078121698045,0.0017109104664996,0.6254568427800953,1.340346718300144,0.09464641110933034,0.0016438440652564,0.7989338612241673,1.6853731687420725,0.02534786580426643,0.0061732549220323,0.6267662885135393,1.6702742700038602,0.2912384528951435,0.0026384098455309,0.7952070472239153,2.0126852925163177,0.5817853040152907,0.0014962322311475,0.6630837535009036,1.9977834964257526,0.7916286731326821,0.0007346260827034,0.7819266435571873,2.0686963095215365,0.6256559007037258,0.0016967931296676,0.623024342832211,2.0539642714981903,0.8634778931692452,0.0011790851131081,0.7555280592513045,2.106703064573414,0.16656816502531277,0.0027254936285316,0.6661063354853236,2.110000832989609,0.46294294903893135,0.0018339721718803
2025-11-11T0750.202054,88,0.6649067845700002,0.7147782378829483,-0.9312140775582342,0.9952605366706848,0.7355130959970455,0.7047211954974191,-0.9294979406860514,0.9925129413604736,0.7205080728257203,0.6671404477739211,-0.9589534954387637,0.9927699565887452,0.7154867619962896,0.7272916187993343,-0.9262774086340048,0.9928036332130432,0.7084279156132125,0.7268931004443044,-0.9429017362951847,0.9925242066383362,0.6690853147677629,0.7013475468604916,-0.9227848839316539,0.9928085803985596,0.6838918945021335,0.720155900248152,-0.9602479416457181,0.9925825595855712,0.7332410156256789,0.7066043148916005,-0.8099685568246355,0.9923593401908876,0.6718212675829167,0.7582640383905772,-0.6714976638829224,0.9929373860359192,0.7230474091071676,0.7712679557707114,-0.8803613721452849,0.9949429631233216,0.6855662255689949,0.7638686354890661,-0.8502614045460277,0.9948272109031676,0.8532841376350293,0.9168805451540569,-0.6228044996775675,0.980924665927887,0.6098214791093584,0.9012108029303356,-0.44102833681935866,0.9785329103469848,0.9312514841519084,1.1146982465148139,-0.6232996415850732,0.2871131598949432,0.5711647124300948,1.1369947107671499,-0.2884673955855191,0.3161550760269165,0.9417275107721693,1.3152481019429725,-0.7639386530998027,0.0568365454673767,0.5417972302367435,1.28985930973336,-0.4539459373713646,0.0653587728738784,0.9587131825509693,1.320117137318418,-0.8324883876058906,0.0634079575538635,0.5415101563423487,1.3254902416564762,-0.502803653360925,0.0711667612195015,0.9554183992029941,1.3370134315798394,-0.8682488791688084,0.0849168226122856,0.5386990736765238,1.3135912356266488,-0.544575402589364,0.0960938408970832,0.9478412827989352,1.305537759522861,-0.7744223559368281,0.0834307596087455,0.5737903753709728,1.2841035211023584,-0.48346126327986555,0.0937602818012237,0.8345284580917647,1.3329872513304106,-0.0846036736218991,0.001598976436071,0.6432137126486205,1.31388647024007,0.10376354901319998,0.0015598381869494,0.8309522873184938,1.6755880306094648,-0.05080435072978877,0.0055996333248913,0.6531824963278496,1.6607671250129594,0.1267069180238596,0.0024229355622082,0.8137547358974133,2.0126326866223456,0.4527707326250991,0.0013509715208783,0.6650539288819317,2.0420551467424484,0.49955470821643083,0.0006648980197496,0.8081190267554608,2.0624069252578,0.46355646296392455,0.0015287139685824,0.6748337960656011,2.0910760202597762,0.5823880745530928,0.0010684401495382,0.7934482852164298,2.094352765588599,0.03981462274323252,0.0024584035854786,0.6574124670802253,2.1181513251049378,0.08726509490195618,0.0016769362846389
2025-11-11T0756.242039,89,0.7045778546825864,0.7617723470870796,-0.8666699272807011,0.9947388172149658,0.7040768528852438,0.7224956743100736,-0.9556692856511895,0.9922258853912354,0.7098465178826225,0.7417666024203547,-0.9545795346887952,0.9924588799476624,0.7256464805277618,0.6963648070267254,-0.946185629665776,0.992539405822754,0.7016017808641265,0.7487035683940215,-0.8618381935357184,0.9920638203620912,0.6962235843785052,0.7566652912022251,-0.8841673353708308,0.992216169834137,0.6869294834619037,0.7666295845006446,-0.857304304105235,0.992121696472168,0.7237644876413178,0.7534460143709335,-0.7015517745688258,0.992251753807068,0.7045581589302071,0.7500388678097343,-0.6321458224676886,0.992501139640808,0.7534619105711537,0.7939371491093412,-0.8568375379268862,0.9937684535980223,0.7184641942720881,0.7755318745581479,-0.7882453912042404,0.9931638836860656,0.8187516560917139,0.8950943769287342,-0.5198152123927621,0.973363757133484,0.6487216027421201,0.9211852787513116,-0.4333956444196288,0.9652309417724608,0.9213571883548978,1.1033491728132276,-0.6863483671506736,0.267626017332077,0.6667676737613214,1.1275854696823022,-0.28553304763381776,0.2896420359611511,0.9123181851250316,1.08362848045479,-1.013164936745343,0.0554315373301506,0.6529652948544017,1.0833825619834343,-0.2997204693973261,0.0602483116090297,0.9204995195612111,1.1307585362772263,-1.0955055444735582,0.0646372064948082,0.6604877148334505,1.1110444210140125,-0.35122731970820525,0.067046508193016,0.905973534032334,1.104519206542636,-1.138092878781274,0.0861949771642685,0.6688658104616669,1.0646551673591358,-0.3723171162856431,0.0906231552362442,0.9062305854341676,1.0721545245549058,-1.0379129350148975,0.0829261615872383,0.6570765055246787,1.066975764495909,-0.3026976340072204,0.088449589908123,0.8140389019803987,1.3436511683514454,-0.05736888397514353,0.0016502076759934,0.6892566137358691,1.362121032520214,0.10857402488029483,0.0016400767490267,0.8430414091169723,1.58566102280667,-0.08483207766703178,0.0061673405580222,0.6852309586368386,1.5921905993774417,0.07972240230525005,0.0031463666819036,0.8064016508234485,1.9251146799535945,0.2356857839057796,0.0013447460951283,0.7120474503181741,1.9395121591696545,0.30373131349868976,0.0006980231846682,0.8420696952514884,1.9616167559597675,0.24803070726073703,0.0014644190669059,0.7284644266074891,1.9881449343452349,0.2941738511171226,0.0011020816164091,0.8119967952711401,2.003973202699818,-0.030801205682056257,0.0024712956510484,0.7353920263177565,2.026430263225602,0.028258594049125577,0.0017812002915889
2025-11-11T0738.187397,90,0.7709080632626844,0.8317388418308304,-0.8634317734120331,0.9948906898498536,0.7767161904700909,0.822406334922234,-0.930556324392909,0.9926157593727112,0.7555183984560794,0.7695239304035795,-0.8986941306901387,0.9929494261741638,0.7691472415042875,0.8023201476158831,-0.8663102660444433,0.9929805994033812,0.74425186839575,0.8126059092990412,-0.8840563978238442,0.9923248887062072,0.7363817673694396,0.795701569756743,-0.8800726358529023,0.9924849271774292,0.738627400239823,0.7961179211914974,-0.8556371102135659,0.9922859072685242,0.7685440292109754,0.7925132326194464,-0.7101226732091952,0.9927886724472046,0.7698968580264229,0.8263212964649667,-0.6396031133778769,0.9929134845733644,0.7717215374599897,0.8430733979502328,-0.837892484659198,0.9933359026908876,0.7572910961213493,0.8582242718434026,-0.79480569737406,0.99248468875885,0.8473266153112893,0.9083690229379217,-0.4861740990698328,0.9684237837791444,0.6832108552445886,0.95486949998226,-0.42204004776425896,0.9580658674240112,0.9030071936578187,1.0670738747778714,-0.6217682930755126,0.2532275021076202,0.6715992341470416,1.0743788418459175,-0.2610434896505396,0.2671036124229431,0.8915206794363113,1.0356396430180344,-0.9012058015963094,0.0582498908042907,0.7492500558413034,1.0038657291665571,-0.16466324919668526,0.0573752038180828,0.9174193784451694,1.0223680563630932,-0.9750298680953454,0.0731621980667114,0.7603259295804369,1.0093798791143127,-0.2074263342005275,0.0667181387543678,0.8948505003303796,1.023321986772666,-1.0384612414865921,0.0958039909601211,0.7590580936854834,0.9778925765140716,-0.20613551430671173,0.0895576998591423,0.9106565297118304,0.9890374010769245,-0.9565660288114501,0.0908098295331001,0.7590166464598201,0.9840097413979441,-0.17589184899284468,0.0869494825601577,0.8089619264692861,1.324299924892525,-0.058366661927367294,0.0018001974094659,0.7154782213274063,1.3165993085892918,0.06673733050664096,0.0017252520192414,0.8000844750799825,1.331576559373602,-0.1503221549790124,0.0070413863286376,0.7047595659052476,1.3328060513037616,-0.004593909830150886,0.0042641316540539,0.8223577488097518,1.5249247204376881,0.11613842768614814,0.001554568298161,0.7101232768205439,1.5467662421012816,0.2130308183646281,0.0007553863688372,0.8078831986883017,1.6129786609213561,0.12407011125375848,0.0017835816834121,0.7274567254796296,1.571073722084152,0.24774046729668656,0.0011386325350031,0.7979464251328993,1.5644246811970168,-0.12473903890463353,0.0032089792657643,0.7467990617096101,1.6100845587226735,0.03710867319954362,0.0019767212215811
2025-11-11T0727.717999,91,0.7939462015430473,0.840789820994014,-0.8937010411651963,0.9948914051055908,0.8138424923158731,0.8260245024377578,-0.8860394355205166,0.9928225874900818,0.8171226579457438,0.8079652304758292,-0.8811327287829683,0.9932618737220764,0.8107930037605021,0.8376594599224956,-0.8587686955196885,0.9932128190994264,0.7920994368275207,0.8198561336528808,-0.8673539247708055,0.9923973679542542,0.7954768681841285,0.8010819734691996,-0.8894714566813576,0.9925134778022766,0.7844435652843974,0.7956785016404595,-0.8939279302230004,0.99224454164505,0.834692536232736,0.8303760173266561,-0.725562857108898,0.9930469393730164,0.7856782800389795,0.8450739072819914,-0.6404633664358942,0.9931753277778624,0.7806477642689927,0.8857435640297361,-0.7956409561569185,0.991788387298584,0.7484270130845843,0.8966240121560222,-0.7925763714254388,0.9908705353736876,0.9127910855693876,0.9666350129573459,-0.5305760583860206,0.950619637966156,0.7027664735506985,1.0014489501117696,-0.45699717150218144,0.9471179842948914,0.9301669906554926,1.044461248934621,-0.5693615016560565,0.2432921379804611,0.6958285805386761,1.0821742427260115,-0.17569919374242093,0.2484708875417709,0.9254815945888608,0.9705158422258487,-0.7853887988317585,0.0647439286112785,0.7523800323232063,1.0227260777662703,0.04762803652631051,0.0566680096089839,0.9369338115448591,0.9764901651882321,-0.8992832041976259,0.0848747640848159,0.8094541416423084,0.9965695337833298,0.030681258206372804,0.0684728696942329,0.9292627688699163,0.9513188653179768,-0.8236127583998616,0.1088154315948486,0.7864244024300243,0.9981995000409727,0.015062276478640209,0.090932197868824,0.9080927756279867,0.9781164345249683,-0.8279234763446035,0.10175571590662,0.7723392672004914,0.9790354230908489,-0.001280573152074558,0.0876754969358444,0.8250047070689518,1.3385820294827449,-0.03670660858023274,0.0017715421272441,0.745371420926131,1.3541481263675137,0.049465503591923234,0.00170108594466,0.8101238552123317,1.278473326597544,-0.233730109668039,0.0086229126900434,0.7433934003708483,1.3264897921862768,-0.040346302665387766,0.0052772909402847,0.8004244888373603,1.4508986051024508,0.09399340049607587,0.0018681531073525,0.7659314777120242,1.4837667725385038,0.20296723269001296,0.0008088787435553,0.8179620239622634,1.5131238253712824,0.15979057567229382,0.0021070055663585,0.7817736833634694,1.4785296595547468,0.2357508018973764,0.0011351332068443,0.8177268529919091,1.4933748794976438,-0.09631222663363281,0.0041866772808134,0.7877776893990888,1.4826888264561233,0.006219233497501222,0.0021892916411161
2025-11-11T0766.852993,92,0.8036708360115334,0.8789917806520987,-0.9171235297462708,0.9883559346199036,0.8228386157159407,0.8632191966394752,-0.8477710451611152,0.9853695034980774,0.8099171214779314,0.8269696296948975,-0.8771734978385831,0.9861727952957152,0.8476443730589891,0.859119437267825,-0.8842115712839919,0.9860292077064514,0.7941782664177883,0.8588139736098157,-0.880949584075778,0.9861971735954284,0.8106897476438283,0.8531743700903032,-0.8964781712578844,0.9872162342071532,0.7640108657513945,0.864513807853075,-0.8768089527365398,0.9878467917442322,0.85458644659834,0.8626759706731362,-0.6278900073687356,0.9871030449867249,0.7838186162059843,0.8527893795722535,-0.6576381156666105,0.9903680086135864,0.8185636229732879,0.9072987939802951,-0.8083631937485212,0.9865286350250244,0.8144943072183417,0.8814537849475476,-0.8194670950425396,0.9880715012550354,0.9358649296074545,0.9793163291258035,-0.4025594683521403,0.9456408619880676,0.6979133101369286,0.9721205353430656,-0.46497702264440766,0.9490283131599426,0.9465013210368073,1.148051491557914,-0.529578153359271,0.2385559678077697,0.6491050217466421,1.108705609881812,-0.5058312960807363,0.2559594213962555,0.9237742286620774,1.0715129955118947,-0.9055034577102647,0.0606051981449127,0.6552047827243885,1.2096063741946486,-0.8539338092526967,0.0537887439131736,0.9205227557491047,0.9894658792707343,-0.9719710606477621,0.079463817179203,0.7240527016520019,1.2143843489878061,-0.9491375652386106,0.0651366114616394,0.9359731966470134,1.0567171621482028,-0.9886918778970896,0.1018766015768051,0.7086852041241851,1.1864048930564643,-0.9523217080510058,0.0865856707096099,0.9033671132364784,1.0428583534075297,-0.9164362908509448,0.09483253210783,0.7193747758558435,1.2211920357660053,-0.863734512690356,0.0829192474484443,0.8528067945002666,1.3573930539415762,-0.030865452577822746,0.0020989975892007,0.718424208440625,1.351213582839272,0.06299586829531555,0.0021878224797546,0.8314561614258505,1.6136983485958316,-0.29516541294703436,0.0101888915523886,0.7259347586196748,1.5702805082893623,-0.2584153631712567,0.0061655072495341,0.8274211566074201,1.9075421281438696,-0.09110935268319108,0.0018507541390135,0.7782886502709878,1.8958442867167487,-0.20961341064617695,0.0009025264298543,0.8128690313191671,1.9412800521905644,-0.12558450895216683,0.0020056229550391,0.7334407758484942,1.964531899999845,-0.19198023059325398,0.001198524958454,0.779888071322546,1.9890330561848613,-0.43586051647526625,0.0040369308553636,0.7796141842091283,1.986251171114061,-0.5750546053174214,0.0024656073655933
2025-11-11T0791.125857,93,0.8407899882306079,0.9032548467053603,-0.9620505644272018,0.9882881045341492,0.876577920783799,0.9005474705892097,-0.9099339405795909,0.984773576259613,0.8545653859471779,0.8731757191758851,-0.9109333113253052,0.985550582408905,0.8868577840857309,0.8994818148105829,-0.8886991620463258,0.9851382970809937,0.8630427638709384,0.8855078809612732,-0.9350183839687902,0.9860602617263794,0.8500747759135107,0.848347636276069,-0.9135219250656261,0.987192928791046,0.833985722156647,0.8595699458704551,-0.9490312979645186,0.9878032207489014,0.8798774387960858,0.881265150233834,-0.6222675514585043,0.986215889453888,0.8360018190092855,0.8414447351534048,-0.7661353534307689,0.9907132387161256,0.8458281298928261,0.9406496089689731,-0.8363799111731995,0.9868091940879822,0.8191459095841128,0.9084889244030535,-0.85349148781398,0.98872309923172,0.9173423803380347,0.9912865694072773,-0.371876116415521,0.949970543384552,0.6910100559912175,0.9704286473843451,-0.5679766797589152,0.9536536931991576,0.9248944501951301,1.182609952577662,-0.2597273949212857,0.2269693911075592,0.6555763897817465,1.078827447971278,-0.5434795477991716,0.2685056328773498,0.9309064862278194,1.2875380205126934,-0.5266921126723693,0.0564036145806312,0.6787808097776357,1.2823999805703612,-0.7220528229465101,0.0537134036421775,0.9280127324931347,1.3348982506899925,-0.5792105627906909,0.0741058886051178,0.7045983810226291,1.3350289384797387,-0.8201577726866632,0.0647072568535804,0.9346920777426078,1.3278098200502186,-0.6434033466518565,0.095678299665451,0.7018550686488491,1.3126798181819943,-0.874047315255908,0.0871298909187316,0.9046503164068392,1.308603449988079,-0.5482333764835525,0.0888268873095512,0.6703726082367137,1.2955495610989538,-0.7586121736313837,0.0822918564081192,0.8404025362036226,1.379107035855814,0.009843532657172784,0.0020135899540036,0.721801550385506,1.3586527823305017,-0.005580082939155889,0.0021007913164794,0.8168625875053713,1.6903698134815017,-0.28532409321190694,0.00953518319875,0.740692058975158,1.6486619927753188,-0.206463617653024,0.0056805391795933,0.790755811698803,1.993662869080301,0.09845307307638593,0.0016833918634802,0.6830233972851918,1.9723405976608335,-0.0793374561020771,0.0008181076264008,0.7836374218957232,2.0419004317536773,0.11497438090265362,0.0018244119128212,0.6758093694869006,1.9884289048067672,-0.07709278888538185,0.0010918858461081,0.776662527849008,2.083098547983726,-0.19569102399127153,0.0036586828064173,0.6762485333995684,2.037899044536318,-0.4570213034718571,0.0022419595625251
2025-11-11T0749.352707,94,0.8734977015465182,0.9228270500320167,-0.9311616485072564,0.9889821410179138,0.88656542094904,0.9137775730796596,-0.9064995110516908,0.985236406326294,0.8782611085500825,0.8938495914398809,-0.8913155874640019,0.98607075214386,0.9000160602513915,0.8625127821880474,-0.9186014092968043,0.9853070378303528,0.8612204599609402,0.8740008379512295,-0.9169231052265684,0.986711084842682,0.8333629590520778,0.8788078793474489,-0.9388608458517174,0.9879292249679564,0.8381623855785261,0.871849834259753,-0.9303747681508253,0.9883950352668762,0.9043261147670182,0.8806125452033271,-0.5861071944659086,0.9862841963768004,0.8212249862598172,0.8330345612000565,-0.7618398136339453,0.9913493990898132,0.8481737970159864,0.9406465705334794,-0.8168227773796051,0.9875310063362122,0.8467070920514177,0.9194134768583104,-0.8762410335158112,0.9895862936973572,0.9355299667962922,1.0052037569258432,-0.36733843043747555,0.9542146921157836,0.6914072462843145,0.9765760070625227,-0.5485015538697519,0.9579930901527404,0.9468568839308181,1.1889667244758035,-0.2700079699379753,0.219143196940422,0.6558832569823251,1.1281280758065197,-0.4622955705478812,0.2801229357719421,0.9500723039860105,1.2721613884530256,-0.5270307082337236,0.0538343898952007,0.6730519088522791,1.2966967610994529,-0.7374259381317126,0.0577371567487716,0.944638675417606,1.3535246408040964,-0.575690387257528,0.0708772391080856,0.6811088808970172,1.3244238296199395,-0.7693893591486455,0.0689385831356048,0.9174149656099214,1.3281367582531405,-0.6523894145447486,0.0924166291952133,0.6963276580703273,1.353710838390153,-0.8606144880324305,0.0941709801554679,0.9371580669650572,1.3242571942001338,-0.5385382197744742,0.0855607017874717,0.6892033314466884,1.343847971910711,-0.7505770929893018,0.0878727957606315,0.8420918744943445,1.3288362927604804,-0.004444206956976179,0.0018531467067077,0.6942221029717036,1.3537507586728648,0.0024576901112485176,0.0019362712046131,0.8392189374582982,1.7096028157581995,-0.06340353047859787,0.0086901495233178,0.7007817071740691,1.6484969269808512,-0.159399942672991,0.0051525975577533,0.8264492647780857,1.9937857739703617,0.2506160497738912,0.0015257111517712,0.6649311433194758,1.9500496518328163,0.07623916662974202,0.0007386181969195,0.7661010288190325,2.0560938959732593,0.24877690265844082,0.0016512956935912,0.669849165883249,2.040482803355872,0.0972480541593591,0.0009889242937788,0.7753280840166655,2.117829730172556,-0.10506079119113661,0.0033070784993469,0.6975723663058401,2.051428334801039,-0.2885874538655471,0.0020286287181079
2025-11-11T0749.843612,95,0.8570043119299843,0.9095043629039138,-0.8343702652125323,0.988313376903534,0.8906467325139721,0.8999182632144819,-0.7967302145633107,0.9844610691070556,0.9026904906313135,0.8879531834342475,-0.8272142750782753,0.9849845170974731,0.9096530988449291,0.8947381736959077,-0.801815033125047,0.9838038682937622,0.8796285029509221,0.869554407256092,-0.8438773803693154,0.986598551273346,0.8677314097849311,0.8627045050240166,-0.8442984015900713,0.9878820776939392,0.8451813471516053,0.8713403681407483,-0.8538090880396393,0.9884183406829834,0.8917187444128906,0.8888777567710948,-0.542714142199901,0.9848546385765076,0.8280329225336721,0.8444915272650352,-0.6955518989350133,0.991471529006958,0.8808747906955107,0.9449734259107345,-0.73336441436351,0.9865052700042723,0.8431061011080314,0.9402416101919092,-0.7743961162808524,0.9896823763847352,0.9328431442423344,0.9867035475065079,-0.3250668047898,0.951824963092804,0.6924129635353379,0.9745437988038587,-0.49210906124054105,0.9594100713729858,0.9678531578550865,1.151645150198509,-0.25153377129659854,0.202191948890686,0.6212073691191663,1.06426214703031,-0.5057139413327354,0.2688206732273102,0.9413121923038145,1.2511361207032963,-0.4476112013884328,0.0500299558043479,0.6905248523857829,1.2863999253228802,-0.7393937703959805,0.0550855062901973,0.9521850385852835,1.2957275680818632,-0.521876861101934,0.0660941302776336,0.6865020611810053,1.333877665713622,-0.7778390777529915,0.0659678503870964,0.9376142419745506,1.2535630044873707,-0.52405714706997,0.0862858667969703,0.7136261634585145,1.333837965208237,-0.8505910814911255,0.0904596969485282,0.953536595062633,1.2148438302102025,-0.47681656151123075,0.0798531621694564,0.6921362964691091,1.300180985837612,-0.7540928843885989,0.0841568484902381,0.8519841176878189,1.3667825315696958,0.01788154773223457,0.0017754165455698,0.7013416441274531,1.350859795627793,0.005339601353729408,0.0018646949902176,0.8204058744102964,1.7086069608039176,0.008291615170241434,0.0089096734300255,0.6959777246890465,1.6663569340870794,-0.12146306320577721,0.0049982345663011,0.7966069734337976,1.9772475828034521,0.3009455937482091,0.0014251724351197,0.6847551170046152,1.986297503049096,0.09754162753668387,0.000689375156071,0.7921698729389357,2.025373949363102,0.3007138204659207,0.0015133565757423,0.692210976451744,2.0161580072371366,0.11613805712668064,0.0009279152727685,0.7636677055033987,2.1001199490534423,-0.044270457357406916,0.0030759947840124,0.6807114633962371,2.0738999559376317,-0.2654426959189169,0.0019324286840856
2025-11-11T0791.699460,96,0.9107990483484238,0.9403446828486065,-0.8653476404482238,0.9891642928123474,0.9295695915195503,0.9357907577197409,-0.825768919175791,0.9856873154640198,0.9103602492685551,0.9137937129711932,-0.8316348209734332,0.9860670566558838,0.9620138845231583,0.9206045605170701,-0.8343536659092793,0.985017716884613,0.8796506596565625,0.9140358421201158,-0.8593446354221491,0.9877014756202698,0.8914563931551135,0.9316132623678115,-0.8344941816547476,0.9888428449630736,0.8937241746059577,0.9033804501549402,-0.8511934489433969,0.9893710017204284,0.9326829331255246,0.9103682787816025,-0.5818980642388961,0.986042857170105,0.8836612199376035,0.869601417942044,-0.7616582770795063,0.9921794533729552,0.918320219650632,0.9608298177911206,-0.7605956857940402,0.9874776601791382,0.8888860807436378,0.9516577742092629,-0.7772570703368864,0.990535318851471,0.9044570108515719,1.0067538675275138,-0.3498359266594345,0.9550009965896606,0.714424294158369,0.9780440431500048,-0.5331395867697007,0.9621435403823853,0.974576369109448,1.1506303591838476,-0.28605378439033613,0.1962123066186905,0.6399360444627168,1.0481170239718902,-0.6091586116731037,0.273442655801773,0.9719443963402252,1.1769125533987486,-0.4506658944389615,0.0518284849822521,0.6867298443771633,1.2142271524158508,-0.8548364153966004,0.0600929893553257,1.0021911888926363,1.1764033635041617,-0.5127049120875035,0.0676179453730583,0.7092789550692566,1.2256842337044545,-0.9334323743316979,0.0702813193202018,0.9489311286125547,1.1536014593791588,-0.5353051773145496,0.0885105431079864,0.7134238748319837,1.2198700418682606,-0.9304267158652252,0.0960822999477386,0.9768636372495049,1.1596797457961057,-0.4519838950422272,0.0816109627485275,0.694963744217428,1.1750722433604335,-0.9055478787977973,0.0887412503361702,0.8510455041195409,1.3809686684380411,0.004327712337481677,0.0021245325915515,0.715700499929411,1.3296512605471844,0.01368964936646151,0.0021487423218786,0.8411487800641537,1.697824895094202,0.06298396114179561,0.0103046223521232,0.7023958542168915,1.6646525335888003,-0.03930029562360109,0.0052639027126133,0.7911277283016963,1.9633281810314225,0.358432845576913,0.0013577186036854,0.662681956958953,1.9673400004219077,0.18323377110409744,0.0006783473072573,0.7869561927480533,2.0308207842865555,0.3622342866857809,0.001399147324264,0.652598956957564,2.008238654546274,0.2002177390137949,0.0008998921257443,0.803578996701873,2.0434178785885977,0.07433057142954011,0.0029594122897833,0.727650622572291,2.048623762705525,-0.10915877556332873,0.0019316887483
2025-11-11T0785.122426,97,0.8952605482249649,0.9370490065245026,-0.7932698946282352,0.9895218014717102,0.9281607175010397,0.8964489864337133,-0.755178889407297,0.9861061573028564,0.923285356686013,0.9028980131310277,-0.7810401975861555,0.986220121383667,0.914090736294492,0.9334283760348772,-0.7815527429420768,0.9851300716400146,0.9171724554283859,0.9086770946800636,-0.7977594855099971,0.9881765842437744,0.9139034755434551,0.8971707044910052,-0.772898131775103,0.9891824126243592,0.8717168253933465,0.9171862387596595,-0.8043549813357834,0.9897080659866332,0.9056484370986312,0.9124363059627453,-0.5015301249765747,0.986177623271942,0.8607896203721994,0.868777001624568,-0.6900378435175595,0.9925686717033386,0.9190003954715429,0.9479594567961862,-0.6750208299860991,0.988113522529602,0.8654122104033568,0.9437157475315441,-0.7517790691581799,0.9911719560623168,0.9267017937767204,0.9910373257946673,-0.28299370754459585,0.9582117795944214,0.7267679930157049,0.975811932798296,-0.5019426567709123,0.9650233387947084,0.9996470499480611,1.1764632575987035,-0.24294835958945232,0.1915219724178314,0.6579400022672688,1.051112010626555,-0.5122925066045612,0.2781437337398529,0.9810724711372271,1.2051442059266024,-0.5252275047613411,0.0539837777614593,0.6701345183484778,1.1954451812444356,-0.7050473657820611,0.0623071603477001,0.9651499988433048,1.2673119847391625,-0.5758778412793243,0.0688401982188224,0.7085980032922077,1.2670804187506126,-0.7789393756885764,0.0723933652043342,0.9860897488847863,1.2127705978395833,-0.5982050854764898,0.090156503021717,0.7128507968145484,1.2401146671801686,-0.8107008621050084,0.0992154702544212,0.9448237540276632,1.2155401997429172,-0.5179312006855337,0.0832311138510704,0.7133840570903509,1.2228776831408414,-0.7182190469455305,0.0920329540967941,0.8681431070366047,1.352237437947662,-0.0025417538295361515,0.0020006911363452,0.7201748930049815,1.3608392636356952,0.0056912351009079515,0.0020187655463814,0.82141061757967,1.6902852401320951,-0.016368806005621937,0.009464094415307,0.6917812016468717,1.687534516443548,-0.10244934570785823,0.0048431763425469,0.7865004264627508,2.0043755886676657,0.2825471460510504,0.0012267888523638,0.662577099770312,2.001976421149904,0.13807336470372367,0.0006148009561002,0.7858545061269293,2.016513616358746,0.3455155288834612,0.0012622696813195,0.6930918265347183,2.005772598727975,0.15126200835297296,0.0008185984916053,0.7640798889933014,2.100289843219982,-0.007668156291288102,0.0026754364371299,0.6825767269437122,2.048326467939802,-0.20184650667875187,0.0017614252865314
2025-11-11T0785.862380,98,0.9484512189438972,0.9521809141721099,-0.6305189402383293,0.9898965358734132,0.9395619166127807,0.9562056343260927,-0.5810080591358607,0.9866648316383362,0.963738538477231,0.945353727655672,-0.5972335225221377,0.9865124821662904,0.9194804308607601,0.9260197616708415,-0.57937449440945,0.9856054186820984,0.9190550162961758,0.92082993795428,-0.658893276276631,0.9887758493423462,0.9253638209544225,0.8998195895031901,-0.6298118007323488,0.989590048789978,0.9090696700360239,0.8971276096232038,-0.6395545961403382,0.9901922345161438,0.9250187532128911,0.9146705167745987,-0.3759212473741141,0.9865362048149108,0.9067308201224138,0.8931754915309555,-0.5472273197125184,0.9929699301719666,0.9036935570333197,0.9700502144059384,-0.5137400330742719,0.988611340522766,0.884637992791582,0.9635394098283963,-0.5610413586042542,0.9917406439781188,0.9174086978249084,1.0215277745432565,-0.1974548166094353,0.9615785479545592,0.7137776862547671,0.9798467048666791,-0.4484797093683631,0.96778804063797,0.9949380465927802,1.1689177932613408,-0.2027236885697234,0.1897452473640442,0.658700308648846,1.0773025597774222,-0.5123421967615437,0.2960837781429291,0.9803706770471974,1.2018165558407474,-0.45728017732792703,0.0663704201579094,0.7373934090400772,1.238462442729798,-0.6786212560251069,0.0742781013250351,0.9910945567107641,1.2445464478500412,-0.5459272441885139,0.0796986073255539,0.7273288323779759,1.2621348994634012,-0.7709003618263782,0.0832735821604728,0.9765281285486056,1.2277667794108191,-0.5840832228803902,0.1040934175252914,0.7555058467222459,1.25095518871022,-0.7991844042673228,0.1131592094898223,0.9728490751601412,1.2143108857062266,-0.4784430417759174,0.0975343510508537,0.7280334829273356,1.2129638368739035,-0.6936027608602761,0.1056699901819229,0.8793748071563621,1.3624748992450033,0.01929776766659068,0.0019236960215494,0.6984090516783569,1.3464146843855265,-0.007295008790668876,0.0019206469878554,0.8430778251324248,1.679148075165781,-0.00990106849369473,0.0086225727573037,0.742424900289312,1.6454345444758163,-0.13715924881378608,0.0044448892585933,0.817983876780195,1.990610767626083,0.2388143883753262,0.0011060101678594,0.6945545421802148,1.9347541898822047,0.069802028238386,0.0005562112201005,0.8048591818426335,2.0183213674993272,0.22840763256459376,0.0011375279864296,0.6927899467628748,1.9996433129741789,0.06970091136247053,0.0007433571154251,0.7840134815288252,2.0952946857642525,-0.04774686139622348,0.0024143827613443,0.7262221641054121,2.0171186721300396,-0.2809127809397367,0.0016012438572943
2025-11-11T0795.468361,99,0.9378472737847766,0.9529265625054171,-0.5619989040466296,0.9896286725997924,0.9392687212517904,0.936060576709235,-0.5223917368373735,0.9863901734352112,0.9722575188356085,0.912206078835987,-0.548114121511491,0.9857227802276612,0.9365342665799973,0.9252511624244691,-0.5373818049960234,0.9850109815597534,0.9337289539223258,0.8718276557246276,-0.5704698097634409,0.9887966513633728,0.925934940594096,0.9501967308630369,-0.5657243742984255,0.9893787503242492,0.9314272642634147,0.9177865365159572,-0.5468527492848979,0.9901858568191528,0.9179432649961924,0.9410197175393049,-0.2904799351035196,0.9855722188949584,0.8991293742161479,0.8730376400976174,-0.48657627917890756,0.99301278591156,0.9273777178966977,0.9582475576091616,-0.4877975672459683,0.9884443879127502,0.8793603258841131,0.9427730844805159,-0.527220676314899,0.9920366406440736,0.940792134138341,1.0091896432904421,-0.1373932526195526,0.9638969302177428,0.7348852721253948,0.9724519854593652,-0.36510811903949864,0.9699731469154358,1.0108484623000022,1.1784927876014788,-0.18588110861239207,0.1853132843971252,0.6770985330575918,1.0754464768649399,-0.4376537587244468,0.3101699948310852,0.9912392720206994,1.2166645389350899,-0.44510753635870903,0.0739726722240448,0.7262280051963347,1.240778967135594,-0.6652123148328385,0.0836154669523239,0.9802291119516775,1.2332568074816446,-0.4755510995441005,0.0854884833097457,0.6950499297293418,1.269385842876481,-0.6964502127023291,0.0907277017831802,0.9646678358050184,1.2197775267777111,-0.5066735407004626,0.1113247498869896,0.7429678501786691,1.2808762010317447,-0.7309672378782404,0.1226669773459434,0.9803956246055653,1.196096901894848,-0.4864837087259906,0.1050544381141662,0.7322922565004146,1.2339315098839683,-0.6575468255087719,0.115630030632019,0.867146790558114,1.375442020696836,-0.012889495183238722,0.001841758727096,0.7379911509973522,1.353829627711084,0.006648730421292815,0.0018325176788493,0.8213123377608122,1.6758449562147817,-0.01583232979553062,0.0078813387081027,0.7149173584649489,1.6691966378667018,-0.12533939025524435,0.0040861507877707,0.8109511837724311,1.991610465191194,0.25049112733257745,0.0009979362366721,0.6838051223103124,1.94895418822892,0.11896826378819114,0.0005047764861956,0.7993581027463762,2.0248643975391722,0.2673604272618043,0.001025476725772,0.6877516641600089,1.9977111708616713,0.10813712542934495,0.0006780197727493,0.7960626320569829,2.0893221665785586,-0.03743375533424274,0.0021808890160173,0.7376976773675549,2.043127057866568,-0.24816284954099035,0.001462425221689
2025-11-11T0737.912084,100,0.9127998411909551,0.9505117613211023,-0.49688168758142914,0.9892480969429016,0.9703126783492325,0.9481574990951177,-0.5193930996928171,0.9858535528182985,0.9415822825526388,0.9243425650691617,-0.47468096863331255,0.9849246740341188,0.9684363144053549,0.931998429685693,-0.48009703048756014,0.9842785000801086,0.9473966049151875,0.9308967884264921,-0.5192792498685572,0.9887036681175232,0.9375159953263513,0.9431383745333938,-0.5473205968384451,0.9892138838768004,0.9258461500289051,0.9227980445435643,-0.5447890921332451,0.9900943040847778,0.9530066909385262,0.9199378494763992,-0.30754955789981087,0.9845767617225648,0.8745008729465191,0.8978593583184613,-0.47081237106632556,0.993103563785553,0.9220206628529133,0.9832690383309333,-0.4400656768679735,0.9881251454353333,0.8969758694380789,0.9770057199303424,-0.5069170396483631,0.9922520518302916,0.9298157753482236,1.0359686405413968,-0.147522452465305,0.966115951538086,0.7278908168279292,0.9914604603546922,-0.3803547936145217,0.9721125364303588,0.9928535529764365,1.1741032756673206,-0.06242856067326316,0.1766921430826187,0.6595264725037685,1.046594545301872,-0.4495406903792122,0.3294309973716736,0.9984618775978844,1.2464351515720151,-0.25111255498740753,0.0791672095656395,0.7300871961671042,1.2354318576786627,-0.6218459326063192,0.0941432043910026,0.9764625850344772,1.2778693596106514,-0.31287514844891134,0.0902185887098312,0.7000491872712102,1.323527708198976,-0.6714997988480605,0.0997278615832328,1.0064230288783051,1.2585134452459472,-0.3387948410841842,0.1177225708961486,0.718824704603341,1.2469722999772124,-0.7195368262982427,0.1339050084352493,0.9821663048134628,1.2377746950583477,-0.29576271949269123,0.1125080585479736,0.7017689938677777,1.2427062679810488,-0.6119109459980347,0.1267917305231094,0.8575929918875957,1.3558513003192603,0.0227895593138888,0.0017698421142995,0.7160828343478823,1.3560543407755734,-0.017699043238905095,0.0017491907346993,0.8492840296531645,1.6778658155657933,-0.01147293251031831,0.0072031449526548,0.7371622406228702,1.666779184812696,-0.13708978668426777,0.0037645702250301,0.8077592438533701,1.9834204920241318,0.2660041722085506,0.0009009220520965,0.7336006658710139,1.9683635714018612,0.036246394670724214,0.0004583915288094,0.8083732775183952,2.010541374696855,0.24475157466864636,0.0009254176984541,0.681567884014944,2.00206912098114,0.06877850970923416,0.0006197109469212,0.8013762164572452,2.0743003491736296,-0.020455170024464543,0.0019744494929909,0.7212766233966392,2.038872952685866,-0.27273240247159,0.0013408199883997
2025-11-11T0763.102949,101,0.9347222303867484,0.9557679967082325,-0.49230312234954626,0.9892387986183168,0.9612566536338244,0.8923380775101137,-0.48780905126072066,0.985977053642273,0.9381906811788754,0.9214685988705986,-0.47030035203189685,0.9848305583000184,0.9233970993651469,0.9369487337714348,-0.45969486091754813,0.9843302369117736,0.9405500777125049,0.9226497996865604,-0.5063949317261918,0.989011526107788,0.963279172328103,0.8979531331933518,-0.5092866171350813,0.9893997311592102,0.91250446009045,0.9124660048176424,-0.5158500732940136,0.9902895092964172,0.9602570595001376,0.9015604685016199,-0.2627879274635263,0.9846760034561156,0.8742883353120722,0.8883235357970782,-0.47607401659646353,0.993341028690338,0.9566251189594347,0.9749353048549072,-0.43416074636824376,0.9883461594581604,0.9185926740076483,0.9493168933915297,-0.48544199667894955,0.9925966858863832,0.948196047380628,1.0017699216850335,-0.11384696326016595,0.9683198928833008,0.7510698749839704,1.0057126961420575,-0.3854615568704715,0.9740386605262756,0.9817984354236073,1.1629997568393142,-0.030591683389959417,0.1673416793346405,0.6693354917916036,1.0350833518771907,-0.5349639086754627,0.3423424959182739,0.9961217668313108,1.2678256516193254,-0.14627854478350366,0.0815805345773696,0.7021649835465792,1.2053159098600126,-0.7222086854072463,0.1112911403179168,0.9667433757983694,1.293784685564767,-0.16124687451095482,0.0922456011176109,0.7163698699749194,1.2649857847282082,-0.7840612473464885,0.1140138730406761,1.0015306768923518,1.2406542418805175,-0.20772934799398973,0.1205029338598251,0.7265397667287945,1.2355132494215653,-0.7940444683403645,0.1501704156398773,0.9531205174261539,1.2598832771552217,-0.13251360974853493,0.1165181919932365,0.7047602425320889,1.1921272094690858,-0.7263590367222993,0.1423408091068267,0.8636289199791244,1.3702131978069259,0.04373349204142589,0.0017599094426259,0.7344083691644292,1.3357026435793455,-0.03214216217596562,0.0017148429760709,0.8233413282632116,1.6874204196811047,0.026923964074446017,0.0065974183380603,0.6981925534229662,1.6411266418728867,-0.06506449836040357,0.0034664024133235,0.8228411648527919,1.9409196957873776,0.2830598390482715,0.0008144396706484,0.6986648198713464,1.9232276742859564,0.14036794472613587,0.0004177826922386,0.791604599285425,1.9869404303025575,0.28933482298979246,0.0008357767364941,0.6758773527224653,1.9647156449411205,0.1415747440049943,0.0005673298728652,0.80619708278761,2.0640545394526506,0.03274392389866333,0.0017912669572979,0.7421473752156961,1.9939812280511462,-0.1540329959172989,0.0012322020484134
2025-11-11T0789.950555,102,0.9111490902687881,0.9204019249758656,-0.5655282730409613,0.9882658123970032,0.9491536776602534,0.9413213306908227,-0.5169920185305992,0.9849748611450196,0.9593092317301606,0.9563629134768211,-0.4932401946082852,0.9832100868225098,0.9448666739054845,0.9728169946525316,-0.5084654926208191,0.9829330444335938,0.9243580578068324,0.9238680983339065,-0.5754859725961697,0.9885859489440918,0.9374945592265413,0.8903588713319553,-0.5292483801967218,0.988792359828949,0.9395543816339146,0.913469623243542,-0.5525705526590814,0.9898865818977356,0.9267876758423075,0.9405707722557188,-0.32027040346244146,0.9829689264297484,0.9043403940174224,0.8982345095882239,-0.4932793482310123,0.9931490421295166,0.9275962329139708,0.9623989590901084,-0.4475807556864868,0.9878162145614624,0.9029854180210756,0.9418326546113021,-0.5159258650384256,0.9926640391349792,0.9464520933128648,1.0353990799268658,-0.18196951076973716,0.9697450995445251,0.7490275048769819,0.9687871472199495,-0.4217427103590333,0.9757578372955322,1.0074249901089565,1.1736896796283351,-0.09509648473298428,0.1597857922315597,0.6779532462125778,1.037339053575344,-0.4970552015165663,0.3573757410049438,0.9592891812942039,1.2613468483695058,-0.23526715635020887,0.0872928947210311,0.6992787418129565,1.2199403947491383,-0.7135345466218928,0.1247958838939666,0.9832689706071005,1.291843149013516,-0.28488524683736455,0.0969340354204177,0.6968630670489726,1.2467363053759168,-0.7637292268053291,0.1245626881718635,1.000352892084957,1.273715914031947,-0.3089176879641366,0.1259162575006485,0.7195205846721974,1.1966796787164078,-0.791306991718713,0.1623910218477249,0.9766158666067554,1.249275544454498,-0.2537643013057182,0.1231928169727325,0.7250383271757368,1.2262283928217372,-0.7384143890048254,0.1544577330350875,0.8678327643077742,1.371113844728718,0.027726253822172395,0.0017192921368405,0.7440757936857362,1.3370557509831362,-0.007620536088665322,0.0016638197703287,0.833563406502853,1.6741888661050357,0.05040458134089803,0.0060268533416092,0.7444890514051898,1.659312383016703,-0.08851862130175767,0.0031906084623187,0.8250667461453594,1.9666993449683026,0.2827633093270597,0.0007361772586591,0.7018775833453639,1.903406392965002,0.1231253743725191,0.0003796117671299,0.8111193767289653,1.9989947966509245,0.312076207122953,0.0007545365951955,0.7252765224333506,1.963888481247913,0.15680141583930715,0.0005183663452044,0.7807059731496433,2.069983138511316,0.019712353889095896,0.0016226238803938,0.6889698333313611,1.9999439711047042,-0.15380409661846076,0.001130478689447
2025-11-11T0743.173115,103,0.9174547765213394,0.9600754299885919,-0.5348496453136968,0.9888335466384888,0.9571453882484553,0.9525007708208124,-0.48624838095271034,0.9856378436088562,0.9410148355630352,0.9514728888463168,-0.4801624677560531,0.9838438034057616,0.9547561884201323,0.9222825312565,-0.4940892786877,0.9836245179176332,0.9385159265122298,0.9402399104651853,-0.5522755556001624,0.9892163276672364,0.9274429640083636,0.9327567073081077,-0.5363386058202445,0.9893780946731568,0.9294347135315157,0.9490957967057068,-0.5498120348249492,0.990423023700714,0.9462302394757105,0.9191214406995951,-0.268219133585694,0.9835904836654664,0.8832862878822065,0.9127508091655774,-0.5333733779818509,0.9935422539711,0.9185550798191917,0.9631672079859331,-0.45391230358210816,0.9883519411087036,0.9201740569018845,0.9670376800393564,-0.500703884198194,0.9931200742721558,0.9407195586616433,0.9878843561372581,-0.12697908081071968,0.971592128276825,0.7367165264218564,0.9597427424751924,-0.39839087826196673,0.9774816036224364,0.9749939980675136,1.1580811595543044,-0.03620665916621185,0.1524428129196167,0.6917335677739128,1.0748357012625054,-0.542879461979949,0.3694119751453399,0.9802899400149199,1.2468423430731872,-0.17743996775962687,0.0912629067897796,0.677910947820302,1.2006776468170686,-0.6960376334782948,0.1357826590538025,0.9735651967785409,1.298804260130186,-0.19411176551550158,0.1016721576452255,0.6993272637108365,1.2768943979126548,-0.7491445681816185,0.1352025717496872,0.9834911343749498,1.253383347756278,-0.23901448680686477,0.1324860453605651,0.6885153476731573,1.22405036967644,-0.7718708067448357,0.1755443215370178,0.9888476592870942,1.2218691538812456,-0.19926678567259157,0.1301870644092559,0.6966509089663605,1.2100680352907411,-0.7149193217413753,0.1659867167472839,0.8650882869001536,1.3721067458586975,0.03363155161692711,0.0016460575861856,0.7270093451407573,1.345518855175912,-0.022697798111239113,0.0015781647525727,0.8447305968949358,1.673284149995926,0.014126143250842216,0.0055339368991553,0.7310726419162468,1.6710382610604941,-0.09893738522284429,0.0029494273476302,0.8278281282788427,1.9481022261710093,0.27389322115598,0.000665440398734,0.7131841059805685,1.9368565014051504,0.10410364183824028,0.000344943255186,0.8102329494912794,1.998250950079733,0.312556310678481,0.0006812355713918,0.6361747804734488,1.961513466023139,0.1316825108766656,0.0004725499020423,0.8499649176165227,2.0669112533239575,0.04752761020888181,0.0014753200812265,0.7102580833255387,1.9890821356239774,-0.1584530147324415,0.0010408589150756
2025-11-11T0711.618921,104,0.9485208288209949,0.944604690266185,-0.574133840489472,0.9885427355766296,0.938260936593171,0.9203486978279026,-0.5317559839229034,0.9851552844047546,0.935174127816653,0.9190757160256753,-0.5348337426037233,0.9830520749092102,0.9521371466486176,0.9402918133036948,-0.5045677450977717,0.9829385280609132,0.9351245468332271,0.8892223064336113,-0.5992267445396607,0.9891557097434998,0.9346755656824869,0.9115290064245438,-0.5982141136841751,0.989234983921051,0.921396430396392,0.9281516325754001,-0.5873674540141819,0.9903254508972168,0.924616485002399,0.9130559070388441,-0.30691772514499693,0.9827046394348145,0.8779917697869427,0.8961743843607254,-0.5593317725651349,0.9934958219528198,0.9214272819514971,0.9367176810510842,-0.48862403287918627,0.9884012937545776,0.9108366178170958,0.9683982142914481,-0.5631446043777761,0.9933341145515442,0.9267853649505857,0.9993277291545415,-0.1412135638269689,0.9729602932929992,0.715269325077075,0.9603511925342008,-0.4743510613202306,0.9790189862251282,0.9688741703754689,1.158544022197709,0.005102999762398556,0.145436093211174,0.6592801215828643,1.0763858898170036,-0.5132256565838931,0.3872606754302978,0.9584220323577248,1.2772132433614827,-0.04805598655347436,0.0900531858205795,0.6859944532732039,1.2229215977176833,-0.7133309473151321,0.1406102180480957,0.9694033151934283,1.3172661794288898,-0.08692624439781638,0.099387027323246,0.6931732933510988,1.2948980469479439,-0.7802167266062904,0.1387881487607956,0.942232441189207,1.292369910956552,-0.13183793495532173,0.1296658664941787,0.701690626472533,1.2828927545277926,-0.8054403123193786,0.1799806505441665,0.9583925879728172,1.2744895090408435,-0.09041801431283857,0.1278903782367706,0.702348211413794,1.2444928978427394,-0.7335421387878963,0.1694423109292984,0.8595781704915463,1.3586949275042666,0.011931301673951348,0.0015930850058794,0.7167269870980578,1.3523939577334836,-0.061695350466373776,0.0015156479785218,0.8391915387854207,1.6569394087728397,0.07909340112759501,0.0050769294612109,0.7425537587993875,1.6514980694324166,-0.09259850748912592,0.0027206896338611,0.8125264344525991,1.9671520671796767,0.3756157286622956,0.0006022258894518,0.6931085964293479,1.9327776189683845,0.1752637847636252,0.0003138784086331,0.7941455386038178,1.9962601041043737,0.4162762075023033,0.0006152327987365,0.6925607996662624,1.9874821261547901,0.2007732024540466,0.0004332849348429,0.8146774070917062,2.0705834652796566,0.09207074488912761,0.0013408765662461,0.7243316604412414,2.018709871105961,-0.14395776695654178,0.0009599488112144
2025-11-11T0774.844825,105,0.9449307176693467,0.9497236208723845,-0.7659857338387588,0.9881055951118468,0.9143850266692501,0.9127081353166754,-0.7067300779315169,0.9843429327011108,0.9701199941728031,0.9458380171126914,-0.7426767945225841,0.9821012616157532,0.9301177975477567,0.953209636500972,-0.738282619171773,0.9817730188369752,0.9138474209284138,0.9390530107497801,-0.7909325094450214,0.9889237880706788,0.8878060836599806,0.8739428112807565,-0.7825779808465901,0.9890763163566588,0.9164807503303003,0.8865531508680259,-0.7877802947224898,0.9902000427246094,0.9071882992525485,0.9128984794025528,-0.4831236143104502,0.9816755652427672,0.8979463273886622,0.9001452584144177,-0.6862055064629304,0.9935098886489868,0.9094633978690259,0.9453910746152313,-0.6342741963795405,0.9882537126541138,0.8960474475515826,0.9445004163231063,-0.707238397189529,0.9934902787208556,0.9274930809780374,0.9898606626071614,-0.24893270245058205,0.9737348556518556,0.7292440587782587,0.9823271523256389,-0.5362463398840167,0.980363428592682,0.9573530673960202,1.1570466688045888,-0.044195989967789305,0.1380385905504226,0.6568164653735815,1.0512030018172571,-0.5551631443463573,0.4032297134399414,0.9495016902400373,1.2583365748099182,-0.19766213368691984,0.0834027454257011,0.6647157144954741,1.2446566301545592,-0.71702863674418,0.1362830549478531,0.9453535204706656,1.315778058484763,-0.22301056336246997,0.0921496823430061,0.6580494889749502,1.3266570223214067,-0.7995676770204139,0.1340370327234268,0.9395112502462424,1.3042862432036058,-0.2740312108599331,0.1204538643360138,0.6969511517399192,1.2810950342609453,-0.8440477406708263,0.174363687634468,0.9405414344011607,1.2963712576809352,-0.21480499783096801,0.1187800765037536,0.7145581105814269,1.262649140958832,-0.7395870119216507,0.1633447259664535,0.8749982042454039,1.3628866686144776,0.03557403183436538,0.0015341215766966,0.7047679213414895,1.3412578073179418,-0.0498038513791042,0.0014582211151719,0.8188007712034188,1.6626800625715192,0.05636464300627569,0.0049080024473369,0.705186106974129,1.663063487366084,-0.11601830420659566,0.0026082312688231,0.7951887618132598,1.9410957084286933,0.3479361331321456,0.0005528276087716,0.696896110198058,1.925052456935513,0.1370918258701558,0.0002908355963882,0.7972818762818245,2.0006380843418055,0.3624800757814334,0.0005610059597529,0.6688220033691652,1.9439847638687369,0.14942240134699392,0.000405306200264,0.8092791328856651,2.0343429459629276,0.07393986941017548,0.0012349194148555,0.6991326531840645,2.013310434771326,-0.22255335917329414,0.0009015822433866
2025-11-11T0768.917979,106,0.9432917081642553,0.9328723836648242,-0.749798772741321,0.988824427127838,0.9276727815979159,0.9139398555479292,-0.7257515078722443,0.9851749539375304,0.9376620328524883,0.8929496774248922,-0.7206601873973959,0.9831928610801696,0.9176086352530809,0.8950388161074603,-0.7224471705936554,0.9826659560203552,0.9072364422987097,0.9144754140521181,-0.774284739192309,0.9895719289779664,0.8970306372483277,0.8853757425531618,-0.7593980796757239,0.989798367023468,0.8884326572032544,0.9236739944122093,-0.7655632634646444,0.990774154663086,0.9112069024182339,0.8867457422826304,-0.4495441578664111,0.9827219247817992,0.8442148101653646,0.9015524886382273,-0.6565828583655219,0.9939650893211364,0.8921222599229912,0.9536346491582166,-0.6412611503969692,0.988999366760254,0.8844893354389122,0.9433080642252998,-0.7088311401181878,0.9939531087875366,0.9176213875726377,0.9992328149959991,-0.24865210608922506,0.9757015109062196,0.7130438968623172,0.9720415516407837,-0.4971065026212852,0.9820639491081238,0.958955177601173,1.1795802984461567,-0.13480582411124492,0.1320902407169342,0.6566155768054888,1.0392210156845192,-0.5252863948556556,0.4279908239841461,0.9322063337286001,1.2745509189243853,-0.3343894636856705,0.0785685777664184,0.6595491312542999,1.2523448022888575,-0.7716056463771933,0.1399203836917877,0.9309074949336388,1.3128661546965705,-0.3915802151636955,0.0867066457867622,0.6656152876364769,1.2824141680917311,-0.8564023012008364,0.1352053582668304,0.9324909737651889,1.3015550680350354,-0.4330648372783593,0.1138044297695159,0.7011290240238924,1.3155300473937392,-0.8995435445369271,0.1768704354763031,0.9249732445672335,1.2832703022330343,-0.36811835164993345,0.1121369376778602,0.7019099451664554,1.3027822408168803,-0.8019907198028401,0.1642003357410431,0.8548528573479277,1.3830752741645447,0.02991792963864881,0.0014977258397266,0.6766141564902952,1.3288312376769678,-0.02586947785644513,0.0014333085855469,0.7847372171583585,1.655270788141711,-0.03421061774256253,0.0045745000243186,0.6945407418902991,1.6278881371139136,-0.15160076984587945,0.0024221534840762,0.8109317487907197,1.9398552076952236,0.25287009479283074,0.0005066177109256,0.6689207354987197,1.9147881578275312,0.0429447761913766,0.0002651704708114,0.8018697947251363,1.9932745310088686,0.24540688853161505,0.0005138457054272,0.6605325286597422,1.982395225115438,0.06482217037074442,0.0003738665545824,0.8014234377494375,2.039819103920566,-0.07956009790488008,0.0011281188344582,0.7275664721894103,2.0050284053154748,-0.32908686411567095,0.0008323782822117
2025-11-11T0770.160315,107,0.8716478462946103,0.8856089063092009,-0.749176064118072,0.989565134048462,0.9102156014900757,0.8834952048870454,-0.6432630960167838,0.98584246635437,0.8818542451539009,0.8862671313530611,-0.6836218865680755,0.984225571155548,0.8861338291095557,0.8755313657551762,-0.6774054103049326,0.9834956526756288,0.8762333674567554,0.8520377798466579,-0.7300811493319941,0.9900314807891846,0.8492346893581545,0.8719315719247095,-0.7205672588859635,0.9903820753097534,0.8791905511259769,0.8827836959557688,-0.7114285931574842,0.9911596775054932,0.9015626801342012,0.8570719923356471,-0.36562305901177583,0.9835782647132874,0.8434112420587372,0.8453165341035531,-0.5234097428305388,0.9942985773086548,0.8947324507734365,0.9271677214934418,-0.6338970050107156,0.9897207617759703,0.8518165243863521,0.9107440918740709,-0.6442086873459044,0.994373083114624,0.9369927958265685,1.0107762564229605,-0.19390219739811973,0.9775981903076172,0.7178818916425466,0.9777706394661919,-0.42689798157448644,0.9835615158081056,0.9437067579430366,1.198592730208447,-0.1326520175216994,0.1306224763393402,0.6396000024503781,1.1032087191809723,-0.40124691378831573,0.4507040977478027,0.9357356988319602,1.271000151953313,-0.4912728760000683,0.0763412341475486,0.6436347453230671,1.2654506238407623,-0.6416437379381322,0.1403171718120575,0.9631758897299325,1.332714900041188,-0.5376612531958596,0.0840097591280937,0.6213321663164452,1.323846879933273,-0.7691295150267783,0.1341971307992935,0.9719154943029689,1.3455500956037219,-0.5942716051370894,0.111154705286026,0.668089640639671,1.3064175995460368,-0.7876876355313245,0.1772629618644714,0.9140930653007227,1.3134109402403502,-0.5163431856311993,0.1088541597127914,0.6562998640395943,1.2852814181832901,-0.6647912835351675,0.1635199338197708,0.8676024307731409,1.332166843912627,0.022888264936659533,0.0014146565226837,0.6826731533012936,1.3630462695233898,0.02292390350414197,0.0013683174038305,0.8111993013574901,1.6570782091333711,-0.06300023353228369,0.0041782003827393,0.7181541302570996,1.65083233547982,-0.16837725615353227,0.0022209335584193,0.7970453057418335,1.9355232053541929,0.23454056820565963,0.0004591922333929,0.6500591585814044,1.914314942624002,0.02610611389147105,0.0002404757105978,0.7962435470816306,1.9945190283065293,0.2596950974157719,0.000465740537038,0.667348181587949,1.981399440870364,0.028170255748284447,0.000341329636285,0.7726152469844981,2.0437323997123156,-0.08304168454935125,0.0010238803224638,0.6959316092466541,2.038665869845592,-0.3626199946799668,0.0007612872286699
2025-11-11T0713.307690,108,0.8388908868235508,0.8781419503090033,-0.704598492277791,0.9872789978981018,0.8168980399860272,0.8800803443993968,-0.6444524914516886,0.9811220765113832,0.8504704659124132,0.8503348512412927,-0.6488392568961736,0.9809552431106568,0.8575498496619116,0.8902902302056306,-0.6517616572423455,0.979314923286438,0.8207163959639316,0.8481254614579545,-0.6525677839477281,0.9859306812286376,0.8208129359785207,0.8744907875689857,-0.6462952807091521,0.9872719645500184,0.8292637929981008,0.8626665985194668,-0.6508146127527296,0.9880042672157288,0.8779011503228975,0.8690587910624061,-0.3658816055653472,0.9806410670280457,0.8192883167322118,0.8608445144668383,-0.41638820749969385,0.9926798939704896,0.833624113989772,0.9165464066153286,-0.5985090786571614,0.9878132343292236,0.7951866435488772,0.8810981815580099,-0.591271699999517,0.9931879639625548,0.9095422149303822,0.9892927543426223,-0.16608240916480926,0.9786743521690368,0.6917763524952485,0.9757308234229176,-0.2923924162544178,0.9846186637878418,0.9387919973704193,1.1783374992055942,-0.1310585277521051,0.1273360699415207,0.6238886511896089,1.1417194542951417,-0.26482140723353337,0.458371490240097,0.9036589986980518,1.257871459191162,-0.42625478685193685,0.07101721316576,0.6447004037395386,1.2710093609687898,-0.4859787065896742,0.1343546956777572,0.8996433891388164,1.3223209289259905,-0.47633067492527414,0.0782411471009254,0.6441314631696365,1.3399871483475434,-0.5229662324564414,0.1277490258216858,0.900295725087303,1.3227681592111402,-0.5484656214175235,0.1039308235049247,0.6647422481031664,1.3193881380953367,-0.5859653711646281,0.1700839400291443,0.8972001751284823,1.273703689014228,-0.44414334555143664,0.1017194837331771,0.6568024788786836,1.2706612923299552,-0.47811226829375963,0.1571929901838302,0.8056981625406283,1.3729449191267105,0.03436215158541994,0.0013592215254902,0.6909461964400628,1.3748330693405388,-0.011737464188035122,0.0013519953936338,0.7867818651966364,1.6453475880233712,-0.16537491694406076,0.0038489559665322,0.655435703241827,1.631258711726107,-0.1951807412743364,0.0020579204428941,0.7784614243474833,1.9564500905929862,0.06863072048005377,0.0004177870287094,0.6618261906746158,1.9225891452214294,-0.10932983919798488,0.0002194305707234,0.7934134819602101,1.9663920493846638,0.09150099176375212,0.0004258041735738,0.6751727729889249,1.9724837647931202,-0.0878651751663454,0.0003152482968289,0.7776885969104834,2.0352622838802485,-0.268441808047809,0.0009325150749646,0.6739909375056016,2.012738634159886,-0.4826988705408533,0.0007025473751127
2025-11-11T0717.109781,109,0.7853553617504294,0.9052704512306777,-0.8014140102730745,0.9830963611602784,0.8283781626035062,0.8712107994052752,-0.7510057959043244,0.973494589328766,0.8488391855546771,0.8393049194260009,-0.7812957563555636,0.9754370450973512,0.8366434805790429,0.8780841908849624,-0.7921343542550773,0.9725870490074158,0.8232644749357176,0.8669347013259305,-0.7677664632444645,0.9802470207214355,0.800586646032078,0.8936734865263309,-0.787719568550965,0.983040988445282,0.8103974132426238,0.855362320588428,-0.7679485475301011,0.9837831258773804,0.8274256240171036,0.8889490469047813,-0.5229950835129903,0.9760543704032898,0.8021401782303033,0.8619015387102356,-0.5545008283265319,0.9906148314476012,0.8636364147008023,0.9271811102067544,-0.707039236446916,0.9838834404945374,0.8232692942646024,0.9162045826366776,-0.7232964156509234,0.9910727739334106,0.9049259057262713,1.0175293400518712,-0.2798713156284116,0.9791752696037292,0.6876161273029772,0.966000901319496,-0.3553967816079533,0.9853450059890748,0.9206013541364142,1.1861337001202683,-0.21383429651086347,0.1226859092712402,0.6261858161845767,1.0747042857727767,-0.3171667845157702,0.4598249793052673,0.9322647400701696,1.2598712687791553,-0.41845377533901595,0.0649101287126541,0.661330740850957,1.2400960840764939,-0.5345298987260078,0.124790608882904,0.9084114879642047,1.3107674056292948,-0.5086051557365845,0.0715458616614341,0.6445686174601638,1.3427470856654857,-0.6081177355578216,0.118110254406929,0.8902957894605391,1.3153871807460544,-0.572197580118033,0.0952036902308464,0.6515098375116972,1.295976210722155,-0.6813633010684237,0.1577869355678558,0.8936188078048213,1.2713316906576517,-0.4796143477807697,0.0931776240468025,0.6551843011950952,1.2845970382817402,-0.571220605489337,0.1459061354398727,0.8180600435917956,1.378975212957847,-0.015766581232148677,0.0013743757735937,0.6729492912935056,1.331417471108664,0.010171261657494345,0.0014221833553165,0.8176876102103432,1.6354604014988439,-0.14304031195375183,0.0039809979498386,0.6860787831896806,1.619654232976494,-0.24065393003872754,0.0021383161656558,0.7972630712119989,1.9265908357359993,0.07374116836466467,0.000403410202125,0.6542587420531981,1.94256845937266,-0.11706100436355588,0.000218729066546,0.7875147134971221,1.959869268371741,0.051362997385130726,0.0004188677121419,0.6444520854984764,1.9467267134670365,-0.1645654639393268,0.000331674091285,0.7764924921829197,2.026597845549854,-0.27708489201399017,0.0008988796616904,0.6862467525202501,2.006670070978976,-0.4745522964135204,0.0007430541445501
2025-11-11T0766.987308,110,0.8045715911218448,0.923741588805875,-0.8143440282247664,0.9774158000946044,0.7979746818209258,0.8977756730432506,-0.7503229978985224,0.9636163711547852,0.7952884755374742,0.8829893144340706,-0.7137477400425708,0.967983067035675,0.8089907960966768,0.8973796061364437,-0.735398569559834,0.9641173481941224,0.7764614178889077,0.8453854240342992,-0.7210599261205549,0.9710094928741456,0.7808123011559206,0.8563573527086435,-0.7285508744040146,0.975064754486084,0.776597343069808,0.8625046996174731,-0.7492062693190678,0.976002037525177,0.8271577980982457,0.8831660686756722,-0.4680677296384896,0.9714158177375792,0.7878979231062427,0.862282084532575,-0.4274754703758785,0.9860928058624268,0.7929651318278386,0.9295206048324332,-0.6609536825055521,0.9799265265464784,0.7906753530178885,0.9379677267300415,-0.6149323749143052,0.987433135509491,0.8781548013384242,1.0035189414578476,-0.26224878286524517,0.9791211485862732,0.710306978150657,0.9952724533682504,-0.2829916347269214,0.9858211278915404,0.886261155803922,1.1597140651863316,-0.2215554459985683,0.1218828856945037,0.6473252166570294,1.0397782761503576,-0.2510317843213753,0.4563755691051483,0.8585109095538677,1.2277493177015275,-0.44129690905811175,0.0605568028986454,0.6142337743253472,1.2372656858496012,-0.45169725523102255,0.1162580922245979,0.8692758910253592,1.2423201705629923,-0.4558483681685118,0.0667797848582267,0.6078989735352934,1.2856066397078767,-0.5006094228584301,0.1096656769514083,0.8582053446695207,1.2047722997887438,-0.49861017859908624,0.0890412181615829,0.6337271084843279,1.2553940607942544,-0.5149536940688227,0.1470072716474533,0.8719114300616371,1.1992607716537533,-0.45204443381936255,0.0869022384285926,0.636809312243806,1.2898682768763055,-0.44384465519328226,0.1363637447357177,0.8011256226966653,1.3369618720213594,0.016576189536634832,0.0013430757680907,0.6584768533570513,1.3365044173331329,0.037009379035711096,0.0014404996763914,0.8069506839260284,1.6667943408020838,-0.16521027288107087,0.0038340475875884,0.7063591406077486,1.635357358247544,-0.22100261369092022,0.0020953882485628,0.7766384416915467,1.9180454854009354,0.020154238491003354,0.0003779902763199,0.6791100660864395,1.9208118485495893,-0.1445705405740358,0.0002084668522002,0.7671721879080164,1.9385434621798288,0.025283475328694342,0.0003952287370339,0.6288775252168283,1.9513418748570501,-0.116696710176825,0.0003320052928756,0.7550268029742842,1.9896859893195369,-0.31611009953979524,0.0008355912286788,0.6520338613706602,1.9889246767131081,-0.44858390515429986,0.0007227910682559
2025-11-11T0733.373966,111,0.7601612098994477,0.871141021340131,-0.6483732548255946,0.9713231921195984,0.7789264102032244,0.8768950844911205,-0.6150224310047608,0.9539878368377686,0.7898314987168182,0.8784434308195431,-0.6366959623442281,0.9616507887840272,0.8144993848252776,0.8668131533427064,-0.6252368051577962,0.957063853740692,0.7868665186976743,0.8363750310995965,-0.6187463363909752,0.9608473181724548,0.7728412106559611,0.8497014898972166,-0.594286173797681,0.9668826460838318,0.774171167445962,0.8773387579034486,-0.5904540181530603,0.96724534034729,0.8282264076401378,0.885521001454405,-0.4292362305268114,0.9683744311332704,0.7490428917123373,0.8569671088074867,-0.37194528102196467,0.9810288548469543,0.80972304457586,0.9076912044715489,-0.5359666618410294,0.9769166707992554,0.7968256215245433,0.8748786521659547,-0.5563492241540028,0.9835045337677002,0.8709754047109095,0.9979720372941727,-0.2089897286815762,0.9794021844863892,0.6850206989690805,0.9929749622329044,-0.24107126977736099,0.9858146905899048,0.9037581313864372,1.1663750633562657,-0.24344368491421178,0.1187065243721008,0.6098817206308298,1.0543319783118925,-0.22500738783599597,0.4451027810573578,0.8315551411191268,1.2352368680530739,-0.431462952287244,0.0559793971478939,0.6191766091963015,1.2336430333252497,-0.4468304105167063,0.1071192100644111,0.8048622270518846,1.2570610177674344,-0.4310835355169592,0.0618682317435741,0.6443756117265385,1.28412982285509,-0.5379021315352789,0.1010195389389991,0.8596527005021928,1.2251283646804654,-0.4996475341214087,0.0827059745788574,0.6378664881231996,1.2819324510077283,-0.5799739337711426,0.1359083652496338,0.8561324134350559,1.1907613570772149,-0.4463415347689229,0.0805812403559684,0.6617236480606151,1.2361199458135834,-0.4834313177528238,0.1263744235038757,0.8055190663201746,1.342396599238282,-0.013843998750844862,0.0012955430429428,0.6745937679227068,1.319039285013998,0.012019452612547433,0.0014232906978577,0.7799116649555159,1.6094089315319537,-0.19994311383634536,0.0036735534667968,0.6558492483351498,1.5711385980061052,-0.2089096230023547,0.0020196156110614,0.7891189620540416,1.9369301520866262,-0.0352452996396523,0.0003543296770658,0.6515549638578565,1.9282063045892217,-0.1674129769957452,0.0001955376937985,0.7681977794594821,1.9660725557789158,-0.0502161758963441,0.0003758835955522,0.6726936699339009,1.939927261891921,-0.15604759772802135,0.000324597582221,0.7818273027748589,1.9949803277354197,-0.3796024794712599,0.0007799706654623,0.6710913072907023,1.9714347208835503,-0.5052019290461474,0.0006994443829171
2025-11-11T0751.253737,112,0.7912177146536292,0.8830685244850607,-0.5141089291381058,0.9696641564369202,0.7767078774873913,0.8290205284644027,-0.5091419851577761,0.9506157636642456,0.7900725932720201,0.83144945937307,-0.513177037404874,0.960930585861206,0.7794626649450843,0.8638391988123645,-0.5194443922646461,0.9558757543563844,0.7610854414052776,0.832822482841932,-0.511811667010442,0.9561710953712464,0.748885746653984,0.829306807971361,-0.5317480505898455,0.9643519520759584,0.7177086647954117,0.8485196160611183,-0.5133374299044177,0.963406503200531,0.7927509607333134,0.851772390880734,-0.345027830786645,0.9681663513183594,0.7301097158003785,0.8534732560926767,-0.32644336254188105,0.9786720871925354,0.7998591180545545,0.9075767408867742,-0.4535872468583309,0.9766933917999268,0.7565961006938302,0.9214896619622899,-0.43846294832888544,0.9817875623703004,0.8549943509514565,0.9617265891611817,-0.19473568568329938,0.9796790480613708,0.6682457355995778,0.9793830037026623,-0.1783592260730206,0.9858883023262024,0.9157273353389235,1.169581111864108,-0.20061089324000766,0.1250297427177429,0.5686446954936878,1.1155299091665702,-0.1245285155218653,0.4541186690330505,0.860260418576049,1.2847145760020373,-0.4059496282272221,0.0522525943815708,0.6186818933984077,1.2383058909723592,-0.31271058388382106,0.1005425453186035,0.8739508459662284,1.3530233287855182,-0.47804355039983126,0.0578622482717037,0.6089032379189725,1.3303116296362612,-0.3999221062431655,0.0944249033927917,0.8707810877873939,1.326875854002345,-0.5175581567520479,0.0777611881494522,0.6339849166412731,1.3163031227344237,-0.4500984699063582,0.1278547346591949,0.8341918864368928,1.318264310472369,-0.4573282922481412,0.0757541880011558,0.6257145233981363,1.2955373491737878,-0.3720188333612795,0.1192009374499321,0.8038363225744932,1.3370682881678184,-0.011501015377820353,0.0012696289923042,0.6675203997307334,1.3605594508557886,0.00754802492660488,0.0014348613331094,0.7916449115686925,1.6462220091307642,-0.24459033510473518,0.0037974875885993,0.6593245760018192,1.6029426562403661,-0.259712108578141,0.0020892391912639,0.7607722644738669,1.9267890867314608,-0.12425715496195248,0.0003683509712573,0.650110063246271,1.9003201671602343,-0.25580087017167813,0.00019380125741,0.7666906842810797,1.9713690788043159,-0.13266270727520033,0.000418245763285,0.625012323794067,1.96563187800449,-0.2941078275548666,0.0004116282798349,0.7435054041227737,1.9869097700114255,-0.458649993694997,0.0007872533751651,0.6819081146026357,1.967646154081971,-0.6196909448184632,0.0008061029366217
2025-11-11T0780.486589,113,0.7598806398550007,0.8333988911654009,-0.49909690550163255,0.9720783829689026,0.7648432995690112,0.8520132011971182,-0.49788041585946263,0.9543784856796264,0.7844186832717905,0.8298622754528294,-0.48286412484691366,0.9641674160957336,0.7566010874652807,0.8397447211535759,-0.4795642926391792,0.9594534039497375,0.7767192885470686,0.8594583052686835,-0.4425077503654071,0.9592641592025756,0.7210430903458509,0.8402407296966083,-0.4572511031461871,0.9670209288597108,0.7329966956791265,0.8419763770775738,-0.4766372916556678,0.9659771919250488,0.7910365610660532,0.870842133160388,-0.2974488226986384,0.9708713293075562,0.706585729319019,0.861351441664043,-0.19790438030568494,0.9801850318908693,0.7726672547072857,0.876700131095074,-0.4171562883413319,0.9786417484283448,0.7569219145214282,0.8929534508321127,-0.4166371743751663,0.9831177592277528,0.8638789072851283,0.9813536635769058,-0.17732467528956114,0.9809696674346924,0.6803551461845908,0.9700965692346074,-0.10320933653702717,0.9868353009223938,0.9237848945904067,1.1877605853720925,-0.20465148895799268,0.1294430047273636,0.6167816900447757,1.144893817231212,-0.0882258408014813,0.4562552571296692,0.9021238978084107,1.27736965553358,-0.45895434940225294,0.0496137477457523,0.633520528297103,1.2760044795142003,-0.26990076868685786,0.0963538959622383,0.8920049491692258,1.3197035572156475,-0.5339916580233092,0.0551258586347103,0.6255687126831843,1.3409004878145276,-0.37924093589384605,0.0903946533799171,0.8769546142739804,1.3264782340569696,-0.5911328505571208,0.0747187286615371,0.6126736401815709,1.3200832829412932,-0.4053550315262953,0.1236499026417732,0.8474861379939845,1.3036706858983738,-0.4939916501576049,0.0727228000760078,0.6331076518727999,1.2676150293690789,-0.31710549171592045,0.1157313138246536,0.823301605919148,1.3474235870580071,-0.060968896609116,0.0012380609987303,0.658268591567605,1.3504638990725033,0.019183423297912613,0.0014431360177695,0.8093642856476486,1.64242161680639,-0.23826836203235685,0.0035863518714904,0.6654799594481379,1.6043013722698711,-0.2596005421512792,0.0019875178113579,0.7844264556220798,1.9141502462309767,-0.1381502161652865,0.0003433279925957,0.6655811638974092,1.8961220269150623,-0.235425094189144,0.0001793510164134,0.7751064488781721,1.9747556628440552,-0.15413462327747393,0.0003949411038774,0.6336858815211556,1.952108719205524,-0.23525923624571027,0.0003891104424837,0.7418635027042539,1.9830461709842286,-0.45199511914143725,0.0007342435419559,0.6695322523261129,1.9584561159979808,-0.5843384401493146,0.0007805280038155
2025-11-11T0736.563134,114,0.7562818358890371,0.8165019378324975,-0.48229191140521366,0.9742903113365172,0.7804334687008986,0.8016885958912576,-0.44902088788566147,0.9578471779823304,0.7456950636422136,0.8082985271910983,-0.46149036946160055,0.9671903252601624,0.74822528568066,0.835059755828341,-0.4690361153304631,0.9627834558486938,0.7472815105450857,0.8130354948459148,-0.4715082605248022,0.9620916843414308,0.7193568723346306,0.8593809328506509,-0.44732291387234724,0.9695347547531128,0.71146331072838,0.8240845426931865,-0.43667298416112116,0.9683632254600524,0.7904806389344305,0.8757210937166571,-0.30374564828969747,0.9733963012695312,0.7393883329684042,0.8873359634226538,-0.24042620152870342,0.9816070795059204,0.7584534386668615,0.8980811638259234,-0.43341541489265795,0.9804452061653136,0.7192661216975569,0.8715076573676832,-0.42545019479681623,0.984355330467224,0.8673873087475887,1.0031295828656615,-0.1733724747119198,0.9819360375404358,0.633397946201815,0.9924789028966078,-0.08784123869053362,0.9876287579536438,0.9239721725746305,1.1685676060389012,-0.22532784794579472,0.1430198401212692,0.607510221241809,1.1504805329384078,-0.013164289323546704,0.460515946149826,0.9031952367802109,1.2944902041789985,-0.5002587264987145,0.0476136058568954,0.6041962122268347,1.286073971883259,-0.24005094781937336,0.0931851491332054,0.8972242446316231,1.3512435593493137,-0.5703409535294918,0.0529667623341083,0.606783543118371,1.3330282316077247,-0.3236930186877961,0.0872130244970321,0.8937133661283321,1.3437102185170509,-0.6448051061076802,0.0723832622170448,0.6238584330506179,1.3301528968562215,-0.38121799011921786,0.1204595789313316,0.8873768660821547,1.3612714636420407,-0.5267127379883787,0.0704501494765281,0.6118950468888429,1.2857963702573025,-0.27784259060313987,0.1132140532135963,0.8150237638017881,1.3250477148888422,-0.061979032642600365,0.0013594883494079,0.6657537852416238,1.3381224949629758,0.039971922044088705,0.0016551850130781,0.7962281327590572,1.6427441440163522,-0.2964367613992748,0.00387002248317,0.6410936791262732,1.6008633004903334,-0.27003168880111145,0.0021641864441335,0.7795304546468609,1.9063007290659626,-0.18230202776227375,0.0003551341069396,0.6489701642308918,1.8851384098382542,-0.3158123190050731,0.0001782461768016,0.7702771703987014,1.9735276898700034,-0.22567457776372368,0.0004305781039875,0.672231598550759,1.9368781946299425,-0.3429786611428169,0.0004227838362567,0.7642736177292525,1.98425939227487,-0.5364865290947359,0.0007568855653516,0.6668170127580287,1.950458829057619,-0.6883523563944891,0.0008990635978989
2025-11-11T0772.944547,115,0.737406912246595,0.8620651675414006,-0.5024226066044993,0.9762244820594788,0.7401529984412207,0.8207849298190801,-0.48054046710830717,0.9609885811805724,0.7687180241854195,0.8167747534253961,-0.47252594507050394,0.9698753952980042,0.7697363031044825,0.8173174537559609,-0.48126281903522283,0.9657676815986632,0.7043584741592722,0.8436847378361472,-0.43382960292958167,0.964727520942688,0.7257820253217286,0.8132309359548845,-0.4768465277219978,0.9718035459518432,0.7157271638828634,0.8127202493117143,-0.46874710957978166,0.9705846309661864,0.7564071129108585,0.8474899218198526,-0.2860123060531762,0.9756615161895752,0.7058381461592182,0.8549071098517418,-0.2380567472696767,0.982871949672699,0.7554369551273606,0.8806185004058931,-0.4102870630216261,0.9820650815963744,0.7169241483463591,0.8751973866411965,-0.37957851105414464,0.985498547554016,0.860883369591197,0.9825456884731816,-0.15480319502999434,0.9829092025756836,0.6600632096753626,0.9972903881333433,-0.08278883098070369,0.988370954990387,0.9038675317106122,1.1748216671321836,-0.24115050480922248,0.1441980302333831,0.6002862117829317,1.1461427247654674,-0.03259931495511695,0.4545620679855346,0.8764900849179753,1.322260429090124,-0.5257973052782325,0.0445203781127929,0.6114444200426937,1.3026631826843145,-0.2188272674263473,0.0884484946727752,0.8979063767620655,1.3304686638318741,-0.6027004200104591,0.049602922052145,0.6187505922126453,1.3647188436530737,-0.2633396810583855,0.0827283561229705,0.899357456303296,1.3485328352708241,-0.6520357232370835,0.0680899024009704,0.6143464031189725,1.336439057577795,-0.33443704138438995,0.1149438247084617,0.8723642295979475,1.325627655399279,-0.5669256445067132,0.0662259012460708,0.6457247460739655,1.3279178040192121,-0.2502423664186234,0.1082261577248573,0.8248698051809641,1.3156916978733082,-0.046911687743637735,0.0014934660866856,0.6677694726155298,1.3258605529337162,0.02989622980742845,0.0018726026173681,0.8058404660117632,1.613305762443011,-0.2994309778499061,0.0038192886859178,0.6526432863822396,1.5906327842006698,-0.2608786266820154,0.0021374761126935,0.8178088699992153,1.8871840529727335,-0.2046111817877933,0.0003417988773435,0.6725618759217926,1.8878224579083114,-0.2720567793904159,0.0001706907351035,0.8340449648243176,1.9579990598007495,-0.20104985740294498,0.0004170969477854,0.6645496712008676,1.951356917381243,-0.270792036615499,0.0004055969475302,0.7654561916378956,1.9953992004035719,-0.5261480794642918,0.000731265055947,0.706033562456396,1.9488321869646161,-0.6151031966321049,0.0009026431944221
2025-11-11T0751.754508,116,0.6938830705760061,0.8461390478651885,-0.4411269069848234,0.9776991605758668,0.7243241042064275,0.8008245341516455,-0.4438867141577384,0.9631605744361876,0.741942077642643,0.8431116596213616,-0.42925215029761593,0.9719182252883912,0.7409288112832543,0.8343233979518142,-0.43443351954387194,0.9679807424545288,0.6908004991587453,0.8111394345661637,-0.4159728500977638,0.966273307800293,0.6983844052156097,0.80750032343513,-0.41377266411094077,0.9732467532157898,0.667062171191727,0.8109992511187164,-0.42788488195728364,0.9718334078788756,0.7429152462257623,0.8726624846146556,-0.3061987899181375,0.9773975610733032,0.697773852335484,0.8505301511453206,-0.22746629497203572,0.9834532737731934,0.7259734106208586,0.875559318372563,-0.4145794399843338,0.9832580089569092,0.7020874902322315,0.9009658527922301,-0.3956911207405928,0.9861092567443848,0.8305827377097502,0.9766531302735373,-0.16094211200302722,0.9835522174835204,0.6502413321375212,0.999360724739802,-0.10566838262457323,0.9886692762374878,0.9080265584067279,1.1599410516357744,-0.21885807485105924,0.1433436423540115,0.6109313644616743,1.1886412705041942,-0.04026466035159218,0.4296244978904724,0.8993032506507402,1.307071297086752,-0.4760180931678086,0.0413620062172412,0.6000595166032603,1.3161620140397372,-0.22148436717030184,0.0815764442086219,0.9300505435935901,1.347370850635873,-0.5443915486538082,0.0462712049484252,0.5872537185018992,1.3779334988449568,-0.29894663397878746,0.076499193906784,0.9291695074323665,1.3592781265817062,-0.6046721367805041,0.0639662742614746,0.6377742135384484,1.3492658076725346,-0.3810982243168821,0.1068419143557548,0.8889666223330845,1.317624481612194,-0.5340142892504748,0.0620156526565551,0.5914085911189279,1.3284210502402733,-0.2567213610489236,0.1006662994623184,0.8064376048815428,1.3652708033862924,-0.03810718450192887,0.0014870084123685,0.6840909580215144,1.3647996112540879,0.03673353623898523,0.0019032835261896,0.8263913653743876,1.6434844170433993,-0.276453509686338,0.0038339081220328,0.6722176712872955,1.6046949888721396,-0.2476469220671229,0.0021453744266182,0.8332044329945404,1.9006976365472172,-0.11045446611777718,0.0003370138874743,0.6954398666056947,1.9088071490902283,-0.20164794387424745,0.00016770856746,0.831050536659632,1.9406848362144142,-0.15162019122437226,0.0004095506446901,0.7095435781937245,1.9817836906097157,-0.20688844568027268,0.0003916430287063,0.7990910117387225,1.9743475054239974,-0.48191639984322504,0.0007160055683925,0.6758259936178272,1.963288092082708,-0.5713478776154008,0.0008796857437118
2025-11-11T0768.118506,117,0.6935891859526081,0.8577892375218062,-0.49597391763221205,0.9724821448326112,0.7273279997660063,0.7982275462693149,-0.49837215912912386,0.9580438137054444,0.7281547316073889,0.8239154896434493,-0.5065776847877423,0.9679908752441406,0.7234442624995073,0.8148097139938464,-0.48313392690223056,0.9643585681915284,0.6830699019230323,0.850854950692534,-0.46433913317909736,0.9599848389625548,0.6595109035479755,0.8327968019835137,-0.47143272182697815,0.9673474431037904,0.686337541796379,0.8179315328744406,-0.475832140294715,0.9656251668930054,0.736431273462969,0.8167372177452391,-0.3352876525387182,0.9746020436286926,0.6733695426318588,0.8586504460550216,-0.2562357250108312,0.9760913252830504,0.7435086187116624,0.8604268152710896,-0.4671167514883141,0.9788984656333924,0.7090821485431618,0.8665767533414851,-0.4348785624609604,0.978625476360321,0.8493505017634682,0.9715235028929117,-0.23184702540634797,0.9776650071144104,0.6313856689228445,0.9762400445206353,-0.09123355026166839,0.9777399897575378,0.9241752478722491,1.1134398505549796,-0.2776589458044307,0.1467343866825103,0.6230002901330893,1.143811489831349,-0.01791741199522906,0.3958573937416076,0.9476317933350096,1.2266390011415504,-0.5043968986882699,0.0401589274406433,0.6179579975779406,1.2598287839918643,-0.3007543924875521,0.0751895606517791,0.9314606421894327,1.253556702605967,-0.5455282585494856,0.0459286421537399,0.5985506462711884,1.2898919302871634,-0.3676094820770057,0.0717106759548187,0.9322595847762113,1.25398719209145,-0.5682767671068829,0.0636365935206413,0.6091506005878702,1.2740048371346868,-0.3898349515470165,0.1005265340209007,0.9201410652152706,1.2537783130311058,-0.5071191311715246,0.0608415193855762,0.5882372915582834,1.2393985861244032,-0.3289300303600269,0.0947130769491195,0.8408646897173658,1.3753628494641144,-0.06919705449246615,0.0014976544771343,0.6905220076293681,1.344564813389376,0.02132199130038437,0.0019586822018027,0.840158116308295,1.611962552983527,-0.2645062650119264,0.0044868444092571,0.7137972869386411,1.5914808895146468,-0.1563728717472607,0.0027107389178127,0.831776134310471,1.8650424578358202,-0.008061374073205795,0.0004125598061364,0.7128045824089393,1.8685717934401413,-0.030876859934091425,0.000270595162874,0.8392376077973701,1.930373987600188,0.012583661458006296,0.000433713721577,0.716618666789377,1.9187762776682096,-0.03581850908167336,0.0005662011681124,0.8416751835156089,1.9417310251566087,-0.2572481425260291,0.000799780304078,0.7549944150717713,1.940582087000884,-0.2923893096188877,0.0011740108020603
2025-11-11T0737.200432,118,0.6948063493802351,0.8425096280207606,-0.4780017474037023,0.9718648195266724,0.7248313152348467,0.8489218553886351,-0.4828368091305737,0.9570932984352112,0.7057686661405114,0.8205117688710771,-0.48914142712599773,0.967398762702942,0.6903261318796216,0.8041306477725167,-0.47755516061613085,0.9638866186141968,0.6843202055962883,0.8182980503952452,-0.4460653007704487,0.9580522179603576,0.6682420182133285,0.8175216705955649,-0.4344459786561102,0.9657018184661864,0.7043760929572274,0.8399217731083789,-0.48496930121444265,0.9637871384620668,0.7370381577818104,0.8220472588522788,-0.3597021083579963,0.9742799401283264,0.6683861545851396,0.8616454751372059,-0.26298905376090986,0.97310209274292,0.7049555258648864,0.8728803361436248,-0.4400823859877663,0.9784384965896606,0.7190218195400733,0.887033471459648,-0.4017722629912681,0.9769925475120544,0.8518366493008124,0.9796217769484532,-0.19327539069647448,0.9760115146636964,0.6157017250645918,1.0038492155406624,-0.10252010561030524,0.9741106033325196,0.9190638713320959,1.1424875566142454,-0.26403248756420816,0.1464652717113495,0.6019206290079562,1.172463880810612,-0.10305853234748327,0.3649365901947021,0.9257330077612711,1.2454053584427953,-0.49444053691337025,0.0377359986305236,0.5814271863858015,1.2748725344976533,-0.379824867862699,0.0692175328731536,0.9164305492070703,1.275553377979793,-0.5468050305671824,0.0438292510807514,0.6007449671215572,1.310941209316215,-0.45063704171697916,0.0669050067663192,0.9330742978632692,1.2787878442901952,-0.5648035548324651,0.0612099021673202,0.5640486247106891,1.2630840861222639,-0.5003557853767782,0.0943647846579551,0.9258226549602875,1.2728731501678134,-0.49971467322174407,0.0582352615892887,0.5983384566103819,1.2517577441932388,-0.37962167693505333,0.0888858959078788,0.7894166891737094,1.3500345131169056,-0.06407170004318484,0.0014435787452384,0.655655453623668,1.3697080168795552,0.028489509121666243,0.0018909286009147,0.8402396811621344,1.5964830161437806,-0.2112155277834326,0.0045912531204521,0.6975562700503446,1.57435487781502,-0.1753850188739584,0.002761757466942,0.8547418623940518,1.8755047719424052,0.020798449323083418,0.0004079493519384,0.7211454915010916,1.8562722274086638,-0.07062970367279513,0.0002734630252234,0.8354456228125821,1.9429178093899093,0.01710023004122919,0.0004136735806241,0.745977393355405,1.91185490639291,-0.07806690882812972,0.0005589704960584,0.848382100232928,1.924120835718928,-0.2996435758588245,0.0007881680503487,0.748431328899349,1.956064362378599,-0.32764488745115045,0.0011710012331604
2025-11-11T0795.825120,119,0.6839627166027326,0.8234550691456057,-0.5038751125566916,0.9739237427711488,0.6706616968587991,0.8113778601018101,-0.48753722827800483,0.9597977995872498,0.7083211688721097,0.8062043589325147,-0.4909252628841253,0.9697009325027466,0.7060215779161831,0.8230788506300523,-0.5147171445293967,0.9662864208221436,0.6858491831231492,0.7993081731016729,-0.4726763198539832,0.9601864218711852,0.6661300718670133,0.831736466737217,-0.4790927123197192,0.9675989747047424,0.6590289831544677,0.8168820902401113,-0.4641298017452527,0.9653455018997192,0.7256685788516805,0.8208828901095354,-0.3297485337400564,0.9760907888412476,0.6486982652043237,0.8432289894271788,-0.2592297937032076,0.9741969704627992,0.7174665698521544,0.889201992473765,-0.4415583869309214,0.980019509792328,0.6762640752398527,0.8448098965953693,-0.4311119065649796,0.9783043265342712,0.8459004774206186,0.9831305474697449,-0.2503179111668607,0.9776363372802734,0.6496388259633736,0.986503787664085,-0.14495459701393854,0.974947988986969,0.8995786854563942,1.1354514894675662,-0.25405101344836434,0.1462557911872863,0.5728919278309633,1.1973131094350455,-0.06781139373319217,0.3390338718891144,0.9495883788354751,1.2812882090532791,-0.4610082049487174,0.0363519005477428,0.6042691787760023,1.3412042184194428,-0.34961823283450244,0.0636510476469993,0.952749377951149,1.3345678981438773,-0.528866709181626,0.0422762222588062,0.5813967575310997,1.401890494968762,-0.4036650451455746,0.0618031732738018,0.9375576547788237,1.3425247216310217,-0.5783021273141484,0.0599329695105552,0.5992574091679114,1.404918158543166,-0.4678836162459482,0.0876714810729026,0.9274254239084014,1.3413079708584106,-0.5153849937109308,0.056808952242136,0.6136808716658148,1.3543668412371728,-0.3852189181616766,0.0825971513986587,0.8296565922564647,1.3518496041235213,-0.06307682705519954,0.0013356634881347,0.6796377998900291,1.360577132437755,0.0740514709844818,0.0017454855842515,0.825932812697929,1.6086006004658648,-0.18294213738264495,0.0042091086506843,0.7063928475101228,1.6456313540588674,-0.08878128036923254,0.0025300260167568,0.8447333277192139,1.916405820755828,0.06200051952769144,0.0003746727306861,0.7424974609560177,1.9067159646718543,0.04461637650830002,0.0002492368221282,0.8747130748787931,1.9390041845379014,0.08239665753403227,0.0003785401640925,0.718353208250226,1.9773434282176563,0.025111467284893205,0.000509686244186,0.8312128859231719,1.980204182816794,-0.2581076581159356,0.000724010169506,0.7421084133176674,1.9993695815372314,-0.2810910048173941,0.0010739765129983
2025-11-11T0782.749972,120,0.6715894331013912,0.8404196846417233,-0.48600932680562836,0.9762173891067504,0.6807417444501126,0.7983351183550815,-0.46705536628999594,0.9631739258766174,0.7161404101251302,0.8173954812603481,-0.4706178723873819,0.9722810387611388,0.7009277958356239,0.779268411913555,-0.469827990263683,0.9691181182861328,0.6619892291383253,0.8180760766135655,-0.47060044242108157,0.9632810950279236,0.6678507647687708,0.8454804788313997,-0.44060802852442,0.9701140522956848,0.6607763503309841,0.8349675011487077,-0.441019299997544,0.9678664803504944,0.7087041537259698,0.8076126183644284,-0.370793168151584,0.9780431389808656,0.6640030087794724,0.8444804024631805,-0.22046069491042572,0.9759611487388612,0.7266437937060141,0.8458710180202885,-0.4606072787849677,0.9817564487457277,0.6782455862544818,0.8570763918248185,-0.38416542160153805,0.979967474937439,0.849716206606365,0.9703942607636072,-0.21538231563906007,0.9791760444641112,0.6486351834128559,1.0023277172505645,-0.09151562668626254,0.9759262204170228,0.9244595109218369,1.1451368324890083,-0.28302372978257856,0.1467364281415939,0.575790510351898,1.2210671553654073,-0.08124537949088498,0.3140273094177246,0.9080255513412883,1.2801235790988654,-0.4754427209946839,0.0355264097452163,0.6100725317579311,1.3281018057981755,-0.3481682489293925,0.0590536631643772,0.9644480357171653,1.340958558410699,-0.5514043795392845,0.0417588762938976,0.595169148902612,1.407710884599276,-0.4112121725955949,0.0579869076609611,0.9204610813453399,1.3544335473534188,-0.5938194969637495,0.0602951273322105,0.6288120618357651,1.3858431649189842,-0.4511128526693015,0.082888051867485,0.9161582320556423,1.321812681052958,-0.5056223602420894,0.0571925714612007,0.6256405202049004,1.3703741848096676,-0.36759200321886987,0.0784342437982559,0.8246298118651202,1.3336142103059128,-0.0670815639880929,0.0012197503820061,0.7105654358152725,1.3435826016594166,0.030516895532690245,0.0015932583482936,0.8554588111179695,1.619172855436737,-0.052785828895138734,0.0038113142363727,0.6962891621328887,1.6668378813166227,0.06939014357591379,0.0022972542792558,0.8410693769576997,1.8843025682575767,0.30684287128990867,0.0003420915163587,0.7350708669148056,1.880163945369543,0.2879587589452311,0.0002264112263219,0.870136030509442,1.9439356347997747,0.3098414235345076,0.0003436423430684,0.7074052061317386,1.9509016886076032,0.33628349707282895,0.000463620875962,0.8528249759746013,2.000445041866165,-0.026729351133980114,0.0006591295241378,0.7343360147854036,1.9807796337141301,-0.02349777112044609,0.0009780372492969
2025-11-11T0798.839763,121,0.6785821392438587,0.8170640415197115,-0.48126148497282845,0.9779248833656312,0.6319785843113553,0.8137719381393211,-0.4815585423778828,0.9654901027679444,0.6843466735519844,0.8011315884581761,-0.48791950884621704,0.9741581082344056,0.6853052487518206,0.8171114475227947,-0.48583083783236375,0.9710971117019652,0.6756076645123763,0.7968849039076968,-0.4439909884063535,0.9650385975837708,0.6666111096835186,0.8392001938336987,-0.43841999142304483,0.9716089963912964,0.6210331046302775,0.8374900578676107,-0.44334245696537417,0.9690064191818236,0.694395819716197,0.8037695425299098,-0.36391906044467703,0.9794402718544006,0.6324358981389233,0.8421367787269652,-0.21787252896681078,0.9765899777412416,0.7079701961142238,0.8583219974326295,-0.4540646950799497,0.9830498695373536,0.6998016415663357,0.8624391044409562,-0.40598290110188584,0.9808549880981444,0.8325286286765684,0.979663130988794,-0.23432895531755527,0.9804448485374452,0.6391246710700894,0.9786530248367442,-0.11314882794174047,0.9759469032287598,0.9028855951347945,1.057427468444535,-0.2647089908092178,0.1516807824373245,0.591940507308195,1.209907285077362,-0.10047566434225182,0.2892650663852691,0.9292203703350372,1.2911196624046595,-0.4734090439858271,0.0357190705835819,0.6111027687887522,1.346922758182331,-0.3510073913683188,0.0544521138072013,0.9405029659521807,1.3358163491301631,-0.5360588418918144,0.0421585999429225,0.6045872402489618,1.3905617441988518,-0.4320889223543616,0.0539425499737262,0.9635464012118294,1.3396325312936492,-0.5800177728943557,0.0619692653417587,0.6426445255276132,1.3943433693338927,-0.4667634782317127,0.0776048451662063,0.922810802733505,1.3161677147415765,-0.4859875614319252,0.0584931820631027,0.6394134273727806,1.3760875835411948,-0.36099491763356734,0.0736124739050865,0.8304633310080994,1.3511749571320522,-0.0512167066028288,0.0011221659369766,0.6729228341230433,1.3468102319034516,0.05580782441058844,0.0014630584046244,0.853324467095715,1.6246507973173394,-0.08240355064744528,0.003462855471298,0.7216542366089783,1.6577854364044382,0.0015464008853142731,0.0020904573611915,0.869880121816653,1.9002191991086834,0.17103081939715964,0.0003136339364573,0.7199029857225725,1.9174649295658241,0.2160881515133922,0.0002065884618787,0.8488596179257345,1.9572044477159871,0.21218615293404833,0.0003131180128548,0.7269833773189907,1.9640301627791652,0.24627912218373346,0.0004233826475683,0.8276728207730161,1.9807397994753295,-0.12144782505501675,0.0006047173519618,0.7443009931034256,1.9930596992504808,-0.11946040166056836,0.0008960602572187
2025-11-11T0768.504963,122,0.68872993986598,0.8234763660404929,-0.4705300547073343,0.9799340963363647,0.6701587988804192,0.8015546365590291,-0.4641900637651355,0.9685817360877992,0.6675064491512113,0.8122417933623728,-0.4549447897297268,0.9764904975891112,0.7211831141757205,0.7919669036970943,-0.48018229454404854,0.9736892580986024,0.6693838287343863,0.7990143657029132,-0.4484185574893799,0.9680101275444032,0.642823054766918,0.7949278135140638,-0.44668188445273954,0.9740102887153624,0.6542104233967152,0.8295568994735043,-0.43425965935033195,0.9715390801429749,0.6930390218024906,0.8098713593965391,-0.38584979677410963,0.9812985062599182,0.6418221787699804,0.8387685169444965,-0.2184073290919752,0.9784126877784728,0.7200912000524393,0.8063455906657252,-0.41614627943526805,0.984610378742218,0.6828064572428406,0.874208928719206,-0.39035615330938017,0.9824556708335876,0.8109268458538123,0.9475976461801006,-0.2394695043965666,0.98196542263031,0.6508471597871078,1.0103969302377145,-0.1017784502733659,0.9772713780403136,0.9128139869867788,1.0927330420814472,-0.2542394507306006,0.1567882001399994,0.5865362892052531,1.2406127013887223,-0.0866398994552905,0.269825667142868,0.9236445953392971,1.3046286407097523,-0.49529145327601465,0.0354398638010025,0.602161139358247,1.334192360604931,-0.36685669592171016,0.0509509071707725,0.9443865251663942,1.3689299521536882,-0.5318891930916827,0.0418973825871944,0.6006870286752181,1.3898291626921113,-0.43883404728066255,0.0510822832584381,0.9424848843135224,1.3684854997034401,-0.5776599345616409,0.0625497922301292,0.6213649076650792,1.4116651562791473,-0.5020503323541857,0.0742057934403419,0.9224072167947398,1.3460965287714022,-0.5107613953528278,0.058876983821392,0.627310521137977,1.3588059347754586,-0.41739495747631394,0.0705373585224151,0.8372041414028093,1.3360280045816908,-0.057983819926624894,0.001046780613251,0.68769442157152,1.3443227362881107,0.07429552909311621,0.0013636157382279,0.8207011766766531,1.6120041505046383,-0.10098830378805686,0.0031534512527287,0.7004573498179097,1.6279014892585897,0.002322705980855308,0.0019098269985988,0.8762963285973879,1.9144833975125193,0.1814272485393,0.0002886758593376,0.7363922534708145,1.9189336013793639,0.20986911767875438,0.0001887841644929,0.863287742123876,1.9369475618853642,0.19644127939587458,0.0002859605883713,0.7367957897785334,1.9677428699397395,0.20786837815430118,0.0003880135773215,0.809240048797913,1.9834054644894659,-0.1326646318283622,0.0005540848360396,0.7529075490125335,1.9758352592154564,-0.12708165679916042,0.0008226397330872
2025-11-11T0724.168345,123,0.6347013316886697,0.8254847109463507,-0.43440693044342893,0.9815398454666138,0.6944477448331681,0.8175928320763644,-0.4447565755226389,0.9709274768829346,0.6614961150721494,0.802976809828856,-0.45528864305614014,0.9782852530479432,0.688703135345133,0.8088581254972027,-0.45481444025419127,0.9756425023078918,0.6351885534779508,0.8400912105374425,-0.3833176684741536,0.9700234532356262,0.6009776463507395,0.8103929651706243,-0.40707364795858947,0.9756394028663636,0.6059248998571847,0.8534289803741703,-0.41621471970186164,0.9731013178825378,0.6757145836177014,0.7903882168606202,-0.36945007705015476,0.9826876521110536,0.6274465926493058,0.8392434941598271,-0.1796643850936345,0.979521095752716,0.698950504582197,0.8442718579470948,-0.3995483088689124,0.985859751701355,0.6675590330113426,0.8741344507233376,-0.35494986906822645,0.9835467338562012,0.8125171190032972,0.9375389204332076,-0.27358641105000475,0.9831278324127196,0.6283216371751452,1.0027577429072403,-0.1059131391105149,0.977924644947052,0.8828464114271445,1.0966238275608664,-0.2798324163938354,0.1564760208129882,0.5856832446511149,1.211115450378172,-0.08822627238904951,0.2504132986068725,0.9201307807639441,1.304948162834091,-0.44831031597974225,0.0340114794671535,0.5926784482467079,1.361872895737496,-0.3489058807563842,0.0469461940228939,0.9527100319986208,1.3470674177513704,-0.5233559060508485,0.0403293333947658,0.5867136580234272,1.395431700332677,-0.41542135272222314,0.0473446659743785,0.919630493967912,1.3856582929525945,-0.5887524990652974,0.060788843780756,0.6234752525580143,1.4016134876101576,-0.4445937855518867,0.0691517814993858,0.8890797376011457,1.3316173861914349,-0.4743826107264962,0.0572402626276016,0.6497112864556945,1.381388331784913,-0.417136684661757,0.066007949411869,0.817929494696342,1.3169642656790157,-0.060772214284610104,0.0009664990939199,0.6966250156135344,1.3549322559098274,0.07460857991505805,0.0012578720925375,0.826782098747654,1.6251973195965477,-0.044909221213596785,0.0028594124596565,0.7206117730627513,1.6337140135026655,0.08531392194949555,0.0017374266171827,0.8330089071172919,1.888871408862755,0.2864689279231001,0.0002641578612383,0.7419890833092151,1.9156690261348834,0.3326695247546051,0.0001723304740153,0.8510915431953988,1.9589959438282536,0.3060380964944241,0.0002598095743451,0.7258640237768081,1.9729111272556823,0.3670287264096431,0.0003549835528247,0.8350119251994769,1.9723615475870822,0.005582097936675736,0.000506357231643,0.7500441523713212,2.002806879347581,0.025829130753339754,0.0007523918757215
2025-11-11T0710.223055,124,0.6223637541200877,0.8401818412834137,-0.4261400525954903,0.982574224472046,0.6500270605932167,0.8063414099390376,-0.43485123442875406,0.9722657799720764,0.6643717613103531,0.8115443475297635,-0.44018890946218703,0.9793580174446106,0.6686501248943519,0.7901748179408802,-0.45009012024002737,0.9767037034034728,0.6397687711482792,0.8258239192020721,-0.4241621845980536,0.9707003831863404,0.6343138036688148,0.8308498029555037,-0.41510955923450255,0.9762349128723145,0.6179329899585232,0.8398030785829645,-0.39330305446107905,0.9734414219856262,0.6836116849570817,0.8037343121036519,-0.34689006089707886,0.9834792017936708,0.6509243896633224,0.8506467175404924,-0.2030765113640642,0.9797601103782654,0.6764478363719845,0.8931498489572947,-0.38183965998881997,0.9866762161254884,0.6270441945629188,0.8705056477853981,-0.3335892051920869,0.9838772416114808,0.8354346278108077,0.9659437159782123,-0.2813985027417207,0.9838477969169616,0.6415424214411166,0.9789807470130546,-0.10231575376216881,0.9781811237335204,0.8723044764147829,1.09027421045409,-0.28495968760217266,0.1517635881900787,0.609646467965439,1.2121765633072776,-0.06717333996011854,0.2338954955339431,0.8989438951569202,1.3017094199963692,-0.4406866796442505,0.0321648158133029,0.5933704839596352,1.3690336050985643,-0.32348878204099424,0.0434303171932697,0.8816390899122178,1.3624739577379297,-0.5101152763099173,0.0382405295968055,0.6091676059655488,1.3979024516619278,-0.3930428944968028,0.0440274290740489,0.9328803850375248,1.340138075247019,-0.5604580807865372,0.058057464659214,0.6051937551687717,1.410485083157178,-0.4355651270980217,0.0647011920809745,0.8877383903144674,1.3522124382961618,-0.4715441926880311,0.05464618653059,0.6083632221653346,1.3498309857509814,-0.34211988251353076,0.0619471371173858,0.81487882200074,1.3357904200444735,-0.06926822916263169,0.0008875530329532,0.6739723181714304,1.3540624785013464,0.08130705822821295,0.0011563445441424,0.8059204788206471,1.6324399823525204,-0.04171926771290227,0.0025908590760082,0.7017948778460046,1.626885200916273,0.07628762285951801,0.0015819465043023,0.846902518803656,1.9269368189588523,0.2967420107334668,0.000240937777562,0.7551327829701519,1.9066840837202832,0.3596835707754438,0.0001574850175529,0.8406614106173658,1.9337549827023615,0.3315992839042039,0.0002357627090532,0.7096967761151016,1.9561192831684089,0.3687588085607759,0.0003257006173953,0.7719190530680424,1.9629023153390655,-0.0002663792842043282,0.0004630827461369,0.7077680861090679,1.9938698379537874,0.04421818111487764,0.000690775050316
2025-11-11T0764.953781,125,0.6388191564297568,0.838042083768866,-0.38345714736320935,0.9838992953300476,0.636959832946877,0.8024984688009591,-0.3642486097169447,0.974301278591156,0.649770879803359,0.8480740474706786,-0.38974489422022224,0.9808976054191588,0.6098146217021514,0.8444732039378511,-0.40352652439206776,0.97842937707901,0.594353312831507,0.8282431362540782,-0.34712079687613295,0.9724380373954772,0.5987731057872037,0.807390479385623,-0.36803734418569506,0.9775944948196412,0.6028303666323305,0.8246566271782753,-0.35053331115959246,0.97483229637146,0.6721562833491546,0.783060320087364,-0.344222003007637,0.9847548604011536,0.6217970940265987,0.8708941959083631,-0.1616190796360289,0.980848491191864,0.6545189169052235,0.8381918508022718,-0.38133081138865754,0.9877168536186218,0.6545402535912574,0.8634393182883155,-0.2746373399726073,0.9847248792648317,0.8205974361926126,0.9588244688167366,-0.25272153303556205,0.9850506782531738,0.5898633483233663,0.998739381174771,-0.09026575403287945,0.9786221385002136,0.876917465547663,1.087182266250491,-0.27830204444777934,0.1516980677843094,0.6370264396766089,1.2198170653432594,-0.05603032637609262,0.2185693085193634,0.867841581131508,1.3053148847589708,-0.43648080505083026,0.0316280238330364,0.6170415149466016,1.3742174080622513,-0.2924111854356647,0.0399219468235969,0.8697799030190424,1.3579512064022299,-0.47002737674292044,0.0372897647321224,0.6200971171995122,1.410124029819107,-0.29775808123828035,0.0405858531594276,0.8718598091544552,1.3961544850372352,-0.5495808308525545,0.0572137758135795,0.6170066263121778,1.4057397026453278,-0.35533130572897137,0.060004636645317,0.8556971041810774,1.3441711722062073,-0.4580757112548249,0.0537229552865028,0.6302860464246073,1.372961472702164,-0.31041112267484366,0.0577137507498264,0.8020069182725508,1.3502147344499986,-0.04989559117336649,0.000814248342067,0.6801714880562295,1.3442923269255813,0.0635049244053666,0.001059515052475,0.832085425310657,1.644572677562292,-0.05044350472371464,0.0023407361004501,0.7105267700588287,1.665393315965976,0.11188571261276814,0.001432760618627,0.8447680731866446,1.9040402943125485,0.31710369856753856,0.0002184011245844,0.7210242897241157,1.9196628897328865,0.4583134771029204,0.0001425713853677,0.835687303395334,1.9152812247934166,0.34335755567670173,0.0002132118534063,0.731350681527637,1.9604090457477494,0.4328104640366206,0.000296080193948,0.8091734993858044,1.9716121922688628,0.04307861600594862,0.0004201499396003,0.7303242461840251,2.008091821444346,0.1103947934269444,0.0006285181152634
2025-11-11T0765.893234,126,0.6306746052812661,0.8439298845248359,-0.33714326843449693,0.9848509430885316,0.6230744994332758,0.7838270037680783,-0.36474422029246617,0.9757763743400574,0.6214927329219418,0.82659826332622,-0.3679068251553669,0.9820215106010436,0.6567846190421968,0.8099668083765136,-0.3757160725911158,0.9797055125236512,0.6002258079552031,0.8440873380027668,-0.3219608761656972,0.9733227491378784,0.6283152042473547,0.8521420588805131,-0.3446996519121725,0.978163719177246,0.6301649781129943,0.8184627518122262,-0.3140778100277715,0.9753269553184508,0.6570425717897144,0.8196608709643267,-0.33351591782819945,0.9857934713363647,0.611787083159396,0.8397621863695891,-0.12785295189398402,0.9813120365142822,0.6375058149982555,0.8521776413886069,-0.3478393104501283,0.9885271191596984,0.6491227271988996,0.8704436648277849,-0.2717612268667042,0.9850760102272034,0.8376280131089576,0.9389996726116291,-0.26013620297448964,0.986112415790558,0.6249736297726761,0.9933242397578559,-0.03266730857289077,0.9785200953483582,0.8718140683206909,1.1015636838164131,-0.3162692043120397,0.1558557897806167,0.5958478866822959,1.2246483553079892,-0.004458508897811358,0.2040754705667495,0.8848533368380154,1.2930486084762494,-0.42455926751971584,0.0311528164893388,0.6130015944464016,1.3680340222546494,-0.24208749055283113,0.036677423864603,0.9285673554460424,1.3823793014906955,-0.46200289181764126,0.0364011041820049,0.6154925468529292,1.3941645825319142,-0.3307896343265525,0.0374011173844337,0.8705532752179498,1.3400121415136592,-0.4933131085456477,0.0563840046525001,0.6101124202125869,1.4170723675782055,-0.3258234355607661,0.055600207298994,0.8733226773821411,1.3036131135758293,-0.4379690162611798,0.0526011995971202,0.6140145863152502,1.3742725088058647,-0.2846559173000681,0.05365876480937,0.818982845209084,1.331423522716733,-0.10398657049997484,0.0007437645108439,0.6557162028253422,1.3474686221678365,0.07387952351400123,0.0009673035820014,0.8124365710067786,1.6336585083762798,-0.0438195294653617,0.0021162987686693,0.7041484327106821,1.65132612307394,0.1161218746731967,0.0013009811518713,0.8539566165533137,1.8921203775289037,0.2947634053498875,0.0001982459216378,0.7221877006453546,1.913051595366297,0.3782579357079202,0.0001295239489991,0.8537660210709198,1.90775591787521,0.3168701612439997,0.0001929588470375,0.7026204981919713,1.977545299780751,0.4116025205536821,0.0002706203085836,0.8297056719405749,1.991185246106805,-5.2199198984417654e-05,0.000381630990887,0.7162942419818186,1.9875003155637854,0.07109454264096093,0.0005737763713113
2025-11-11T0779.449448,127,0.6121694489377294,0.851544831335257,-0.30522687393502473,0.9856338500976562,0.6256182098126967,0.8268068723892494,-0.33744629025402856,0.9770737886428832,0.5944615448198012,0.8128153054467299,-0.34981512726485625,0.9830325841903688,0.6457583566402548,0.780398875134226,-0.33757690403077156,0.9808943867683412,0.5997568951271901,0.8384336511848973,-0.2989881354557067,0.9739076495170592,0.574217060251328,0.8373486886995508,-0.31375060360914514,0.978419303894043,0.5845655746382316,0.8609999751977835,-0.30764282898037676,0.9755544662475586,0.6429146334697221,0.8031037947895803,-0.35283380728297375,0.9867748022079468,0.6126294995716879,0.8361458825938911,-0.0823859488872039,0.9816122055053712,0.6407158585354803,0.8596820499858714,-0.3092863902537674,0.9892045259475708,0.6452602006905135,0.8767906708319265,-0.23976644927756452,0.98515385389328,0.8128701201752746,0.9530616022985497,-0.30960623542663157,0.9871184825897216,0.6129882569634028,1.001864100575232,-0.0020664648246892037,0.977601170539856,0.891329938293008,1.1222199544654998,-0.3686495467259567,0.1639085114002227,0.6291129226550545,1.2193838899233456,0.10443692732663906,0.1895019114017486,0.8736759509202457,1.331951654390849,-0.4469810648299746,0.0305475145578384,0.6234939875281285,1.342312057268453,-0.07245483482306876,0.0336709395051002,0.9011386223038025,1.3922915013415669,-0.5198838229946057,0.0355403758585453,0.6038581684526767,1.3876941179482682,-0.120901402549682,0.0344802737236022,0.8749345516731315,1.3718371745732862,-0.5112053790737967,0.0556782595813274,0.6067434949097236,1.3891828515083586,-0.1744582810815949,0.0516208596527576,0.8660178523322026,1.3411375470911122,-0.45855799781585377,0.0513137057423591,0.6125330732612281,1.3721130336517358,-0.11710203802086463,0.0499574579298496,0.8028233008645606,1.333587183121802,-0.10360210291963445,0.0006775179062969,0.6571608281467399,1.340954136734202,0.07277793374858241,0.0008801787043921,0.8281165028391698,1.6437592229709626,-0.07931090043971165,0.0019146100385114,0.6893375069805033,1.6814023546013275,0.13050769449960242,0.0011834127362817,0.8405300941005036,1.9123675699840121,0.287602027355765,0.0001796131400624,0.6755168336512488,1.9375175254309154,0.37714622811640264,0.0001176190271507,0.8470729695555771,1.9592011996191707,0.28871655456474626,0.000174397995579,0.715289432475827,1.9694408247622874,0.4120526966084869,0.0002470200706738,0.7805143323082838,1.9843955299183125,-0.058424602420994565,0.000346471730154,0.7208670332134183,2.0000431833478616,0.07583414126901299,0.0005235141143202
2025-11-11T0740.895549,128,0.5694984505672697,0.9110476188709475,-0.2629758699404505,0.986867129802704,0.599176849000867,0.8620336599980277,-0.2867147710504749,0.979083776473999,0.5735556528721707,0.8460023798273872,-0.3131838975571582,0.9844943881034852,0.572927329446331,0.8391740384081403,-0.2994479690668084,0.9825875163078308,0.5446386126069379,0.8186555918875171,-0.23516745578121526,0.9759924411773682,0.5667688167627662,0.861113349197177,-0.21742515628688888,0.980021357536316,0.5814345387890356,0.8508096135621518,-0.19333026761232414,0.9774525761604308,0.6323220988409107,0.817516689861616,-0.3920092454507136,0.9879862070083618,0.5941307550138606,0.8831931345412564,-0.01183296697675119,0.9830082654953004,0.6014888616105921,0.883515364896628,-0.29255065219987714,0.9901517033576964,0.6110851456987298,0.8892275325864892,-0.19122532207716497,0.9862372279167176,0.8205065025738799,0.900634308686057,-0.3733934954829471,0.9882656335830688,0.6235605323897434,1.0148780710537617,0.05996169804405893,0.978496789932251,0.886078277644638,1.1438053998984945,-0.43217783840199775,0.1869784295558929,0.5856397119420513,1.2359158043512362,0.1855581548868038,0.178025484085083,0.8873888817050645,1.3244604824374153,-0.46648359211918267,0.0311434660106897,0.6091946505910457,1.336373737750543,0.03843197465243418,0.0309912636876106,0.8668681037207926,1.3854696949191627,-0.5422317010370497,0.0359458364546299,0.5986484999916998,1.370388464575201,0.028440058704207013,0.0319490209221839,0.8306088175577475,1.391279114770078,-0.5369734562001928,0.056963812559843,0.6122942350775048,1.4072727902352393,-0.03410961254307009,0.0482399500906467,0.8817425560694091,1.3192786817038122,-0.4695217096744712,0.0518144890666008,0.6105910292525998,1.3952486623634486,0.005887913317965491,0.0468793772161006,0.8087699154566341,1.3491993816209045,-0.12453986525733698,0.0006176466122269,0.6650161165117444,1.3812106000637092,0.16611351096198892,0.0008011597092263,0.7941794542381914,1.6697756331547104,-0.08366120536552114,0.0017314122524112,0.6830014886385587,1.646704660950734,0.18249805519469675,0.0010766711784526,0.8119135274817996,1.9348197139321612,0.2773288288918896,0.0001624639990041,0.6887609715663825,1.930557417417819,0.4468221002050874,0.0001064998796209,0.8220763577713049,1.9641048865279254,0.27193949248028937,0.0001574690104462,0.6851133241801768,1.9684978493294687,0.4769615802597096,0.0002254429127788,0.7708303167726347,2.012490288924623,-0.02696061388825713,0.0003137102175969,0.6989420279275209,2.0010605656268172,0.17118775471810116,0.0004757585702463
2025-11-11T0772.317213,129,0.5507396228492845,0.8738897566666521,-0.21193744019522684,0.9878708720207214,0.5408916433842719,0.8160077809269316,-0.23743874192623585,0.9808149337768556,0.5663254980694292,0.8642200638572266,-0.25474291021219925,0.9857339859008788,0.5964124414524266,0.8495144173212844,-0.24079249042425488,0.9840700030326844,0.551653320955478,0.8226165972087367,-0.16184991605614799,0.9777323007583618,0.5272769475602698,0.8550195518146703,-0.2062011224029584,0.9812700152397156,0.5384774963282812,0.8585040700313136,-0.17013681530240476,0.9789994359016418,0.5781193453883704,0.8301714614163291,-0.3173573814654737,0.98905748128891,0.5901385417113235,0.8481685961038267,0.005116184603593381,0.9840508103370668,0.5780786208797518,0.9074195512182422,-0.22107512667008458,0.990927755832672,0.5897427561022947,0.891999929653121,-0.1857351571421993,0.9869121313095092,0.7831770493194756,0.934899497807426,-0.37848038740362466,0.9893115162849426,0.5973740485717307,0.9731168864516675,0.13561445986316026,0.9784361720085144,0.8866536995254033,1.1215562316971004,-0.454427758425675,0.2107992470264434,0.6348454272123845,1.2233616495568072,0.19957912480347717,0.1648114919662475,0.8861244403713244,1.3302360595958171,-0.49723921577865193,0.0333074294030666,0.5778140976139039,1.379488103312395,0.04275606852995439,0.0284799840301275,0.8986546307417274,1.377262486385043,-0.5502253433531796,0.0382070764899253,0.5897987691931906,1.3998554550656914,0.05689764757824395,0.0296823047101497,0.8591506132938909,1.3666479009612797,-0.5294244501613818,0.061129380017519,0.6113857667467557,1.364565447092058,-0.024644512601711407,0.0452353954315185,0.8209057474176114,1.3467850052011683,-0.5070676043947048,0.054856963455677,0.6090106982424984,1.4079273874847908,0.051813238235578984,0.0441655479371547,0.7938370303907992,1.3461122233176328,-0.13382688791392736,0.0005636261194013,0.64927444569723,1.348799063855351,0.13414833897450057,0.0007281751022674,0.781846767245951,1.6655967885953318,-0.1096677693540109,0.0015668248524889,0.679163575828672,1.6529860971364672,0.22799625680798405,0.0009789208415895,0.8167134823821414,1.9300233889555252,0.2369469968216551,0.0001470654824515,0.692549419325958,1.9202194829880384,0.4619527469505349,9.637897892389446e-05,0.8606928919879627,1.9648572950573124,0.23718111485162802,0.0001422745699528,0.6792929212860485,1.9716881527326382,0.4644419878018213,0.0002058911049971,0.7678619636277553,2.02172445855563,-0.05288355183184015,0.0002840749802999,0.685882185809322,2.052625585806787,0.1911042968601842,0.0004326560301706
2025-11-11T0757.114484,130,0.5346967316996132,0.9153914008218704,-0.2405992270506568,0.9887080192565918,0.5285064136103915,0.8657625576513016,-0.2477267993429802,0.9823843836784364,0.5410921814222787,0.8513716178225936,-0.24835176187576694,0.9868784546852112,0.5156673999903881,0.8425656153752107,-0.2574035021391849,0.9854241013526917,0.5258538407253435,0.8643569989885735,-0.1908611515089474,0.979249894618988,0.5623485060792374,0.8835477844876992,-0.21669700611370052,0.9822552800178528,0.5140928501925817,0.8740810214296235,-0.19420570073082147,0.9801106452941896,0.5840706960486707,0.819596838116047,-0.32408286994809105,0.9900528788566588,0.5461283180421617,0.856213212740068,-0.036282090850368015,0.984778881072998,0.573110790154721,0.9180233949884716,-0.2545376507817114,0.9916245937347412,0.5673462612543352,0.9000667732904946,-0.17781574040800027,0.9873414635658264,0.7703624129438239,0.9064653656590062,-0.41827176942427835,0.990283727645874,0.5961144463056576,0.9672485222131163,0.08587358000633007,0.9771674275398254,0.8384408610092507,1.162166372795391,-0.5064789083653587,0.2392168641090393,0.5893960949723579,1.1102112832217885,0.23809907808443487,0.1519149243831634,0.8388288094976001,1.3143135080062607,-0.4818308647270121,0.0429801531136035,0.5442466415228341,1.1309413334905183,0.1978540578444997,0.0285928212106227,0.870565399313647,1.3781005302253706,-0.5266041363468162,0.0508461445569992,0.5656164915761102,1.1503526830529822,0.21553620450891603,0.0311117693781852,0.8162045627716082,1.3734061959911252,-0.4671658717902651,0.0808808133006095,0.5549311248457528,1.1321929014913925,0.17245609039652174,0.0479781553149223,0.8335720748819387,1.3373337084824974,-0.46137711994981345,0.0708175599575042,0.5680056334272566,1.1565728585264334,0.18355585378404965,0.0472887158393859,0.7755644256895962,1.340007353658032,-0.16033343399470346,0.000521752401255,0.6303464307614631,1.36734998700469,0.17078906537467564,0.0006642747321166,0.7579299431092077,1.6732476469267916,-0.13535687389085968,0.0014262497425079,0.6800530724511631,1.672109458715811,0.2535247809340362,0.0009003513259813,0.7850478837295581,1.9472022746336548,0.2042151768827875,0.0001330132363364,0.6985686131584803,1.9338208428344243,0.45578603337093987,8.71578959049657e-05,0.8375401351261266,1.9985714553454628,0.22939128373214962,0.0001284642057726,0.6700109662587326,1.9714938748810689,0.4779502623572024,0.0001862725039245,0.7380308068227873,2.0271307479481573,-0.04728720498518677,0.0002572177909314,0.6687826999022718,2.051360262348782,0.19004401329407777,0.0003917116846423
2025-11-11T0735.863243,131,0.5160220329212307,0.9322076559193216,-0.2117862812640695,0.9894169569015504,0.5491471828306025,0.867091861326883,-0.23633754927324296,0.9837449193000792,0.5198098562192688,0.8796776855939176,-0.2291412600957296,0.9878553748130798,0.5364253440308482,0.8674040356481738,-0.24327488272838205,0.9866231083869934,0.51699750709553,0.8923420707908736,-0.16807063882593126,0.980472981929779,0.5207797272649423,0.8981008937730817,-0.17047526205526323,0.9829420447349548,0.5287125965896676,0.8565598932261879,-0.1909451749578423,0.9809451699256896,0.5637386272501362,0.8202175581865371,-0.36478399476282725,0.9909359812736512,0.5576902624253668,0.8451407102387768,0.020328755277625857,0.9850903749465942,0.5468316310521628,0.9161399381922175,-0.18899090919355693,0.9922207593917848,0.5408479899643299,0.9259526066270416,-0.1416407573757849,0.9873791337013244,0.7145955008056604,0.8782730812793546,-0.3988369304424785,0.9911755919456482,0.5895752144295723,0.9509693896620397,0.12324291060365783,0.9758836030960084,0.8400412471977837,1.0596778286029667,-0.4798585687914955,0.2802077829837799,0.5692512435961359,1.1219210482694926,0.23073657839349973,0.1430417597293853,0.8328924049120299,1.3193984860615855,-0.44838674133832507,0.0614585988223552,0.5287933919156945,1.05461597067389,0.13564782726155558,0.03619996458292,0.8453820346128765,1.3820938640118796,-0.44115619066866996,0.0727831348776817,0.4991816289844766,1.0255091605621751,0.14844438500205345,0.0395859107375144,0.8481714332923521,1.3826846630403213,-0.42275068436711183,0.1123063713312149,0.5474057039765462,0.9831024151330657,0.1234986611572138,0.0601455718278884,0.8087406867693797,1.3650321399602352,-0.42863098122369514,0.09713876247406,0.537854956487213,0.9917349565036339,0.11288815236502478,0.0590569265186786,0.7630524380786313,1.3494525689149224,-0.17041543350083876,0.0005018857191316,0.6530043963427568,1.3554346322902862,0.19362263699471105,0.0006180495256558,0.7634213505329779,1.6457290229092236,-0.20538353511866136,0.0013203925918787,0.6289960096208634,1.6479441476345802,0.16707851880184982,0.0008483763085678,0.7736107039146793,1.9292468759246446,0.062076645152455354,0.000120697201055,0.637515724362346,1.9449144563445553,0.4351199718702518,7.911308784969151e-05,0.7950961067903828,1.9737425128771244,0.07271638316841794,0.0001161565742222,0.6594614407829283,1.9603598209918671,0.44199562977822376,0.0001687445765128,0.7185016084308358,2.0423306209047727,-0.18705307001128807,0.0002333368029212,0.6420304467201337,2.027307902317268,0.13877846796028537,0.0003553070127964
2025-11-11T0793.741090,132,0.5300292414166824,0.9003515268439648,-0.19286387682356973,0.9899559020996094,0.5224791902909467,0.8684657862372125,-0.21060062739133087,0.9848405718803406,0.5399995543507047,0.8387563726930467,-0.2247927394217653,0.9886346459388732,0.5377614880346536,0.8639378486851071,-0.24870062824793918,0.9876194596290588,0.5072342059021836,0.8696379304961531,-0.1687985182845528,0.9813294410705566,0.4951001585469475,0.8689072686446125,-0.1527304373437018,0.9832627177238464,0.5031215627780922,0.8714244707817139,-0.16690014358325866,0.981436848640442,0.5605996166111542,0.8126809954733344,-0.3468149149974192,0.9916886687278748,0.5306750489726446,0.8447699106904895,-0.004299214455527183,0.9852930903434752,0.5363026903117687,0.9145889791401881,-0.1977863752977312,0.9927501082420348,0.5459983489124894,0.9053858769172591,-0.12128845570143322,0.9875326156616212,0.7159953366962736,0.894747506169851,-0.40986771943582406,0.9919969439506532,0.5773662697010001,0.9328298870868946,0.16590418727290338,0.9768043756484984,0.8199916638298237,1.0872124979370201,-0.45801039694354456,0.3212279379367828,0.5317850285698363,1.0775109013096793,0.2852535979664376,0.1410135924816131,0.7857308382203297,1.293409522636222,-0.4098143989725401,0.0765820667147636,0.5089172519909161,0.9719282411778093,0.2521899039895271,0.0482353083789348,0.768789457362328,1.3538097516539518,-0.40782199066536634,0.0896693989634513,0.48297600516001465,0.9584728020356151,0.2593091616309019,0.0494341775774955,0.7845969766551734,1.3695875616702644,-0.3970599846035909,0.1360539495944976,0.5140022686385604,0.961942626721808,0.24093600518732886,0.0730677843093872,0.762159954351157,1.3533891168915766,-0.37234988781294825,0.11577670276165,0.5276403184864324,0.9668532093625388,0.23389358310629513,0.0715606808662414,0.7291067710581512,1.334045314977798,-0.17592964670401953,0.000491353450343,0.6252117901365672,1.3172230882989306,0.17597606204697291,0.0005857274518348,0.7202835668402073,1.6639634053242673,-0.24243089041609545,0.0012555491412058,0.6149871908119301,1.6331850118030027,0.1916762826343778,0.0008406187407672,0.7733036926218778,1.9343079838916628,0.04174966855672473,0.0001107089992729,0.625363424521765,1.8993368990633799,0.3755542774067993,7.265635213116184e-05,0.7387176891067786,1.9752801001921558,0.0558510236254207,0.0001057948902598,0.6269882100912177,1.947141695147056,0.3390443214228788,0.0001542798709124,0.7130153216961471,2.035172090139098,-0.1768113763524065,0.0002132446825271,0.6063733329240608,2.022276531632504,0.09623281973050347,0.0003245703119318
2025-11-11T0770.848143,133,0.4974008630622581,0.9054251758964308,-0.25012593844427394,0.9902828335762024,0.5017245953646683,0.8716770311602263,-0.2728272314234801,0.9854847192764282,0.5267151387161817,0.8659168967789301,-0.27075614037460755,0.9890238046646118,0.5172002365298685,0.8641944712377344,-0.2853239728005285,0.9882081151008606,0.5156136370171964,0.8572772705174635,-0.1919140771733405,0.9817729592323304,0.49619239167876583,0.8624387237170081,-0.1979695616779039,0.9833167791366576,0.512326265657629,0.8573798208645168,-0.22380526483729607,0.9817817807197572,0.5275718367013066,0.8387743726117249,-0.3553584671246719,0.9921782612800598,0.524586147531906,0.8499464916347362,-0.03309460177972235,0.9851486086845398,0.5667915986514405,0.8832189421132055,-0.24757839845628268,0.9930458068847656,0.5154088540794018,0.9120351514930661,-0.14937318722425844,0.9874078631401062,0.6836701334763335,0.9117472697664593,-0.3779320667346704,0.9926409721374512,0.5651755246601687,0.9264611547604878,0.10241268796563206,0.9778673648834229,0.8240037691148405,1.1199025587737284,-0.4282219831660795,0.347920149564743,0.5145044738999416,1.0822565282348382,0.24017464913025985,0.1427455246448516,0.771995588861162,1.3178285418722568,-0.36463707966386305,0.0836035683751106,0.5003161409608857,0.9805044998534876,0.1635723740943492,0.0726082473993301,0.7773358754507985,1.3554493111988042,-0.36555426121189,0.0992752090096473,0.5042246340019396,0.9669193480532384,0.13041459312763676,0.0691812261939048,0.7370104057164871,1.3591793767184466,-0.3940458961921325,0.150069773197174,0.4868195052660599,0.9481275937253515,0.10769136628653225,0.0979969650506973,0.7600464098989735,1.3572862435409618,-0.38527983455966586,0.1260656863451004,0.5356261437148857,0.9680831201796722,0.15421535219667434,0.0932005047798156,0.7154073184436697,1.3123984535776492,-0.13410739185944145,0.0004824321658816,0.6157036332058654,1.3110570501272465,0.14866441719009435,0.0005639439332298,0.7233595654599039,1.6289900256526668,-0.206348475630218,0.0012751108733937,0.6191696945649481,1.6055866849801237,0.14667575759940607,0.0009205810492858,0.7523291756150106,1.920817523624858,0.060030731452470405,0.000103839309304,0.61336228526664,1.8928436984734658,0.3154902378137457,6.924085755599663e-05,0.7239703011311743,1.9747814234718795,0.08529207486587123,9.720067464513704e-05,0.6084104949724676,1.9235980006609457,0.320574067743824,0.0001440545311197,0.7092428787493978,2.0361717494344007,-0.1519980316542088,0.0001973828912014,0.5962402795371466,2.0133506789710127,0.05562214535283875,0.0003017548006027
2025-11-11T0729.509432,134,0.4938160500578442,0.9145806699162004,-0.3349983586990501,0.9908201694488524,0.5043011400424818,0.8613373576829133,-0.35724898438714137,0.9863290786743164,0.4896635166940646,0.8594925020232457,-0.37555972735035137,0.9895995259284972,0.5037480338957092,0.8541756959004193,-0.36735798482804866,0.988886058330536,0.5127417626564384,0.8791769231907852,-0.2937856930593484,0.9825207591056824,0.502739522812996,0.8723238409297349,-0.3086890805772752,0.9838177561759948,0.5005598002194687,0.9215102078697371,-0.3157645038332434,0.9824009537696838,0.5305471337302337,0.8375148973377464,-0.42068607236099864,0.9927774667739868,0.4759908886323867,0.8373194918125694,-0.10618967348499132,0.985529601573944,0.5065047319792287,0.9052265649403024,-0.34760502493079376,0.9935812950134276,0.5201712176976954,0.9223641648701448,-0.24676980454161437,0.988073229789734,0.7235996609742439,0.926852553974462,-0.41406728024784634,0.99330335855484,0.5631668893745735,0.9327915239085558,0.0353689408463689,0.9796343445777892,0.7868802833907395,1.093704497896699,-0.4445394379939101,0.3672195374965668,0.5152355924943355,1.113652669841548,-0.05018125097926388,0.148540586233139,0.7722270901031096,1.2912056704837425,-0.39472702065408766,0.0823964327573776,0.5139752546775666,1.0536072592026364,-0.38663048841954484,0.0998165160417556,0.7923344475269611,1.3730644127989193,-0.4203537426104325,0.0984820127487182,0.522300755888668,0.9747533684191947,-0.4255339204146775,0.0911702811717987,0.7410700135829489,1.3994512999782796,-0.4564063812565087,0.1498083621263504,0.5139814072889233,0.9491431993986613,-0.43881422066913633,0.124170146882534,0.7307807630056291,1.3502848907908214,-0.42452548366731074,0.1254601329565048,0.4934632695964214,0.9632450379560942,-0.42246374390641783,0.1176855862140655,0.6861384683768436,1.2876834701061106,-0.1281884727074709,0.0004598502127919,0.5762155531124948,1.2965084007657084,0.1597596987215445,0.0005363316158764,0.7383920183318828,1.6205545921820608,-0.1674167842582293,0.0011986949248239,0.6189325294777284,1.619475060247657,0.14828121458286955,0.0008710305555723,0.7184487694795428,1.9102263667658737,0.1677970589680122,9.679163485998288e-05,0.6100874489026181,1.8967061397267213,0.39232949228662034,6.367944297380745e-05,0.710011214955306,1.9649748916728444,0.18316061497181838,8.881525718607008e-05,0.6372289248741313,1.9262132094377402,0.38996179073206144,0.0001319473958574,0.7242327004398783,1.993012735501843,-0.1082136917661418,0.0001796064752852,0.597620228231092,1.989656804156389,0.12666981682534617,0.0002746210375335
2025-11-11T0776.691948,135,0.4998256339182447,0.8723461344928655,-0.29292432545017205,0.9901715517044068,0.49905108510388657,0.8586749173040276,-0.3507427847276042,0.985851526260376,0.4595061704236389,0.8199577690761778,-0.36394481781755467,0.9890363812446594,0.4992425657727654,0.8410660101026175,-0.34704909940731105,0.9886056780815125,0.49205922970535076,0.8594546722561144,-0.2723214605607229,0.98114812374115,0.4639071546391613,0.863223331078214,-0.290845805685469,0.9818790555000304,0.4561206446580919,0.8744909087167783,-0.3029794038694718,0.980751633644104,0.5224082918861224,0.8186454407323174,-0.4162973603632631,0.9929264187812804,0.5014454045405837,0.8294223205762831,-0.12781223731939062,0.9836454391479492,0.5188340232320666,0.8938191006680816,-0.3101405126986195,0.9935359954833984,0.5017726228116332,0.9159605325859013,-0.21552669681851214,0.9868356585502625,0.6753167255945322,0.8577679577908663,-0.4014555190922766,0.9938225150108336,0.5352427507363756,0.9329734715437066,0.05115696403473857,0.980185568332672,0.7360669134464474,1.0258836656639956,-0.4767079369119062,0.3880428671836853,0.5122485530872216,1.0880066518692455,0.055862734302730574,0.1426195204257965,0.7497291864889438,1.3211600771700946,-0.42529000165465974,0.0839932262897491,0.49836163474785006,0.9973288935768102,-0.17327657892616122,0.1049744784832,0.7485785494874074,1.3637426145528408,-0.4331462922306282,0.1006889417767524,0.4900603387204897,0.9549141636718022,-0.11682599360248314,0.0945416167378425,0.7229338900358361,1.3167729539124573,-0.4548710541600197,0.152977779507637,0.5042710235543647,0.9523061456647629,-0.1573254948604767,0.1280888468027115,0.7054940193461104,1.3391026207694785,-0.39169718576732776,0.1276612877845764,0.5110523643098537,0.9679569198198725,-0.16331547753026834,0.1215105354785919,0.6990969757233239,1.2938090628388441,-0.1721223841266601,0.0004859596956521,0.5645722130088053,1.305916630611771,0.17459708537639732,0.000543863105122,0.6836831408243043,1.6087954120810475,-0.197571555025456,0.0012183460639789,0.5935144404644975,1.6216884123489166,0.17296443359722252,0.0009228566777892,0.7213015978000804,1.901937437857042,0.15349765265660248,9.159040200756864e-05,0.575425632018609,1.8779043794057098,0.4020767443312203,6.152400601422414e-05,0.7309334878902788,1.938614538305702,0.1559172425597297,8.169141074176878e-05,0.5994928378792577,1.9110224908290045,0.3917036430726038,0.0001245385792572,0.6910627156841631,1.9595552345149316,-0.08758601749499031,0.0001654853404033,0.5723220195467404,1.9833347009500268,0.13741342323352262,0.0002552926307544
2025-11-11T0784.688790,136,0.45387616880474957,0.8854242621885199,-0.2362836251792846,0.9888049364089966,0.4839552822521275,0.832741651831494,-0.28057414784935814,0.9848161935806274,0.4805429659710185,0.8349862051725195,-0.27962525792719906,0.9882382154464722,0.4769219684556292,0.8150595063328436,-0.2768076066881153,0.9878999590873718,0.476006412217211,0.8370894980596999,-0.18879873891426682,0.979381799697876,0.45804189852415456,0.8423264345885602,-0.19725633917201846,0.9799351692199708,0.45578601196853935,0.8384687033224336,-0.17864619758341072,0.9785389304161072,0.4802009320440163,0.829814231035534,-0.35979974109955054,0.99280446767807,0.4725242065429738,0.7994439866020944,-0.04144422612241327,0.981322944164276,0.4766782996090463,0.878503857288042,-0.27433239551243127,0.9923587441444396,0.4942943528549628,0.8673471914648123,-0.14983853137465017,0.9830713272094728,0.6477835722759521,0.8568538741492976,-0.40292648664565694,0.9937718510627748,0.5143749957747927,0.9207000279331978,0.1510276155303433,0.9759528040885924,0.7525621250513959,1.0357436239705422,-0.4728098897304583,0.3945209681987762,0.4947858224759715,1.070764842504754,0.23687927124022698,0.1322629749774933,0.6970289135806182,1.2399115817706776,-0.40243578863517054,0.0885368213057518,0.49915225165857663,0.9835804155968364,0.12605068162608468,0.1012476086616516,0.6821734087040278,1.3033025814312122,-0.44172120425154887,0.1061975508928299,0.48766408581823495,0.9575101790926899,0.15204770206085766,0.0924352407455444,0.6431601076524909,1.2930443770823605,-0.44197197723544884,0.1588656157255172,0.46066823848906013,0.9578816381437801,0.13577036019446512,0.1251742094755172,0.6553591144452529,1.2555387325766243,-0.39389507165811427,0.1314645558595657,0.5089604197059925,0.9293865492564926,0.10493828433925374,0.1185798943042755,0.6516617086990337,1.3048880249397417,-0.164767390233967,0.0005746910464949,0.5367070469316516,1.298905732978423,0.19943474809673672,0.0006145063671283,0.6976190965881351,1.5526813659293335,-0.216469611551553,0.0015827834140509,0.5717718388868098,1.5171897566645285,0.152420637134377,0.0014470748137682,0.7089779129849301,1.8419118978165172,0.009931040442922461,0.000107701664092,0.5922116318722971,1.8123724466575366,0.2811082680012224,8.688764501130208e-05,0.7153725968884977,1.8970709538316628,0.0021097086068291096,8.934210200095549e-05,0.6363683128214402,1.8886331519129889,0.24365022035065487,0.0001588911982253,0.6790012620883653,1.8885883842360696,-0.2192399808182607,0.0001905753015307,0.5934854770674113,1.9310572962856085,0.06797497565381082,0.0003065322525799
2025-11-11T0731.293874,137,0.44563254602929,0.8452553081358863,-0.10356854756900472,0.9874690175056458,0.4649031387296964,0.8055391816353146,-0.15832280812700436,0.9838430881500244,0.4166452815656542,0.8297242812975689,-0.1509602126674762,0.9872674345970154,0.44928089954143224,0.8180612069951044,-0.16015793949184756,0.9873043298721312,0.4521605137266356,0.807015435431314,-0.09546869627305564,0.9777092337608336,0.450674837807344,0.8228536829440208,-0.09511796589953696,0.97798353433609,0.43374619954960436,0.8257062891456022,-0.0690898949203515,0.976665198802948,0.46805982220107994,0.7928072093659082,-0.26337554728331397,0.9925281405448914,0.4291040618275934,0.8079694292068502,0.059715993315146675,0.9789336919784546,0.4576922467885805,0.8606386385513027,-0.12157589225842336,0.99016934633255,0.48436930891741486,0.8677250081437877,-0.05217551555846112,0.977742075920105,0.5869087087171223,0.8607255275931638,-0.38282119085777877,0.993722438812256,0.5044967682485153,0.9169710155939528,0.24045409430876072,0.963860273361206,0.6976856546833834,1.0139187732402357,-0.49934800933390494,0.4127990305423736,0.4947204999802965,1.0876166402719643,0.37277885327987476,0.1196988001465797,0.678262449027067,1.2566136875912781,-0.42062371529278364,0.1072896122932434,0.4846072535577452,1.1159197728211883,0.21920588792369566,0.0919474363327026,0.6713993056577707,1.3091463882851921,-0.4917653686755898,0.1277490407228469,0.4919388856778947,1.1193824797386247,0.22446846926109534,0.0848623663187027,0.6427464997386467,1.3048768640533357,-0.4704366485099173,0.1827571243047714,0.4853057445692758,1.16204633433693,0.15842220755555983,0.1152627319097518,0.6886978613444169,1.2645141435650376,-0.44680624430122556,0.1505855917930603,0.4906384835848668,1.148055981186148,0.1777018000026256,0.1093462109565734,0.6659984399946102,1.287515850964387,-0.18755094869492336,0.0007134460029192,0.560944281851863,1.2833178470383393,0.19407264437351876,0.0006625355454161,0.6565217121942183,1.5184188175017306,-0.2573626012329964,0.0016402576584368,0.5630734424642205,1.5116517590707073,0.18202332894832918,0.0014269473031163,0.6935340728755014,1.8168185576424067,-0.04942302364421225,0.0001068458223016,0.5790564086007859,1.8162356572298899,0.2889323329546231,8.688247908139601e-05,0.7001146769118676,1.8951617914867873,-0.025610293388307382,9.069309453479946e-05,0.5695885626804547,1.835761749657917,0.27260445830944946,0.0001641183771425,0.6804216102456552,1.9098819539813414,-0.25871703896045267,0.0001955258630914,0.5426977004223329,1.932607144994947,0.08844212977239256,0.000311589683406
2025-11-11T0728.369704,138,0.3993201512656471,0.8434052434125524,-0.08336603155492484,0.9849867820739746,0.41899941574809735,0.8359629204872451,-0.12227365456054286,0.9814865589141846,0.42162445547312877,0.8112680273599145,-0.11661208667985548,0.9847192764282228,0.4086718148381996,0.8063037144568764,-0.11791187551774565,0.9857712984085084,0.4002774831902041,0.8135578192689794,-0.02900885701077411,0.9745018482208252,0.4146984255739174,0.8419701853776165,-0.020204509138157942,0.9739296436309814,0.38854931232030543,0.8089177581735488,-0.02982743843938467,0.97343647480011,0.4277552889222232,0.811909382350325,-0.29018725021145014,0.99158775806427,0.4257895687042938,0.7811248184907987,0.12097262285699369,0.9746071100234984,0.4621751372338222,0.8272880356652769,-0.1424420628282047,0.9861345291137696,0.42223400773214,0.8454488729897065,0.01107281990647677,0.9690576195716858,0.6025091614566733,0.860878780033573,-0.42304189016211846,0.9936076402664183,0.4926850250752886,0.9281509276090979,0.2642411315502159,0.950873613357544,0.6975482675770266,0.9980435212855499,-0.5679791249664271,0.4312804639339447,0.5133566549850531,1.0933059604940414,0.4013585473452919,0.1081518605351448,0.6686211527602433,1.235037892334926,-0.4500595028789923,0.1293170899152755,0.5167124556945395,1.2267651971549653,0.27408117630557755,0.0830931589007377,0.7049835969280537,1.3012918685205568,-0.5256656206190556,0.1510290801525116,0.49272943013835396,1.2816385135656556,0.31547950688652887,0.0771738588809967,0.6773981555425266,1.337852448588128,-0.48639920963126476,0.2074091285467147,0.5219499609858042,1.2962327478329723,0.233425398539275,0.1050483137369155,0.6874792289458745,1.2772622941326623,-0.4411641664312486,0.1716201901435852,0.5119880454535946,1.2467870760732431,0.2531361255470995,0.0998787954449653,0.630424544468325,1.303716883078342,-0.21313800989396056,0.0008774508605711,0.554993080943207,1.281472016602912,0.20435376031451302,0.0007396459695883,0.65108075168886,1.5475364086530856,-0.26117978386892354,0.0016124433605,0.5342767718886593,1.519459793451382,0.23788082042390254,0.0013784023467451,0.7024795467141087,1.8177570913434515,0.026563037671850177,0.0001028531332849,0.5697441595500907,1.8245733710039604,0.3978188909484846,8.474038622807711e-05,0.6827203823249812,1.88300941764574,0.03310741263730486,8.818828064249828e-05,0.5895748237121676,1.8384048542521594,0.42558351827847174,0.0001708661438897,0.6413653231797074,1.9219712579289097,-0.19567512502931042,0.0001943889801623,0.540921827729046,1.9174021078387937,0.23077896993439023,0.0003144553047604
2025-11-11T0798.393416,139,0.4038956517399076,0.8448846069270728,-0.11799852722904393,0.9850380420684814,0.388993632179398,0.8174111433693533,-0.18603385662012506,0.9814475178718568,0.38326916203064154,0.8090897252622697,-0.2119016972991959,0.984649419784546,0.4233720006718001,0.815395092938179,-0.1946926179140673,0.9857130646705629,0.3622434670031756,0.8123755794646388,-0.13036029538898292,0.9745671153068542,0.36330844340961266,0.8236470590534218,-0.13042311539713353,0.9739077687263488,0.36955736329318917,0.8333416042722667,-0.11161083525527946,0.973145604133606,0.4244067902689423,0.7499053649544832,-0.266118229372377,0.9917300343513488,0.3671756466816603,0.81586476092659,0.0647128943722685,0.9750813245773317,0.41113931705507945,0.8502735390910893,-0.16349526376372142,0.9853038787841796,0.3969371852640275,0.8459328275650488,-0.05903585923930722,0.9674311280250548,0.5410324124840146,0.8570579937159005,-0.3962552103714975,0.9934892058372498,0.44495257242191855,0.9371827760987023,0.227693105748095,0.9446592330932616,0.6491585620660149,1.0150059444583261,-0.5255992055454092,0.4458586573600769,0.4951176556782502,1.107169401928147,0.3131304459432502,0.0978643074631691,0.6177410971737993,1.2847260785235153,-0.43420403485841896,0.1390723139047622,0.48360841200815935,1.237897909430371,0.16078683626742987,0.0751317739486694,0.6327838833949143,1.337775754769885,-0.5079436290777388,0.1615047454833984,0.4864296372794971,1.285445581717432,0.14379579455986774,0.0703353658318519,0.6141581843117193,1.3118131754022677,-0.5096878460045583,0.2175325900316238,0.4814246258858668,1.2879122360764212,0.15207548081994315,0.0958356633782386,0.5966859136407093,1.2827567771152162,-0.4472653902263771,0.182182565331459,0.4708219046450986,1.2690114679385491,0.12179289791636927,0.0914060026407241,0.6068810580055304,1.3129323466143668,-0.20545561894511116,0.0024266105610877,0.5001542345319695,1.2906381372511249,0.23183334739860895,0.0021535854320973,0.552707027294406,1.4429252595792426,-0.3318733050130731,0.0044039362110197,0.4399831209369063,1.4802912457831652,0.22084950161283667,0.0027062746230512,0.6062337297000885,1.7395003407068663,-0.033550778274499586,0.0003669262223411,0.47694844576559714,1.7350326649128047,0.3145264980099933,0.0002486054145265,0.6540225427924106,1.7962351937867598,-0.028976995819744656,0.0004094199684914,0.49469334788391534,1.7699022079613351,0.3348866825799696,0.0006245924159884,0.5714602275457312,1.8437825620148633,-0.1946783565153816,0.0006582918576896,0.40799010376969597,1.8204325672647126,0.18575504769963314,0.0007281517027877
2025-11-11T0776.941368,140,0.33467945554980166,0.8833121098669032,-0.38364617009954133,0.983295202255249,0.34844661821215483,0.8190905956551806,-0.3911855744175231,0.9792293310165404,0.37700200045373855,0.8050671965660747,-0.4028830137803226,0.982466757297516,0.3726057675850726,0.8052966876083273,-0.38070866623096616,0.9842336773872375,0.340130936123522,0.8414878724712359,-0.3383798185237629,0.9711509346961976,0.3276950755576867,0.8667986711910088,-0.35778855266621556,0.9691110849380492,0.3518243161618794,0.8795537320212526,-0.33938614073039447,0.9673484563827516,0.38954202018453415,0.7841988682887368,-0.3369363826391906,0.9913276433944702,0.3646120039165093,0.8319139902415984,-0.11725497302746263,0.9668686389923096,0.4058287775722994,0.859473870776334,-0.34331377023229925,0.983618974685669,0.3599616117173261,0.9049865543264707,-0.2660683538220475,0.9597063064575196,0.5349009862774009,0.8622151184595823,-0.4263272133719016,0.9918192625045776,0.37372198578299765,0.9663057756890574,0.15197259897359075,0.9052535891532898,0.6703784630805775,1.0275852133124002,-0.47973717263684873,0.4573574960231781,0.44895978934375963,1.1623288387462882,0.19719363883152957,0.0884040743112564,0.6414503597171475,1.2928127311352229,-0.4352378628111054,0.1424955278635025,0.47329548739515787,1.2813832609468316,0.004449703484020712,0.0678924098610878,0.6481068579896706,1.3351954687870107,-0.4966424427426604,0.1639899909496307,0.4717404663473825,1.3437257053622762,-0.06936640722377509,0.0640275031328201,0.6314342092876548,1.3653136751874135,-0.47159861702519706,0.2209077030420303,0.4402905499285565,1.288450767283191,-0.12915996078273834,0.0873671323060989,0.6265445262348472,1.3229526935793938,-0.43609543863840566,0.1867247074842453,0.46939859504780335,1.28282246926084,-0.05703837162149032,0.0834141671657562,0.5873388727391522,1.3327005345074139,-0.216082571082118,0.0023239857982844,0.43920751908873873,1.337350228522859,0.18168234298623112,0.0020091503392904,0.5664077417759142,1.5285751135936063,-0.26815404415060945,0.0046227183192968,0.43039143362557664,1.5363820076638788,0.22359918647756805,0.0028507926035672,0.5878715337054888,1.811233221389647,0.004974570670358603,0.0003883860190398,0.4975408072938766,1.8147381790651267,0.38071738025887836,0.0002737272297963,0.630901371790615,1.8595158321341028,0.02313436466234047,0.0004063046071678,0.506920754837872,1.8215250770294664,0.41439664235614687,0.0006784445722587,0.5819440502737112,1.94031860177869,-0.18274001985896796,0.0006777254748158,0.45248136062191,1.969832219212099,0.16668375137322894,0.0008449032902717
2025-11-11T0730.173129,141,0.29918519710370406,0.9059314697620889,-0.5171451122168932,0.983013391494751,0.3150287192592701,0.8977309239918003,-0.5354605156865314,0.9795325398445128,0.32302296142671283,0.8535414074684896,-0.5539916069954615,0.9825599193572998,0.30700730966941436,0.8766732868112173,-0.5080908356351084,0.9846180081367492,0.2931623902644826,0.8901806199399412,-0.49219433111948424,0.9707180261611938,0.2826325236828953,0.87652171638409,-0.47455115354482547,0.9674628376960754,0.2812690386074573,0.8903642520373536,-0.4933248621813441,0.9648957848548888,0.33641767596276895,0.8089034327348976,-0.5064044595509111,0.9917577505111694,0.29545154163478304,0.86333569718387,-0.22208797008107534,0.963942050933838,0.3253987018807919,0.9029148669441649,-0.5036439492794946,0.9847495555877686,0.33382778137828756,0.9478648330136628,-0.4073540775259604,0.961062788963318,0.4745281368486628,0.880606684362583,-0.42663492037739925,0.9924467206001282,0.3338949176157401,0.957546156108559,0.0529426277087945,0.9049854278564452,0.6110303048123584,1.0492336094013854,-0.48121640342442357,0.4977621436119079,0.40660136067746644,1.1414599669498786,0.24789624175673397,0.0801786035299301,0.6247925382299669,1.2705806011302234,-0.43135995636040186,0.143626257777214,0.41966408196977356,1.287820992439365,0.1178550182676746,0.0613244846463203,0.635388838859942,1.3323001208385992,-0.5018470528226211,0.1613194644451141,0.44622198441273847,1.3482553188821589,0.15041252717425305,0.0580844655632972,0.6299514729616356,1.3422867290662472,-0.48420519256368066,0.2194663137197494,0.423605369399637,1.3412040051911829,0.017448944113367688,0.0794016346335411,0.6063004920942969,1.3171732411162984,-0.40869622767034736,0.1845033317804336,0.41798282127621716,1.2958115918310293,0.06666670506701065,0.075907364487648,0.548231720038676,1.357305108714277,-0.18303277384687092,0.0022367548663169,0.38352101298332714,1.3483134133287786,0.1920989882148958,0.0018526403000578,0.5331132999548902,1.6439520557641207,-0.2578451644580248,0.0053161736577749,0.4139235061772137,1.6565868500165837,0.3066548034130426,0.0031773087102919,0.5462540993962175,1.9247635525145905,0.07129758227405816,0.0004566685529425,0.44785463098259815,1.936450987947479,0.5304001711392451,0.0002819740620907,0.5858326774283784,1.985232366464946,0.0948633148508717,0.0003975672007072,0.44037709431079336,1.9607842219924672,0.5210817633383497,0.0007252353243529,0.522046841486798,2.0398333606685815,-0.20106257005900374,0.0006552695995196,0.4255365738795186,2.0629033751492494,0.26226136776716447,0.000825812050607
2025-11-11T0764.426280,142,0.25245233551336355,0.977219702684712,-1.0522923210885597,0.9819130897521972,0.20196867694642048,0.9386695055315626,-1.1069038943220508,0.9797235131263732,0.2272501931383049,0.9287368785585041,-1.121665798883738,0.9822832942008972,0.22503741700924196,0.9287734242512077,-1.0727125559983277,0.9847521781921388,0.21374554703958154,0.9468214986232679,-1.0488414404330357,0.9703261256217957,0.20407654281830348,0.9463913981385498,-1.0382643352987002,0.9658218026161194,0.1719727576264795,0.9353735649143268,-1.0469559948712936,0.963665783405304,0.27442927405370515,0.8932697628818242,-1.096134484244462,0.991988480091095,0.2117582655163949,0.8720246964397461,-0.8294431333295195,0.963110327720642,0.2596329045497993,0.9632912551631344,-1.0337572459597186,0.9856642484664916,0.25304171745808884,0.9696159415100283,-0.9447049124720646,0.96187561750412,0.43473760914184856,0.9206164620251358,-0.9353947437868123,0.9930153489112854,0.2169802681880488,0.9658356265077691,-0.4968449047149941,0.9109718799591064,0.5622606752572198,1.0534814093618747,-0.8216493121487335,0.5443583130836487,0.24797928926023374,1.1193547783712374,-0.0544945779078284,0.0800965055823326,0.5466176658631138,1.264622425698851,-0.5531619951029313,0.1686292737722396,0.2809941641445127,1.2287964850869548,0.11547187574306125,0.0583910904824733,0.5833887428739801,1.330562286304186,-0.5515591997360988,0.1659974604845047,0.29264475115155175,1.2366880011316146,0.1356127717717928,0.054884098470211,0.57984725590516,1.341400741238721,-0.5626591556356942,0.2221388518810272,0.29527755377181686,1.274271208218719,0.05331530399844356,0.0748681724071502,0.5125290891205799,1.3162965212615632,-0.5207526409376971,0.1881274878978729,0.273976152794419,1.2832954828711451,0.06990813717413684,0.0720928534865379,0.49087731470718093,1.3626329616708768,-0.15423005416137367,0.0068087023682892,0.323329690880204,1.3387029588598103,0.19873136081350298,0.0032580634579062,0.43633671818100195,1.6346717985799188,0.021939935791271886,0.0231476910412311,0.3225371426956699,1.6525234405531217,0.5617359357042995,0.0143532706424593,0.4810690852487445,1.9208313600804403,0.6305277704938136,0.0014920589746907,0.3590461510623332,1.905176115917706,1.1695095068312158,0.0011151183862239,0.5202717019405745,1.9730347326233595,0.6463646415668105,0.0005354822496883,0.3598677370939661,1.9870512126639255,1.1894698042987966,0.0014197325799614,0.45333615317429443,2.0276232538232435,0.3747977619158543,0.001108301221393,0.3466677081985807,2.051088656304568,0.9416104078733971,0.0022485349327325
2025-11-11T0712.459881,143,0.20079314110874683,0.999932797010758,-1.4112469169454431,0.982056200504303,0.18543056052184992,0.9618021212567801,-1.4726752147297866,0.9804612398147584,0.18213305388755371,0.9935163457366948,-1.4677317851017104,0.9826911091804504,0.19409067770243638,0.931351755066478,-1.5051764384152277,0.9853342771530152,0.1744509272792785,0.9596383170906843,-1.3977077280851937,0.9708549976348876,0.1424131119276012,0.9680608263799407,-1.4145862373845568,0.9656961560249328,0.14736019854918242,0.980015352706189,-1.4281347158495492,0.9640875458717346,0.243282110358561,0.9005052401422642,-1.4491880097237813,0.9924511313438416,0.16114613690243515,0.9054919815423423,-1.1755866450375823,0.9643458724021912,0.21006221927504065,1.010326307870245,-1.375996271310337,0.9864208698272704,0.17134256936868386,1.010963126778653,-1.2912521950864067,0.9625827074050904,0.4243676976796767,0.9327082531912543,-1.186161118186066,0.993478000164032,0.19467341311500738,0.952385128190561,-0.8008969485522837,0.9182840585708618,0.540328046375367,0.9956256070590787,-0.9207472035003874,0.5852454304695129,0.18711342876770612,1.098735863741777,-0.22670954631636484,0.0837397277355194,0.5555329665526437,1.2472491888356736,-0.5524791203928976,0.1798942387104034,0.21546639808503093,1.2045668631035846,0.1641145547222743,0.0561845451593399,0.5404156300027324,1.3381302902162349,-0.5884601215953135,0.1648667454719543,0.18246469498358606,1.2503691791895777,0.22783847286331493,0.0524001009762287,0.5072411781909485,1.319424259561394,-0.5960690585433479,0.2175590395927429,0.20478005413008588,1.226464129328427,0.1471265018665634,0.0710612758994102,0.5101140760353268,1.3178281727703012,-0.5917721276305894,0.1845438182353973,0.22149754976617425,1.234574759779442,0.14154051780423554,0.0686092227697372,0.3850918502511851,1.3327402792807266,-0.1779800659180665,0.0130277043208479,0.26389627024993756,1.2996744003907783,0.15457482433764433,0.0060250209644436,0.4050552495228558,1.6090560227669746,0.22799763671200218,0.0315663814544677,0.26734284615683507,1.617375056434127,0.592229139978057,0.0304801780730485,0.45070964551895976,1.889234277076809,0.9488583797019697,0.0021547847427427,0.3151206681337341,1.9038038346073987,1.2195796883289,0.0023038319777697,0.45965793948800515,1.9397131785875747,1.0190759072274251,0.0006236869958229,0.3262576448364603,1.9497105656448839,1.2685265922289601,0.0022149779833853,0.4079521843440247,2.0119451022982484,0.7134716286839983,0.0013177968794479,0.3231625983749278,2.017742369975053,1.0126512916717159,0.0032553861383348
2025-11-11T0715.319768,144,0.1306010221281852,0.9579608873096312,-1.7698335493866197,0.9816405177116394,0.15764451625334672,0.9088602667577771,-1.817561504055873,0.9811250567436218,0.1836781135836189,0.91837900681004,-1.80934215573554,0.9832636713981628,0.20396445100278943,0.937648793296889,-1.8373467126522272,0.9859174489974976,0.13378025233788227,0.9645061005928726,-1.7814097039814747,0.9713853001594543,0.1416101380459757,0.9619666191475593,-1.768421976515849,0.9657310247421264,0.1309408632414197,0.9418568272688751,-1.7934262649648363,0.9641688466072084,0.2202279919054401,0.8795515875521593,-1.7157122783611143,0.9927997589111328,0.10768638194491009,0.916718559813044,-1.5706072842624357,0.9660131335258484,0.2158203286911583,0.9904588839776087,-1.686990708889698,0.9839814901351928,0.16885934225859014,0.9996546335048917,-1.631460714490313,0.9543555974960328,0.40666989881564003,0.9374537649457189,-1.3621137526951688,0.992060661315918,0.11200047070795553,0.9025993535645783,-1.0969314339859433,0.9195896983146667,0.5264163622312703,1.022698425996139,-0.9925208986038014,0.5988011360168457,0.1242596224751337,1.0623826188237449,-0.5592148418191909,0.0827860087156295,0.5517662966567605,1.290008606890827,-0.6636353838331109,0.1814222782850265,0.15068172019680762,1.2056912343105228,-0.13836446127990948,0.0522304773330688,0.5205545306892762,1.3431874108093316,-0.6973005849175886,0.1602206975221634,0.20475155988405253,1.2536444438628565,-0.05600741808030731,0.0487671084702014,0.4679886988385858,1.3558046375062942,-0.6925673837474556,0.2101796418428421,0.17935579826578169,1.2551732794629358,-0.10068893685064889,0.0660341903567314,0.4698406947605991,1.3118952530291637,-0.6785775406872876,0.179241195321083,0.2282438114337887,1.2081576369901508,-0.1278949768926972,0.0639888271689415,0.3879490122038941,1.2292886882906329,-0.08537937926057329,0.0232589561492204,0.23823113417964542,1.2000516335780358,0.1486745475436161,0.0160907860845327,0.35805185598971107,1.3349837493670993,0.4202282224272012,0.0318854339420795,0.20965152669591455,1.338536818330378,0.5535562508024007,0.0342561267316341,0.3516149813637483,1.4689499820749012,1.2715405310496772,0.0025658013764768,0.2620436938286195,1.4823833823046018,1.3534615559543723,0.0027524223551154,0.3687462326587323,1.5135940928862106,1.3547018811674678,0.0008590023498982,0.295523949085543,1.481137118858135,1.4671742347352716,0.0024233211297541,0.3872437006282795,1.5849837011426113,1.1731257872796208,0.002058835234493,0.2661809242568355,1.5713628762666574,1.3178852502478182,0.004092700779438
2025-11-11T0765.475177,145,0.17491280348599672,0.877213178704614,-1.2010147065778662,0.9831394553184508,0.1698212980633764,0.848545116728299,-1.2894509010949824,0.982717514038086,0.1732787363048999,0.8005323194622489,-1.2677798808947223,0.9845951795578004,0.19641943510605603,0.7872837448365154,-1.2720999049245412,0.9871156811714172,0.1466590300022608,0.8170906859849494,-1.1865698994619438,0.9735885858535768,0.14445165681131517,0.8648060401530385,-1.2134242079223578,0.9680792093276978,0.12496214900231568,0.8282185229993078,-1.2177451592102322,0.96687114238739,0.23497442147314856,0.7453599397039544,-1.3210135443773967,0.9933966994285583,0.13639307929535438,0.7998806199214024,-0.9920510022017854,0.9679197072982788,0.21906930059059834,0.8676710250221524,-1.1847334376376422,0.9853149056434632,0.15978957514880696,0.8822141041137341,-1.095074992489809,0.9576329588890076,0.4300599325457528,0.8826557489922624,-1.1386622067023422,0.9922052025794984,0.20351397933744259,0.8635235191621612,-0.6613360979041342,0.9241687655448914,0.531096198639458,1.0065337911537782,-0.9633004718363589,0.6157145500183105,0.18340020586838193,1.0614229486496451,-0.30427314555231755,0.079360231757164,0.4995035918674405,1.2936236009640847,-0.6288361189058903,0.1827319115400314,0.23020497331575254,1.190448057912234,-0.13528511300229523,0.0495322458446025,0.5301691503952005,1.3486502067666108,-0.6568916205235369,0.1567088365554809,0.2394616997449396,1.2607929747553386,-0.09962295645395124,0.046003770083189,0.4968991991364048,1.3518168162009576,-0.6481939038616606,0.205861821770668,0.22873881121891323,1.215057658934491,-0.13564261949523856,0.0624339915812015,0.4920511087027543,1.2909094480697907,-0.6405579579381413,0.1778198331594467,0.23999487612735773,1.2187149154869112,-0.1411338462460904,0.0611213631927967,0.4199745911753818,1.2694208529425162,-0.13325359360702377,0.0216300785541534,0.23947056994036303,1.2439325579043405,0.14443596224835648,0.0149365188553929,0.43228982324449383,1.4805579179072426,0.10768078949884265,0.030667083337903,0.25122134643635,1.4898856418685478,0.5688560810874453,0.0332324504852294,0.4463418201471256,1.8478338071645775,0.6345276566948447,0.0023462381213903,0.3256748715452153,1.82688226209775,1.0904514581856608,0.0025345354806631,0.46270011199768396,1.8791554358726872,0.7010598543046677,0.000781862414442,0.3212988010541269,1.8723368608234063,1.1058018720019913,0.0022268155589699,0.40167513682255285,1.9609183545433002,0.3855308433841015,0.0018948019715026,0.301113967574371,1.996197071887266,0.8513472062611711,0.0038848863914608
2025-11-11T0780.235547,146,0.15010090910285045,0.7766523960931034,-0.9519507305083711,0.9847556948661804,0.20977243622424782,0.6986211306386894,-0.9846566437768381,0.9843791127204896,0.20938996492707557,0.7106065836285684,-1.001265858228683,0.9860828518867492,0.21735963534103558,0.7122528935083758,-0.9757699416748757,0.9883689880371094,0.14543542503816986,0.7422103744764694,-0.9229663130937028,0.9760931134223938,0.14822963661842867,0.7172084987572019,-0.9210901930319164,0.9710732698440552,0.16693580372440112,0.7353873825942672,-0.9042571376048403,0.9699302315711976,0.2212403168282418,0.6599238417778057,-0.986327217951174,0.994038462638855,0.15063139795098748,0.7386603329038084,-0.719328349145527,0.970799446105957,0.21248526993452135,0.7603768099587241,-0.9254965776347247,0.9867585301399232,0.2171484044556634,0.7749712118119895,-0.8380782191950932,0.9616990089416504,0.43809299629908555,0.7993300415783889,-0.9128684674232722,0.9929540157318116,0.21456701504508627,0.763175541021301,-0.37379683016838344,0.9310781359672546,0.5677510728796562,1.023396760148714,-0.8138837734599663,0.6414927244186401,0.2867761905934908,1.02390790991036,0.2582054950482501,0.0747573897242546,0.5281651998894943,1.2508940040271865,-0.5912503974635331,0.2162105292081833,0.25787726252837917,1.1497934559456462,0.5835051810101095,0.0468849875032901,0.5549406818440322,1.3207692069438786,-0.637820715205396,0.1737782806158065,0.2401603702211631,1.1377403351983357,0.662585707984969,0.0432906411588192,0.5268742485943221,1.3478959147225167,-0.6432498282471352,0.2274723649024963,0.2839405970948935,1.1383687648997083,0.6034207619895948,0.0588645562529563,0.5179857053358305,1.304021749662327,-0.5994669017286303,0.2014134973287582,0.2426948505758593,1.0957258020515261,0.5210653942526652,0.0584182441234588,0.47835118506621005,1.258090598000977,-0.18246806289864562,0.0203200820833444,0.31960866340172067,1.2481612938258089,0.18197786756448692,0.013783635571599,0.4667426445306285,1.5941129077842027,-0.14933302915196356,0.0277781561017036,0.32609544947403274,1.5807744027124433,0.5030723752140925,0.0302320048213005,0.5195971399240668,1.9197917048211637,0.2480937517330979,0.0021248538978397,0.3545479049526716,1.9304773718341064,0.9155994473036652,0.0022876563016325,0.5086083490444102,2.016361421929631,0.2834375340555216,0.0007140385569073,0.3821596460208124,1.9876372600646728,0.9519185956192163,0.0020248973742127,0.43572064954979045,2.0269468165526785,-0.04491646936099066,0.0017138679977506,0.3411895713168867,2.064119909300852,0.6870375921325481,0.003525004023686
2025-11-11T0788.941852,147,0.21570855834503588,0.637433758758143,-0.788025357467521,0.9862439036369324,0.1957125502673144,0.5529937629305799,-0.8381598416795837,0.9859042167663574,0.2165696066756879,0.5269455879641732,-0.8232637263632175,0.9874488115310668,0.24147512206421667,0.5272093782985875,-0.8557786626370292,0.9895119071006776,0.17725807348177136,0.5728162783534043,-0.7727693613773746,0.9784061908721924,0.1844655193545791,0.5696707131252076,-0.7708371192674569,0.9738587141036988,0.12647904915558175,0.5868070852808407,-0.7956462151922502,0.9727753400802612,0.26147882116945337,0.5109870166893508,-0.7673018703292378,0.9946268200874328,0.18069572821224172,0.5623682088749957,-0.466858044208124,0.9735899567604064,0.23206436019588073,0.6370056792380179,-0.7598835716640271,0.9880762696266174,0.206645999460904,0.6311677320045312,-0.6543594942446304,0.9654937386512756,0.41105437416241136,0.7004636657221999,-0.7268615738428095,0.9936469197273254,0.2006111371474575,0.6818060964237428,-0.10521655758046064,0.9378165006637572,0.5176601776873675,0.9882931796064061,-0.6721814269247016,0.6616884469985962,0.23683458211622926,0.9121708360775774,0.41167227087867875,0.0765985772013664,0.5402566393187535,1.2254451688329457,-0.5867267297898899,0.23103067278862,0.24440618421292362,1.0027302018879025,0.4358774547925858,0.0471025258302688,0.5591090040666256,1.279574797735559,-0.6018288320980277,0.1832986325025558,0.2204627314182041,1.0498703206061748,0.4928185504932497,0.0432593896985054,0.5103223702596712,1.2767403094719496,-0.6187541418998731,0.2426068186759948,0.2289874645977104,1.0197227828991915,0.4402317747314262,0.059337243437767,0.5191853972216458,1.2789726385234788,-0.5923697670849578,0.2184352427721023,0.2281797868741395,1.0432450619638678,0.42203339364096504,0.0605648942291736,0.476060299365304,1.1514570778501472,-0.177714011023882,0.0192415080964565,0.3305127058350424,1.1143894565346308,0.16792142384977507,0.0128474375233054,0.48690800650146854,1.5369703888335737,-0.1404485287534163,0.02519385330379,0.31411958268256734,1.5863043780691863,0.43286758982224693,0.0275000762194395,0.5042433806370975,1.9114324476678675,0.309703698482715,0.0019321119179949,0.3466881487685657,1.8924237386383387,0.8563046123150561,0.0020627034828066,0.5574270850645163,1.9669609042682448,0.3361590592517202,0.0006612841389141,0.35736188984919665,1.9686015690359333,0.8907760104053704,0.0018453644588589,0.45025385742434676,2.0233037078550424,-0.026754223508608014,0.0015470603248104,0.3833884642441016,2.0046883283149484,0.545162113322064,0.0031795029062777
2025-11-11T0797.178289,148,0.24113913529305897,0.5078116405836715,-0.7122167883704636,0.9875874519348145,0.24513814739372128,0.44147822400266185,-0.7261585063180404,0.9872719049453736,0.23527832281245237,0.4743966847744581,-0.7248604246106095,0.9886784553527832,0.2527138680999554,0.4201732746335732,-0.7326183100175206,0.9905354380607604,0.18727014845608084,0.471558066052407,-0.6789739310515808,0.980482280254364,0.15707619396257455,0.477370147149039,-0.6583643725964224,0.9763835668563844,0.19070935229332883,0.4819905589993124,-0.6858746423774297,0.9753475189208984,0.28430490937066355,0.4462907325872471,-0.6447387338312152,0.9951558113098145,0.18345597654022935,0.4866607729967692,-0.38636002686847337,0.9761313199996948,0.24591768247802687,0.5502638439154561,-0.6462856151677502,0.9892618656158448,0.226988452215964,0.560078601109483,-0.5835803608616722,0.9689175486564636,0.42039493054048543,0.6105267775942687,-0.5971673365358916,0.9942720532417296,0.2199431749602911,0.6385684649663813,-0.08428847370559854,0.9439233541488647,0.5545147165733925,0.9071633402400247,-0.530524360568457,0.6871635913848877,0.21981999178297457,0.8415298620502089,0.24871558553933334,0.0817275419831276,0.5453943013586746,1.1508590268650956,-0.5152567130215127,0.235152468085289,0.20023056289113778,0.9995111487524291,0.3380089126227625,0.0448948480188846,0.5615710296461304,1.2460634332675073,-0.5774616870047858,0.1833382099866867,0.22010438812416275,1.0350177201833646,0.3887808128895946,0.0413535125553607,0.5339814416536128,1.2386797155242097,-0.5780647998081802,0.2459916621446609,0.19421778605168064,1.0551096889414298,0.22053323086718174,0.0573577880859375,0.5009380119069404,1.2006811832462185,-0.5107957040868928,0.2223434597253799,0.19867928741812374,1.0100089165403396,0.41206550885303783,0.0589706599712371,0.4714557129184733,1.10700615598695,-0.18832107896213776,0.018642233684659,0.2694761149211735,1.1170668052279784,0.15788651459333605,0.0121377939358353,0.46416014218599666,1.4888041974814887,-0.13353800012533387,0.0231501590460538,0.3033408177069447,1.5335248919469635,0.38496100758141627,0.0250830799341201,0.4867043148226366,1.8780510159386812,0.33843305439713417,0.0018057161942124,0.3240370960133254,1.8866075613863964,0.7223750722415077,0.0018668395932763,0.5400747611856774,1.928867316839563,0.314983124122414,0.0006480764131993,0.3489855239231752,1.9425201270530008,0.7075841734059882,0.0017166131874546,0.42098031446035034,2.032308952894309,-0.042407090390927896,0.0014095042133703,0.3128961861840977,2.0178096410684763,0.3565886462478997,0.0028756645042449
2025-11-11T0732.688275,149,0.2776042131247725,0.3482469020298948,-0.7838322403974076,0.98879736661911,0.292044485476777,0.3680630930600751,-0.7844416754798468,0.9884995222091676,0.29374363273577697,0.34495012196065117,-0.787377833749489,0.989773452281952,0.28056113975686975,0.3460472185201327,-0.7784012413809676,0.9914414882659912,0.25034854402991197,0.3597024495779981,-0.74790855206332,0.9823712110519408,0.2495594126572991,0.3457478439015626,-0.7339945991344142,0.9786857962608336,0.22428490622781924,0.3392785159155656,-0.7341346589941692,0.9777402281761168,0.3042527310243094,0.3559430821378175,-0.5577299987576352,0.9956126809120178,0.22228000909998744,0.32778004763035895,-0.48580310257763665,0.9784461855888368,0.2745376305323875,0.42331616170032876,-0.7128385002808766,0.990325093269348,0.2099035740792732,0.4415388884041866,-0.6654258753862061,0.9720081686973572,0.44833132385611585,0.5595627528141536,-0.41819010728321565,0.994827389717102,0.20387726053262298,0.5467246931826893,-0.17422267453758797,0.949491322040558,0.527675477977359,0.780988128154188,-0.36353145794423075,0.709069013595581,0.19712737715541545,0.8379153289483954,-0.0005563486439668051,0.1403414011001587,0.5183330216323885,1.0116040739444605,-0.5002950517257421,0.2231649160385131,0.21652106375764998,1.0129719336234082,-0.26119590569582857,0.0464117564260959,0.54186510922547,1.127408543358877,-0.594905995382466,0.1720302253961563,0.16625180714819893,1.0927456709997334,-0.28550793465384694,0.0424002781510353,0.5302424340459048,1.1473047381042858,-0.6335070356988387,0.2327231019735336,0.14816676948070182,1.054439487771076,-0.3729740981221922,0.0603529065847396,0.4845300133066602,1.0940963923340132,-0.5306686167651086,0.2105112373828888,0.17396424608218847,1.0426859944078588,-0.3025555785004508,0.0621636658906936,0.4546350752570615,1.012567596059113,-0.09747939376750245,0.0185349490493536,0.24714740849027142,0.9967250810430474,0.09979090017557397,0.0120569337159395,0.4470181133217446,1.4565005708757355,-0.09569515922674027,0.021678565070033,0.27727451448244866,1.4531210296592783,0.20082877266361507,0.0229106582701206,0.447418640546666,1.7966520514509954,0.2646832309753093,0.0017060887767001,0.2790048860977384,1.836070433935212,0.48947773172805875,0.001694604055956,0.46983039515869396,1.8727398358817597,0.3082144552390555,0.0006391523056663,0.30547239222322375,1.8608121208515056,0.533585697910145,0.0016332368832081,0.41263735127575113,1.9632475944024226,-0.07747624136168169,0.0013013583375141,0.26281191038283647,1.9357972893579252,0.09942654905269786,0.0026058186776936
2025-11-11T0713.232279,150,0.29681071346556825,0.3116059669315561,-0.5800492031195494,0.9898869395256042,0.3170515162320916,0.2633204691883302,-0.5694436567844563,0.989572286605835,0.3150716294271433,0.3197516574969877,-0.585679247910189,0.99074387550354,0.3285331471295531,0.2807970906837372,-0.5643363827771067,0.9922247529029846,0.2981074934457247,0.30241128777781956,-0.5802242836652374,0.9840496182441713,0.2706835493107487,0.3171143200744758,-0.5595968605279499,0.9807586669921876,0.26503411826042755,0.2845655741755542,-0.5429627884614534,0.979888916015625,0.35081895082842895,0.307079701134444,-0.3169708791318581,0.9959813356399536,0.24601003666392265,0.28981150769465946,-0.30871170845580054,0.9805269837379456,0.319326639925799,0.3696911735985021,-0.5353481080406663,0.9912757277488708,0.29270494100454425,0.35838269846498444,-0.5009448477458961,0.97478848695755,0.4275463234932868,0.5342743214900099,-0.23211157327886336,0.9953327775001526,0.19339499893544929,0.5232699319821597,-0.16237994179838305,0.9545336961746216,0.5143048850123528,0.7835073503343432,-0.14285461051815257,0.7265512347221375,0.15859707983171265,0.8119360975404496,-0.004425108409186019,0.20747971534729,0.46434888504013727,1.0224027046869233,-0.2522807623741609,0.2088404297828674,0.12867061836427743,1.0260517398611129,-0.21542533267398786,0.0523163639008998,0.5185023337487618,1.130989437598572,-0.30970652322416564,0.1600255221128463,0.07369597091062599,1.114936217248138,-0.28275860719246554,0.0468687154352664,0.48863750845137155,1.1061654356505077,-0.38815166177051064,0.217644527554512,0.12543768046718334,1.127255657820804,-0.35816258380655414,0.0679486319422721,0.4848515101143623,1.1066137129642926,-0.2636299986245614,0.196919247508049,0.11842069930634654,1.0977265646472265,-0.2666071861494594,0.0700437203049659,0.42866202580827006,1.0210881847339948,-0.08426952406363176,0.0225890632718801,0.24667588787442718,1.0118539427054163,0.04890887767218026,0.0169103853404521,0.4081791249101832,1.4761699602944038,0.017566876698761537,0.0209778621792793,0.24095873288402514,1.4628520065399386,0.11587087319986661,0.021237401291728,0.3947466235679227,1.7751132728966652,0.4538017857049996,0.0017576953396201,0.2189599770642966,1.7860271013437319,0.43933411295824554,0.0015724562108516,0.4063508689993788,1.849716238508355,0.4811696660566042,0.0007282458245754,0.24635496733064685,1.8708997781510235,0.4524000714650783,0.0016900961054489,0.34576893444075685,1.9407603809077296,0.14578485582553496,0.0012949191732332,0.2215483207245495,1.9312335418990159,0.03361837121621025,0.0023823613300919
2025-11-11T0741.409061,151,0.3599579481181726,0.2326259587599401,-0.6633639080821938,0.9907843470573424,0.3813436572401263,0.21834423542025574,-0.6066735148330632,0.9903385639190674,0.3720331772054774,0.23933682451202415,-0.6387430985071189,0.9914732575416564,0.38812352791190635,0.2185942485313144,-0.6191284302749359,0.9927304983139038,0.3322149787595417,0.2022213777026399,-0.6238037845965795,0.9853668808937072,0.339546173200271,0.17038551640661775,-0.6340242178537367,0.98249351978302,0.3160392442492399,0.1767147039176944,-0.6146470727279812,0.9816691875457764,0.3772851750120804,0.21702262581133522,-0.3423089177774863,0.9960532784461976,0.30536753183088516,0.23138004570807003,-0.3874619477102561,0.9822751879692078,0.3688243573629438,0.2804416282637432,-0.5739844906133399,0.9920800924301147,0.3142049096384011,0.26762192343455204,-0.5504022376454639,0.9772587418556212,0.4803128557216793,0.490953697683499,-0.21547718152115086,0.9957653880119324,0.19982722311912907,0.44787836963214656,-0.21024751222798788,0.9590646028518676,0.5089538922396168,0.7835631214621122,-0.1387678398460629,0.7375282049179077,0.145642842176126,0.7237322135320803,-0.1381394584871852,0.2676243782043457,0.4822216665045212,1.0081746643945342,-0.3510857036993128,0.1959791630506515,0.05408880679683793,0.9669705713695942,-0.35126703176418983,0.0617273300886154,0.4395488449901861,1.098731153449706,-0.38158329431616095,0.1490494459867477,0.0028066733626578994,1.0299045866301961,-0.40188531130823113,0.0531901828944683,0.44615044070440485,1.104862480676521,-0.44050195668995396,0.2035435885190963,0.03299567078666294,1.051401526349443,-0.5160285229869702,0.0776271149516105,0.4557076332662267,1.0417797200396237,-0.37533034724395636,0.1841192990541458,0.09022281210657704,1.0185902759152896,-0.412660537400008,0.0796922296285629,0.4071467064088347,0.9882648276609517,-0.03907458798740672,0.0244578942656517,0.22201042960794964,0.9910291875121673,0.05349440993590827,0.0196876972913742,0.3858195200678083,1.4621178678595592,0.11404690464152319,0.0197983849793672,0.22208605334442416,1.4513921813739097,0.05667359088631316,0.0193991791456937,0.3633552873695031,1.7999551230476343,0.5477262637672187,0.0017000583466142,0.24295359145688844,1.7741746302441133,0.41594818540853395,0.0014402221422642,0.3786561397829396,1.8406034136919025,0.585104404761252,0.0007479511550627,0.22850836985961318,1.8716999629149689,0.38499201402775174,0.0016103418311104,0.37221472846132814,1.9386133707728808,0.2167632611461839,0.001252967515029,0.22484255226507527,1.9183489858227845,0.02148323779242423,0.0021723536774516
2025-11-11T0747.569525,152,0.39280323787966703,0.24983972458206916,-0.48829791642082426,0.9915267825126648,0.42236911768442087,0.21393367222773027,-0.4448319386027972,0.9909970164299012,0.42301715445959287,0.2124504990058671,-0.4419962635980519,0.9920470714569092,0.43938525067293965,0.2188211705752784,-0.4176600122539571,0.9930974245071412,0.4066413540516633,0.2005739298899501,-0.4841291240477905,0.9866228103637696,0.38300344408385906,0.19103242291622557,-0.4619502304317825,0.9840942025184632,0.3665163239099876,0.18050033811957236,-0.47853667986107085,0.9833675622940063,0.4287923098933624,0.22570049706503206,-0.16778590221786913,0.9959136247634888,0.3625270642985251,0.23299767913744185,-0.3199026502626947,0.9839439988136292,0.43064797695287316,0.2701768208620074,-0.39637741089668965,0.9927464723587036,0.36918202533022176,0.2865973548751585,-0.4116901043027689,0.979492485523224,0.49137701460477184,0.45326865098549873,-0.08510899913363563,0.9960446357727052,0.20015847268319475,0.4219838054678434,-0.23365928969130115,0.9631502032279968,0.47084606316583477,0.7860421216376574,0.030310067622164802,0.7202874422073364,0.12552675570758676,0.7165924300955141,-0.2090669736814833,0.3332265317440033,0.47640615120244517,0.9948748931473071,-0.10573908129916752,0.1792834103107452,0.06077390415469735,1.0008409977391004,-0.3698005426277902,0.0820694118738174,0.5056980103010945,1.0746586939537568,-0.14785328929896305,0.1362731307744979,0.02367869344443621,1.0371237706348324,-0.4285701931304262,0.0664831772446632,0.4378757776178027,1.090512442000777,-0.20566279922111266,0.1859837770462036,0.048883877312670763,1.0520925674169737,-0.47157659685193987,0.0928442329168319,0.4357187090002756,1.0407692840045777,-0.13392592316071844,0.1686616539955139,0.057518170418357384,1.004687491393359,-0.38908669253580563,0.0965939536690712,0.4142904944247892,0.9901544893606729,0.011136841778435458,0.0485864132642746,0.23377896191982067,0.9773973593849017,-0.02197860856080502,0.0519134998321533,0.3789615009210914,1.4462898291303614,0.12766441806575043,0.0207764860242605,0.20445683655822924,1.4286796843747303,0.03582051270242091,0.0187157690525054,0.37185446072584594,1.7887600825825771,0.5300020545198233,0.0020657498389482,0.20797699135875053,1.7816815883648505,0.3590228576325134,0.0014637490967288,0.3586037841157374,1.8754499174866328,0.572709260381147,0.0012383155990391,0.17108433507625626,1.8505957695110278,0.36165695518078145,0.001943493145518,0.3371496197646058,1.922959200955933,0.257640460326078,0.0014681705506518,0.22054891365431215,1.9139369449299475,-0.02805805725053264,0.0020584734156727
2025-11-11T0788.286596,153,0.4408743470624505,0.23779534303948788,-0.4135496580614936,0.9918470978736876,0.42784360130294175,0.2048945687538803,-0.3831293364377032,0.99117910861969,0.4348937335402609,0.18059915385267827,-0.36729152255630165,0.9922235608100892,0.43754506790241576,0.21517903004241837,-0.3719867317818477,0.9930400848388672,0.40965222114031813,0.18854738097217702,-0.40032997203109066,0.9874146580696106,0.4244966199081197,0.18125044445724292,-0.4208737750342833,0.9852595329284668,0.3852162777508255,0.1842285739544787,-0.4177737589464705,0.9846234917640686,0.44381135307631614,0.24202987910999185,-0.16927274622568608,0.995342493057251,0.33726283169730115,0.18295541850326302,-0.30495028045444494,0.9852211475372314,0.4560506138534536,0.25428201692226665,-0.3415816739153253,0.9930673837661744,0.37153059015509887,0.23512573677639548,-0.3783954360862198,0.98135906457901,0.45601911933287276,0.4834705364470614,-0.07122516338861638,0.9962525367736816,0.22548817730794354,0.41361114729716936,-0.23591340103564828,0.966812789440155,0.47308661040331096,0.741686685586246,0.10142605511471638,0.6934066414833069,0.07074627690006252,0.6777359241979523,-0.19978055605587683,0.3825029730796814,0.49916805864150626,0.947844450441808,0.089839683959845,0.1643853038549423,0.0016150021768619287,0.9149434565735882,-0.3541245547862059,0.0891364067792892,0.5074469233104014,1.053360582576466,0.036194748404725204,0.1249062269926071,-0.03375587158488003,0.969877433270009,-0.3670966069282624,0.0723424330353736,0.48701467384774016,1.017495748106141,0.0027278220703981174,0.1702673137187957,0.0190774467526205,1.0062157835266183,-0.4782762751407984,0.0996180772781372,0.46600229143739336,0.9683360148215197,0.038832402364729846,0.1548596322536468,0.0021512554422815477,0.9860917483974353,-0.36325822313037964,0.1049355566501617,0.39145006376003455,0.9979461834642468,0.03134216658501428,0.0567559525370597,0.23721584677500018,0.9837163693635589,0.01339856506300929,0.0622064284980297,0.39625855049590686,1.4226391560903284,0.15299152775504596,0.0195229295641183,0.20701311475423778,1.4159909421564094,0.06778785579849507,0.0173395033925771,0.36706622482939044,1.8049091454066564,0.558285297736756,0.0019769689533859,0.20986042514368652,1.8045054232960913,0.3404623856088699,0.001366319716908,0.36930511192050086,1.8698267545764402,0.5873000609283885,0.0012249678838998,0.19800623773423837,1.822107537658866,0.3530500850232273,0.001896079396829,0.3604094909792713,1.9168360958183925,0.2742017689030473,0.001475864322856,0.23197418193563274,1.915081641870213,-0.03961026900142872,0.0018946182681247
2025-11-11T0782.275650,154,0.4235156319133597,0.2290875026876392,-0.5069128871710311,0.9925562739372252,0.46245611409346876,0.2283881319005067,-0.44778024492359175,0.9919201135635376,0.43946759890441317,0.21226767098537974,-0.436127271520934,0.9928768873214722,0.498659811505109,0.23696051603290005,-0.4537166387659809,0.9935832619667052,0.4137509104643678,0.18042435952789074,-0.47616933481807167,0.9885462522506714,0.41727391411420156,0.19112814416769175,-0.5063202001785977,0.9866341352462769,0.4319120868102249,0.19038218163899365,-0.48751763328113723,0.9860621094703674,0.4477438576081575,0.2550412021909958,-0.2045113242987204,0.9955995082855223,0.39684835072714947,0.20934657082594427,-0.3393311109049776,0.9866237044334412,0.45884539878810254,0.28137156568142924,-0.4024795794952436,0.9936785101890564,0.37687559212469146,0.25539933871892717,-0.46171029448355766,0.9831812381744384,0.48989733645234224,0.4562511746947022,-0.04671211128924898,0.9964949488639832,0.2318676230076779,0.3739134983050903,-0.2550558825974652,0.9701128005981444,0.49076427231121683,0.771073476811216,0.1094306211506891,0.6537243127822876,0.08133734706389346,0.6515282450185141,-0.18034666140160321,0.4286341965198517,0.5139272650391614,1.0047807150772237,9.781315526058432e-05,0.1517658680677414,-0.043926959297422706,0.9110187722915939,-0.35671437904489495,0.1029929742217063,0.4911950208922097,1.0385630731042403,-0.011513481808754195,0.1160184368491172,-0.063399600622622,0.9557319281549558,-0.3840169259418543,0.0857729092240333,0.4971759954933134,1.0550472844202434,-0.0651089890090193,0.1581712961196899,-0.06046033169581508,0.9670249194815164,-0.4641188323740986,0.1169684901833534,0.47760148945336967,1.0316908433838927,-0.02407079929406114,0.1440069675445556,-0.020448834238093322,0.9458765850502747,-0.3632577871698632,0.1219859346747398,0.3928885992587277,0.9860069422791565,0.04943844141455832,0.0575151704251766,0.22885359799710514,0.9527860738929621,-0.027794306331730422,0.0635220557451248,0.34875163346655885,1.4104957432490897,0.12836751287002915,0.0183011665940284,0.17076335126824735,1.4100104712805088,-0.05789578311827169,0.0158642586320638,0.34279679932633134,1.8213886738726748,0.4345820207770704,0.0018462931038811,0.18290311557287964,1.7796965016555975,0.1500021132373804,0.001252852845937,0.33909234152625817,1.8761157938286668,0.4348868302918409,0.0011625685729086,0.16092294130387344,1.8692595262069873,0.16878853547150305,0.0017547436291351,0.3561718022864112,1.9148021416382683,0.057760238909762916,0.001422565896064,0.17229599243841204,1.9111861562305754,-0.24391387395038147,0.0017381546786054
2025-11-11T0793.688164,155,0.4126910564136644,0.25245844576363236,-0.40795387141553036,0.99318528175354,0.46831169032724174,0.22288012423132,-0.3647764663140885,0.9925984740257264,0.4766104010268731,0.22417803108310627,-0.35605594912930744,0.9934682250022888,0.47432180684309844,0.20771155173113304,-0.3655636678570937,0.9940801858901978,0.4450315847842953,0.22048360133769118,-0.38644445437306335,0.9895960688591005,0.43149100621877445,0.22512179514619013,-0.3611121662237401,0.9878935813903807,0.42473846408727184,0.19818399933699382,-0.3632512361202299,0.9873824119567872,0.46018834868728237,0.2508797945544155,-0.11965318025487115,0.9958807229995728,0.3891641079824693,0.2169632907351423,-0.2912516130169298,0.9879093170166016,0.45295526872894515,0.27216257287854884,-0.29803181446842614,0.9942483305931092,0.41359532325300763,0.2879730985419819,-0.34558965788382345,0.9848345518112184,0.4718062433027405,0.4670039989603245,-0.052989401023549404,0.9967730641365052,0.20447976807063187,0.35370049192970365,-0.20853213886303198,0.9730960130691528,0.4447850479919511,0.7142155885487216,0.17947529600589565,0.6473731398582458,0.10623399748680386,0.633200685063543,-0.20850344475116236,0.4787454903125763,0.5029664868488373,0.9374384384081047,0.17474265035448283,0.1420555263757705,-0.011324479969798469,0.888861765510798,-0.362638752712516,0.131647914648056,0.4860770038701362,1.0249120784796395,0.16738715423508022,0.1082512661814689,-0.038028865512676424,0.9345282361983149,-0.41956349819324285,0.1078345775604248,0.4740723269096892,1.0412052351977175,0.11307133594595181,0.146988645195961,-0.004872943474268868,0.9298050921419397,-0.4635869819110048,0.1397237330675125,0.4648725007313362,1.001244132497576,0.12780469054315008,0.1347357183694839,-0.010503977176502513,0.8984116582703887,-0.3877386788235385,0.1460499614477157,0.3907031138409445,0.906466289069646,0.02495041764480958,0.0819794386625289,0.20088984749317687,0.9221166601839847,-0.0074786928819301456,0.0941783040761947,0.34605019064287373,1.381620369924945,0.09512986456027862,0.0170111805200576,0.1838905823718745,1.3437304434744903,-0.008919083526124184,0.0146938301622867,0.3455470151213883,1.7609166585193603,0.4532097294879364,0.0017154077067971,0.18837654319991512,1.7548049786291702,0.2660291439544191,0.0011733892606571,0.3446416605804775,1.8191124168091288,0.4811851037992325,0.0011044197017326,0.16055901386522697,1.7774768141327764,0.2605365294823175,0.0016574496403336,0.3051127498321784,1.9339572304867878,0.15516296048267095,0.0013662645360454,0.1886329217054564,1.8558842960418118,-0.11348092375339186,0.0015989766689017
2025-11-11T0720.846287,156,0.47265502571166906,0.2613606154208886,-0.4082827978061488,0.993681013584137,0.4696662405150546,0.2543600920167945,-0.3236376144469383,0.9931415915489196,0.45276448751857673,0.22824768790235425,-0.3420269247107753,0.9939053058624268,0.5008862213613738,0.2324292277236218,-0.3295330006614171,0.99442058801651,0.46063247434853616,0.2248046622650302,-0.38328389889073156,0.990532636642456,0.4069322277962121,0.21246530307946543,-0.3995244383286355,0.9890225529670716,0.4202441077779799,0.2195314748410517,-0.3815180168651748,0.9885743260383606,0.4284891531044897,0.24469056378880885,-0.09370806634580413,0.9959954619407654,0.41649389847089474,0.20657291171081602,-0.3386391747330723,0.9890813827514648,0.4622319987880451,0.2906836842480514,-0.29714312734675674,0.99473237991333,0.4135325115880601,0.2567985746154328,-0.3321655278098913,0.9863247871398926,0.47399876847301636,0.4496912268922652,0.036480238331693025,0.9970141649246216,0.20615484601112585,0.33992927629591563,-0.2833171495952739,0.9757839441299438,0.4629356130986284,0.723713248420887,0.3050233407061437,0.6350597143173218,0.05494249016982547,0.6078691717881137,-0.3594884482824978,0.5293177366256714,0.48028373684993125,0.9127385747580019,0.37881135989565984,0.1335830688476562,-0.008288342029568196,0.8613378726124085,-0.5491036902850027,0.1979690194129943,0.43245560624102297,0.9622215231257278,0.3822272491978885,0.101591520011425,-0.007299623580494935,0.9353365837668558,-0.5808830838186474,0.1620139330625534,0.4842864986691277,0.9321718034947629,0.3171972203131492,0.1369869709014892,0.02356402179544756,0.9471875399488625,-0.6065101484365626,0.1928697377443313,0.4705803763520098,0.9681010572567997,0.3673277360846898,0.1268958747386932,0.04378233050679053,0.9064977150011508,-0.5323074340804359,0.1998996436595916,0.3830763146647014,0.9185826137567219,0.045722344289374675,0.1299814581871032,0.20594601125667594,0.9254298763357838,-0.03698146137215573,0.1527143120765686,0.3555996737241878,1.3630247064559529,0.11955572731198925,0.0160088464617729,0.1988911059505371,1.331262048211097,0.017894802133920962,0.0137231657281517,0.3298829642023536,1.7695524686877033,0.5250889607944278,0.0016088709235191,0.1671600760452053,1.7235680385878809,0.2586418595408713,0.0011123006697744,0.3489082901355973,1.7982350637928022,0.5044105996086918,0.0010739159770309,0.16172477042911926,1.7695015722462968,0.21643802646669202,0.0015883715823292,0.35622351974397976,1.881639898268942,0.24220529675276417,0.0013509336858987,0.22870263923889175,1.844391433867273,-0.14087421925965823,0.0014989695046097
2025-11-11T0778.205303,157,0.46678147560569316,0.28484487910132655,-0.26559526949949885,0.9942739605903624,0.45612238032539854,0.2619312972969097,-0.22931827980286806,0.9937840104103088,0.4349871504844829,0.26989248997232224,-0.22556918700753023,0.9944639205932616,0.46323829434444985,0.2854827191841002,-0.2031147532524886,0.9949304461479188,0.4240068561235878,0.2498207975567723,-0.27836233885514455,0.9914559721946716,0.4361036060156934,0.23974591833423992,-0.28629950843062896,0.9900975823402404,0.41460588677109655,0.23948756734282672,-0.2889523644278831,0.9896958470344543,0.4397314930137093,0.2626252514079803,0.0072195692696254195,0.9963425397872924,0.4036340306205515,0.22584504260504493,-0.28194706546977816,0.9901601672172546,0.4250931688168093,0.31755127413483336,-0.18015639502098912,0.9952409863471984,0.40002323825270414,0.29472711887097264,-0.2657392188256842,0.98768550157547,0.44481564680536256,0.4633871896257412,0.14040736984089408,0.9972841143608092,0.21791529179892122,0.34808582905097674,-0.3393404603263077,0.9782039523124696,0.39538712043439456,0.7135321661791032,0.44889993445736925,0.6264642477035522,0.04378258991903761,0.642156776965273,-0.4524129600066253,0.5730613470077515,0.4585974583389816,0.9141359159356177,0.5880325838756051,0.1311294287443161,0.1401390074199933,0.8579075383559773,-0.5581093669331928,0.2520179152488708,0.4787510934108194,0.9410968637353082,0.597082156540617,0.0993923023343086,0.11413130231692534,0.9441942904231796,-0.5887725150595826,0.2096431106328964,0.4470856565749248,0.9564816591870787,0.5344622448564625,0.1324454993009567,0.1563907579120465,0.9721620147376383,-0.6047729880945795,0.2400221824645996,0.455057740063602,0.9301416917389054,0.5592289467278807,0.1244836896657943,0.17208974828610263,0.9500177903249825,-0.5694656567337558,0.2479412704706192,0.39343161148468825,0.942901549362462,0.09790992241522288,0.13726207613945,0.22501094735315455,0.9456303354115315,-0.0865169390264016,0.1666964739561081,0.3718251658692225,1.4139933816171835,0.1319277219506612,0.014810930006206,0.1676270149062328,1.3845525335769744,-0.086436758465566,0.0132093681022524,0.35741818983131796,1.7537013709633211,0.4914282049176999,0.0014823439996689,0.19494417704269643,1.7842907276635656,0.10552401405407044,0.0010578596265986,0.35168423882838706,1.8166243472859072,0.5325537678240394,0.0010003262432292,0.20291029671318062,1.8345863203009751,0.15538571485398472,0.0015141720650717,0.40307997353549474,1.926568696665428,0.2593779034144755,0.0014378947671502,0.261653885613316,1.891258368339114,-0.21377823329679227,0.0014423161046579
2025-11-11T0768.445195,158,0.46987644916533544,0.30417224831893436,-0.19972879729719997,0.994817316532135,0.4641037338061287,0.2420458198721807,-0.14371739892269325,0.9943798184394836,0.45709923488062043,0.30545342364886785,-0.15301144666382224,0.9949833750724792,0.46055839739972226,0.27160431614339575,-0.11769984448487336,0.9954082369804382,0.4333291200593399,0.2403852871799781,-0.24308874513839418,0.9922946691513062,0.43498561959820076,0.2485915494496857,-0.26349299094646006,0.9910705089569092,0.4076833676924146,0.2745293124345916,-0.22569583927971346,0.9907114505767822,0.4256809457646226,0.27817777108804176,0.05610012613862611,0.9966763257980348,0.39627849133560433,0.2358413130330464,-0.3001415820589549,0.9911358952522278,0.4156088484865932,0.35451333210808605,-0.14886658169949563,0.9957057237625122,0.4094566173449371,0.30314977883023364,-0.22770131270520738,0.9889119863510132,0.3902739932990225,0.4420547332546726,0.21566689985401308,0.9975160956382751,0.20104659463928864,0.33377952135092775,-0.395747959670237,0.9803814888000488,0.4058589748364329,0.7158906471525853,0.48712612997526883,0.6169538497924805,0.06596939194799575,0.5613627345319254,-0.5239396128694412,0.613608181476593,0.4303436274703759,0.9050482751927506,0.5431244670042338,0.1429506987333297,0.13387685452084105,0.8624442825693827,-0.6006294634757543,0.3161091208457947,0.41978557958435286,0.9657433624839621,0.5181915358864704,0.1107092276215553,0.142886941356379,0.9272998436998616,-0.6782168554733119,0.2734776139259338,0.4520039214380171,0.9247213117222979,0.45376470363357596,0.1435799598693847,0.17345792408978045,0.9518431921231661,-0.6712685575878568,0.3028822541236877,0.41263663332450384,0.9354926026428718,0.46346569924858944,0.1374760419130325,0.16532252955582258,0.9300539999067678,-0.6388380613925826,0.3089394867420196,0.3706459038433854,0.9277004186477401,0.1225754596030928,0.1511048376560211,0.23927445584516152,0.9312967084907661,-0.11711277399141427,0.1846354901790619,0.3333143483716592,1.4052612951506633,0.13881604384916138,0.0141403106972575,0.20962523788529483,1.3756370212722708,-0.07528190534059538,0.0137739097699522,0.3527404039898275,1.7766632724720657,0.502948655201447,0.0013869262766093,0.1998805072924122,1.7750947249961826,0.09369430961312968,0.0010377782164141,0.32659448428077636,1.8377826065315146,0.5135174157860818,0.0009412652580067,0.18027536046357667,1.8486340116013151,0.12075842044309866,0.0014956332743167,0.411906573812692,1.8817324278176626,0.23693315312056776,0.0015853350050747,0.2705873722526581,1.863049748719494,-0.22364882376317802,0.0014663395704701
2025-11-11T0741.652893,159,0.4286701506425235,0.29283984675458946,-0.03922614376073587,0.9952948093414308,0.4408133213854779,0.2930981040736843,0.00013603819695771555,0.994897723197937,0.43412098079163286,0.2967650232960685,-0.03475535175808406,0.9954360723495485,0.482848641160534,0.2862236501559844,-0.011884261680736845,0.995816707611084,0.41846598838096005,0.26720727287622015,-0.12771429899540554,0.993037223815918,0.4441372329260037,0.25670527219027645,-0.09389926569403365,0.9919360876083374,0.3810909869628138,0.25775697569975464,-0.1028461734967085,0.991615355014801,0.4005811334536698,0.2924424784393407,0.1700089119387314,0.9969522356987,0.38376705814550327,0.24023168479172755,-0.24967967580588943,0.9920082688331604,0.3854039677029094,0.3167369143147646,0.021375230203037342,0.9961066842079164,0.40856447846622024,0.319932564723075,-0.09422886483466164,0.9900074005126952,0.3685608002877361,0.4417644913198105,0.306123894523774,0.9976276755332948,0.18127408763874905,0.26916006153491767,-0.3511515915178052,0.9823414087295532,0.30537455465452257,0.6890317951475413,0.3921531787165487,0.5898651480674744,0.05634933656562437,0.5543134706130491,-0.45690171138338853,0.6510117650032043,0.3439686877674676,0.8824267146302377,0.24542399319851874,0.1630120277404785,0.149204867799928,0.9067606859901105,-0.521121468086247,0.382193773984909,0.3212293548659393,0.9483021743400379,0.24020062673396395,0.1342876702547073,0.11138010346172446,0.9868871551430813,-0.6119863190399277,0.3427358269691467,0.3639140117810489,0.9536858442628903,0.17135709385676884,0.1671513319015503,0.18262191100369551,0.9605746771096496,-0.6073956241218303,0.369650661945343,0.3302618118623949,0.9372034336311454,0.19879356248845217,0.1616268754005432,0.2100140532963649,0.9459184377928399,-0.5557346375150078,0.3741853535175323,0.2705789486516777,0.9262221451432545,0.13115598708668577,0.1918370276689529,0.19233624865783586,0.9643923481572075,-0.1529079697893236,0.2371584922075271,0.3086600026548144,1.3803502430759949,0.1499324131662704,0.0167534127831459,0.14871077052889653,1.3009807884286004,-0.12291685622680276,0.0240808296948671,0.271011449590296,1.736280722788043,0.43386031424440585,0.0015301192179322,0.14260922666276662,1.7831280684593545,-0.020982181224309587,0.0013679236872121,0.29463206459078767,1.7906524295220216,0.4275391556711496,0.0012026600306853,0.1261912657904048,1.7992593770353889,-0.042594725611082525,0.0021077564451843,0.3258577952809859,1.865466904499728,0.20633507639587803,0.0024789464659988,0.2026651521894897,1.885303098407648,-0.3399928036686559,0.0020168535411357
2025-11-11T0710.212285,160,0.439887422722471,0.3013571494680657,-0.041217234154693694,0.9956771731376648,0.420633921877591,0.32427751065284144,0.007372350612316182,0.9952800273895264,0.44433947723503864,0.2903841571078053,-0.0182054477948046,0.9957715272903442,0.4319476049037832,0.2983646458162611,-0.004200537530812737,0.9960933923721312,0.425765303653335,0.25769903904468405,-0.10008058148213082,0.9936522245407104,0.4361169458392727,0.28030950291171847,-0.0724207917529494,0.9926734566688538,0.4158215746470406,0.28059074693481273,-0.10429130318942059,0.9923855066299438,0.3753024456668625,0.2744671270768294,0.1626035253011613,0.9971266984939576,0.3508874897476756,0.2579925497631819,-0.23397768405988636,0.9927688241004944,0.40688066143945145,0.3426890372652761,0.028766374479598913,0.9963962435722352,0.41395511108692623,0.3405781550253338,-0.07812115780777659,0.9909575581550598,0.3435126352316104,0.4215537172364813,0.343402695218368,0.9970849752426147,0.17762967886639924,0.2709066757917714,-0.3355942729257404,0.9840986728668212,0.2683439997904412,0.6586536876458446,0.4092168384866586,0.5413969159126282,0.01863822473270563,0.5233781647099118,-0.5001786094745158,0.6832005381584167,0.29437855522209494,0.8980070034552821,0.2352724816846255,0.159967616200447,0.11710216346146342,0.8699086406167287,-0.5516238943301649,0.4374824464321136,0.3047329821838443,0.952692904655157,0.23241623521942362,0.1361542046070099,0.11019636344215397,0.9865937047506199,-0.6149767985096624,0.40023934841156,0.2828628250379217,0.9369184249432497,0.14390064503162373,0.1683233827352523,0.16223297974813083,0.9253489388443725,-0.6168668654285223,0.425830066204071,0.2755587435136574,0.8776085595767286,0.2172871682373905,0.162861168384552,0.17102592126694882,0.9294765650203313,-0.5320171882401333,0.4271807670593261,0.2341948592513034,0.910691251701996,0.16086743141001175,0.1940115988254547,0.1493518067839049,0.8948988045696074,-0.16390769178149517,0.2559602856636047,0.2235361346488606,1.2593077964380601,0.166535548394268,0.0232390575110912,0.09579841544367315,1.2650886502253407,-0.15981604120136375,0.0417390689253807,0.273354439234092,1.7005736818052033,0.43282572863929664,0.0022718706168234,0.12386261857836882,1.7041722226091223,-0.0249775121202956,0.0030936482362449,0.2074692706378859,1.754199250528826,0.442201209085187,0.002406244399026,0.08777505320186006,1.7493890393028537,-0.010942108289074826,0.0054129669442772,0.3205835991756634,1.8114732287063382,0.22025135857321884,0.0048759547062218,0.19316565705276859,1.837733330517352,-0.2844339876728633,0.0052670394070446
2025-11-11T0790.693544,161,0.44014824040771044,0.33944865082934045,0.015270999448482942,0.995599329471588,0.4165628977834563,0.2988347842759778,-0.004698158533243058,0.9952393174171448,0.46115343035760265,0.28772302238963166,-0.0047057342999686416,0.9956883788108826,0.4392492915325833,0.30933798917521543,0.014019906143025701,0.996032416820526,0.3800044758434879,0.3068663088981675,-0.07350281369525037,0.9939477443695068,0.4285214521449879,0.3160866315656049,-0.09478661504936717,0.993063986301422,0.40814638346486726,0.29368324623404063,-0.09761077486395782,0.9928481578826904,0.412304986688903,0.27922341204858486,0.1290380722026126,0.9970924258232116,0.3893980323642539,0.2849294192386104,-0.23729764590150246,0.993356704711914,0.4004430327450279,0.36680660768110945,0.05179649139152773,0.9961845278739928,0.3983742495072251,0.36142536654074076,-0.07131551585968869,0.9915416836738586,0.32148370267145493,0.41931653629936816,0.3351171777451155,0.9953902959823608,0.1976887112544915,0.32358946455820964,-0.4296708121578244,0.9855848550796508,0.2848965591020344,0.5994896654877018,0.6093344829234014,0.4900962710380554,0.057474956538366595,0.5492573442940198,-0.494616061488127,0.690118670463562,0.29979555403861463,0.6491689363261547,0.7606407570806564,0.1478487402200698,0.16414154555508836,0.8442128809834043,-0.40223262374432805,0.428718239068985,0.3178324225278972,0.6872508437089376,0.7756122311190091,0.127206265926361,0.1576546042573941,0.9405528338567168,-0.42337365627711254,0.3938673436641693,0.31670369999397546,0.6736843684593423,0.7477561144320258,0.1566962301731109,0.20177761735997682,0.9195266455837269,-0.40251487874631386,0.4206503629684448,0.27650147024774335,0.6348334253942496,0.7308665022750576,0.1518903225660324,0.1580751391356492,0.9233248380243424,-0.4070873842497588,0.4173533618450165,0.2565886279990579,0.9295069849099643,0.21258234520472105,0.1882151514291763,0.16354988929954337,0.8933397991236562,-0.22502990473932422,0.2492352575063705,0.257928190317424,1.3160109106590054,0.22770703916535687,0.021859111264348,0.13416550166755764,1.2856184341331027,-0.1669529134327635,0.0393472611904144,0.25982105181304144,1.7055697496240387,0.4928815828244701,0.0021024306770414,0.09846143269797183,1.7357358035898196,-0.0238258913602803,0.0029725627973675,0.2338875302477129,1.7712828605956217,0.4871738556716659,0.0022876996081322,0.104397652375245,1.8397897180735707,-0.0061183716703737895,0.0052513424307107,0.30206585101247346,1.8667878837352974,0.3211295011634188,0.0047841188497841,0.2006737257283217,1.8826154861093598,-0.27608058359563326,0.0053919148631393
2025-11-11T0736.898948,162,0.41859011653331646,0.3604611879905546,-0.1370662281941568,0.995954692363739,0.46263472830592633,0.2938978501551034,-0.04141533102445237,0.9956101179122924,0.4594322022207981,0.287908273292339,-0.08079878936365875,0.996013879776001,0.43332728586406516,0.29492270409651533,-0.029178394328885145,0.9963313937187196,0.4418071147432297,0.32056903291769956,-0.14624201770337278,0.9944742918014526,0.4373187351996971,0.31496022060861795,-0.18100286727569545,0.9936774373054504,0.43698729357787336,0.3101536254783935,-0.1580879217955479,0.9934930801391602,0.4076248443982451,0.29476662573877604,0.07323123706459185,0.9972901940345764,0.40624518666297277,0.26739339268094436,-0.32503513077599255,0.9939813613891602,0.41706870454936856,0.3719682550385948,-0.03930889130328805,0.9964169859886168,0.41097129401017174,0.3741930694746016,-0.12900425139926316,0.9923070073127748,0.2953123502096704,0.4365289054077199,0.33098130493969263,0.9943853616714478,0.17974471460106953,0.31719601609485276,-0.49143382094335597,0.9869564175605774,0.2502600909461662,0.6417318880740572,0.41427153168622305,0.4425762295722961,0.07121310143408538,0.6561698701724294,-0.5759075725044894,0.6824504137039185,0.2477494206909869,0.7962024824808774,0.4394357998577582,0.1366981714963913,0.16358016550408408,0.9659168096792764,-0.4632012498346357,0.4242154955863952,0.24970986752768287,0.8832155645703714,0.40294133738188526,0.1204215735197067,0.18517652897178818,1.0918651604649967,-0.5142928750107795,0.398005723953247,0.2792005471628287,0.8610184891846759,0.42546208955475084,0.1482046991586685,0.19001540159876898,1.0556575050558668,-0.47849637880364476,0.4286412000656128,0.2602260902761254,0.8313537450063218,0.445911776646703,0.1437281519174575,0.20395417084811868,1.0305364187189259,-0.4598001946321765,0.4184651672840118,0.2547957950488602,0.9994973907654388,0.20349510354344338,0.1758809387683868,0.11404091537559183,0.9747767780561993,-0.22045297114035545,0.2342568039894104,0.2278186133170229,1.3817528981828837,0.272776504657839,0.020336277782917,0.1232702870778862,1.3969515722064543,-0.15790167807270655,0.0370952002704143,0.23577157840017077,1.8065374925185482,0.5522842049489981,0.0019518320914357,0.09766515077006874,1.8733842216122403,0.05098959775145105,0.0028064451180398,0.2017280568539243,1.8875856167706253,0.6026855583027877,0.0021541262976825,0.054597334465585214,1.939560035780364,0.025224343200748543,0.0049056587740778,0.2791709089554392,1.9040456695562706,0.40200879586344285,0.0048167523927986,0.22265290611544317,1.9712350087421406,-0.2487652396011844,0.0054990323260426
2025-11-11T0777.511331,163,0.4156747423041119,0.3785327254996439,-0.14127773844529595,0.996305525302887,0.4826605091593993,0.3342315204767526,-0.1212270021567913,0.995996117591858,0.455654330309518,0.3159244877260454,-0.05587858727265931,0.9963625073432922,0.46444592037555593,0.3182677581029543,-0.09438725691823088,0.9966487288475036,0.4422595136570254,0.32771487091051255,-0.1900229022406414,0.9949823021888732,0.4526694774240666,0.30282480515198656,-0.2095521974968725,0.9942644834518432,0.46787243482134067,0.33457839918526344,-0.17722884055095475,0.9940961599349976,0.41908422311347415,0.3012094094214751,0.06514302652386572,0.9975148439407348,0.39845562405575524,0.2865249602136869,-0.3734384500449585,0.994559109210968,0.4175260538687534,0.4257488393967361,-0.037391883349021465,0.996700882911682,0.38387388368332875,0.3895097673447671,-0.18735696763095597,0.9930376410484314,0.3060969029261077,0.4309675408913445,0.2674190554248119,0.9944345355033876,0.21922515901553546,0.3473475495096261,-0.5009033439916569,0.9882112145423888,0.27732105727800604,0.6967298494876178,0.3588996437967104,0.4011262655258178,0.07766269741444269,0.7182539452308612,-0.6469517103203144,0.6796335577964783,0.27008933442303135,0.9186075363543416,0.34513650946857594,0.1293272525072097,0.18821256479528395,1.0094360834206126,-0.5590268439627533,0.4195035696029663,0.2817790403741402,0.9373513282669809,0.32270479108102473,0.1183065026998519,0.21160243643725904,1.1007070571996689,-0.6242590378122657,0.4038679599761963,0.2846878515412465,0.9420637740495675,0.2219274919950649,0.1453259289264679,0.22732267973108292,1.0990436058675421,-0.6118640263061667,0.4378107786178589,0.29000287877619635,0.9222685217408859,0.28145440219691975,0.1413340419530868,0.2275098905766717,1.05473723952171,-0.5480036155688353,0.4220064282417297,0.2715372169633555,1.0342665072065982,0.21857193222127655,0.1613571941852569,0.135508482186825,1.0281288695641444,-0.2374176481186857,0.2146125584840774,0.2715548811691565,1.4995657540249168,0.20910212283301596,0.0185430776327848,0.12739970542041765,1.456000361177853,-0.22603177666997884,0.0340407900512218,0.2412177284585917,1.8694471119976301,0.5704844690534321,0.0017797988839447,0.10164273694434706,1.8833509039309044,-0.06280453051416045,0.0025755728129297,0.1837276227534702,1.9229659375763903,0.5533950536259069,0.0019851007964462,0.0753364983827746,1.9854326919262446,-0.0894838137503452,0.0045054964721202,0.2692226948240857,1.9959667315047516,0.3244353493505021,0.0047157793305814,0.2305519068055828,2.0136427353688466,-0.369432406732681,0.0053342776373028
2025-11-11T0731.179251,164,0.5004769035278948,0.42836464062103385,-0.02152708217275964,0.9965074062347412,0.48970034714757926,0.37048139161851784,0.014887442464002205,0.9962764978408812,0.49431871384385906,0.3944873816918204,-0.003443046527971191,0.9966101050376892,0.4883528155856042,0.3767804643112008,0.013593463571362091,0.996881067752838,0.4797088953965903,0.41525713815767046,-0.08401874483162831,0.9953829050064088,0.4994312460815313,0.38568853088435867,-0.09282756645265842,0.9947203993797302,0.4554730704061975,0.37613256300770975,-0.10157601681846268,0.9945770502090454,0.47853768207376124,0.40152230459402477,0.144975911339959,0.9976900219917296,0.457965369281839,0.37960288624411803,-0.28503661797148877,0.99505215883255,0.4923348312285586,0.4610222686347659,0.01842139413372667,0.9968578815460204,0.4506732121322446,0.427534945281744,-0.07642912076678461,0.993627429008484,0.34973407161370057,0.45313124742327154,0.33532097823825735,0.9944343566894532,0.3201576858862372,0.4135520268904991,-0.4887906681413875,0.9892776012420654,0.2714191060782978,0.7104322134728801,0.49159246854426075,0.3637844026088714,0.1344046025326409,0.6970620165243724,-0.48485694822133807,0.6688981056213379,0.3106083886679255,0.8980269962660724,0.47905357306324103,0.1211144849658012,0.23578712495333037,0.9614468075291907,-0.5503850121395475,0.4047659039497375,0.3057502153849527,0.9463729017494651,0.45458760850767704,0.1140376403927803,0.1807634237286121,1.0891259741657873,-0.607202405039392,0.3981351256370544,0.3298121497128035,0.9140461212566654,0.4082593733829273,0.1398036926984787,0.23325414051496843,1.0567595885558008,-0.5442192109117313,0.4341418445110321,0.32461862026795596,0.9107403189279722,0.4545723686943499,0.1361279785633087,0.22443484043065454,1.0578157998489353,-0.5252865110381884,0.4151633679866791,0.3259627263072162,1.0595396132107084,0.19574348839768557,0.1482655107975006,0.20791282108202025,1.0652205351699533,-0.22013182793407626,0.1966769993305206,0.33571794021781565,1.5498950231070394,0.24176791562271568,0.0168449729681015,0.19086178383698835,1.5037618600869003,-0.22928051311139697,0.0310834385454654,0.2890075950199721,1.9201411053573616,0.5259943384502324,0.0016114932950586,0.18621339124853523,1.9739295298898385,-0.07198060261610821,0.0023460420779883,0.25448990248166226,1.961026814816928,0.502230050293883,0.0018114577978849,0.16074234600768683,2.029093871784832,-0.06917998146925619,0.0041104392148554,0.3758531659971392,2.03547371566761,0.2991537687257076,0.0044029080308973,0.25579702647579117,2.0357618791323584,-0.3602998069734497,0.0049894927069544
2025-11-11T0757.703309,165,0.6086826947392734,0.5350205335124099,-0.11986164264955557,0.996679186820984,0.6206522352648873,0.49928223027726426,-0.07391616929400131,0.996471643447876,0.5626195521008193,0.49942848775862453,-0.0981795423048786,0.9967916011810304,0.5883822121463952,0.5092429808192765,-0.08148752623726367,0.9970178008079528,0.5896561884889483,0.5042593377160955,-0.15631493563511967,0.995676338672638,0.5859216324880121,0.4961144495578766,-0.16372343667364617,0.9950842261314392,0.5499609724659537,0.5169665328901428,-0.1684343205652623,0.9949408769607544,0.5516555718626297,0.4888559659509025,0.11392005375047407,0.9978120923042296,0.5056755940844508,0.4803555193113101,-0.3472413215104653,0.9954822659492492,0.5589081943269804,0.5793145739616953,-0.043461517899958446,0.996859610080719,0.5438844550129469,0.5738540977983752,-0.13740508972580923,0.9940844178199768,0.4792552670780675,0.5702151815456503,0.28974802912751196,0.9937744736671448,0.30959524305957714,0.5563198179635978,-0.4627388677653851,0.9898753762245178,0.48514005909704955,0.8809737683274124,0.4540394725230444,0.3282850384712219,0.23706611361844374,0.8886601520207043,-0.47616670516359,0.6113326549530029,0.5193964451751831,0.991298742753164,0.3837888874744326,0.1132166683673858,0.2807549857762627,1.1432967560173508,-0.37937097701489064,0.372053861618042,0.5179170864725056,1.021406080733923,0.37974234990301087,0.1097240522503852,0.25634779277158704,1.254081977645221,-0.38951029052911135,0.3729017376899719,0.5250352012123236,0.9645069616520965,0.3497577671621363,0.1345748454332351,0.27028681494746226,1.2208777877874635,-0.3974747083045204,0.4094669818878174,0.541703810402899,0.9767629261600734,0.3771863254212899,0.130936712026596,0.28761192024302545,1.2132132504339612,-0.35608146703784377,0.3899806141853332,0.38611675896600123,1.1976431396997513,0.2198360188229963,0.1344561129808426,0.25151076564271524,1.2022117901143226,-0.21263098159295116,0.1779495626688003,0.4128046949779064,1.6674038701145575,0.20934884929711348,0.0152566842734813,0.279354180482736,1.6269206520737052,-0.17299554433445813,0.0281326435506343,0.4123989957881291,2.052564897944673,0.5135214070554912,0.0014542165445163,0.25260914100354553,2.1036775864725263,0.00189644074454769,0.0021165194921195,0.3625964955695138,2.1276138957769124,0.5452415601414801,0.0016391759272664,0.2267696199182322,2.158544298488289,0.02887104265245769,0.0037065821234136,0.41510317286858617,2.228586362522376,0.35001101640722015,0.0040544527582824,0.34362975108860583,2.1616191686488277,-0.2910931624127852,0.0045412345789372
2025-11-11T0797.117832,166,0.6568977418584863,0.701064746177671,-0.21642409254269046,0.996977686882019,0.6601289937586813,0.6697487963772555,-0.1869438726843913,0.9967867732048036,0.6454806638805913,0.6556804212547196,-0.16467084879896174,0.9970664978027344,0.6524138540318479,0.6151288336784436,-0.19001896727682052,0.9972701072692872,0.6468031470302603,0.6283650587850671,-0.27133566035131274,0.9960814714431764,0.6415904183263266,0.6504958382680489,-0.2881530533213106,0.99554842710495,0.6380149756760188,0.6256401975909368,-0.25563378818153265,0.995421588420868,0.6168077092470888,0.6503366006797495,-0.012219641017024378,0.9979891180992126,0.5513776519690299,0.6235300927295917,-0.4003182403583624,0.995922029018402,0.6401476148051137,0.717764302782385,-0.14937416925821745,0.9971331357955932,0.6280560494182094,0.7235520138810484,-0.24121852672086558,0.9946616888046264,0.5562304127978324,0.8493223261978928,0.16928653544620495,0.9936614632606506,0.3725993171030189,0.7683666043032654,-0.4877246873843817,0.9908259510993958,0.5594177590194581,1.1231853373524305,0.48506047147647546,0.2997378408908844,0.183349685048861,1.0266123948637436,-0.506400722574686,0.6127492189407349,0.5813012713950573,1.358537368400664,0.6199019204711922,0.1117555126547813,0.18336293589423985,1.3263504148027854,-0.562400399142967,0.399294763803482,0.5988454720209789,1.4102827630008716,0.6880690235440522,0.111958310008049,0.09132648420174129,1.3927266008272967,-0.6095051121239508,0.4087348282337188,0.6003816216941988,1.456575739556003,0.5812749297278746,0.1372402012348175,0.18047455211982863,1.436293222790215,-0.6437691275841398,0.4481429755687713,0.5787350802256597,1.4555801178459442,0.5896213402593998,0.1342281401157379,0.16571631322625976,1.3959564945172513,-0.5915154526963012,0.427834004163742,0.4676995479360999,1.384981384549812,0.20087227652528503,0.1219101473689079,0.2852069980759422,1.3808755644233084,-0.1585445485685082,0.1610653698444366,0.44620787780041393,1.8822857047907473,0.18327528902334247,0.0137618780136108,0.3130317166965213,1.872235392014394,-0.15940708609695114,0.0254326369613409,0.4101087643875894,2.280411322883303,0.6461994722975934,0.0013098532799631,0.27864952827166173,2.2398743679155095,0.1647849634731923,0.0019068436231464,0.4142140309062935,2.3767217181603844,0.6930370277811657,0.0014763803919777,0.2348091991090714,2.3141826648295303,0.18888187881183205,0.0033382750116288,0.5148894343667831,2.4127018937702873,0.44619914890109375,0.0036844401620328,0.32621594818760324,2.3761327750124144,-0.15134541119169695,0.0041075353510677
2025-11-11T0714.577988,167,0.710808840257482,0.9048537256116157,-0.3966043246156228,0.9938896894454956,0.6969428048870131,0.864686442485055,-0.39997695023273605,0.9916096329689026,0.7201164697609075,0.8568524581124469,-0.38829438354652324,0.9911295175552368,0.6860302188973749,0.847201993523998,-0.4139023221566511,0.9918511509895324,0.6856279347457127,0.862237048550442,-0.4692505276450496,0.9919437170028688,0.6637456615070656,0.827250306770158,-0.4688188570368424,0.9905837774276732,0.6499232141222261,0.8322800708804625,-0.466381901076211,0.990997076034546,0.6679781515938876,0.8166567335076944,-0.25369873466531406,0.9932925701141356,0.6031822259650355,0.8470927797775614,-0.5936759516316822,0.9931107759475708,0.6722602161488713,0.908032247975847,-0.3203497002575195,0.9935652017593384,0.6646651133457215,0.8995594682762527,-0.4465323444429181,0.9929153919219972,0.6583376335142168,0.9506880876084222,-0.11146426533220058,0.9921342730522156,0.42475971759673015,0.898285467108565,-0.47419175314594947,0.9884425401687622,0.7159988258122059,1.2154776133615788,0.07202408892662115,0.275288850069046,0.23335174182849772,1.1574387445311525,-0.43386095546131104,0.5620817542076111,0.7451549483618256,1.2751331564799877,0.1527877134661758,0.1096896454691886,0.24605516085622303,1.3371839892103037,-0.36668275886208335,0.367122083902359,0.788220115252272,1.3094776892167295,0.15219975627999,0.1124370619654655,0.26199140976814095,1.3949584347795831,-0.3922840402053106,0.3780238926410675,0.7349266338357294,1.2849920691845707,0.1537215431196195,0.1386155933141708,0.2699927795026678,1.3605780402957832,-0.4348827867376262,0.4172135293483734,0.7672059699320424,1.2851131140540906,0.13203149887844257,0.134959191083908,0.23799649885227728,1.341526112924857,-0.43674267564430813,0.3991558253765106,0.544996163840088,1.541908600079256,0.028565017234052012,0.1098793521523475,0.33723710996056716,1.490145462465676,-0.0446463571090774,0.1450744420289993,0.5047172359126417,2.0350853720959177,0.0763591338171378,0.0125059224665164,0.36607910385224984,1.9612423265634298,-0.053995664765242105,0.0229368489235639,0.492458594083969,2.4377771395305996,0.6013014214732414,0.0011805165559053,0.33557069130183775,2.418711242078634,0.29992868091748226,0.001717553823255,0.4883840371535434,2.5137567973716988,0.6289448078554943,0.0013296462129801,0.3269041808068593,2.448385791696172,0.31081363750359897,0.0030060543213039,0.5057343527941109,2.5544511819457414,0.24407367072536784,0.0033269661944359,0.33768746264754285,2.5092290721182673,-0.06964974940231221,0.0037039122544229
2025-11-11T0762.291204,168,0.7466810550313633,0.8892261798869082,-0.39075391903613277,0.9894657731056212,0.7292977514003731,0.8810616947690878,-0.294386759798341,0.986097514629364,0.7226563411666874,0.8963120170499911,-0.30574070421642624,0.985180914402008,0.7447041211842755,0.885262118909783,-0.2893193735963448,0.9860960841178894,0.7413848282267202,0.8911655121511595,-0.3155072616237765,0.9871695637702942,0.7531514945239595,0.9040333346772957,-0.2997725218366428,0.985556423664093,0.7010019356488115,0.8874760555258095,-0.28551376703826703,0.9865871071815492,0.745108704703843,0.8747682389145695,-0.17189629781293697,0.9893017411231996,0.6881586431541736,0.916566908927216,-0.2003482273449346,0.9902962446212769,0.7363189191993187,0.8648976667169331,-0.25062107324092764,0.9916344285011292,0.6930484588556878,0.8777196510972383,-0.24581947698925882,0.991213083267212,0.7663611937917545,0.9498405502687222,-0.14223451597112696,0.9924902319908142,0.5356017836356295,0.9834052584001491,-0.10999016369239234,0.9893887042999268,0.8535266492814091,1.315073349157357,-0.07422441794816327,0.2720514237880707,0.4013743911372304,1.1831861263175159,-0.12894891199607436,0.5441862940788269,0.8453263204556036,1.440193791406815,-0.10402637776793683,0.1047542914748191,0.3386922367018815,1.3727222726404709,-0.3190951230788491,0.3439335525035858,0.8573163431438053,1.476616457820059,-0.17122510624329446,0.1071463227272033,0.3477717959782224,1.4263613725587505,-0.31381970475962523,0.3536044061183929,0.8545091743187393,1.443774083182014,-0.13760812686534699,0.1325230151414871,0.33911060671490645,1.43325860196525,-0.3689189574959203,0.3929583132266998,0.8516569344215436,1.4387124291937552,-0.15455357976215073,0.1292661428451538,0.36509400252630314,1.4490975748703523,-0.34559175851219803,0.3787145018577575,0.7015714416678701,1.59777950848212,-0.08273655451748754,0.0992439165711402,0.5242810393061006,1.5530491313725694,0.10445650912133232,0.1310169398784637,0.6430334506377275,2.0862153485745156,-0.17309161576154944,0.0113118384033441,0.5109923796522993,2.0493168330560305,0.025507666037754572,0.0206814743578434,0.6243811806403358,2.5432607668125318,0.19266432967169203,0.0010637028608471,0.46469628678358,2.495138293461214,0.24164269139981434,0.0015473183011636,0.6048829598722922,2.600028747322892,0.22574109534833187,0.0011973689543083,0.47496403940477194,2.5289612131130217,0.25930791536741354,0.0027082178276032,0.5975115225904862,2.6460800074617676,-0.152100188249878,0.0029979716055095,0.4543787157362745,2.588330956817095,-0.09877010290084477,0.0033363904803991
2025-11-11T0758.593141,191,0.8321596391877298,0.8866848119362796,-0.7146328989636221,0.9882510304450988,0.8204268386766042,0.8677432920064356,-0.679181521355505,0.9852171540260316,0.8432922814597488,0.9076270379459274,-0.6625800462571488,0.9838738441467284,0.8150831278869219,0.8690560879141223,-0.6931383533464193,0.9854098558425904,0.812215977625886,0.8609010696241768,-0.7169216036991815,0.9870627522468568,0.8098356523630931,0.8609181646547784,-0.7476285762803725,0.9854781031608582,0.7873216558591456,0.8617202943023907,-0.7223483770514927,0.986587643623352,0.8004105599963958,0.8400750431428502,-0.5019548440391111,0.9884594082832336,0.7993048842518056,0.8380826060553375,-0.8135615905295291,0.9903638958930968,0.8360178024454238,0.9524205993078747,-0.6358953263235818,0.9905616641044616,0.7968008284527319,0.9203635006930072,-0.7316071780481628,0.9912668466567992,0.8436598320555035,0.9454155452677634,-0.34879711487589926,0.9922274947166444,0.6276828672217416,0.8925184099104218,-0.7460899318253078,0.9900625348091124,0.7815905143122492,1.116832623250532,-0.08857991898930871,0.2607034742832184,0.5086263663386822,1.0795548690502301,-0.6811021681596401,0.5410767197608948,0.7806673817713444,1.2891639025983614,-0.009972763492958331,0.0996844843029975,0.47217358038604185,1.2346559319049082,-0.6733620909810724,0.321461409330368,0.8233084553210613,1.2986996285307628,0.0005412407713556728,0.1010524481534957,0.5128277388622737,1.2866732503797949,-0.7155057362473457,0.3297026753425598,0.8168801703713159,1.3029679776934338,-0.05890081072985023,0.1251100152730941,0.5171103942854374,1.3099552480264813,-0.7344890945992884,0.3682600855827331,0.8156740246007197,1.3226995584284187,-0.02389597033973305,0.1230726540088653,0.4891085200391994,1.2865682699770866,-0.6967687201479946,0.3535482585430145,0.6956006717249524,1.2262751661180336,0.09266857603695322,0.0911422818899154,0.5577156844995588,1.189178128601597,-0.05563584329007332,0.1200848221778869,0.6414087416409116,1.4918049421015795,0.2953380155834714,0.0103948134928941,0.5386064773724091,1.5037713454878598,0.12050893553677397,0.0189586542546749,0.5962792485573004,1.7382656587366048,0.7985160899213907,0.0009776682127267,0.4985924436606493,1.7091576594728906,0.4992425516934597,0.0014363788068294,0.5737790455105279,1.779842352633481,0.7854972180987924,0.0010872032726183,0.45655825851470544,1.761159255835157,0.520386194309918,0.0024958653375506,0.5879076278144768,1.8232089495627117,0.6291180599076209,0.0028816722333431,0.5200937028568897,1.8145000775802285,0.30328271197981815,0.0031323723960667
2025-11-11T0758.671234,192,0.8538174268901687,0.8575974070804336,-0.5372893256433011,0.985144019126892,0.8107648684363773,0.8203502996941516,-0.5052585213035764,0.9832590818405152,0.8309116821990514,0.8274014337728384,-0.5030709158211768,0.9819445610046388,0.832755833003355,0.8203979962535799,-0.5027015299129769,0.983999490737915,0.8198988487535913,0.8480596531716724,-0.5641847742911267,0.9855517745018004,0.8167435695931611,0.8446227523730723,-0.5745382677200918,0.9838942289352416,0.8064049869200772,0.8278480984386137,-0.5792118061037578,0.9848957061767578,0.8026274213882916,0.8357394365118375,-0.3694930070637405,0.9871703386306764,0.7839165129433338,0.8155115079435444,-0.6820920261497869,0.9896357655525208,0.8200847567146267,0.8850647865209139,-0.4485170603647073,0.9877125024795532,0.8489784317587665,0.8939336390616521,-0.541298815062355,0.9903026223182678,0.7503148844183166,0.9119108498065458,-0.1819140862499295,0.9896173477172852,0.6346094444388555,0.895949970925272,-0.6645776532263872,0.9892476201057434,0.7431658802363729,1.0742020666283678,-0.057194743624195736,0.2386455237865448,0.5241920610043262,1.0371333840575707,-0.6308328652004838,0.5099030137062073,0.7521186139389312,1.193772907007201,-0.04795670459308873,0.093984343111515,0.5674668678776273,1.2326333965405172,-0.5377117407999649,0.296671450138092,0.7686255810824305,1.2527078444591309,-0.0692584770127884,0.0960351303219795,0.5596475211106693,1.293433327613391,-0.543901311151178,0.3059752881526947,0.7681078237353871,1.2380148419490264,-0.0765967429859914,0.1190408021211624,0.5565327610825866,1.2709963788822083,-0.5487421284071415,0.3434513211250305,0.7386222419013403,1.2263518907365614,-0.06938057136245675,0.1173697710037231,0.5779607128191806,1.2517710379016274,-0.5306831030341674,0.3283625841140747,0.6871798696847312,1.221592636330832,0.1218096642348521,0.0828984677791595,0.5745986926108749,1.1983644727379588,-0.08068988849535945,0.1091881543397903,0.6459409632852605,1.537822599204125,0.2733716843663331,0.0096027450636029,0.5897099479135962,1.4731368662597453,0.00858948682374336,0.0174096617847681,0.5885423066740875,1.7605520419878151,0.624381770918226,0.0009151345002464,0.5074292347302447,1.727608772647972,0.31328035193880716,0.0013848507078364,0.5512261747898419,1.7814633057995826,0.6699083128272005,0.0010091828880831,0.47753763410481137,1.7727759491495612,0.3053268051424514,0.0023675409611314,0.6306463904457734,1.8523349101061621,0.4690833261104855,0.0028974362649023,0.5339993431287675,1.8037517285093692,0.09715752959021093,0.0030740988440811
2025-11-11T0727.448329,193,0.8231028840151813,0.7709934428375802,-0.3168176606179901,0.9860349893569946,0.793920321241033,0.7841092207075118,-0.26481633396521875,0.984192192554474,0.815188888607935,0.7529413128209848,-0.2972944001953376,0.9828714728355408,0.806632944168649,0.7729246975360704,-0.29433524859254356,0.9849093556404114,0.8138193610565774,0.7483945540679382,-0.3302413501999232,0.9864377975463868,0.8129903711832055,0.7597149118053398,-0.3579274317338032,0.984882950782776,0.8354081277183296,0.771770380975974,-0.3503485279507306,0.9858449697494508,0.7729433356736283,0.7633556979661127,-0.10722247363870001,0.987735629081726,0.7605081426286739,0.7558910267556156,-0.4700908953775992,0.9903048872947692,0.815476841705715,0.8171901343594595,-0.240108535759596,0.9883884787559508,0.7999450310002263,0.8185463961591102,-0.35488852626146045,0.991032063961029,0.7208080733424347,0.8497439242786472,-0.012583386396203305,0.9898535013198853,0.590423044752818,0.837735926369885,-0.5233653010093455,0.9900848865509032,0.6846301415649458,1.0725673103100162,0.15242924503763453,0.2181064039468765,0.567864375142796,1.052779227951278,-0.5307591932670227,0.4970147311687469,0.7271233437708411,1.2253973034602967,0.1906784662037947,0.0881041288375854,0.5308678957623463,1.2428309597513134,-0.503498261583034,0.2874992787837982,0.7157545348177256,1.2488259199332918,0.18216945930455025,0.0912683382630348,0.5654002241120197,1.276707861407479,-0.5139630714538442,0.3010443747043609,0.717211758756303,1.240069867235965,0.14839453430055222,0.1139557883143425,0.5523782687915912,1.2647125275451137,-0.5407360172324833,0.3427021503448486,0.7420837844616807,1.266393512835465,0.16410329227774514,0.1128548979759216,0.548963823322478,1.2512504498788248,-0.5352730216373335,0.3241175413131714,0.6584611804762518,1.2433161392020724,0.10034356174367826,0.0748280063271522,0.5689748508377358,1.2356108909757038,-0.11584838566567929,0.0985062941908836,0.6198922324068091,1.5210251330219955,0.21985511527827822,0.0086954645812511,0.5369815087233395,1.5160422512181833,-0.003942695034457745,0.0157379917800426,0.6008939454720265,1.7663624845112866,0.5914880266793202,0.0008314934675581,0.49467758085650837,1.7635316045372003,0.3150335035367678,0.0012557361042127,0.5914290361486824,1.761185299533515,0.6131288290406715,0.0009133226121775,0.4707035058503503,1.789430640535156,0.3337712818171707,0.0021479071583598,0.619874637290118,1.8242473947103517,0.4448042634685897,0.0026981532573699,0.5479259622748353,1.8505315417272457,0.05367276746092425,0.0028198389336466
2025-11-11T0755.437327,195,0.6991257072693855,0.6769528794457605,-0.5290437360067337,0.9871565103530884,0.6877995124400753,0.6227258887979731,-0.47958142228345496,0.9853373765945436,0.717649901251637,0.6240569677197677,-0.5004721503912238,0.9841055870056152,0.7257020108693628,0.6045657901704121,-0.46052622465865245,0.9859112501144408,0.7213120428142134,0.6217143822096888,-0.5416257997331195,0.987477719783783,0.7020164771145444,0.6073829992104439,-0.5398406396871254,0.986081063747406,0.6877791317919603,0.6350042180715183,-0.5211649516835173,0.9869219064712524,0.7034025628011189,0.6105135906068477,-0.3044771106062971,0.9884703755378724,0.6257479318744584,0.653454702870642,-0.5858451452364289,0.9911171197891236,0.7093235320289086,0.7193579512030731,-0.43889196317278845,0.989299178123474,0.6618203107648396,0.6895843591006746,-0.5131754625240075,0.991828203201294,0.7014447501901285,0.799049397681852,-0.1145329486235345,0.9903854727745056,0.5563681968152066,0.7915735153555926,-0.6197037663991142,0.9908492565155028,0.7333269609056765,1.0022950422123498,0.07988075575367594,0.2073066085577011,0.46922610585685415,1.0390261716353775,-0.6296328356705613,0.496208131313324,0.7953244057207562,1.188839016093124,0.07669242511975814,0.0852999687194824,0.5626530566089081,1.2349232737707274,-0.6832219264842523,0.2745134532451629,0.7977431458812121,1.1911560454446255,0.05588797887434726,0.088562935590744,0.5913673667066361,1.2998733954212878,-0.7377846641987769,0.2887053787708282,0.8051238591452496,1.2032247874745747,0.013311225624723758,0.111571654677391,0.6069925891083245,1.2948361800626205,-0.7784725395781112,0.331747829914093,0.7868855629671972,1.2032698979012906,0.06291874274666712,0.1109620481729507,0.5842802690448281,1.2777219253864494,-0.7005127828363596,0.3107695877552032,0.6955473235912565,1.2470153582301307,0.10701218905749234,0.0676993653178215,0.5440394796716777,1.2202550276518556,-0.1259622989532724,0.0889003500342369,0.665739161387783,1.5300982575142719,0.27698577409230185,0.007952420040965,0.5756416205313812,1.5394898436237205,0.029361330862028367,0.0143181961029767,0.6559259980442119,1.7841490225299343,0.7850656004336294,0.0007579979137517,0.5681276857316532,1.8004585322695779,0.4399708920858459,0.0011391344014555,0.6992997321950194,1.8103902352320624,0.7669578401435335,0.0008288499084301,0.5164699138469122,1.8384036458612367,0.4865718817761162,0.0019510005367919,0.6961612360651906,1.8837214410245227,0.511990376898407,0.0025086051318794,0.6214710814207302,1.8966632897875544,0.20539040309483106,0.0025773153174668
2025-11-11T0742.350118,196,0.6876453369525792,0.6343194183800641,-0.6779033456204235,0.98840993642807,0.6941236639487758,0.5918336820855264,-0.6493456067754726,0.986738920211792,0.7022191392647663,0.5872363906365808,-0.6483452358544604,0.9856400489807128,0.7056813844903107,0.5896468812704239,-0.651115606003102,0.9872590899467468,0.6474379039749993,0.6226904638644991,-0.6924846521898551,0.9886707067489624,0.6640659522596312,0.6106550350855191,-0.6958329653025246,0.9874180555343628,0.6300887847625315,0.6236295399806733,-0.6933203255776558,0.98815655708313,0.7006012245292509,0.60688011239085,-0.39689287896172554,0.9895635843276978,0.6129829021453305,0.6122678477827672,-0.611602005887877,0.9919615983963012,0.7064979859761377,0.6795662657168243,-0.5973717435290139,0.9903475046157836,0.6728763350499484,0.6659054953040926,-0.6204796388150502,0.9926297664642334,0.7397602505768529,0.8177230287049431,-0.18338353512943392,0.9912801384925842,0.5184633398330724,0.8112146532740142,-0.575592840103868,0.99155855178833,0.7498929179977358,0.9977943455443474,-0.059611474235440234,0.2194333374500274,0.4829618280325306,1.116994445586684,-0.5131218990910325,0.4923197329044342,0.7831005605632845,1.185592338665006,-0.1673963835485255,0.0795775726437568,0.5323866995241232,1.31467235690851,-0.6532389345238641,0.251886785030365,0.8332817459325583,1.281675289907016,-0.21565341954852413,0.082023486495018,0.532140830834742,1.3464772690885243,-0.7146092145359176,0.263617992401123,0.8130587252133665,1.2614043242027186,-0.269895530459784,0.1043583005666732,0.566870600009056,1.3509468440247059,-0.7570822762811263,0.3038582801818847,0.8157728464708652,1.2566746570586997,-0.2243467668560155,0.1039222404360771,0.5385746855756717,1.333159972989894,-0.6585704960329877,0.2846428453922272,0.7009151994975088,1.2473916100397069,0.04288838672103581,0.0613916181027889,0.5466916133926688,1.2571592425643556,-0.04039421134414646,0.0803269520401954,0.7040527881619992,1.5651123704390943,0.23733412675661691,0.0072863614186644,0.5759875757672624,1.5690365064284888,0.19402759330154093,0.0129476552829146,0.7088410854184949,1.8445828433858267,0.7394275928301157,0.0006966128130443,0.5673975359188448,1.880715438749132,0.7207151003529177,0.0010319895809516,0.7296956418402795,1.90785760453915,0.768138338754699,0.0007553909672424,0.5543666423431342,1.9284568247051184,0.7183003222637832,0.00176924362313,0.7500644943948204,1.9584727633263712,0.4633993928091249,0.0022944365628063,0.6090028537737471,1.976598624867743,0.3445316214504161,0.0023370392154902
2025-11-11T0793.870532,197,0.6924725163839567,0.6347679721348612,-0.7073250713416416,0.9895358085632324,0.6521758539988698,0.583232804060472,-0.6829728624490231,0.987998366355896,0.67393639539197,0.5809486462401271,-0.688051579621148,0.9870255589485168,0.7106564876352605,0.5643658548412795,-0.6971946642371607,0.9884823560714722,0.6532914928962272,0.5588252894506087,-0.6962999751922072,0.9897236227989196,0.6326725755736682,0.6061329676766314,-0.7065991961284911,0.9885982871055604,0.6149630877356722,0.5781431520757849,-0.7269584893854713,0.9892334938049316,0.6785457257383709,0.5768685974923985,-0.41744853692034933,0.9905655980110168,0.585964152532548,0.5972891975137914,-0.5764117415269141,0.9926937818527222,0.6626362677368235,0.6323465070571833,-0.6127440989729592,0.9912923574447632,0.6450801010385812,0.6570761048769788,-0.6679786551649639,0.9933435916900636,0.696466726871897,0.811527711106423,-0.23703772587221977,0.9921103715896606,0.49138230843569436,0.7924288467251733,-0.5102072962311571,0.9920414686203004,0.7806265567688957,1.007075709701893,-0.14323215283301835,0.2342021465301513,0.46699404763034347,1.1120307758594978,-0.47171692222002815,0.4657127559185028,0.8196570563821335,1.2402864444600985,-0.3081246606054086,0.0743157118558883,0.500852150247002,1.2625191442204537,-0.6044607513845693,0.229020819067955,0.8445901281322841,1.327673185505214,-0.3433665162859497,0.0762633606791496,0.5105667395842408,1.3349842598527697,-0.6678833717051862,0.2394373118877411,0.8022317815060044,1.3320257929592296,-0.4216114862389976,0.0984084904193878,0.5489671383151248,1.3523410179410746,-0.7172428129134081,0.2767636477947235,0.7820877863134408,1.2782972180416368,-0.36818167026044546,0.0982624366879463,0.5338760952370102,1.3222195773471295,-0.6472522825687225,0.2594655752182007,0.6814557720293213,1.2511404025299506,0.029036950480120033,0.0555901750922203,0.528304432110959,1.2839693233437934,-0.01567907438798462,0.0725191682577133,0.7196437308057161,1.5917571479089785,0.2101608547733483,0.0066479090601205,0.5476974280346528,1.6115192659148665,0.19017364942727397,0.0116936843842267,0.7435474362643009,1.9114855606260217,0.7688036287971934,0.0006336036021821,0.5881529688501403,1.911777558393401,0.6870181597378237,0.0009311048779636,0.7128794609166038,1.975851916398028,0.810514225761384,0.0006851883954368,0.5546962044102979,1.9734452924744668,0.7255759557530076,0.0015963148325681,0.742994867739229,1.9868113094931779,0.532561659049065,0.0020799147896468,0.6333255223240564,2.033440393101617,0.35408075695158636,0.0021084556356072
2025-11-11T0767.403377,198,0.6795166578450458,0.582791231593144,-0.9358660018527897,0.9905616641044616,0.6760567470868528,0.5385491225583234,-0.9045582557448673,0.9891464114189148,0.6842463147591985,0.5786910052368922,-0.9142303005632635,0.9882805347442628,0.6843395917174859,0.5663406739393719,-0.8773043698250839,0.9895939826965332,0.6676511549691068,0.5774880300620759,-0.9131363549979896,0.9906826615333556,0.6491521934326474,0.5729389227870775,-0.915680017661656,0.9896584153175354,0.6252185304811141,0.5899194322389069,-0.92340033094861,0.9902041554450988,0.701041743112603,0.5706425663440697,-0.6183798067109685,0.9914706945419312,0.5916433064486487,0.6182345173496971,-0.7364317865600638,0.9933298230171204,0.6771892768709064,0.6281369077431338,-0.8520294441027463,0.9921435713768004,0.6556776690980411,0.6456427439991855,-0.8716789533565148,0.9939817190170288,0.7717199865730561,0.8111220813106874,-0.4247114105119,0.9928401708602904,0.49944700104145656,0.8222059049863256,-0.5656343300692719,0.9918622374534608,0.8107693954418757,1.023545052411938,-0.356244311344864,0.2473093122243881,0.46951253040177315,1.1102107180106613,-0.5492546645493818,0.4356950223445892,0.8402472887617805,1.2468322449669966,-0.6046291181588004,0.0722526088356971,0.5242230768627151,1.3155460192312982,-0.7083184946965215,0.2090431004762649,0.8363916942947531,1.3267893424065178,-0.6614211061521564,0.0733692646026611,0.5507604560913892,1.3694898800991495,-0.7362007182980509,0.2183672785758972,0.8324634854820578,1.3432382578711242,-0.7286958317943754,0.0969764366745948,0.5426582456211713,1.3837856128067845,-0.8103424525722503,0.2535108625888824,0.7991559073316292,1.3135529332611005,-0.6129369286897765,0.0973492413759231,0.5676304989446288,1.347551673136228,-0.743754738632986,0.2379647344350814,0.7297695885263465,1.2595794047105753,-0.0075635949026540425,0.050182320177555,0.5516455629962188,1.3043734516533756,0.005897047236009709,0.0653657466173172,0.7374282136957839,1.5808953935040901,0.22848577363463543,0.0060098865069448,0.5456813178443256,1.6299670696621142,0.2821084519577759,0.010535099543631,0.7038621335760692,1.8642016931347323,0.8151278783925479,0.0005708701210096,0.6016807239342452,1.949884054498182,0.9060429432823033,0.0008382311207242,0.7677216761103107,1.9724528981646228,0.8681627301470104,0.0006172611610963,0.5725468622129073,2.0225879795793587,0.9663899012962351,0.001437037368305,0.7466517339847974,2.018193354452381,0.49004904317360604,0.0018741858657449,0.6518945491102476,1.992964420849591,0.5919907653004964,0.0018988127121701
2025-11-11T0797.233157,199,0.6598796662422413,0.6158897400960429,-1.045818090534213,0.991480588912964,0.6932093829177243,0.547219405733412,-1.0179031730994634,0.99017333984375,0.6978471303788842,0.562385756364613,-0.9881170911038996,0.9894075989723206,0.7020319681470416,0.5856963987216469,-0.9951432239654164,0.9905819296836852,0.6686166107627143,0.5538434912570644,-1.0394505819214774,0.991536557674408,0.6437226673644665,0.5527143112942704,-1.0147008109435292,0.99061781167984,0.6362735298778364,0.5531883248235616,-1.0190312612029166,0.9910762310028076,0.7039529572791384,0.6024873743094872,-0.7167813056946313,0.9922755360603333,0.5964613304211855,0.567776966991508,-0.7872628424206699,0.9939203858375548,0.7007338535522808,0.6463355483447742,-0.9195015764826039,0.992904245853424,0.6507929080057597,0.6425815713534635,-0.9628934203174435,0.9945541024208068,0.7826173843949458,0.786087154817493,-0.46531236549875293,0.9934433698654176,0.5251822440168216,0.8145509713535001,-0.5266635001042229,0.9914872646331788,0.8395122476685432,1.0265203855615048,-0.4556377279993059,0.2581992447376251,0.5041888176883909,1.042543035224501,-0.5530059420470433,0.4066919386386871,0.851614021517142,1.2577775157206226,-0.674698247385058,0.0685036554932594,0.5407625344704692,1.2854144228242423,-0.7375754004037584,0.1894943565130233,0.8653835781280058,1.3351208629476299,-0.7722519671265944,0.069134809076786,0.5532740384044637,1.3529715968508997,-0.816883983905673,0.1979579776525497,0.8495031269551188,1.3380946189673824,-0.8331472915653205,0.0926381349563598,0.5628251592927358,1.349438110487719,-0.8980538538160764,0.2303932607173919,0.8112619864504391,1.3187368673277098,-0.7134670456843045,0.0931768715381622,0.5311867158138592,1.3124715261991438,-0.7701058394870477,0.2164489775896072,0.7443084508002027,1.254989279335727,-0.022966682452711003,0.045319378376007,0.5721015310977359,1.2571644759301581,0.039165894253316805,0.0589464828372001,0.7312295348529564,1.5989321705035748,0.13174195618695356,0.0054581868462264,0.5705266127120762,1.6412122372339517,0.2178199540201856,0.0094959801062941,0.732562462259943,1.9208152459303076,0.7308583162104326,0.0005148909986019,0.5924071395456562,1.9241877962465543,0.7420213837918441,0.0007547924178652,0.7366707901638505,1.983478830541517,0.7935502212823973,0.0005565422470681,0.5930590466664789,1.9654534188115498,0.7879286857733415,0.0012938405852764,0.7422528718919895,2.010899642625279,0.4054836678774401,0.0016890813130885,0.6246782036448747,2.0000694594619737,0.4212795436497478,0.0017105879960581
2025-11-11T0742.803008,200,0.7070351373799175,0.6013888071694159,-1.2249017553475512,0.9922028183937072,0.7446319739205249,0.524043815011604,-1.182437853471935,0.9908912777900696,0.7464385783814934,0.5491899926046518,-1.1739756206566785,0.9902231097221376,0.7335954382905042,0.5438808188396257,-1.1976580788837456,0.991266906261444,0.6770216783543116,0.5717972610118018,-1.2124068444384457,0.9920185208320618,0.6657776208507558,0.5559211397575935,-1.1870124835366542,0.9911630749702454,0.6390241854391908,0.570262859824225,-1.202995740106092,0.9914555549621582,0.7737736230255808,0.5799815618316655,-0.8149064494205818,0.9928017258644104,0.6452062328582527,0.581672651063557,-0.8974326874215626,0.9941792488098145,0.6889166714472529,0.6434663330836595,-1.0899651507020531,0.993529736995697,0.6671741959603628,0.6511977271544838,-1.0817879999294706,0.9949859976768494,0.8088606917045772,0.8263333585040717,-0.6328494062994723,0.9938623905181884,0.5573246586076016,0.7419626796365074,-0.6418198949291871,0.9899898171424866,0.81764141554911,1.020445248675911,-0.5336002991150047,0.2620297968387604,0.5327384593657077,1.032413177517609,-0.5110760543313054,0.3895754218101501,0.8913189093177964,1.2649693660021597,-0.7616565419740433,0.0689917579293251,0.5281786918063068,1.2727903251798636,-0.7422768964709158,0.172973096370697,0.8706510783683437,1.3071224538322654,-0.8191398617925364,0.0684354901313781,0.5223977968978671,1.3211947636664148,-0.8490655615321104,0.180375263094902,0.8704504051606083,1.318941365407541,-0.8602380297919635,0.0927711501717567,0.5578580557093601,1.3402930283239844,-0.8996170115874429,0.2108586728572845,0.8338044576632188,1.298268977417997,-0.7754216414849723,0.0939359739422798,0.5544616065598792,1.2991722733427942,-0.7843942795590583,0.1984757483005523,0.745930794047586,1.2452430430660062,-0.03586670306311062,0.0409260094165802,0.6068002747251697,1.2907980518997566,0.07752818290930649,0.0531396009027957,0.7838064920534134,1.5920860974928577,0.11216028660112068,0.0049553113058209,0.597743162972618,1.6309939370800082,0.23589608543413745,0.0085597531870007,0.7614129085793632,1.8932850161692403,0.7881022952427189,0.0004650175687856,0.6138945189191876,1.8976793937434913,0.8512881890793809,0.0006796951056458,0.7719075545808561,1.9474624270000378,0.8149930799201603,0.0005020826356485,0.6196087456813536,1.960271217497176,0.8975686702336209,0.0011654158588498,0.756301042477959,2.04301411872591,0.4187336462671165,0.0015215512830764,0.6561306566885328,2.041142656642802,0.4522730995204101,0.0015429459745064
2025-11-11T0767.156720,201,0.7178120320204682,0.572874958660646,-1.0253543294665581,0.9919533729553224,0.7638745391316424,0.5355614523033477,-0.9511531810532781,0.9899681210517884,0.774025762076191,0.5454524221167458,-0.9636030888930532,0.989600658416748,0.7498910895381415,0.5178225635400145,-0.9674934036245282,0.9904771447181702,0.706803436863661,0.5279100670881867,-0.9902458040716544,0.990587830543518,0.7087678393947723,0.5682462394039561,-0.9910190773945677,0.9898545145988464,0.707515124995523,0.5733387170078712,-0.989652601670848,0.9898413419723512,0.7702346502626731,0.5453772527320155,-0.663713363999104,0.992299735546112,0.6540517717057209,0.5736542859203964,-0.7979433609331665,0.9931807518005372,0.7461765713503552,0.6077289999489103,-0.8929192902710572,0.993720769882202,0.718850826780837,0.6530798774086082,-0.8981291932406087,0.994979739189148,0.8158991997691898,0.7801587358182686,-0.4624546817060809,0.9941225647926332,0.576782327738063,0.7377119715418774,-0.46138182883514045,0.989547848701477,0.8471519451450231,0.9643611364878956,-0.38830543918766913,0.2829799056053161,0.526606360000952,1.0144533465442929,-0.3131205461316707,0.3856150209903717,0.8627330143906919,1.177672401627051,-0.6390773854919711,0.0689911022782325,0.5602332725340748,1.167578329997342,-0.5997335460814802,0.1580341309309005,0.8721234316934459,1.248994371580993,-0.775634293408113,0.0669358223676681,0.5581224358050538,1.2722517767731676,-0.6959973362917112,0.1643586754798889,0.8461640219982944,1.2150298042207714,-0.7924001671720198,0.0914005860686302,0.5818273902942066,1.229795177065123,-0.7553523041211261,0.19291552901268,0.8507579011578861,1.1889176005262376,-0.6671886971007184,0.0926245152950286,0.5744764248633037,1.2293560611799605,-0.6074116173052558,0.1819780021905899,0.7917271732983294,1.2157826518056343,-0.044600727953303346,0.0371066257357597,0.5931225488772105,1.1996756198006389,0.03472466361595726,0.0480634942650795,0.7910656512163621,1.6154197384250166,0.05138689904723189,0.0046359351836144,0.6340975766096372,1.604321295321822,0.09744825264393933,0.00777277816087,0.7820260819788776,1.905645872035422,0.5437048653470761,0.0004249281191732,0.6340912746668774,1.892539159491229,0.5133819306858014,0.0006155012524686,0.7872148705129708,1.9513093086716062,0.6161836600368861,0.0004561281821224,0.6265921730875859,1.9406668069721835,0.5188590846466664,0.0010582495015114,0.7642984288269772,1.9987734466333098,0.20852878925086293,0.0013746357290074,0.6616809719428584,2.0288253060015853,0.10051130494460576,0.0014047406148165
2025-11-11T0738.129194,202,0.7410168114761535,0.5627658264913621,-0.9713887322378544,0.991762638092041,0.7716920074938551,0.5262027754636045,-0.8783204055547514,0.9890018105506896,0.7741045496464308,0.5293792052912397,-0.8880827257854805,0.9889109134674072,0.7652351495708652,0.5135377069365591,-0.9053493605607974,0.9897876381874084,0.7196458815263007,0.5423199127582273,-0.905164513647273,0.9888570308685304,0.725112392660108,0.5403953577223739,-0.9155140602933942,0.9882379174232484,0.6923451905688316,0.5261523860094974,-0.9073513446739649,0.9879795908927916,0.7785467796533327,0.5633432536474271,-0.6206545916475249,0.9913588166236876,0.662881525504179,0.535007186600156,-0.6107869710467465,0.9907252192497252,0.739879534856711,0.5871810516326917,-0.8123524375394138,0.9939340353012084,0.7152254848416429,0.5901970775112058,-0.8154318433043698,0.9947811961174012,0.8695102093823313,0.7712618237578492,-0.4411998510096566,0.9944140911102296,0.6042980823569092,0.6995873407330444,-0.384936429494177,0.9893405437469482,0.9254348690470441,0.9774233085815561,-0.4194259899748427,0.3044159710407257,0.5936962338676469,0.9930595029631281,-0.2291560602579218,0.3953973054885864,0.9238321006611951,1.1752196961415882,-0.673773722320667,0.0695510432124137,0.6044994586125532,1.2099844760518512,-0.5060586097831464,0.1457300633192062,0.9348791453193984,1.266142775756297,-0.7909583735774178,0.0654542222619056,0.6000931193223995,1.2550461085899958,-0.5803075764812022,0.1503912508487701,0.9175043641444931,1.2565090867000266,-0.8595737454924088,0.0904270634055137,0.6029475928770371,1.2540332229481057,-0.6522005108352005,0.1775800883769989,0.9028842338406857,1.1849069634063791,-0.7525268226826204,0.0914844125509262,0.6470251885019237,1.2347358235457995,-0.5430553402493816,0.1680431216955185,0.8198664104141006,1.2434230149801084,-0.07646523989863985,0.0336705818772316,0.657854686394107,1.2250337179236324,0.06435791478792012,0.0435216501355171,0.8359079629442607,1.5846078357294173,0.08081109739053577,0.0043513844721019,0.6742087876554732,1.5724371980711362,0.23439943587277065,0.007091793231666,0.7962907175669239,1.9002163262890484,0.6324729280298746,0.0004007167008239,0.6544667727516054,1.9100517951626632,0.7529301878703267,0.0005592115921899,0.8143528629816337,1.9591131446411383,0.7032476443318232,0.0004204599244985,0.6717314056434347,1.9501085370748494,0.807684655185954,0.0009763061534613,0.7743967410877377,2.0415331035418096,0.28163733135749,0.001245864550583,0.6656532132711694,2.0154252874994825,0.3757804739959169,0.0012841068673878
2025-11-11T0797.774161,203,0.723978570641813,0.5467187360602999,-0.9712867225746344,0.9913510084152222,0.7413026964223255,0.5237071540208622,-0.9650739186429093,0.9881670475006104,0.7405314546098383,0.5680035895481994,-0.9298072238148348,0.9884138107299804,0.7602417529418096,0.5099555063079464,-0.9669811776409262,0.9893174767494202,0.7424598986658912,0.5212370566807031,-0.9873001767671475,0.987625777721405,0.7315668796293487,0.5230705049902667,-0.9580267000495132,0.987186312675476,0.7036500307215232,0.585020783687391,-0.9413694428216685,0.9869261980056764,0.7743410961115508,0.5705870563400389,-0.6752474443698121,0.9908617734909058,0.7195335902116752,0.5630196882842629,-0.6263342665329638,0.9895495176315308,0.7581069152953387,0.6420061055516294,-0.8635436009201639,0.994051992893219,0.7276777730781148,0.6185333073468552,-0.8437066475104109,0.9945632815361024,0.894565047120795,0.7947634388089646,-0.47842346914603573,0.9942426681518556,0.633370131403116,0.738791265971147,-0.4289473943159065,0.989240825176239,0.9264362219347453,1.0223998426645942,-0.4979119234695972,0.3110897243022918,0.6003838775721927,0.9977033221198113,-0.27786922964310157,0.3982133865356445,0.9227447478318307,1.1587849473020628,-0.8124775337356559,0.0687330663204193,0.6216837167763696,1.1880872176793909,-0.5065384991750179,0.1355183869600296,0.9192162717188275,1.2348151104636138,-0.9061509539611672,0.0632598847150802,0.6246703719961502,1.2639169793443095,-0.5909040726682875,0.1383959203958511,0.9008333396311403,1.2507872848134245,-0.9371695991261844,0.0876777619123458,0.6284379908699573,1.2549438623460154,-0.6710109722696603,0.1645742654800415,0.884036360776425,1.2434875902140916,-0.8383954629446213,0.0888864248991012,0.6470780867080375,1.2174509732935206,-0.587435290669877,0.1564275473356247,0.8563792919163115,1.2322881284387155,-0.08580300554142271,0.0305609703063964,0.6651108491433823,1.2453388269379726,0.08385616563043043,0.0394860729575157,0.8163118608476212,1.6247448427667397,-0.02060790730979712,0.0040994482114911,0.6844150168391612,1.6002730914366083,0.061559930995162805,0.0064749089069664,0.8069715010463853,2.0014004138008334,0.48365498476882496,0.0003762285341508,0.6862299073053324,1.9695579133100807,0.45158795488501957,0.0005075262160971,0.8654028476359458,2.010666305288265,0.5174495331337163,0.0003902168245986,0.699417373188308,2.0424284697332924,0.463328041163441,0.0008923692512325,0.820670634967214,2.077715412840743,0.05429621124269132,0.0011310561094433,0.695757621663742,2.0745896199089535,0.0166591566433274,0.0011841690866276
2025-11-11T0789.149774,204,0.7484615802065678,0.748537096188057,-0.994699971228952,0.986253559589386,0.7515514069127782,0.7170171679389903,-0.9796963405629332,0.9793243408203124,0.7549335791141742,0.7281857868213516,-0.9704424332627538,0.9795857667922974,0.7731619966834427,0.7253930204861727,-0.9697157300179928,0.981868326663971,0.7443246159866271,0.7393420265825018,-0.9829939987748856,0.978200137615204,0.7313593289084616,0.7274408781995886,-0.9609615046602924,0.9776915907859802,0.7223998320811442,0.7089470324994975,-1.0007619693575713,0.9787433743476868,0.8008118212023212,0.727592840085564,-0.803091262357098,0.9842187166213988,0.7479848332491889,0.7120064189564265,-0.657013865793683,0.9803915023803712,0.7387125304799359,0.7871244636958009,-0.8820502188544329,0.991726577281952,0.740087176224168,0.777420870365797,-0.8851047186743864,0.9904693961143494,0.9131586107916281,0.8594084874626737,-0.600174825220222,0.9930047392845154,0.653408493741386,0.9076241936583779,-0.4178413860006457,0.988707721233368,0.9813329089539012,1.0199778470898586,-0.5995423090914929,0.3285969793796539,0.6421356703374564,1.0608211174438047,-0.209721379828221,0.3927038013935089,1.004977194622398,1.2760197550499084,-0.8023041571704339,0.0655249282717704,0.6243051420752955,1.2519749867613514,-0.41885147924866206,0.1276849657297134,1.0095919988245246,1.2885408457202296,-0.8868078872685742,0.0607926845550537,0.6189315559418394,1.3192691186546097,-0.49606741902459595,0.1300575584173202,0.9920758639463721,1.301131732056956,-0.9794711244656709,0.0845623165369033,0.6463098172339377,1.3140980763092864,-0.5711411204866601,0.1563468426465988,0.9724244683494694,1.2814871616844217,-0.8578754031307935,0.0854301899671554,0.653269062993004,1.2851677648927322,-0.45123274370902,0.1492943465709686,0.852582143795914,1.295285345166942,-0.14948556784831357,0.0275405384600162,0.7172107101609995,1.3217766883857613,0.10318434825831989,0.0355803333222866,0.8489081241791265,1.6895950969769815,-0.1510273445863476,0.00380140542984,0.6872931168333617,1.6514987859483614,0.025481145167419752,0.0059388470835983,0.8495540316161387,2.0088460760608977,0.2363500293348269,0.0003746917645912,0.7142734819346622,2.0399915080640674,0.3531654656582421,0.0004716043767984,0.8647463193748218,2.0799185347322093,0.26440117065371094,0.0003652977175079,0.7438167393694076,2.056458407870177,0.3831830451848859,0.0008517776732333,0.8451494840005711,2.151575536926143,-0.1810337309718055,0.0010367445647716,0.7377026372140897,2.1182894878163574,-0.09208810604866752,0.0011324887163937
2025-11-11T0753.870813,205,0.7871837552466756,0.8372528056753125,-1.0465793802798522,0.9692832827568054,0.7687869828988516,0.7746278978644032,-1.021379720364843,0.9533681869506836,0.7743280165176596,0.8104660628408791,-0.9933135440666447,0.9549909830093384,0.78905347655331,0.7773656656569224,-1.0295936831829375,0.9602264761924744,0.7537914053652999,0.7912030153074022,-0.99075225272902,0.9560099244117736,0.7573721288388537,0.8059276668165194,-0.9838571154482665,0.9558377861976624,0.7142889462092715,0.8139077624513634,-0.9849790330170887,0.960326850414276,0.8184565404847892,0.8164436637830534,-0.7700899201427558,0.9638388752937316,0.7428622212959218,0.7935466274426465,-0.6897389973089522,0.95958149433136,0.7642349477602183,0.8506329190921846,-0.91112513877122,0.9788188338279724,0.743415953218409,0.8502375689964643,-0.8470884892455222,0.9775957465171814,0.9196076850570362,0.9343292029408226,-0.5602954584781339,0.9873666763305664,0.6977873001700884,0.9621948652650344,-0.3612159338145728,0.9877532720565796,1.0293674674999014,1.0780785923172171,-0.5571932995333266,0.3251530230045318,0.6256959413791064,1.101534199746796,-0.20940157738943946,0.3799612820148468,1.004903379359982,1.2590442145872496,-0.714386988707512,0.0603359676897525,0.6287329262534912,1.3093850010275774,-0.44187134508364945,0.1179486885666847,1.0587656678411828,1.3238748205963022,-0.8093450285735315,0.0562707334756851,0.6545792309944073,1.361172795610687,-0.4949216129609226,0.120445393025875,0.9990933441209754,1.2966708792889454,-0.8752161123996163,0.0782561302185058,0.625632484696269,1.3536736497177193,-0.5863643549654244,0.145565778017044,0.9816704690716297,1.2935456555265903,-0.7950825882651635,0.0789204388856887,0.6590322774300348,1.3400529150261526,-0.47565420565865,0.1390271633863449,0.8815741061068265,1.3397385246238656,-0.09291184291887668,0.0250736214220523,0.7240067527285444,1.3455894602180702,0.08404958785682108,0.0324538573622703,0.8742485004259992,1.6471265137775128,-0.28522838636616943,0.0043125278316438,0.7274831447827049,1.6474481885792225,-0.1642544712334311,0.0065360441803932,0.872731377667646,2.0060585001564952,-0.00729244197326227,0.0004528834833763,0.7498530541410854,2.0212725662484727,0.009614673723207717,0.0005910862237215,0.9173628358068681,2.0661007475684077,-0.03130475913982719,0.0003960575268138,0.746509192545989,2.0399448813170284,0.002388274426653096,0.0010349614312872,0.8623587683711771,2.079285165346828,-0.4013045515604484,0.0010629356838762,0.7496657020627351,2.070675144652059,-0.3460218952987686,0.0014126850292086
2025-11-11T0788.757438,206,0.7860848466206792,0.8786756658127962,-0.7439338179451622,0.9677886366844176,0.7630576364600606,0.8241104935967253,-0.7225709531295385,0.9504335522651672,0.7801328596094866,0.8292788820956712,-0.7190741172282668,0.953259527683258,0.7918860772715968,0.8583486158665531,-0.7573953254073795,0.9582685828208924,0.7912013324427881,0.8267758237526088,-0.7055831249285281,0.9512211084365844,0.7386284666315779,0.8299059839626535,-0.6899270281589797,0.9515509605407716,0.7554237726072726,0.8343225967311096,-0.7012552205804422,0.9553543329238892,0.8356426696385593,0.8220906933354899,-0.5822399966534845,0.962666392326355,0.7598653832870157,0.8373540040447215,-0.4191560689464994,0.9538992643356324,0.8274046858020264,0.8939680259823224,-0.6442532565810772,0.977978765964508,0.7760187061206455,0.8743099620276586,-0.600255574417411,0.9752242565155028,0.9439072655454728,0.9317348040109175,-0.43695530411164957,0.986571192741394,0.7392258318134733,0.9755457025756877,-0.11365119993087826,0.986870527267456,1.0559393484457305,1.0985255604170578,-0.48317329307816614,0.332223117351532,0.6365490289115632,1.1442990021738015,0.089197120489948,0.3632424175739288,0.9986019118615685,1.2787661070035747,-0.7733806387641808,0.0579250715672969,0.640978734961435,1.3053845337968502,-0.17166956795016772,0.1096842959523201,1.0348384676119098,1.3410371570063424,-0.833075143964116,0.0546142533421516,0.6396438836834983,1.3661482075359528,-0.24607695705177174,0.1123818531632423,1.0252696104105037,1.3649550074999433,-0.8628509240934485,0.0762152448296547,0.661825702940224,1.3805394802901128,-0.31253547314474805,0.1374231129884719,0.9824648953802818,1.3151384835837965,-0.8132835033368044,0.0758786648511886,0.6388387916465619,1.391809012449654,-0.24539817878801187,0.131194993853569,0.9260719675688659,1.3968734701010994,-0.10138586490328037,0.0227587055414915,0.7835494615371326,1.4127203048779315,0.10108470078087835,0.0294185169041156,0.8969730263521039,1.7081531375658525,-0.28279387326996736,0.0045825066044926,0.7383878839745703,1.7103844946163238,-0.04578890930552524,0.0065888967365026,0.9214644071725699,2.0576443738068497,-0.022529843406829047,0.0005306583479978,0.7196176677912687,2.0334622553381334,0.07410291709430233,0.0006367026362568,0.9153633332556296,2.1133708612947144,-0.060175164369819525,0.0004255038802511,0.7751691299819018,2.0716875628198856,0.058647895031445685,0.0012018912239,0.8851159657475463,2.1446994531662704,-0.38079310719598386,0.0010356808779761,0.7824940989955257,2.149761646071922,-0.30404229933836924,0.0015150605468079
2025-11-11T0739.568165,207,0.8136271211859096,0.8558771642797676,-0.5266723413926355,0.9695576429367064,0.7688910692120916,0.8295432318493108,-0.5281928489379629,0.953187882900238,0.8016703758744824,0.8311018348172656,-0.5187011433586326,0.9561185240745544,0.7640607950230859,0.8207503844387675,-0.5096010134836796,0.9607861638069152,0.7594626105170971,0.831433783973656,-0.49812868266590915,0.9528725743293762,0.7497930275900002,0.8467469726906977,-0.4943768991370418,0.9530056715011596,0.7487637737190683,0.8250330689493046,-0.4854099563353728,0.9561727643013,0.8365378172799511,0.8511233990359842,-0.450558905867769,0.9652201533317566,0.7578064751045679,0.839130644142296,-0.20239062534442503,0.9544724225997924,0.80588248585053,0.8560688986931434,-0.4804599099883643,0.9792380928993224,0.7626131270498726,0.8996988255013516,-0.43909342662515394,0.9755497574806212,0.9374385534401735,0.9512267241055762,-0.31757454360838216,0.987058401107788,0.693381691025172,0.9893690893171662,-0.03171531041879386,0.9860820770263672,1.0141839806775637,1.1195054443040138,-0.48877203164078403,0.3410718441009521,0.6925110984521888,1.1589251533154492,0.20087587333518142,0.3378069996833801,1.017504398448893,1.2793289620328632,-0.701898207835854,0.0592881627380847,0.6367420787505543,1.3020228259631295,-0.05006321428759657,0.1015321165323257,0.9983197298191151,1.3514950857654566,-0.7711872335891075,0.0582299120724201,0.6606245203033153,1.3820217429894592,-0.15828401932053757,0.1054042503237724,1.003976388157648,1.3483748051655156,-0.8091784200083205,0.0822912156581878,0.6723843064375846,1.3459332847763452,-0.2022075583500496,0.131007507443428,1.004609289220088,1.3555548791796042,-0.7115677850157099,0.079331986606121,0.6591012397344879,1.359444410622636,-0.07820131637739237,0.1248645484447479,0.9015010191839976,1.3761355113399996,-0.10208323555282674,0.0206244457513093,0.7349633252124964,1.370387071511513,0.11003270213571326,0.0265947729349136,0.9262168106984611,1.7001280652678652,-0.2904179533381808,0.0045840116217732,0.7708652751352212,1.7134617963863212,-0.0678863992612179,0.0063770678825676,0.9421381190422897,2.0745835393415994,-0.06837347346886515,0.0005251771071925,0.7562489771955039,2.0294531375845057,0.021886617437025552,0.0006083890330046,0.9379894510601969,2.1290041756028915,-0.09901433776587851,0.0004149772867094,0.7814980319506952,2.0788934480643544,-0.0008962255762891141,0.0011851774761453,0.9207663114628104,2.1195806705212537,-0.42006054726756226,0.0009720433154143,0.750609902762018,2.1483488042538106,-0.34098567624254233,0.0014522173441946
2025-11-11T0784.584295,208,0.800473950199732,0.8702639640484278,-0.7230896091317135,0.9702282547950744,0.8002290815502657,0.839957902097404,-0.71441830217743,0.954387903213501,0.7940552940219171,0.8361975804984052,-0.7435103930441527,0.9572039842605592,0.8190650136305053,0.8362969940174985,-0.7247952257556911,0.9621688723564148,0.7753748856000424,0.8672239601363272,-0.6725735857290398,0.9534375071525574,0.7770366029237682,0.8240378985262309,-0.6552288743497479,0.952850878238678,0.7867891458473175,0.8116370324880084,-0.6912859489081826,0.9563176035881042,0.8106165576619566,0.8193002296999667,-0.5097725814265162,0.966833472251892,0.7613221291045867,0.848867948992196,-0.39242002593508823,0.9541457891464232,0.8122236594714054,0.9003406969180768,-0.5991958821120158,0.9800958037376404,0.7588189031444238,0.8928855947175119,-0.4897755308905289,0.9758896827697754,0.9441701810768377,0.9534424102339835,-0.3130276349210182,0.9873329401016236,0.723798536786218,0.9562350744757322,-0.2179746967208049,0.98534494638443,1.0320248414818705,1.1360884459852527,-0.42238107703113664,0.3546029329299927,0.7194950230296892,1.171048930555781,-0.05778975518912666,0.323678970336914,1.0168008278183114,1.2955549775392337,-0.683021209996902,0.0576706267893314,0.684344682994733,1.31363402628786,-0.2920082734240141,0.0942688286304473,1.0194428018905148,1.3602974688389633,-0.7577090728854668,0.0572397299110889,0.6939950238732724,1.380653526763143,-0.32286820295601704,0.0985870659351348,0.977999450605375,1.3664105752767086,-0.8144897003532107,0.0810843855142593,0.6725643893582799,1.3554688548406675,-0.34633132526281346,0.1235597357153892,1.0184381457879796,1.288763182280099,-0.7151864537986624,0.077613353729248,0.6842817812362741,1.339645138088448,-0.30964203776020144,0.1176113039255142,0.9112454069471284,1.4037350445940575,-0.05564945336445121,0.0188529472798109,0.7706803923617207,1.390451329107659,0.11252427705933472,0.0242005325853824,0.9058084997406084,1.7062227068957208,-0.2574003514633073,0.0047470801509916,0.7534936551012611,1.6691601635360953,-0.15848855076294946,0.0064336042851209,0.9333217690463257,2.0183322447136316,-0.04637015239129879,0.000529705255758,0.7814583278997371,2.019838284869557,-0.015902321948470514,0.0006330584874376,0.9446584525500137,2.086468203839111,-0.012218329268388197,0.0004054435994476,0.7899612595588903,2.0952633597866503,-0.031708902662588107,0.0012040645815432,0.9228748243140781,2.1169428110398374,-0.43333005122617113,0.0009421946597285,0.7745957177915689,2.093627209344934,-0.42346138013469464,0.0015513114631175
2025-11-11T0746.673165,209,0.7789836539964987,0.8576849467077566,-0.6765240308389753,0.970320999622345,0.7635946400447219,0.8439228316232257,-0.6964061707471424,0.9542009830474854,0.7903969826527802,0.8233923219027887,-0.7163048221351811,0.9573670029640198,0.8011710855920069,0.8216801212687449,-0.6775528971378865,0.9624621868133544,0.7583411849326236,0.8424037886284177,-0.6400398603813204,0.9517682194709778,0.7582222041339437,0.8502717108604677,-0.6367666577426954,0.9512117505073548,0.7439240459063329,0.8192022806921646,-0.6521254136930225,0.9546622037887572,0.8035401672440688,0.8186872868827803,-0.5379103647804107,0.9678239822387696,0.7467699234233623,0.8192079990522,-0.3866543616750553,0.9525377750396729,0.7825732723085188,0.8939688121908905,-0.6060374966452119,0.9806534051895142,0.7912359035788503,0.8862851924847563,-0.547950687475549,0.9752714037895204,0.9170992094868314,0.9606542459961134,-0.343489610396252,0.9874730706214904,0.6897192340999588,0.9667940628647768,-0.17343433663470856,0.9845489859580994,1.024923072159798,1.125911112617074,-0.44134160975239844,0.368954062461853,0.6677998640609696,1.126001724667105,-0.041174617934319376,0.3074632287025451,0.9709178733304488,1.2845114295226399,-0.7336997536359652,0.0567039474844932,0.6729524451136426,1.294512902880046,-0.29525154098090123,0.0874753892421722,1.0171577403978482,1.3815237777472709,-0.7895787871959005,0.0568800456821918,0.6844006122791891,1.3818239111246926,-0.36276889067224083,0.0922193527221679,0.9919804235861218,1.350437579041886,-0.8285246987418305,0.0813299342989921,0.6629287276334562,1.335168995831518,-0.39856095794259666,0.1169509142637252,1.0002471268939432,1.3471695015695069,-0.7574139686069297,0.0768652632832527,0.7016675571675028,1.3432000117255254,-0.34696590023568,0.1110476180911064,0.8765249466092431,1.378385245022071,-0.08456976564502357,0.0171014964580535,0.7705016819872008,1.4005595000336748,0.0661917290686844,0.0219168849289417,0.8754177238859028,1.677481535318347,-0.2817688317755414,0.0045826844871044,0.7641820126064761,1.681950555888118,-0.06321667856552504,0.0060555450618267,0.9054391665673253,2.0086797386633033,-0.019014080576946653,0.0005128292250446,0.7632047704817501,2.00189791112583,0.0432831740671608,0.0006042929599061,0.8946979925671698,2.070100599372709,-0.012716923189146388,0.0003853328234981,0.7789755195956221,2.054695482443877,0.04659231069786162,0.0011386255500838,0.8728996921800195,2.1187127063709155,-0.36065388445511776,0.0008882659603841,0.7523593942367361,2.108192700095016,-0.2855134699785367,0.0014883195981383
2025-11-11T0761.120870,210,0.7192685858616977,0.8517601784545799,-0.5879778249744345,0.9599958658218384,0.7527229222257941,0.7953039042551953,-0.6045393619737169,0.9401819705963136,0.7509117574562365,0.7732697543190323,-0.5883178009550686,0.943886399269104,0.7629294866855675,0.8215726817142953,-0.6225738241916312,0.9521086812019348,0.7638182439025303,0.8125702242877209,-0.5830840208433447,0.9340772032737732,0.765986922443714,0.804800590661647,-0.5754752042365625,0.932777464389801,0.7528472432960246,0.7903633902269486,-0.5712743862539131,0.938826322555542,0.8090128203047235,0.7907821400012721,-0.486233091106947,0.9588288068771362,0.7594545732976354,0.7942779535107014,-0.3161076647806907,0.933073878288269,0.792759860569935,0.8721431801917472,-0.5683653119038686,0.9748663306236268,0.7471026771280352,0.8656390235294843,-0.4755796636633107,0.9633463621139526,0.9114409388306067,0.9684014131061892,-0.3557869848424808,0.984310269355774,0.6927330308176546,0.9888130477214749,-0.12383481486898969,0.9777478575706482,1.0055415417010698,1.0523837827245808,-0.4322537886190807,0.3550321161746979,0.6877587735660732,1.1774292310770536,0.03147641004160202,0.2844844162464142,0.9978733104515128,1.3110791087165037,-0.707722121524154,0.0526555478572845,0.6467384970985729,1.3015808044645403,-0.23464715086468707,0.0798336938023567,1.0268779843747244,1.3319764802349696,-0.7795530723606887,0.0535484962165355,0.6722719846249251,1.3469347757411625,-0.3126408598798382,0.0846944078803062,0.9837635736317745,1.3547532299096423,-0.8084776884414536,0.0768820196390152,0.6760273157898536,1.3627954154872652,-0.3588013571601024,0.1081511452794075,0.9813248243972222,1.3597187334533294,-0.7113207758899482,0.0722786709666252,0.6987529934855822,1.3454156664363557,-0.29919448904786405,0.1026031598448753,0.9093338026546447,1.4020498779970223,-0.1162595462923146,0.015431560575962,0.7490130282993975,1.397695574922316,0.10586618544783095,0.019768226891756,0.880013796167434,1.6868949873206023,-0.26435469667740125,0.0043193418532609,0.7543270886261021,1.714454160450099,-0.050758423553888196,0.0055918330326676,0.9038205067840914,2.0180302507884216,-0.04131464440711284,0.0004812723782379,0.7803499999009376,2.0102582686647987,0.05656538642895083,0.0005615795962512,0.9066188155594483,2.075506449283391,-0.023100363965251593,0.0003563395293895,0.7834908086710335,2.0420764480422466,0.07570361152919848,0.0010657453676685,0.8967034144808929,2.0847517740304937,-0.36611733289381726,0.0008227249491028,0.7580996497860876,2.0949345742096814,-0.29911665236510215,0.001410148339346
2025-11-11T0740.201815,211,0.7687470924602597,0.8568479650917711,-0.5641095556624818,0.9466962814331056,0.7554173522080795,0.8374215317651472,-0.5642358212563273,0.9224452376365662,0.75719745901458,0.8033978803136226,-0.5530962104456659,0.9285268783569336,0.7571119901929716,0.7959516799246186,-0.5660436632753315,0.93897145986557,0.7071725274166728,0.8138626579112634,-0.49676305055195297,0.9103190302848816,0.717678232333848,0.8377289660911357,-0.5184085609514093,0.9090315103530884,0.711394898237052,0.8303657196574555,-0.525216610528969,0.9160133004188538,0.7935069603095655,0.831805104596152,-0.4621676511012113,0.9490825533866882,0.7309963406993332,0.8206440174086441,-0.264181300742097,0.9085811376571656,0.7739351318419341,0.8594674859028061,-0.526259731710054,0.967859387397766,0.7283365236499221,0.8600380709643931,-0.43844302368177146,0.9484792351722716,0.9142889563081594,0.9649180329619225,-0.3781247961535297,0.981833040714264,0.7182976993572712,0.9899248154901925,-0.10433076576075379,0.9705427885055542,1.0285999266676518,1.0769510400027877,-0.45379810868744397,0.3398686051368713,0.6826306826474078,1.2067030182905323,0.061864150791212325,0.2620626091957092,1.0196913587477077,1.3013973225027915,-0.6270626442244033,0.0491541214287281,0.6507730158909001,1.308535031215285,-0.17286015979063296,0.0728237703442573,1.0425367215157775,1.389375288083665,-0.707428684720365,0.0506312027573585,0.6496840152162043,1.397303862595474,-0.22111564896373231,0.0776272192597389,0.9916266471430362,1.361260596257141,-0.7339495481690843,0.0730666369199752,0.6769137369297719,1.4057121194862896,-0.2834689693070859,0.0998018756508827,0.993518939659358,1.340582509676393,-0.6473834092795243,0.0682786107063293,0.666556843873174,1.3377520282530433,-0.19467521338297833,0.0946518704295158,0.874944153133181,1.3984615888978975,-0.09531794340402452,0.0139167718589305,0.7497405932078655,1.3966960889688362,0.10610104591893045,0.0178219061344862,0.892934760269429,1.6788541769983938,-0.24581320112411897,0.0040500410832464,0.760383325594172,1.6977328010421522,-0.0796133707606699,0.0051886029541492,0.9209870580253943,2.00722891028943,-0.025479367046236292,0.000454999768408,0.7763257860304775,2.000686179635117,0.08134239585657523,0.0005250492249615,0.9596471219017519,2.0758412753342226,0.020333489906844783,0.0003315203648526,0.7929420140222976,2.050160963824396,0.044968050159888834,0.0010054995073005,0.8966330455226982,2.0761980565845133,-0.3798387550129255,0.0007647795137017,0.8210986224278704,2.078175380461825,-0.28837610770955674,0.0013408787781372
2025-11-11T0786.177074,212,0.7208979864771222,0.8621725588182059,-0.4824165711877915,0.9408644437789916,0.727389995611683,0.8094223116640072,-0.5058521499089983,0.9131014347076416,0.7216447321967616,0.7911524746129202,-0.4785987810845758,0.9229741096496582,0.7336527613171195,0.8103005420439302,-0.49045992305360847,0.9330140948295592,0.7164080516475421,0.8227867642475798,-0.43494825047532293,0.8968067169189453,0.7130374073082223,0.8087475686781354,-0.44045644188515426,0.8973355889320374,0.7349964446182045,0.8173916285644905,-0.4268738093209718,0.9020004868507384,0.7843981563625824,0.8422781366151958,-0.3916734209097929,0.945811688899994,0.711218374445822,0.8378378521221727,-0.2228839566777061,0.8949287533760071,0.7271752693680884,0.8737329515872351,-0.45128722158403667,0.964396834373474,0.6963463696283128,0.8709595530762735,-0.35875507244892957,0.9400832653045654,0.9321706760236586,0.9395282238584968,-0.30909209516985664,0.9812000393867492,0.6980640203324566,0.9475302646545817,-0.03309925905009059,0.9668198227882384,0.9731651148016428,1.080562734526898,-0.378572835577569,0.3280938267707824,0.6754657980590847,1.2071612059423595,0.0807754072426503,0.2403855323791504,0.9950199782369917,1.2986534758070791,-0.5637522341206151,0.0472146235406398,0.6671167786182233,1.3537509115038344,-0.141565697997883,0.0664026662707328,1.0410658155057626,1.356504868061536,-0.6020310857330455,0.0493958704173564,0.6607456065985567,1.4062240762329645,-0.20805980434312646,0.0711304172873497,1.0106138771741755,1.3773875378959652,-0.6819226721762303,0.0718611702322959,0.690966703002163,1.3812157703340822,-0.2815230772131337,0.0920573025941848,1.0182043291443332,1.3348643844072445,-0.5732213821047997,0.0665226653218269,0.6865866836706198,1.4085830792845968,-0.1797029818334618,0.0872526988387107,0.9268302231927371,1.3570585641085497,-0.10446288704912926,0.0125551465898752,0.7565725566461947,1.405980421805249,0.11076947686420058,0.0160729829221963,0.8912762866944086,1.6864524003896513,-0.24861521464077255,0.0037926249206066,0.7501998066623266,1.7114282808870767,-0.049646717554054344,0.0048155398108065,0.9175898679292499,2.016032341218432,0.004530153731778329,0.0004315282567404,0.7708968522982753,2.0201544481171196,0.030988735698518503,0.0004890792188234,0.9328780198458231,2.067176407960668,0.04604791589900509,0.0003109851968474,0.7870229384393828,2.062719701804181,0.021022481115873043,0.0009389794431626,0.9083137522016683,2.0731650303393656,-0.351178275845516,0.0007207366288639,0.8134597254194985,2.102136598952312,-0.29151579304476316,0.0012721144594252
2025-11-11T0737.456909,213,0.7237788065157804,0.8625696057244719,-0.49211892313462047,0.9408799409866332,0.7114939058692483,0.8319798066741222,-0.5185830664544282,0.9157977104187012,0.7068336692653733,0.8434297292159781,-0.5010551478892556,0.925920069217682,0.7492919063151809,0.8319402992974471,-0.47659232984706945,0.9354625940322876,0.6937081192312314,0.8434159793719128,-0.4673703479886829,0.898830771446228,0.7254137523997599,0.8354188357311676,-0.4651126330808553,0.8986538052558899,0.6858232515906766,0.8549217656436827,-0.4696662486639666,0.902831256389618,0.7716574909270933,0.864748143415052,-0.40000007734093684,0.9488155245780944,0.7530870607600926,0.8400084405345617,-0.23512742875498685,0.8985421061515808,0.739217086671537,0.8900086983131548,-0.40761380085348425,0.9648385047912598,0.7147093216875867,0.913573150053072,-0.4068686961499294,0.9394909739494324,0.8965343333460988,0.9697168204652133,-0.2815752866129562,0.979243278503418,0.7145429896223936,1.0018429365469912,-0.02532669070972973,0.9601534008979796,0.9703737664995786,1.029625771100287,-0.36209206934939586,0.3221083879470825,0.6435498195361699,1.201787274166752,0.28501193640710754,0.2216993272304535,1.0126853712522372,1.2536733445725072,-0.5670941144183831,0.0478082373738288,0.6482232981181439,1.2468185885814527,0.18537152074205507,0.0618204325437545,1.0359244311478941,1.2415764577346833,-0.6420456094048979,0.0518107265233993,0.6604582735179838,1.2821408398656193,0.12386507337881422,0.0674836710095405,1.0155685229633704,1.2774786961218039,-0.6538896780421811,0.0749401971697807,0.6430947544443154,1.2610559834649961,0.09127035094871198,0.0882846117019653,0.9975435977572491,1.2533008677383999,-0.5905633604766225,0.0683034658432006,0.6525700640490403,1.2647739443752983,0.13595282585977528,0.0835897922515869,0.90434351416281,1.3960019930499383,-0.12360894753494525,0.0113971270620822,0.7403500031388631,1.3789532111967628,0.09291248723235976,0.014567763544619,0.9087532632044479,1.7139364244441906,-0.2552109631551138,0.0038390115369111,0.7626235853985857,1.716304886262747,-0.13079851236543935,0.0048332014121115,0.9194621716174094,2.01511756386909,-0.05454667227314195,0.0004217496607452,0.7718051047819364,2.03997825923516,-0.0831737151189592,0.0004910435527563,0.9178251879725763,2.0605130693511358,-0.05980801153055218,0.000304460467305,0.7727526742125916,2.0528051768421713,-0.04105020414423201,0.0009274904732592,0.9080568816683683,2.1123460171868853,-0.38407392168831933,0.0007080871728248,0.7936821325181946,2.1209772002186176,-0.42564461989345137,0.00132081808988
2025-11-11T0781.437931,214,0.7316712190095842,0.8924583021926659,-0.5122127475628563,0.9379857778549194,0.7503723639784379,0.850494424160449,-0.5166361637193432,0.9158913493156432,0.7195991897073196,0.8717077017022035,-0.5190722150880418,0.926086962223053,0.7329633128011886,0.8536009028637471,-0.5348922479818847,0.935574471950531,0.7253253999176775,0.8462992036036806,-0.46039679444001014,0.8981994390487671,0.7015359228886335,0.8519394480889063,-0.446249402912277,0.8965572118759155,0.7313704233607965,0.8744493913690081,-0.48865536156156525,0.900949239730835,0.7653938706667727,0.8558570688373158,-0.3865965111483659,0.9499195218086244,0.7283282848513571,0.8445347112569896,-0.20201333382775508,0.8995414972305298,0.7329140905557947,0.9021411381663133,-0.42963087460690325,0.9627581834793092,0.7252496108582405,0.8961598710500658,-0.385205652046061,0.9352640509605408,0.9232303279653371,0.9436379058206956,-0.24244862008685814,0.9750177264213562,0.7093114132276155,1.0010718793992819,0.018840248943440503,0.9501489996910096,0.9824767576776804,1.0660590023614451,-0.3522194224856061,0.318878710269928,0.645772603856729,1.1496041214116137,0.14972679566321576,0.2071158438920974,0.9881644821012902,1.1297118813153288,-0.6219543346773514,0.0506134927272796,0.6496715942118579,1.2220884924808773,-0.021009111067674748,0.0593307390809059,0.9725285080155801,1.1265333686580215,-0.71724351266605,0.0570653341710567,0.6489233223274415,1.1903608783860797,-0.12020139760261381,0.066560074687004,0.9886546335347077,1.1206085184101113,-0.7073769648153181,0.0810534283518791,0.6342402192659878,1.1714258522685637,-0.14891158048051623,0.0879900082945823,0.9909800159334707,1.1448987005844034,-0.639920747689855,0.072155125439167,0.6666732432068795,1.1826322118951174,-0.056485843369637675,0.0830448493361473,0.905596750919035,1.402782233190835,-0.08993095500464843,0.010438279248774,0.7394821570642144,1.361423493365188,0.07904986563473626,0.0132858958095312,0.8713325395444321,1.6685588858666334,-0.250498002749519,0.0044892742298543,0.7540266520861285,1.6805843933685087,-0.10541998030760232,0.0052299476228654,0.9103522455840718,1.9957766190215631,-0.039608693691683766,0.0004727599152829,0.7863726767509582,2.0101993645136593,-0.011980251191227257,0.0005574931856244,0.8985488071384045,2.032233273115473,-0.04673181897859307,0.0003482217434793,0.7836476377174786,2.043601435483609,-0.051671180805387115,0.0010297447443008,0.8702515200143577,2.0420482926927637,-0.35509625259815375,0.0007732504163868,0.7847039588401938,2.060530687043673,-0.3564492952912997,0.0015357418451458
2025-11-11T0750.656518,215,0.7280761088398098,0.8890304289010762,-0.5115218709710546,0.936271607875824,0.7073979091793788,0.8596405205754153,-0.47511529123845864,0.9161853194236756,0.7200371205755761,0.8766756861382139,-0.47903846456449267,0.926398754119873,0.728383422636713,0.8573952813457508,-0.4714749993735116,0.9361017942428588,0.6934771886460657,0.8647136165850106,-0.45672207610121734,0.8980672359466553,0.7228649884597851,0.8668256728993327,-0.4595254653932067,0.8948760032653809,0.6725291822019456,0.9021094753934118,-0.4575703796284936,0.9000978469848633,0.7227893776618252,0.8447583998379847,-0.3564825521428653,0.9512794017791748,0.6994747787194587,0.8964442092097665,-0.20193001580288586,0.9006720781326294,0.7621887604819214,0.8975488022045872,-0.42718019458115614,0.9613664150238036,0.710316281672133,0.9032863672745886,-0.3746294284073521,0.93259459733963,0.8837504898706248,0.9565334441451239,-0.2068069484785769,0.9727839231491088,0.6776760283646673,0.993426468560051,-0.007154422278627868,0.9451149106025696,0.9926647869989725,1.0799987579677106,-0.3623721497343279,0.3123136162757873,0.6718766531253252,1.197023980673309,0.08561100698256009,0.1959557086229324,0.9558339911403888,1.1365433195203782,-0.6682621085350924,0.0510291047394275,0.6690633018584737,1.2358672888445201,-0.1704867190041638,0.0563243813812732,0.9740584315267481,1.1464426346437382,-0.7690656335496852,0.0588461086153984,0.6908949282912447,1.2462931638518624,-0.2420599019197205,0.0643422156572341,0.9297655730918818,1.1130582098790405,-0.7747891794936067,0.0828442424535751,0.6761874583187404,1.2372494738440254,-0.2885645447925499,0.0857513397932052,0.9415280305045817,1.1357853904925197,-0.6776212495514984,0.0728218257427215,0.6832641510769171,1.2129434094988183,-0.2104478633282134,0.0808776691555976,0.904927636329583,1.403588507069039,-0.0776068030533788,0.0097251236438751,0.7432399068486725,1.4082266387829947,0.06906395744551402,0.0122999772429466,0.8903599408197886,1.672816630484143,-0.27168408860641713,0.005061978008598,0.7611612466190949,1.6624302731096308,-0.1660999148390894,0.0060985526069998,0.8954696639546477,1.9710353002744294,-0.10282997623797867,0.0004860121407546,0.7782832326572522,1.9870199535286244,-0.12644881310950984,0.0005944829317741,0.932452107587608,2.0077327973217036,-0.1308780927322358,0.0003646259428933,0.7871172741250945,2.0054219749947557,-0.14059261925391642,0.001103438436985,0.8909999323962506,2.044610056056416,-0.47169346368744214,0.0007958185160532,0.779952578604088,2.071437479413149,-0.43044324403841683,0.0016860965406522
2025-11-11T0746.125442,216,0.6720765096462291,0.9015324287907178,-0.4620904399224664,0.9407911896705629,0.6854521287307318,0.8875475303159769,-0.44286979537759813,0.9218544960021972,0.7002403072328653,0.837986835623297,-0.5043096452024467,0.9317603707313538,0.7059107278891175,0.8542718433502123,-0.44659156664510063,0.9404937624931335,0.6764177387260877,0.8619143310353194,-0.41983757981795394,0.90433007478714,0.6612584611574037,0.8852732038145664,-0.42096493547519437,0.9015584588050842,0.6693473954158731,0.8837952439591321,-0.4192945840599094,0.9059871435165404,0.7219512045966465,0.8445490730747706,-0.3596567945840007,0.9549843072891236,0.6565856948575245,0.8866276098387325,-0.16206949486339453,0.9069383144378662,0.7642930797224895,0.877245735702613,-0.3710371022599827,0.9639996290206908,0.6963185791252714,0.9218386192341136,-0.3885849278221066,0.9363747835159302,0.8827006922059688,0.9722259324251531,-0.22209641167766794,0.9740548729896544,0.7060848188091403,0.987171541492846,-0.025997540611359483,0.9470457434654236,0.9559793417576951,1.0689053865759073,-0.2619485412721303,0.2966493666172027,0.6512765850396357,1.2068007314299494,0.1588665988847429,0.1830457895994186,0.9600404035846842,1.223359170860752,-0.44935175540094074,0.0482325330376625,0.688816564836288,1.3160183297990165,-0.058977852099558664,0.0520160049200058,0.9775279609066632,1.2935653407799717,-0.49325577669092485,0.0562287829816341,0.6782897667668133,1.3794135371586855,-0.12690112600614709,0.0597644858062267,0.9517728297759543,1.2734044393136776,-0.5174796218221714,0.079853743314743,0.6869873547884545,1.3539567838182285,-0.1658942018239068,0.080342523753643,0.9407276559171904,1.2751243734677844,-0.46026548346693585,0.0697476714849472,0.6762323052056323,1.3403629474204786,-0.1111852470625317,0.0757224410772323,0.891182114527221,1.3858268843738095,-0.0896764403938572,0.0088016577064991,0.7217237819515613,1.4015131455975278,0.12300585283723063,0.0111232828348875,0.8598144547047782,1.6806805189907292,-0.31303511011452934,0.0046911719255149,0.7378721229885432,1.6635012738083046,-0.08779362342827958,0.0056577939540147,0.9173984033960215,1.96881272101146,-0.04155495541921928,0.0004575730999931,0.7557769116396856,1.9634959171993251,-0.015668697141479934,0.0005496741505339,0.8777929408131142,2.035776928034531,-0.05264658635683873,0.000343833991792,0.7605490385028868,2.024839073306617,-0.021919756551694168,0.0010208528256043,0.8577705169026115,2.0318460482204195,-0.36559044449366707,0.0007464188383892,0.752431287343489,2.0383226388749844,-0.4060855037265172,0.0015636251773685
2025-11-11T0740.870875,217,0.6787680306681448,0.8809195959892477,-0.44063982651654676,0.9458163976669312,0.6810475529833954,0.8583271748812308,-0.47691391048976284,0.9282842874526978,0.6585929086616484,0.8202196057670413,-0.47154821450218876,0.9375461935997008,0.6997206044816107,0.8389853814492938,-0.47699648085606994,0.9454289674758912,0.6602592477964042,0.8894435198003515,-0.41435624281899336,0.9114890098571776,0.6734047856134172,0.8562127622160733,-0.4450101333378284,0.9089245200157166,0.6663191775750436,0.8818203259885186,-0.4280153221378228,0.9125731587409972,0.7069380376916311,0.8474300397214674,-0.3851940326794567,0.9589200615882874,0.6716528994512888,0.8975439466907232,-0.1546200573727861,0.9137375950813292,0.689867872088671,0.8998885155697798,-0.4215712644986253,0.9669747948646544,0.6806286713649292,0.8819271897833234,-0.34454422295593523,0.9408001899719238,0.8674854901230739,0.9541057101534802,-0.2600805726650908,0.9760369658470154,0.6588762809800759,1.0017445198442794,-0.011706169886138009,0.9486623406410216,0.9556934602671153,1.0318663290920742,-0.294818615440164,0.2898128032684326,0.6579172937938873,1.2189148902344293,0.14433626544634653,0.1690580695867538,0.9567738173492665,1.3004336189166978,-0.4652533509255907,0.0476351082324981,0.6887706442395581,1.3401041633411908,-0.10534110521575295,0.0479779094457626,1.002438592282115,1.3329459448535357,-0.5671299008435481,0.0564736649394035,0.6938085913294832,1.4053022248267955,-0.15778617044027107,0.0556415691971778,0.9657843062839293,1.3429505333756138,-0.5788311416315288,0.0818032473325729,0.677540632828096,1.3808122344657219,-0.22749566112386338,0.0756746232509613,0.954599885241989,1.3259377870092999,-0.5077417017044533,0.070527546107769,0.6825677399281181,1.3958719097480539,-0.14874904355742463,0.0713745579123497,0.873776343168373,1.390358020056117,-0.10990119449705879,0.0079331630840897,0.7266267849703252,1.3864837467407929,0.09305494101568904,0.0100215710699558,0.8871929456755904,1.6827229835882278,-0.20915157390250816,0.0042567355558276,0.7555295508233498,1.6355755496134603,0.04552264368489692,0.0051335440948605,0.8819418235954883,1.967152436625428,0.04795975425124112,0.0004190244944766,0.7468661672567373,2.0122138861089516,0.17727757583212977,0.0004983874969184,0.9012080924097065,2.0159201509918683,0.08714590877905601,0.0003140156914014,0.7612023479164202,2.035665639662531,0.1661729188262046,0.0009273454197682,0.8557522445530582,2.0573486251968167,-0.3043304347966316,0.0006832412327639,0.7943850561297692,2.0760338138329404,-0.16319934316457935,0.0014239802258089
2025-11-11T0782.963342,218,0.6539922837924564,0.8825263366532216,-0.38192373429799475,0.9507094025611876,0.6575274259858358,0.8435368396115712,-0.3942915070636529,0.9345657229423524,0.6752783664727863,0.8581363334832001,-0.39641576576190474,0.9431766271591188,0.6795375333897479,0.8562720058585261,-0.3816664656613209,0.9502822160720824,0.6527778683201884,0.8698516103412096,-0.3503434362335273,0.9187847375869752,0.6510196290844639,0.8791780513869195,-0.350385484058173,0.9165723919868468,0.6492616093406024,0.8667260104970271,-0.3337830036303455,0.9196556806564332,0.6647562440004237,0.8420347988286808,-0.3490326277643352,0.9626431465148926,0.6618762112117904,0.87737563436855,-0.10769213681056725,0.9210413694381714,0.6980800832821077,0.8980112196558536,-0.3456276747979385,0.9698231816291808,0.6808418025439499,0.9164405118696237,-0.28328081268865746,0.9452863335609436,0.8675305561842064,0.9593145392554469,-0.24464854145860387,0.9777382016181946,0.668288455907223,0.9908361318647806,0.07295643270327781,0.950961172580719,0.9557454832717021,1.0577010880815718,-0.29227825599245183,0.2826851606369018,0.6459589266609389,1.2181582261494754,0.21100158022924403,0.1573814153671264,0.9600740192443634,1.3125962445412949,-0.41545084923548475,0.0490750335156917,0.6672151165965251,1.347154195746925,0.03703953614653439,0.0447605103254318,0.9976669389929317,1.3943734517076465,-0.44790081292141765,0.0579804666340351,0.6606049193201087,1.4174559788428769,0.011889167796287833,0.0522369369864463,0.9525796991303105,1.3754634920186128,-0.5112992959306931,0.0851050540804863,0.6811223636551315,1.3960497496189062,-0.06806104657151948,0.0719019696116447,0.9734004616588099,1.3777062453792204,-0.43762488476154277,0.0735310763120651,0.6331011026560048,1.3837264156787574,0.003327686653080945,0.0681408643722534,0.8633705516748792,1.3708441046839646,-0.09034557940740263,0.0071547315455973,0.7008635830328732,1.3755622638443579,0.10686901069830716,0.0090354699641466,0.8448546941799658,1.7013817182348498,-0.17250836611627263,0.003841089317575,0.7486229329159001,1.69043133931308,0.04229182460678629,0.0046366499736905,0.8975736057424214,1.9861740555030913,0.10090117124856712,0.0003794687218032,0.7411163800454877,1.9784141833022117,0.23601821264159162,0.0004502182709984,0.8826500830412263,2.0276382304027294,0.1165481556044817,0.0002846755378413,0.7350629821553674,2.0297524514577945,0.23077186861220092,0.0008391452138312,0.851116861622006,2.05566827262656,-0.23734050568564916,0.0006199851632118,0.7418370321341505,2.08300365994231,-0.11925521463821193,0.0012958942679688
2025-11-11T0764.973561,219,0.6754578171637869,0.8719458830150479,-0.35471630565285434,0.955261766910553,0.6471722837717347,0.8462834338043232,-0.3971642784521066,0.9405467510223388,0.6330239601163639,0.8308030640947841,-0.3961724382854051,0.9484952688217164,0.6336315467048884,0.8437918526991807,-0.3793847504781158,0.9548718333244324,0.6785438792440178,0.8432160814897722,-0.3202710240840131,0.9258763790130616,0.6459652453869608,0.8777065641283858,-0.3310862133855685,0.9239991903305054,0.6339766574754419,0.848248882128912,-0.29604219279072064,0.9265841245651244,0.6927089553426318,0.8258641895055173,-0.32965382690387673,0.966161847114563,0.6551983200111348,0.8896922385186338,-0.0718474393716414,0.9281820058822632,0.6691675446772479,0.8894223253683496,-0.33357806265559364,0.9725525379180908,0.6723663719218548,0.9116012845749468,-0.2536748088113197,0.9498317837715148,0.8543391222876502,0.9284461301777807,-0.26859975580188017,0.9795004725456238,0.6518333214260524,1.0127821792919796,0.03758497179706868,0.9539664387702942,0.9324788966948104,1.0466342095765757,-0.28505070933591464,0.2735979855060577,0.6425532590942955,1.2121060962501728,0.26336358996624054,0.1467726081609726,0.969069705899038,1.299692813199927,-0.4259495106867011,0.0496545173227787,0.6326154467472294,1.350796654004921,0.09407669208825771,0.0416141562163829,0.9484845415079974,1.3812884119172835,-0.4540775132932435,0.0584201253950595,0.6297908284039465,1.3873543997361568,0.0657448756097263,0.0487660616636276,0.9520171175388594,1.389686487392142,-0.49890524123447266,0.0869693681597709,0.6310425208366992,1.385217787085604,0.04625837563561476,0.0679314360022544,0.9402455984276585,1.3721147532143805,-0.40281838553784366,0.0750163197517395,0.6315519591185119,1.3702555737980553,0.10023527880473612,0.0645631998777389,0.8624088561470301,1.3739994854390392,-0.11490723287914048,0.0064524756744503,0.6996393482484173,1.4033679962111558,0.09838253613165072,0.0081465737894177,0.8521417148872064,1.707932998849603,-0.18357114681623599,0.0034654845949262,0.7307231696056993,1.6688597055538557,0.05993224996087941,0.0041862563230097,0.8736993916509783,1.9817170704184646,0.13445012283497135,0.0003442182787694,0.7421305765497436,1.971587627809526,0.27177429243587736,0.0004064748063683,0.88099957073747,2.0032163457918863,0.14159318597022552,0.0002586460323072,0.7559821427362763,2.054683540174429,0.2774535753134742,0.0007594867493025,0.8345957266052147,2.0781973823802393,-0.20039094884167355,0.0005633205873891,0.7406312765030042,2.0876435161000737,-0.06634601991096642,0.0011778103653341
2025-11-11T0772.247406,220,0.6418165785399826,0.877590721546687,-0.2982312289137333,0.9593850374221802,0.6473515306801958,0.8511032952179072,-0.34510802308716604,0.9459619522094728,0.6247925437028509,0.8580748785080415,-0.3124564813994676,0.9532294273376464,0.6299151251725867,0.8433182313775338,-0.30540657392169074,0.958992063999176,0.6392298742330261,0.864657047564244,-0.2712674881408299,0.932396650314331,0.6135286143052365,0.8399893206332633,-0.3072713711606743,0.9307523369789124,0.640754448282782,0.8465411612922422,-0.27838039748613636,0.933023989200592,0.6897597210425559,0.8515908207152988,-0.3121636881336306,0.9692765474319458,0.6551643024234243,0.8535802390215854,-0.05831054226910873,0.9346453547477722,0.6577874903602423,0.8778988221848602,-0.30572010066405547,0.9749817848205566,0.6618237577620273,0.9217716990010723,-0.24057993641898703,0.9539218544960022,0.8686163037888766,0.9379489814311068,-0.23144711587412145,0.9810830354690552,0.6619050710449461,0.9930559116794618,0.02476244490080097,0.956136167049408,0.9266942639686672,1.1231290292289136,-0.2944676957101958,0.2649658322334289,0.647894912956861,1.2179149986318079,0.2303867618872568,0.1362371444702148,0.94395691425714,1.308570289503538,-0.41544659525934446,0.0486850328743457,0.6491546588846503,1.36934535125144,-0.0333964741350976,0.0381984524428844,0.9567141395476862,1.3851767453224537,-0.4489291373133252,0.0574879087507724,0.6291838309733999,1.3848927570011318,-0.023401712009630316,0.0449897646903991,0.928662421395745,1.369987878788809,-0.47251656748133264,0.086747720837593,0.6378268873234407,1.413415086966843,-0.016555998572578615,0.0632455125451088,0.9258352340490834,1.3745119002181636,-0.41995107071511706,0.0748729333281517,0.6482376700360499,1.3778353607643858,-0.05971932620097982,0.0603791512548923,0.8390542083551485,1.3595960188143037,-0.0803854581859085,0.0058129196986556,0.6932572348137716,1.4063225697417492,0.09055022017291665,0.0073388470336794,0.8463432013402918,1.6868062122449266,-0.07841385500373725,0.0031219993252307,0.7161269571320542,1.6802459818738618,0.12950130706357824,0.0037710254546254,0.8541344103696624,1.9886170168135988,0.31812427438518853,0.0003104898205492,0.7460329112849302,1.983620672506303,0.40162156159862183,0.0003661594528239,0.8727565640290297,2.0580692410336145,0.31839339932594496,0.0002332742878934,0.7421347441009554,2.0305690354140857,0.4293969943473622,0.0006846262840554,0.8112505579488675,2.0614740310357207,-0.018010749573935624,0.0005086564924567,0.7431890032064565,2.072731599768784,0.09496074654936032,0.0010637623490765
2025-11-11T0793.986982,221,0.5916703091379536,0.862006588583927,-0.27900387711153746,0.963173806667328,0.6375088094861107,0.8345036716913792,-0.3063656197719758,0.950986921787262,0.6038620501469862,0.8216627377217828,-0.3100116415250674,0.957587957382202,0.6319198583702698,0.8155415561842749,-0.2751429834243998,0.9628056883811952,0.5844908571038602,0.8671227911525242,-0.2318721276222801,0.9384742379188538,0.6203363167812573,0.8485581388180485,-0.24449716778636688,0.9369809031486512,0.5909238688352704,0.874077106084607,-0.2574889344420305,0.9390015602111816,0.670409703958758,0.8538212583360582,-0.3280871940521762,0.972176432609558,0.6341239300303456,0.8305104933878954,-0.046332289195157944,0.9405508637428284,0.6562420909413063,0.9009695447430173,-0.30119631292171256,0.9772640466690063,0.6286401474752652,0.8937308671629307,-0.17171968481175115,0.9577905535697936,0.826134824123513,0.9429287180936441,-0.33561034748520446,0.982699990272522,0.6791014497915188,1.00646207710364,0.025813185493891354,0.9583842158317566,0.9245117151064681,1.0868249433022166,-0.35721854013792287,0.266937106847763,0.6324907381084949,1.2207127096580646,0.14958868925943253,0.1281272768974304,0.9781986483944459,1.3186231775008135,-0.41773475747277033,0.0494092479348182,0.6109297739695652,1.3604034760676735,-0.14048301001226404,0.0353440269827842,0.968194294842413,1.3540651578041734,-0.44994925715139833,0.0582532696425914,0.5928419353935371,1.3813805113503825,-0.1423422552332619,0.041959673166275,0.9550512903536337,1.3827115288796517,-0.505023720095498,0.0890126675367355,0.6041283863231398,1.4005925809537147,-0.18038380499839715,0.0597483068704605,0.9474203216428245,1.3404480540426924,-0.4129530023787142,0.0770719945430755,0.5904792470335549,1.3423510016515674,-0.15873771268518316,0.057388599961996,0.8395795601256522,1.3564408078168917,-0.11353901217705126,0.0052381474524736,0.7016315843215772,1.3969601702780337,0.11158494096661556,0.0066120009869337,0.8703827389773239,1.717154674074445,-0.09086606144962425,0.002813130384311,0.7125963053825946,1.6648523295982147,0.17153937854295168,0.0033975599799305,0.8651995436747335,1.9712358648299293,0.23236231155498335,0.0002798131899908,0.716215486962414,1.9988412344585622,0.4128356604124917,0.0003297681687399,0.8825279622383673,2.021439696617661,0.24851651601127414,0.0002101879072142,0.7195958065825694,2.0085390766856395,0.4502731126117555,0.0006169641856104,0.8141037999715501,2.076526119762398,-0.029813056503938895,0.0004587389121297,0.7368408068533807,2.0768610057228036,0.11931544377256262,0.0009597016614861
2025-11-11T0777.770348,222,0.6016694042189666,0.8633962299535507,-0.2638802697625201,0.9662944078445436,0.6001908104977407,0.8379835961532527,-0.3226087352977577,0.9551945924758912,0.6147855654349785,0.8188334672057391,-0.3184522054298701,0.9612407684326172,0.6197680416203372,0.806570437175109,-0.29753291146498667,0.966015875339508,0.6221210342839778,0.8124997967653437,-0.24165825631252014,0.9433690309524536,0.5740416633495316,0.8249473756170389,-0.24265160694204854,0.9418958425521852,0.5948742919793123,0.8214780292517025,-0.23214132951210945,0.9436930418014526,0.6533077985678689,0.8213405059331795,-0.3625166511694778,0.974681317806244,0.6142600829559561,0.8497685995617308,-0.0496222598469533,0.94527930021286,0.6413541489203373,0.8812118539018957,-0.298809106928311,0.9792059659957886,0.6111657537902256,0.8573779709619207,-0.19246859738043834,0.9608917832374572,0.8108216846195944,0.8914927510249608,-0.407727878225782,0.9842293858528136,0.601915518499892,0.9975799425431492,0.05289986476606334,0.9603006839752196,0.9164247111934235,1.0452991762008088,-0.4807685696937544,0.2748260796070099,0.6222337361148822,1.2245048875245939,0.17091496095724784,0.119689330458641,0.938462976402248,1.2764006239900798,-0.5201648417831856,0.0494243241846561,0.6079466899197197,1.3625661499560027,-0.07083664690282401,0.0324302166700363,0.9527846996837498,1.3683129002054402,-0.5301863159374983,0.0578536763787269,0.61981604365136,1.4145211500276538,-0.08710571099106855,0.0387559756636619,0.9504926957056337,1.3886696622012165,-0.5261028650389492,0.0890512317419052,0.6152169334016856,1.4068759082305236,-0.15081546707285348,0.0556751936674118,0.9332034564360451,1.3547340655796167,-0.48530974597188814,0.0770445764064788,0.6319091329261791,1.3665883025725207,-0.10547498128694822,0.0537098310887813,0.8346390350331587,1.3786964200916167,-0.11017066925313496,0.0047211442142724,0.6679454708277385,1.3589635771770903,0.13670518574593718,0.0059577287174761,0.8469258005388222,1.6982873413010178,-0.10060730198684482,0.0025344626046717,0.6927868748175351,1.6844911529616915,0.2033106960152398,0.0030610414687544,0.8630162136789661,1.9494809169959033,0.3235145702658209,0.0002521108835935,0.7346992493933932,1.9546266356492927,0.5393189129350593,0.0002969549095723,0.8868772324711156,2.0378203764471867,0.3015078535279331,0.0001893513835966,0.7407857721315483,2.022170361770596,0.5440757180003222,0.0005561042344197,0.7960138012890114,2.091819177884939,0.006634663538892901,0.0004135273629799,0.7108371554767774,2.0713451569700965,0.24986726266085976,0.0008655497222207
2025-11-11T0772.727577,223,0.60483752915713,0.8515758026543779,-0.26132756992915046,0.9690880179405212,0.5844555027592186,0.8474102998732665,-0.3300871680908102,0.959062397480011,0.5944911433132697,0.8291645699669794,-0.29307851188841083,0.9645308256149292,0.5842026639182664,0.8214059144487345,-0.2951026663777422,0.9689697623252868,0.5498374863502552,0.8062349384932636,-0.21965070505915876,0.947748601436615,0.5561623499212232,0.8310135304839484,-0.23567902842243924,0.9461079239845276,0.5559617227693345,0.8351078226089808,-0.21782729326055464,0.9479459524154664,0.5834684731460164,0.8243824616650017,-0.3295361672160773,0.9769878387451172,0.5739521704001809,0.8370861259198414,0.004741112983063338,0.9492729306221008,0.6083742701899681,0.8683221067115169,-0.294188117757117,0.9809597134590148,0.5934722825302712,0.8590666723796813,-0.1835369798663053,0.963645040988922,0.7867940237963047,0.9262791318925763,-0.4141834897821516,0.9856441020965576,0.6112187990054075,0.9609252562451616,0.1596245939375025,0.9597374796867372,0.9285594049656357,1.0273433866187465,-0.5284572583947443,0.3039788901805877,0.6301661734356266,1.1801596691759582,0.2655050497870677,0.1107466593384742,0.9221681538636629,1.29532987543524,-0.6047512659470026,0.0535364188253879,0.6266099960578652,1.33510447794137,-0.007783178515870322,0.0298115015029907,0.920443946997486,1.366819518770162,-0.696705734987854,0.0620933249592781,0.6129943987415678,1.4144519564376492,-0.037471747272728576,0.0359650738537311,0.9079988646146943,1.4125652946800895,-0.7061414484993854,0.0964729115366935,0.5881208129400312,1.3718250466745967,-0.08586648657190044,0.0521987490355968,0.9050806487132134,1.3439689403174395,-0.6142629619419762,0.0818198397755622,0.6148796231260577,1.3697368663221376,-0.02847179721940109,0.0504695028066635,0.8232796719954719,1.3529073161003984,-0.16124450787435626,0.0042618638835847,0.6924762060665618,1.3805975451880286,0.1718743574204959,0.0053710965439677,0.841214628661779,1.6881810010086062,-0.153380553399912,0.0023142804857343,0.6918012442332012,1.70428912430047,0.20164508108302154,0.0027874249499291,0.846313752383121,1.9693538655020908,0.2313028814353821,0.0002290215052198,0.7048321332322155,2.0002657700236037,0.5059250693906199,0.0002686732041183,0.8707724717913742,2.0335412260779138,0.22938505266006096,0.000171628431417,0.7474335615954266,2.0040145992101634,0.49248702464968674,0.0005078379181213,0.7735620444955892,2.0569595112751675,-0.09848658158743039,0.0003759650862775,0.6942686765086061,2.0723948502839615,0.1954772753540962,0.0007870382396504
2025-11-11T0797.572864,224,0.5607846645396294,0.8652539524285278,-0.2380134324071168,0.9717538356781006,0.5504312245216737,0.8223889855850707,-0.3191586271396999,0.9626837372779846,0.596304221886128,0.7918468955048454,-0.3134242886775202,0.9676515460014344,0.5380578157366882,0.8281967101903791,-0.30248555577215835,0.9717425107955932,0.5470796754118519,0.8373900442960942,-0.23849535123332033,0.951978087425232,0.5315797032356283,0.8347384310680274,-0.19505365717375475,0.9503055214881896,0.5494911825952242,0.8250862040472372,-0.2170702007548432,0.9520370364189148,0.6306579694810508,0.8079881793201789,-0.38376912070223335,0.9791261553764344,0.5489772418622535,0.8492153643923293,0.0019257949146323236,0.9531858563423156,0.5867929177307525,0.9115851240219652,-0.2777372888754311,0.9826482534408568,0.5763765066068628,0.8622662323899656,-0.1824069704267106,0.9664369225502014,0.7784843548506852,0.8840592039151511,-0.39129090253113297,0.986979842185974,0.5954493720135904,0.9687278788527852,0.14166817448233604,0.9613569378852844,0.9029485368893835,1.0225025818014706,-0.5337506447838692,0.3375610411167145,0.6227231254536875,1.1943705041522596,0.29600688871447617,0.1035023182630539,0.8787736287845681,1.2961652388038991,-0.5700421663130535,0.0583489537239074,0.5910149599012285,1.323037702204127,0.08397050930501765,0.0278711020946502,0.910382956557863,1.3737045867276438,-0.6523599622289433,0.066119872033596,0.6047394144815088,1.3801559578535396,0.07439237971453806,0.0340624488890171,0.8671754755430993,1.3996531982218432,-0.6350333625364133,0.1034295186400413,0.5769920001629743,1.3447559993431368,-0.013502201217906412,0.0502203702926635,0.8817844120782047,1.3944134157898733,-0.607313320777942,0.0866672545671463,0.5933075478279644,1.3417725099738067,0.04815635045805164,0.0486706718802452,0.8199088543681551,1.3490034929951376,-0.19278695021183262,0.0038467831909656,0.6414746931282757,1.3561692348555316,0.19231261486643658,0.0048414166085422,0.793811560725466,1.7242171524799166,-0.20863126895667541,0.0021029356867074,0.6799176584923816,1.702098324283214,0.20314059844657625,0.0025262131821364,0.823855674478113,1.9935055075025883,0.1617167393720467,0.0002072303177556,0.7129517049646891,1.9618189466008171,0.43303746336241433,0.0002424678095849,0.8628424166880182,2.0504058142616177,0.13630573962688292,0.0001551418681629,0.7090760507474463,2.0346105595275046,0.4649440799054316,0.0004606048460118,0.7463574564466801,2.1055099269693955,-0.19429562771416864,0.0003405047755222,0.6756362645856069,2.1015727774722452,0.16036428110579445,0.0007125923293642
