39.727176,frame_idx,,,,,,,,,,,,,,,,,,,,,,,,,,,,,,,,,,,,,,,,,,,,,,,,,,,,,,,,,,,,,,,,,,,,,,,,,,,,,,,,,,,,,,,,,,,,,,,,,,,,,,,,,,,,,,,,,,,,,,,,,,,,,,,,,,,,
2025-11-11T0742.783457,0,0.45104920761853334,0.13537927530556582,-0.6884777661388831,0.9997187256813048,0.46022963873810246,0.09582401088409492,-0.6695999885700072,0.9993882179260254,0.4784987128272535,0.08737450157663337,-0.6701620322836294,0.9993000030517578,0.4836726553699091,0.126813642076373,-0.6695671689092175,0.999377965927124,0.4184427258849302,0.08099598354278288,-0.6796294117751429,0.999520778656006,0.4179002208791019,0.07872427441338986,-0.6996290808714543,0.9994992017745972,0.4105520893494639,0.08523990931862421,-0.6706326673412842,0.999559223651886,0.48227093039071195,0.12970892755099883,-0.41515251435889056,0.9992187023162842,0.3770763668319082,0.08088575859352437,-0.47013107049141295,0.9994958639144896,0.46876362084477685,0.18080273352315446,-0.6369818942085234,0.9998809099197388,0.41520633994831296,0.17013600382743715,-0.6147198061863612,0.9999139308929444,0.49469865281719205,0.387129508294822,-0.32469602872555664,0.9998881816864014,0.25351509410506967,0.3402242695481614,-0.35399241012072385,0.9998340606689452,0.585546565580872,0.7229977211081037,-0.25044253372430736,0.9640586376190186,0.09477724147697977,0.6991091499956356,-0.3404760992479646,0.9472246170043944,0.5997671576900125,1.0322057647849663,-0.3366668477982977,0.3024732172489166,0.06055727455049869,0.9786796212147841,-0.512133748769794,0.2841476202011108,0.597375969455223,1.1251904134830772,-0.3863002973394392,0.1548146307468414,0.03425923952388661,1.103121134949526,-0.6104096217445972,0.1504895389080047,0.538992138881908,1.132646546912108,-0.42821150246497086,0.212970495223999,0.08364006146468095,1.107223876640786,-0.6616354645181393,0.1989845633506775,0.5112407888096772,1.0858019811173272,-0.35356887400756093,0.2434407770633697,0.11057913545548469,1.0814004839392906,-0.5736262711802274,0.2313209027051925,0.4524343253759037,0.9631280485371129,-0.05941078882842209,0.3968375623226166,0.24224405652315667,0.9471031384899173,0.04715680103739091,0.3631883263587951,0.4178833957159621,1.4373873687916892,0.21000173137888034,0.0102710062637925,0.2386299798558746,1.3965024026973223,0.3079828119555362,0.0046524195931851,0.42935757730533747,1.8200998251972658,0.883361653277204,0.0009128763340413,0.2518737607587179,1.796643649392948,0.7967808157549026,0.0004224404110573,0.42385638590836633,1.8706621810811312,0.9029713154330449,0.0011311586713418,0.22729007132095166,1.8945244345855234,0.8540113479669046,0.0013476021122187,0.3701020397613374,1.9636953275292472,0.5447015105588524,0.000646561558824,0.23405372048382517,1.9769923375472815,0.4602094941169079,0.0004404899373184
2025-11-11T0782.176206,1,0.4120377155255202,0.13464591325985129,-0.7664605516458955,0.9997122287750244,0.46471686531744844,0.08683109101482676,-0.7155190530825235,0.9993762373924256,0.46692571747532874,0.07955775488911973,-0.723640691541998,0.9992916584014891,0.4696951767184193,0.08154748510961352,-0.7262957996712113,0.9993632435798644,0.40748285570162357,0.09823132398102194,-0.7164317759672626,0.999508798122406,0.40824572209483845,0.07299104495823727,-0.7556277073883987,0.9994896650314332,0.3857415436425826,0.10102166313960909,-0.711355269806583,0.9995453357696532,0.4837525193312171,0.10798051494652061,-0.425848374632852,0.9991902112960817,0.3480520508652614,0.10202050220585676,-0.4564882448981969,0.9994805455207824,0.41916457497144777,0.19986465831022868,-0.6487760524642863,0.9998754858970642,0.4155456660057885,0.1585060178019532,-0.6700713955959697,0.9999092221260072,0.5576158403012247,0.4186814295446257,-0.34022239561032036,0.9998846054077148,0.23783785741611915,0.33580208181657273,-0.35154534315965014,0.9998342394828796,0.6013190924249394,0.7389529793530413,-0.29996695291961256,0.9571024179458618,0.13445550488830377,0.7294019730743168,-0.2962140130957805,0.94347482919693,0.5807938651758429,1.017354984790585,-0.552293439000202,0.290385752916336,0.04814950826339734,1.0140705940042967,-0.5565749836861036,0.2748130857944488,0.5659938055223899,1.0768290891322063,-0.5979795563263232,0.1495229750871658,0.014606104461586375,1.1178044592660092,-0.5821822880816931,0.146338477730751,0.534115291715643,1.1314136224773812,-0.6276155076751402,0.206289067864418,0.013545464671153164,1.1350237781246881,-0.6742940682560781,0.1944903880357742,0.5423820847994267,1.070326955732823,-0.5429562693295886,0.2349098771810531,0.038304085105350785,1.0620372814276773,-0.5763320972645359,0.2270086258649826,0.44540329840691223,0.9955259493656816,-0.028407007527257697,0.3720227181911468,0.2493286779069092,0.9649264792392422,0.06797065666862956,0.342558205127716,0.45712148192436897,1.434863668925528,0.18260294413976053,0.0097266975790262,0.24433838628821639,1.4822989882586135,0.3035454900389195,0.0043913023546338,0.43311585144213655,1.8971738309058277,0.87831952275596,0.0008675447315908,0.2334270298885402,1.8866084287865252,0.8160766488363049,0.0003980475303251,0.4349302459604867,1.9509289277022765,0.9073930486793973,0.001068216166459,0.221849231713157,1.984296562921813,0.8709594520819771,0.0012853639200329,0.3830821076791667,2.0353879505582286,0.5196743969002336,0.0006128376116976,0.2582695245166526,2.0076624708777913,0.4412139093490963,0.0004205443256068
2025-11-11T0777.289484,2,0.4571733137174406,0.10873174990865517,-0.6999309427945414,0.9997199177742004,0.466522891302226,0.08908517347106379,-0.6448769856814204,0.9993886947631836,0.4723214276739067,0.07074593835724842,-0.6153921778664571,0.999316394329071,0.44886080352151514,0.09632795854097585,-0.6370778531699088,0.9993778467178344,0.4059571971029641,0.06371744725627486,-0.6416529759534148,0.9995138049125672,0.3791992894325079,0.07212680333880449,-0.6376808048301118,0.9995005130767822,0.40020554082007836,0.05713473564128381,-0.6474857275227641,0.9995458126068116,0.4792479319514564,0.12700001892592186,-0.3642968288152953,0.9992090463638306,0.37823877284033686,0.0996990303726262,-0.36313580307098076,0.9994840025901794,0.43896810648540396,0.2009492097954965,-0.5595905322924328,0.9998746514320374,0.3920210984644145,0.14077355341293984,-0.5792259158028472,0.9999075531959534,0.5299031896201054,0.39843919670628547,-0.30251682389536433,0.999886989593506,0.2382449589630655,0.3371238139748096,-0.24337468150528457,0.999836802482605,0.5976836499148825,0.741622259887899,-0.2601605153811154,0.9515798091888428,0.1330998680109154,0.6868495750080257,-0.20378487375652898,0.9343931674957277,0.5496576640174312,0.9930344204386146,-0.45832757502828386,0.2889333069324493,0.05294457916575399,0.9978817020050658,-0.44676282774980214,0.2644024193286896,0.5391154191053616,1.0603053449893702,-0.5152541060274636,0.1506312191486358,-0.010719760068758948,1.0736550112238028,-0.5235617101350721,0.1425011903047561,0.5389965926843423,1.0780574650585204,-0.5700014214965152,0.2085367888212204,0.059345937775131835,1.1312412609652023,-0.6024326980215258,0.1904613822698593,0.5402884374514461,1.0366346572790806,-0.4953541008907017,0.2344992160797119,0.05156160760926532,1.0661379091389747,-0.48686807108118924,0.2225092500448227,0.42495880529901253,0.9945186830102158,-0.05518164863544078,0.341548353433609,0.25370251955645207,0.9814074150331176,0.04795072390888399,0.3152483403682709,0.4205256354482731,1.4702218912403318,0.1708061958110128,0.0089580183848738,0.24420036038466708,1.479114331430768,0.30055883483285845,0.0040247533470392,0.4241995584536852,1.8955653005677735,0.7618840701384069,0.0008087768801487,0.24562090531152617,1.9205510222317708,0.7614009278792138,0.0003694019396789,0.38091129663534945,2.007975841277323,0.8132034925373035,0.0009948725346475,0.21962913183892502,1.968236446785232,0.7662859534606775,0.0011986781610175,0.3985761988197582,2.0703841817303843,0.45247578944602534,0.0005778606282547,0.26096100844356546,2.0272027172345184,0.3451745568952312,0.0003969319513998
2025-11-11T0768.941349,3,0.4395876427437278,0.13021707165963076,-0.6468560996071983,0.9997090697288512,0.42398723561980917,0.07426819313653141,-0.5967880786966008,0.9993573427200316,0.4363131818784732,0.065504994096657,-0.5975335167240496,0.9993049502372742,0.4574223148080788,0.0714660017332179,-0.6040777470878393,0.9993546605110168,0.42491827522780795,0.07392549098373596,-0.5822731322124313,0.9994730949401855,0.37872861909831723,0.08163179894094766,-0.5893665853532127,0.9994701743125916,0.3885730534629556,0.07429346236867435,-0.6062681581866114,0.9994973540306092,0.47448304708948014,0.09757359438180131,-0.35242259204004034,0.9991875886917114,0.35053875570834575,0.09094166398701488,-0.32410747206441604,0.9994232058525084,0.44980298420651327,0.17078218624194194,-0.5423805299123785,0.9998613595962524,0.43013820472143754,0.16642231792110207,-0.5337355504623088,0.9998918771743774,0.5380524628456393,0.3940507542430809,-0.2851652801291136,0.9998851418495178,0.2508801928185109,0.33640226181358096,-0.22007477967217598,0.9998266100883484,0.5998079121427871,0.7247788498872868,-0.28120558778481075,0.945458173751831,0.12813970904540614,0.6829018941393437,-0.16303679453186273,0.9195055961608888,0.5235444815575615,0.9760370618606471,-0.47849510758189234,0.2915532886981964,0.0417721542287293,0.9948621394796625,-0.3732119865759804,0.2530094385147095,0.5315699031842916,1.071908580296337,-0.5347820985364413,0.1553354859352111,-0.03791511067479802,1.0695408753515814,-0.3995780910066177,0.1391958594322204,0.5025788144821342,1.0349496658579234,-0.5766850706715989,0.2155597656965255,0.00635434444139139,1.0871967705519556,-0.5492264151376156,0.1874727308750152,0.4940730419731681,1.0054634555033473,-0.48776062608251874,0.2386417537927627,0.049690889028855684,1.0131837804603465,-0.4427056611346759,0.2187158018350601,0.4340159804132602,0.9872638652757918,-0.08915887079766806,0.3114489018917084,0.2771551884229915,1.0132958320327272,0.0878664349658433,0.2879469394683838,0.44096543438228597,1.492285757305115,0.11132702640610567,0.0082865078002214,0.2608246339423651,1.4880408570434063,0.24403046140993118,0.0037057872395962,0.42371048765285196,1.9203220494169642,0.716801950310877,0.0007617021910846,0.2213375521517598,1.8786885057430236,0.7093068690138568,0.0003460340376477,0.4446482024650516,2.013200816981221,0.7682187797989176,0.0009311983012594,0.23363269469199008,1.9878840692020958,0.7611535369268296,0.0011347481049597,0.36433014395511487,2.030882228150386,0.42137361876711327,0.000551251869183,0.2359156693141053,2.0268289825633508,0.36662086588893095,0.0003788488102145
2025-11-11T0744.916557,4,0.4072847745368711,0.09935129946450563,-0.5921190802570345,0.9996775388717652,0.4423829926352229,0.07941187785633247,-0.6130565545300959,0.9992735981941224,0.4510998200707291,0.08475720170655088,-0.6056751106220333,0.99924898147583,0.475401793009802,0.07379205177852173,-0.5901725883491354,0.9992820620536804,0.40409289089426065,0.05092956319271758,-0.5836367435851104,0.9993847012519836,0.3934012595432715,0.07046258280475944,-0.6037055659234921,0.9993988275527954,0.36911405898161087,0.08351092292764756,-0.5966601866714382,0.9993966221809388,0.49435225123022075,0.08991216475758232,-0.35508698405938277,0.9991098046302797,0.35748800251005347,0.09171026210110739,-0.33558257257115337,0.9993033409118652,0.4342624707757651,0.15795423217929963,-0.5392467498315602,0.9998341798782348,0.39688373917649294,0.15140029139321032,-0.5169746027728751,0.9998638033866882,0.5258750618183321,0.3685892123122392,-0.31470155025558094,0.99988055229187,0.2433742711308284,0.3377415503278058,-0.21167739361070836,0.999809503555298,0.5710684581778618,0.7062487498211388,-0.25735617634057634,0.9405383467674256,0.11508978394132818,0.6711080293893998,-0.12583466538832583,0.9033955931663512,0.5433191503163746,0.9664389781769711,-0.44091969890889054,0.290688544511795,0.032591398513275485,0.9590335061138101,-0.3674643787248273,0.2396403104066848,0.5134907713323995,1.0464877149967693,-0.5472551999839362,0.1565267592668533,-0.04966211926098278,1.0519166347886328,-0.4547159504811054,0.1338310837745666,0.5231432397113912,1.026529656318935,-0.576260222843587,0.2174324691295623,-0.004492550881276764,1.0478459262945394,-0.5384632784344766,0.1811766177415847,0.506253302700861,0.9913018487602206,-0.49108796515659153,0.2383015006780624,0.018824986871043795,1.007777664103209,-0.4162053360501158,0.211667999625206,0.46008875898495644,0.9920031094344743,-0.05187230849728905,0.2857331335544586,0.26415822304596087,0.9621894522922402,0.0582031647698376,0.2648789286613464,0.4389205174568554,1.5015490221420864,0.1098031247473286,0.0077235270291566,0.21615542811597743,1.4787058385709777,0.2657341606365195,0.0034362862352281,0.44015344943180806,1.9332601838044012,0.7198734465389871,0.0007170389289967,0.22738288507599363,1.8966105598922802,0.7105350912689141,0.0003295807400718,0.418452812507733,1.9455945147097895,0.761323803646544,0.0008778657065704,0.21717487412900213,1.9588981415813935,0.7356641234002684,0.0010975726181641,0.3838109847821474,2.047728381525233,0.4150164555789513,0.0005240233149379,0.2421056736933594,2.0375950078557317,0.35413700205425297,0.0003654398606158
2025-11-11T0716.131265,5,0.4019703797158924,0.11879581519359154,-0.7126555232241005,0.9996297359466552,0.44159767084515517,0.06737557596127494,-0.631951569128506,0.9991409182548524,0.4444251959987714,0.06950382707500216,-0.6476911309261176,0.9991692900657654,0.42716564983197525,0.10776594934649361,-0.653578118597963,0.9991734027862548,0.40546583285416554,0.05029042361810951,-0.6762133461182859,0.9991907477378844,0.42284543423710486,0.08435217385859434,-0.652950039614109,0.9992452263832092,0.3596883339432516,0.06032383171962828,-0.6551446210654033,0.9991521835327148,0.470827591917301,0.10385655584557978,-0.37616314372017806,0.9990174770355223,0.34003698184922543,0.08658495440044908,-0.368081308054113,0.9990575313568116,0.41923276366067985,0.15498058367547524,-0.5982387331981176,0.9998119473457336,0.38828258942767957,0.15095264857627735,-0.5872361212206105,0.999825119972229,0.5328851164256769,0.3916576380061556,-0.2601408420521977,0.999884307384491,0.2106387704296692,0.36467325719418414,-0.23683507826646394,0.9997896552085876,0.5844699998614786,0.6550725188444085,-0.23730958190642454,0.9421800971031188,0.1369386918586404,0.6546266915282911,-0.14858071644372245,0.8941919803619385,0.520479806380783,0.8992078025276841,-0.5270684644518139,0.3306806981563568,0.02206744259588854,0.9164460697245316,-0.4033707159406169,0.2357780337333679,0.5540416019393841,0.966759747518867,-0.6042914471610448,0.1885585784912109,-0.01606505933001211,0.9968348303071951,-0.4961188228604164,0.1338302493095398,0.5284688928653984,1.0091053698153036,-0.6312785208484782,0.2522660195827484,0.029088973129654118,1.005410815205082,-0.5562726223337846,0.1817237287759781,0.5256521918428438,0.9825092445622571,-0.5500821183891865,0.2694624364376068,0.041883957104295454,0.9752663797528641,-0.4588343259061623,0.2125848680734634,0.43060159175694684,0.956434099097219,-0.06535871673696846,0.2685311138629913,0.24523509213983144,0.9373462824111544,0.09141634134406987,0.2479308396577835,0.4322589492281435,1.4763983617179566,0.16969127622403024,0.0070914523676037,0.22524159867001883,1.45204011964269,0.2740581099727548,0.0031580361537635,0.40366053531280555,1.897521843006137,0.7639205865943575,0.0006628766423091,0.1701596991781674,1.888940202349431,0.8019059296903291,0.0003075847926083,0.39905763242698455,1.9772654140708021,0.8431898094555779,0.000813543156255,0.22339069609440523,1.9449475277849304,0.8123682297471957,0.0010340560693293,0.38942483867362754,2.0361734021139246,0.4496107834034489,0.0004896296886727,0.1979455139458308,2.0085811244502736,0.38489659057145853,0.0003449836804065
2025-11-11T0751.907800,6,0.409385273665506,0.10807515756215937,-0.6568308787333385,0.9996033310890198,0.4162910825347127,0.07272936086620414,-0.6202317416382573,0.9991026520729064,0.40872144925092574,0.08407047839912289,-0.63680330715512,0.9991495609283448,0.4545795709115363,0.03701275700882821,-0.6577456574867688,0.9991554021835328,0.3859529738673222,0.07327610637313546,-0.646692402266669,0.999117374420166,0.3805208799714503,0.033275691699788154,-0.6654001607715083,0.9991724491119384,0.3424991921777216,0.06045786016457574,-0.6631822536635357,0.9990455508232116,0.45993810950940295,0.11175300535902997,-0.35291887211151035,0.9990033507347108,0.320183580871232,0.09184413689620821,-0.31248901692119485,0.9988672733306884,0.41928668098921373,0.1618778893955736,-0.5768516219651373,0.999805212020874,0.35457358809760386,0.14218503444939087,-0.5842664176138237,0.9997999668121338,0.5298668554604202,0.37962344986608115,-0.30957645349148755,0.9998924732208252,0.2582911903952817,0.32725021616477956,-0.09643656217741853,0.9997673034667968,0.598945392629839,0.6506375756856114,-0.2789424685747023,0.947513997554779,0.16134896301343393,0.6323052034935477,0.0034662624322340666,0.8986460566520691,0.5467059339050225,0.8994909045716338,-0.6356026206210522,0.3947708010673523,0.04338742117662092,0.8999064486972055,-0.30409485581547824,0.2642554044723511,0.5198450345615347,1.0007090274203285,-0.7273010863433549,0.2601185142993927,0.001098824207894136,0.9905775470516537,-0.39065961721474696,0.1579504311084747,0.5029927486618836,0.943562231737003,-0.7462544245773977,0.3191899061203003,0.0024146309316291203,0.9958002671532128,-0.4858690395382396,0.2088820040225982,0.5125376227781013,0.9186395197758135,-0.6235463296955742,0.3334058225154876,0.007731034033871896,0.9683645103426747,-0.3514151289220887,0.2406247109174728,0.43923757545332837,0.9586865623364769,-0.07959143806016457,0.3135124146938324,0.21764500853535834,0.9836069377206941,0.07217278607690306,0.2863761782646179,0.3914665535555532,1.429813987464247,0.06348596300923745,0.0074393502436578,0.18433142148260806,1.387360220839771,0.30602005886475525,0.003226343775168,0.3792517880114576,1.826698802808984,0.6074892132384595,0.00074715615483,0.18517113266634502,1.815038505115969,0.7748079313365062,0.000384155777283,0.37946194757989427,1.9062513742876093,0.6293037043312089,0.0008915031794458,0.19856004107436995,1.8969137927029787,0.8032322355839063,0.001326420227997,0.35644466837334626,1.9537125017512618,0.2654403590771052,0.0005460115498863,0.1595009577146264,1.9250913839049537,0.3611907147046432,0.0004205520672257
2025-11-11T0716.670596,7,0.3683855203001168,0.09378424236601127,-0.667917467005033,0.999546766281128,0.4183639612310063,0.058563335725898606,-0.6368468095208422,0.9990040063858032,0.41897683843288763,0.08642293570335378,-0.6020044117630059,0.9990826845169068,0.43625885858066055,0.08876802415677734,-0.589770986646837,0.9990963935852052,0.3813841496762681,0.0966867490122639,-0.6072127358884852,0.9989638924598694,0.36359444784049605,0.0693563815280778,-0.5953634892816547,0.999017298221588,0.3549956539718304,0.07850497427082291,-0.6001583261192862,0.9988396167755128,0.44130012241321753,0.12314867947283246,-0.32933700709995856,0.9989381432533264,0.34252667841984324,0.07529313133337766,-0.2796410581109924,0.9985522031784058,0.3926626188343881,0.1738105729309007,-0.5413589713810438,0.9997841715812684,0.3425063053469353,0.1549370828615723,-0.5445106137725658,0.9997552037239076,0.5114824043351164,0.3990235689764948,-0.26598173353327687,0.9998981356620787,0.21791860932002563,0.3177447919972915,-0.08920275934380101,0.9997276067733764,0.5941934352669995,0.6406053535255984,-0.2612202169866243,0.9519792795181274,0.12762498476576672,0.6495599799420284,0.03314869235560674,0.8987338542938232,0.5238688695724096,0.8824703258460445,-0.6190352046380522,0.4499948620796203,0.03504391701212459,0.8940676612885551,-0.2305083135817853,0.2722989022731781,0.5341624268717639,0.9670603890234613,-0.7117753918276848,0.3189623951911926,0.022984092473087823,0.9656551676330514,-0.2862280428222877,0.1643895655870437,0.5043516173441529,0.9394054868968208,-0.7495961205172816,0.3746652603149414,0.08323940334306931,0.9809262377176066,-0.44580455824536946,0.2153575867414474,0.48716660953383834,0.8598879514301645,-0.613734429290417,0.385590523481369,0.073664389091085,0.9509652695815265,-0.3070036397830106,0.248017281293869,0.41333202853781364,0.9749189719213917,-0.08652083334488592,0.3522083461284637,0.18740084029516557,0.9396373288892719,0.08169674038042103,0.3217842578887939,0.4053453357077413,1.4064979211187223,0.10097188479623315,0.0076593477278947,0.1997634932172392,1.3746701169834143,0.2737291630078458,0.0034559601917862,0.3860075765439118,1.8230909845137464,0.6297809244764472,0.0008426104323007,0.17473453652058393,1.7922902538350258,0.7110647098361667,0.0005308174877427,0.38841890407981594,1.876631911289107,0.6636301369976052,0.0009929366642609,0.16423609250335497,1.8726279264916021,0.7443017869752687,0.001700383843854,0.35698067674889794,1.953691950282739,0.3060559280701493,0.0006099743186496,0.17540710750188107,1.9134931598414364,0.3295346444133666,0.0005386431002989
2025-11-11T0771.230668,8,0.36862866229053576,0.09690223469121634,-0.41045766353815577,0.999535858631134,0.41936086090658886,0.07687652205501945,-0.34227873366455225,0.9990086555480956,0.40617453943943777,0.07608953156324634,-0.36443047116039456,0.999116837978363,0.4568224256417169,0.07079932155241567,-0.3536787525438346,0.999119758605957,0.38395005826197,0.08208277812106612,-0.3563068129417115,0.9989705681800842,0.39313249502936537,0.0992809268866802,-0.3532733696921385,0.9990367889404296,0.3491476418438937,0.04841193206618856,-0.3590396506499525,0.998835027217865,0.4370936795989743,0.12931383581034175,-0.1309178463964157,0.998981773853302,0.33396941023504717,0.0954447761759978,-0.08606803753652,0.9985067844390868,0.3969512670170627,0.1610882911830935,-0.28863091446068434,0.9997442960739136,0.3571450076074505,0.18489308141093166,-0.33024232776523593,0.999695897102356,0.4937868194312613,0.3436981956583184,-0.06819200626722811,0.9998816847801208,0.212637448479408,0.34027021192355394,-0.03493860493275242,0.999566376209259,0.5838973638143449,0.6322521649459093,-0.12304463718483108,0.9545512199401855,0.12299790435025487,0.6529491458234687,-0.051634997332589125,0.8860353827476501,0.5494328798409099,0.855375317000236,-0.3660447524140129,0.4960851669311523,0.11177775716256691,0.8767681806682496,-0.4320673250568366,0.2829085290431976,0.5239567235626258,0.9772736105653209,-0.4621826327188135,0.3691003024578094,0.0991136834572036,0.9574361162908192,-0.5123283238268145,0.1792938858270645,0.4635718978850338,0.8936771987421901,-0.4997286569438198,0.4219676554203033,0.0955131305359587,0.9142322260597268,-0.579753057690599,0.2301507443189621,0.4615777432700632,0.89547977804687,-0.3714709348728271,0.4299656748771667,0.14156084415878592,0.9023380890250652,-0.4733094544968579,0.2610397338867187,0.403249509123668,0.9711273084313168,-0.04971136257362388,0.4098898768424988,0.23188153040982187,0.9145581525615261,0.037595335584404053,0.3802797198295593,0.4160986423647716,1.3365187765219577,-0.16572295914115936,0.0278257690370082,0.21608557274556517,1.3343027653711004,0.23497329197248684,0.0074563948437571,0.38326199145666207,1.7502830488079202,0.02392271144612019,0.0037811829242855,0.2091025019544134,1.7430993803256984,0.4781838471570656,0.0021364062558859,0.37028709568083396,1.7873024220714522,0.024028164412260047,0.0060105803422629,0.20365275400870522,1.799141942429506,0.5204152701093415,0.0043990607373416,0.35187108566971576,1.8788919205898198,-0.30558446841242526,0.0026707334909588,0.20643112125915297,1.8629386242169095,0.23988397437763173,0.0014465090353041
2025-11-11T0785.174324,9,0.3825168536897323,0.10286743171407312,-0.4679416457392861,0.9995660185813904,0.4104567258297185,0.07423238045435865,-0.4036407560701901,0.9990767240524292,0.4189040339892293,0.06574424348980594,-0.41898477285897423,0.9991847276687622,0.4356732542130352,0.1133849965184514,-0.4249878348262498,0.999182403087616,0.38246669235789715,0.06288566551593748,-0.3892021632028426,0.999040961265564,0.3422723077014856,0.057250132532451606,-0.4048836821557362,0.9991081953048706,0.3613216345701663,0.06241616152816563,-0.4304944945955577,0.9989116191864014,0.4177929702518908,0.1141246162864311,-0.17747351831706465,0.9990555047988892,0.3210155791090135,0.06808202396035606,-0.18026589690557826,0.9985955357551576,0.4244836429281986,0.13338091128182064,-0.356165067743963,0.9997512102127076,0.35608545227703087,0.16662824401883491,-0.36302614591912835,0.999702513217926,0.4968413003125666,0.37627929867544097,-0.11669052895665674,0.9998835921287536,0.2307136119800135,0.3149601650773382,-0.08650765748955694,0.9995275139808656,0.5614185931534812,0.6472930291145462,-0.17030911609752833,0.9571623206138612,0.12866076649077823,0.6497787800021061,-0.22432998748941857,0.8792574405670166,0.5082038986405216,0.8648651861693031,-0.39704986993806207,0.5409963726997375,0.11610967394249022,0.8536226277850154,-0.6636292048968415,0.302929162979126,0.5125130106979594,0.9331902078231998,-0.4710688690130289,0.4196882545948028,0.09613784528601854,0.9258581643433181,-0.7997543649873176,0.200259268283844,0.47208790283447694,0.9211801843429118,-0.5112405511829305,0.4696433842182159,0.13627649740995043,0.8840979562075235,-0.8284837483795621,0.2517965734004974,0.4830496018273187,0.8900377449233405,-0.4331494929831116,0.474903255701065,0.14431253372803043,0.9139531372020931,-0.7196264598123591,0.2802237868309021,0.4023588907443779,0.937367261522736,-0.03779644587460446,0.4510573446750641,0.2309275467959435,0.926768317427378,0.05979195673464803,0.4219657182693481,0.38939634605402307,1.3391980603490259,-0.012739416500910712,0.0282383952289819,0.19902833418975502,1.3428437659496426,0.2372051272728359,0.0075496542267501,0.39271272812640506,1.7759268156544619,0.38313960365618305,0.0039783427491784,0.201119181439973,1.7283029679849462,0.5665416232146762,0.0024297700729221,0.3799338933578229,1.819670175199158,0.39606137373619066,0.0061897612176835,0.16543358313888834,1.7876636304387883,0.5844937002224901,0.0048038158565759,0.3602963695415399,1.891043548958539,0.08043049255647722,0.0030438848771154,0.20059594081190463,1.8075468886671542,0.23961366707883547,0.0016428732778877
2025-11-11T0788.712230,10,0.38715379361275715,0.12516279174716635,-0.5030244427087235,0.9993804097175598,0.41734574102121813,0.07737955692075368,-0.44026831952493084,0.9986389875411988,0.44465138577492735,0.0859784360092847,-0.477433797812952,0.998834192752838,0.4339281483948523,0.09097946740364214,-0.4768793805197877,0.9988421201705932,0.3772651822595262,0.0743192018575246,-0.4543704764685314,0.998698890209198,0.3868778326656357,0.08214397366138615,-0.4502254800022166,0.9988099932670592,0.34654699346134105,0.09474069640837474,-0.4581547424488267,0.9985843300819396,0.4352865294240589,0.10598334609283695,-0.22685316496315538,0.998557984828949,0.33797961640043905,0.11837829806638263,-0.21816675716558387,0.9979470372200012,0.41795183360565913,0.1259286797846896,-0.43381061818140476,0.9995704293251038,0.38178385380876073,0.14919586651894884,-0.4138231818718225,0.9995265007019044,0.5122927457434062,0.359227815178705,-0.16239899091928933,0.9998323321342468,0.23106127702552767,0.3358486785959943,-0.09890745471079497,0.9994612336158752,0.5827197887255271,0.6397425654177754,-0.22326807392641734,0.9563269019126892,0.1445213965637022,0.6397522825239375,-0.19711959707042837,0.8769886493682861,0.5069933587338903,0.8304504220194059,-0.4925317504523019,0.5549784898757935,0.09480241165118267,0.8929027771352891,-0.6058618817308514,0.3048171997070312,0.50881030549067,0.9303416194134814,-0.576094847998186,0.4224156141281128,0.11854201987077968,0.9180162886585772,-0.6659301404684346,0.203746423125267,0.4618803745875752,0.8885296933614041,-0.5750055373476278,0.4717046022415161,0.102598335921492,0.929299975089392,-0.7464234809981425,0.254326194524765,0.474823198261709,0.8691051075399348,-0.49331215997325806,0.4775212407112121,0.12824234525154146,0.9102635027393984,-0.6533969029122068,0.2832686305046081,0.4203766127386108,0.9239238557549896,-0.03024242419338026,0.4442191123962402,0.19750493624531687,0.9660822758850368,0.04181434325623755,0.423734575510025,0.38665119503194323,1.3418202472912306,0.07451673550495677,0.0259068440645933,0.1949313850955341,1.3432492639264155,0.3081421784587258,0.0070470701903104,0.3861204178951794,1.7520957495411391,0.5052398913165946,0.0036434822250157,0.2155184699868254,1.767480893711277,0.8011598175835379,0.0022820050362497,0.41783328183530855,1.810336921797041,0.569038201088085,0.0056493948213756,0.1787871167168852,1.8284282885604357,0.8335565042963216,0.0045675341971218,0.35861112887624863,1.910544492635158,0.21116210093126664,0.0028286394663155,0.2137789368726448,1.8634327201110699,0.4521802082105844,0.0015979744493961
2025-11-11T0786.456315,11,0.362453226593453,0.12406572979658734,-0.4653565289524833,0.9992066025733948,0.40886084241492227,0.0988553390275314,-0.39821060760358684,0.9982694387435912,0.41553753190798104,0.12284869409268084,-0.41455563714639726,0.9984388947486876,0.40872091649390146,0.08406216672285119,-0.432111321797208,0.9985361099243164,0.38609207267670276,0.10274563655893316,-0.42162890043082163,0.998443603515625,0.3755627653453266,0.09140976208085312,-0.40613950845450164,0.9985467791557312,0.33619128694196004,0.07842686310964757,-0.4332028325745206,0.9983897805213928,0.4393991678810156,0.14280300940716437,-0.22181362966173734,0.9979942440986632,0.3423691932309668,0.10205411838626147,-0.19041567544627547,0.9975256323814392,0.429037459293839,0.1980558137854072,-0.3760877091343249,0.9994556307792664,0.35446933454756735,0.15600484848529977,-0.36835925270636966,0.999428927898407,0.48262365112954947,0.35468069594417023,-0.19881805531393834,0.9997990131378174,0.20919473043873205,0.33052930642568956,-0.08703182164377841,0.9994721412658693,0.5449786281023462,0.6363848081240493,-0.26955165325544866,0.956519603729248,0.15726280788866503,0.6672385086191316,-0.21475559782900855,0.8825168609619141,0.5172895440258588,0.8755624818041288,-0.5063202404798917,0.568382740020752,0.11977745620233911,0.8601023179193734,-0.6283796687188818,0.3328709006309509,0.5595761764897843,0.9458996744940019,-0.6069556455053505,0.4286267161369324,0.050678154765851996,0.9509891884121657,-0.7318461565019689,0.2303330898284912,0.4610266364895721,0.9354295580438964,-0.6344994785524483,0.4766629338264465,0.11230377384507469,0.9572523619687294,-0.7649748536114325,0.2802616655826568,0.47286256651249087,0.9094059654360043,-0.5444805173996482,0.4840299189090729,0.1324617385732692,0.9079152829400194,-0.6519627127934329,0.3102328479290008,0.4244124132858136,0.9220009925944896,-0.06475782430076929,0.4573561251163482,0.24073864367687503,0.9341615415148267,0.042344401866425824,0.446784496307373,0.41517811025194046,1.3576937372703528,0.131802404982814,0.0237343180924654,0.23173126610395112,1.3482947789088613,0.31910254773358293,0.0066166538745164,0.36434311426829813,1.7434605409856192,0.5974786901933885,0.00333699490875,0.19527763880910848,1.732552861728728,0.7595951607102226,0.0021203814540058,0.385275227266994,1.8122051501678522,0.6210018953838304,0.0051492359489202,0.20039998589669267,1.7984263692191689,0.7948316224568419,0.0042717126198112,0.3591118272820327,1.9193066018483398,0.2787898706575307,0.0025994086172431,0.2293173641356921,1.8667950049938968,0.4135140883941554,0.001520492718555
2025-11-11T0719.266186,12,0.36292173969436026,0.11698401004775717,-0.5456444394513936,0.999187469482422,0.40050985081105267,0.0746162341788353,-0.5079946184037852,0.9982340931892396,0.4297966891148767,0.1278883127221892,-0.4973395194168901,0.9983879923820496,0.41240220514617115,0.10179471531523922,-0.5249129637533588,0.9984971284866332,0.3783626503067939,0.09304625507527263,-0.49349444941784487,0.9984016418457032,0.38727039566239946,0.11608352902338359,-0.526883789590738,0.9984919428825378,0.36182467143358044,0.09216951485841923,-0.5055830878315513,0.998356282711029,0.44042032576712997,0.130750817329251,-0.2760473222895714,0.9978901147842408,0.32080790655121216,0.1319282799040913,-0.19224939801880897,0.9974293112754822,0.4117279895609201,0.16487162769469846,-0.47910215986098115,0.999440371990204,0.3506974733380476,0.17061295759466608,-0.46590631853471354,0.9994143843650818,0.5090273467747806,0.385682099078929,-0.23338700726093625,0.9997949600219728,0.2095149132522159,0.3433274695449184,-0.11261071110929495,0.999483048915863,0.5469497074132602,0.6851563656638598,-0.3027506792127202,0.9550022482872008,0.13456715770642502,0.6394641948559809,-0.190794110069429,0.8836156129837036,0.505946138616979,0.901711792473312,-0.5959348374376212,0.5684143304824829,0.10436392457769209,0.8949651610637385,-0.6242707670879699,0.3324156999588012,0.5341254978584933,0.9441604309567423,-0.7191615440232336,0.4212792813777923,0.04282685769643466,0.9378423253159083,-0.7342843786399156,0.2301214188337326,0.4602641125558238,0.94013495195424,-0.747741277144507,0.4699556827545166,0.12417370225971719,0.9589842396951752,-0.8100052222530205,0.2799733877182007,0.45459404690098565,0.9083240571770034,-0.6186823181102622,0.4774731695652008,0.11818763026590047,0.8997220275913089,-0.6678223555933113,0.3112905025482178,0.4487778746574914,0.9655793329932298,-0.06495592772784715,0.4493385255336761,0.2395905583589316,0.9459405743022108,0.0667847950560147,0.4426862299442291,0.4217528864028531,1.408354420509753,0.15061453262646143,0.0216639731079339,0.21112807740530004,1.3968200380381057,0.3456687534344895,0.0060929805040359,0.401599068771057,1.7965872965136385,0.7447420977999787,0.0030493095982819,0.20048126510345668,1.7706340848876985,0.9111111468555898,0.0019389591179788,0.3985524183522727,1.843418158465716,0.7898723386004387,0.0046827583573758,0.203119715964061,1.8303818693595169,0.941047565386779,0.003961672540754,0.3672895758524849,1.9401120213858665,0.37917936718105677,0.0023804942611604,0.1972995256349783,1.927254604001446,0.5381605784051399,0.0014178855344653
2025-11-11T0776.241169,13,0.39896887079086213,0.1642935914636576,-0.6364081465879454,0.999210774898529,0.4180606063107052,0.14388634643504636,-0.5949725214613043,0.9982898831367492,0.44007445207735507,0.11581301074412899,-0.6104781950846458,0.9984334707260132,0.4043006312648535,0.13382082039919393,-0.6003280308728699,0.9985307455062866,0.3959301077981373,0.12747747854122427,-0.5747467650089131,0.9984450340270996,0.376752994805847,0.1160854872683736,-0.5732856696899636,0.9985356330871582,0.3792107622535836,0.11301241464769278,-0.5878471544512092,0.998410165309906,0.4568886238370367,0.16943111752204565,-0.3259650926190275,0.9979113936424256,0.35429984417524324,0.1536493573837105,-0.29936300141019095,0.997508466243744,0.4211290327942067,0.20962067300537296,-0.5414985560895026,0.9994542002677916,0.35478365797068473,0.14821865991951322,-0.5628342482327313,0.999435007572174,0.5311751205521027,0.41936891777108287,-0.22809129307643597,0.9997857213020324,0.24351553974585385,0.37794500010348286,-0.14789961745641936,0.9994953274726868,0.5300545656013268,0.7269630044635953,-0.31799778005328627,0.9493130445480348,0.16009893677394615,0.6488673674541973,-0.26309015939410735,0.8800219297409058,0.48101419495414677,0.95530231586403,-0.6492291730461135,0.5422487854957581,0.07770595086914955,0.8838152684690316,-0.7701646448919115,0.3194946050643921,0.5073722450594107,1.0187498610725967,-0.7149792011742832,0.3963979184627533,0.0846977220375706,0.9693896665427948,-0.8417361888328806,0.22035513818264,0.4882642998807364,1.024387278106314,-0.7728136819529355,0.4449906647205353,0.11412875790419828,0.9561062734309876,-0.9496315979663849,0.2689329087734222,0.49362249197314223,0.9569905964137132,-0.6400098167553233,0.4507741928100586,0.1346104705252241,0.9139435324060114,-0.7896699700922835,0.2995169460773468,0.3832765561976993,0.9453546464211953,-0.056654264628134915,0.4404780566692352,0.23247121568400836,0.9674910343149202,0.08096133568624321,0.4377713799476623,0.39693492232112754,1.4355514254113455,0.1595005253520828,0.0203569997102022,0.20080106251227117,1.3942136959126075,0.3796514933990037,0.0057099256664514,0.3948327337491999,1.8528344169267723,0.7490122405644063,0.0029015697073191,0.16472155755068055,1.7827837325511438,0.9415586311898675,0.0018131050746887,0.40741871172991545,1.8515203901197643,0.7972704288780389,0.0043592792935669,0.17351327713220854,1.8335558667123761,0.9971109048053375,0.0038029241841286,0.3283713340034775,1.9665696328436875,0.35728308267010644,0.0022465621586889,0.19812118834276296,1.9414399216507523,0.5433847357431539,0.0013748836936429
2025-11-11T0717.867207,14,0.3987224126490473,0.17101684235220418,-0.7145443100072113,0.9991748332977296,0.43239588264064904,0.13388950274747577,-0.6723579816533148,0.9982428550720216,0.4494214445250909,0.12127637213441161,-0.6911489216154085,0.9983832240104676,0.4892361283447535,0.1593801860369254,-0.6869243418333165,0.9984683394432068,0.3937042281746556,0.12655602620749762,-0.693713727054974,0.998372495174408,0.40371447351027384,0.10743322341884476,-0.685387414032249,0.9984755516052246,0.38193716259285976,0.12049227628841387,-0.6584943615210184,0.9983545541763306,0.4739444177497993,0.18422590066341152,-0.3655692975079101,0.997780740261078,0.3647932071270062,0.16686761594470784,-0.3632453241283205,0.9974551796913148,0.4258753286472054,0.20664459481477404,-0.6127144959373041,0.9994430541992188,0.38893696496526947,0.22596900512968213,-0.6186688167014573,0.999431312084198,0.5468812702974496,0.43286669117021026,-0.29351458346271514,0.999761164188385,0.2059558773093858,0.3599745431551626,-0.19387249270813367,0.9994875192642212,0.5431898779841198,0.7618965841731876,-0.35264183264018606,0.9429562091827391,0.14700471317627115,0.6378693261388071,-0.30400754706772426,0.8797112703323364,0.5057208964440899,0.942049983485988,-0.6908430098185198,0.5185086727142334,0.11069016663869695,0.867892827690094,-0.7435433567744616,0.3097558915615082,0.527632489837303,1.054627333519716,-0.7756388177406147,0.3739515244960785,0.08050839609471688,0.9626862950449182,-0.8594162513299282,0.2122810781002044,0.46288488238136727,1.0090668817010362,-0.8460154470949985,0.4218208491802215,0.09820899720462245,0.972835152390107,-0.9482535713570047,0.2595193684101105,0.4632221365413635,0.9673599570481428,-0.7377983414009449,0.4270462989807129,0.15732127471732693,0.933357745473027,-0.7873100683225039,0.2899838089942932,0.4313591821636287,0.9715259259758934,-0.08123645623672064,0.4374622702598572,0.20178577233060782,0.9678582521883969,0.06152165952808439,0.435847133398056,0.3840142500066708,1.429692714374191,0.2103222396181392,0.0189483109861612,0.18817082425178638,1.3831364583863175,0.3611120753035848,0.0053638922981917,0.36070690548661105,1.8149523356939827,0.8846553142429419,0.0027221899945288,0.17940283870406615,1.80632055199407,1.0050094585766425,0.0016849772073328,0.35935284341805207,1.9033093526953853,0.9027382469999083,0.0040296469815075,0.15469034315721042,1.850093688149252,1.0233155516514374,0.0036088500637561,0.3476541234492341,1.9266866804398068,0.5318470021313277,0.0020931658800691,0.16149561970328288,1.9333589359373433,0.5813924233197332,0.0013158139772713
2025-11-11T0777.617426,15,0.4876603945910803,0.1669909748677059,-0.6780966000290438,0.9987056255340576,0.4842467175209485,0.16608314780014524,-0.6340937844721592,0.9973258972167968,0.48539021399350346,0.18267676247675008,-0.6299388774501025,0.9976454377174376,0.4724053121311663,0.16370920583407036,-0.6213253608851267,0.997553288936615,0.42999345013759704,0.16086709000336397,-0.6253372229937842,0.9974706172943116,0.45999463968557763,0.14044805664309784,-0.6373905208276232,0.9978179931640624,0.4303038985458776,0.15031590187229882,-0.6319653165682886,0.9976232051849364,0.48300010005238614,0.19941652912267713,-0.33101620886528016,0.9964280724525452,0.4191134924372783,0.16076064004436022,-0.3600579647244473,0.9966487884521484,0.4558114533008539,0.2576092061730431,-0.5935688674388405,0.999093532562256,0.4159865703985483,0.21073769256053995,-0.6046034651155021,0.9991990327835084,0.5372659912959831,0.45135210533148873,-0.27169305728653625,0.9996052980422974,0.24796909152538252,0.35527426471365764,-0.23160838200029651,0.9994152188301086,0.5460243066812378,0.7941762865474377,-0.29750614261962866,0.9254378080368042,0.14457932462130033,0.6811158675639725,-0.31106938306056475,0.8730763792991638,0.48919577448705226,0.9551780719147407,-0.6632498561347175,0.4825440943241119,0.1162267190371334,0.9088277728649969,-0.6074881101661654,0.2954550981521606,0.4732000368192101,1.0554844404027715,-0.7423356482415704,0.3469555079936981,0.07563749995748642,0.9360786022065496,-0.7221543600108771,0.2029342800378799,0.45577502074519394,1.053590446942844,-0.8393848854537606,0.3928022086620331,0.13211440085198992,0.9686949820729457,-0.8440985621234425,0.2491622865200042,0.46903269767897526,0.9993955516988328,-0.712097490375935,0.3980004787445068,0.12353208979545044,0.9328727666154811,-0.6602699017852697,0.2791005969047546,0.423630408618813,0.9429987991517726,-0.048518954595299625,0.4285649955272674,0.19569937082437747,0.967907459512011,0.0637852427887448,0.4311060309410095,0.3978995110316909,1.4530794759930448,0.21243420797347604,0.0178143922239542,0.2061328672643045,1.3894296927709144,0.23114126096639648,0.0050577917136251,0.34417295643454815,1.8120924986180176,0.745694955395391,0.0025539160706102,0.18228797745768716,1.7806228954990075,0.6817069896182685,0.0015702249947935,0.3463553626807992,1.898177580072425,0.7763682959178628,0.0037652752362191,0.1405997263847807,1.8367799360262265,0.7134168981351231,0.0034386233892291,0.2809574111133758,1.9787424542953285,0.4019507103142822,0.0019413814879953,0.17046047623011087,1.8954040933474632,0.3045469919288934,0.0012359407264739
2025-11-11T0731.326154,16,0.4546718389888362,0.19896537834149502,-0.6781573367257093,0.9986809492111206,0.5061621503972566,0.21726763830854395,-0.5851202415988801,0.99723881483078,0.4907628596819769,0.2284853220757678,-0.6148759870402151,0.9975618720054626,0.5154934317218953,0.19689078163166168,-0.6225127170945246,0.9974583983421326,0.4808840554088581,0.18709530048097878,-0.6134170884931535,0.9974015355110168,0.47426838849464803,0.19298902900834503,-0.632692557705603,0.9977594017982484,0.47123280551721003,0.1737737903813334,-0.6176938579000854,0.9975789189338684,0.505845831203896,0.24371330723727744,-0.328231076280372,0.996230125427246,0.43305043613239036,0.1936129742162526,-0.3459492894810814,0.996651291847229,0.46772708676151126,0.27778538566874833,-0.5521671170240469,0.9990605711936952,0.46373711977880694,0.27529977237726155,-0.5534940162491662,0.9991841912269592,0.5859354597535087,0.49416001151227135,-0.19265913315448457,0.9995680451393129,0.2951548013099919,0.42430166531833313,-0.20816997719393493,0.9994326829910278,0.5518887019604728,0.8123231600272612,-0.18797570526912646,0.8938012719154358,0.1801521553088131,0.6717675795831075,-0.1680290723619546,0.862973153591156,0.5067105216931583,1.022863496677205,-0.5679718288800588,0.44022136926651,0.16030659418933235,0.9381913164582298,-0.4203848341922238,0.2751201391220093,0.5181383616697604,1.1317603209847669,-0.6732905184872272,0.3169291913509369,0.09738126988685517,1.0335430686727174,-0.48824596300262496,0.1896610558032989,0.4642009758327554,1.1303455100385864,-0.7338787596442373,0.3601348400115967,0.1408508459623498,1.0009939763217146,-0.5345359292193642,0.2341823279857635,0.46770598392468915,1.099419142990971,-0.6123573071237224,0.3647104799747467,0.17089924563733846,0.9612052519236314,-0.41599085660324925,0.2628489136695862,0.4525359082803862,1.002805370527439,-0.06631795317883046,0.3918274343013763,0.2702176062256001,1.0024417738080817,0.07406048904175391,0.3965243399143219,0.38976958020668817,1.4700874749777506,0.09543468346697745,0.016353053972125,0.18924320470709943,1.424248954283747,0.12165811538604207,0.0047081960365176,0.35444878639934346,1.8979043417062753,0.6346168380822321,0.0023451126180589,0.19897508224958382,1.828715832022638,0.5073594035075022,0.0014353907899931,0.36401629134709385,1.9499979716247897,0.6353746116970483,0.0034350336063653,0.1816970532513003,1.9248964711649017,0.5235096538100654,0.0031791490036994,0.3098406222037946,1.9980294197627568,0.22034575330826475,0.0017801366047933,0.1976238369950286,1.9656763147041314,0.060357025352417305,0.0011445719283074
2025-11-11T0749.327952,17,0.4995013048485958,0.28250797585463655,-0.5257317209070731,0.99865460395813,0.5270043067484925,0.2289011133373711,-0.4402326230517805,0.997186243534088,0.5337388363789148,0.2594086719183916,-0.4833298503994736,0.9975007176399232,0.5370465572402656,0.24660699036834943,-0.48411767339737666,0.9973725080490112,0.5005300313059695,0.2476078014409157,-0.4680122605805112,0.9973960518836976,0.48019183402224375,0.25652305908121853,-0.4902321838029828,0.9977608323097228,0.47470239974463657,0.22242733433781936,-0.47006225077057906,0.9976029396057128,0.5704207541511495,0.2870284562237025,-0.2102388449941759,0.9960726499557496,0.4603989726564618,0.25422594412201593,-0.2457807058643249,0.9967504143714904,0.5025331482648949,0.29529024439858165,-0.444788449686296,0.9990034699440002,0.4816092834483066,0.30632112573609843,-0.40765523557564287,0.999172866344452,0.5859984702791509,0.498375487469564,-0.1665186639064235,0.999531090259552,0.32332548522942023,0.4216356190784925,-0.12458673487152865,0.9994639754295348,0.5287636169300182,0.7694366510373196,-0.14285297666004965,0.8635455369949341,0.18905735552437244,0.6924582599272883,-0.0760792379167295,0.8574585318565369,0.5420478916724615,1.029743196855496,-0.40695992111828844,0.4024253785610199,0.18838099489718502,0.9507119736564358,-0.30814252192120756,0.2587928175926208,0.5105840851149899,1.12767338359031,-0.5248737121527383,0.2901645600795746,0.11819879499748777,1.017355216758706,-0.42551985531089664,0.1797867864370346,0.5108563021542443,1.114286605817054,-0.5851031399370461,0.3309690654277801,0.18994928560988994,1.0089932468243767,-0.4927067069816142,0.2234863191843032,0.49315192092487936,1.042139312582116,-0.49526691427738717,0.3351529836654663,0.199329388403165,0.9878283492414491,-0.39194470124517694,0.2512459754943847,0.4400299322091132,1.0245468764618284,-0.05044686267886463,0.3569684624671936,0.26205494274036917,0.9920170380870504,0.03865213264986552,0.3636469841003418,0.4076061948999355,1.5015578508201963,0.020780171696724484,0.01491538900882,0.21604029659572424,1.4772975286169738,0.07336879332913711,0.0043573807924985,0.3658883429024732,1.8862244052762738,0.47766378497970435,0.0021375168580561,0.1762086740827476,1.872741980611826,0.36378634217673705,0.0013078192714601,0.3642755552724847,1.9707571419898922,0.511001054375243,0.003119574394077,0.16865304898089142,1.9331364449326343,0.35594901524132505,0.0029267580248415,0.3100637984437243,2.0152668055371783,0.09853532032934116,0.0016258737305179,0.18723105042919005,1.9952976952145993,-0.059775004820777404,0.0010493479203432
2025-11-11T0791.200401,18,0.5648373305106769,0.3338772591819907,-0.35245283364483887,0.9987328052520752,0.5664692610671798,0.3200713288176552,-0.3136891033366358,0.99735289812088,0.5638785690311785,0.3059152791817098,-0.31755526854716787,0.9976420998573304,0.5667937040673067,0.32295331417609807,-0.31993865330034693,0.9974985122680664,0.5593357563590884,0.29172825796226576,-0.3640486784986825,0.997587502002716,0.5274945169888972,0.28915627493655854,-0.3578815263375108,0.9979286193847656,0.5286420001129718,0.27870692135627617,-0.35072842707345514,0.9977864623069764,0.5923123219142767,0.32794013587447746,-0.06541469702481725,0.9963054656982422,0.5227620228855702,0.26883770306409516,-0.2569450028675714,0.9970427751541138,0.5474031981075304,0.34951952411169634,-0.23961146436784578,0.9990243315696716,0.5210792430365079,0.36548060768686164,-0.2733574939143554,0.9992272853851318,0.5918538697082831,0.5503356534669958,0.04472675183327725,0.9994062185287476,0.35880379198361967,0.42639686240265035,-0.1739475891833249,0.999484658241272,0.5596279614389434,0.8358719222860241,-0.024106010050915103,0.8370417952537537,0.21864036422132532,0.6952483651002904,-0.10676987070891805,0.8512037396430969,0.5562092722643149,0.7269350443233077,-0.39215807931875335,0.4247120916843414,0.1890896196892614,1.0223716657590867,-0.3057654434744039,0.2727594673633575,0.5898919489951941,0.6987809073117444,-0.42368790794058153,0.3139107227325439,0.19069078091587524,1.0978589680399247,-0.3531136155352936,0.200665608048439,0.5325393803735667,0.5783912551958855,-0.4218582593702218,0.3546476364135742,0.22097388237544793,1.089627988225991,-0.3992858688865753,0.2478637099266052,0.5258504138778717,0.6021676012734393,-0.3861356798069459,0.3553852438926697,0.2430246504214468,1.0799666910212227,-0.3219650367014294,0.2720278203487396,0.42454955308571823,1.0571553641828153,0.013102050108976866,0.3228495419025421,0.3020590041247642,1.0815129040469027,-0.03273764029973991,0.3294565975666046,0.4278475219275215,1.5673804948044803,-0.0029877124586524775,0.01371028739959,0.2847850892309888,1.5225280896411761,-0.21145399102106197,0.0043362490832805,0.3903504535610334,1.9627223552360875,0.27225637697596117,0.0019353909883648,0.2600272910087924,1.9300636481741826,-0.05038119475376906,0.0011975003872066,0.3746220312978076,2.0107635837906535,0.35111768847261987,0.0028197970241308,0.2205199175121058,2.000681830769833,-0.04822281143187867,0.0026881687808781,0.41633001606594716,2.1022758318975345,-0.030694185511871475,0.0015396666713058,0.2798989185575046,2.083182043587805,-0.4670876009666155,0.0009976436849683
2025-11-11T0718.396759,19,0.5833423436968637,0.4233417685630822,-0.3081984048403032,0.9988398551940918,0.5975534218335319,0.38906462716305873,-0.2839965772681457,0.9975845217704772,0.5986011747704748,0.3995969521108593,-0.2900920900413961,0.9978432059288024,0.6121381375579271,0.4090919856715937,-0.2734115771682841,0.9977086782455444,0.5892683679409539,0.3781413066824667,-0.3579058870329842,0.9978054165840148,0.5832629256416662,0.37576297710515366,-0.3495308590225572,0.9981135725975036,0.5651744457290986,0.3598787005178513,-0.32469712621917646,0.9979838728904724,0.5682697380802721,0.40660219279262866,-0.07722802718999246,0.99663645029068,0.5178567317456931,0.37530515366326744,-0.2620091757374962,0.9973232746124268,0.6012915207806072,0.4464682548038021,-0.23849076597280766,0.9991034865379332,0.5585453505385396,0.46015778273715574,-0.3105516741884766,0.9992951154708862,0.5634686595979564,0.6218336521877694,0.0409445806543124,0.9994129538536072,0.38573027186821157,0.5078246835553323,-0.24128807177481393,0.999518871307373,0.5866036993263293,0.8800698688769955,0.21293879314417444,0.7838658094406128,0.26398404253687474,0.769041070557325,-0.2821830171134991,0.8391371369361877,0.5813419996500766,0.98828594961081,0.11989480652561577,0.4000519216060638,0.2454331955301911,1.0934344937445373,-0.3717006722040406,0.2796507775783539,0.6137177114283495,0.9943443569971269,0.0940572660888676,0.3015700876712799,0.22876322635706936,1.1974835702795168,-0.4823172213147422,0.220220997929573,0.5965974273516749,1.0062274851615303,0.0502894636502348,0.3440888524055481,0.24998803300868042,1.197290081110586,-0.5324787307027402,0.27131187915802,0.5771646732957678,0.9828461095174594,0.08619911297560406,0.3437687456607818,0.27445387232911234,1.182974800884508,-0.46197736850645027,0.2920979559421539,0.5010389717664433,1.156757673057531,0.05473803959154037,0.2913372218608856,0.3535614180405924,1.111914195504517,-0.055175120219978474,0.2974231243133545,0.45389873312102097,1.5811019537991848,0.032833861551600244,0.0124986767768859,0.32988541527915105,1.5667718465273983,-0.0735806139000974,0.0041781277395784,0.4371926954671243,2.0071288045643008,0.3698019952894977,0.0017555170925334,0.30933775678463266,1.9622331975732796,0.05489777473123236,0.0010924347443506,0.464032556367538,2.0789483152842987,0.39706797256160703,0.002550080185756,0.263798254683171,2.028916166567919,0.07458942500598188,0.0024435680825263,0.5043307258357868,2.133383567227517,0.09794448509548001,0.001469220384024,0.3412111785776977,2.120382777903756,-0.287129785653316,0.000933717645239
2025-11-11T0735.431284,20,0.6244407678297936,0.48126444130095813,-0.24636106245653613,0.9989362359046936,0.6305766086251113,0.4521614084603325,-0.21294820210330961,0.997792899608612,0.6187830862727843,0.4656936498127896,-0.1965237162186424,0.9980241656303406,0.6183449088428897,0.4478352120717541,-0.22074676712698288,0.997901439666748,0.6052071102662843,0.4514855243154628,-0.27031032155627255,0.9980012774467468,0.58590728359452,0.44209893189716504,-0.276564713183125,0.9982786774635316,0.5985993583731873,0.4306158954589831,-0.24746623437359974,0.998161554336548,0.5906971049935239,0.4718971066948868,-0.035584159685927826,0.9969385266304016,0.5327722605631358,0.4486243204890947,-0.2368699225852542,0.9975749254226683,0.610568358766252,0.5105083574150614,-0.13265248860896436,0.9991737604141236,0.6097301449253884,0.48808167051997253,-0.25774610968790496,0.9993558526039124,0.5868319607178086,0.6488020072909859,0.07518126326078815,0.999415934085846,0.401882855616913,0.5613433829963155,-0.26472804595835553,0.9995415210723876,0.6403929619443716,0.9465989921602173,0.22890154294801324,0.7309638261795044,0.30238442509241403,0.9252569220950059,-0.29824442537549184,0.8186562061309814,0.6217399027162687,1.0848953845753841,0.19256702239285764,0.3735410273075104,0.2625218155819173,1.178347800854699,-0.4018444250166599,0.2850545346736908,0.6438568469888956,1.0952185699222585,0.1771134933249324,0.2854668498039245,0.2684831634499361,1.2829842432938487,-0.4711213661214004,0.2377771288156509,0.6581837145423465,1.0673154119859414,0.12191988869150483,0.3282484412193298,0.26542120644554484,1.2553992237605316,-0.47254324655644986,0.2910484373569488,0.6204607695363125,1.0859736771186803,0.1495271061330437,0.3268336653709411,0.25694512281543347,1.2341109002957278,-0.4151638943670287,0.3078739941120147,0.5325550763606092,1.2070154792777161,0.0426271759643571,0.2627632319927215,0.3549178006274425,1.1791720344451548,-0.05121967401144333,0.2683340609073639,0.5122166775385167,1.6460646506379308,0.01638722845664126,0.0114410668611526,0.355207668507565,1.6313597247624956,-0.08140481706020812,0.0042248219251632,0.4979878110576953,2.08687690160432,0.4118904289684455,0.0016018139431253,0.3528041502666328,2.025267305736252,0.09489036119343407,0.00101280992385,0.4891321917121017,2.1221395407959323,0.41627930001932634,0.00231453939341,0.33109815713671314,2.11172818379875,0.1002567471542401,0.002234436571598,0.5257054654677576,2.1812165710484104,0.13087311767295132,0.0015002485597506,0.4085213085297608,2.161037989856065,-0.24297903713323074,0.0009100185707211
2025-11-11T0740.767216,21,0.6601456368429518,0.5130717535287432,-0.25508906053697367,0.9990319609642028,0.6415627148645273,0.48640605655152297,-0.2615616198065194,0.9979944229125975,0.6446180841229726,0.5009696187674662,-0.20603239473840504,0.9982035756111144,0.6265431345898012,0.4952661962074997,-0.208551348980102,0.9980921745300292,0.6285470198058585,0.49617588739530866,-0.2568338419210161,0.9981862902641296,0.6117406368666174,0.4556075344058126,-0.2617473837011341,0.9984367489814758,0.6086443773972403,0.4719699638330964,-0.26196124466708015,0.9983301758766174,0.6208409777407029,0.5175550749495954,-0.037491345243334626,0.9972246289253236,0.5454774139774412,0.4968610675878222,-0.26261117606336604,0.9978064894676208,0.6057642056428129,0.5723589334744896,-0.18255436660975774,0.9992440342903136,0.61180015016834,0.5678593289986583,-0.2295001606139097,0.9994128346443176,0.6220368374518584,0.7310543659024941,0.05675548679553433,0.999435305595398,0.43306066551956557,0.66035644182113,-0.23972229324465105,0.9995633363723756,0.6831616489691876,0.9465555440557121,0.17729704465888654,0.6848758459091187,0.2982364488105942,0.9275604425933268,-0.2593312282770375,0.7902593612670898,0.6999619768642295,1.10629229989769,0.06490581616534613,0.3470280170440674,0.23612156956707384,1.2003331934909423,-0.38360885128550776,0.2756840288639068,0.7153765344559697,1.17116372615518,0.055233561989920764,0.268345445394516,0.2290822006244159,1.2211150886777122,-0.42449964137520363,0.2358227521181106,0.7119461106249978,1.1573874073715118,0.010686688222390668,0.3115750849246979,0.242871655030124,1.2312440654234897,-0.47846917725455057,0.2896717488765716,0.705255225506357,1.1612967798180882,0.0391136528456323,0.3092894554138183,0.27610937393163376,1.2239324283166602,-0.389388186583514,0.3046235740184784,0.5890951025584817,1.2489530410291005,0.08050505168394949,0.2368583679199218,0.41149700312142173,1.2291040679000156,-0.016203077705056083,0.2419131100177765,0.5538626742662823,1.687071753605858,0.02506275755832008,0.0103923948481678,0.41956085235068324,1.6730550003334155,-0.06947037425290192,0.00393044995144,0.5546863757979197,2.1126594420515277,0.39378204879234635,0.001450571231544,0.4099813361509251,2.097582235659004,0.1089038169927749,0.0009191636927425,0.5460176861829744,2.186702710113025,0.360613194748307,0.0020924096461385,0.4238651364393234,2.160903438013823,0.09689997525628215,0.0020201348233968,0.5516041054650437,2.245947156175158,0.06521295235881931,0.0014014377957209,0.44570879939026953,2.2289409243548954,-0.2794905618563215,0.0008382729720324
2025-11-11T0723.891397,22,0.6233145468015762,0.6113237079582006,-0.303735753253483,0.998880922794342,0.6448251490149267,0.6074507163987966,-0.3120444721546046,0.9977136850357056,0.6213691455736818,0.5974528564546001,-0.2884285898609576,0.9978143572807312,0.645132721626398,0.5762168199238908,-0.27360454667295464,0.9977327585220336,0.5887901014663215,0.5767209494562451,-0.3122626992709339,0.998009979724884,0.624239327717801,0.6165214295146888,-0.31529878190078797,0.998245358467102,0.5934361137103507,0.5804737336085519,-0.34870092653113427,0.9982171058654784,0.6493486968234251,0.6138331104370884,-0.10377143945208826,0.9966912269592284,0.5964572611907045,0.6054199097694307,-0.2080796374486772,0.9977302551269532,0.6058206794358604,0.6557484878901445,-0.26489916961902404,0.9990659356117249,0.6101500551643232,0.6730619416049795,-0.2924462447981797,0.9993290901184082,0.6935127581744561,0.8445746836929419,0.01245574028583669,0.9991896152496338,0.43943325999984134,0.7952306727536338,-0.16420288301655545,0.999538004398346,0.7158502013926314,1.0165150100069509,0.08908256503588075,0.6372133493423462,0.29725590020814846,0.9628897557215235,-0.2537742700464892,0.7693316340446472,0.7111630502965529,1.285148645162425,-0.04008872240672999,0.3187601268291473,0.28625226283859617,1.2872378114790848,-0.5036941406502785,0.2784182727336883,0.7037121109017088,1.3424262364216157,-0.01388958425882916,0.2488524466753006,0.259900804046591,1.3202272177528607,-0.5826079715241426,0.2414012402296066,0.7285268488647383,1.410601673057949,-0.09149558059366017,0.2905309796333313,0.3098132060393274,1.3405449701064063,-0.5997936586229169,0.2972379922866821,0.6964446858574995,1.3451181227739295,-0.028610311216497604,0.2876462936401367,0.3013668145871709,1.3306534288248104,-0.5408007843229663,0.3099234700202942,0.6250428688504382,1.3582534472608851,-0.009330958552227906,0.213748350739479,0.45444439718515034,1.3310321660511562,-0.004282449772086814,0.2185916900634765,0.6015423849792556,1.8165093855671088,0.018425135843127355,0.0094732856377959,0.4347238993216639,1.7702686470011262,-0.014313596482865724,0.0036302912048995,0.6113472458792402,2.184371314569987,0.4022454501375743,0.0013195684878155,0.44490935530726405,2.184370706684281,0.2326141485245153,0.0008347104303538,0.6422015070940161,2.2822916041741066,0.4376227512386672,0.0018950006924569,0.4437183293765608,2.253675136458881,0.26192075929400666,0.0018378848908469,0.6408263886012736,2.3448535996983813,0.12550885377499216,0.0012835278175771,0.5043630334919288,2.3163653039819105,-0.156332445606925,0.0007708625635132
2025-11-11T0727.925015,23,0.6493059517014361,0.7008636189235999,-0.3293898203376868,0.9987971186637878,0.6582001435748333,0.6743376858837533,-0.3088773930910017,0.9975692629814148,0.6485631800640203,0.6541503757134018,-0.30041130433372926,0.9976847767829896,0.6528831331109612,0.6334347275237467,-0.3023950437087026,0.997605323791504,0.6252454979468903,0.6672134040491438,-0.31550038325544427,0.9979044795036316,0.6296552394723811,0.6476803778002381,-0.31885219957752203,0.9981421828269958,0.6177459735674926,0.6404413988686715,-0.287040340333927,0.998123049736023,0.652485020240337,0.6670929727867938,-0.10436034620934301,0.9965511560440063,0.5928683163478903,0.6604844441873142,-0.16955922317924113,0.9976837038993835,0.6402983178826867,0.7285174385728984,-0.2719176940213565,0.9989222884178162,0.6040287416260117,0.7126222798334652,-0.28482023955891206,0.999219536781311,0.7346819399519292,0.8961258510094995,-0.036182433021399216,0.9987747073173524,0.5106742150285196,0.8749891026033608,-0.16090091315344732,0.9993869662284852,0.7715946163375669,1.0567916645912763,0.012774668936340682,0.5860854983329773,0.3786150063697894,1.0593192376825415,-0.15575696523303162,0.72882080078125,0.7912025852739163,1.346933185030064,-0.0313722657095197,0.2912394404411316,0.359380991633918,1.317276888458247,-0.3199834154005462,0.2656630575656891,0.8253198860579454,1.39791638623819,-0.10864389880629881,0.2299689650535583,0.3215284300147644,1.3829619668066075,-0.38778872400612663,0.2329800128936767,0.7931720622052869,1.3960915178083884,-0.13905451860349965,0.2704247236251831,0.3455529553139198,1.39547135992616,-0.41866570305794354,0.2889783084392547,0.8000735938849997,1.3839199439024532,-0.09574071490738463,0.2676399946212768,0.3567979742758368,1.3886516225502497,-0.3554558187999068,0.3008182644844055,0.6950372150686235,1.3821333644298583,0.017497564679148942,0.1926314532756805,0.5009704248242557,1.4098697958426973,0.022081070790276776,0.1970638781785965,0.6672689311905515,1.832820342445458,-0.03566811752125737,0.0086098769679665,0.5339374500284187,1.8285602381199975,-0.09058433282176657,0.0033386996947228,0.7119923632789675,2.2465296027910946,0.2967123920141844,0.0011960961855947,0.5528176061774814,2.2323495222075036,0.07783864177391346,0.0007554230396635,0.71382751975342,2.2929855375485713,0.3132770298595598,0.0017145104939118,0.5285660775073594,2.306253436975795,0.06817973941154692,0.0016613512998446,0.6885619500076027,2.3686847845958963,-0.08450813302625179,0.0011764399241656,0.5894028974843578,2.3444749014808366,-0.2979736128651071,0.0007067646947689
2025-11-11T0770.495194,24,0.6933798449266685,0.7721533260994357,-0.5465962017810373,0.9918524622917176,0.6899503383148345,0.7105468335342021,-0.5128173558448734,0.9852181673049928,0.6903206246157443,0.7169062469402909,-0.5248216040396626,0.9844551682472228,0.7141579464663828,0.7010685388486351,-0.5332524688233954,0.9846045970916748,0.665652189436284,0.7268464050558031,-0.5116978459532892,0.9873153567314148,0.6733955327210323,0.7215422061297625,-0.5066919595505787,0.9878963232040404,0.6551640192175736,0.7104029135409201,-0.515822104483661,0.9899125695228576,0.7111690786810778,0.7472331876968332,-0.3182926919829906,0.9771453142166138,0.6452526390204503,0.7242076542965286,-0.27899976250123165,0.9876795411109924,0.6927267680691659,0.756861721901603,-0.45404320629775075,0.9921723008155824,0.6873657576588845,0.799531187726328,-0.4262617196914922,0.9945950508117676,0.7859038609279276,0.9368190377011691,-0.1987690180562997,0.9896671772003174,0.5883478498380506,0.9031767700293621,-0.15188265888990166,0.9972962141036988,0.8150555381199814,1.161422613695989,-0.23192955317993239,0.5367105603218079,0.462928253587662,1.1043185202451684,-0.1571390446136853,0.6803073287010193,0.8221450992937803,1.316876697806912,-0.4604763362882129,0.2676668465137481,0.45586798030464476,1.2971345428717238,-0.31748373571864236,0.2482781708240509,0.8369262745019262,1.3412800366540802,-0.502061453424765,0.2160727679729461,0.4349703838138418,1.3682465203944827,-0.41332514689662553,0.2207850217819214,0.8228999576675574,1.348508816638797,-0.5629242217442425,0.2561594247817993,0.45725967767488757,1.4019626608890365,-0.4783575092118303,0.2769156992435455,0.7799775557959492,1.3415568079816023,-0.45275316877961486,0.2528713941574096,0.47342423741031653,1.3534419213766957,-0.3648210509365738,0.287885308265686,0.738488796964578,1.4002449737816796,-0.04143469163018073,0.1734256595373153,0.568370085215758,1.3843270754233912,0.03502339240686604,0.1774370074272155,0.7388031881240548,1.832093946076553,-0.16121560536741078,0.0078657977283,0.5773233341829255,1.7908371269506183,-0.1477275805313828,0.0030786225106567,0.7145735443650753,2.2572574606989444,0.11692234990922529,0.0010864279465749,0.5467283002013564,2.1744435239023505,0.008463970420628842,0.0006828511832281,0.7348336275134405,2.2896277186988696,0.132422624714161,0.0015506542986258,0.5757495872767339,2.2642261973789917,-0.023567579291547458,0.0015043289167806,0.7137486931699893,2.323722956256531,-0.2566958941707334,0.0010698135010898,0.5911877882946095,2.332013025397605,-0.4296764844499645,0.0006483389879576
2025-11-11T0763.832579,25,0.7560298671360726,0.8462268238495855,-0.6817862964354814,0.991696000099182,0.7458500202022234,0.8255677637825604,-0.6370147204500219,0.985356330871582,0.7551204149545897,0.8058988753008443,-0.6495634284423998,0.9844667315483092,0.742239831815194,0.8262131649165001,-0.6451155039599361,0.984615683555603,0.7341330274371788,0.7890654157354372,-0.67865418744267,0.9873650074005128,0.7334690151556857,0.770520091711951,-0.6631655156208247,0.987898588180542,0.711772350769218,0.7769028092134793,-0.6587537675106385,0.9898940324783324,0.8047320109285974,0.7821797818644297,-0.39926418251777923,0.9775394201278688,0.6973667457356594,0.7788763817182016,-0.4708660386832195,0.9882665276527404,0.7493399639390919,0.8482676011303474,-0.5733275941338215,0.9921558499336244,0.6993562467590757,0.8332180455477127,-0.594736723381741,0.9946301579475404,0.8143302544596651,0.9644863814760052,-0.1640919496311107,0.9898346066474916,0.5941691245987484,0.9182920890258558,-0.32185389464844927,0.9973106980323792,0.8564741740959219,1.151247884453489,-0.15781887062864744,0.5164908766746521,0.5148406830264056,1.0731582256038026,-0.3458034964047582,0.6779299974441528,0.8174934004013572,1.1102606875074905,-0.4174328290256877,0.2812578976154327,0.48982072689203776,1.2904596058863869,-0.601732811553591,0.2457359433174133,0.789909549599928,1.0984654999313304,-0.4400135909977859,0.2287496030330658,0.5133193521831643,1.3771924201648398,-0.6715662396793632,0.2198874503374099,0.8316850344784862,1.0647053519010743,-0.4663023604340354,0.2689424753189087,0.5202736777096523,1.3842569086427445,-0.7110368568871348,0.2765184342861175,0.8014461363964736,1.0786435240848469,-0.4151222376540054,0.2637937664985657,0.5532621299073771,1.345170789002604,-0.6313186433089781,0.2864201962947845,0.7599002134809711,1.41076791650406,-0.015050078289468433,0.1564144343137741,0.6071559237090474,1.3629719349977842,0.02540438532214412,0.1600276380777359,0.7301193626918415,1.7861388165409577,-0.06941152990254928,0.0071628470905125,0.5684639844372509,1.7436256897456102,-0.13605069975518877,0.0028314106166362,0.7210244290538955,2.194072941740071,0.21894690150388627,0.0009834808297455,0.5756876111523996,2.1788012501746943,0.007938688618253725,0.000616232457105,0.7197910944645034,2.258997422228382,0.237497640177702,0.0014020268572494,0.5971714137426871,2.236553881952203,0.06010539690834215,0.0013616463402286,0.715047822720419,2.3102389467623303,-0.18996674502901104,0.0009738496737554,0.6285773550071263,2.268444199561821,-0.28231677702749486,0.0005919606192037
2025-11-11T0767.759301,26,0.759329860413643,0.8585764807126919,-0.7032842820281847,0.9909910559654236,0.8257228914405619,0.8610520932102425,-0.6683246436903666,0.9841219782829284,0.7990727100956388,0.8173473446195267,-0.6675269887153189,0.9832242131233216,0.8301595172957268,0.8232848650193183,-0.6611565068799369,0.9832001328468324,0.7699995292383273,0.8365908917742082,-0.6726642120884584,0.98646742105484,0.7828430485907832,0.8386259199038911,-0.6986471564129629,0.9871471524238586,0.7512094419623915,0.8058686081050291,-0.6777591693145768,0.9889293313026428,0.8176462880422464,0.8343608399567066,-0.3935506431162918,0.9767704606056212,0.7287030765347969,0.8248949010479628,-0.5318626255494744,0.9880375862121582,0.7602301768627109,0.880616276941442,-0.5696868067069668,0.9919216632843018,0.7408984104678017,0.8822297425574857,-0.6372282387088107,0.9943927526474,0.8085730033735872,0.9719947118074268,-0.18511837471873435,0.9901024103164672,0.6123375481222466,0.9026115318302946,-0.42046609821919007,0.9972736239433287,0.8400624987664548,1.143332052010204,0.02666039491940148,0.4902725517749786,0.549768986861832,1.0416881455351978,-0.4027929546375657,0.6761635541915894,0.8033081279589963,1.2771820570233985,-0.1130205779916634,0.2557070553302765,0.5307287963671473,1.320989720763018,-0.589290696446011,0.2344048470258712,0.8495679968525666,1.353686623928473,-0.09930732584627981,0.2088296711444854,0.5153708912190273,1.376095300809495,-0.6466328123223557,0.2109720259904861,0.8404034591386003,1.3712300359793559,-0.20398194537242798,0.2464199364185333,0.5134006048190621,1.374347962663417,-0.726744939325516,0.2661506831645965,0.8324221369621685,1.3607494330391348,-0.10514600946931395,0.241861030459404,0.5540662062316881,1.3838973765351978,-0.6290192469178115,0.2741725444793701,0.768630892395181,1.3589068790778192,0.004198546472982055,0.140953779220581,0.6332619223417247,1.3564809644482756,0.014171794947796447,0.1441882848739624,0.722780164877262,1.7545157705028136,0.00022397757894252607,0.0065924311056733,0.5981761675166078,1.7165253954251471,-0.09548818400655264,0.0026742666959762,0.7081071359759157,2.128233953984197,0.310972639714168,0.0009055193513631,0.5714805360192668,2.1054786465295097,0.09596009147354984,0.0005672966362908,0.724225037220845,2.171907886600564,0.3048884306711186,0.0012777966912835,0.5898199181818975,2.174693520205257,0.1437019387404175,0.0012609490659087,0.6834538705570875,2.2287930430385767,-0.04248788779790544,0.0009029670036397,0.5915796635580343,2.2301637484606798,-0.2303474532512198,0.0005572607624344
2025-11-11T0789.210609,27,0.8008358520229215,0.8247334531177499,-0.5301865292937661,0.9878677129745485,0.8376285052975878,0.8261463845450965,-0.49542365901730057,0.9795898795127868,0.8347384231950342,0.8056762268596275,-0.47412325657472304,0.9780508279800416,0.8253298607139716,0.8239638296300958,-0.4922504807198919,0.978399097919464,0.8001882360646779,0.8183987428386139,-0.5702962731717697,0.9833111763000488,0.829597581294183,0.8355616014681239,-0.5656424475261638,0.9838169813156128,0.8032164138363106,0.8137013702124442,-0.5802079955742844,0.9856207966804504,0.8085783077311139,0.8593239733920317,-0.27595371836471155,0.971494734287262,0.7601567203675572,0.8450239017565929,-0.43537834130854786,0.9851753115653992,0.7697160684098353,0.8613466423193057,-0.4570024894427151,0.9904974699020386,0.7766111301643117,0.8752512543206555,-0.5355263981641638,0.9934120178222656,0.8254228864221888,0.9699578981468195,-0.08990941898258303,0.9898568987846376,0.6042018106876443,0.8969330260991756,-0.42819629856753744,0.9970086216926576,0.8426801088365407,1.169732375583156,0.071328100017051,0.4640673696994781,0.5682906699434062,1.1107562131043973,-0.400824044601907,0.6539540886878967,0.8986339418185451,1.3156536683393592,-0.03505887807998083,0.2364299595355987,0.5253757052676742,1.2855473180164043,-0.5416235901773936,0.2240042984485626,0.9000551817094553,1.3718024615475823,-0.04026164811054759,0.1940679252147674,0.5112456673120975,1.3554169223809653,-0.6552287549638582,0.2039046287536621,0.8875881773890503,1.3818569588636327,-0.09913279347852182,0.2302653938531875,0.5230722360056907,1.3510977909611848,-0.7298619686566319,0.2580682039260864,0.9228538418090255,1.3359716794098482,-0.027221295224485298,0.2263424098491668,0.5553680075290105,1.3548454211163388,-0.5983603224255825,0.2635884881019592,0.7595245115386015,1.342960108182806,0.008861791476962318,0.1270283311605453,0.5822800681663348,1.3536866953010385,-0.010436161223480995,0.1299071907997131,0.6938048208775213,1.7840414131348705,0.0038679220072397004,0.0060646925121545,0.5979852117739756,1.732048032475285,-0.054040048106258516,0.0025585929397493,0.7025583881476677,2.06876584541913,0.33170846997803266,0.0008230686653405,0.5618781546269265,2.0509303770613627,0.1514875669355956,0.0005196728161536,0.7188353558920184,2.114847113186467,0.341323762237638,0.0011548436013981,0.5934562543328834,2.0892585564874095,0.14347389424531287,0.0011553248623386,0.7055455139396162,2.1621750720383957,0.04017112253308845,0.0008360614301636,0.589640951932343,2.12639468399584,-0.24268895599147625,0.000525823503267
2025-11-11T0779.247563,28,0.7967038839287269,0.901348608499175,-0.5505172627740801,0.9845768809318542,0.829651484222291,0.8706013398857576,-0.5456466357515841,0.9745520949363708,0.8558748202786776,0.8621264275606797,-0.5616967715143006,0.9724246263504028,0.8412845290433596,0.8743326375816336,-0.5499001013232966,0.9731635451316832,0.8160517478710134,0.8399140951211652,-0.5925126241395586,0.9795727133750916,0.809359581417392,0.8594159511945447,-0.6056176444188288,0.9799789786338806,0.7907071779198275,0.849398435719165,-0.5619263132958894,0.9817593097686768,0.8376888063598964,0.8522405920305396,-0.3281770005269845,0.9661211371421814,0.7488307762015701,0.8427649957189067,-0.5732389333087584,0.9820828437805176,0.793746925575473,0.9202643509119026,-0.4961476680431036,0.9892995357513428,0.7487055383616563,0.8950703093290301,-0.5473349864701184,0.9925734400749208,0.8240810435652848,0.9516286826670397,-0.14694461238450707,0.9899412393569946,0.5917371639631446,0.9492360193974724,-0.4626069551068752,0.9967421889305116,0.8629413389387717,1.1496693638027269,0.040686606627768185,0.4342114329338074,0.5423762538592515,1.1160733933602442,-0.4555208115010628,0.6343162059783936,0.8699203243129042,1.3092079671434742,0.024162521171046926,0.2153381109237671,0.5368895575605098,1.30547491840232,-0.5559952730679971,0.2092920243740081,0.8797393930938908,1.3891245841643896,0.00981250179800402,0.1770858764648437,0.5388537131060858,1.3608343335802626,-0.6364800354542398,0.1912118047475814,0.874471621932264,1.372950783000263,-0.0872797421175715,0.2107205390930175,0.5240476781675184,1.3463982449057303,-0.6991385962764161,0.2428051531314849,0.8425279122919004,1.3682334687884699,-0.025501742315537645,0.2072530686855316,0.5709338577229384,1.3253751017599946,-0.6161160572650723,0.2466338574886322,0.7319172278357523,1.365369606939095,0.03711108563314959,0.1144763082265853,0.5892806422640386,1.3531671423609566,-0.02262160219702194,0.1170159205794334,0.7457214275388938,1.7547538389291488,0.0805084988864783,0.005679543595761,0.5981985967585356,1.7140265733829159,-0.02789242640220766,0.0024928832426667,0.6865035806645324,2.0517495212706294,0.4649866505966939,0.0007520743529312,0.5717484203488139,2.027355689568161,0.2334941333660812,0.0004759643925353,0.685444928949537,2.0499343636354443,0.48844256495740557,0.0010457267053425,0.5823541175787975,2.054302578636612,0.26776084473609246,0.0010600301902741,0.6780480019622384,2.1242791236862537,0.18261761114686742,0.0007796389982104,0.595840251860135,2.1417306589657326,-0.10223686529850327,0.0004933175514452
2025-11-11T0782.857606,29,0.8044371403391715,0.8654970376859251,-0.6015078142646788,0.9812852144241332,0.7929465938378923,0.8779178692547939,-0.5847684321915851,0.9695905447006226,0.8239442258215081,0.8379873162544134,-0.5622865164041301,0.9668163657188416,0.8241082142880287,0.8402172358748906,-0.5971374069768534,0.9679378867149352,0.8123175047543009,0.8458416913512837,-0.6371833403029337,0.9754486083984376,0.8270188577982424,0.8675356006774164,-0.6380960374472319,0.9756893515586852,0.8157087043200242,0.8567218162497153,-0.6094804831040563,0.9775146842002868,0.8198191370326688,0.8890775683764003,-0.3690650452686178,0.9606181979179382,0.7517973026903887,0.8090672375123963,-0.5716999832862546,0.9782021045684814,0.8218036695311063,0.8894297399020055,-0.5135837676394188,0.9882636070251464,0.7763200666499717,0.8891758794876691,-0.5893323025656273,0.991758406162262,0.8042275391859965,0.9678747607654572,-0.154430421186323,0.9899709224700928,0.6021392098582015,0.9312790578994119,-0.44653647569115346,0.996237814426422,0.8878127904293207,1.1565522626393039,0.04638681518294933,0.4095684587955475,0.5530503321047261,1.0810637657738251,-0.3975288522914345,0.6150274276733398,0.8787830556447682,1.3028660211874916,-0.01578552380678122,0.1965519338846206,0.5556364763758497,1.2870247166929523,-0.5599011785987636,0.1943075805902481,0.8610529620794907,1.3706558162473004,-0.05911821804100376,0.1618053466081619,0.48244139614833126,1.3330863807830897,-0.6194755317521417,0.1778281331062317,0.8593862319748935,1.4004102898349093,-0.09166916097358986,0.1930469125509262,0.572708850822083,1.3388888856870547,-0.6876131336217235,0.2264124751091003,0.8811906207402598,1.3470398128979804,-0.04923690471986978,0.189857617020607,0.5437507879342163,1.3336795711804332,-0.5774331344385787,0.2290020883083343,0.7230210888949327,1.3698168184242274,0.026747394498748796,0.1032062172889709,0.6208721618571299,1.382063187687778,-0.04960060069002564,0.1054235994815826,0.7098377968741595,1.7333597452013398,0.08638387230121714,0.0053777862340211,0.5845852506014851,1.7153855001693195,0.007510758855166116,0.0024553893599659,0.7036832796558985,2.034695502445509,0.49072637357535365,0.0006895958795212,0.5599222594276055,1.9873646937918332,0.3301513956615955,0.0004380478640086,0.6989849274114078,2.071986285371156,0.5281639360683196,0.0009474701364524,0.5782886913192595,2.062165663883245,0.34862378843364217,0.0009795882506296,0.692433422125546,2.1732521170229013,0.18861671138656205,0.0007261693826876,0.580515291496206,2.076925445480122,-0.05644028056445604,0.0004674352530855
2025-11-11T0738.810557,30,0.7991204657681144,0.891310146416577,-0.6446018008893097,0.9804347157478333,0.8287331700357112,0.8481322996999607,-0.6164383398681104,0.968397855758667,0.8194844110586086,0.8927194944159164,-0.6133483552626136,0.9648813009262084,0.8403081103411053,0.8809054697276013,-0.6120016726827091,0.966592252254486,0.7994055708495696,0.8764997300819907,-0.6435531634964564,0.974453866481781,0.8171110878112295,0.8761082276425083,-0.6517945362617551,0.9743069410324096,0.8005235791944751,0.8576702418950818,-0.6767845454212396,0.9763734936714172,0.8092812588107965,0.8651031620529779,-0.4045059397173622,0.959288477897644,0.7846334047217963,0.8205390328723133,-0.6125189908999232,0.9772661924362184,0.7886128374658505,0.898465262055038,-0.5554709534275163,0.9880885481834412,0.7794261388667134,0.8899761323153084,-0.5952337441445434,0.9915940165519714,0.8337925668285284,0.9755088029422055,-0.19826839425932474,0.9899932146072388,0.6301889634513154,0.9211151365377268,-0.49289842473930046,0.9959227442741394,0.8600070237537333,1.1361871724661807,0.041276133166378466,0.3826099038124084,0.5326914343841195,1.0773028257490511,-0.45359395083751425,0.595283031463623,0.8638060710082807,1.3118146935418964,0.017225342928586407,0.179339200258255,0.5646382305692,1.2853524232378144,-0.6117287132825286,0.1821341067552566,0.8909333599750374,1.363982344261021,0.030054945922535173,0.1481314897537231,0.5515748019762887,1.3411343427745372,-0.6796683495634299,0.1671640127897262,0.8560205252617487,1.367790310309808,-0.06142040174835098,0.177362248301506,0.532398166819714,1.3417159250846866,-0.7240147277215996,0.2138381898403167,0.8650968357332846,1.3669334554850203,-0.020068704164217164,0.1744214296340942,0.5478889355242109,1.3161517262542464,-0.6303961226370716,0.2150607109069824,0.7397880367756631,1.3619424351938456,0.0015654399518297852,0.0930188223719596,0.5888617065627858,1.3346842913020682,-0.029921462589558977,0.0949616879224777,0.7404417184061403,1.7432071854490976,0.06722812589103769,0.0050556855276227,0.6041616012398885,1.7044924487064759,-0.0386028374070736,0.0023604303132742,0.7008159879280403,2.014624374112213,0.46953759965220954,0.0006290701567195,0.5873845702097862,1.9892898889787929,0.30067041747864914,0.0003989412507507,0.6811910113704116,2.076310233633208,0.4759100172158406,0.0008575025713071,0.5570440511556926,2.043397363684282,0.30193518132553054,0.0008940293337218,0.6734191364119386,2.1114616978923375,0.16103822606871432,0.00067003024742,0.5535159710551641,2.1000205757437787,-0.07636487358055727,0.0004364798951428
2025-11-11T0713.479346,31,0.8240035942306986,0.8854296674946629,-0.604873566054516,0.9806364178657532,0.8151578902130917,0.8737333277030785,-0.5958330954023121,0.9686660766601562,0.8187254678747933,0.8939209610526178,-0.6168531526306692,0.9651809334754944,0.8302125533942786,0.8797791798682725,-0.6213030825811877,0.9667471051216124,0.8108582795989707,0.8878650406431167,-0.6625660573696963,0.9746734499931335,0.8216668731293635,0.8798031549913538,-0.6442535426993646,0.9745213985443116,0.7872962871881838,0.8807854379178028,-0.6355475030648761,0.9764253497123718,0.8209592598359157,0.8780390119313803,-0.3756477334052928,0.9600796699523926,0.7800684409060274,0.8257689417423179,-0.5710394486435307,0.9776211380958556,0.7688941841865586,0.9242521014376602,-0.5421261061360207,0.9883760213851928,0.78668343358005,0.9343495884669758,-0.596305869841953,0.9917941689491272,0.8101187208883233,0.9844075485227777,-0.18371092292195013,0.9903713464736938,0.6212999412056934,0.9241938822872187,-0.4526643471745418,0.9959202408790588,0.8654044306681874,1.128412306202169,0.06415003123915736,0.3578203618526459,0.5443825924688646,1.04407258388897,-0.4135016457431459,0.5825361013412476,0.8248786470647832,1.342366390785745,0.02640351442390555,0.1635812371969223,0.5507854365041437,1.2782998925007663,-0.5823621136330602,0.1704398840665817,0.8681365307959001,1.385841488052406,0.02080762099347469,0.1354577988386154,0.500001433837664,1.3554282100362542,-0.6595176823799782,0.156620368361473,0.8363642062005451,1.3812036878004885,-0.044882070977778285,0.1627266407012939,0.5509867799434556,1.3405841728994752,-0.6960482643482311,0.2011985778808593,0.8444229675392503,1.368559156814373,0.004339651335686203,0.1600059568881988,0.5519376589074807,1.3034101153253301,-0.6084425916304919,0.2012827843427658,0.7079731466817192,1.3834105330164412,0.01491088830813927,0.0838391482830047,0.6174678544424594,1.3686933437467965,-0.011250064608451184,0.0855438932776451,0.7277466454685613,1.7452408299911015,0.0754574889735348,0.0047544068656861,0.5544255163374586,1.688213028131144,-0.004339349927094206,0.0022730170749127,0.6679231009427038,1.972842311879557,0.4497784273563039,0.000574697041884,0.5839651882243622,1.9947570460312234,0.24476061478449485,0.0003639860078692,0.7153211537400312,2.0568801716845715,0.4867522792281173,0.0007772195967845,0.565897601906593,2.0143730861692495,0.3212422516366599,0.0008190436055883,0.6529271857844077,2.087430588654701,0.15876557995157034,0.0006215098546817,0.6062338129816133,2.08267562146722,-0.08755705277626068,0.000408618041547
2025-11-11T0758.271986,32,0.7715466842930612,0.8977642682829802,-0.6758326095421487,0.980751931667328,0.8265034132924342,0.8727078115993915,-0.6304875259208547,0.9690030217170716,0.8028054001035692,0.8913169056051939,-0.6410163013138019,0.965646266937256,0.8170381712469992,0.880567629993551,-0.6296333350085728,0.9670246243476868,0.8058672613036855,0.8956250989531938,-0.6903569948097024,0.9749441146850586,0.8313080456501534,0.844282838808326,-0.6573776329616144,0.9748408198356628,0.829350460598102,0.8774015653589191,-0.6957416316773403,0.9765775203704834,0.8315113293235634,0.8682314213578781,-0.39533079557177403,0.9612236618995668,0.7582096012360298,0.848561172930964,-0.6046799461778819,0.9781425595283508,0.791620016352904,0.9184948237043572,-0.5575981033991956,0.9886614680290222,0.7926802096960225,0.9050358578419874,-0.6119844340479478,0.9919782280921936,0.8117344143603431,0.9901971066481923,-0.19726686309252534,0.9906745553016664,0.6295061215392895,0.9096995168215433,-0.4449465560663929,0.9958964586257936,0.8487907005978075,1.1663262713094051,0.05138962728003165,0.3352664709091186,0.5479552336390101,1.071808033131979,-0.4041071289911658,0.5702004432678223,0.8732261655731272,1.320127721222171,0.0026644516859520295,0.1489468067884445,0.5517865605521977,1.275207473450671,-0.5907393921133731,0.1590142697095871,0.8557008325525496,1.3815375210631593,-0.009158018459322126,0.1236552968621254,0.5195383099815643,1.3500726253165733,-0.6578300700368046,0.1462485939264297,0.8678351201593419,1.3679684620911745,-0.07017429424455346,0.1490115076303482,0.5267631470144162,1.3280043201530283,-0.7046030321773246,0.1887279897928238,0.8483208527301662,1.3514225992104691,-0.035998217242155094,0.146456778049469,0.5563506774842195,1.3524216016839385,-0.6108934485350115,0.1878969669342041,0.6973504053350786,1.3502667063024847,0.02684344151260576,0.0755907595157623,0.6047542466984562,1.3390365435389213,-0.01582998335724831,0.0770795568823814,0.7218370880739096,1.676307429980373,0.05229290522728972,0.004593544639647,0.5862069487896482,1.6727922127755277,-0.07210692784441153,0.0022347376216202,0.6825591102755207,2.006780111556136,0.41063653380641746,0.0005304950173012,0.5735178221172582,1.9643495360262753,0.1696486898487945,0.0003337891830597,0.727606270353395,2.037411208641004,0.4451169221656574,0.0007085768738761,0.5527837889193907,2.005661872508707,0.18063146954911968,0.0007564668776467,0.6846426659421796,2.1276829574806686,0.0943667627157132,0.000583064276725,0.5803890525901598,2.0546505938619544,-0.1607064935503439,0.0003864071331918
2025-11-11T0780.620532,33,0.8037994757832287,0.9016803871078946,-0.7814537199383719,0.9815925359725952,0.8040794508994403,0.875628113579241,-0.7551939416941594,0.9703632593154908,0.8006280531381841,0.8839607246349186,-0.7584106121364891,0.9674882888793944,0.8072529777157991,0.8932863062154341,-0.7660350656307578,0.9684906601905824,0.8068260477294035,0.8555911808932016,-0.7963654583342682,0.9760260581970216,0.7840324468824218,0.8533066215695019,-0.8020329311137885,0.976137101650238,0.772428507811249,0.8599159833021873,-0.7808444260053189,0.9775922894477844,0.8098031191723859,0.8859165620583971,-0.5075358478143915,0.9636314511299132,0.7646591345847313,0.8434348529830256,-0.6667402409186423,0.9794965386390686,0.7957369799253664,0.9262112383512643,-0.6592707572632673,0.989175021648407,0.7481708927521229,0.9103116387411075,-0.7411060859605999,0.992344617843628,0.7999916810047011,0.9904845903194849,-0.25228043033444064,0.9910607933998108,0.6299644711823417,0.9325008448257552,-0.52152474811271,0.9959828853607178,0.8451767818535727,1.1676441753688918,-0.0045787123695571015,0.3151367902755737,0.5387930707279124,1.0832412050432911,-0.4525801434922892,0.5535052418708801,0.8454552456711208,1.306504699003089,-0.057898684358825725,0.1350294947624206,0.5467779954879213,1.2641819889123882,-0.637019241868707,0.1459146440029144,0.8715156430534822,1.3975120222875035,-0.08403640850031815,0.1122781112790107,0.4999149632196311,1.3485676980188326,-0.7099729647778822,0.1342560052871704,0.8297739823624627,1.3974584541193413,-0.131415081706606,0.1356169283390045,0.5887685937325177,1.3353455185221303,-0.7589003512002181,0.173754870891571,0.8474966077999301,1.367903150941608,-0.106285485817596,0.1331712007522583,0.5475068122722009,1.3103442664794482,-0.6631853049537181,0.1724592000246048,0.7462873858157326,1.3594381664779032,0.0024904432037540798,0.0682120248675346,0.6000733739011471,1.334049013920351,-0.01570366179831452,0.0695128515362739,0.7017056330470953,1.68341826668268,-0.01036529334642351,0.0047222143039107,0.5556089554565441,1.6518435547612356,-0.12641794707313278,0.0022758939303457,0.6913016075002486,1.9689976827175464,0.3061176441577762,0.0005036307848058,0.5731208030930034,1.9550448913118184,0.08277733224319866,0.0003119994944427,0.6947298499171237,2.0533444262296294,0.33391783498873095,0.0006596649764105,0.5582138097379775,2.002465665201722,0.10174635806548901,0.0007111846935003,0.6917810785566103,2.0691474022555627,-0.05441245765142005,0.0005654338747262,0.5568119273637501,2.0403145083126146,-0.28893545587922076,0.0003819605335593
2025-11-11T0798.748099,34,0.7635893488061055,0.8737155280532992,-0.8172023407137892,0.9828472137451172,0.8390951854260149,0.8689579422464849,-0.7647373339529024,0.9723383784294128,0.7717698758005066,0.8487803553437742,-0.7420978136123388,0.9699134230613708,0.8168924604938759,0.8671330156567174,-0.7645482667661933,0.9706056714057922,0.8129026272848313,0.8463296477173358,-0.8158734930233663,0.977689564228058,0.7977183978632538,0.8055344478746468,-0.8126473619454776,0.9779574871063232,0.7679984717265054,0.8479814102920092,-0.8270965293007381,0.979153573513031,0.801213692870806,0.8584256381597068,-0.5388265338233224,0.9664195775985718,0.7647502807018606,0.8192806563581949,-0.6916922007868689,0.9811350107192992,0.7711216910051591,0.8829479525311721,-0.6808975904670268,0.9898895025253296,0.7580244407632872,0.8745712951419433,-0.7667514700367629,0.992868959903717,0.8162803500787992,0.9495761466821995,-0.2712564270097297,0.9915042519569396,0.6077290949543237,0.9343276024805199,-0.5211399621098651,0.9961294531822203,0.826508080948963,1.1775074620247905,-0.04327570429001173,0.2978001832962036,0.5286080226839502,1.0327205259858931,-0.4843429294270797,0.549669623374939,0.827953416649809,1.3425819272525004,-0.07005133479398232,0.1227835044264793,0.5188687130437356,1.278498876955839,-0.667526228298213,0.1348754614591598,0.8516184336660564,1.3671318296886439,-0.07606723697152612,0.102176733314991,0.5183215883653463,1.3551205741176944,-0.711472325961837,0.1238193288445472,0.837222770244138,1.391478597972395,-0.15753559089959904,0.12373848259449,0.5341862121804859,1.3691108862703438,-0.7610176533879549,0.1606915146112442,0.8143012898767732,1.3462767237499857,-0.09375008112769424,0.1214654147624969,0.5563087766532626,1.2888710051736374,-0.6618408050400434,0.1588088124990463,0.7277509137172891,1.3474789030306402,0.030823478399741658,0.0616261176764965,0.5887074648980088,1.3622908052602616,-0.005461837000369271,0.0627506226301193,0.7184429497444562,1.6796212673520048,-0.011525825302360161,0.004609053954482,0.5858715980236483,1.6424926510458533,-0.11016236144398023,0.0021981131285429,0.6898797691127593,1.9864302891312913,0.34682844409159613,0.0004867530369665,0.5728029527775138,1.9575098158363222,0.1035040134869669,0.0002923183783423,0.7009292124832516,2.0085511780429046,0.3430072571904524,0.0006285767303779,0.5328945625125188,1.9729995053734808,0.12784238011601062,0.000670145615004,0.6829593878297961,2.1015302701502874,-0.007218453572877964,0.000564940215554,0.5788822988193546,2.03550128323908,-0.29579689776446255,0.0003892838140018
2025-11-11T0713.208755,35,0.7499153463146309,0.8348348077829308,-0.7549137753659363,0.9842066168785096,0.7913589086643127,0.8283608780643531,-0.6748228536719967,0.9743149280548096,0.7438548901407773,0.8541828420162189,-0.7004513463225285,0.9723703861236572,0.7690968208008863,0.8071586139913628,-0.6714566642890287,0.9728427529335022,0.7726673252125744,0.810842195762575,-0.7357364528224561,0.979233980178833,0.748189663161518,0.7967238400767725,-0.7392232766062002,0.9796786308288574,0.7561174316506024,0.775538465442186,-0.7612977642595556,0.9805768132209778,0.7784618295918704,0.8080110836598039,-0.4577134003750777,0.9690850973129272,0.6962750306537142,0.7839090479529046,-0.6135366122075662,0.9824690222740172,0.7624278430938217,0.8821600282806563,-0.6431969048167009,0.9906193017959596,0.7608709393926162,0.8489880388550866,-0.6588371707991397,0.993315577507019,0.8041905043609483,1.0050883591163977,-0.2272119042244276,0.9920754432678224,0.5910711313204573,0.9530223746010795,-0.4546336139197155,0.9962663650512696,0.8186507264151363,1.145247122608391,-0.020854265624930292,0.2783728241920471,0.5058093010376457,1.1184730860611487,-0.38814905691401413,0.5416164398193359,0.8236581116946315,1.309442499430852,-0.15032578555185536,0.1121480017900466,0.5275123962974578,1.2970618925258441,-0.5916631541133848,0.1254732459783554,0.8457416725441123,1.3637055200551103,-0.21324647773260652,0.0934608802199363,0.5188606037940233,1.3624039843630076,-0.6871306252425678,0.114716924726963,0.8455255625368093,1.3757154570991852,-0.28209749067028245,0.1137381643056869,0.5723300964093769,1.38856922078799,-0.759558009931999,0.149494469165802,0.8319483973534434,1.330822903816826,-0.1845315949346119,0.1115485876798629,0.5253350419042516,1.3635179647318316,-0.6298615113801634,0.1470106393098831,0.7269461428422223,1.3212094377411518,-0.010867319047601196,0.0555802285671234,0.5981608342680125,1.331152056113348,0.00706319953710831,0.0565759278833866,0.7025207732146396,1.6373371399799332,-0.058906064488434946,0.0042669717222452,0.5940379170699831,1.652607442735589,-0.09680604488074725,0.0020378241315484,0.6888310690291113,1.9477160018437976,0.2895264177598806,0.0004572162579279,0.5740057158495596,1.9591631852091447,0.13221613022404627,0.0002682670019567,0.6797763670205373,2.0299914693910255,0.3217963746287569,0.0005902764387428,0.545532593338476,2.0031335867246356,0.16458086210898704,0.000622151303105,0.6833344511327131,2.051128734691856,-0.048178036313836575,0.000537907180842,0.5711314774198817,2.008827779359731,-0.22710600946464637,0.0003833071968983
2025-11-11T0734.405559,36,0.6956711991532663,0.822670798539898,-0.6302723651414355,0.985755443572998,0.7122184154865272,0.7254357554771566,-0.5516979248097397,0.9768298268318176,0.6893782686519483,0.7314365561614581,-0.5510079583601166,0.9750916361808776,0.7164749597657026,0.6923023788970032,-0.5709296896824434,0.975507378578186,0.7006773338814181,0.7261175712768023,-0.5801768889474498,0.9812580347061156,0.6880249805183004,0.7355742619276611,-0.574333201691312,0.98166823387146,0.6997041971213662,0.7551458108920306,-0.5787578981427278,0.9824700355529784,0.7186800621566092,0.7729145309869231,-0.28261591075841647,0.9721263647079468,0.6684156448405034,0.7653722988564567,-0.3174187664086343,0.9841864109039308,0.7120430467331357,0.7985517059681866,-0.502345643501841,0.991523802280426,0.6914547553452091,0.8024687424086769,-0.5201889749902062,0.9939537644386292,0.8100752044735653,0.9592429568458352,-0.13955501420956978,0.9926262497901917,0.5834945464561458,0.9337911399560458,-0.203822734738984,0.9964789748191832,0.8125325114395384,1.1463103771485312,-0.18847394709515475,0.2596780359745025,0.5010542595167201,1.120293183060416,-0.25264595330097506,0.5463173389434814,0.8003420103905913,1.1434742382447982,-0.5437915478429589,0.1061621233820915,0.5230558616548336,1.2786309192963974,-0.54996999469977,0.1232039704918861,0.8034235498330061,1.16868772832354,-0.6082917865501347,0.0889535024762153,0.514881063176453,1.3453353809960344,-0.6232006508780404,0.111304648220539,0.7952051749234913,1.1106558069126493,-0.651475188760551,0.1092464998364448,0.5598328902596136,1.3616837205271233,-0.6960332038924405,0.145860269665718,0.7386520277588895,1.0322093857674928,-0.5288407915438484,0.1070320010185241,0.5191898784651853,1.315602273192992,-0.5923082608407251,0.1434447914361953,0.6993670913510919,1.3340313705372449,-0.024046938184883945,0.0501338653266429,0.5870847756238293,1.3255132991232896,0.03180738546591611,0.0510531440377235,0.7056328014544976,1.6384849680968032,-0.0440414948587786,0.0038908796850591,0.5671182190444983,1.6357916796523373,-0.01206536790296316,0.0018872449873015,0.7054291731261183,1.9489076818652014,0.2626627363192355,0.0004175958456471,0.5759627860700289,1.9501591361255646,0.19900562629488933,0.0002449894964229,0.6993522264892834,1.9968395044948517,0.25836083310800007,0.0005395511980168,0.547895333207577,2.0102847123581675,0.18660480749427344,0.0005718283937312,0.671594206350512,2.033579393660856,-0.07642359823909897,0.0004970027366653,0.5716675881988417,2.0308926151169793,-0.17907797176366752,0.0003782268904615
2025-11-11T0725.836500,37,0.647557865485227,0.7430966238447758,-0.5813257613951771,0.9871124625205994,0.6759404617894391,0.7183067874374733,-0.5107972857006657,0.9789844155311584,0.6542835101693513,0.7199410656361492,-0.5277286258689767,0.9774923920631408,0.6960858514351717,0.7164350792437815,-0.5417990335126819,0.9778363704681396,0.6186183169990513,0.7107464205991997,-0.5204822021961769,0.9829506278038024,0.6324565217843852,0.7101699342603364,-0.5382360064728962,0.983382284641266,0.6442121681158383,0.7119909307494914,-0.5467732166193907,0.9840455651283264,0.6994508619144162,0.7435752171787398,-0.28645266013931225,0.97479647397995,0.6347361049309237,0.7276663869478075,-0.3084458414073155,0.985629141330719,0.6892668612964485,0.7514878103782371,-0.4601926864047275,0.992304027080536,0.6243058089942604,0.7587609767008657,-0.4522947117987197,0.9944685101509094,0.7446593375701421,0.9304839432777133,-0.08614574204181469,0.9932112097740172,0.5405398026092892,0.9131851960100538,-0.16830490906779286,0.996661365032196,0.7997088866329772,1.0755078588705624,-0.10676379975622072,0.2455040961503982,0.4923556048327436,1.110883884782808,-0.09729705622206303,0.5450426936149597,0.7906074711189193,1.1854508616128836,-0.36235638721936975,0.0968805700540542,0.4721336012224011,1.280398375935847,-0.32549170765236174,0.115396074950695,0.8202896598037167,1.2543177827233123,-0.4484098180747389,0.0813645049929618,0.47385036714360496,1.3335958717039575,-0.4087274278590139,0.1035880371928215,0.8101814616315065,1.2561484468377986,-0.5254735904158466,0.1006447970867157,0.5062599118964547,1.3698080822400653,-0.4684724939620748,0.1365777403116226,0.7785262814566287,1.2151159762027115,-0.4085974765043659,0.098502367734909,0.46915520010656986,1.3117849953948608,-0.3453064243515685,0.1341778486967086,0.7126751301241565,1.2718089601033622,-0.03197864620229872,0.0452046021819114,0.5494799673130808,1.3325200402343098,0.031331007598377515,0.0460616052150726,0.7345994372584176,1.61958196744554,-0.07871638560390752,0.0036069096531718,0.5560297296437933,1.6105980020923734,-0.07695902754611463,0.0018038083799183,0.7151246231581112,1.9355298649128105,0.2479244387632288,0.0004002345085609,0.593397043306388,1.940840098304962,0.13721086881594113,0.0002391750895185,0.6814655658683108,1.98495983429829,0.2405913983577587,0.0005221550236456,0.5389971246098977,1.9835970961261975,0.1736917187501713,0.0005771313444711,0.6919913477656486,2.018303963478733,-0.1277361784303489,0.0004766648053191,0.6050598067154616,2.0160089384603626,-0.2656867231387357,0.0004170292813796
2025-11-11T0773.252848,38,0.6353551138017477,0.7358840281341072,-0.611403521835608,0.9881876707077026,0.6231358718772941,0.6857190220894829,-0.564298294114272,0.980587363243103,0.6291879314693604,0.7123661303935234,-0.591441194094665,0.979430854320526,0.6520378951025136,0.7273005231473462,-0.5370269489403472,0.97965407371521,0.5911917726816139,0.7264694865039023,-0.5904595676154117,0.983983278274536,0.5752260911721182,0.7424235856096905,-0.5928113859716903,0.9845288395881652,0.5740662763786596,0.7183129655629178,-0.5966382873954162,0.9849583506584167,0.6464067938894684,0.72950174704533,-0.2614438729231926,0.9769691824913024,0.551610977654054,0.7254883111244043,-0.3024847190109316,0.9864766001701356,0.6485424398078113,0.7872820470356328,-0.47570342845090474,0.992941677570343,0.6159644808868892,0.7779282716615317,-0.5156837945275443,0.994818150997162,0.7391803908168628,0.9232418522348509,-0.16113505078432222,0.993681252002716,0.5177319357359025,0.9033025150089915,-0.15644277553577743,0.9967408180236816,0.7784315248454634,1.0433300897493614,-0.22989489915447037,0.2387391626834869,0.455929540027652,1.1053079746052732,-0.042501541441808156,0.5391919016838074,0.7795222382582303,1.2001708093087669,-0.5429071250469265,0.089931271970272,0.4486266001549124,1.2909412549626182,-0.29863403780888975,0.1079501286149025,0.8040681109855189,1.3149034796974621,-0.6319044672868696,0.0756152793765068,0.4177894703970288,1.3594034128062733,-0.3661126075210595,0.0961798503994941,0.77940222599951,1.307536363878917,-0.6972160225967312,0.0945513993501663,0.4409382599130111,1.388227339347403,-0.48429675498124625,0.127715066075325,0.7798669659473504,1.2727121962846515,-0.6084880161046285,0.0924106165766716,0.4619255571670292,1.3477441743029626,-0.32237301525843015,0.1257694810628891,0.6922910262676892,1.3176298524741867,-0.07548310696792306,0.0408043637871742,0.5555648183619347,1.3214883947978258,0.056568120914644714,0.0416106358170509,0.6689045798569418,1.6336648619409793,-0.12213002221623082,0.003320233663544,0.5587101467351123,1.6298478834385774,-0.04427064008738515,0.0017186254262924,0.6876012468834016,1.9198237214263185,0.18584795997412257,0.0003743899287655,0.5658772790026306,1.939933855714464,0.13616537789595007,0.0002265221410198,0.7011404282304039,1.965764759831365,0.2197206350030624,0.0004867757961619,0.5568487016355118,2.006933221703143,0.13916690963295553,0.000564424379263,0.6860324220164957,2.059094880408617,-0.17712307669906685,0.0004432049754541,0.5865583260113153,2.0532204905874636,-0.2213481636119839,0.0004376148863229
2025-11-11T0791.332509,39,0.5821461403673756,0.700103990830346,-0.694617022478672,0.9892001152038574,0.591721478973155,0.7102251161540458,-0.6432790875268853,0.9821057319641112,0.6138895508740431,0.7037007805007531,-0.6857841385386862,0.9812194108963012,0.6082648576437389,0.6942897939818657,-0.661735285698456,0.9813213348388672,0.5796421420540557,0.6782852351336137,-0.641164820236323,0.9851309061050416,0.5635985732122284,0.7007348869445053,-0.6484944053565307,0.9857565760612488,0.550045381259169,0.7145434442986363,-0.6620912557738912,0.9860020279884338,0.6182271837037263,0.7024375676542403,-0.42576556299621815,0.9789884090423584,0.5581419045569357,0.709709845703554,-0.3791306387358348,0.9874987602233888,0.6238964811870568,0.7486928352294696,-0.6058093423186688,0.993532121181488,0.5688320189939504,0.7549393296891805,-0.5940687237387036,0.9952064752578736,0.6933154615285627,0.8875555828970227,-0.20541098755347173,0.994053840637207,0.48055741404203955,0.8780573028641419,-0.21376757196744578,0.9966193437576294,0.7647068199680144,1.0366761280908552,-0.18122654442173805,0.2322117090225219,0.4058811533101,1.11607657892651,-0.17082490593348934,0.5167673230171204,0.8015525330674386,1.2691913677511018,-0.4482656405901899,0.0827506333589553,0.4180476281617571,1.3086129210193762,-0.3809588461851743,0.0994811803102493,0.8001040657198952,1.2966523453295369,-0.5273779427741186,0.0698560550808906,0.4200187701907619,1.3566211101219503,-0.5052425538544312,0.0885232761502265,0.796824498284771,1.3400418162474839,-0.57112567892319,0.0883113369345665,0.46253848666289527,1.3481535701270617,-0.5635088719184795,0.1181009411811828,0.7506731351541053,1.3319744652925725,-0.482045114580691,0.0861257463693618,0.4533158694951611,1.333237295715391,-0.459562202786375,0.1162482723593711,0.6474450168393513,1.2780271406240387,-0.03754171886829048,0.0367895327508449,0.5430631901132214,1.3022882473661406,0.06287249312631872,0.0375224910676479,0.7009507810622925,1.620028855845246,-0.12134568336181907,0.00313186715357,0.5661084175247999,1.6291059517490696,-0.04657377420943804,0.0016445504734292,0.6972725116869645,1.929332710128924,0.27137728477863426,0.0003632332081906,0.5551721640613181,1.958882080126022,0.24484462006282137,0.0002191093226429,0.6922755703690181,1.9883757296599984,0.3011375259632599,0.0004609582247212,0.5657321063539055,2.0052680499144073,0.24493398651552906,0.000542068912182,0.6682525482790175,2.0180594701248045,-0.10267331365514214,0.0004293997772037,0.6263777432755894,2.0515936477755323,-0.1671206074455563,0.0004470093699637
2025-11-11T0729.969404,40,0.5336623980650858,0.7214640099373592,-0.5639529965334826,0.9870781302452089,0.5162779218516205,0.6952830723040143,-0.6128284038541782,0.9767705798149108,0.5386099595835367,0.677773561617791,-0.5981894326593271,0.9772164821624756,0.5255137217537672,0.6932324159537923,-0.6189078820606657,0.9767591953277588,0.5214728499607945,0.7246091055695815,-0.5744485220915349,0.9790169596672058,0.5137856997816469,0.7203078787796195,-0.5969322557705717,0.9809297919273376,0.488231079822372,0.6878314954533787,-0.5810769983369682,0.9812424182891846,0.572532891935549,0.7110365600953139,-0.43587135741927396,0.9758068323135376,0.5056614103192643,0.7237587075561333,-0.3144473586074924,0.9831111431121826,0.5473992614634149,0.748158730882302,-0.5541117819432986,0.9927449226379396,0.5221786746503367,0.7627519694053194,-0.5202501449069119,0.9938353896141052,0.6938611953097397,0.8525626602529386,-0.2977579795125832,0.9927797317504884,0.44103852660339476,0.9071729776871701,-0.18437923893884434,0.9959672093391418,0.7379720768054633,1.0253257301811332,-0.23531942043356896,0.2291417717933654,0.3827947072626931,1.1192675983487212,-0.04701936211207514,0.5032440423965454,0.7653415181061594,1.2660867126921846,-0.476880385039771,0.0760096460580825,0.41666037453468496,1.2830606052414608,-0.26167634403368656,0.0934793353080749,0.7780012138615477,1.3054173837142122,-0.5421870736283464,0.064297005534172,0.3879992359832603,1.3592906804679818,-0.3632927102207879,0.0826903134584426,0.727613581048937,1.3433319940215953,-0.6204963046546017,0.0818178132176399,0.43830838064775307,1.3578615433767667,-0.42154789225984995,0.1112446412444114,0.7432287994470232,1.3027038755897196,-0.49447764810353945,0.0799129903316497,0.40595755677259876,1.3472168186936766,-0.3332504488974582,0.1095435693860054,0.6337563111736043,1.298226779749067,-0.04823140138700825,0.0331719554960727,0.4925374233371984,1.3458944810476916,0.10149354122895173,0.033862080425024,0.6664774599360305,1.6101585636633198,-0.06974697184967536,0.0028917642775923,0.5086548865493097,1.6565776246529893,0.025282103479384917,0.0015504092443734,0.6485670137035815,1.9724330705375628,0.21873042121908776,0.0003359112015459,0.5345572622483392,1.9593253862019795,0.28449779309880263,0.0002046532172244,0.6823754671904465,1.9702082378882007,0.2796883134510384,0.000422151730163,0.511511905365435,1.9837232607922348,0.3027078062603764,0.0005093606305308,0.6468694007736268,2.0424867803619478,-0.08713190184442421,0.0003965643118135,0.5366574433632398,2.046887781428546,-0.07029152048435833,0.0004335137782618
2025-11-11T0718.923255,41,0.4989574425970214,0.7283319562785218,-0.8184172758456806,0.98811012506485,0.5308032668546745,0.7046656983741328,-0.8023313708897002,0.9784032106399536,0.5136170927220033,0.7037881311755912,-0.8420203001296855,0.9789324402809144,0.5258712266456974,0.6969516809887901,-0.8138260721970026,0.9784420728683472,0.47485753417272336,0.708777152561336,-0.7892488857348279,0.9803491234779358,0.4815103572347531,0.700054683762562,-0.8007896221539061,0.9821906089782716,0.4791817327023229,0.7203864384300951,-0.8075532269923886,0.9823617935180664,0.5323448831872037,0.6969520319685566,-0.5520604381490473,0.977716028690338,0.451341616278729,0.7336686619159021,-0.503568054132633,0.984122633934021,0.5289268476365363,0.7551956529960907,-0.716926728823949,0.9933428168296814,0.4859324520258778,0.7839193424595766,-0.7194823059894379,0.9942696690559388,0.645317256438674,0.8561145732903851,-0.35771863709658486,0.993282437324524,0.4083327864984025,0.8892550291016189,-0.25940837123165805,0.9960448145866394,0.7266132660163906,1.0144162530748164,-0.258919215233136,0.2418200075626373,0.3424732302654581,1.1351781084920312,-0.1872835753517375,0.5017616748809814,0.7297379561565799,1.2752853918134301,-0.512611087557669,0.0708536282181739,0.34770561056760635,1.289424361951963,-0.3727756713053702,0.0883153453469276,0.7653427324550909,1.338967856811623,-0.5908729878576188,0.0596330575644969,0.35955396924210936,1.385627405800555,-0.43001429242535905,0.0773242637515068,0.7355438085406976,1.3436053934879777,-0.6130573235644909,0.0767127349972724,0.3989663706859565,1.3673574787565135,-0.44090176561177785,0.1048792153596878,0.6997468013229532,1.3247854646668802,-0.539878720875084,0.0751258209347724,0.4025863517411984,1.338896511786252,-0.3837592444389646,0.1033173948526382,0.6115076599002055,1.3039679282701726,-0.07026184430243984,0.0299438331276178,0.4949543805999629,1.3107116747207024,0.05190353376815662,0.0305679086595773,0.6461287031276639,1.631240927292014,-0.021921548391353757,0.0026878444477915,0.49674566340525017,1.6363401987362658,0.15666666321144965,0.0014552022330462,0.6407217999544654,1.9284908329431534,0.42721548679200183,0.0003148320247419,0.520906247085983,1.9546895913897295,0.4635700857635037,0.0001898502523545,0.6699807903224548,1.9703829494293523,0.4289049365607132,0.0003897567512467,0.4930361518975479,1.983005073099298,0.5407954296146877,0.0004758097638841,0.6132188047824205,2.0304392635594803,0.03468718692526055,0.0003659284557215,0.5408953086956946,2.039608001160134,0.145365485200888,0.0004114359617233
2025-11-11T0753.208738,42,0.4409406252178492,0.7325957966106922,-0.8339627953904257,0.9891931414604188,0.4494282660407114,0.7017011900053849,-0.8152130185395913,0.9802437424659728,0.4756912137857013,0.7049560985017309,-0.8041654417604948,0.9808297157287598,0.47441596447669687,0.7122556897958863,-0.8452843490370845,0.980315923690796,0.4142116789335615,0.717762125544376,-0.7853960531453474,0.981957733631134,0.4041744904343004,0.69551321278744,-0.8112166759500661,0.9837086200714112,0.4102383153676047,0.7045125080702096,-0.8125096999582377,0.98377925157547,0.4931174610655429,0.6686925362890891,-0.5631853236494141,0.9797691106796264,0.4199657528659152,0.7244016198054233,-0.5258327597192832,0.9854419231414796,0.4927215196307527,0.7646735098150182,-0.7342555932415002,0.9939402341842652,0.44328527048849264,0.7883351399355413,-0.7371337700546564,0.9947502613067628,0.6048955268918362,0.8736565928960593,-0.32628156767727684,0.9937471747398376,0.34108322676850183,0.9066095034350218,-0.25073048704961864,0.9962388277053832,0.6841477825459675,1.01929059013223,-0.29507898613581307,0.2523100674152374,0.28399399345438825,1.1597635410327978,-0.12547867491456008,0.4855714440345764,0.7080586579927326,1.2953507084975808,-0.48507168481616925,0.0651592910289764,0.33259142370646866,1.322049138164857,-0.4269079210110669,0.0823071226477623,0.7145553969147809,1.3494390036365265,-0.5922824793265412,0.0547462292015552,0.3199691650083462,1.4025703367632503,-0.47867928163417073,0.0719733610749244,0.6860023333659168,1.3853767229793599,-0.6397899221705229,0.0709943696856498,0.3395727324372414,1.3804326461357073,-0.4967097195213209,0.0985056981444358,0.6896007897478725,1.3441383238777318,-0.521953409379534,0.069611370563507,0.34837682426240113,1.382781224687731,-0.42709460439705776,0.0968218147754669,0.5990294573325122,1.3011458056440572,-0.05967159828056505,0.0270108692348003,0.4213244167371821,1.298463618765646,0.07804297416868848,0.0275778993964195,0.5757747491178602,1.652441933135957,-0.06478049634744114,0.0024807977024465,0.4000831385593827,1.625016011655026,0.06825649514210451,0.0013443271163851,0.6068603499516829,1.94937050558555,0.3781279709308504,0.0002866961003746,0.4193656511198225,1.9525827847846438,0.3656198689207404,0.0001725325855659,0.6164302311949992,2.003653539274989,0.4029890861663846,0.0003539505123626,0.4703268250220141,2.01943863338998,0.37663229861817205,0.0004316090780775,0.5833034381360249,2.054015619077627,-0.013678098045637039,0.00033508206252,0.48734008042119453,2.060726456549867,0.029874470947945916,0.0003802021965384
2025-11-11T0720.330415,43,0.4377323271707197,0.7379632333735971,-0.8743614951159637,0.990233838558197,0.43953118692317716,0.6804483003919793,-0.8680692074517883,0.9821195602416992,0.45535391915907786,0.687372305102969,-0.8537324016531407,0.9826776385307312,0.4379322821130977,0.6741667782557523,-0.8693164757029623,0.9821932911872864,0.43514641418668065,0.718374617916444,-0.8606236407403672,0.9836387634277344,0.3894305536875697,0.7059787744935075,-0.8855161668711632,0.9852384328842164,0.4009940566936387,0.7130218809535294,-0.8625888896132097,0.9852712750434875,0.46016319592827004,0.6983390514101104,-0.5799851669036802,0.9817477464675904,0.36316324506405456,0.7236798010623848,-0.5292955252909065,0.9868205189704896,0.4505814483414969,0.7716285490160065,-0.7357735777978898,0.9945271611213684,0.406489922917148,0.7838687192435685,-0.7714383417684473,0.9952479004859924,0.5833868721683071,0.8451050322805461,-0.377328468565641,0.9942951798439026,0.29395361950626814,0.8895628239380933,-0.26475444472601445,0.9964967966079712,0.6679820587884744,1.0211919251062977,-0.32211300617072536,0.2720266878604889,0.24207799716679979,1.1491953266659687,-0.13560005147296864,0.4775745570659637,0.6690327660255382,1.271354136109989,-0.5271763362674312,0.060984943062067,0.26468260832015394,1.3020276929282442,-0.4570588856835089,0.0772810950875282,0.6952767267936858,1.3431606670475233,-0.5841361743638028,0.0508239082992076,0.2335291375176104,1.3907163238315428,-0.48868136454651495,0.0674087405204773,0.63889300154312,1.3693296405792474,-0.6263390498883774,0.0666856914758682,0.26182430238026416,1.4016067760571722,-0.5432945690551211,0.0932493507862091,0.6483515913332474,1.3164724940036223,-0.5499034426349232,0.0655687525868415,0.29001100876672953,1.3752562880332055,-0.45646212118325524,0.0914739146828651,0.5532095995032171,1.2853828567972474,-0.0799755666855509,0.0243472568690776,0.3748493518536378,1.3400960453209845,0.07658738180904369,0.024853965267539,0.5514640034966151,1.6471588080733912,-0.09482333220178273,0.0022709167096763,0.41674421611067214,1.6335719336128376,0.057351221523818774,0.0012286324054002,0.5844442447715198,1.9554154776468617,0.3058032773381846,0.000259582477156,0.38866932052304126,1.957465469956467,0.3175849267534457,0.0001559342927066,0.582425087752599,1.980980385093922,0.3521544383767291,0.0003200644860044,0.3990618793119595,2.0252890825011582,0.3439256703725012,0.0003899308212567,0.5486100428539968,2.0662331482374428,-0.09200330425097097,0.0003041719901375,0.41104054655942773,2.0787954714865884,-0.03645696325863801,0.0003471221134532
2025-11-11T0771.502943,44,0.4143664369672688,0.6658814187910485,-0.7516094847194372,0.9911950826644896,0.3843440035705984,0.5975420764505335,-0.7745544915580452,0.983855962753296,0.4283333946814007,0.6159020291096431,-0.7801762151176403,0.984377145767212,0.43977403779371144,0.6101841686063022,-0.7929909715403873,0.9839293956756592,0.366556050154948,0.6411270219455659,-0.7588558369329665,0.9852066040039062,0.3247712485936412,0.6274859245236181,-0.7487998060585952,0.9866603016853333,0.37881703168488684,0.6089564040039158,-0.7422906099784634,0.9866645336151124,0.43203416976305586,0.6029482266892612,-0.5482729673792828,0.9835500121116638,0.3088458837329396,0.6125848531280996,-0.45709407789683226,0.988088846206665,0.430687807326725,0.7135418298008722,-0.6740692185322305,0.9950621724128724,0.39452616275190344,0.6980750744891229,-0.6683351056926186,0.9957051277160645,0.5305577617607496,0.7647824039469839,-0.31033376545695285,0.9948400259017944,0.26739621839592725,0.817010713973482,-0.27077744181567026,0.99680495262146,0.6057451132540358,1.0148343125142605,-0.2483104196552602,0.2863774597644806,0.184630303069891,1.1058247588539563,-0.15436541501289397,0.4544315934181213,0.6673074582084934,1.2365168305187837,-0.4555695939588186,0.0565980151295661,0.19675767069824182,1.267325533767843,-0.46618849401270335,0.0713895484805107,0.6470403943379079,1.330256586586595,-0.5225455403918543,0.0472075492143631,0.1621861252369902,1.3677229124359518,-0.5077135006706205,0.0626174360513687,0.5969013499990896,1.3133345300420567,-0.5715770057267994,0.0629334449768066,0.23278013088072547,1.3630125850777322,-0.4973967747640409,0.0874532759189605,0.6115090440730399,1.2879823917962308,-0.5064516769232585,0.061976108700037,0.22633201489514748,1.3225821531938262,-0.4549242649305751,0.0858260244131088,0.49672820838377346,1.2752706572940002,-0.06396881877998623,0.0219367314130067,0.308009263439471,1.2819358013555064,0.06916551794936704,0.0223925877362489,0.524859358864614,1.608175784668763,-0.08371579303153681,0.0020595239475369,0.34497089604554887,1.655099459545812,0.08771618247328283,0.0011122230207547,0.5386121554070835,1.948475805139456,0.4298441762829679,0.0002340914361411,0.3552281335441596,1.977399669435514,0.4427101678185297,0.0001404778013238,0.5536025406620168,1.9984541811133798,0.42315355240485386,0.000288575538434,0.38575382270807623,2.023781358068549,0.4156775899092905,0.0003512210678309,0.5087423027851983,2.093474018559342,0.04659692767734728,0.0002749341074377,0.37306851101007055,2.075046282888319,0.0653331680173741,0.0003131802659481
2025-11-11T0758.334805,45,0.3966690945242637,0.6121162217304587,-0.7361199437221588,0.9920291900634766,0.4365558128294053,0.5197824393763378,-0.7392519401589838,0.9853243231773376,0.44560913678977354,0.5546580850326682,-0.775681869721737,0.9858447909355164,0.43355731640864387,0.5363925065674593,-0.7416249850609528,0.9854167103767396,0.36215223892640713,0.5374780036761819,-0.7328805704467148,0.9864763617515564,0.3637436084172642,0.5464433475416881,-0.7583525647663886,0.9878200888633728,0.35376430884377064,0.5606662320812992,-0.744347540992154,0.9877504706382751,0.44946359886377385,0.541439775217475,-0.5001639917983944,0.9851154088974,0.33998946175176115,0.5477762329197885,-0.44346629926735814,0.9890851378440856,0.3905474161255263,0.622214183545629,-0.6530752180541869,0.9955289363861084,0.36850656985613073,0.6247822160218112,-0.6364975810999517,0.9960910081863404,0.5143148668618224,0.7578066795251556,-0.3307577026339345,0.995329976081848,0.24813246493501975,0.7490079778893501,-0.2799286173147547,0.9970624446868896,0.618718588030154,1.004341249076754,-0.27577054758591724,0.3176442086696625,0.18177734461522252,0.976358410493393,-0.16147754102402143,0.4519934952259063,0.6203520069002303,1.228789351219344,-0.49169148352554815,0.0566657781600952,0.18418878542760317,1.226631375887574,-0.4398563612623513,0.0682983696460723,0.6295737591128697,1.3124445853152615,-0.5826289354487927,0.0461250245571136,0.13504573727725955,1.306731728304724,-0.5365801391300504,0.0595732480287551,0.5860064113006549,1.3108169318147818,-0.6372464700896538,0.0632186159491539,0.19467400151253952,1.2988473426841938,-0.5497415393755183,0.0842809528112411,0.6006859543933768,1.245342112997994,-0.5314990308950093,0.0628307238221168,0.21476984104548755,1.2765093931436529,-0.4742553444414083,0.0831702426075935,0.5167227313322923,1.2798988727785425,-0.06268994532241633,0.0198340453207492,0.30450862909657206,1.251443369865925,0.054813446211002745,0.0202377531677484,0.5187446871791958,1.6126723042036604,0.00954182736738321,0.0018722957465797,0.316450484555214,1.6336794751649972,0.24504822378028715,0.0010105223627761,0.5015937294489079,1.9649602541624358,0.5713884045785144,0.0002115070528816,0.3153122976743754,1.9888041352452028,0.6737905644549869,0.0001266987528651,0.5117030857580929,1.9970075368529383,0.5861227544120219,0.000260934815742,0.3250582431049624,2.040767806149159,0.6660355819296728,0.000317021185765,0.45640089544516,2.055216944285147,0.2043843131099089,0.0002490057377144,0.3743394427584018,2.0879941596133023,0.30178990625565605,0.000283120694803
2025-11-11T0729.114995,46,0.3755213838942342,0.4534551795236296,-0.7980073857640047,0.9928051233291626,0.4292866418304055,0.4213243594661693,-0.7594733388594811,0.9867404103279114,0.4293346915987219,0.4434802773095404,-0.7684092978161992,0.987217366695404,0.4383739741257873,0.43546372276938244,-0.7523351339247715,0.9868252277374268,0.3840446445907999,0.4241703301991241,-0.7401562124125278,0.9877681732177734,0.3750155105145361,0.4332009750882311,-0.7657559568090585,0.988986074924469,0.38230306201392017,0.43154993380666595,-0.7539396771366533,0.988916516304016,0.44539700859730047,0.4175109758769004,-0.5058015339437939,0.986555814743042,0.33961921451418997,0.43696008964822197,-0.49360713747601426,0.99011492729187,0.41586176395355484,0.550457162287326,-0.7018063348335124,0.9959635138511658,0.37775131073177814,0.5337712977962564,-0.7127394093326099,0.996467649936676,0.5298750285932959,0.6836436531372807,-0.3411501516246555,0.9957653880119324,0.22442291427398264,0.6674467796026974,-0.31115419622434737,0.9973244071006776,0.6193084997245024,0.953265086883444,-0.33549894272174013,0.3462062180042267,0.16002966979459096,0.9557053746310181,-0.2240328964764604,0.4754040837287903,0.6719277320637969,1.2094164159582494,-0.6105263229162622,0.0568888932466506,0.15264792626940993,1.235552840372781,-0.5178112004002743,0.0705762803554534,0.6572361527784354,1.2470498236164744,-0.6675337825007066,0.0454427935183048,0.08434408214170178,1.2735237762374272,-0.618981089789181,0.0599387809634208,0.6041062910091545,1.2494374489119535,-0.7358089102077596,0.0637981817126274,0.15047669403441408,1.3036692439895896,-0.6699871933263344,0.0863382965326309,0.62036358975473,1.2238815875099172,-0.6224672637564522,0.0630672574043273,0.14242515548923265,1.239228818961397,-0.579689036019993,0.0853956788778305,0.47189078770495796,1.1583792204724825,-0.07504552882192682,0.0180506873875856,0.3034323739105249,1.1959825731478453,0.07679141293968669,0.0184173341840505,0.4584204327115738,1.631966201449339,-0.042048599815783315,0.001765607856214,0.3045540135834337,1.6278468880861532,0.23466095918777125,0.0009390147170051,0.5076072075280605,1.947274972420044,0.4640106442866615,0.0001957008207682,0.28954593706541853,1.9827191736406544,0.5994456792512916,0.0001150483585661,0.4911416293821533,2.0163138529933,0.48628776380841227,0.0002398389187874,0.28823636990227197,2.0393621204238976,0.6295585354454492,0.0002889482711907,0.40254268482107547,2.0608514406406298,0.17370408537282855,0.0002303968940395,0.31463215902171815,2.0675874213370795,0.22539216058014505,0.0002582527522463
2025-11-11T0767.187042,47,0.39652186147472046,0.42305358358268247,-0.815437703118061,0.9935148358345032,0.43185486913793475,0.37828680723274744,-0.779397087142633,0.9880431294441224,0.4323742117865286,0.37457885177796885,-0.7719960446228535,0.9884791374206544,0.4650986831205751,0.3917915865608615,-0.7725894873270945,0.9881188869476318,0.416946503407915,0.3631769447275692,-0.7681362595571806,0.9889677166938782,0.4003853336083095,0.3834654884440615,-0.7951518563402967,0.9900701642036438,0.3985154595447367,0.3277239541478106,-0.7605504409678672,0.9900010824203492,0.4314567873760982,0.4051197409288151,-0.5176606818075217,0.9878747463226318,0.35170066740601624,0.34019052845742204,-0.5601922762542932,0.991085648536682,0.42326294603978293,0.44475068279423435,-0.7308253839510814,0.9963594675064088,0.4071173225197263,0.4466249938043184,-0.7298097859690709,0.9968153834342957,0.49758899082762975,0.6370800333682789,-0.3536319606477436,0.9961659908294678,0.20569877404908168,0.5864939874297991,-0.416363389912487,0.9975743889808656,0.5705453996280749,0.9288736996416012,-0.2942920756102603,0.3546079993247986,0.13766110265566184,0.8746630766613392,-0.3187991902405569,0.4951382577419281,0.5960287210299362,1.1271105266800512,-0.5306083661259864,0.0565905533730983,0.12393672610264626,1.1470578064450503,-0.504800757264615,0.072868064045906,0.6193311143153971,1.1761824494649071,-0.6141155693626065,0.0449468605220317,0.11981593426250978,1.2021567417807038,-0.5827027996693026,0.0603454448282718,0.5889482493127217,1.216386089514617,-0.6357100777274992,0.0645116344094276,0.1569290901029495,1.2126043530340531,-0.6418204795515128,0.0882529616355896,0.5411226453347643,1.1830860399170646,-0.5985944675458389,0.0632170885801315,0.16693952050039432,1.2032743206046956,-0.5759575697652366,0.0870687514543533,0.47744831603185106,1.1245253935517279,-0.04576329843326183,0.0164586771279573,0.25885992568153066,1.155437957961457,0.03691852955779379,0.0167854372411966,0.4793916390451244,1.5638829082390056,0.03609196107094018,0.0016992229502648,0.30937289594954875,1.5836617387377976,0.1594479554999062,0.0008945152512751,0.45062982011618263,1.9189198324205667,0.4971062281038229,0.0001867528044385,0.30517090582388334,1.9504284709488213,0.5354245753012723,0.0001055585889844,0.4597385599178989,1.987096835242003,0.553888260775358,0.0002275840961374,0.3057564483676976,2.027468014937834,0.5527712990543091,0.0002658278681337,0.4541930589644686,2.069369926011447,0.14937692254280935,0.0002237301814602,0.32902680659603295,2.0902450139889233,0.13392376718629778,0.000238878710661
2025-11-11T0776.599835,48,0.44544586188815277,0.2891779473307654,-0.6734218743940724,0.993884027004242,0.46153666837914453,0.28014892658277507,-0.6010161974035665,0.9886269569396972,0.4780661680000143,0.2921389673497603,-0.5951953215584628,0.989233374595642,0.46900094907629,0.3216217573337325,-0.6046610367378569,0.9887068867683412,0.4147075733893554,0.2843122628771883,-0.6834289151557336,0.9895862936973572,0.41817425432160893,0.27336959205443023,-0.6656718173723241,0.9907572269439696,0.409909082286348,0.2827005605153626,-0.6525642886345211,0.9905858635902404,0.46253596419550996,0.32462577682815896,-0.3090398136919369,0.988304078578949,0.35997615957197715,0.28038479368734975,-0.5079918698591115,0.991743505001068,0.42951221916699844,0.34686731079670263,-0.5625431687985591,0.9965354204177856,0.4072372344584196,0.3536925396179452,-0.6074283308648644,0.997061848640442,0.47893313327122394,0.54221530580667,-0.1553298540196988,0.996434211730957,0.2387647393491457,0.5248739008908986,-0.4530428951373732,0.9977834224700928,0.5243735438089508,0.8452256180825923,-0.061202278823059425,0.361310750246048,0.1522942390726905,0.8074525157181276,-0.40380577035734505,0.5224001407623291,0.5529985493364186,1.0633639705384297,-0.30657809851049983,0.0614047087728977,0.11549367329488344,1.061886465277283,-0.6060227862543692,0.0839069411158561,0.5791971156173251,1.129936111232207,-0.37822551831666706,0.0479785986244678,0.07923759743909903,1.1488225356022388,-0.651003710325645,0.0683009847998619,0.5831409000901825,1.1305258770573023,-0.45792784236671474,0.0687873810529708,0.12330281391865448,1.1187489455385724,-0.7240679010721115,0.0993921309709549,0.5631730692148175,1.1516210570409207,-0.3538480257896645,0.0676691755652427,0.12783195725777963,1.118915000567888,-0.6103287865941605,0.0978651121258735,0.45858001599061415,1.0423446156114098,0.04074266073142163,0.0155557496473193,0.27562819282415896,1.0679173075058077,-0.05264610434708712,0.0157955326139926,0.4517604032561325,1.5003757407144485,0.1275335775926173,0.0017101729754358,0.2818258527867116,1.5162599555017513,-0.1662380914594714,0.0009427273762412,0.4165698585800946,1.8997881509318781,0.5445771160390495,0.0001826385268941,0.24802426949227332,1.9083956876345556,0.18589025691845634,0.0001037739639286,0.4231775275772464,1.9650494381880363,0.5822485104742949,0.0002178844733862,0.2360027558855056,1.9804836059854136,0.21823756068742708,0.0002632701070979,0.43069003749827983,2.0148180115761036,0.19348380328991055,0.0002535687817726,0.27135417208257495,1.97709498632778,-0.2658009398470991,0.000241672139964
2025-11-11T0730.211698,49,0.4845379452658687,0.28884696737393173,-0.6718264563988433,0.9942309260368348,0.49332836917521755,0.26689181283674057,-0.6309210937730867,0.9891209602355956,0.4772431637418763,0.2589653034668577,-0.6332658051005265,0.989787459373474,0.4866476638123824,0.29754989005820054,-0.6539519633414411,0.9890753626823424,0.4469720129055098,0.23121893640163405,-0.6788265911531998,0.9900835156440736,0.4186954198830581,0.2120169191717569,-0.7057155218804948,0.9913003444671632,0.4052081479739977,0.24977798292003006,-0.6942151577582916,0.9910604953765868,0.47164106041532616,0.31894027005820424,-0.399057139696414,0.9883198738098145,0.4238896909568485,0.24692606386298385,-0.5622461113330216,0.9922776222229004,0.4470357832190994,0.3233894132527646,-0.5744277066075956,0.9966825246810912,0.4328963751331632,0.3137747449553338,-0.6600983697018649,0.9972744584083556,0.519131108542634,0.5436090441819748,-0.16517381814919016,0.9966137409210204,0.22349054553628342,0.48003989894329235,-0.49115737083525995,0.997973084449768,0.5211935968300586,0.8228483182831556,-0.08666256646033986,0.3567502498626709,0.11314201797347158,0.7779796549760873,-0.46269002706035073,0.5457254648208618,0.5262925551738743,1.031874510376622,-0.3625120708160963,0.0617379359900951,0.09912727286719322,1.025926149296086,-0.6952303169439,0.0979616418480873,0.5543782578111014,1.1313099545572192,-0.4289615773023181,0.0485283471643924,0.048993338217012405,1.1014196640605594,-0.8200495336581831,0.079616367816925,0.5468902597700877,1.1355118341584542,-0.48241782006701833,0.069453552365303,0.0386842594279349,1.0984899560586707,-0.874636805486047,0.1142035946249961,0.4965377456204055,1.1008318805013677,-0.3976199441685123,0.0686172693967819,0.12942672700158198,1.0835624120815968,-0.7113450924577015,0.1126421466469764,0.4425094729471168,1.0564014360336345,0.03953790889423989,0.0149749247357249,0.2400120658800762,1.0726292876658494,-0.03881426189775432,0.015081912279129,0.40131316028554115,1.520640513878441,0.19800158684899355,0.0016482983483001,0.22881548124517057,1.4734014303663667,-0.05207146906730967,0.000939332996495,0.3964668889506338,1.8904259273191286,0.8000788083771815,0.0001706243638182,0.19758501532585163,1.892513536894532,0.42487756163895385,9.787001181393862e-05,0.38709242202755323,1.967445495606509,0.8487129461460664,0.0002003967238124,0.18582418891342783,1.9999961487797093,0.4496141098848566,0.0002517324755899,0.38547679812582714,2.0453220058613866,0.4376386166019973,0.0002468498132657,0.2607574913923723,1.9950163751350263,-0.12014051318324893,0.0002304597001057
2025-11-11T0729.600850,50,0.4578482285174956,0.2742719866150976,-0.5317752947105535,0.9943880438804626,0.49283954577898875,0.22671804606415433,-0.4979275192489555,0.9895762801170348,0.5126395423275861,0.27474938431423546,-0.5000889925616783,0.9902793765068054,0.5009692279244036,0.27611963962024694,-0.4875229033660711,0.989408016204834,0.4728506427812411,0.271957330301315,-0.5255599037101867,0.9905695915222168,0.4492001174442433,0.21401180001263548,-0.5587532095401292,0.9918164610862732,0.4477133630628923,0.18709321066738166,-0.5573856758633443,0.9915513396263124,0.4987590090948285,0.3043655800156593,-0.23475396732795206,0.9886773824691772,0.40201235139928587,0.2472316480577995,-0.4722731896814291,0.992817759513855,0.47151887589609476,0.33748260303833943,-0.42661788348977636,0.9968110918998718,0.40138552747541023,0.30248708405963143,-0.49676774009781477,0.9974600672721864,0.532277054482791,0.532350268110439,-0.11062682198463393,0.9967907667160034,0.22262779121473208,0.4588751194803812,-0.4210304924233564,0.998162806034088,0.49135980424009046,0.8506386731921007,0.10585581597754809,0.3570991158485412,0.11578257203057334,0.7046906479552244,-0.39333789901588656,0.5756414532661438,0.4732969804706259,1.0379147648344034,0.03284986980396444,0.0582908689975738,0.05612851031610352,1.0055542850194097,-0.6228566999335008,0.1086333915591239,0.49797778838900225,1.151007287049002,-0.019456843346569604,0.0457127727568149,0.012415176176950617,1.0576891847940435,-0.7438573169035916,0.0876635387539863,0.4430629902616341,1.1159637472355977,-0.07735623345842252,0.0651551559567451,0.0681361179094933,1.076158818578562,-0.8968255832277376,0.1227983683347702,0.4398548382315899,1.0985872991959253,-0.026590805240588374,0.0644546672701835,0.07690745344890959,1.0386121525598155,-0.6671109560068003,0.1212922409176826,0.4016168529582962,1.0380294900527018,0.05760523188369982,0.0188599992543458,0.24275998533706558,1.0043685597689591,-0.04092139087848755,0.0190222840756177,0.37597087095307213,1.5044735866867107,0.18310628989699504,0.0017952886410057,0.19473581514971233,1.4949627470100184,0.027732181001375155,0.0010601183166727,0.32971628885020426,1.9029021581568433,0.6842496964328931,0.0001983607944566,0.15677609278428584,1.8223518861478722,0.44589331718943476,0.0001109305230784,0.3102099379705387,1.9659122717959523,0.7590242310143991,0.0002189061924582,0.12367393028652955,1.8861962081352237,0.45773400604434206,0.0003048967628274,0.29797286085834906,1.9952650303161674,0.38658146502043483,0.0003033694520127,0.18265778951461034,1.9678205420335204,0.025222408423212803,0.0002333716111024
2025-11-11T0714.586929,51,0.503234263476912,0.3117342974964158,-0.5238026999388165,0.9945979714393616,0.5177062323474942,0.2822718244299516,-0.47748410251905765,0.9901379942893982,0.5420867555836333,0.31325768539032095,-0.45490450113918224,0.99078768491745,0.49979569451002914,0.3063722592874245,-0.47825547651821315,0.989858627319336,0.5075907253535322,0.2980261374720874,-0.5528669200016058,0.9911494851112366,0.49556473751241625,0.2662202323703485,-0.5385634700418678,0.992335319519043,0.47856005658860434,0.27133272402632924,-0.5277638118030835,0.9920912981033324,0.5189175447220538,0.3121926420175091,-0.22041378169407666,0.9892076253890992,0.4663019899808699,0.2287828396122829,-0.4897171757093893,0.9933876991271972,0.5041086224106719,0.36939212670569355,-0.41411242259644804,0.9969655871391296,0.45701047018684643,0.3387502933957078,-0.5128455629439996,0.9976578950881958,0.5350868865495665,0.5366040533974079,-0.14899682229601652,0.9969834089279176,0.24807912678412394,0.41870724412117194,-0.4526997047809288,0.998332381248474,0.47017911527752154,0.8353527196842522,0.020414592879712166,0.3502576053142547,0.1009217878837223,0.765069297924504,-0.4761587392699315,0.5998440980911255,0.4485084291314783,1.049587209293108,-0.08708600532564215,0.0548352189362049,0.014038328125985124,0.9777888041789452,-0.6058162166987017,0.1231887191534042,0.45609491552711695,1.1381355559552475,-0.1275302746501606,0.0433612652122974,-0.0028023111081844528,1.1065970978941295,-0.6724556860794196,0.1022822186350822,0.4073908476855051,1.1710580217439066,-0.13720585024948045,0.0616253986954689,0.032071456607206957,1.137020145748978,-0.778326527987839,0.1398237347602844,0.4144922826629837,1.1247432965474657,-0.1175341317285851,0.0610638298094272,0.03926290796842425,1.1131379725549155,-0.6347418396212757,0.1382536739110946,0.3885944259706807,1.0626388407693597,0.014362682356422352,0.0186600461602211,0.22728299378633227,1.0237836863888348,-0.05437696265677873,0.0186027865856885,0.35979559560708707,1.5551179092976548,0.19713233665170116,0.0018012498039752,0.1539586967555155,1.5010770233765738,0.03397058238994832,0.0011067026061937,0.32265598015574637,1.9337722913961115,0.6756914594766276,0.0002056296070804,0.11607478163388407,1.8739447606384991,0.398391520219603,0.0001125878188759,0.2938310547950847,1.9753741916404155,0.6888401958284502,0.0002176322304876,0.13052907324049445,1.95045344136608,0.45781569491041796,0.0003165175439789,0.3154005400662197,2.0289300481465706,0.4151967694439052,0.0003408071934245,0.19173043655838792,1.9676652134301693,0.0402074452139576,0.0002250353136332
2025-11-11T0737.857704,52,0.5481727078135785,0.3146704653972789,-0.5564340036973103,0.9948326349258424,0.5493265786337554,0.2963027911247805,-0.5024134483869676,0.9906719923019408,0.5495953857847495,0.2738066894504865,-0.4820169460314131,0.9912714958190918,0.55101872680734,0.3231378822977079,-0.5118571178289044,0.9902817606925964,0.500647013858004,0.28473739461009256,-0.5644747538672108,0.9916701912879944,0.5306875741255241,0.2781012874994777,-0.5544089944432287,0.9928007125854492,0.524646800704653,0.275451069889403,-0.5346453087778631,0.9925691485404968,0.509261567566277,0.3166951376661714,-0.24772481584481415,0.9895416498184204,0.46027926481061787,0.2653836232581745,-0.5187585961694902,0.9938466548919678,0.47115332483824074,0.35862995500319145,-0.4732987070838404,0.9970638155937196,0.49697413326440154,0.3344810542826753,-0.5423657759741771,0.9978187084197998,0.5209622863524328,0.5380569344702666,-0.134554347786754,0.9971097111701964,0.25659490497289833,0.45259785981048545,-0.43045847068942583,0.998478889465332,0.4417986678372763,0.8258589020380454,-0.02825328685500742,0.3361517190933227,0.08690696820134337,0.7598245910453629,-0.4492200998243997,0.6114950776100159,0.4270892646852072,1.0499341773381083,-0.12861429418171993,0.0517447628080844,0.012953374118823028,1.0267351657326937,-0.576768695353962,0.1299685388803482,0.4060166397417862,1.1498948407201957,-0.18733888381931366,0.0411961302161216,-0.0052844545054537215,1.112194102208903,-0.6762831825225251,0.1088902801275253,0.4068499124321833,1.1634384470683237,-0.22735256015645544,0.0584229528903961,-0.005173115479559944,1.1670475713019215,-0.7516493688709692,0.1479587852954864,0.3884843784272861,1.1181930566390055,-0.13990844057017907,0.0579198226332664,-0.016996606923082927,1.128500642668079,-0.6398118243032799,0.1465195268392563,0.42171264329389224,1.0473396557746115,0.037955228088538,0.0181603115051984,0.21794190228411986,1.048652315198504,-0.02185846148978233,0.0179771352559328,0.33045759462741997,1.5264877275564805,0.24021744135209339,0.0017625376349315,0.15299433513666796,1.525385769470793,0.10436099358556498,0.0010859569301828,0.2808644178395583,1.938488099991054,0.7412602899144849,0.0002081548154819,0.12006376690087546,1.8847518607589535,0.4987027238355365,0.0001090776277123,0.2624244146050164,2.0182590338791697,0.78586224522417,0.0002149390638805,0.07673079063702488,1.9557752218565205,0.5341907361316167,0.0003135314618702,0.24771643759978917,2.1012346574964247,0.4488030292472257,0.0003578333707991,0.12412772247982498,2.0093606473475654,0.12555576975323177,0.0002146427286788
2025-11-11T0724.525658,53,0.50945087502769,0.3396667876877537,-0.5797454349559197,0.9950990676879884,0.5515860487338339,0.3193832956446979,-0.5433258519209023,0.991213858127594,0.557619963054252,0.32632301770104905,-0.5353654932835001,0.9917921423912048,0.5560552821404718,0.3083216534863018,-0.5375122956434636,0.9907838702201844,0.5252253152629959,0.32354145363118436,-0.5666357479220732,0.9921520352363586,0.5224919655710768,0.30385956153848487,-0.5808953331115693,0.99323970079422,0.4861425454905015,0.27028122969293994,-0.6012289689038959,0.9929930567741394,0.5506006417450641,0.3245539843163384,-0.28467920224509774,0.9899939894676208,0.47291710937244363,0.28393914863044056,-0.4978578006769434,0.9942318201065063,0.5066982566395888,0.35480539553450946,-0.4954846778071594,0.9971845746040344,0.49395328685890505,0.3644744908348859,-0.5260245842096842,0.997953712940216,0.5080671235938579,0.5662848539253014,-0.1658346272116089,0.997215986251831,0.2644864706143523,0.44454757607695583,-0.4337534983428918,0.9985954761505128,0.4768901820866051,0.839013553024393,-0.02340928602909316,0.3225338459014892,0.14042122222170972,0.731291740093304,-0.42239145361412334,0.6075199842453003,0.4492111726132255,1.0855334016888447,-0.18655865942452995,0.0489506237208843,0.006320176995750874,1.0174753825564045,-0.6082195744766662,0.1278903931379318,0.4672726252454924,1.154653834442307,-0.21911773161076378,0.0395796000957489,0.002610786966500963,1.1018621503828234,-0.6534536355946322,0.1096921116113662,0.43564106919722595,1.1721013000248972,-0.28456028691663005,0.0562936924397945,0.033870445428521676,1.1382851136904795,-0.7335812382244565,0.149749219417572,0.43593455501765027,1.1220362343884327,-0.22555270424993906,0.055518239736557,0.06505654338003293,1.106395068581428,-0.6053508561997798,0.1474078744649887,0.36792134560304546,1.0480651331754045,0.05942873595069907,0.0168872401118278,0.17894817733555493,1.0363064869318754,0.004493929278187338,0.016687860712409,0.3306766475163251,1.5370170459873551,0.17621624252212323,0.0017496537184342,0.17313275143005685,1.5261032977367655,0.03554692811892552,0.001065558171831,0.2796111767942506,1.967935485485119,0.6595486382648851,0.0002052977943094,0.13578039466229286,1.8637127023092588,0.4494500089425201,0.0001051099970936,0.28069554239215344,1.9912745863241346,0.6817358118178863,0.0002044318534899,0.07938146486502537,1.9166149484327717,0.4572989574098298,0.0003045844787266,0.25969852828984513,2.0687465015638278,0.3261679176665972,0.0003559093165677,0.1500763971261241,2.026032337478961,-0.00037212388731499256,0.0002047842135652
2025-11-11T0744.236772,54,0.5068343915480674,0.3418065810452229,-0.5564971312112099,0.9952264428138732,0.5661761766039073,0.32173664486066017,-0.4872305763930253,0.9914407134056092,0.5542253654015965,0.3345438817140901,-0.49940628748958193,0.9920786023139954,0.5347011507688361,0.35083956463488575,-0.5089893783362226,0.9909877181053162,0.5287539430614224,0.29800117887774824,-0.53803575048036,0.992394745349884,0.48576481770949015,0.3033636382650296,-0.5334491678600736,0.9935067892074584,0.51214313942166,0.29557109720667757,-0.5215874650381513,0.9932040572166444,0.5133812683263698,0.3616901749235279,-0.24109194294307032,0.9898979663848876,0.4554965376867779,0.3087843548172289,-0.44807119170781134,0.9944041967391968,0.4979540157788849,0.3761209792640577,-0.45695958935726255,0.9971713423728944,0.4834755437457222,0.3638365586287385,-0.5103465352941607,0.99801903963089,0.49680940782837973,0.5696605507570401,-0.1506659143307194,0.9973236918449402,0.24208269699554924,0.4956343232659858,-0.3782784359582038,0.9987010955810548,0.48871936886935724,0.8861546648180266,-0.02180443818727023,0.3213007152080536,0.13867788519073526,0.7577637145396398,-0.36603394137273926,0.6072261333465576,0.4740659506330714,1.0884339157441152,-0.21159386742578953,0.0472001209855079,0.0861893019149125,1.0229127780634395,-0.4801949204132284,0.1243915930390358,0.5222511820402186,1.1767302775490778,-0.21590531886484432,0.0383927896618843,0.05758069566961413,1.1034815829719238,-0.5642674634312658,0.1075896397233009,0.4776806626352808,1.181956425768813,-0.28789125174583574,0.0544357225298881,0.11242518730524273,1.12557931279329,-0.6032601957583741,0.1465801745653152,0.43927285633290636,1.0997987152125892,-0.24359098965374684,0.0535832606256008,0.07569663121738007,1.0923337543353981,-0.5166564211968786,0.1446418762207031,0.4176312199630706,1.0802973991735974,0.0332379932981006,0.0175207015126943,0.17407853842746107,1.0422239635610524,-0.021855619387669726,0.0173233114182949,0.3427400718567989,1.5277620653030202,0.1393558618632652,0.0018743068212643,0.16788272075780789,1.481641288160262,0.039252953158967485,0.0011378233321011,0.2961280566784192,1.9565912053355965,0.6246333422084426,0.0002252800040878,0.11772016212657554,1.8771999842229523,0.3705095154195134,0.0001128271032939,0.3015756121610416,2.0231919588611857,0.7000772808800786,0.0002184107725042,0.11837122750131764,1.9520367227386721,0.3744767091948506,0.0003274243499618,0.2805188281229442,2.082542688894013,0.3109601214379048,0.0003878808347508,0.14978468037732842,2.0331881077176073,-0.04008603166213178,0.0002081997663481
2025-11-11T0781.302189,55,0.5455090388731003,0.3648090809853774,-0.4028659330239968,0.9955142140388488,0.5305803318777103,0.34726352202440125,-0.3780601019365278,0.9918716549873352,0.5869708932046783,0.3686887612976795,-0.3796308377966617,0.9923617243766784,0.5278387811568581,0.3519872736989088,-0.3694466846848413,0.9913660287857056,0.4890742647953646,0.3305784532504103,-0.42504134816191635,0.9929215908050536,0.5179709225871273,0.3054349258330123,-0.4130732422121073,0.9939489960670472,0.4972679159144547,0.3161270977564516,-0.4071315128094154,0.9937134981155396,0.5181559325219939,0.3711785882329329,-0.160586596460481,0.9898067712783812,0.4585365805465796,0.3365415910783509,-0.3506033118229273,0.9947495460510254,0.5170742561935688,0.40716442011289544,-0.3441071915670634,0.99725079536438,0.4840822563098311,0.379555220558192,-0.39655352022231743,0.9981425404548644,0.5352024966770462,0.5981508210704126,-0.06808756744944357,0.9973995089530944,0.26995860217187734,0.4933800079662154,-0.3021639271562677,0.9988112449645996,0.5061250515141557,0.8366983091933203,0.07789339359133535,0.316922128200531,0.12702333644018687,0.7796648251865267,-0.27153855404477434,0.6206058859825134,0.4792024079325085,1.0351652776549434,-0.035822590819135476,0.0472863316535949,0.13333220281645192,1.0262049362781995,-0.46041015204725166,0.1338666230440139,0.5222816625613922,1.0736157087468765,-0.04362569083022179,0.0381139107048511,0.0925462001352713,1.1149897456547315,-0.5017814420322784,0.1173864603042602,0.5239302802133073,1.0489967310777633,-0.07939040642211909,0.0536533035337924,0.1145848445894905,1.1492489105665573,-0.5346977155979902,0.1576433628797531,0.5000045981994247,1.0654365902107985,-0.03936429209165348,0.0530720129609108,0.13555555328270016,1.1351298156886995,-0.45932212625460983,0.1556232422590255,0.3916030457299808,1.083403120529821,0.0310492588545197,0.0162385813891887,0.20476701681680856,1.0669165907213747,-0.010164245759637123,0.0162024796009063,0.3560163898595757,1.550739001692211,0.10224425909603597,0.0017997118411585,0.2179452460611285,1.5223669760541456,0.027100314543740227,0.0011493468191474,0.2996567386577931,1.9703215409469275,0.518500364932551,0.0002168296923628,0.14293202624257606,1.9185055100568649,0.3520614353662742,0.0001141088941949,0.28034245277699993,2.055515853998823,0.5356243494779591,0.0002073384821414,0.1300629098305747,2.0027651184289468,0.38101235844245646,0.0003327627782709,0.29539247643123084,2.1094927753133588,0.21588705778434455,0.0003912922402378,0.15633403140087598,2.054025931561456,-0.07339298986464496,0.0002171427913708
2025-11-11T0728.120765,56,0.5477606163032314,0.41522903325971267,-0.43503114537248627,0.9959353804588318,0.5468319128025757,0.3842143980079013,-0.4282146644542228,0.9926124811172484,0.5259600515167407,0.4106373503956437,-0.39397890363071736,0.9930511116981506,0.5578836776373816,0.39116237416091015,-0.42459548283521364,0.992151141166687,0.5193676097467904,0.36960473002832017,-0.44924185072566536,0.9935743808746338,0.5154458155973951,0.36290158024725794,-0.4319349104391148,0.9945058822631836,0.5024696329582279,0.36601930305214125,-0.4598651860129946,0.9942916631698608,0.5141451704787959,0.4014851478745818,-0.18465718677926862,0.9906816482543944,0.4403084067817231,0.3869287970309733,-0.28039669070235185,0.9952098727226256,0.5033574136488012,0.4073432419227625,-0.3571790058012808,0.9974957704544068,0.46872054675348285,0.43667661946898007,-0.3820746425012009,0.9983080625534058,0.5412416081119478,0.5744980183126783,-0.0901173978289109,0.9976205825805664,0.2759089710315134,0.5415251743204789,-0.18957691519395448,0.9989041686058044,0.5630264656298567,0.8961717269820709,0.0321056997955255,0.3362713456153869,0.1949064886798622,0.8504398588574825,-0.15656008630930793,0.6166535019874573,0.5582759765739179,1.0768639940833964,-0.13068042303322264,0.0573523342609405,0.183090591571659,1.0954840305723186,-0.30300851008855284,0.1339013278484344,0.6031222013383895,1.181813882054769,-0.13979385951459708,0.0473693422973156,0.18396092223584995,1.1909349525801505,-0.354100422455955,0.1194119900465011,0.5581380832099077,1.175925377960932,-0.1644725146586587,0.067489854991436,0.1920218258617654,1.2238704132619824,-0.42616332874065543,0.1621502637863159,0.5430611934383195,1.1448522426983176,-0.15712888889698443,0.0644760280847549,0.19035391858873885,1.2107168785897424,-0.35731505456618395,0.1600794196128845,0.4772791371557225,1.1211183565354934,-0.033856419449243946,0.0149111300706863,0.30559230711578594,1.1252367014008928,0.02536899424355487,0.0149142397567629,0.45169353866308815,1.6028946698252038,-0.029693550500173464,0.0017491134349256,0.2860180152068535,1.6128073144384858,0.014667890973154404,0.0010843973141163,0.4327195602640262,2.036370619636903,0.40436477826093764,0.0002119175478583,0.2579887618565536,2.0396845773563577,0.2987301756707343,0.0001072250524885,0.457198953639935,2.1000641973724616,0.42388964162357184,0.0001982071698876,0.2738135447620967,2.076353709995873,0.3082707658956226,0.000313552445732,0.4153342480253919,2.1641569085521337,0.01467090168492527,0.0003772970230784,0.3032738724951378,2.1110564553154716,-0.05204739292121811,0.0002078573452308
2025-11-11T0728.608344,57,0.5410110341719029,0.4779419995307499,-0.3573059847184454,0.99631530046463,0.5095214904706271,0.44999035545178373,-0.32148451161375463,0.9932806491851808,0.5579568911185807,0.4533272872326729,-0.3359444489780229,0.9936795830726624,0.5607329379297599,0.4350164955044215,-0.32835936221462764,0.9928696751594543,0.5072326408626164,0.44073106287712616,-0.3692683733515973,0.9941628575325012,0.5191473154596979,0.460662152434998,-0.39134512028056784,0.9950045347213744,0.5406303910759186,0.43525982329320273,-0.3772334102228699,0.9948028326034546,0.5308377360166181,0.4864456247387336,-0.17165076939083623,0.9915231466293336,0.4841901768723804,0.44975029666665794,-0.361691360159704,0.9956231117248536,0.5238313964655665,0.5258021790383999,-0.30346963208656397,0.997715175151825,0.4998247880152041,0.5052171484104309,-0.355197288647667,0.9984517097473145,0.5480506220470183,0.6679319571586244,-0.0579860711949746,0.997826099395752,0.2825283087583288,0.6413958989655847,-0.29238361243701644,0.9989710450172424,0.6434013565636338,0.9565289636379624,0.02280229063512598,0.3481014370918274,0.22948887388692707,0.9080215787946363,-0.20037490832697583,0.5945516228675842,0.6710944902425127,1.1650346448599536,-0.043305331528267696,0.0656264647841453,0.21706960777087186,1.219612313876889,-0.3764385904048087,0.1326731443405151,0.6751843723067305,1.2639804235526853,-0.09419945091097306,0.0558477118611335,0.1612425119432269,1.262753754766041,-0.4197571820455194,0.1223702654242515,0.6301504485669106,1.274743546509381,-0.1231628869454077,0.0808579325675964,0.21066495055771906,1.2824184172669768,-0.4920065140172159,0.1666496098041534,0.6612692280551848,1.2572249314019281,-0.07323272773375746,0.0765615031123161,0.2121916901431571,1.2386733214418788,-0.41320162091465706,0.163464143872261,0.5433076312288749,1.1687696879274365,-0.013738880291009097,0.0135811073705554,0.30660084989403263,1.2312627897410588,0.03980487317384987,0.0135837029665708,0.5034398631519065,1.6709901873740827,0.016854069626267346,0.0016226442530751,0.302460992592968,1.672626732103292,-0.0017336329873111882,0.0010009140241891,0.5116353181820984,2.1044913445042526,0.43960679546079473,0.0001943949464475,0.3667563474594442,2.079363700212736,0.24747106204738548,9.828266047406942e-05,0.5040596245897663,2.14310879713105,0.4741282392969239,0.0001815845607779,0.3332121260412534,2.130142558502422,0.26825878860938807,0.0002852836332749,0.526558900523665,2.2072930034297515,0.12113372709247064,0.0003531686670612,0.38335287015509384,2.2152625890059117,-0.1518292382662414,0.0001921508664963
2025-11-11T0717.729175,58,0.5057711834015219,0.5925972262472557,-0.548083691778584,0.9965628385543824,0.5397646685609298,0.5372612011484904,-0.5419778810769627,0.9936853051185608,0.541282612011763,0.5806952177977321,-0.5062007191132304,0.9940680265426636,0.5529564666318041,0.5904962597764006,-0.527169473568216,0.9933447241783142,0.5182323206894149,0.5624875574647699,-0.5314740795930907,0.9944523572921752,0.4652640613078295,0.527838863493074,-0.46998833273175245,0.9952128529548644,0.45692528741548105,0.5431625948302798,-0.5008885001514496,0.995006263256073,0.5300101531998384,0.6061468894867914,-0.32922936333241687,0.9920471906661988,0.4799587879492487,0.5891268177906238,-0.24071890161511456,0.9956013560295104,0.5513131796240833,0.6321475892494012,-0.4693994780146687,0.9977810978889464,0.49434930959818824,0.6414298347562004,-0.3620185179085032,0.9983879327774048,0.6112088039979586,0.7940785063819854,-0.2602733642962747,0.9977570176124572,0.37391908421687464,0.796332802872522,-0.13757137855022103,0.9985800981521606,0.7188139860508426,1.0030255658676615,-0.3063238163824227,0.3306440412998199,0.29315647567957553,1.0217878504040303,-0.14190357724168168,0.5469741225242615,0.6752168463558398,1.2980643773804537,-0.5345633505979424,0.0653550326824188,0.31433259786075013,1.194540234978417,-0.535388656275552,0.130254253745079,0.6455492291614153,1.36812089171586,-0.623255646977459,0.0596738867461681,0.25684383350742485,1.2701774522035558,-0.6474343937243404,0.1258758306503296,0.6534175476133178,1.3663575672316066,-0.6422109444241244,0.088242620229721,0.316402232928976,1.2278115293537115,-0.6821982477343052,0.1746460348367691,0.6435039479978749,1.3621724662356465,-0.5741814825346122,0.0833841189742088,0.3037450185326164,1.2343809312112688,-0.6039502334225209,0.171810895204544,0.5927356007092435,1.3252537322753175,-0.078084973154279,0.012258700095117,0.3887657958109204,1.3679879524804006,0.06952289739496594,0.0122738936915993,0.5780565107307223,1.808079958588838,-0.12641490993799842,0.0014814478345215,0.3854451768224594,1.7890752781751569,0.03167267361755265,0.0009063571342267,0.6113657562368275,2.228869608477087,0.3082599702703166,0.0001758762373356,0.44655379786800686,2.198829558144841,0.3152976989232015,8.857111242832616e-05,0.6047784062484237,2.2934931592237473,0.30401726836748505,0.0001643742871237,0.4089393965217239,2.263102068949875,0.3104391658642511,0.0002571617078501,0.5940195185095616,2.354810766713785,-0.08446106006712237,0.0003186756803188,0.45065963392855146,2.334214934939078,-0.10673112967325483,0.000173494714545
2025-11-11T0775.738727,59,0.5609721346699326,0.691765416792604,-0.6146018361239798,0.9957349896430968,0.532947377612081,0.6932086782839393,-0.6160673638917012,0.992783784866333,0.5619716053351772,0.6936956611823613,-0.5880891379252787,0.993098258972168,0.5835323479592074,0.6766524831477003,-0.6131089081856006,0.9927937388420104,0.5369788952066976,0.6697388540692637,-0.5972805416046947,0.9931418895721436,0.5214814394494663,0.6868070453040024,-0.5752235382062824,0.9935179948806764,0.5103182241013292,0.6749869538192454,-0.597690336596486,0.99349182844162,0.6077880731597305,0.6830869735475221,-0.3722149414059629,0.991391897201538,0.5212434365741763,0.712326824248723,-0.2520749356025362,0.9930943250656128,0.5590840920793237,0.7341300121541422,-0.5587727203046055,0.9973561763763428,0.5426653577753457,0.7417918391262807,-0.4819454900498408,0.9974204301834106,0.7190931054883554,0.9368903376026521,-0.26464132497155757,0.9970240592956544,0.44986274402869414,0.9240997619197769,-0.07690421320418346,0.995836615562439,0.780980822977059,1.080399417197736,-0.33559914549528913,0.3293206989765167,0.41797121313657604,1.0807604436511533,0.026822402185209048,0.5090218782424927,0.7516193652744285,1.3066740767758018,-0.6467105496067913,0.0649403110146522,0.40987342592038933,1.211481552068217,-0.3333275781465664,0.1230130121111869,0.7699659384042039,1.3547685025996612,-0.7477243409363393,0.0620672665536403,0.40946042504339203,1.2461534293437564,-0.4203575669607907,0.119758740067482,0.7269212371560158,1.3636441408931823,-0.8022906365797224,0.0923446789383888,0.4451030874891194,1.2473118383245403,-0.4750503227581039,0.1674076616764068,0.7149639650038083,1.3201694762979022,-0.6466628988402585,0.0863821730017662,0.4221053918908806,1.2365012159123783,-0.3624971335588982,0.1650248765945434,0.6815655523280543,1.3857334702728548,-0.12147196700521078,0.0111215431243181,0.5079593303783269,1.3937061963980317,0.09876277896388361,0.0111267119646072,0.6833635518404572,1.8773951134131603,-0.26682411827723695,0.0016328275669366,0.5368294521924513,1.837510943303952,-0.06091778613521215,0.0009880264988169,0.7378987854654326,2.2993177898991815,0.03450647068849513,0.0001907002879306,0.5436498534353783,2.2934423606970853,0.09263365308386726,8.734253788134083e-05,0.7348695502495782,2.343231896295475,0.05833462170070843,0.0001690460485406,0.5532389107986982,2.326782441399359,0.08076542297864522,0.0002597888815216,0.6704933890270379,2.4030170432029094,-0.37131400331709935,0.0002999557473231,0.5703619614701222,2.4171889077175037,-0.37255574362102656,0.0001761839666869
2025-11-11T0731.859005,60,0.5852468668754414,0.8086475741688584,-0.49187958736103476,0.9957229495048524,0.6033263583885198,0.7268051866279553,-0.5199836396414432,0.9929200410842896,0.5889227745742115,0.7185579682812997,-0.5225524249904191,0.993261218070984,0.6270056095286309,0.7380322293648118,-0.49468378341841435,0.9930416345596312,0.5728192012608831,0.7404281333992178,-0.4657065300906627,0.99300616979599,0.5805657262561887,0.7547485235021483,-0.4436494491833331,0.993237316608429,0.5368334393942806,0.7391459094833115,-0.4550376769250294,0.9931868314743042,0.6276914866097115,0.7220264931021677,-0.3703909154040679,0.9917823076248168,0.5593221775325762,0.7616492415014589,-0.15755992204362101,0.9925912618637084,0.6088393289438114,0.8202165306617136,-0.4529167872405854,0.9973378777503968,0.5944786353549056,0.8139999414232774,-0.3439126785952359,0.997018039226532,0.7814050078094221,0.9207993784657831,-0.3655386437497795,0.9970207810401917,0.5396131042606827,0.9221919047521984,0.026837838620313657,0.995817244052887,0.8266091305800038,1.1535927343550807,-0.4116665406750409,0.3381860256195068,0.5048095216831493,1.1508079241023328,0.20933361726691554,0.4806094765663147,0.8159838230144468,1.381579829917475,-0.6114397244997575,0.0702548027038574,0.46810022015707387,1.349208235046338,0.01748120420073401,0.1166321337223053,0.8608897881167744,1.4498278427773075,-0.7010689945510462,0.0698264688253402,0.43118305405166696,1.417631597762331,-0.021301157654298068,0.1151308268308639,0.8189921725912906,1.461770809682884,-0.7390378486729173,0.1033238843083381,0.4729053213915264,1.4420555494625618,-0.10182054488370416,0.1627212315797805,0.7962785088994848,1.4569708501690934,-0.652317556504549,0.0964190885424614,0.4848633386497824,1.4007430005219483,-0.04143122035235319,0.1613625437021255,0.7258457170434593,1.42704065816719,-0.14155731488876358,0.0101681416854262,0.5775885210480626,1.423298696517612,0.129014347148476,0.0101941460743546,0.7479154651282374,1.8809907194883033,-0.2664726367282158,0.0015210659475997,0.5952902014060708,1.8364044182874866,0.07629441830223682,0.0009229411953128,0.7598425802128498,2.2822448923744707,0.042165287366822936,0.0001822742488002,0.6067184040458705,2.2409934420943607,0.21600017364422547,7.974455365911126e-05,0.7672147101513315,2.3276018586177263,0.0573889869039335,0.0001629559410503,0.6169613869797295,2.2917718079963554,0.2049196985785512,0.0002421257086098,0.7247485984503707,2.3342974544417916,-0.34784956319753196,0.0002761303039733,0.6170290460018332,2.3329076794993617,-0.22906288189403679,0.0001631806517252
2025-11-11T0794.338889,61,0.624376362684325,0.7992698509976429,-0.4917601264202559,0.99379301071167,0.658258484860689,0.7415277268813416,-0.4881567627845145,0.990824818611145,0.6478860098895778,0.7631828529141838,-0.4892873354933462,0.9908433556556702,0.6600073032972397,0.7508323579307797,-0.5090393753015546,0.9910792112350464,0.677388602441516,0.7780900408887548,-0.4539053301620407,0.9903620481491088,0.6588466468028329,0.7617838797930507,-0.4549912227338144,0.989996075630188,0.6379349111075657,0.8014590968414748,-0.45002750214794945,0.9904566407203674,0.68002850782855,0.7717701087606706,-0.36058072496326943,0.9901143908500672,0.6555212234953237,0.7868193769869295,-0.16130258551618112,0.9890184998512268,0.6914578028254788,0.8101950093208287,-0.4478372353135016,0.9951270818710328,0.6456846093657927,0.8153892044335582,-0.3855747352026586,0.9935583472251892,0.8219064636535381,0.9134177956206124,-0.2753601771069676,0.9913527369499208,0.5827386081745317,0.939311751233533,-0.00018668669728290278,0.9871901273727416,0.8742899585016461,1.1153124735706381,-0.4177327298088013,0.3303901851177215,0.5209688055515973,1.1137406377347812,-0.004755225670550085,0.4483539462089538,0.8480133524848512,1.1572341558331305,-0.6370660047152181,0.0719918087124824,0.5335823400368426,1.2031952834840998,-0.31784952663675964,0.1143415197730064,0.8357429872760446,1.1774908464959921,-0.7341179219525549,0.0749997273087501,0.5410024241290271,1.2652469983649741,-0.4068663901685691,0.1155999451875686,0.8331024795148204,1.1440058214632853,-0.7617399964058712,0.1086886152625083,0.5287869325894603,1.2002716801357662,-0.3712662547200599,0.1632217913866043,0.840741315480655,1.1587466331869278,-0.7069701226456544,0.0999445095658302,0.5552224218302978,1.2112048325211962,-0.34883111194058175,0.1616002172231674,0.8073478412483497,1.4237240198219876,-0.11989612631839089,0.009294182062149,0.6381317305998049,1.450631688599531,0.10634000975055771,0.0093122795224189,0.7900066883235646,1.818711258116182,-0.25953505540984684,0.0018421119311824,0.6660355165210174,1.8330293964846782,0.07568130738871909,0.0010850551771,0.780727305250819,2.218317631282117,0.019948791620650583,0.0001944730029208,0.6383252946273827,2.2280558512683006,0.15235101156503683,9.790903277462348e-05,0.8039292013695362,2.2920246562622837,0.014427051389267115,0.0001642362185521,0.6624701977479548,2.26023373429435,0.17966473628564147,0.0002693030692171,0.7748918723801991,2.3367417642993384,-0.3552328885409287,0.0002863747067749,0.6490014459448247,2.307291616694297,-0.207225435370678,0.0002220927854068
2025-11-11T0754.805686,62,0.7246891575838926,0.8256202276411196,-0.7191913953982244,0.9895854592323304,0.7272498460211576,0.8056760444317312,-0.7026631626975713,0.9856671094894408,0.719267117977699,0.8055680041812454,-0.68486220582,0.9866630434989928,0.7211733483386754,0.7973210577508464,-0.7038656936017686,0.9874905943870544,0.6825536975588231,0.7923040679004785,-0.6643556313926721,0.9845849275588988,0.6970289513206345,0.8050817890633204,-0.6614446295583184,0.98416930437088,0.6789689642845963,0.8112828860981189,-0.6767040789668922,0.9848611950874328,0.7636259708381566,0.8025906690003429,-0.48668426143620475,0.9862854480743408,0.7082661060607341,0.8037201689077992,-0.35689206398559264,0.9813492894172668,0.7271536402913681,0.856579891474903,-0.6236178505371002,0.9883705377578736,0.695936784231863,0.835442744723117,-0.5960384185906207,0.984737753868103,0.8648796820708735,0.9714199423883637,-0.37050066940436743,0.9811533093452454,0.6215355888046162,0.9825340242982475,-0.08085386430713017,0.9777399897575378,0.9161236705997529,1.1048932805693574,-0.542052000818062,0.3295651078224182,0.5470707765618976,1.1397128812989752,-0.09319708472149325,0.4345442056655884,0.8880710302525819,1.190575729335256,-0.9674144246804162,0.07630505412817,0.5947837539214517,1.1700841885725426,-0.43374513336437615,0.116221085190773,0.906878422964839,1.210345636317223,-1.0011532109553107,0.0836820974946022,0.5767929333050432,1.1846528416012063,-0.53920482998618,0.1213384270668029,0.9238548202550632,1.1566124931541233,-1.0685417731720728,0.1183858439326286,0.5527310014907233,1.0911028530756164,-0.5520790671590595,0.1701669692993164,0.8917937660737473,1.1538038656111176,-0.9762444354900127,0.1077715158462524,0.5847346038784855,1.15008330466598,-0.46952516051929183,0.1659613102674484,0.8220858329043428,1.4383650893034723,-0.11310201484743483,0.0087345847859978,0.6423825385488974,1.4642494631107692,0.1287421779302648,0.0087337996810674,0.8149751086594452,1.7804606745473597,-0.2719259194869216,0.0024807439185678,0.6480411002620148,1.8066125932767647,-0.11438845783523077,0.0018577855080366,0.8110411062881183,2.160437071936649,0.0037318436222706303,0.0002932971692644,0.6873825618997333,2.120573430259661,0.02810002005996147,0.0002179745206376,0.8243905068758768,2.174374591411273,0.0009523780284044013,0.0002697963500395,0.7073178295783569,2.177989902640894,0.010955681958376703,0.0004638649115804,0.8213283754558481,2.217529182473569,-0.35018599415278084,0.0004695670504588,0.6740538248662288,2.210125591116603,-0.33919942501223255,0.0005687893717549
2025-11-11T0738.752744,63,0.7313280843956229,0.8309864914875739,-0.18767888557611312,0.9903485178947448,0.7382041510122987,0.846276592884111,-0.24102923946255256,0.9867826104164124,0.7466776582572534,0.8379198357085663,-0.2733962545765587,0.9877291321754456,0.7458800656297975,0.817834657676781,-0.24694115212092696,0.9884366393089294,0.7509697803443536,0.8239395876540339,-0.23422147898451673,0.9858408570289612,0.7496973336323073,0.8210233313833983,-0.27003843867714167,0.9854633808135986,0.732383626431982,0.8197322485116237,-0.21626992232969064,0.986019492149353,0.7504516369929594,0.8264858921913789,-0.2916773216024059,0.9873924851417542,0.763047912335078,0.8321755583614244,-0.330751366943593,0.982918918132782,0.768632620401414,0.8881608212503986,-0.1770136707874487,0.9890062212944032,0.7786023140446369,0.8855748465776363,-0.19511428513533188,0.9855965375900269,0.7624911772639305,0.9792817835036131,-0.22004790719842468,0.9760084748268129,0.730537134919656,0.9541847310766234,-0.25449672289994724,0.9703063368797302,0.8290805096725709,1.0696755437507464,-0.3098185389072261,0.3164926767349243,0.7508666901751252,1.1087527265022157,-0.40545998855969034,0.4022105634212494,0.8385203126310731,1.0438343576300897,-0.3925246346012586,0.0854998677968978,0.7853830946091225,1.0449406737676092,-0.6379776465619454,0.1147563233971595,0.8225461935280107,1.0438832101681115,-0.45845261005088916,0.0994344428181648,0.8116949282872583,1.0348998673263163,-0.6710098730105795,0.1267563700675964,0.823394252879435,1.0206153380357574,-0.5105520646441655,0.134124681353569,0.7590843515233457,0.968758560018054,-0.6901621727882998,0.1726864427328109,0.8183514961969436,1.0181058893207993,-0.43972906170339116,0.122858241200447,0.8204524133500782,1.0215091006396924,-0.6102062378037145,0.1663632094860077,0.7728062216774021,1.4289032584007753,-0.034715616643560855,0.0082106404006481,0.7279392436683569,1.4170100156276242,0.040836389944953935,0.0081122806295752,0.7768900758152597,1.2957330276927836,-0.2838378643349841,0.0060277106240391,0.710831070567157,1.3151851947226778,-0.08335756281623191,0.0047953468747437,0.7778095036608862,1.517364697942314,0.08137387941569572,0.0019473007414489,0.758653932481543,1.496647702652758,0.11024813678959727,0.0010856207227334,0.7955904443704435,1.6061248530326542,0.12438663875997769,0.0021975489798933,0.7538178965859477,1.5482933781990962,0.13437580294332446,0.0015882527222856,0.7702091526068515,1.492680849096867,-0.04961405003519173,0.0034820539876818,0.8148145018196512,1.4810335691212198,0.01742379644436714,0.0022648335434496
2025-11-11T0747.320519,64,0.7807707762900024,0.8578049757691957,0.1718332245214298,0.9900802969932556,0.7675433600316262,0.8353678275273756,0.11081708673170704,0.9868263602256776,0.7567789133497285,0.8160015284814226,0.1413402918770148,0.9875925183296204,0.7810441488688474,0.8427910014815102,0.14664651505605583,0.9880820512771606,0.7970466208172627,0.8706744804334995,0.1288641793899185,0.986186385154724,0.7826788436478753,0.8382039784108207,0.12088933353643444,0.9858942031860352,0.7945710594286638,0.8113902192066313,0.14829311495199918,0.986418068408966,0.7463497049483447,0.8221173984060306,-0.0790663056677285,0.9868863224983216,0.8022424861302606,0.8653574846511375,-0.08737230186868176,0.9838123917579652,0.7693362847422017,0.8764646342656577,0.15423505735889462,0.9877108335494996,0.7730189000482395,0.8733295404586159,0.13846903516002812,0.9852209687232972,0.7094712704830388,0.9427306180165843,-0.18024733714299035,0.9654535055160522,0.8464384884271813,0.9599940681538345,-0.11463653901938706,0.9671871066093444,0.7186491910856315,1.0674715825736707,-0.08614086841327784,0.3051756620407104,0.8137923519821783,1.0328260327362568,-0.06492053852502956,0.3799289762973785,0.7439400763456266,0.9962796200555909,0.09595107902280516,0.0870242044329643,0.7989931358662193,0.9787266159276098,0.09048994344619776,0.1191066205501556,0.7177134052150641,0.9568290462895748,0.09404298390457366,0.1026674658060073,0.7871620287364337,0.9239029791842865,0.11238232363060517,0.1356157958507537,0.7129804253557902,0.9324275980397875,0.07115849700021384,0.1351488381624221,0.7538899761565618,0.9203050923164251,0.09753468991682404,0.1787184774875641,0.7514612959473679,0.9524161987406773,0.09148062696964593,0.1241421177983284,0.764074947101567,0.9587936183054407,0.08950038632940209,0.1712696105241775,0.7263749656559724,1.4329421063965504,-0.07415396869142678,0.0078619476407766,0.789955499335105,1.423356579256872,0.07925495597054358,0.0076651535928249,0.7879217283252177,1.1177316698824225,-0.210918916929507,0.0138805070891976,0.7871971146400517,1.1177500006739463,0.14455210577660427,0.0062087839469313,0.7689477858909838,1.2526613191153662,0.1686625627588707,0.0046244719997048,0.7479389951582657,1.1952488624879922,0.3429906343413909,0.0021778452210128,0.7486256239674206,1.275582280067534,0.1606538413939068,0.0051018502563238,0.7605187375342258,1.1990054350785793,0.37144911511520773,0.0039530070498585,0.7300922159241365,1.1842987031323442,0.09221797195416526,0.0066710929386317,0.7625385662683392,1.1132978833546734,0.34274228331852397,0.0045849243178963
2025-11-11T0770.865996,65,0.7519784120303022,0.8594211546502002,0.2078618866363267,0.9905965328216552,0.7974505846310876,0.8436943628787507,0.11493034872918192,0.9876448512077332,0.8151682874065753,0.8481574767250268,0.15931666656777974,0.9883441925048828,0.7731339445447467,0.8660522437431565,0.14075062805546634,0.9887501001358032,0.8110031791514498,0.8568431474296834,0.13147759765110417,0.987177848815918,0.8186050325190253,0.8493927597658513,0.1239399020711372,0.9869177341461182,0.8438463953091491,0.8520847521236747,0.12109710965777082,0.9873626828193665,0.79945667700101,0.8365648475603414,-0.027345109613004674,0.9877521991729736,0.8173183553004926,0.8625340097551624,-0.07167669510383351,0.9851887822151184,0.7649900797191833,0.8855802723607112,0.11770604073210862,0.98810875415802,0.8402621984468845,0.8890224901402015,0.12681999080914225,0.9859824180603028,0.696952336202988,0.952318528760433,-0.06348837340115263,0.9639880657196044,0.8075100740178762,0.9694139083218942,-0.10401556912409693,0.9675247073173524,0.6746331337730352,1.04085175413285,0.07365962267098006,0.2980923354625702,0.7739834624297902,1.0089908261932894,-0.01473350724630365,0.3569115698337555,0.6918486168307856,1.0245167497899865,0.21145522673501146,0.0916072949767112,0.7238439106994174,0.9584026782494023,0.13660847110212337,0.1250802427530288,0.6981542220147356,0.9812355208356911,0.23050223595623737,0.1104404404759407,0.7228464234050019,0.9126132544148887,0.1752995066312512,0.1482755094766616,0.711734179541026,0.9832571794562186,0.18246141264482138,0.1419046819210052,0.7132861484587709,0.9144064892804233,0.14594635026709107,0.1896807700395584,0.7189964267589534,0.972977423348403,0.2259262110951446,0.1307196766138076,0.6969600566710531,0.9471013109006764,0.14849579357655396,0.1804010421037674,0.7549551481034393,1.4158655501419342,-0.0590642497906382,0.0081585366278886,0.782462256243104,1.4028874879906814,0.09210847930533064,0.0080822566524147,0.7413157288567808,1.2656141649732016,-0.07401164217068482,0.0179411061108112,0.771235535811796,1.2383866241612163,0.12904480490406967,0.0088041415438056,0.7316123829010656,1.459570820836595,0.15580140265153983,0.0054824231192469,0.7264762057622003,1.43392841780774,0.27863822865718474,0.0027545562479645,0.709274776671309,1.555770128995848,0.17617366804314585,0.0063670952804386,0.744803626532816,1.4804210398930608,0.2947957472939108,0.0049539697356522,0.7305126341250896,1.458093752004616,0.12732024783589874,0.0079236393794417,0.7250488861484491,1.4388367006232377,0.20564941717802557,0.0057124691084027
2025-11-11T0763.410585,66,0.8049116829099493,0.8796202209676943,0.1913316956985501,0.9906641840934752,0.8209113955022413,0.8383968874619878,0.17062722356719637,0.9879913330078124,0.8050740037352367,0.8580526814095522,0.17751140759789613,0.9886085987091064,0.8001415988365124,0.8468835861018067,0.15593080828779385,0.9888636469841005,0.8347413054573287,0.8649632098789555,0.14988272902589542,0.9876693487167358,0.8089124143661603,0.8926229974289565,0.14225319261609212,0.987484872341156,0.826628113605983,0.8817126788593269,0.15774298213418128,0.9878851771354676,0.772016199091658,0.8603457578543108,-0.04765231973862462,0.9878760576248168,0.8298664872839189,0.8697342596951885,-0.08033162617243636,0.9861240386962892,0.8022875907155035,0.9004218350874784,0.16598785497261156,0.9876348972320556,0.8005881598538231,0.8905415097101183,0.18212031173205104,0.9860954284667968,0.6789959103321228,0.9392479480520941,-0.11475435120046043,0.9526388049125672,0.822997372388916,0.9651275369660371,-0.13210300732860503,0.9640377163887024,0.6729871188909132,1.0247144381269613,0.08421675919433001,0.2816895246505737,0.8078257182708812,0.979693385642784,-0.01100161703692751,0.3364546000957489,0.7057957477956672,0.978018539488559,0.31394228677138253,0.0897982567548751,0.7475046700594608,0.9356612037667988,0.30850059714209316,0.1277478039264679,0.7096373608934198,0.953641366878305,0.32848642751566626,0.1103440001606941,0.7752483737970651,0.9132237214478263,0.3139580652841891,0.1561640352010727,0.6876155757562591,0.9640324537397222,0.27912788939410377,0.1402487754821777,0.7257180264554756,0.918119809087204,0.28354649667174164,0.1961606442928314,0.7176861790318465,0.9373664312169421,0.29505707814499205,0.1298041939735412,0.7257521545159228,0.9068715983730257,0.3225382770494958,0.1856293529272079,0.7599064287353464,1.4412719108514813,-0.024633435817787364,0.0077827787026762,0.7907409491756576,1.3939503669422448,0.05042021411947929,0.0077146645635366,0.7579156659239493,1.1569321462344622,-0.07747666744020082,0.0208852626383304,0.7575761798578361,1.1701573965126668,0.10455171858764674,0.009553694166243,0.7105034759781738,1.3342052361183294,0.20156070543766724,0.0064728278666734,0.7480119955383303,1.2776512833440878,0.31420539005097703,0.0032195593230426,0.72695894439308,1.381319043719934,0.23842195441780717,0.0075705233030021,0.7411792077263382,1.279143286117841,0.320304613475586,0.0057097747921943,0.7225048339542803,1.2905733330896463,0.17448230728713662,0.0093349535018205,0.7717799186359086,1.2465189368765928,0.30417445259828435,0.0068212826736271
2025-11-11T0777.919639,67,0.836098221827367,0.8972374596999259,0.12234718227069091,0.9908880591392516,0.8237112587021801,0.8998696279546129,0.09157278900881732,0.9883564710617064,0.7993128662788656,0.8303084180914724,0.07719187602230754,0.9888615608215332,0.7878006052700093,0.9030416977580094,0.08886070504427482,0.9890155792236328,0.8116761343977378,0.8693156859807067,0.0888363505087306,0.988223433494568,0.8260059367020509,0.8463769708456497,0.08883251512571023,0.9880666732788086,0.8287875366697668,0.9184275623698783,0.05858349506989033,0.9884175658226012,0.7951609354238646,0.9112108628887625,-0.044337054279743326,0.9879573583602904,0.8184734236333274,0.8768646445927314,-0.09438716407005493,0.9869261384010316,0.7689144002006758,0.8940336969508637,0.08821083346682086,0.987198293209076,0.8240893860873479,0.8947731629107566,0.09020231434425134,0.986238658428192,0.7087012422395204,0.9842629104607521,-0.10089585488494077,0.9450576901435852,0.8244859731667596,0.9879126525397364,-0.15858824123501797,0.9592660069465636,0.6926871883156176,1.0354436263934246,0.015618338916647712,0.276272565126419,0.8355176155409902,1.0036690900409833,-0.05854189771507265,0.3253026604652405,0.6875353005434034,0.9954354546591164,0.1776053668018951,0.0941617786884307,0.8208597800418292,0.9434416342688242,0.0993744953431894,0.1327185183763504,0.6647647227964473,0.9807794319940167,0.15130506979830938,0.1157112345099449,0.8350003603147296,0.9384010083684149,0.10932614587948858,0.1640182584524154,0.7061845903873103,0.9535017019439898,0.13345501467756382,0.1447690576314926,0.8117140372838437,0.9444586237119202,0.10444271314448753,0.2025067657232284,0.6936011499621842,0.9774901845615942,0.1276202639152822,0.13384310901165,0.8213250224938289,0.9423749978413766,0.0870687799722825,0.18977952003479,0.7440974719517995,1.4062535186892635,-0.04807359633700408,0.0073476210236549,0.7940467069252914,1.4296623333016616,0.03997939450728768,0.0072331419214606,0.7946272269138909,1.1543720881236257,-0.06667004868177959,0.0227939970791339,0.784477212948728,1.163519353945942,0.10187714271721866,0.0098766889423131,0.7565097415590495,1.2452721405352878,0.2166685865888475,0.0068462234921753,0.7707629327455064,1.2062992543504363,0.2838407424896927,0.0035607304889708,0.732340419216654,1.280898222754903,0.2413964109172747,0.0079925525933504,0.7634769633159009,1.2463917347783176,0.30230927297282695,0.0061849984340369,0.7360651845834839,1.204751313966168,0.1582403376246973,0.0101675586774945,0.8048812043815962,1.1466093529260308,0.28019990144322315,0.007789734750986
2025-11-11T0752.383388,68,0.8311701394339807,0.9190702715572376,-0.4045949369585887,0.9916820526123048,0.812118749226196,0.8780423159349418,-0.4230526289873296,0.9893494844436646,0.8210765742201218,0.901839898768845,-0.3947532830058613,0.989814817905426,0.8144054550546195,0.9135825966151648,-0.400629908714532,0.9899340867996216,0.8322481119972392,0.8859396333882806,-0.43300892556868187,0.9892261624336244,0.8444632874109329,0.858905625816068,-0.44256669954269,0.9890815019607544,0.8057659288543886,0.8958244095372555,-0.45329512476300315,0.9893691539764404,0.8167665277282492,0.8834347494582495,-0.3198209500394406,0.9889644384384156,0.8335608303798843,0.8993154514874115,-0.39340161405806817,0.9880608320236206,0.8069442173105107,0.9240825475178575,-0.35283422600273295,0.988064706325531,0.770122562904713,0.9596001917013385,-0.3822203287736287,0.9872098565101624,0.7840669394596675,0.9956079843331753,-0.2210413263419651,0.9456892609596252,0.7693639890956427,0.9511031675459497,-0.2609944977008682,0.9550528526306152,0.8594566329152874,1.0375284040192478,-0.019382020636316645,0.2725068926811218,0.7391824187555239,0.993852864758156,-0.21287884336931703,0.3128602802753448,0.8523672338152571,1.0160529697773317,0.026520499565897304,0.1109362617135047,0.7690816075613438,1.0063445279407137,-0.1928827022331578,0.1336800307035446,0.8367189314281525,0.9995571293354916,0.09614571518794782,0.1342849433422088,0.7819000681094858,0.951515432592072,-0.19225253921109645,0.1666569262742996,0.8316430964341905,1.002454898077264,0.08986735502800125,0.1643707156181335,0.7819749640258892,0.9655400368117755,-0.1941091999746541,0.2038311809301376,0.8628814961236412,1.0180995837501898,0.05068217488631714,0.1529304683208465,0.7731813874848555,0.9591923738847361,-0.16797083336904947,0.1914967745542526,0.8080028216549265,1.421520516714891,-0.07104920191990721,0.0069795614108443,0.752780280463386,1.3707811404157462,0.03609974627655226,0.0067618791945278,0.8218069468702216,1.1818456328641598,-0.10275223096955993,0.0247865002602338,0.738916801799584,1.2119538174179942,-0.02009680298174302,0.0108540439978241,0.7690098237540285,1.2984872137858485,0.1481881060888725,0.0071814144030213,0.7250935653300581,1.2826292714228815,0.2311748035549794,0.0036479902919381,0.7407090829646696,1.3429512337559797,0.17328657741686074,0.0083166295662522,0.7163452538983177,1.275207287597475,0.22246097026556944,0.0062208175659179,0.7678731029732283,1.2969614191458674,0.17983655023134568,0.011403570882976,0.7379012160429863,1.2305175277644078,0.17599569632486697,0.0082616144791245
2025-11-11T0723.336180,69,0.8184501014147733,0.9150428637468385,-0.47529335818347757,0.9920677542686462,0.8384332499665773,0.8907745082363145,-0.4799573053833104,0.989815890789032,0.8274288727759483,0.9106482868471437,-0.47727387122365006,0.9902608394622804,0.8391738798054643,0.9169647515218788,-0.46318625956728776,0.9903043508529664,0.8245971815495324,0.896132973293593,-0.4988756574514463,0.9896972179412842,0.8205041717239869,0.9038192657624743,-0.4764311489968757,0.9895920753479004,0.8199562909276878,0.8824022237210787,-0.4671196158624936,0.9897865056991576,0.831538584812259,0.9227845595939907,-0.43120820956377776,0.9893032908439636,0.8220569218858637,0.8653199650242699,-0.45581313603574586,0.9887208938598632,0.8217330551454483,0.9377632851346437,-0.4038263344034006,0.9878259897232056,0.8137765869296998,0.9394010951551622,-0.4682371793589062,0.9871761798858644,0.8202453120503413,0.9864614027910231,-0.33182681724296587,0.937857449054718,0.7177059955957119,0.944015441951247,-0.31205832088927377,0.9430908560752868,0.865468612278814,1.0619785160933723,-0.18348524549493223,0.2636545896530151,0.7540550549879226,0.9958854822570042,-0.22781792275657048,0.2970719039440155,0.8574344356500567,0.9895172628202606,-0.08181747056614615,0.1130465343594551,0.7423574759325271,0.9504881657246362,-0.12489721010308315,0.1302832961082458,0.8321446622709159,0.9650484456454956,-0.017637346488751357,0.1364573687314987,0.749582630839795,0.9173788108434405,-0.11576770433126637,0.1637288182973861,0.8648954893626671,0.9707620551225554,-0.02022977178147181,0.165879338979721,0.7843143046305835,0.960589165688664,-0.16663861338838398,0.1993616074323654,0.8601554070475285,0.9970843962667386,-0.06833727070757022,0.1552831828594207,0.7898305610927426,0.9227237532374611,-0.12317118763138021,0.1877328753471374,0.7877252057544314,1.4124030328416284,-0.05149606373003282,0.0064943195320665,0.7816326332312513,1.3823238574385999,0.037733559516615035,0.0062453555874526,0.8672463324733932,1.130097898844714,-0.14251566416932152,0.0268610510975122,0.7226413053319637,1.124504911583412,0.0037898842300306103,0.0116551192477345,0.7404076778796366,1.2529269066520385,0.13841549912547554,0.0076821572147309,0.7448797239519167,1.1765357864988408,0.24552822249931905,0.003934861626476,0.7553426772231973,1.2504939028674995,0.1855534595259871,0.0085967313498258,0.7218626774302283,1.1584033910678946,0.25932712587103063,0.0064704637043178,0.74015256011974,1.2060590663312691,0.13764421872565558,0.0126089630648493,0.684518965390861,1.1332657720808792,0.22518524517138847,0.0091490419581532
2025-11-11T0736.798876,70,0.8608764342840195,0.8993191224844483,-0.4316658870358965,0.9926522970199584,0.8591415226257928,0.8961385582887926,-0.4374993597929634,0.9905542731285096,0.8411178087655583,0.8940219802759182,-0.39953328451667464,0.9909815788269044,0.8545040032026673,0.8737066352079318,-0.4248332118330479,0.990971863269806,0.8184183492690338,0.8892185294459198,-0.444700057010219,0.990448832511902,0.8546990277023564,0.8844061393116828,-0.4434160927636155,0.9903733730316162,0.8391307998486086,0.8763469477169835,-0.4607277244531577,0.9905067086219788,0.8223387750851621,0.9095739398497512,-0.3041769765511509,0.9900356531143188,0.8192227175157578,0.8796620390994928,-0.4076108868098713,0.9896047115325928,0.8228299693233038,0.9425289735285362,-0.36484755538741936,0.988199770450592,0.7991078126029131,0.9170210809832827,-0.4220200333043468,0.9876767992973328,0.8055754497162928,0.9857589763960931,-0.2577332430552019,0.92908376455307,0.7108372501674711,0.9391900813686799,-0.3025177806233717,0.9304105639457704,0.8376470913632127,1.0175139352091709,-0.1268823971997525,0.25150927901268,0.7562714284402084,1.0328366628236152,-0.24491082752351073,0.279507577419281,0.8272147109784328,0.9931181097464966,-0.07278447768010926,0.1154239401221275,0.7649010180343957,0.9432086085603665,-0.23526433299423732,0.1262042969465255,0.8546671143004713,1.0053368849649453,-0.07455506866722796,0.1411205232143402,0.7693785279960617,0.9484861779610894,-0.25724572337772444,0.1616877764463424,0.8453600921126044,0.9894011865665253,-0.07541975765395129,0.1708898097276687,0.757567959367855,0.9625683876597939,-0.31386992752852794,0.1961788982152938,0.8806478583193622,0.9642174127555769,-0.08366603520370411,0.160588189959526,0.7459630785569733,0.9332366188823332,-0.26280384128440715,0.1848084777593612,0.7832340927606709,1.390945956875329,-0.060406445185448195,0.0059867682866752,0.7225146670573861,1.4230793983227812,0.05901179195977472,0.0057257530279457,0.8372721828809769,1.1701647254625875,-0.14877759109966562,0.0273485388606786,0.7684182044669207,1.1770521056955874,-0.004518743853197227,0.0118918512016534,0.7659411205173506,1.2925516199962954,0.15435541565310223,0.0076338956132531,0.7520975456766793,1.226538960972069,0.2487937288820733,0.0038614070508629,0.743869913955933,1.3429488719642815,0.20237777814185498,0.0085501046851277,0.7292166156177526,1.2451525529353829,0.2698852877537941,0.006251098588109,0.777470835541637,1.2734235014498712,0.07228655607312894,0.013006848283112,0.7407334682641209,1.2331620717684406,0.1743925736914068,0.0091443788260221
2025-11-11T0721.130152,71,0.8403564515002442,0.907582454516842,-0.4730665095716396,0.9932731986045836,0.8317352858896274,0.921764548927124,-0.4756788246141375,0.9913373589515686,0.8452095267393702,0.8812468077412481,-0.463874120655719,0.9917405247688292,0.8627658113565214,0.8843573949606579,-0.4522061999198896,0.9917077422142028,0.8377052293537834,0.8765643145496176,-0.5063607890039389,0.9912282824516296,0.8406808644978112,0.8800753932144828,-0.46233055595791667,0.9911652207374572,0.8379208358531728,0.8986407285774791,-0.4775853655497933,0.9912542104721068,0.8525089892959804,0.9197006044942174,-0.33000458579200254,0.990856111049652,0.7881949573122329,0.8989240468820481,-0.42785324834473887,0.9904894828796388,0.8409956555013742,0.941257537136365,-0.41999403952966513,0.98889422416687,0.8006496244499611,0.9109771040239634,-0.45338134224848425,0.9884379506111144,0.8438968416394875,1.0174472184146128,-0.2465918230091961,0.929288685321808,0.7136755725579566,0.9559748182907716,-0.2657280663459163,0.9258688688278198,0.8839406931322005,1.0454620651019093,-0.1071136650014965,0.2492038011550903,0.7219107966175596,1.0100289096101422,-0.21978209934065035,0.2656667232513428,0.8345445786328022,1.041351939214877,-0.06217721635230119,0.1276424080133438,0.7458926275225518,0.9756568936370338,-0.2160232740199755,0.1231907829642295,0.8490145454015966,0.9934575064632811,-0.0709818348476868,0.1562009304761886,0.7821438138798279,0.9621864889742406,-0.18590147348438502,0.1593920588493347,0.858471132795411,0.9845163329167319,-0.11005494540600455,0.1870874762535095,0.7705403126413649,0.9455999870427645,-0.20616942156709553,0.1928314864635467,0.8598558304352931,0.9919089742241256,-0.0713104084659382,0.176695168018341,0.7479486070813393,0.9721124120749467,-0.22439738374881665,0.1822290271520614,0.8097146490790986,1.388228781999411,-0.030014384758969576,0.0056142411194741,0.7347701078933839,1.4063206994165611,0.02808706680848651,0.0052965069189667,0.8104676579301051,1.226092611976593,-0.13617581479153032,0.0289715845137834,0.7481733322339159,1.2004633384517585,-0.04500101635894286,0.0123286833986639,0.7629395686246726,1.3205731670880974,0.1867012970523207,0.0076618483290076,0.7657031586371281,1.257726017043863,0.2506054551406703,0.0037965215742588,0.7742084008085205,1.3674520785890185,0.19552712538853376,0.0086251785978674,0.7233572524671893,1.2939124812665572,0.2748536328925917,0.006079071201384,0.7958125327498785,1.307835125879351,0.07071551688902639,0.0135473422706127,0.7478104135104032,1.2772432179262108,0.14374906975445956,0.0091693121939897
2025-11-11T0732.307785,72,0.8777252822775331,0.9072755462082954,-0.4815803952757694,0.9938275218009948,0.85015856045534,0.8748401009908405,-0.49832199242618874,0.992023468017578,0.8906913336533633,0.8799526897492733,-0.4962115888678327,0.9924128651618958,0.897076696697166,0.9087494963841521,-0.4882624465379432,0.9923608303070068,0.8469440692915985,0.8641177797840901,-0.5014006679661607,0.991917371749878,0.8489784157603096,0.875427170278503,-0.4764466351802055,0.991858720779419,0.8125428119521235,0.86718967654293,-0.5067374115750867,0.9919021129608154,0.8333678498089836,0.9157582957746718,-0.332026033712046,0.9915592670440674,0.8116231551706333,0.8984831811437156,-0.4024073758210141,0.9912431836128236,0.8239440509664795,0.9271666460167846,-0.41624195279142456,0.9892923831939696,0.8065134904462535,0.9102288653454906,-0.42702412193234557,0.9889368414878844,0.8447757434635244,1.0038433001768878,-0.23744338414026592,0.9263421893119812,0.7375758549969589,0.9683959573753788,-0.20608752651062842,0.9201732277870178,0.8718235097868867,1.0741909030126315,-0.16482558141690146,0.2436859458684921,0.6612609267412279,1.048599721115038,-0.12170234048553695,0.2448980957269668,0.861462887822395,1.0097208922268825,-0.14077223480181336,0.141048789024353,0.6981603400866537,1.0216808655366076,-0.07906557254283542,0.1234332621097564,0.8814507748238437,0.9980555507651506,-0.17915421972773296,0.1749304831027984,0.7372673943338747,0.9907574480253765,-0.10856437062786652,0.1633403152227401,0.8810109830542667,0.9968022079707443,-0.15158693871900483,0.2087772190570831,0.6989883008153838,1.0043084087457332,-0.12046783998798538,0.1985738575458526,0.8612403332146202,0.9706171287240417,-0.0964677832524205,0.1979475170373916,0.7105778488623342,1.001756582638188,-0.10750786666778515,0.1886054426431656,0.8111115784644453,1.4039266385882883,-0.062323358105973864,0.0051747509278357,0.7397296800349237,1.3625757044715123,0.03442644981078849,0.0048641860485076,0.8031830062158067,1.3467178628828438,-0.19973518443475652,0.0281179118901491,0.7103620776032548,1.3490962825055652,-0.02936981324499183,0.01182521879673,0.7958765930406988,1.558702522301764,0.07984144016097161,0.0071159522049129,0.7359662398997502,1.5391567225220826,0.19340781396293644,0.003500944469124,0.8004941252399997,1.5830240289407342,0.07011718316812673,0.0080946926027536,0.7509276608036038,1.5650613552414891,0.2065719000076187,0.0055761076509952,0.7682201130073053,1.6139700629734695,-0.09662396918423416,0.0128848440945148,0.7669160890023219,1.5569096283401256,0.02883377151262227,0.0085478192195296
2025-11-11T0791.759522,73,0.8143056080019965,0.9284438586700255,-0.458081762163876,0.9933988451957704,0.8544452513692782,0.8530674124697388,-0.4030172070541907,0.9914210438728333,0.8669348751255889,0.8806280095397774,-0.42716678857618307,0.9916303157806396,0.847964077884669,0.8802164202837373,-0.4013522227121068,0.9915655851364136,0.8404194998908441,0.8752844773720804,-0.4154664464157329,0.9914796352386476,0.8525626965660007,0.8408775707423749,-0.4155859943392271,0.9914373159408568,0.8612591722483465,0.8775702662067639,-0.43026798408055195,0.991560697555542,0.8598547994079637,0.8922678634213467,-0.15226767748738715,0.9901631474494934,0.8602478148532908,0.8670984316114113,-0.24971656586018418,0.990378439426422,0.8263640101945514,0.9161120754249419,-0.3865481424560187,0.9871588945388794,0.8145045566263173,0.9162115579534514,-0.39008428335185863,0.9879004955291748,0.8377908000371121,0.9989150788496632,-0.15945418768467332,0.9258824586868286,0.6893772043337781,0.9628237629999026,-0.07858611832924901,0.9206772446632384,0.9195171595144098,1.101894938790737,-0.21684282551842218,0.2310281842947006,0.6456907226158869,1.1025856922076076,-0.14097445419692084,0.2328231185674667,0.912286861551281,1.0944246861744813,-0.4395199477039435,0.1432771682739257,0.6699719239648426,1.1311185912535322,-0.3943073319803984,0.1355958133935928,0.9119632448516506,1.0909637345133425,-0.491771426484242,0.1832231730222702,0.6625534008301348,1.156146749730671,-0.4377088501860133,0.1772113442420959,0.8686510648305815,1.063366482026482,-0.4932363478980735,0.220625102519989,0.6963286579183994,1.1604891469806964,-0.512082304964525,0.2173938751220703,0.8825597044299384,1.0628592987208958,-0.45781672875481066,0.2072575688362121,0.6761291868428152,1.1545929785280873,-0.41535703986914974,0.2066734880208969,0.8028469152737299,1.39891472852441,-0.06583215273906666,0.0048261522315442,0.6912251972100858,1.3865932851884526,0.050948735888084344,0.0044888039119541,0.8274453126596024,1.6219456529405099,-0.19667698973589562,0.0258232913911342,0.6563454840626454,1.5751304389431426,-0.009546750072258952,0.0108101293444633,0.7822639790961458,1.9496727804994587,0.00907836774350836,0.0064310356974601,0.6798790003774132,1.9214983426478618,0.1308831670403137,0.0031695740763098,0.7913534542863286,1.9863164984675943,0.014810240556144709,0.0073125590570271,0.6565544707463021,1.9647031038747451,0.11994400332510224,0.0050467941910028,0.7550415552594637,2.017318536133805,-0.2120735116136559,0.0116589330136775,0.686574841010839,1.9802333724618508,-0.10882009109650799,0.0077592465095222
2025-11-11T0743.416398,74,0.854335828928134,0.9065499558318696,-0.456887802803846,0.9904581904411316,0.8806020067792062,0.8731417696241239,-0.3890672207790018,0.9874771237373352,0.8640753848517948,0.878422850095916,-0.4189828766600595,0.9861040711402892,0.8721126861841964,0.9067795913831083,-0.4048649377729404,0.9866958260536194,0.8497078972433533,0.8612570276249124,-0.44512869599833343,0.9891034364700316,0.8696073901483157,0.8698803802302679,-0.4279867972766875,0.9887000918388368,0.8557044954020978,0.869848537684152,-0.40825159823456425,0.9896914958953856,0.8520652813207767,0.8920143524989053,-0.20694723262932524,0.983101725578308,0.8330614014064815,0.8545880562055975,-0.34437059733617353,0.988556742668152,0.8282935883317382,0.9294642901652442,-0.3287637979082484,0.9852452278137208,0.8119895728361889,0.8928108929782497,-0.4294650436276801,0.9876558184623718,0.9185988694311157,1.0066217774112436,-0.09327863543867067,0.929638147354126,0.6886305090392798,0.9733563867463754,-0.29031627556589684,0.9272016882896424,0.9278032249747599,1.136509616417957,-0.12761346051897282,0.2257409393787384,0.5994034054429681,1.1525564520959692,-0.240160675932855,0.2432560175657272,0.8996052227504232,1.2121767959481573,-0.38604752384300267,0.1403465270996093,0.635664419118672,1.3060016040161675,-0.4058727190073003,0.1367976367473602,0.9332719114243032,1.225735774315971,-0.3928558355432759,0.1791376322507858,0.6064075470753678,1.3395565870860262,-0.43021902595461586,0.1786750704050064,0.9136726700407182,1.2099278232261002,-0.5067198941351647,0.2169768512248993,0.679972813806361,1.3399688083349994,-0.5090149773140001,0.221378818154335,0.9207458186606386,1.2050660936518596,-0.4159395029982307,0.2040967941284179,0.6473476216730443,1.3242016394859635,-0.42931207171088304,0.2101689726114273,0.8123760244236927,1.3861008386910691,-0.008228166211832958,0.0044913166202604,0.6984571372799384,1.367122481916938,0.012568265446109018,0.004163259640336,0.8168701684936962,1.6670390866432316,-0.12195769815134354,0.0233480241149663,0.6575646197173364,1.702239239845859,-0.15174783503479367,0.0097937313839793,0.80220590310025,2.0550147446010127,0.09730706007973292,0.0057921097613871,0.6185734232752189,2.0037495318407896,-0.05267495541145777,0.0028565225657075,0.7744963226563111,2.066905080174633,0.08848164424793666,0.0065849218517541,0.6206881110397215,2.0541051423740533,-0.036125324578135574,0.0045485445298254,0.7772213093047345,2.1137484466316927,-0.15802393209340226,0.0105097414925694,0.6602008371912754,2.099356642272197,-0.38083437066248527,0.0070022526197135
2025-11-11T0728.611808,75,0.8441904249433011,0.8852100654325216,-0.5104592680905544,0.9898023009300232,0.8627195660801383,0.877275650800201,-0.48851844711870435,0.986234486103058,0.8916088111778714,0.8871746780368467,-0.460757182680942,0.9848735332489014,0.8692958341647729,0.9119053997047426,-0.4807400726457879,0.9848740100860596,0.8612246343139739,0.8910360585528939,-0.5336409511845521,0.9885502457618712,0.8563081454002062,0.875586484857034,-0.5218550810323188,0.9883084893226624,0.867367345732801,0.8553422648065572,-0.5099559575150545,0.9891920685768129,0.8353507839937299,0.8909438031021397,-0.21373702843326647,0.9811975955963136,0.8543702805525853,0.8575737345630259,-0.4487795360773156,0.9887331128120422,0.8361527038194402,0.9287973654412827,-0.40537982989752563,0.9853106141090392,0.847081388142984,0.9033885798716016,-0.48606425933960096,0.9882791638374328,0.8526242520557193,0.9907067395393585,-0.09933223763250348,0.934233009815216,0.6464795627626504,0.968042992976998,-0.34945478981149847,0.9340078830718994,0.8740802351777813,1.161884661280427,-0.058461662598527225,0.210668534040451,0.6125629045433094,1.1570676439162173,-0.3567267198491402,0.2481784969568252,0.9148753101037034,1.2976667863680285,-0.2913528011867261,0.1300115436315536,0.6005221603239562,1.3350845655183767,-0.5063893030159451,0.1369823664426803,0.9298161586233983,1.3438432753221243,-0.340615420357918,0.1667142659425735,0.5974174001658137,1.4002483617099772,-0.550915067741446,0.1795875430107116,0.9263203490072534,1.345491071697003,-0.38908519963660815,0.2034305036067962,0.5864615877254101,1.360811350434186,-0.6061736551915818,0.2255586385726928,0.8835746858727275,1.3322714404747371,-0.2997661180429443,0.191709890961647,0.6173995331618181,1.3708403643361433,-0.5407570819818627,0.2121449112892151,0.7979132647011153,1.4241690735304258,0.01099650762946168,0.0040966630913317,0.661265737730073,1.3555742883571464,-0.020855826140479608,0.0038027532864362,0.7854346881451848,1.7135136805615765,-0.05843826409466243,0.0210666265338659,0.6377114649657399,1.6698267807782334,-0.26228018681938037,0.0088453320786356,0.7714422012366496,2.024682535085837,0.23908203810984643,0.0052154515869915,0.5882619352296337,1.988161391171931,-0.04248429224345697,0.0025722610298544,0.7891968516373659,2.084636293142983,0.20179436107894816,0.0059291347861289,0.591945609705117,2.0849156851986126,-0.031739334713857995,0.0040962160564959,0.7603152538716405,2.143579347890808,-0.09137803220271705,0.0094716995954513,0.6383376868031265,2.097321853301594,-0.40931392194251215,0.0063112615607678
2025-11-11T0764.723358,76,0.8607121317798596,0.8707075082817007,-0.613811378075877,0.990528166294098,0.8614121841724586,0.8880410444471514,-0.5608739378711992,0.9871532917022704,0.8716123956162777,0.8529625239649797,-0.5539058076510127,0.9860181212425232,0.8525368590369176,0.8657801376026668,-0.5852262668865585,0.9858787655830384,0.8523105867955421,0.8259202004817553,-0.6402259273747106,0.9893283247947692,0.8300229030696482,0.8755917102288113,-0.6340896332241932,0.9891879558563232,0.848151206351152,0.8407167850296012,-0.6021242892992595,0.9899117946624756,0.8293727732412953,0.8607988862929932,-0.3263956093586585,0.9826877117156982,0.8114891209583199,0.8315843509837486,-0.5358000796816145,0.9896987080574036,0.8408659133794002,0.8890227894440402,-0.510579387685875,0.9865751266479492,0.7951614856533818,0.8765225048751424,-0.5825213786967146,0.9893344044685364,0.8393098266633762,0.9637241386311897,-0.11216259968323124,0.9405683279037476,0.6555926478522476,0.9256608931719146,-0.4251792322754474,0.940525472164154,0.8890947016180237,1.181797821495864,0.0056054778805819105,0.2035853862762451,0.5687294530491916,1.130316079665569,-0.3664725136437731,0.2764723896980285,0.8992821971281874,1.3018833136691292,-0.18482787743752,0.1217689141631126,0.5511647638032415,1.286432926738756,-0.5464269559548083,0.1393685340881347,0.913764432690813,1.3618787347996604,-0.20758864245529898,0.1559080183506012,0.5300958414736971,1.3189160398158712,-0.6134911960626721,0.1794129312038421,0.9006016533648991,1.3624616099140985,-0.31722741019021544,0.1919513046741485,0.5434469619183714,1.3473345257052227,-0.6877707468473027,0.2282232493162155,0.8594674567655621,1.353544757983239,-0.2702450986393396,0.1810069680213928,0.5513696896124232,1.3362347009941862,-0.5685570227949817,0.2128496915102005,0.82145518600278,1.3923490676517216,0.05445678549845451,0.0038559553213417,0.632218459390529,1.3459829886987933,-0.06631965337639176,0.0035731783136725,0.7511037721870413,1.6713253208509038,-0.05337522398581784,0.0191317908465862,0.6139377717402078,1.6542899615387583,-0.2598107107098292,0.0080462535843253,0.7267364351087411,2.0005478314688987,0.22518207048463465,0.0047062053345143,0.6017433835298945,1.9629808252696186,-0.09124746757412985,0.0023188502527773,0.7327481432647613,2.0522879847537627,0.2219444043390143,0.0053502386435866,0.541153595621748,1.9906888677341783,-0.07383545618088248,0.0036940625868737,0.7378173623169574,2.0988438952735735,-0.07768924795077592,0.0085688261315226,0.6266872986405378,2.056808442016317,-0.47009668343348504,0.0057032699696719
2025-11-11T0738.529639,77,0.842822972760951,0.8432092782145368,-0.6482405832826226,0.9913834929466248,0.8442467426852708,0.8102315775737391,-0.6171839911495458,0.9882092475891112,0.8383839397430641,0.8188974212732171,-0.6043111166287432,0.9872655272483826,0.8569505251465674,0.8437174578323268,-0.6049206058280242,0.987073540687561,0.8061564394220488,0.8027158493991644,-0.6391014921360638,0.9901851415634156,0.7965215645408306,0.7861393109140437,-0.6233861277403867,0.9901255965232848,0.7930665629746385,0.7823203358220029,-0.6655586269110843,0.990697145462036,0.833041133492042,0.8192191501761201,-0.33838029633820116,0.9842045903205872,0.7782146789287727,0.7866349860589603,-0.5275092401290857,0.9905738830566406,0.8242695459558764,0.8787227831987733,-0.5575627197062519,0.987840175628662,0.799207468844962,0.8566657113976759,-0.6192729179829448,0.990332007408142,0.8658374486490222,0.9894546385238889,-0.11454118034495375,0.94636070728302,0.6146186891136531,0.9392911659840959,-0.3898326440687413,0.9463629722595216,0.892503646242735,1.1840965959719747,0.06152465130058742,0.1971764862537384,0.5551062359844758,1.077111703409603,-0.33768674913878277,0.2899170219898224,0.890531051906755,1.3443159140447527,-0.07457723296448579,0.1124526038765907,0.54999440440201,1.2833099160009354,-0.560865278994976,0.1315911561250686,0.9296604640900494,1.4080925013646775,-0.09650980159587726,0.143083706498146,0.5243391161035483,1.338328559569297,-0.6070435291635191,0.1673221588134765,0.873068561119002,1.3922030730332,-0.14425643254148673,0.1769762635231018,0.5475723168408806,1.342017005921224,-0.6846341361944499,0.2139961421489715,0.8645089885046183,1.3525378520068154,-0.10097847189285165,0.1669375151395797,0.5477959344149798,1.3192161362584602,-0.5756074916218838,0.1988179087638855,0.769417960056431,1.3612013366467033,0.009112067775620824,0.0036384116392582,0.6275353683210729,1.3394732344580647,-0.010654882888994757,0.003342444775626,0.7703207604223905,1.657700499243793,0.01853741090285629,0.017270240932703,0.6083434880446612,1.652500178258358,-0.03995579432517525,0.0072632050141692,0.7026634355450365,1.9875088689777445,0.4295657143069484,0.0042436029762029,0.5917503216871406,1.967874667324681,0.29609920325222544,0.0020883553661406,0.7063040430951707,2.0333760341713707,0.43977663059363753,0.0048233950510621,0.5559622659888653,1.9975184758250382,0.3457095150019197,0.0033291154541075,0.7063054896582407,2.0700381721279584,0.08665378620867442,0.0077312672510743,0.5730323630129406,2.0353210419814736,-0.09608512791097842,0.0051436172798275
2025-11-11T0795.812121,78,0.7895402282027197,0.7876807272660539,-0.6664760574262311,0.9921894073486328,0.8168378315062584,0.7796946687577702,-0.6248797230284538,0.9892468452453612,0.80240853252133,0.7975326755219972,-0.633814687479243,0.9884463548660278,0.8130900784863473,0.7861784461124756,-0.6356528468898698,0.9882407784461976,0.8150874491433573,0.7701243135359855,-0.6645000060014723,0.9910293221473694,0.7490802347094709,0.7806257606278371,-0.6534286787724642,0.9910144209861756,0.7454944461797071,0.7355233078830952,-0.6558518343730023,0.9914730787277222,0.7976045686991905,0.7870537328939142,-0.36608891180589553,0.985656440258026,0.7187445899315521,0.7863396259107144,-0.506236137034841,0.9914007782936096,0.8423859241862369,0.8532705748016683,-0.5655877278966019,0.9889999032020568,0.7429977174892479,0.8086899909266723,-0.6022830120269587,0.9912455677986144,0.852445532051078,0.9934882063342662,-0.12027758179442916,0.9516209363937378,0.6163211345529599,0.9147708867782345,-0.3573480010779165,0.9515759348869324,0.8676045411767855,1.1566632163608617,0.016253041163279903,0.1902440637350082,0.5491217760050466,1.0801333157933457,-0.3588696723245069,0.2874328792095184,0.8745378594192417,1.3168948739780117,-0.1712412856105207,0.1024921238422393,0.5041139188468777,1.2809744728003059,-0.5982449974489304,0.1209075972437858,0.8816680482170128,1.3940575287718053,-0.2127329397721718,0.1301833689212799,0.5333160091853713,1.3419813501541016,-0.6801306350317947,0.1530569791793823,0.8611630088543324,1.3924010750603424,-0.31717179066185563,0.1616947799921035,0.5477850801930113,1.3961804504426647,-0.7206920106823582,0.1964238435029983,0.8659320218222984,1.3656069842358638,-0.21596496440148202,0.1524039804935455,0.5723142814780332,1.3326760257194339,-0.6114025035243896,0.1823206096887588,0.7829723766489932,1.3209588709670697,0.016329914643114847,0.0033593452535569,0.6060945638421914,1.3000995303035026,0.0022415990124290876,0.0030818646773695,0.7463327504832342,1.6647520334775887,0.05058209026046871,0.0156264286488294,0.6075672975858452,1.6784733797126339,-0.05266972176165126,0.0065706744790077,0.7330364121766674,1.961004047563409,0.4552433476617821,0.0038311451207846,0.5728723251968252,1.923173306905648,0.30152808048667973,0.0018825135193765,0.7288472118255473,2.0245363663348517,0.47049151778553033,0.0043501807376742,0.5754848810170519,1.987091286349992,0.31481226647019017,0.0030031972564756,0.6962296921513687,2.073452951996176,0.11080332976075484,0.0069821160286664,0.5897958783898536,2.0574160644349955,-0.12687359078009525,0.0046440907754004
2025-11-11T0785.239575,79,0.7794865609578665,0.7524111556203926,-0.6590348145922988,0.9929156303405762,0.7883171531283821,0.7332799686264251,-0.6034345438639884,0.9901418685913086,0.7841170629726513,0.7114792259182497,-0.6224598629857713,0.9895076751708984,0.790093180814978,0.7269700131300352,-0.6364897030506524,0.9892560243606568,0.7530533758311081,0.7254864128042984,-0.668613171724371,0.9917582869529724,0.7468302599996124,0.7074360558984538,-0.6867153473709094,0.991814374923706,0.7130630062951889,0.7539433394649556,-0.6761480680961043,0.9921386241912842,0.7685313584529894,0.742702847517896,-0.3715237198059092,0.986948549747467,0.7066928223294795,0.7475078393344246,-0.4915155983086386,0.9921332001686096,0.755975673707065,0.8014484288180318,-0.5994151970478494,0.990026354789734,0.7520818801730134,0.7960712172816629,-0.6180927330365015,0.9920496344566344,0.8181298164250812,0.9710304186729628,-0.12030982851264722,0.9563248753547668,0.6088077855873113,0.9007090656995526,-0.3467035802658421,0.9562704563140868,0.8539736479739057,1.1755128317984727,-0.022300371773910047,0.1889563947916031,0.5047129608418245,1.1215985199320342,-0.3270481917397962,0.2900475263595581,0.8435191151809999,1.2940974367382982,-0.25786625539278524,0.0932687669992446,0.4738197110761745,1.2809034859389892,-0.5037027132842865,0.1111909449100494,0.869900300631726,1.3760954372167515,-0.306926899966048,0.1181326135993003,0.5041313094725182,1.347036746255629,-0.6096789031722116,0.1398475766181945,0.8898466350897362,1.3628347169289776,-0.37167117557720364,0.1472372859716415,0.5262801763961971,1.3554602624113186,-0.6543198799615585,0.1801404058933258,0.8567463722750281,1.3571058271678555,-0.25206766973703154,0.1387406289577484,0.5386659074358435,1.3233758569802732,-0.5404104040272515,0.1671729832887649,0.7579258841795816,1.3396788259293253,-0.002545286010176834,0.0030882202554494,0.5890637970352949,1.3322859606340531,-0.019321781346788598,0.0028446977958083,0.7459146311581243,1.678463811572821,0.016901844717244513,0.014107272028923,0.6073033719774108,1.6522478737411845,-0.06588857990181213,0.0059386547654867,0.7374175644038846,1.9925853695964402,0.37931191120792646,0.0034520581830292,0.5773932562186218,1.959859478272867,0.2559709496087294,0.0016960913781076,0.6906377253092707,2.04229472150201,0.38314977500788694,0.0039194636046886,0.5656691301034935,2.026552622977404,0.23477801183248231,0.0027073125820606,0.7299068911564274,2.055343299199142,0.08208695841108105,0.0062947571277618,0.5907489568817575,2.046720832955608,-0.184189902979694,0.0041894237510859
2025-11-11T0771.521492,80,0.7217401014584223,0.7217030671644172,-0.649416868573074,0.9935219287872314,0.7558166589892761,0.6965782999635595,-0.6455875866067772,0.9908157587051392,0.7241039862918561,0.6997241855167385,-0.6240332878656283,0.9903593063354492,0.7607629662798057,0.7112378876142835,-0.6348893936123321,0.99007910490036,0.7065279783107626,0.6985905520083213,-0.6436297155135222,0.9922478199005128,0.7260911632213279,0.676517762954303,-0.6417633580292049,0.9923869967460632,0.7104028886998374,0.7088207925951959,-0.6368120212918122,0.992560088634491,0.7298930672103745,0.7510903088527124,-0.39373286784954326,0.9880166053771972,0.6974500729931836,0.7230536963480368,-0.45074197995981025,0.9925438165664672,0.7635967078360257,0.7809144770965981,-0.5824857728674436,0.9909343719482422,0.7199828365179057,0.7528380159455156,-0.5659187835215143,0.9927172064781188,0.8735214030914232,0.9413736210419444,-0.2547892292636888,0.9604975581169128,0.6009801251938688,0.8913064539623293,-0.29860341486327296,0.9603661298751832,0.9240919066222503,1.1478513130377148,-0.15174672701267689,0.1913419067859649,0.5046197418276298,1.1293772501992339,-0.3055291534197787,0.2876445949077606,0.8866738169258412,1.3112236649586142,-0.29515361021246733,0.0863742083311081,0.5356638537520053,1.2683147432668536,-0.5148522162898592,0.102861687541008,0.8866898141857269,1.391138332770811,-0.3543744561105858,0.1084426492452621,0.514347753952546,1.374115087423939,-0.5596494076908289,0.1282264292240142,0.8653844225775502,1.3938931064663616,-0.4201615290129189,0.1360908299684524,0.5642577285735613,1.3769709798736698,-0.6249065300234602,0.1658804714679718,0.8510775822997128,1.3451530129162332,-0.3215133226187489,0.128541350364685,0.5509600643078131,1.3413090667260528,-0.531328286753324,0.1542929261922836,0.7355104083495057,1.3417261091526713,-0.0353255429224912,0.0028346020262688,0.6105546893807667,1.3133618253408663,0.026810027460806973,0.0026217508129775,0.7564167033543495,1.6573778265404615,-0.014743785042355857,0.0127152474597096,0.6193511143728127,1.6407571011877409,0.09893473563073413,0.0053602023981511,0.7462580491963398,1.951878259392157,0.4389447940336141,0.0031097959727048,0.592870217640994,1.9421085394483373,0.4520331176200638,0.0015274772886186,0.7481858698852435,2.027008878304267,0.4702205756643203,0.0035305342171341,0.5891977842916964,2.005846572988969,0.4744669109102813,0.0024398192763328,0.7179575214211735,2.0550858948549897,0.08732654967945917,0.0056706555187702,0.6110836352456466,2.024161595871376,0.06366371899879607,0.0037782215513288
2025-11-11T0793.109719,81,0.6969739975205521,0.7258710210590231,-0.6526604114975988,0.993998885154724,0.7348035562898756,0.6926919356877512,-0.6356818707881571,0.991247296333313,0.7432022376962922,0.6916172990322077,-0.6186689520731438,0.9910079836845398,0.766135009522734,0.7098205013143524,-0.6498303974891884,0.9906951189041138,0.7006024177236307,0.6931512182243013,-0.6588978910401261,0.9924697875976562,0.6932780319149812,0.7034116506693935,-0.6489147066558817,0.9927164912223816,0.6799591175157214,0.6973206491021217,-0.643543526580436,0.9926871061325072,0.7409755441919043,0.7403092855209428,-0.4369772534310559,0.9888620972633362,0.6764643627611562,0.7065061222536984,-0.41403026179711067,0.99262273311615,0.7334225467904602,0.7559213412625627,-0.6035342413515872,0.9917157888412476,0.6943333919295415,0.7226361241823825,-0.6014576391598032,0.9932385087013244,0.8319515070760494,0.9307764054733664,-0.2550413443334313,0.9642657041549684,0.6140259086676679,0.9229219068426302,-0.2638635234922121,0.9639485478401184,0.8832144371946742,1.1181388871887425,-0.1895900550817433,0.1936911940574646,0.5215455184971817,1.1354306429396925,-0.23126924053628137,0.2887526750564575,0.8897486641019167,1.2791100197364709,-0.425972679294186,0.079739362001419,0.5460310452065124,1.3088915277126465,-0.5118091023514839,0.0946044772863388,0.9004904063635384,1.33340101382023,-0.4887533539247538,0.0990780368447303,0.5101132649954766,1.361112839303018,-0.6354620998883004,0.1168710589408874,0.8850504868657155,1.3688350181178688,-0.5363422326970608,0.1249805986881256,0.56739670734487,1.3805263673887207,-0.6621051281165591,0.1516175121068954,0.8370979256260626,1.343446139549991,-0.4119929128256003,0.1184160336852073,0.5512676714697017,1.3227124801681076,-0.5617971901465869,0.1413396745920181,0.7516007750054494,1.3288321008881394,-0.047345472759207176,0.002636041957885,0.6015265155173842,1.3197958283046582,0.023644466798201008,0.0024507085327059,0.7533456246644407,1.673201111614746,0.010769147360760699,0.0114631159231066,0.6202873519359475,1.6411082049784564,0.15195777826797593,0.0048432894982397,0.7419338226907403,1.9901812733109596,0.4969196535469188,0.0028013011906296,0.6155316637358759,1.9716665586875335,0.5764735302073773,0.0013758789282292,0.7131186169592785,2.008383227307089,0.5449970207831253,0.0031803199090063,0.628911885296183,2.0072881390631068,0.5860602274222576,0.0022003639023751,0.7392131158901185,2.062369781568793,0.1538578940066008,0.0051073273643851,0.6218244079188445,2.0610317655701533,0.19512474180523795,0.0034091037232428
2025-11-11T0788.796995,82,0.7493992287464772,0.7004426822415696,-0.7182065444798567,0.9944288730621338,0.7285069164979732,0.6884971662340121,-0.6753867281455709,0.991635799407959,0.7476259860775369,0.6916004539085145,-0.6540203145503922,0.9915986061096193,0.7372841595150744,0.7061937567096855,-0.6797751773612752,0.9912448525428772,0.7034070818119733,0.7108674319492048,-0.6813439081029214,0.9926575422286988,0.7002106308204009,0.6661233824314755,-0.6880690290863006,0.993018627166748,0.6685243231664015,0.67529405676213,-0.6658454355553812,0.99280047416687,0.7733999298016421,0.7289438549864329,-0.44817176701933664,0.9896149039268494,0.6532410239706832,0.7141930820894806,-0.4373619940346724,0.992745280265808,0.743144034884388,0.7518495510047426,-0.6345320500098651,0.9924209713935852,0.6941760831040551,0.7817523608583222,-0.6525659196742123,0.9937162399291992,0.8306826444267129,0.9057222916348971,-0.25454865744302013,0.9676716923713684,0.5968513676299223,0.8852117456549595,-0.2871556198365994,0.9672309756278992,0.8759263257307658,1.1618644820171564,-0.21317957261813256,0.1990453600883484,0.5422255491299933,1.1403056920149863,-0.2092043100124744,0.2876730561256408,0.8601663019189612,1.2972959272895181,-0.4300009445213745,0.0736683085560798,0.5112246553428209,1.2944263463547332,-0.5035824983371002,0.087075762450695,0.8604776047481066,1.367564895349948,-0.4717068786892608,0.0907295942306518,0.5253389404850533,1.347382902228671,-0.5443309953748768,0.1066964119672775,0.861808626433784,1.374890222216873,-0.5341718253110536,0.115157201886177,0.5254906203705696,1.3622832357196963,-0.6270510242506624,0.1388759762048721,0.8472111304168796,1.3328321095319893,-0.43497745495164114,0.1094250008463859,0.5741001948530693,1.3512015645736295,-0.5325176716069755,0.1297863721847534,0.7716201044683516,1.333465243088715,-0.06467693710148946,0.0024324564728885,0.6369411915111436,1.2912529621951603,0.030576330094108806,0.0022682868875563,0.7655960571335039,1.6358989479103483,0.035425857697993474,0.0103310961276292,0.6029923379807068,1.618590694934098,0.08040957433870698,0.0043711196631193,0.7662672891401923,1.9310775675834044,0.48200797589892114,0.0025233570486307,0.6020888037565393,1.937352804743795,0.4906763500398425,0.0012390679912641,0.7719105907208916,2.000553167003311,0.52510524574278,0.0028644483536481,0.5989596114948837,2.000273054770031,0.5256956536900724,0.0019829934462904,0.7076572545844626,2.035289000351398,0.15744063527657898,0.0045999032445251,0.6437275172597325,2.0465956773030083,0.11634421744175642,0.0030736848711967
2025-11-11T0730.911293,83,0.7355346168319876,0.7091145288532512,-0.7195203006172572,0.9948374032974244,0.7626380004479164,0.7090630603557473,-0.6908088879136122,0.9920338988304138,0.7397346614142836,0.6953789864155735,-0.6785683022801511,0.9921445846557616,0.7258146856062829,0.7061744820042145,-0.661882107010396,0.9917852282524108,0.7036736219777499,0.6535249808059729,-0.6804814769695392,0.9928474426269532,0.6984208647140993,0.7033182979790734,-0.6910838346416397,0.9932618737220764,0.672378064771076,0.6625681347998871,-0.6741449766064833,0.9928957223892212,0.7393752902238935,0.723021716703027,-0.4593592256788244,0.9903154373168944,0.6765641795393967,0.7111244671795365,-0.41662449397574763,0.9928094148635864,0.7534839144282287,0.7475155534463329,-0.6232899189336167,0.9930694103240968,0.7011722317763975,0.7522836353050457,-0.6356018775879142,0.9941563606262208,0.8458954399021963,0.9135669589806757,-0.26635625944638774,0.9707823395729064,0.5867247394664644,0.9076894355157792,-0.26083912095838135,0.9701732993125916,0.8897618950662136,1.1803470707788626,-0.25318415693862883,0.2044132053852081,0.5350259023340667,1.1468653473837502,-0.19287584565787388,0.2827011048793793,0.8599712297306722,1.3232793919055987,-0.4528409739287791,0.0679048150777816,0.5318531348048712,1.3374677868511178,-0.4907099165796894,0.0798057168722152,0.8935746216647469,1.3660882801044485,-0.5333502396929598,0.082928329706192,0.508576059905083,1.3315117472660583,-0.5601966613602671,0.0971212014555931,0.8848022024332974,1.3904846664825248,-0.6002388512996562,0.1058699861168861,0.5343594969518695,1.3446892742447656,-0.6233865212643964,0.1267697960138321,0.8532655241834703,1.3327102603673464,-0.5208961467137161,0.1008870005607605,0.5759896492901921,1.3299256447118692,-0.519496998224771,0.1187387034296989,0.7826026852201705,1.328923316090029,-0.05796122654307946,0.0022480282932519,0.6402817991588635,1.3126695622294922,0.035944272474149414,0.0020991046912968,0.7564049944907885,1.653412745231123,0.06961790980750926,0.0093093393370509,0.603440885669993,1.655862619502235,0.20982282922557696,0.0039429333992302,0.7248981140418009,1.9564714500394071,0.5959622543907768,0.0022722475696355,0.5956168562072033,1.9683001631851935,0.6243246171447447,0.0011156346881762,0.7557211666935149,2.0277857260722514,0.6138861684379072,0.0025791469961404,0.6068906212610319,2.021068897225316,0.6649844068154906,0.0017861268715932,0.6897963668141106,2.072579773117658,0.22621563209143689,0.0041422233916819,0.6194677756399328,2.0776670309914476,0.22536219524030157,0.0027695980388671
2025-11-11T0712.716346,84,0.7305285718665326,0.7472761584896289,-0.8574691031274442,0.9952445030212402,0.7354649831331925,0.6831856414868429,-0.8263991114809232,0.9925174713134766,0.7507253384152331,0.713154390841265,-0.8387448596085743,0.9927325248718262,0.7276516734392005,0.7135382603098209,-0.8359221692185816,0.992360293865204,0.7083399107488508,0.6711408651183366,-0.8511434684899288,0.9932176470756532,0.726385155783699,0.6756290950362913,-0.8401655534529652,0.9936766624450684,0.6776022411345717,0.7240618710373152,-0.8434917452074683,0.9932382106781006,0.7312907628041574,0.7001651541494841,-0.5605087521408841,0.9910686612129213,0.6849231400722955,0.7286662515062423,-0.572214308335784,0.9932325482368468,0.7348749779790059,0.7468176565098464,-0.7636102095013916,0.9936784505844116,0.7033575968112035,0.7957614227147434,-0.7562928971914193,0.9946216940879822,0.8465585833810145,0.9020159270336309,-0.35129296920157926,0.973602533340454,0.5841279874706425,0.8602477695466579,-0.3659525133860753,0.9729194045066832,0.9003626565309341,1.1399326378691144,-0.2711314611431707,0.2204998433589935,0.5559764454651352,1.1437434968648477,-0.23621035508959431,0.2950912117958069,0.870875306426016,1.3088822504976685,-0.5036032960864437,0.0633134767413139,0.5408949096760867,1.2804652256052094,-0.5297013092063617,0.0742033943533897,0.8999522596142923,1.364670934179121,-0.6162562225455451,0.0763454660773277,0.5106447147336134,1.3742277491842172,-0.6097008826280598,0.0891176089644432,0.8658259187907957,1.3864246540531886,-0.703579700157727,0.098172403872013,0.5214353209007909,1.3453073390195618,-0.6586873654466489,0.1168073266744613,0.88815016875988,1.3460096855373818,-0.5761054986551079,0.0938513204455375,0.5601199837329183,1.3639341288653652,-0.5661217574256449,0.1098010763525962,0.801969996611046,1.3254105474806614,-0.06684892074901587,0.002110632834956,0.5830470650063828,1.3179870309863915,0.08714856884650812,0.0019835801795125,0.7959705658107311,1.6587489872571484,0.04265967048034017,0.0084053967148065,0.6135203884267484,1.689342275164931,0.1539396977048866,0.0035680609289556,0.764625379189144,1.9435672982965113,0.5118842497738392,0.0020479168742895,0.6216238670029408,1.9553959990492291,0.4792088333563033,0.0010054485173895,0.7382141943919796,1.9935024633949898,0.5140192197442235,0.0023240600712597,0.6013344352853246,2.0491758862732934,0.4811769474122613,0.0016112317098304,0.7215340283196792,2.0537123441463554,0.1538088447526898,0.0037323345895856,0.623102096083507,2.0578750541898385,0.10363502238948703,0.0024999922607094
2025-11-11T0785.559744,85,0.7412626924086716,0.7393911023512431,-1.007774786862195,0.9956158995628356,0.7420821095919219,0.6882748127735346,-0.989134308863341,0.992970049381256,0.7636468051156046,0.6999361443479128,-0.9510012641385962,0.9932631850242616,0.7537457626551363,0.6819074214808396,-0.9807939170429019,0.9928995370864868,0.7244476241106844,0.6795214298811815,-0.9886962504139736,0.9935687780380248,0.6920866106671778,0.7236852517160353,-0.9542560934061881,0.994048237800598,0.6875985958848648,0.7155999176804023,-0.9837603335858398,0.9935713410377502,0.7574031705063545,0.7133297009192008,-0.7047237187526892,0.9917600154876708,0.6964839872467805,0.7256891066283746,-0.6924077361967844,0.9935945868492126,0.7289605668806456,0.7464371311127808,-0.8967889480919676,0.9942175149917604,0.7146656204563465,0.7855355120143716,-0.9054491063222895,0.9950183629989624,0.834184346265628,0.91725026471364,-0.4409540272896988,0.9761127233505248,0.5738821764437714,0.8901361766152085,-0.48760927715300434,0.9753100275993348,0.8853119424998631,1.1406702103995103,-0.3603869332452718,0.2386104017496109,0.505108990115386,1.1381192671846967,-0.3293879811440736,0.3080136775970459,0.895467155577824,1.3217218006313,-0.6084613270779856,0.0591399036347866,0.5452227502047292,1.2886772113803977,-0.5436807893660865,0.0696354284882545,0.8920518054708896,1.3591105124460336,-0.6583434582341365,0.0703161060810089,0.5235045521023528,1.3674004794475465,-0.6399294130260313,0.0821908265352249,0.8832828715792186,1.3957389878623803,-0.7280606751928924,0.0911122933030128,0.5591690376757749,1.3587031060503896,-0.7214972962714294,0.1083266511559486,0.852051487762883,1.3535767539787928,-0.6245559771126825,0.0874425321817398,0.5546349271372549,1.3262507223024294,-0.5511590144988175,0.1022680252790451,0.8048672569694074,1.3407796860131318,-0.038002477483105104,0.0019501026254147,0.6238646506732597,1.3326942828271031,0.042585651178426935,0.0018439110135659,0.7788488466265208,1.6804341181164784,-0.004707453295355657,0.0075855539180338,0.6089094293572822,1.6446728842374467,0.11941518842207452,0.0032268278300762,0.772629761535348,1.9623888304881607,0.4912863518042193,0.0018445635214447,0.6041620340285638,1.9915864973867892,0.42407847728531406,0.0009056546259671,0.7355295278843554,2.019803282320985,0.540810663262579,0.0020928564481437,0.582559353884137,2.0178200259156793,0.4720780793941387,0.0014518653042614,0.7176368734476878,2.071545601730455,0.12710903307905938,0.0033617042936384,0.6256170288797405,2.0710758305387102,0.07605415662074655,0.0022547841072082
2025-11-11T0759.921089,86,0.7241498035364546,0.7164656594797215,-1.2197217813153303,0.995849907398224,0.7180324270674137,0.6972195111998174,-1.1537399732585876,0.9930605292320251,0.7413120103130985,0.6736642860159447,-1.1846797499153112,0.993455171585083,0.743337582553431,0.6879361208319075,-1.17360351263195,0.9931252598762512,0.7038571192805069,0.6808832531491158,-1.1793310750206631,0.9935500025749208,0.6808556415161436,0.7018725514533336,-1.2116156738628765,0.9940272569656372,0.6912843986937794,0.6857506342923462,-1.1987762516385687,0.993500590324402,0.7462900272728399,0.7146224607175334,-0.8945492024301778,0.9921024441719056,0.6664017696003338,0.6928953492687783,-0.8941729647415075,0.9934548735618592,0.7776543310083623,0.7558067716639583,-1.0959714724378677,0.9946351051330566,0.713827519130711,0.7626650551788717,-1.0870191880471587,0.9952313303947448,0.8636910714512339,0.8698428668802402,-0.6440788743883965,0.978255569934845,0.5996565366071835,0.8703353101228813,-0.6107577312564894,0.9770811200141908,0.8950171014831021,1.1161552645370618,-0.5757962714470818,0.259576141834259,0.5153586757925602,1.1565934812690342,-0.4309754834898224,0.326780617237091,0.9058489389156589,1.314115898617609,-0.7613817216841862,0.0576891154050827,0.5122751902890017,1.360771140797421,-0.7024883569969583,0.0695771649479866,0.9356146620978973,1.3682495270716697,-0.8450382675629105,0.0663421601057052,0.5306167948198626,1.388608918018003,-0.778340184248947,0.0781213566660881,0.9067392516665249,1.3798872009946967,-0.9257712554338052,0.0868972912430763,0.555321779800849,1.3728065356962982,-0.860925637685633,0.1038326025009155,0.8730882644993773,1.3592098459256394,-0.8349438348566689,0.0845326408743858,0.5525232183009888,1.364532073813783,-0.7494549007901794,0.0992375239729881,0.8180620290035914,1.284772701163165,-0.06476908542219198,0.0018205284141004,0.6129932942595513,1.3485517045455693,0.056004159684111446,0.0017342182109132,0.7833702311636406,1.686698889338234,0.0402348234770849,0.0068398783914744,0.6361549622349219,1.6890416597841842,0.1682570305345566,0.0029167265165597,0.7786425257287303,1.9897917924461281,0.6193218001747479,0.0016608528094366,0.6001714613082393,1.9830534584428163,0.6356288808732482,0.00081550196046,0.7590862416837564,2.0335447801497626,0.6297714547651195,0.001884153462015,0.6248826744295618,2.052543146381072,0.6999515995735343,0.0013077403418719,0.7148791940786537,2.128567977020608,0.2063082475210263,0.0030264204833656,0.6556345650580576,2.0881473494398564,0.2389196747558221,0.0020327090751379
2025-11-11T0723.557473,87,0.7013406314975128,0.7182468116358369,-1.0063544171884329,0.996141791343689,0.6961964730664069,0.7158969895664427,-0.986353764852545,0.9934423565864564,0.7032901092609655,0.6858571953649097,-0.9826841303757796,0.9938715100288392,0.7263049845734966,0.6979483347194344,-1.0056295614638158,0.993582010269165,0.7243168597691388,0.6543253360878544,-0.9860965242909996,0.993764340877533,0.6750031164879119,0.712891587944285,-1.0138219332343832,0.9942014217376708,0.6738666881080252,0.7068601219841392,-0.9883875306944442,0.9936313629150392,0.7758979991643519,0.6969797624290551,-0.7972082737424209,0.9927005171775818,0.6574231834110739,0.6768324359720159,-0.7165454161914893,0.9935385584831238,0.7337847394170643,0.7914629214783322,-0.9295810771155951,0.9950895309448242,0.710222542628973,0.7633844722782943,-0.9292880941759913,0.9954971075057985,0.8472693898202608,0.8988211249089083,-0.570695495199866,0.9803041815757751,0.6117536621730653,0.8851840785976307,-0.48856095445702086,0.9787559509277344,0.9212924988420578,1.1323130123355396,-0.5360759574968276,0.2795793116092682,0.519074430646277,1.1307374336506006,-0.3572121891994745,0.3299765288829803,0.9246169906796756,1.3364384285190494,-0.7950820818573073,0.0563433319330215,0.563048192626077,1.3338550875456079,-0.6210681243316397,0.0676755681633949,0.9582956135523473,1.414833445082832,-0.876340582189101,0.0628252178430557,0.541822124169576,1.4169529391368818,-0.7318523809127739,0.0735589489340782,0.9023396405694355,1.3798975101225666,-0.928453417064047,0.0835413485765457,0.556969267512297,1.380285254104303,-0.746207302768219,0.098667673766613,0.9187193108141821,1.3757879285921737,-0.8189447499157263,0.0818780064582824,0.5564990842529789,1.3649009698296481,-0.689728483153245,0.0951012149453163,0.7986493635549623,1.3131850630500055,-0.078013493718228,0.0017109104664996,0.6434605824135673,1.312085587318783,0.06656464862382414,0.0016438440652564,0.7957277661760394,1.6791839936530344,0.025112217046427864,0.0061732549220323,0.6452396146997865,1.6860557407449124,0.27693487619639323,0.0026384098455309,0.7913600206493788,2.031079350934609,0.5661829362304706,0.0014962322311475,0.6292304677130865,2.0433967569060276,0.8111387352425576,0.0007346260827034,0.7924704205213232,2.086396160659205,0.6087935313019998,0.0016967931296676,0.6301887932730991,2.0475834669002237,0.8797921632207143,0.0011790851131081,0.7703163522297654,2.090967436367644,0.17099673908259824,0.0027254936285316,0.6443605805916138,2.115786998986983,0.4340886751177975,0.0018339721718803
2025-11-11T0771.378844,88,0.7098811528819482,0.7448768182291595,-0.9525521485496442,0.9952605366706848,0.7120321845125508,0.6846906631168161,-0.9684018574243942,0.9925129413604736,0.7198111589110706,0.6771575627671791,-0.9434248611996967,0.9927699565887452,0.7328785929730391,0.6714598768441764,-0.951401989764666,0.9928036332130432,0.7018514201620174,0.7265331050442372,-0.9179387876670588,0.9925242066383362,0.695018299683168,0.7168320494389854,-0.8949249117474644,0.9928085803985596,0.7108092171171576,0.7137609736242293,-0.9222534183579748,0.9925825595855712,0.7108467662871985,0.7369415168079863,-0.7759936468812657,0.9923593401908876,0.6872035069036454,0.7479724724169694,-0.6735296599285178,0.9929373860359192,0.710169546889033,0.7621318039314156,-0.8792007170227032,0.9949429631233216,0.7115611341337278,0.779669330733797,-0.8582579086917647,0.9948272109031676,0.894486728001295,0.9073045753765684,-0.624911046130691,0.980924665927887,0.6146499345827695,0.9245778614961518,-0.4466263298786389,0.9785329103469848,0.9571855883326703,1.1190012962696987,-0.6181893882766373,0.2871131598949432,0.570686997483442,1.144240278981675,-0.2657621257586248,0.3161550760269165,0.9488830690068889,1.2991013315508237,-0.7761611576244224,0.0568365454673767,0.5745403890662665,1.2957179432491606,-0.4487521725082803,0.0653587728738784,0.9703460397294205,1.306971492834646,-0.8079226589314913,0.0634079575538635,0.551883131855977,1.3025953198490523,-0.48289503993094474,0.0711667612195015,0.9792251345572078,1.3341785372916042,-0.8906274620092891,0.0849168226122856,0.5713278628388347,1.3174364720396692,-0.5736658608833608,0.0960938408970832,0.968357728849626,1.2832531567805132,-0.7792016174072615,0.0834307596087455,0.5607932619519345,1.2815357985535907,-0.4779147844712396,0.0937602818012237,0.8262375622211567,1.2880311816988466,-0.08132020760163555,0.001598976436071,0.6355737339424028,1.3034135266778473,0.08026079577626159,0.0015598381869494,0.8152451320067563,1.7072480562771526,-0.05612883190767079,0.0055996333248913,0.6788731187035795,1.690866912099489,0.13723716254607593,0.0024229355622082,0.7899870930218106,2.046232158344232,0.45048255650207153,0.0013509715208783,0.6673570282242351,2.019374506625046,0.5502162768910993,0.0006648980197496,0.8058761043019786,2.057415283658316,0.4886978728414418,0.0015287139685824,0.6742566952022686,2.083025048775107,0.5646727791565996,0.0010684401495382,0.8053692790404897,2.1276792303108567,0.05133046474407617,0.0024584035854786,0.6853486339424121,2.0872441637554044,0.1446882499968424,0.0016769362846389
2025-11-11T0727.788064,89,0.7173932053654059,0.7520149476160468,-0.8440357851010574,0.9947388172149658,0.7215217017843745,0.7187490151106606,-0.9088256010647187,0.9922258853912354,0.6624350672555854,0.7440707807905892,-0.9544823084356382,0.9924588799476624,0.7278594285907555,0.7435980763340387,-0.9423597758655514,0.992539405822754,0.6788196486938777,0.7503253095567105,-0.8585402821211252,0.9920638203620912,0.7023410977987622,0.7336076881272027,-0.885088645807838,0.992216169834137,0.6964290670924085,0.7590490192931449,-0.8748405117456665,0.992121696472168,0.7182677850429395,0.7356468139734009,-0.7304787689978512,0.992251753807068,0.7214903739992108,0.7505205879442165,-0.6509158406344696,0.992501139640808,0.7474237142570921,0.7808753970565911,-0.8777265449984566,0.9937684535980223,0.7216092899999229,0.7932357065320259,-0.8152000630054025,0.9931638836860656,0.8429935888014336,0.9051862789469917,-0.517786631265425,0.973363757133484,0.6472653769003242,0.9441466309621688,-0.4332863888849195,0.9652309417724608,0.9188377020589721,1.0798666271975972,-0.6681800531319647,0.267626017332077,0.6326317676445044,1.1048644293503904,-0.28794657484385183,0.2896420359611511,0.9070162623319076,1.1199089525285302,-0.9727065286205626,0.0554315373301506,0.6429764822035255,1.054128307735166,-0.29674580022544045,0.0602483116090297,0.9131675572475652,1.1187630037963967,-1.111240704121235,0.0646372064948082,0.6471274429569661,1.084298747363832,-0.3084877402530445,0.067046508193016,0.9218328075695854,1.0618313428562185,-1.114278365157823,0.0861949771642685,0.643123204370736,1.055478414805613,-0.3747792337264492,0.0906231552362442,0.9214803603863173,1.071077834451047,-1.021343647853911,0.0829261615872383,0.6388751586246704,1.0865421992823483,-0.34149415407990247,0.088449589908123,0.829879586798455,1.3313350115765965,-0.07669739815873673,0.0016502076759934,0.7037068875125431,1.3205223322709063,0.05467110557580139,0.0016400767490267,0.8008001624227408,1.5924834779808203,-0.08331614396621212,0.0061673405580222,0.7215222097852432,1.6059713435695182,0.08875003177246452,0.0031463666819036,0.8472172178061474,1.9156930070264586,0.2509844433945735,0.0013447460951283,0.6892442359273958,1.915623483904184,0.3299755931318009,0.0006980231846682,0.8225567373102046,1.9838720814347612,0.2763000997196106,0.0014644190669059,0.7044899152442867,1.9904408707756265,0.28064893901849464,0.0011020816164091,0.7870011390595163,1.9777857252047466,-0.059703588679910324,0.0024712956510484,0.7064378525240579,2.0493111358546123,-0.009982268020283612,0.0017812002915889
2025-11-11T0744.794976,90,0.7526141684033496,0.8164134688697335,-0.8466361721502844,0.9948906898498536,0.7591761309514414,0.812679312367807,-0.9053287041273445,0.9926157593727112,0.733055899697859,0.8015630860633548,-0.9013756225824416,0.9929494261741638,0.7602760810514837,0.8002600505304966,-0.8989439139800409,0.9929805994033812,0.7410150015815086,0.7832875034478369,-0.8936550507163232,0.9923248887062072,0.7391274223387564,0.7932604855513842,-0.8564248506045499,0.9924849271774292,0.7649847264205633,0.8155027955868344,-0.8593409995010209,0.9922859072685242,0.7586943254907754,0.8213046257449784,-0.7072819576245848,0.9927886724472046,0.7286874745481339,0.8352807551197962,-0.6384500177479765,0.9929134845733644,0.7740735969383743,0.850629175603683,-0.8390997698418576,0.9933359026908876,0.7306546727595917,0.8637249505283132,-0.7998979685934746,0.99248468875885,0.8514595450459512,0.9329480730937424,-0.4970655861307378,0.9684237837791444,0.6662106005718409,0.9552573362553912,-0.4237371405216543,0.9580658674240112,0.8976805411569045,1.047647850428608,-0.6189461221791025,0.2532275021076202,0.6681088984659163,1.0830019884706996,-0.24787838750852448,0.2671036124229431,0.8829732176327317,1.0425397229341844,-0.9027115245361068,0.0582498908042907,0.7255325207420904,1.0270713307939427,-0.1828433797668858,0.0573752038180828,0.891528896316555,1.016238111338609,-0.9777335033049764,0.0731621980667114,0.7394168394120222,1.0177058948876534,-0.1798637811402422,0.0667181387543678,0.8942954105051206,1.0055388613482745,-1.0040762478653884,0.0958039909601211,0.7521874752912325,0.9788756805930738,-0.1931723770414592,0.0895576998591423,0.9278398710422959,1.0067116374281118,-0.9289174786879918,0.0908098295331001,0.7365712968948184,1.0100310975266122,-0.17768379248321584,0.0869494825601577,0.8288008956171393,1.31828364404348,-0.03354110919909965,0.0018001974094659,0.6991608671192194,1.3603449253299211,0.054423520492289885,0.0017252520192414,0.7772166973884145,1.3335796401230007,-0.18153986682021975,0.0070413863286376,0.7158177709219677,1.372827127442222,-0.00519110026220734,0.0042641316540539,0.7969293494177783,1.5516660046557136,0.09324936829111602,0.001554568298161,0.7277276972957902,1.5457061855651961,0.23293076481241054,0.0007553863688372,0.8425578019531743,1.6201746261448464,0.1078096088938031,0.0017835816834121,0.7530081777308689,1.6149747738683282,0.24799990863031043,0.0011386325350031,0.7759401003235339,1.5867359278597486,-0.1080064355119053,0.0032089792657643,0.7749752135391973,1.5735401377858451,0.030125121149337554,0.0019767212215811
2025-11-11T0762.248491,91,0.7843367581073364,0.8703371828687905,-0.8734881293392023,0.9948914051055908,0.7989355427410831,0.836293212551292,-0.9089501235946023,0.9928225874900818,0.7861347001906638,0.826258535451598,-0.8914510476513516,0.9932618737220764,0.815459592752606,0.8189267134086838,-0.8761089691327218,0.9932128190994264,0.75375339698446,0.8141734231894769,-0.8623393769123961,0.9923973679542542,0.7918802978452905,0.8273980940828837,-0.8837312205234121,0.9925134778022766,0.8063330734644042,0.8087634035443891,-0.885226955315099,0.99224454164505,0.8306935766056373,0.8396642258289077,-0.7428831528982894,0.9930469393730164,0.7886381513738561,0.8419699816128299,-0.6355915197767577,0.9931753277778624,0.782563033150465,0.8867713285703546,-0.8381916187625852,0.991788387298584,0.7459349389564549,0.8785310802335894,-0.7727789885821219,0.9908705353736876,0.8931227170524421,0.9426110564433247,-0.49972418078200037,0.950619637966156,0.7214108844622666,0.9804381410685504,-0.41725775873215276,0.9471179842948914,0.8856952116736819,1.0511824394205378,-0.5798812828560609,0.2432921379804611,0.6912429631221453,1.098257076344001,-0.16695867773449857,0.2484708875417709,0.9136857380245644,1.0113861527765722,-0.7709460026605792,0.0647439286112785,0.7752608973590946,0.9950324339534098,0.025513267088269388,0.0566680096089839,0.8916217256050512,0.9660817821726325,-0.9074842663012156,0.0848747640848159,0.7816530533603255,0.9627069673854189,0.02895613898482726,0.0684728696942329,0.8927763234035478,0.94530086339439,-0.8551956187714275,0.1088154315948486,0.7983273645484794,0.9766224699798521,-0.005883693143757125,0.090932197868824,0.9076170796310803,0.9446692805270908,-0.851918467483199,0.10175571590662,0.7692906459990474,0.9869965093154629,0.029260340927094917,0.0876754969358444,0.8386714418171078,1.3533167326827062,-0.05274456022473247,0.0017715421272441,0.7255089225183048,1.3470264788907953,0.038480282126992844,0.00170108594466,0.8207696169600768,1.2769004418975118,-0.20445870208808462,0.0086229126900434,0.7850457579073772,1.3381806517803716,-0.05990773720182811,0.0052772909402847,0.80655649611767,1.4813624062423305,0.08570588430971861,0.0018681531073525,0.778054486371535,1.4776349004425364,0.18989010878157575,0.0008088787435553,0.8119644388752794,1.515592347271765,0.15194928293566193,0.0021070055663585,0.7887507073117457,1.4644066823696735,0.2373464016783159,0.0011351332068443,0.7906692934608037,1.4895672462664995,-0.1115559191054647,0.0041866772808134,0.7819073399731062,1.47569145600364,0.016298022107235032,0.0021892916411161
2025-11-11T0739.437053,92,0.8255452291205346,0.8735991463377096,-0.9089288343188953,0.9883559346199036,0.856083070022265,0.8553630630443834,-0.8809942015964162,0.9853695034980774,0.8396367808455345,0.8463138496298825,-0.8794281804909785,0.9861727952957152,0.8349496148435575,0.8400543438568013,-0.9073435317678246,0.9860292077064514,0.8126077385272493,0.8350171849001025,-0.9034947961602298,0.9861971735954284,0.8100780132305385,0.8253708297092873,-0.8821571480691975,0.9872162342071532,0.8237431146571023,0.8392285111568617,-0.8767460173090247,0.9878467917442322,0.8703201996465727,0.8921519374030478,-0.6402568487153726,0.9871030449867249,0.797881970232869,0.8631821693036311,-0.616089956861303,0.9903680086135864,0.8211850522602329,0.8949549003975461,-0.7832862068344921,0.9865286350250244,0.7732129301635855,0.909640176552518,-0.7984279449740205,0.9880715012550354,0.8917727157443206,0.9829908254435502,-0.4362404675463781,0.9456408619880676,0.7108022598625799,0.9996725792296273,-0.4139542160322056,0.9490283131599426,0.950662413393096,1.1332436151665786,-0.5543790646399724,0.2385559678077697,0.6659347257922924,1.1089431772132852,-0.5249006113510114,0.2559594213962555,0.9403140281890415,1.0496891440489826,-0.8678646370021731,0.0606051981449127,0.7034474725314407,1.198939419314931,-0.8399296066834843,0.0537887439131736,0.9166714650554285,0.9729814816267137,-0.9868651647644116,0.079463817179203,0.7140143653683045,1.2284134545746883,-0.9315100821169015,0.0651366114616394,0.9562495462881256,1.0637224799453646,-0.9821018526755576,0.1018766015768051,0.6944809733066284,1.1866979082657643,-0.9830816599565796,0.0865856707096099,0.9234320179406841,1.0525150125748333,-0.9153033474942415,0.09483253210783,0.7174924339722865,1.211421099733758,-0.8532874259347575,0.0829192474484443,0.8529961285064437,1.381485584242431,-0.024519301808652867,0.0020989975892007,0.7093842732435933,1.3731738071492532,0.028038629275412296,0.0021878224797546,0.8134878048036382,1.617237068668368,-0.29551428197070667,0.0101888915523886,0.7132150275932635,1.6371338165957703,-0.2638960234107902,0.0061655072495341,0.8253573274659678,1.930188100891014,-0.11543649023277945,0.0018507541390135,0.7430862014433071,1.9251012145371953,-0.18909941988973614,0.0009025264298543,0.8291446758338699,1.9812586222301223,-0.09718674349927273,0.0020056229550391,0.7776669877661794,1.9810569409162684,-0.1838189484897759,0.001198524958454,0.801512867425698,1.985916332492376,-0.4854974546617803,0.0040369308553636,0.7770442392174371,2.030208701240357,-0.5664437331043145,0.0024656073655933
2025-11-11T0728.394566,93,0.8124223471067502,0.919469776773008,-0.9449672246392717,0.9882881045341492,0.8351757871079581,0.8877040506092113,-0.8956283729368244,0.984773576259613,0.8763978210321465,0.8857275882339968,-0.9027291194291781,0.985550582408905,0.8902118351236151,0.8871842953057704,-0.9226867877062103,0.9851382970809937,0.8572105946203269,0.885865667791671,-0.9370204176789364,0.9860602617263794,0.8623458442904521,0.8596929924575787,-0.9369010012984216,0.987192928791046,0.8208104400579167,0.8650313907918797,-0.928513066655819,0.9878032207489014,0.8552558772448522,0.8787123882034122,-0.61489157266592,0.986215889453888,0.8119885333218667,0.8379279103287677,-0.7562418546829902,0.9907132387161256,0.8301818067166213,0.936409830702187,-0.8300283074562642,0.9868091940879822,0.8081189989513056,0.9178186450847043,-0.8649014372236964,0.98872309923172,0.9409521871862566,0.9889434476124157,-0.3941268170842641,0.949970543384552,0.6958162790276402,0.9877102625560671,-0.5502842211243877,0.9536536931991576,0.9443555379628279,1.1622746251454796,-0.2716799919554339,0.2269693911075592,0.6097631659614836,1.0840634282446162,-0.5509392935847446,0.2685056328773498,0.9264910440519111,1.2747276135472128,-0.5048772365660096,0.0564036145806312,0.6593176843046239,1.289122274410025,-0.7263791204903223,0.0537134036421775,0.915416620405655,1.2830524987715113,-0.622207756855858,0.0741058886051178,0.6860205267666228,1.3324042821028093,-0.7933313475190926,0.0647072568535804,0.8768007055196784,1.309498545191192,-0.6642643869740535,0.095678299665451,0.6824139679633598,1.3473387245012247,-0.8482964134365015,0.0871298909187316,0.8871169729038217,1.2997268026336064,-0.5554393749693057,0.0888268873095512,0.6845584602943487,1.3114991333531028,-0.7637991475282678,0.0822918564081192,0.7990822142712766,1.3635502885557427,-0.022666688993745833,0.0020135899540036,0.6980028002897688,1.3535632257714125,0.007485538714200187,0.0021007913164794,0.854291049806159,1.6656850517381712,-0.30831292876857946,0.00953518319875,0.7305532502340075,1.6256473284377488,-0.2423562784073947,0.0056805391795933,0.799948005461684,1.9799434841038093,0.11032687579582644,0.0016833918634802,0.6577640468914556,1.918917607324333,-0.06458980843466343,0.0008181076264008,0.7884352141182106,2.003959783469212,0.10313688726444759,0.0018244119128212,0.6947011020221995,1.9898579626243889,-0.06739249482730952,0.0010918858461081,0.7894834454798982,2.055520862181807,-0.23146751177069272,0.0036586828064173,0.684836247717442,2.0659353808370367,-0.45968502081508056,0.0022419595625251
2025-11-11T0788.532880,94,0.867511122671324,0.926230558363745,-0.9451024781935706,0.9889821410179138,0.8892242462492873,0.8758518001008385,-0.9368958732290518,0.985236406326294,0.8935064375178359,0.8919685191350414,-0.9012475761651899,0.98607075214386,0.9022189734985947,0.890624167055652,-0.8840151775605241,0.9853070378303528,0.8776431003931214,0.8794893536136047,-0.9262831981469876,0.986711084842682,0.849910157776141,0.8929853507129892,-0.9314163336609611,0.9879292249679564,0.8334134267959997,0.8989406942840734,-0.9335594196651158,0.9883950352668762,0.8732980652160257,0.8702228871585745,-0.6375886266505906,0.9862841963768004,0.8168953145252303,0.8499420608262281,-0.745443341318717,0.9913493990898132,0.8543839146878419,0.9423787205321159,-0.8148029518915796,0.9875310063362122,0.8653057230975941,0.926248149990909,-0.8572990376100635,0.9895862936973572,0.9209152073068787,1.0054255894730713,-0.37503868611750646,0.9542146921157836,0.7027780156980138,0.959602295049492,-0.5452491896049196,0.9579930901527404,0.9626295655981665,1.1808176935309544,-0.25751181311371946,0.219143196940422,0.6192458260843869,1.155852214756629,-0.5058879694329436,0.2801229357719421,0.9474664849207187,1.3342736416901755,-0.4966658405031583,0.0538343898952007,0.6788898897253127,1.2881080082450784,-0.7085286727794898,0.0577371567487716,0.9205430363386004,1.318966647452089,-0.6040643928551225,0.0708772391080856,0.6770570829744027,1.3440640701419961,-0.7934461717230238,0.0689385831356048,0.9677248126931073,1.3404463995527753,-0.6399670071535573,0.0924166291952133,0.660243542752703,1.3487674151803635,-0.8499711817090345,0.0941709801554679,0.9280128293824512,1.2830208780944128,-0.5639682546103735,0.0855607017874717,0.7030220709562321,1.309347363765963,-0.7146255405694736,0.0878727957606315,0.8516740093038405,1.3593381314541377,0.005650141980995574,0.0018531467067077,0.6870746436932655,1.3586362742236213,-0.0028762360044819277,0.0019362712046131,0.7844769428064642,1.713380028319119,-0.0808952453089051,0.0086901495233178,0.7044091432188254,1.6575080991911002,-0.1649805401123908,0.0051525975577533,0.7891420697268657,2.0107079515954913,0.2401789743680699,0.0015257111517712,0.6951169382284639,1.9347651504038732,0.08803727699122674,0.0007386181969195,0.7922133646411994,2.022244226737549,0.21928014527685832,0.0016512956935912,0.6726575854269815,1.9929977571759037,0.0878920989851538,0.0009889242937788,0.7552724505422416,2.0870871202423196,-0.10463620032367679,0.0033070784993469,0.6944972303721126,2.069391032042387,-0.2861929552027831,0.0020286287181079
2025-11-11T0783.848892,95,0.871023158574047,0.893892433781423,-0.8714181137751934,0.988313376903534,0.8864089969158188,0.9004395798237906,-0.8363858578056896,0.9844610691070556,0.9006601160213438,0.8997588037957184,-0.8175020155879867,0.9849845170974731,0.9220149494708247,0.9157720674645098,-0.7764489992939756,0.9838038682937622,0.8833246348756928,0.8457305147562386,-0.8568827787518348,0.986598551273346,0.8886738419441149,0.8678033571998938,-0.8514799875129855,0.9878820776939392,0.8496344076145566,0.8695127797493428,-0.8370608807600921,0.9884183406829834,0.9178816175263937,0.888454313763116,-0.5376222468549982,0.9848546385765076,0.8404296472944157,0.856094542908847,-0.7201217756952996,0.991471529006958,0.8755629080974441,0.9371881313686312,-0.7279885253128281,0.9865052700042723,0.8542383820966946,0.9373914857546592,-0.7411814911324551,0.9896823763847352,0.8829256730728379,1.0029350604753715,-0.3233962585334634,0.951824963092804,0.7268339697560158,0.959788941891527,-0.5005666412059183,0.9594100713729858,0.9406559052493525,1.1599342931887038,-0.21891493370080947,0.202191948890686,0.6448946991242742,1.074453095719037,-0.5188370586815535,0.2688206732273102,0.9270181413832962,1.291844330831875,-0.450150371018,0.0500299558043479,0.6713210888481106,1.2739983969693396,-0.7282682119131089,0.0550855062901973,0.9292587047884507,1.2893087412654431,-0.4822771363856389,0.0660941302776336,0.6992470217131245,1.3461256704507465,-0.8084443471411136,0.0659678503870964,0.9499317081706852,1.2799533138545447,-0.5357751740508083,0.0862858667969703,0.6694583892376663,1.3724614574180802,-0.8492893842451379,0.0904596969485282,0.9325335527387647,1.2484399755546232,-0.44168455855239946,0.0798531621694564,0.6967487221384033,1.2762175722165063,-0.7497980726388718,0.0841568484902381,0.8227952220542296,1.3900440260100115,0.0071547321187059865,0.0017754165455698,0.6817180406027503,1.3436729815471091,-0.0003935920773509541,0.0018646949902176,0.8150894457829235,1.6711146669978325,0.009109698397625859,0.0089096734300255,0.7131901358732349,1.685151191726542,-0.13442709998186173,0.0049982345663011,0.7652770715326038,2.003314323728256,0.2814943315819034,0.0014251724351197,0.655598942928543,1.986748490950635,0.10344382420645826,0.000689375156071,0.7883797896557646,2.0468846028281944,0.2978648263643165,0.0015133565757423,0.6503816617343037,2.0177511363462686,0.14407020615998045,0.0009279152727685,0.7718477348796153,2.106387743487349,-0.030609139503260316,0.0030759947840124,0.6894586248463537,2.0556103337274214,-0.24258559796893428,0.0019324286840856
2025-11-11T0773.568864,96,0.8946930292338977,0.933084051644884,-0.841897069043356,0.9891642928123474,0.9101024851528583,0.9282568221824709,-0.826852996606256,0.9856873154640198,0.9414494299701467,0.899773680049934,-0.8451769152022706,0.9860670566558838,0.9109907434642642,0.9160600284461685,-0.8207456923285003,0.985017716884613,0.925717946784501,0.896319158376671,-0.8333524282257693,0.9877014756202698,0.8882582672755599,0.8985811159911854,-0.8491149819240739,0.9888428449630736,0.887681105610597,0.9032563866541259,-0.8594165564665603,0.9893710017204284,0.9303182038160899,0.9103831303771267,-0.55654602943574,0.986042857170105,0.8534435010933422,0.8720697446767803,-0.7148511388565347,0.9921794533729552,0.8925880719755087,0.9508677569968006,-0.7625732983560204,0.9874776601791382,0.8790176124464331,0.9405526025293611,-0.7744525988214814,0.990535318851471,0.9311985327436226,1.0130809396562377,-0.3423095213671583,0.9550009965896606,0.7134677067860161,0.9582299190619981,-0.5214963735701705,0.9621435403823853,0.9520977243299554,1.1233941103567826,-0.28264587840847116,0.1962123066186905,0.6749411281052036,1.0530062928690884,-0.6059926006190584,0.273442655801773,0.9606550462372151,1.138061840274468,-0.44360948582239995,0.0518284849822521,0.6938995348883019,1.1847084161256383,-0.8422721680048134,0.0600929893553257,0.966680001976045,1.1775135131059724,-0.49788050022163266,0.0676179453730583,0.6995565846863738,1.2196187211953804,-0.9273779761924222,0.0702813193202018,0.9774047239297534,1.161132583039805,-0.5483948174912157,0.0885105431079864,0.696703672030401,1.1891007638603959,-0.9214710874041285,0.0960822999477386,0.9554217961837772,1.1573548005945093,-0.5007868786324783,0.0816109627485275,0.7563246859427114,1.2398495306318937,-0.8513745673840442,0.0887412503361702,0.8438147833205127,1.394869492418418,0.011558923585131407,0.0021245325915515,0.7189796092771835,1.3410917488910081,-0.007810429179161772,0.0021487423218786,0.8371396620757036,1.6823693401003852,0.020104298286153455,0.0103046223521232,0.6971665342715379,1.6770662431457337,-0.044444720139281295,0.0052639027126133,0.8062634495427705,1.977734150113989,0.38538550905222746,0.0013577186036854,0.6799217489579353,1.9642300711887264,0.18390512595604713,0.0006783473072573,0.7731399775917062,2.0058496499217155,0.36812846923104503,0.001399147324264,0.6672303676725031,1.9925936879981554,0.1940362340629978,0.0008998921257443,0.7626814747184498,2.0961176576398786,0.06879593101431843,0.0029594122897833,0.7145201867116324,2.055878091186051,-0.14319437423684822,0.0019316887483
2025-11-11T0715.514783,97,0.906707268251961,0.9296445193082306,-0.7990704198040676,0.9895218014717102,0.9114395682102575,0.9187989844387239,-0.7417929568671611,0.9861061573028564,0.9471160170714032,0.92992550737424,-0.7583208530741294,0.986220121383667,0.9276763900201801,0.9072185838080725,-0.7607285910415023,0.9851300716400146,0.8942219046591842,0.9123050309649784,-0.7858038714225808,0.9881765842437744,0.8994554776151386,0.894398724527418,-0.7932100843101553,0.9891824126243592,0.8672746938943682,0.885116781441028,-0.7860255894220002,0.9897080659866332,0.9264164862792458,0.9206761883834838,-0.4899022003705375,0.986177623271942,0.8719336714236058,0.8697447867809458,-0.6726903009129647,0.9925686717033386,0.9037668601776114,0.957202653090441,-0.6834131739106204,0.988113522529602,0.8844747911318254,0.9508043331380263,-0.7210955886448742,0.9911719560623168,0.9479023308077128,0.9715295427751355,-0.2669194308577709,0.9582117795944214,0.7246394481817399,0.9686390236350476,-0.4769019965835402,0.9650233387947084,0.9731834559832463,1.1895456318847013,-0.26356716134913455,0.1915219724178314,0.6833867221549375,1.0725049753712985,-0.5265821742180417,0.2781437337398529,0.9649436693568612,1.2187803025426975,-0.522810617475788,0.0539837777614593,0.6667265099789702,1.1878410761875924,-0.7051590544915958,0.0623071603477001,1.0081468927649502,1.2115374999925639,-0.5707176890600918,0.0688401982188224,0.7027668565891549,1.23314915881808,-0.7872596041942999,0.0723933652043342,0.9497745849771971,1.206958471194352,-0.5781843358987383,0.090156503021717,0.7157882325184162,1.2511191806343755,-0.8073835212723908,0.0992154702544212,0.9444065865996936,1.2112948414332672,-0.5539211730823915,0.0832311138510704,0.6988656858382378,1.2253838329685462,-0.741699717386322,0.0920329540967941,0.8263246224725475,1.3851880077676353,-0.021615639335637857,0.0020006911363452,0.7044829265693354,1.357049602665955,-0.031228380580645074,0.0020187655463814,0.8007187394374837,1.7128368584781515,-0.008866735222739487,0.009464094415307,0.7068365469249447,1.6656795598361678,-0.10063313780435898,0.0048431763425469,0.8170927596864768,1.9940518907115399,0.33764025819398624,0.0012267888523638,0.6857863250450408,1.967991811176616,0.18040983656971604,0.0006148009561002,0.8123593950504063,2.0290926845931683,0.3171345048335216,0.0012622696813195,0.6804046622914363,2.019555150032111,0.16021564163656862,0.0008185984916053,0.7579317974352126,2.1192455781129196,0.0011907024797505467,0.0026754364371299,0.701191342893517,2.066096758918172,-0.2047653650639044,0.0017614252865314
2025-11-11T0752.311789,98,0.9421224874466504,0.9492222210953148,-0.6316011966408134,0.9898965358734132,0.9269627494848528,0.916139869338202,-0.6167515012010156,0.9866648316383362,0.9448247342124162,0.9372271281436774,-0.6149771501235995,0.9865124821662904,0.9361520019647698,0.9387171384353016,-0.6025170842844897,0.9856054186820984,0.9193839270048678,0.9067042463255112,-0.6087005513641667,0.9887758493423462,0.935410500613342,0.9388190991635628,-0.6655049297211908,0.989590048789978,0.9022465136408908,0.9245876836094382,-0.641596994158953,0.9901922345161438,0.9350724752014873,0.9267814203923327,-0.360140445388622,0.9865362048149108,0.9063313748257036,0.9174494672294617,-0.5464078006640273,0.9929699301719666,0.9253307150060027,0.9608410047527494,-0.5162257998904214,0.988611340522766,0.8963360761456095,0.9545435385949487,-0.5876180906337406,0.9917406439781188,0.9481632951729438,1.0071262077929164,-0.21857455470619963,0.9615785479545592,0.7492676662370384,0.9927039411907502,-0.4551157369966203,0.96778804063797,0.9744438462276938,1.1667902286590581,-0.18932733623291606,0.1897452473640442,0.688632779548273,1.0690704879624457,-0.4839608245224335,0.2960837781429291,1.0019533616504082,1.2185860158319866,-0.4888323985305519,0.0663704201579094,0.6995122010251816,1.2299624140360392,-0.6907730047632893,0.0742781013250351,1.0131145951680298,1.2492524550761197,-0.5432084768296808,0.0796986073255539,0.7237433949375289,1.2542109728381554,-0.7267252531192885,0.0832735821604728,1.0045437970783362,1.2059614359431177,-0.5672143525048322,0.1040934175252914,0.7020820798153737,1.2562683002271684,-0.7738351154338721,0.1131592094898223,0.9807053657858175,1.2286609302698435,-0.47911856721486273,0.0975343510508537,0.7182127858321666,1.2623675188804242,-0.7036299741859692,0.1056699901819229,0.8285107460096739,1.363743549722638,-0.004507539850708186,0.0019236960215494,0.7100163782861397,1.3576275053031381,-0.0017857728986505617,0.0019206469878554,0.8483017392671747,1.698283740832432,-0.031618915883214416,0.0086225727573037,0.7015336069475999,1.686372132159279,-0.12650382060389334,0.0044448892585933,0.7863774079634386,1.9710200815744274,0.23459785030726416,0.0011060101678594,0.6902315582838514,1.9710726703851458,0.04692858960665146,0.0005562112201005,0.8182348094911757,2.0317707194686134,0.2599282371436956,0.0011375279864296,0.6754646075773368,1.9948248234617623,0.03020511179276133,0.0007433571154251,0.770204099893113,2.074949922430233,-0.09887077737759978,0.0024143827613443,0.750343771298057,2.040366961648834,-0.25983502551369014,0.0016012438572943
2025-11-11T0786.249414,99,0.9303658346832607,0.9306247712554063,-0.5399441543711558,0.9896286725997924,0.9284581120972456,0.9294219876698259,-0.5306860123849677,0.9863901734352112,0.9120834705526877,0.928478223955252,-0.5218631910061229,0.9857227802276612,0.9587808755628006,0.9714446081648749,-0.5261678579505392,0.9850109815597534,0.9547547787481201,0.9159236789664574,-0.5666155274220123,0.9887966513633728,0.9307818334236937,0.9348171441585511,-0.5537407924462344,0.9893787503242492,0.8995242362225451,0.9025786396109244,-0.5827146935283493,0.9901858568191528,0.9362936159962926,0.8960264902745799,-0.31856046394524024,0.9855722188949584,0.8881001135376485,0.8970060421417921,-0.4697383347513649,0.99301278591156,0.9249578683132649,0.966343102527417,-0.47211835685019266,0.9884443879127502,0.9004720903134196,0.9565230175344945,-0.4945353098631794,0.9920366406440736,0.9335778191378012,1.031503924073434,-0.18440490324613723,0.9638969302177428,0.7481463731579767,0.9605095520086316,-0.3922220728479733,0.9699731469154358,0.964835323373471,1.174931526190695,-0.20867660970770616,0.1853132843971252,0.6805321943982618,1.0722234587064225,-0.4448680480255411,0.3101699948310852,0.998466961746779,1.2263845655768209,-0.4444658894434661,0.0739726722240448,0.7143033895271713,1.268042842513995,-0.6774499689813628,0.0836154669523239,0.9919937719343008,1.2513795978902633,-0.5036982531293717,0.0854884833097457,0.6905491731950578,1.2551878254129865,-0.7169471223683378,0.0907277017831802,0.9789501163526325,1.2464516997558854,-0.5326041841955368,0.1113247498869896,0.73668304508614,1.2497241250764186,-0.7284486224894225,0.1226669773459434,0.999400529503476,1.2065723361669602,-0.4680498800262461,0.1050544381141662,0.7212643191916001,1.2281115911000335,-0.6769758598954809,0.115630030632019,0.8666842961284524,1.379305691929031,0.016998803588168666,0.001841758727096,0.7306793612554593,1.3549354371987279,0.0201715022981292,0.0018325176788493,0.8269039979731494,1.6864036739169221,-0.02121096167483623,0.0078813387081027,0.682169299966763,1.6695733742638352,-0.12964285239605491,0.0040861507877707,0.8126380681760218,1.9993803675496133,0.2175058968669575,0.0009979362366721,0.6867968828414749,1.9372156591991128,0.11416913793182926,0.0005047764861956,0.8101007109529295,2.020453322878684,0.2538620818670101,0.001025476725772,0.7212246528591474,1.9728548014522898,0.0999389670197641,0.0006780197727493,0.7932534857858433,2.0927503733853,-0.03397122982612711,0.0021808890160173,0.7291729221774966,2.0458432707993404,-0.25854863184212423,0.001462425221689
2025-11-11T0718.571888,100,0.9462805584211568,0.9448304280951679,-0.5245971074727557,0.9892480969429016,0.9769678497483212,0.9533527078084558,-0.5114552023481215,0.9858535528182985,0.9519912977611393,0.943289237959103,-0.5125815006551719,0.9849246740341188,0.955971276061248,0.9312880563031058,-0.5043273187159351,0.9842785000801086,0.923684116939857,0.9322581649388977,-0.5553229290066626,0.9887036681175232,0.9347546712244607,0.9171438645075323,-0.5371242994611625,0.9892138838768004,0.9249365145896687,0.9100752663544701,-0.540211837864637,0.9900943040847778,0.9425867555480516,0.9102159920641533,-0.30279581891621493,0.9845767617225648,0.8966961677467924,0.9042178590653449,-0.4747580115852414,0.993103563785553,0.9080321908346729,0.9693221680323593,-0.45477668932324683,0.9881251454353333,0.9206675816792205,0.949349574077001,-0.5058944434244793,0.9922520518302916,0.9460906328444803,0.9862730248309651,-0.1180598153243101,0.966115951538086,0.726341832481651,0.9788522129939417,-0.4049382129594149,0.9721125364303588,0.9856161282568557,1.1731597360137356,-0.049938842542788624,0.1766921430826187,0.6570025181241013,1.0695151802998688,-0.43267485339149847,0.3294309973716736,0.9850025707628578,1.272095301689027,-0.2510538482254699,0.0791672095656395,0.7086126283067944,1.2172393673408721,-0.6209089163201597,0.0941432043910026,1.0172974110295958,1.300228147711729,-0.3322446559316043,0.0902185887098312,0.6804942738295483,1.2675797853507174,-0.6706853439712466,0.0997278615832328,0.9809033243072284,1.2434810505815868,-0.37212894829508175,0.1177225708961486,0.7336642704474081,1.2637734328382288,-0.7124111867249288,0.1339050084352493,0.9667460835213272,1.2304557974836754,-0.3040157415898513,0.1125080585479736,0.7253669228360466,1.260161675415354,-0.6192897338502302,0.1267917305231094,0.8619215655363225,1.3863052200786583,0.004354178743641773,0.0017698421142995,0.7055160313799257,1.3553553802144698,-0.009705338656454603,0.0017491907346993,0.8352073053340027,1.6629524111515837,0.009840660104534629,0.0072031449526548,0.73019175287562,1.6518448084831492,-0.12210013548852525,0.0037645702250301,0.8274005121997408,1.9820849709392812,0.24868502151870453,0.0009009220520965,0.6963963807368978,1.9624632894727778,0.044907464276986823,0.0004583915288094,0.8090075977994825,2.03744165125442,0.2381150967449843,0.0009254176984541,0.7032901738510318,1.978579380763163,0.07050860830682945,0.0006197109469212,0.7861084834856669,2.086248800129522,-0.040191947874161825,0.0019744494929909,0.7152008898940907,2.037397665250615,-0.25852551018648423,0.0013408199883997
2025-11-11T0778.728745,101,0.9346310974785035,0.9897425859618764,-0.48503242315070844,0.9892387986183168,0.9461507310282732,0.9325128071464768,-0.48970547657371033,0.985977053642273,0.9591941519006224,0.9212903433682804,-0.46768364469535706,0.9848305583000184,0.9373967828584305,0.9304876219031459,-0.44630554886223794,0.9843302369117736,0.8934862457092252,0.916929910632339,-0.5165155698106457,0.989011526107788,0.9224456194214595,0.9351010691210848,-0.5127112890980915,0.9893997311592102,0.9195212522909909,0.9185519968914709,-0.5090990277623761,0.9902895092964172,0.9414123204322452,0.9088175208879538,-0.2647648610049903,0.9846760034561156,0.8882373664648588,0.9012866693518224,-0.45468429864292004,0.993341028690338,0.9161215574648406,0.9746419934105867,-0.4158300596254185,0.9883461594581604,0.9235976558652647,0.9568276031338928,-0.4710675030210776,0.9925966858863832,0.9021615565761983,1.0047948596740908,-0.14342606255495424,0.9683198928833008,0.7190577138456117,0.9707676050257344,-0.3823046707476238,0.9740386605262756,0.9732858804048639,1.1634968975155577,-0.02001669336772947,0.1673416793346405,0.7061151690003095,1.0711618284306492,-0.5044689731888777,0.3423424959182739,0.9828829038861862,1.2302179175398484,-0.13424756610026872,0.0815805345773696,0.7124482887235294,1.1965703820532223,-0.7312574699847173,0.1112911403179168,1.003099117136057,1.2962764938684612,-0.17679026416864765,0.0922456011176109,0.6780937860036367,1.2635170670792244,-0.7746053164990072,0.1140138730406761,0.9731339055753766,1.255015661565543,-0.21398543864472772,0.1205029338598251,0.73505906085283,1.2265392314255923,-0.7864932971032711,0.1501704156398773,0.9807185334164896,1.2408095647918782,-0.18475674676028747,0.1165181919932365,0.695657145937479,1.2219942240701875,-0.7283953707763817,0.1423408091068267,0.8437925040016804,1.3534899202991006,0.05252712645872648,0.0017599094426259,0.7174237706370037,1.3820221475974934,-0.03094787670610594,0.0017148429760709,0.8422476507823328,1.6919843366714755,0.025867033701540067,0.0065974183380603,0.7303066177387196,1.6385521589052814,-0.04137560974148242,0.0034664024133235,0.8167112032967295,1.946436240304608,0.2985783452318946,0.0008144396706484,0.7122080999071431,1.9236989853137922,0.13449343004663,0.0004177826922386,0.837621053836236,2.0256022122208046,0.29371524849745156,0.0008357767364941,0.6797587741843483,1.9894977565715313,0.163484127124012,0.0005673298728652,0.79185299647054,2.033071262103039,-0.003720761058074583,0.0017912669572979,0.7172598796297817,2.0428386044246167,-0.1530538864083413,0.0012322020484134
2025-11-11T0728.749257,102,0.926445804467954,0.9110990626864977,-0.5060402812477405,0.9882658123970032,0.9399021634446769,0.9358543296195847,-0.5167596830198289,0.9849748611450196,0.9335460841599862,0.9443628681419386,-0.5285340855793903,0.9832100868225098,0.956855010368659,0.9387453912826715,-0.5160392082359331,0.9829330444335938,0.9590294107770224,0.9157380031710658,-0.5552687119160745,0.9885859489440918,0.9255470556516504,0.9128409406909667,-0.5437238649762239,0.988792359828949,0.9291117973133142,0.9195112470323054,-0.538211086429251,0.9898865818977356,0.951449704637745,0.9075547301312297,-0.2884967266724689,0.9829689264297484,0.9287979511287352,0.8899380744684731,-0.4804920899165997,0.9931490421295166,0.9091733803824252,0.9832148486233815,-0.466015997015347,0.9878162145614624,0.8931435855620165,0.961087752808112,-0.517257102007467,0.9926640391349792,0.9181095702659456,1.040055329044571,-0.15370806565718897,0.9697450995445251,0.7357321734280337,0.9674522504697518,-0.4253267347945373,0.9757578372955322,0.9910997489518958,1.1776177376566852,-0.072548657717039,0.1597857922315597,0.6682925068938833,1.011307583659276,-0.49897383497670206,0.3573757410049438,1.0247135156329554,1.255239194239909,-0.23988658274232533,0.0872928947210311,0.7044353691984857,1.2179887056254821,-0.7008046014102873,0.1247958838939666,0.9723406978629591,1.3193879030354603,-0.27108182949557774,0.0969340354204177,0.7306839888834011,1.2329401962594642,-0.7674953919285435,0.1245626881718635,0.9896670636628826,1.2558778992181696,-0.33300316301579314,0.1259162575006485,0.7374909203856803,1.2357193514496734,-0.781685104780652,0.1623910218477249,0.9645879290394355,1.2767470414149116,-0.2598825944240506,0.1231928169727325,0.7200908163780311,1.2178130165822085,-0.7135401661028145,0.1544577330350875,0.8455972713088217,1.3448911131485561,0.036182543769674246,0.0017192921368405,0.7135151669506309,1.3162641790565106,-0.03368466317067139,0.0016638197703287,0.8401358670958079,1.7020365359969496,0.012324229455973534,0.0060268533416092,0.7289588226383666,1.645563709728737,-0.057724300427934035,0.0031906084623187,0.8072331153894649,1.9416066606210687,0.2901935456434041,0.0007361772586591,0.7036971940363553,1.950160365370638,0.1215119478237791,0.0003796117671299,0.7963665546318066,2.0020743398291665,0.3104523957301828,0.0007545365951955,0.6913421444407365,1.9498962462321878,0.15769340306264162,0.0005183663452044,0.8167017508131346,2.0563329975310767,0.04131330540526274,0.0016226238803938,0.7407357667643621,2.0268790968957644,-0.17064581357929903,0.001130478689447
2025-11-11T0714.719934,103,0.9564534328620522,0.9524692926435429,-0.5226137440688229,0.9888335466384888,0.9549380066143451,0.9297184183082987,-0.49864215074264884,0.9856378436088562,0.9632200241793715,0.944429674200068,-0.4904824829839183,0.9838438034057616,0.9397343723250693,0.9302330685519642,-0.5058159498890358,0.9836245179176332,0.9310889341288114,0.9312460147290066,-0.5297217400689023,0.9892163276672364,0.9095285842638954,0.9252719701728283,-0.5622960910252208,0.9893780946731568,0.8980192575603172,0.9163064555039546,-0.527845905133083,0.990423023700714,0.9268527586011264,0.9421777209244943,-0.2727271951029723,0.9835904836654664,0.8879263855898205,0.8996485820259001,-0.5134806886260785,0.9935422539711,0.9389993535899513,0.9641078168402506,-0.4374390647487379,0.9883519411087036,0.9252563598317904,0.9709214148304395,-0.4913766241840222,0.9931200742721558,0.9201691204498463,0.9709517922757748,-0.1043621107034782,0.971592128276825,0.712194791976858,0.9826014721001826,-0.4176261761775122,0.9774816036224364,0.978096050474783,1.131075965254441,-0.027583942958175227,0.1524428129196167,0.6636275207970895,1.0539970186516407,-0.5302829370598411,0.3694119751453399,0.9868510611170086,1.2340964729184416,-0.14645678297526313,0.0912629067897796,0.6983380060286658,1.2137798960391935,-0.6916113955618997,0.1357826590538025,0.9940838167637128,1.2783390335340914,-0.2233896424819959,0.1016721576452255,0.7275984455363452,1.2878877559042525,-0.7593283707840442,0.1352025717496872,0.9992636238771574,1.2619530024209717,-0.23527358467399534,0.1324860453605651,0.7204398373274432,1.2528667289568416,-0.7932166683857617,0.1755443215370178,0.9785023624976259,1.2533804449894417,-0.17487223487003867,0.1301870644092559,0.713291185124227,1.2171632216908892,-0.743677102798786,0.1659867167472839,0.8529288629413184,1.3711292285910064,0.021651042515433518,0.0016460575861856,0.7315122467672808,1.3240348937486874,-0.03414029765121765,0.0015781647525727,0.8211545615334683,1.646022836648399,0.057194375627749025,0.0055339368991553,0.6887548648423474,1.6688147739324006,-0.06566352660610017,0.0029494273476302,0.8201504834782328,1.9649323934076566,0.3004735746317327,0.000665440398734,0.6911331573700644,1.9215136884060038,0.10315056321999297,0.000344943255186,0.7873441356828232,1.9881541560276235,0.3094071941468902,0.0006812355713918,0.6771900751114603,1.9583233111669762,0.1061390945306745,0.0004725499020423,0.8063732426969202,2.0554486952745163,0.02676610858947786,0.0014753200812265,0.7271420913428879,1.9924820160753378,-0.15707308620675942,0.0010408589150756
2025-11-11T0755.914626,104,0.89844108519043,0.9578296430082901,-0.5727447722737375,0.9885427355766296,0.9691264454286173,0.93702129790914,-0.5374296379987212,0.9851552844047546,0.9329064331301093,0.9561104940420571,-0.4999266052342462,0.9830520749092102,0.9315004835907521,0.9188148956617219,-0.540296553667296,0.9829385280609132,0.9460866393239405,0.9362887510228749,-0.5961988310538676,0.9891557097434998,0.9350141087209564,0.9052491022053173,-0.5490593531545991,0.989234983921051,0.9332004604910294,0.89909218992263,-0.5519931129729696,0.9903254508972168,0.9152141259984276,0.9172746788796672,-0.3293356580835178,0.9827046394348145,0.8901764485279318,0.8998904756820159,-0.5258060095816176,0.9934958219528198,0.9242007253764492,0.9449951009367406,-0.48033128040274076,0.9884012937545776,0.895254217496116,0.9548598485263852,-0.557385428713938,0.9933341145515442,0.8990442055984855,0.9852174016141092,-0.1309047623040417,0.9729602932929992,0.7435183120546707,0.9599240504266061,-0.4612786607514801,0.9790189862251282,0.9642542468607681,1.1676508980991207,0.029154290873558544,0.145436093211174,0.6561627452670671,1.0330200346383767,-0.5391619841509584,0.3872606754302978,0.9875826285036271,1.2892019049950423,-0.05673315472232275,0.0900531858205795,0.6842877027448783,1.2377015666107924,-0.7011147964113017,0.1406102180480957,0.9744815644512761,1.3059878345465747,-0.06905370594806315,0.099387027323246,0.7029171323278469,1.302784174704531,-0.7789131052082303,0.1387881487607956,0.944257397254802,1.282560244609804,-0.08662279309438062,0.1296658664941787,0.7016302030997184,1.2706587696517442,-0.8075919846938605,0.1799806505441665,0.946381429624397,1.2696490645819776,-0.085440636238534,0.1278903782367706,0.7220914694199623,1.2265518640669237,-0.7121644714979487,0.1694423109292984,0.8465565954152403,1.3528049951443692,0.053004011366647355,0.0015930850058794,0.73413547842735,1.335058985237524,-0.05299818121492392,0.0015156479785218,0.8266443082652551,1.6813323456690765,0.06870167127969593,0.0050769294612109,0.7247761466802632,1.6253249794382678,-0.06672842679336548,0.0027206896338611,0.8147168031463488,1.9538896349163934,0.38198225410299685,0.0006022258894518,0.6930555387477061,1.923811731471032,0.21587541946534536,0.0003138784086331,0.8040827427156295,2.006115520560738,0.3958104326493631,0.0006152327987365,0.657679219815898,1.9787889328366604,0.1834069366411459,0.0004332849348429,0.7926962656925196,2.0528575905818043,0.10427959232256859,0.0013408765662461,0.7161665873177233,2.0129022443121487,-0.13015969416726483,0.0009599488112144
2025-11-11T0755.784031,105,0.9493201596593045,0.9577881328852912,-0.7730492537973112,0.9881055951118468,0.9405029304987627,0.9005564572370282,-0.7277453847215503,0.9843429327011108,0.9581895508627974,0.9142432798196108,-0.7374405370040368,0.9821012616157532,0.9357704474662872,0.921913377836333,-0.7747481227740007,0.9817730188369752,0.933830416740571,0.9372617925982388,-0.8067756807490122,0.9889237880706788,0.9316784106440631,0.9088180087178982,-0.7773772569871651,0.9890763163566588,0.9139500015540798,0.9173946322508113,-0.7563414182166759,0.9902000427246094,0.946602737586987,0.8901143226438559,-0.5062288950274956,0.9816755652427672,0.8716312055392593,0.876997670891375,-0.699172433991796,0.9935098886489868,0.9204406512832772,0.9481074555899078,-0.6574809134953392,0.9882537126541138,0.8715816211109259,0.9508072484896931,-0.730974352625858,0.9934902787208556,0.9305129891540139,1.015132216704249,-0.270401056863363,0.9737348556518556,0.7527655979955891,0.9681692808318914,-0.5249492613437632,0.980363428592682,0.9675568325754516,1.1609532863339895,-0.026495996976725333,0.1380385905504226,0.6778856670451582,1.050979386963089,-0.586420823803285,0.4032297134399414,0.9506971751045595,1.290218579598838,-0.20815820066273044,0.0834027454257011,0.6774948555755025,1.259081825889389,-0.7398890820916962,0.1362830549478531,0.9470890832771386,1.2909631888886162,-0.22030429404673055,0.0921496823430061,0.6761710578892033,1.2912124888099745,-0.7913785492115876,0.1340370327234268,0.9327250404237122,1.3196583221953093,-0.25083437860318397,0.1204538643360138,0.6804218311015028,1.3079741496767654,-0.8471080342841064,0.174363687634468,0.929916409601592,1.2923742463516121,-0.21956235826728265,0.1187800765037536,0.698879745107621,1.2752598022150123,-0.7362585548722516,0.1633447259664535,0.8533136461883142,1.3843777730969635,0.009126508635781669,0.0015341215766966,0.7119854534184958,1.3481719208972902,-0.06661375605111461,0.0014582211151719,0.8642845014581332,1.680409773639003,0.02990663834612058,0.0049080024473369,0.7200359191025681,1.6536760809694373,-0.11042550066499575,0.0026082312688231,0.7931822550426987,1.973318670679029,0.33818229166044717,0.0005528276087716,0.70055924954984,1.9368640953650467,0.12270593240177798,0.0002908355963882,0.7844968278015974,1.9924879932960764,0.355910860803261,0.0005610059597529,0.6501751749468508,1.951889831309757,0.12648580261769535,0.000405306200264,0.7990059790974997,2.051122146069038,0.04738198410815854,0.0012349194148555,0.7131912882379283,2.0086217696379696,-0.21345809207420313,0.0009015822433866
2025-11-11T0792.155793,106,0.9105341099551825,0.9046191113448594,-0.7641768016846527,0.988824427127838,0.9313143644631867,0.9112802678109773,-0.7718218093293296,0.9851749539375304,0.9346143994016152,0.9034786893671725,-0.7532449661224423,0.9831928610801696,0.8962930799843871,0.9175598602075278,-0.7508360132883015,0.9826659560203552,0.8892630413892533,0.9179667160353031,-0.7566688097907677,0.9895719289779664,0.8976359699044226,0.8524852133017924,-0.7415302863640377,0.989798367023468,0.8756743493675783,0.8809286603993489,-0.7862287768175376,0.990774154663086,0.9145965594867314,0.9024778110636406,-0.475538973980273,0.9827219247817992,0.8599539605183506,0.8617214345180902,-0.647399012298608,0.9939650893211364,0.9144399053932003,0.9617317006996614,-0.6870100607485708,0.988999366760254,0.8837632746845198,0.9430627047817705,-0.7132308254887186,0.9939531087875366,0.9164940293343763,0.9964421427569297,-0.25037664782935615,0.9757015109062196,0.6953751679235496,0.9643405352470003,-0.5413770077043618,0.9820639491081238,0.9403301779081772,1.1753702112739786,-0.1271874583208379,0.1320902407169342,0.6516677271612606,1.0422867533244984,-0.5204938253237645,0.4279908239841461,0.9591998470269681,1.25941378038256,-0.34873487325420716,0.0785685777664184,0.6645699441746475,1.2465782066581785,-0.7785426893951584,0.1399203836917877,0.9357828815139185,1.3366353095377004,-0.39923027058262756,0.0867066457867622,0.6799862483621149,1.290723224098605,-0.8662164543297273,0.1352053582668304,0.9256078647231731,1.2703913963115652,-0.4286099761306676,0.1138044297695159,0.6822245410069087,1.309622318752174,-0.9222910822575585,0.1768704354763031,0.9485158183694657,1.2591403900849647,-0.38074227345150463,0.1121369376778602,0.6642422218401385,1.2609102009814104,-0.7855431730243359,0.1642003357410431,0.8454558591012058,1.3430926879079421,0.011255942899784554,0.0014977258397266,0.712186021122402,1.3411209889124849,-0.02477794928094146,0.0014333085855469,0.8323685366200704,1.6589574532773743,-0.015075839112458382,0.0045745000243186,0.7141102044896456,1.6445923052179148,-0.1308232586398619,0.0024221534840762,0.7967542455050454,1.9370732504674057,0.27804006959336464,0.0005066177109256,0.6833698131197855,1.9036374995285241,0.09121463070560737,0.0002651704708114,0.7488971604752905,2.011453452400054,0.26770411852488174,0.0005138457054272,0.6913111925998262,1.9507057426393632,0.04917964842105306,0.0003738665545824,0.7952072856299827,2.02264275830807,-0.06615243674746198,0.0011281188344582,0.6865957850122022,1.9798530521158455,-0.31507701017518946,0.0008323782822117
2025-11-11T0737.499537,107,0.8933481685703265,0.8770572211506683,-0.7963162438078631,0.989565134048462,0.8701583135444305,0.8695534825711619,-0.6738983099590893,0.98584246635437,0.8905242617388108,0.8438371097135245,-0.6828558891652121,0.984225571155548,0.8937238577434474,0.9056155230330767,-0.6809955431437653,0.9834956526756288,0.8708980965508574,0.8646017511347847,-0.712397206028722,0.9900314807891846,0.8617275518155737,0.892549618821892,-0.7069435217185476,0.9903820753097534,0.8624513614869986,0.8449347953034911,-0.6895637923367288,0.9911596775054932,0.9009960044376375,0.8871925890817896,-0.3975128267516172,0.9835782647132874,0.8341616485823191,0.8830338549119335,-0.5271555760868676,0.9942985773086548,0.8808012766891945,0.9158644550341368,-0.6238167937697774,0.9897207617759703,0.8676037171756594,0.9019814342401882,-0.6659352637710751,0.994373083114624,0.9462007643343079,1.0098348915559623,-0.2154305151116008,0.9775981903076172,0.7189217056280224,0.980481096896038,-0.3806167226938144,0.9835615158081056,0.9600702045180226,1.1583967277118243,-0.1596613553457815,0.1306224763393402,0.6464759717599836,1.1127790648027354,-0.40986074566761804,0.4507040977478027,0.9301164191129913,1.2563258222617,-0.4618616628451108,0.0763412341475486,0.6598815314591187,1.2591997406602577,-0.640500442385838,0.1403171718120575,0.9033845872546866,1.3172618667066829,-0.5576932031938827,0.0840097591280937,0.6263015966391574,1.3342486337049333,-0.7134716823286936,0.1341971307992935,0.9215668906286705,1.3023791261076212,-0.5886835451736315,0.111154705286026,0.6542568120434792,1.3077734631290558,-0.7655202267774985,0.1772629618644714,0.9454060936854679,1.264403149522923,-0.4892859089369938,0.1088541597127914,0.6737835628740503,1.2716315056092466,-0.6687712973259665,0.1635199338197708,0.8420211123445636,1.3803989087357453,0.031751288555878915,0.0014146565226837,0.6837534927082948,1.3162912473512,-0.034047099458573094,0.0013683174038305,0.7934901409983777,1.6671532540601604,-0.04898363198718711,0.0041782003827393,0.7182042103124232,1.6696048035822664,-0.18555566403138596,0.0022209335584193,0.8079923205098032,1.94971208728708,0.2550876063020047,0.0004591922333929,0.6390361242306266,1.8945948028519204,0.03748949083037563,0.0002404757105978,0.7752135240194162,1.99905357087481,0.24298369610019896,0.000465740537038,0.6448452936310013,1.9636540042332173,0.01419750330363172,0.000341329636285,0.7807016493712036,2.0326084327798815,-0.0898567514231435,0.0010238803224638,0.6929585200265891,2.0103980709498512,-0.37419112170633473,0.0007612872286699
2025-11-11T0759.676570,108,0.8305430496782588,0.8769831399458617,-0.6928465023627133,0.9872789978981018,0.8542168621698625,0.8825371688193056,-0.6455401531865353,0.9811220765113832,0.8262859776679407,0.8753270856179329,-0.6534448863840928,0.9809552431106568,0.8423132156316604,0.9139140889640245,-0.6511683050661429,0.979314923286438,0.82878471989494,0.8831777802344796,-0.6291385288536726,0.9859306812286376,0.8167389619944577,0.8325801949140861,-0.6340665369070461,0.9872719645500184,0.8143800564922932,0.8698346218404048,-0.6678025855679588,0.9880042672157288,0.8829428382485671,0.9089761647950185,-0.35960881073122003,0.9806410670280457,0.8075275075438331,0.8699314307771069,-0.3936261934357302,0.9926798939704896,0.8246863792553267,0.9325916445665658,-0.5770313650068966,0.9878132343292236,0.8175404770921573,0.9190927084916874,-0.5572993293826412,0.9931879639625548,0.9157693493597558,1.0015747777176054,-0.1633076059399781,0.9786743521690368,0.7142913774263472,0.9585816698898376,-0.273384605981706,0.9846186637878418,0.9468668549017694,1.1431651771642115,-0.14702580082323,0.1273360699415207,0.5825858793990868,1.1368540125354092,-0.2542473342716905,0.458371490240097,0.9138254522243612,1.28125724377329,-0.4044291843265325,0.07101721316576,0.6581748045188037,1.2892651433301658,-0.4479003145199348,0.1343546956777572,0.9299240956082468,1.3241276777218893,-0.4740599914208038,0.0782411471009254,0.6144778746226047,1.3150597611329982,-0.537158041024151,0.1277490258216858,0.9332039134120957,1.2882940878309386,-0.5389037716287165,0.1039308235049247,0.654849568043659,1.3210833242726243,-0.5862389159313868,0.1700839400291443,0.8807671395990161,1.280913062700672,-0.44943633164187635,0.1017194837331771,0.6664575121327893,1.2959774772169141,-0.5007377536645353,0.1571929901838302,0.8169889717976658,1.368256254560739,-0.0058150189699790085,0.0013592215254902,0.6693995182673589,1.3440488243691027,0.0020341397463289274,0.0013519953936338,0.811810965200214,1.6729175435998387,-0.13723886910009195,0.0038489559665322,0.7011978342851902,1.6395412192770598,-0.24974264340040497,0.0020579204428941,0.7972485769065033,1.9468903068225125,0.05698403154538919,0.0004177870287094,0.6650623106936333,1.909879130939223,-0.0913779161129096,0.0002194305707234,0.7928700119344947,1.9962251724051019,0.05559689907392101,0.0004258041735738,0.6529803540652823,1.962251478369085,-0.12545642735612422,0.0003152482968289,0.7643983509482405,2.0298191613614014,-0.28662022047596597,0.0009325150749646,0.6841511000030343,1.9845443298375807,-0.48825406662376347,0.0007025473751127
2025-11-11T0732.699426,109,0.8392094712562101,0.927155878191928,-0.8163864180017867,0.9830963611602784,0.8227154407884588,0.887302579246212,-0.7760245204962769,0.973494589328766,0.8714781259293265,0.8794485350018167,-0.7689797793619019,0.9754370450973512,0.835322319854948,0.8871125550967233,-0.7893012337062191,0.9725870490074158,0.8041828040960929,0.8850576858241085,-0.771829352180217,0.9802470207214355,0.8234893127815781,0.850471361185098,-0.8160766271932438,0.983040988445282,0.7951739219544874,0.837170473375338,-0.7893792814273495,0.9837831258773804,0.8434552851914705,0.9030684175285888,-0.5112598214510545,0.9760543704032898,0.788734130966797,0.8602899546343725,-0.5715658653715234,0.9906148314476012,0.8381792751301843,0.9331602885898926,-0.6993433469598438,0.9838834404945374,0.8212667382690171,0.9133862510788596,-0.7021972736156391,0.9910727739334106,0.9186340081435366,1.0007448848642284,-0.2723948503854206,0.9791752696037292,0.7032503934880674,0.9711562953368947,-0.31441390179123974,0.9853450059890748,0.922427746482678,1.1537730024190156,-0.20278539080739508,0.1226859092712402,0.6162364149926807,1.0753191909630566,-0.37827861466243307,0.4598249793052673,0.8866730483689019,1.2822158084277544,-0.43578714879520264,0.0649101287126541,0.6597641490422652,1.2325514481528181,-0.5458764080664046,0.124790608882904,0.9168361183671089,1.3306432174193823,-0.5308608491686772,0.0715458616614341,0.6518652583335853,1.3031890721160486,-0.6326572271095963,0.118110254406929,0.9142459106024158,1.2539449046428506,-0.5772973705696185,0.0952036902308464,0.6484930513547134,1.2870506814639695,-0.676853840413673,0.1577869355678558,0.8809593533215316,1.3286684276796412,-0.4770177047350827,0.0931776240468025,0.672957538171873,1.2640398394497958,-0.5515018179842588,0.1459061354398727,0.8273172943801229,1.351654787239824,0.014270375154910184,0.0013743757735937,0.6873362999493247,1.344377017771926,0.006716725082604725,0.0014221833553165,0.801139861238908,1.6342630215711242,-0.13644277903504243,0.0039809979498386,0.6710908918992453,1.6518754581622572,-0.245448339606489,0.0021383161656558,0.8108562292199367,1.9496747171219826,0.07309484046796128,0.000403410202125,0.6435993861541935,1.9485493152719586,-0.14428969896504035,0.000218729066546,0.7461416762056929,1.9609307017045146,0.051568162339782696,0.0004188677121419,0.6312948497418016,1.9747903012105277,-0.136737858751417,0.000331674091285,0.7563464926652892,2.0280554621947604,-0.2887719206243817,0.0008988796616904,0.6809596810287575,1.9806605958567367,-0.48385645826222695,0.0007430541445501
2025-11-11T0773.706521,110,0.7867699779955932,0.9143695059113962,-0.7607854425333385,0.9774158000946044,0.8084110798102551,0.8548511163134523,-0.7469917098609165,0.9636163711547852,0.8078881965091973,0.8743393297222486,-0.7295443184606337,0.967983067035675,0.8069502082409229,0.9016765914747628,-0.7355771388827119,0.9641173481941224,0.7702851998016892,0.882267149169165,-0.7185121063948028,0.9710094928741456,0.7456799929779251,0.8701554124354641,-0.7148226333562046,0.975064754486084,0.7685924253506953,0.8900531631265713,-0.7091613785639882,0.976002037525177,0.8328024188964983,0.9071134065414791,-0.45734074319945145,0.9714158177375792,0.7632855217525233,0.8743131226706277,-0.45037943299133826,0.9860928058624268,0.8151883109843492,0.927488902238358,-0.6620265129010544,0.9799265265464784,0.7758703843054872,0.9262579038778066,-0.6286956294443786,0.987433135509491,0.8871745046922019,1.0189928530292132,-0.25838239687400055,0.9791211485862732,0.699207220400139,0.9435613530924646,-0.2832756772384025,0.9858211278915404,0.910332457049012,1.1574338604534324,-0.2148601102348092,0.1218828856945037,0.6265841352327383,1.0449212806431147,-0.2301833420216588,0.4563755691051483,0.8769882185848172,1.2079160014523964,-0.42620093241335016,0.0605568028986454,0.5963243779892379,1.2346978142369955,-0.4337667818856225,0.1162580922245979,0.8525737473498085,1.2303242623798158,-0.49678411161795033,0.0667797848582267,0.6061263074280641,1.2726021941595107,-0.4822549684203849,0.1096656769514083,0.8842264386340783,1.1899188326771704,-0.5243497740067513,0.0890412181615829,0.5966213744527361,1.2848120386480613,-0.509385884385444,0.1470072716474533,0.8443623293057413,1.1835066524078155,-0.4529577243454197,0.0869022384285926,0.6200959398061955,1.2745147780017214,-0.4597044216448716,0.1363637447357177,0.8036480392170399,1.349262233382733,-0.004005954909017034,0.0013430757680907,0.6819422765582129,1.339147241479187,0.01703208147141638,0.0014404996763914,0.7632610153768535,1.6441099393150291,-0.14163480826818758,0.0038340475875884,0.6531267035760586,1.6094425438208222,-0.2104419224865398,0.0020953882485628,0.7641283816122534,1.8968682605161247,0.035766977694446166,0.0003779902763199,0.6600516219441949,1.8975132216940798,-0.12220626392185072,0.0002084668522002,0.747217092379742,1.992693784957526,0.025112997481565605,0.0003952287370339,0.6514185023819744,1.95802399794397,-0.11742666022541684,0.0003320052928756,0.7441426992429284,2.024430876929875,-0.3360619770341094,0.0008355912286788,0.6717685206208608,1.9799639380979552,-0.4747840623213198,0.0007227910682559
2025-11-11T0762.336920,111,0.8024485150135353,0.8755260896394529,-0.652889768825626,0.9713231921195984,0.7944947711216596,0.8745386153063391,-0.6245839861109951,0.9539878368377686,0.8047643997856204,0.864737710581328,-0.6121147205268539,0.9616507887840272,0.8297844637575454,0.8460996043529356,-0.6175459381723886,0.957063853740692,0.8026058533476902,0.8825411865902809,-0.5902683905696899,0.9608473181724548,0.7551775519182605,0.8677082094498391,-0.6346864209604008,0.9668826460838318,0.7655591670628568,0.8545968864894922,-0.6009323844838667,0.96724534034729,0.8183729943181492,0.8710201275771119,-0.39545773462156303,0.9683744311332704,0.7609144794076331,0.8846570217451715,-0.4085299210787239,0.9810288548469543,0.8244811857944857,0.9189682146060532,-0.5539355801282875,0.9769166707992554,0.7943426104348958,0.9172266854227342,-0.5758072475784956,0.9835045337677002,0.8608708107966718,1.014963562268502,-0.20790872849963737,0.9794021844863892,0.6907102269584776,0.9803107753912768,-0.23050993728771701,0.9858146905899048,0.8818153638838878,1.1781216097361258,-0.1820464921482608,0.1187065243721008,0.5628646522397247,1.0547016904198179,-0.22459700671405192,0.4451027810573578,0.8892604894256589,1.213698417579544,-0.4088292007462806,0.0559793971478939,0.618115177847938,1.2510746727144393,-0.43650270864066937,0.1071192100644111,0.8600817730356595,1.2517768240470837,-0.5006334147474393,0.0618682317435741,0.6003011906837576,1.2891363307228958,-0.519693006087399,0.1010195389389991,0.857125318971917,1.2449473347948188,-0.5258072781592057,0.0827059745788574,0.6329376539979906,1.2997145215450883,-0.5697404180636783,0.1359083652496338,0.8239290062357123,1.2380257724339727,-0.4082070287404711,0.0805812403559684,0.6218621558632267,1.260884622895126,-0.5036960004885238,0.1263744235038757,0.8200380722152555,1.3781285374833978,-0.044211615522803574,0.0012955430429428,0.6879210859710826,1.3314587448374815,0.015056112047482794,0.0014232906978577,0.7968284109405426,1.6680910410090242,-0.20209574429986746,0.0036735534667968,0.6834397111260395,1.6168950721115254,-0.24997241638033416,0.0020196156110614,0.7751661269769552,1.9294501389091794,-0.013742772691746123,0.0003543296770658,0.6642062019437067,1.9193280852469146,-0.12843933103782187,0.0001955376937985,0.7783422660125828,1.9595693035064141,-0.0283658364174397,0.0003758835955522,0.6807169679813334,1.9442493786376,-0.17693351765679202,0.000324597582221,0.7605778319616936,2.0069193715432907,-0.3775357949024782,0.0007799706654623,0.6750656743688308,2.0205671844187667,-0.49647741138219675,0.0006994443829171
2025-11-11T0765.630337,112,0.7544433669773981,0.8305578487281522,-0.5194455832532602,0.9696641564369202,0.8169105307316258,0.8601130211569288,-0.5039539055563781,0.9506157636642456,0.7884396238130101,0.8471018233916353,-0.5167559824117292,0.960930585861206,0.8083672903646411,0.8580519392312185,-0.5183600617749307,0.9558757543563844,0.7765479961926852,0.8797379041814545,-0.4958447052439059,0.9561710953712464,0.7839881528475452,0.8360222060407791,-0.532442721258876,0.9643519520759584,0.7537757099632578,0.8592110450730361,-0.5483173597580152,0.963406503200531,0.8120340215423155,0.8835949695095765,-0.36114671974783147,0.9681663513183594,0.7462524514235792,0.8953890834337087,-0.3121723961193773,0.9786720871925354,0.8029829027015758,0.8918776736863923,-0.47899486732004776,0.9766933917999268,0.778348177321218,0.9284875639711326,-0.4256453154583227,0.9817875623703004,0.8663229815046922,0.9801579434783829,-0.19534258750676028,0.9796790480613708,0.6874144852607805,0.9877697509312455,-0.17733997046550448,0.9858883023262024,0.9066046050619868,1.1692177888932962,-0.21964903736797478,0.1250297427177429,0.6075573235206765,1.0964903623762634,-0.11268055432240626,0.4541186690330505,0.8711634298250437,1.3021151065192234,-0.4150484069248641,0.0522525943815708,0.6025905653857547,1.2381268834990637,-0.316323023729008,0.1005425453186035,0.8763166195118475,1.3001726984220658,-0.49637946869796035,0.0578622482717037,0.6104507754344405,1.330601256636727,-0.3911776053289658,0.0944249033927917,0.8461480320327528,1.3241530173455545,-0.5208670152162483,0.0777611881494522,0.6371634021662982,1.3218994820497145,-0.4591097051761127,0.1278547346591949,0.8821572636091789,1.2904854733617765,-0.4758317933688893,0.0757541880011558,0.6374238131068687,1.2726452483122517,-0.36867006971380417,0.1192009374499321,0.8188521557570457,1.3501243504861045,-0.03805773481545241,0.0012696289923042,0.6499077772649436,1.3174747441783894,0.03104330397442009,0.0014348613331094,0.7987568464766764,1.6577409016204854,-0.25851196057726816,0.0037974875885993,0.7033359117623934,1.6487746696991419,-0.24064465985813877,0.0020892391912639,0.8048391336950095,1.9026176489823052,-0.13285211800612517,0.0003683509712573,0.6786647844450966,1.906484767282616,-0.25137529447809753,0.00019380125741,0.7788295862483656,2.0010957839813117,-0.11090303203208912,0.000418245763285,0.6560801408498573,1.9432218836397963,-0.2669883375304725,0.0004116282798349,0.7505538489103462,1.9832275179473224,-0.42728109887224147,0.0007872533751651,0.6905006973208949,1.9571324671067787,-0.5769000530048471,0.0008061029366217
2025-11-11T0757.135714,113,0.7513888752700831,0.8556500829536431,-0.4972018629134188,0.9720783829689026,0.7479400315594381,0.8431070119283145,-0.475281229990547,0.9543784856796264,0.7745366947069448,0.8326607664849291,-0.4455789261071116,0.9641674160957336,0.7782327462745505,0.8360200433989762,-0.47219755049746237,0.9594534039497375,0.7349624983997135,0.8503243236102005,-0.46986951773712843,0.9592641592025756,0.7221917929991938,0.8380201245438861,-0.4783115621092047,0.9670209288597108,0.7465340693119663,0.8445627658281015,-0.47208106837915126,0.9659771919250488,0.8119910552041029,0.8340636627276452,-0.30106306618860357,0.9708713293075562,0.7326398583854025,0.8892299110866545,-0.21480483375904275,0.9801850318908693,0.7763394299820688,0.8595919644032525,-0.41149775257296534,0.9786417484283448,0.7624099149977293,0.8935461795276568,-0.39382161899221335,0.9831177592277528,0.8567715747036667,1.00704402023549,-0.18453177072502183,0.9809696674346924,0.6390572367655863,0.9864748823385908,-0.08305962176769038,0.9868353009223938,0.9377016260544867,1.1818225299904823,-0.24396450534816488,0.1294430047273636,0.5796006606703035,1.132785523405696,-0.060311397751955535,0.4562552571296692,0.8756071813255181,1.2741731192959065,-0.4812054272154683,0.0496137477457523,0.5937733236777952,1.2645114252262835,-0.2930849467027084,0.0963538959622383,0.8941470883239354,1.3620934798830062,-0.5449479009583098,0.0551258586347103,0.600204900869887,1.3110553313010334,-0.35311348401972253,0.0903946533799171,0.849104135810343,1.2955807881867674,-0.5842333420701076,0.0747187286615371,0.615994059801058,1.3025607302972209,-0.388361099707838,0.1236499026417732,0.8657612837565241,1.3054844446653457,-0.5055255525924598,0.0727228000760078,0.6120869483148498,1.3022672240245783,-0.3208938210671626,0.1157313138246536,0.8157353973280563,1.3317264209976691,-0.025455183535206136,0.0012380609987303,0.6397710826898035,1.346276336231688,0.03205593183440054,0.0014431360177695,0.7894982775800554,1.6397545124748485,-0.2425606119132627,0.0035863518714904,0.6660186763457445,1.6108005441862097,-0.2731870684250382,0.0019875178113579,0.8033691176606074,1.9182568476682593,-0.10899410927144518,0.0003433279925957,0.6483746679768275,1.9244895742963146,-0.2531272774554412,0.0001793510164134,0.7509158522062779,1.9714655129271828,-0.11853818630188413,0.0003949411038774,0.637797587317855,1.9404708462488802,-0.2469878187530112,0.0003891104424837,0.7490488737792337,2.0006048031704275,-0.44763564215405555,0.0007342435419559,0.6642170800539767,1.972445252310327,-0.6064078420574885,0.0007805280038155
2025-11-11T0768.636509,114,0.7403936211595333,0.8660467310470005,-0.4942049376328429,0.9742903113365172,0.7701630056427119,0.8336190935613306,-0.46266229743518916,0.9578471779823304,0.7650521278785863,0.8370932227190806,-0.46355287477029294,0.9671903252601624,0.7518289237236602,0.8108985134144906,-0.47326542632242363,0.9627834558486938,0.727232225769305,0.8192118668083619,-0.46288135973339206,0.9620916843414308,0.7100867347026534,0.8407219033439742,-0.4548066648983878,0.9695347547531128,0.7203824164924896,0.8641519339146314,-0.4858442050952908,0.9683632254600524,0.7803793725724852,0.8502583651663963,-0.3179362722255067,0.9733963012695312,0.7002711149310834,0.8502000512902134,-0.20317586547514138,0.9816070795059204,0.7490418548395874,0.8676175582061743,-0.44771090946261943,0.9804452061653136,0.7564576133087832,0.8882548620783345,-0.3714591884312132,0.984355330467224,0.8898749717321235,0.9881786658864988,-0.16468343365394583,0.9819360375404358,0.6786547181149112,0.9888512458724753,-0.07576638624367692,0.9876287579536438,0.9316308843364296,1.175555993031551,-0.24410748612227998,0.1430198401212692,0.6208454713433862,1.1269348726689372,-0.03390022050603813,0.460515946149826,0.9202186384508438,1.3081785302520326,-0.5177472728416335,0.0476136058568954,0.6277006861533294,1.2407560270044686,-0.26094466281891027,0.0931851491332054,0.9213044329142093,1.3313411746026635,-0.5903590934539822,0.0529667623341083,0.6233341084833343,1.3197287809482279,-0.31221497518371144,0.0872130244970321,0.8931855388891816,1.3718318680589654,-0.6412463984715908,0.0723832622170448,0.6482134023994144,1.2776630245934701,-0.38179762080790014,0.1204595789313316,0.8653580954283072,1.3500826614401196,-0.5573821608210594,0.0704501494765281,0.6102695919412147,1.3280126746625476,-0.29663618758927784,0.1132140532135963,0.8226163920231347,1.3525355083556836,-0.03812486746791389,0.0013594883494079,0.6750659602996193,1.3173996794583847,0.014772053922148701,0.0016551850130781,0.7748871457681442,1.6711656981101297,-0.28574990247552523,0.00387002248317,0.6678525577303166,1.5917437809914328,-0.2692870198682835,0.0021641864441335,0.7732167281071393,1.9054715927471757,-0.19765815361890704,0.0003551341069396,0.6369535839381106,1.883420748478099,-0.30144850887771607,0.0001782461768016,0.822997707291298,1.9857409162671318,-0.21773015041191854,0.0004305781039875,0.6265995028153603,1.9503594675124623,-0.33267812615029796,0.0004227838362567,0.7788792468575945,2.006724754972495,-0.5549591757182973,0.0007568855653516,0.6957436699502486,1.9865745024415635,-0.6460691451137556,0.0008990635978989
2025-11-11T0795.279323,115,0.7020908906824939,0.8212410542898787,-0.5085699580474453,0.9762244820594788,0.7551866477884936,0.820863486815997,-0.4877207052108987,0.9609885811805724,0.7484873121883531,0.8269268909336225,-0.4637959991081616,0.9698753952980042,0.7585504184469068,0.821712902871744,-0.45922769542671354,0.9657676815986632,0.6944328634007882,0.8332166586395111,-0.4678761080199924,0.964727520942688,0.7275097034311756,0.8234828266694848,-0.443192753579711,0.9718035459518432,0.7016654172098757,0.8238345146776777,-0.44359241010954126,0.9705846309661864,0.7500553399546493,0.8371364642923924,-0.32169162678721525,0.9756615161895752,0.7107085628173722,0.8385003062320902,-0.22543819698224118,0.982871949672699,0.7665728013391405,0.8536799420039906,-0.4121842960964477,0.9820650815963744,0.7276751735601377,0.8794957949029666,-0.3971761037072644,0.985498547554016,0.8523025374059922,0.9879611602049558,-0.16354079632049612,0.9829092025756836,0.6708883624603205,0.9989045855431926,-0.10467580675358948,0.988370954990387,0.8792807725026329,1.1669563979049298,-0.2679185435196036,0.1441980302333831,0.6118717590982375,1.1757501060491826,-0.04114413742740976,0.4545620679855346,0.8860421244504728,1.3170502727408635,-0.5427107580437716,0.0445203781127929,0.6233482333401338,1.2846531917530064,-0.22041781045781866,0.0884484946727752,0.9266985604970881,1.3102676368889241,-0.5900136184222843,0.049602922052145,0.60569184774771,1.348074685102518,-0.28087490129909576,0.0827283561229705,0.8777457859218781,1.3138436917636038,-0.6538264236297995,0.0680899024009704,0.6248427527910141,1.3540497149682045,-0.32495433721197664,0.1149438247084617,0.9146944143401451,1.3335242952766204,-0.5776309886272762,0.0662259012460708,0.65558922545384,1.3219424029275142,-0.2809769448042095,0.1082261577248573,0.7775155561864047,1.3361372662618987,-0.023827305610216808,0.0014934660866856,0.6712053055447628,1.336312087608196,0.04505393283251669,0.0018726026173681,0.81141897362605,1.6137404483139772,-0.2959667450322878,0.0038192886859178,0.6688713829469295,1.598717979841382,-0.2690647250637203,0.0021374761126935,0.7990586390529467,1.9196057021687902,-0.17744977148451244,0.0003417988773435,0.6667091320068073,1.919385875366407,-0.2538464818252486,0.0001706907351035,0.8244917175334525,1.950157888333886,-0.19758274156366215,0.0004170969477854,0.6771107953873482,1.9531243283554247,-0.28809404882072387,0.0004055969475302,0.7768974916944874,1.9739105653189504,-0.5078346586948322,0.000731265055947,0.6754968750098277,1.9717462933657326,-0.6110445210228416,0.0009026431944221
2025-11-11T0779.329629,116,0.7059282137753721,0.8152823596850999,-0.44401564398992893,0.9776991605758668,0.7479071136893626,0.7812417576031137,-0.45279525843269697,0.9631605744361876,0.7340490375447543,0.8167955753047078,-0.4479861977571424,0.9719182252883912,0.7272909047862738,0.7642255539658342,-0.4824305018271657,0.9679807424545288,0.7065150093192566,0.8218306322506184,-0.4343616739409284,0.966273307800293,0.7149991619392957,0.8327366884335237,-0.4404843566497372,0.9732467532157898,0.684334500929095,0.8328361169514868,-0.4409483723443022,0.9718334078788756,0.756141493521989,0.8513822784761073,-0.2906980538309657,0.9773975610733032,0.6829072823994519,0.8508816701508669,-0.1929296892003517,0.9834532737731934,0.7509910577750094,0.8689877447734462,-0.4123796404808653,0.9832580089569092,0.7003926419974744,0.8605045745963682,-0.372689542147417,0.9861092567443848,0.8256349482692996,0.9899434832960846,-0.16089994147400985,0.9835522174835204,0.6415433067208218,0.9945253929921714,-0.07173519234585493,0.9886692762374878,0.90768789149062,1.1790492389627176,-0.2277512408673523,0.1433436423540115,0.6022802797461173,1.1839584598100295,-0.031731132715951696,0.4296244978904724,0.9146996342174573,1.285300513626477,-0.507667411354434,0.0413620062172412,0.6017298779366308,1.306844113917912,-0.24105352498459265,0.0815764442086219,0.9195557932249155,1.3435050983634955,-0.5543635706557082,0.0462712049484252,0.5889752250040043,1.3594865545707446,-0.30241935929151703,0.076499193906784,0.9097656996111411,1.3463899538382138,-0.6140926209862837,0.0639662742614746,0.6203978749374198,1.3743825890448256,-0.34777758193640507,0.1068419143557548,0.9224585001049573,1.3656396146359433,-0.5294123479595868,0.0620156526565551,0.6184471113259825,1.3254699017094913,-0.26970459467904173,0.1006662994623184,0.8047743617569951,1.3338921509073105,-0.05322618700710368,0.0014870084123685,0.6661437903002789,1.3569611237468053,0.046723223070066884,0.0019032835261896,0.8129616486286723,1.6493787101271147,-0.2581677370162142,0.0038339081220328,0.6668414660973753,1.609014203862,-0.2360172560053014,0.0021453744266182,0.8179328589871521,1.9022478393619138,-0.14328173047816545,0.0003370138874743,0.7109892088321971,1.8789357023596502,-0.2260071071677,0.00016770856746,0.8284547571032242,1.9474958440680017,-0.12555852117885055,0.0004095506446901,0.687690227173829,1.9358042617231461,-0.20409359747305644,0.0003916430287063,0.8234284319867281,1.9968721566923608,-0.4725970456667512,0.0007160055683925,0.7386899472838416,1.9900197310957044,-0.572032662381531,0.0008796857437118
2025-11-11T0752.775471,117,0.7065155462198852,0.8508000633756448,-0.5026220581037771,0.9724821448326112,0.7047697638574335,0.82861475118779,-0.5093453816165304,0.9580438137054444,0.7234835174066228,0.8080167005987369,-0.45767215392839383,0.9679908752441406,0.7457172972610026,0.8275541667845618,-0.49072717995757276,0.9643585681915284,0.6819752658314585,0.8328068658625477,-0.48617537363171004,0.9599848389625548,0.6866827611283417,0.8117014432648882,-0.4678126447931644,0.9673474431037904,0.673657472359878,0.8419306003715441,-0.4600603265114802,0.9656251668930054,0.7492766286424521,0.8241590035211878,-0.32114223485377286,0.9746020436286926,0.6987206662807852,0.8376979258200971,-0.23025929966572042,0.9760913252830504,0.7462920051763572,0.8712276613766796,-0.4438778108108627,0.9788984656333924,0.72257543726253,0.8673485104274714,-0.4188379771890515,0.978625476360321,0.8524638517270311,0.9777794432289956,-0.22849340659773776,0.9776650071144104,0.6544924328622218,1.0049802784951725,-0.08015177547341412,0.9777399897575378,0.917238967559995,1.1469045261583914,-0.27094995164178276,0.1467343866825103,0.6090041716489576,1.1806061863871873,-0.015625368887738748,0.3958573937416076,0.9231785341126522,1.2520560561445786,-0.488870180939146,0.0401589274406433,0.5841644393635442,1.2485460606889318,-0.2737799584951952,0.0751895606517791,0.9739331195194585,1.2223643692160513,-0.5679101024194246,0.0459286421537399,0.6021462210165301,1.305533206194211,-0.36452653160443976,0.0717106759548187,0.9380325479225734,1.2284585622208226,-0.6033120873474697,0.0636365935206413,0.6361386555872414,1.2617936829453607,-0.4123324851299759,0.1005265340209007,0.9377479940454589,1.227143016076216,-0.5098526267151242,0.0608415193855762,0.6397061802731797,1.255253795265648,-0.3515119323078517,0.0947130769491195,0.7985600404233386,1.3807970580359294,-0.08096025043089446,0.0014976544771343,0.6798847891122665,1.3628995135956474,0.05331619089660584,0.0019586822018027,0.8254250149881923,1.5744057111419427,-0.26902311235054416,0.0044868444092571,0.6925195174023699,1.5885295322598372,-0.16250138571439787,0.0027107389178127,0.8678923849941377,1.8617314541121424,-0.02053610445136498,0.0004125598061364,0.731385101162136,1.8778492346610491,0.005389435307901605,0.000270595162874,0.8597353492564437,1.9122293444021683,0.012054405580107706,0.000433713721577,0.746125045025339,1.9022231445085933,-0.011069549763183945,0.0005662011681124,0.8588596227128344,1.9498256615600797,-0.24614354563280955,0.000799780304078,0.7244491238043086,1.9440290184782085,-0.2818799178920934,0.0011740108020603
2025-11-11T0731.292288,118,0.6977797228849655,0.8472477681066345,-0.4941402612262288,0.9718648195266724,0.7206042477168269,0.805910855371331,-0.46674802174509594,0.9570932984352112,0.7116844444592753,0.7902575385123535,-0.4898782636040749,0.967398762702942,0.719772407484773,0.7907600253919227,-0.4803367710853894,0.9638866186141968,0.6745801751147649,0.8217061150353453,-0.47291640133905044,0.9580522179603576,0.6781451361883323,0.811982092666536,-0.45738474028734133,0.9657018184661864,0.6790272882396717,0.8345780527653712,-0.4656750101149953,0.9637871384620668,0.7275113298083566,0.8312833268686443,-0.33615254528847854,0.9742799401283264,0.694879828551368,0.8636121160100613,-0.2641636537050411,0.97310209274292,0.7045999525180615,0.8814464063905806,-0.4316347615591978,0.9784384965896606,0.6891730228129418,0.8600121941728616,-0.4168542710498502,0.9769925475120544,0.8147406942459157,0.9836369324739773,-0.214299226947444,0.9760115146636964,0.6457238244383481,1.0331968772474294,-0.10540396106727665,0.9741106033325196,0.9106418973381916,1.1403832617670733,-0.23809382389940617,0.1464652717113495,0.6107973084155489,1.174328931550324,-0.08764979220356837,0.3649365901947021,0.9250787301935228,1.2524134710595838,-0.48285962690578277,0.0377359986305236,0.5958083159239914,1.2666369549819219,-0.3579328936255241,0.0692175328731536,0.9627184148489439,1.2947597241068134,-0.5233312425435453,0.0438292510807514,0.6113170013351757,1.3176194173338605,-0.42029576863022666,0.0669050067663192,0.8835873182045213,1.2907659200095374,-0.5554837407531141,0.0612099021673202,0.6262777104307286,1.2847560783638858,-0.46934416672752083,0.0943647846579551,0.906873224940206,1.269176790420374,-0.48188433777041734,0.0582352615892887,0.6396338361929328,1.2814213093117954,-0.38669045599246893,0.0888858959078788,0.8190523796417447,1.3598168963069388,-0.047336946970974125,0.0014435787452384,0.6883979447339823,1.3595663596385343,0.07215441894756423,0.0018909286009147,0.8200662190675923,1.610533232255247,-0.21221256246692136,0.0045912531204521,0.7270970858103274,1.5883040218167768,-0.16505872726409512,0.002761757466942,0.8703590898212076,1.8888046670328629,-0.020900191370682202,0.0004079493519384,0.7251372654060974,1.8550057614580469,-0.05893329682660127,0.0002734630252234,0.852101558611496,1.9141573159488605,0.008565262888636122,0.0004136735806241,0.7463582941166358,1.8977205701122797,-0.03217743634803005,0.0005589704960584,0.832213478638287,1.9758419626813233,-0.2631395723132551,0.0007881680503487,0.714434037974608,1.932622299830758,-0.3492172083294885,0.0011710012331604
2025-11-11T0764.957982,119,0.7149083809277443,0.819402393199056,-0.4803934415052705,0.9739237427711488,0.7009677480115072,0.8195726102105793,-0.4400112851471022,0.9597977995872498,0.7039220988286113,0.8280122441982657,-0.4832947935433551,0.9697009325027466,0.7156977185382357,0.8124388262330533,-0.4985426261912685,0.9662864208221436,0.6578091764722345,0.8285408648554677,-0.4760036231099405,0.9601864218711852,0.6714966923839367,0.8340057997823335,-0.46984293592946885,0.9675989747047424,0.6397163934057803,0.8019032877334491,-0.47757278864618663,0.9653455018997192,0.7184208700303379,0.8289276937095597,-0.33213549873912196,0.9760907888412476,0.649216574507402,0.8584776461156313,-0.24883413482953842,0.9741969704627992,0.7034190112786665,0.8623338979608448,-0.45077703363348476,0.980019509792328,0.69491305411872,0.8713836503505857,-0.4107398478821791,0.9783043265342712,0.8264531745421155,0.9697750446811312,-0.22469808116071466,0.9776363372802734,0.6551184739621984,0.9968879884992979,-0.14266011209588453,0.974947988986969,0.9156511220364584,1.1276610055628737,-0.24432732241141653,0.1462557911872863,0.5860185419771691,1.2021572947420789,-0.11026652804244538,0.3390338718891144,0.9667473679172993,1.281274165700824,-0.49176177590337894,0.0363519005477428,0.6220545751582388,1.3535689536091624,-0.33684567635880597,0.0636510476469993,0.9521338533058463,1.3000523769554397,-0.5279557252271136,0.0422762222588062,0.6017323831376642,1.4245804441857757,-0.39831964545799237,0.0618031732738018,0.9380352361589608,1.336262383723555,-0.5690661723911211,0.0599329695105552,0.623248702272052,1.3882264780758202,-0.4519320897393522,0.0876714810729026,0.9117704502704792,1.349688529392469,-0.4761532715505636,0.056808952242136,0.6452811262374256,1.348597032417497,-0.3891824928389094,0.0825971513986587,0.8297334668664155,1.3329790631174012,-0.033153273214010515,0.0013356634881347,0.6882086781037435,1.353759461641878,0.05309779232641622,0.0017454855842515,0.8209866531157243,1.6022722324979084,-0.15956863852248504,0.0042091086506843,0.6828962784495087,1.6305287902652263,-0.0740976240507123,0.0025300260167568,0.8376214456217791,1.891512503674992,0.08726395410308148,0.0003746727306861,0.7306656787080371,1.9274482046295527,0.038477502720502016,0.0002492368221282,0.8664483229828004,1.9391825861144927,0.04663922900498762,0.0003785401640925,0.7406118383285037,1.9660240048906834,0.05587162237975185,0.000509686244186,0.8042857200346107,1.9665393020622866,-0.24407590147909206,0.000724010169506,0.7541034172653697,1.9823941431468033,-0.2698955107413185,0.0010739765129983
2025-11-11T0716.241790,120,0.6795233282792074,0.824145598109063,-0.48621488711925615,0.9762173891067504,0.6836758323815384,0.7634592934712606,-0.47587618974219004,0.9631739258766174,0.6917361011235882,0.7984747300775584,-0.470650247488572,0.9722810387611388,0.6849946997436619,0.8034221572876201,-0.49226990653428887,0.9691181182861328,0.6282065741142083,0.8204092949749424,-0.44617888728706295,0.9632810950279236,0.6550087534772239,0.8168235657166941,-0.43907168354409776,0.9701140522956848,0.6422392372839184,0.8181071980548739,-0.46686399966873626,0.9678664803504944,0.7185767072321037,0.8157774665257826,-0.3397295753156237,0.9780431389808656,0.6646610113110868,0.8389005159777754,-0.21395398143668873,0.9759611487388612,0.70770563796154,0.8371574089571354,-0.4513136480242759,0.9817564487457277,0.6648555097182615,0.8434767624461886,-0.40535590468222005,0.979967474937439,0.8520905008045672,0.98216579164721,-0.21731841949395894,0.9791760444641112,0.6085036217027808,0.9739393621485267,-0.1523202164115126,0.9759262204170228,0.8850151231591827,1.158189026835239,-0.25232068125703544,0.1467364281415939,0.6076595221040518,1.2160566082766482,-0.08702137637572267,0.3140273094177246,0.945618071705838,1.312368282314007,-0.47298499426492824,0.0355264097452163,0.6337151309658513,1.3486631836240754,-0.3207508601231998,0.0590536631643772,0.9268124407734047,1.346730194157146,-0.5359740792304096,0.0417588762938976,0.5994599929852416,1.3909078775273263,-0.42224431259673095,0.0579869076609611,0.9553796909163838,1.3402221387312494,-0.5847355505341456,0.0602951273322105,0.64889728676939,1.4123359638850561,-0.45169525444948333,0.082888051867485,0.9386151847108531,1.3396944289961554,-0.4908818279207256,0.0571925714612007,0.6426453298520255,1.3575216587032477,-0.3831284418139486,0.0784342437982559,0.8264067150359192,1.350979775848321,-0.03538398887968905,0.0012197503820061,0.7085002868583828,1.3586769430971966,0.04360923611081288,0.0015932583482936,0.8290369234949381,1.6043620794710014,-0.06266378521195735,0.0038113142363727,0.709975740558445,1.6426431757946973,0.08751053233929287,0.0022972542792558,0.8636127602670461,1.894307124075913,0.3150622451634658,0.0003420915163587,0.7323836234029508,1.9075562204672207,0.27581360187009507,0.0002264112263219,0.8681521746647627,1.9442114213598412,0.2927921359953173,0.0003436423430684,0.7173036423449755,1.96103946869251,0.3320525376737055,0.000463620875962,0.812444816779914,1.9909140436013668,-0.006551932068855331,0.0006591295241378,0.7416447320226134,1.995493324565965,0.003620151098312643,0.0009780372492969
2025-11-11T0722.581659,121,0.6956408295757847,0.8213923619492963,-0.47714494679171227,0.9779248833656312,0.6632831948626166,0.8192195708590979,-0.45534620558320615,0.9654901027679444,0.6608876955794639,0.7857967999093316,-0.4771710744497303,0.9741581082344056,0.6639136252129482,0.82772567804497,-0.47375145555949966,0.9710971117019652,0.6657799155397314,0.8242998132660225,-0.4531224760018688,0.9650385975837708,0.643075166105896,0.8135088596043584,-0.4675747642952407,0.9716089963912964,0.6589156041414242,0.8195115258804013,-0.4422334342899328,0.9690064191818236,0.6954738233256372,0.8280265157186164,-0.3576676975223746,0.9794402718544006,0.6775632731230137,0.8567783614192706,-0.2327140697065351,0.9765899777412416,0.6941386682778369,0.8507734668305709,-0.45148413441100577,0.9830498695373536,0.6788645296185057,0.8808549468514187,-0.3996892386084785,0.9808549880981444,0.8383233964922999,0.9334944895055803,-0.24062450282235906,0.9804448485374452,0.6226531890513229,1.0496089976724943,-0.11875690746873713,0.9759469032287598,0.8835330142904871,1.0466264884620609,-0.2810142842985229,0.1516807824373245,0.5999883295687063,1.1975229900077842,-0.08313691970010455,0.2892650663852691,0.9034723842795283,1.3175702781541665,-0.47922434517405677,0.0357190705835819,0.6014818304634528,1.340741880206981,-0.33198968426855874,0.0544521138072013,0.9777208909531814,1.3294018187114771,-0.5272419329998113,0.0421585999429225,0.6124279119297267,1.3979234120521538,-0.42455727227423457,0.0539425499737262,0.9367468258503473,1.3537082815119605,-0.5730702541556498,0.0619692653417587,0.619299405790461,1.4062081175074985,-0.4447370120171247,0.0776048451662063,0.9395602459691164,1.3300754601574492,-0.48122846293264077,0.0584931820631027,0.6324372441328678,1.3775149603213934,-0.3805643396464567,0.0736124739050865,0.8202606501801006,1.3181375286606676,-0.05902296073868203,0.0011221659369766,0.680205666386707,1.3991526889744434,0.07415179854531528,0.0014630584046244,0.837025984270911,1.620046789654319,-0.09834368042017738,0.003462855471298,0.7260249804345815,1.644379979131004,-0.0077215636744020315,0.0020904573611915,0.870258278976155,1.8845011616145053,0.2227300911657389,0.0003136339364573,0.719820176566119,1.9433107846427693,0.2088803068551559,0.0002065884618787,0.8537041849958007,1.9475339292424525,0.21694414497804226,0.0003131180128548,0.7124396213394323,1.9455422699668796,0.21381504430400858,0.0004233826475683,0.8229367365780818,1.9689864595903044,-0.12107636763692564,0.0006047173519618,0.7150588883181658,1.9842291848451312,-0.10791220020345571,0.0008960602572187
2025-11-11T0729.636433,122,0.6908614632662277,0.8254191220386181,-0.4852608658653976,0.9799340963363647,0.6900039389796291,0.8247207280116087,-0.4390993536686593,0.9685817360877992,0.6519894391649319,0.8181939550105747,-0.4928009646823646,0.9764904975891112,0.6660188247279782,0.7933658748920688,-0.4900260361285738,0.9736892580986024,0.64059738597197,0.825091334305308,-0.4238664139554801,0.9680101275444032,0.6361389758946789,0.8403918959761126,-0.4457925232469733,0.9740102887153624,0.6341757181405199,0.8211304407385515,-0.40304286112340226,0.9715390801429749,0.7027807460653509,0.8119832860407634,-0.3638570199633275,0.9812985062599182,0.700166130234236,0.814606720935979,-0.2187295466401392,0.9784126877784728,0.692443935568389,0.8237062892761582,-0.4273047371637347,0.984610378742218,0.6716363739688767,0.8823233032689423,-0.3862932863274191,0.9824556708335876,0.8218993380738627,0.9773295734844263,-0.2333383277390134,0.98196542263031,0.6183395836037039,0.962242371961912,-0.09510175839488977,0.9772713780403136,0.9012911817424125,1.0880117619683716,-0.29139953837537735,0.1567882001399994,0.5722560573394555,1.2211217272163435,-0.10150198507211614,0.269825667142868,0.9162998433747873,1.2791492948691978,-0.5011096835289554,0.0354398638010025,0.6136434174409171,1.3488035781356247,-0.3753662330914669,0.0509509071707725,0.9432441675864818,1.3522955312924958,-0.5212296276021287,0.0418973825871944,0.596132485030398,1.3883124182702455,-0.4364454791584537,0.0510822832584381,0.9148583240770748,1.3697759782448,-0.5818364273416687,0.0625497922301292,0.6329641690779895,1.3657973995781756,-0.5173367081658424,0.0742057934403419,0.917167049228153,1.3549571187849443,-0.5211556574980525,0.058876983821392,0.6328756614889699,1.3207085522063808,-0.42570212499947474,0.0705373585224151,0.7919760188822874,1.3320296849384734,-0.06996272431563191,0.001046780613251,0.678546543823403,1.350105829115118,0.06117985465542177,0.0013636157382279,0.828408640049582,1.6174523060728796,-0.1200107420351419,0.0031534512527287,0.693662857708095,1.624586142757711,-0.0030040093887406492,0.0019098269985988,0.8595983973485359,1.8962657106474698,0.18555627195815422,0.0002886758593376,0.7234375454481548,1.9221434450787518,0.23462784890182914,0.0001887841644929,0.8582087200258216,1.9351350358048613,0.19590921219804683,0.0002859605883713,0.7084423531614464,1.9660344345073044,0.22057949009898065,0.0003880135773215,0.836104610927924,1.9789607126047861,-0.1374556500640038,0.0005540848360396,0.7282283445914216,1.9988586159256767,-0.10823593687341429,0.0008226397330872
2025-11-11T0721.928568,123,0.6600095583871052,0.8228336434975041,-0.44841033835407634,0.9815398454666138,0.6467119420912155,0.7956166149899734,-0.42583048684597347,0.9709274768829346,0.6574201598012528,0.7908088452832973,-0.46829164508367993,0.9782852530479432,0.6667831433823425,0.8069197868067494,-0.4567719342402836,0.9756425023078918,0.6161981041636531,0.8127158118252885,-0.41355497185267936,0.9700234532356262,0.6323171068753358,0.8116394894819148,-0.4274106806561151,0.9756394028663636,0.6513187643054893,0.8387695571601143,-0.3912914562092339,0.9731013178825378,0.6838315301028901,0.8015442807483001,-0.35125975448188496,0.9826876521110536,0.6247369459072265,0.8667797313676903,-0.2108158645183402,0.979521095752716,0.6910979419772263,0.8605142560067929,-0.40675623515503906,0.985859751701355,0.6398190209396806,0.8869719652463172,-0.355666227749946,0.9835467338562012,0.8233904827724494,0.9365260600657319,-0.24402800854742998,0.9831278324127196,0.6153543628290673,1.016902824442807,-0.10891405533516879,0.977924644947052,0.908914588520385,1.09518332265947,-0.2743674676970156,0.1564760208129882,0.5990574624374887,1.22370082692245,-0.06870412398758557,0.2504132986068725,0.9355726911787299,1.3352259608309187,-0.4768336999113624,0.0340114794671535,0.5914462878907365,1.3229487208957402,-0.3287819391456699,0.0469461940228939,0.9406884823401124,1.3370520152056973,-0.5560340970622387,0.0403293333947658,0.6179482664765172,1.3649937566425785,-0.3891609433643151,0.0473446659743785,0.9000747818417225,1.3821870626113781,-0.551359525074383,0.060788843780756,0.6180097402430781,1.420575150372228,-0.43980015499684183,0.0691517814993858,0.8907603315146397,1.3389924668710156,-0.46903422516511767,0.0572402626276016,0.614671077159626,1.3552004076088375,-0.36155399061125765,0.066007949411869,0.8071051969533412,1.3464711767052948,-0.061854903545567906,0.0009664990939199,0.6757594029350865,1.3620838995076436,0.0681770308847637,0.0012578720925375,0.8213032867137225,1.6383357792706381,-0.03463984198815527,0.0028594124596565,0.7071198212074704,1.6639974818909247,0.08371310463375166,0.0017374266171827,0.8624022197628074,1.912798080626704,0.3105190589295205,0.0002641578612383,0.724130913521424,1.925894335011092,0.3088394684846296,0.0001723304740153,0.852387865189213,1.9141339094632348,0.3012048144054569,0.0002598095743451,0.7323898568904033,1.9398070947178891,0.3505084881131299,0.0003549835528247,0.8354596012645531,1.9782790716950047,0.029815993378091744,0.000506357231643,0.7240097132996702,1.9623567991275608,0.030778352995279513,0.0007523918757215
2025-11-11T0722.864692,124,0.6512769837751096,0.8559475086357471,-0.4125053846989851,0.982574224472046,0.624508045556024,0.7932558609305117,-0.41906540194691694,0.9722657799720764,0.6585554628399903,0.789718965418105,-0.42217047242188094,0.9793580174446106,0.6359642236000552,0.8018319149800284,-0.43351165738401054,0.9767037034034728,0.6239577544345813,0.8385533376628094,-0.38978925994047625,0.9707003831863404,0.6315191975767078,0.807646403667354,-0.38885687799332624,0.9762349128723145,0.6255934505504925,0.8422583358443446,-0.412153308719088,0.9734414219856262,0.6809238901430851,0.8170322013260646,-0.34509732362154916,0.9834792017936708,0.6086073653859441,0.8403231887361344,-0.20819247586350495,0.9797601103782654,0.6545022800656154,0.8657250045865772,-0.37889723387169616,0.9866762161254884,0.6602673015540094,0.8763580944503389,-0.34135447162071897,0.9838772416114808,0.8189928712934329,0.9467673052725244,-0.25426399210220396,0.9838477969169616,0.6557837540939275,1.024859329496045,-0.12741050342317947,0.9781811237335204,0.9158967832822962,1.0777064351824261,-0.30067972117512737,0.1517635881900787,0.5966781635249072,1.2069644053061128,-0.07972498272816046,0.2338954955339431,0.9007944090175003,1.305036060301949,-0.4471885298485371,0.0321648158133029,0.6239342324677366,1.3650951379273741,-0.3272411541424529,0.0434303171932697,0.9304741608838528,1.3533037406201252,-0.508401454458697,0.0382405295968055,0.6107736109494853,1.3946575290708703,-0.3749111776002521,0.0440274290740489,0.8816882170404307,1.3709086624977695,-0.528471681920792,0.058057464659214,0.6383932462225778,1.3927791805379501,-0.4141251545938468,0.0647011920809745,0.8534247872985445,1.3396804263611555,-0.49892001550453174,0.05464618653059,0.6185361565189991,1.386056920686976,-0.34895893021157026,0.0619471371173858,0.8112654708952635,1.3469790067678626,-0.09608545776789079,0.0008875530329532,0.6657315151582794,1.3678344780078735,0.059619067759105485,0.0011563445441424,0.8405246855052386,1.6145258956943789,-0.04537286088553689,0.0025908590760082,0.6748438052361145,1.658820294549157,0.08778509469058911,0.0015819465043023,0.8531805292666308,1.9038835508641232,0.30872266304545004,0.000240937777562,0.7453214277132955,1.9283047671636178,0.3414047709190489,0.0001574850175529,0.8854089067586716,1.908687823106405,0.33568159411609494,0.0002357627090532,0.6990766525713195,1.9492512256178625,0.36648161723072564,0.0003257006173953,0.8013447607484386,1.984330877209972,-0.0194506400015131,0.0004630827461369,0.6951824646525423,2.00025888703257,0.030545924754938482,0.000690775050316
2025-11-11T0798.748631,125,0.6240506860368711,0.8513842157541373,-0.36623426398653375,0.9838992953300476,0.6423130762044367,0.7848848738101348,-0.39757149963592386,0.974301278591156,0.6514211607453868,0.7879893252773487,-0.3911809476710317,0.9808976054191588,0.6675902830382243,0.7885893209571374,-0.3901825251801287,0.97842937707901,0.6053780478124885,0.8195642483125086,-0.36107876608388423,0.9724380373954772,0.6236129796449963,0.8185873793814552,-0.3358658770429212,0.9775944948196412,0.5883608512634325,0.833352500294177,-0.3418113046929144,0.97483229637146,0.637152903990474,0.8263223104419561,-0.34028911860792505,0.9847548604011536,0.603530670392094,0.840788778926848,-0.17444080593870395,0.980848491191864,0.6557969167795662,0.8501550078501251,-0.3441751055331032,0.9877168536186218,0.6352031832145909,0.8661266065118204,-0.2987124904975467,0.9847248792648317,0.8456401208134593,0.95602100042397,-0.23122937811305766,0.9850506782531738,0.5873905813846219,1.0142258168071132,-0.06916546511469257,0.9786221385002136,0.9034246682085106,1.080432088428915,-0.25580436509426624,0.1516980677843094,0.6245241570860464,1.2132839609499613,-0.04495158536907363,0.2185693085193634,0.8808718974254323,1.295550738616209,-0.4180236418990962,0.0316280238330364,0.5949108455751978,1.342907616319517,-0.2702983757074858,0.0399219468235969,0.8856070355733937,1.3331132413641023,-0.4801453122755801,0.0372897647321224,0.5747667859859571,1.425601747669116,-0.3153986051124514,0.0405858531594276,0.9054567830824337,1.390043326914827,-0.5099617648392339,0.0572137758135795,0.6288135293224759,1.3921512449705211,-0.384221916716154,0.060004636645317,0.8720600572671192,1.359567617933331,-0.45718286152604826,0.0537229552865028,0.6225316215572325,1.3578090743910303,-0.3015111562159591,0.0577137507498264,0.806317455228978,1.307340481007575,-0.10312692729450339,0.000814248342067,0.6888572363279242,1.3581097875751862,0.06319408997992466,0.001059515052475,0.8500246100370985,1.6376026092370262,-0.02684559778919006,0.0023407361004501,0.7284752383451035,1.664180397452472,0.11704077142310858,0.001432760618627,0.851429410054628,1.8743878356307198,0.2835256225483843,0.0002184011245844,0.740676327946181,1.921703971975708,0.4073565289809601,0.0001425713853677,0.8391882897048109,1.974089739281388,0.35158910779660646,0.0002132118534063,0.7002483404226398,1.9645809079559966,0.4338777083102951,0.000296080193948,0.811495997788127,1.9953514867146667,0.0548063687395135,0.0004201499396003,0.7252825334646172,1.9911112373633622,0.12105931324154286,0.0006285181152634
2025-11-11T0761.803063,126,0.6077297032051204,0.8422004131686688,-0.37460486129524356,0.9848509430885316,0.6427601148102415,0.8119804680422091,-0.3700582427156659,0.9757763743400574,0.5983677640392211,0.8200603545983383,-0.38608757887999495,0.9820215106010436,0.6167675741142419,0.7879534824887199,-0.3851821097068186,0.9797055125236512,0.5699812051753486,0.8351223919699632,-0.3494298307588024,0.9733227491378784,0.6117496603300401,0.8369379705626718,-0.3417238110699046,0.978163719177246,0.5882501823338732,0.8401167589936996,-0.35570616909874203,0.9753269553184508,0.6461052645116565,0.784324340952926,-0.3541231687565506,0.9857934713363647,0.6266531587796217,0.8438239849875706,-0.15080790647361672,0.9813120365142822,0.6262115553319195,0.8656470599456326,-0.33929066411262876,0.9885271191596984,0.6240434938081016,0.8727438122792828,-0.2883339642224169,0.9850760102272034,0.8239249642273472,0.9585477273003226,-0.2768801375365238,0.986112415790558,0.6285347683370445,1.0460134280563573,-0.058943980962847455,0.9785200953483582,0.9073388674470886,1.1037284698956131,-0.273817974599645,0.1558557897806167,0.5731510982974867,1.1885248559668238,0.0021898512476124666,0.2040754705667495,0.8728518387519216,1.312010981079557,-0.39363090376605586,0.0311528164893388,0.6113564318348167,1.3478739274460267,-0.19486272237312927,0.036677423864603,0.9030335781257997,1.3869300198706447,-0.43914046238312304,0.0364011041820049,0.6320442385707937,1.4120874687520013,-0.30379428896630073,0.0374011173844337,0.9050963744813191,1.3898868588507636,-0.5049379650053938,0.0563840046525001,0.6160661376678155,1.4286012062453717,-0.3562643114104607,0.055600207298994,0.888195778463633,1.33240853410613,-0.44642399677794464,0.0526011995971202,0.6341311649997281,1.3575643727265059,-0.2696427767145274,0.05365876480937,0.8100865896294778,1.3482184853706534,-0.0814662376557002,0.0007437645108439,0.6796064011281625,1.3479351509011583,0.08603399424910749,0.0009673035820014,0.8421128602822343,1.6213638921051423,-0.03057558145999331,0.0021162987686693,0.7026975094628839,1.6746466648363454,0.13631148943634427,0.0013009811518713,0.8255669139021767,1.8959918663075253,0.29350542472306346,0.0001982459216378,0.7237357445802137,1.950389923987094,0.3843402213144633,0.0001295239489991,0.8387542780031076,1.9564505703689439,0.3091248423648089,0.0001929588470375,0.7127569838590226,1.9580297454024043,0.40847345961483206,0.0002706203085836,0.8333562653437462,1.995773361548978,0.013284843969349616,0.000381630990887,0.7256910537329163,1.990848850590491,0.06607458407614182,0.0005737763713113
2025-11-11T0755.342770,127,0.6024765306090372,0.84533656684417,-0.31751812666410906,0.9856338500976562,0.6100307377183244,0.8146666889896796,-0.3277739382479887,0.9770737886428832,0.5820910030109081,0.7928332140821027,-0.3430104594786373,0.9830325841903688,0.6138840360771198,0.8228089805985507,-0.34513323948953506,0.9808943867683412,0.5886273060207399,0.8374583915589192,-0.2863834707201701,0.9739076495170592,0.5724619123229793,0.819843704996856,-0.3159226572883931,0.978419303894043,0.5685487737408721,0.8463087423132418,-0.297395244118513,0.9755544662475586,0.652812536550575,0.8481585884278074,-0.37832431082581486,0.9867748022079468,0.5835148664680666,0.853167235275927,-0.041447122942312606,0.9816122055053712,0.6339825398810238,0.8402821944374946,-0.33740418027591745,0.9892045259475708,0.6333247230307796,0.8897152660931874,-0.2408836112227486,0.98515385389328,0.8335383679265913,0.9545494478601629,-0.27617516827062655,0.9871184825897216,0.6178561036957247,0.9887605582985404,0.01002567353597307,0.977601170539856,0.9091904912758781,1.079505382402525,-0.38237679983968853,0.1639085114002227,0.6318899959942942,1.2318000283596455,0.13176133690163472,0.1895019114017486,0.9017544419047917,1.299593834541136,-0.4484770214514497,0.0305475145578384,0.5853455627801601,1.4025347229181553,-0.08264842077465553,0.0336709395051002,0.9151814224574292,1.3649672111562874,-0.5167478371452141,0.0355403758585453,0.6045747973724745,1.391056897338743,-0.1599730925682186,0.0344802737236022,0.8593224079883235,1.3463686639095827,-0.4933963418416085,0.0556782595813274,0.644024959244818,1.4235035130227398,-0.14074407075248727,0.0516208596527576,0.8626427331315757,1.3322465863390163,-0.46149523598111003,0.0513137057423591,0.6388014260151788,1.3741072007555297,-0.10445107399613683,0.0499574579298496,0.8056180311334672,1.3185998373256849,-0.08417908596354626,0.0006775179062969,0.6547534932480835,1.355388949166466,0.10610974479458421,0.0008801787043921,0.8055591066163287,1.6436724768420952,-0.0676327436797727,0.0019146100385114,0.6847368451822499,1.6788796927736438,0.11404961706412003,0.0011834127362817,0.8458201026786649,1.9387509645473473,0.27681296685996803,0.0001796131400624,0.6998048319628178,1.9381626714333646,0.39821967776093947,0.0001176190271507,0.8495867861982384,1.9519950834210027,0.2977635021789164,0.000174397995579,0.7037182885973734,1.9560307702163335,0.39090314851406543,0.0002470200706738,0.797168431802061,1.9972968783428895,-0.038434704052539646,0.000346471730154,0.7307539366116008,1.9947604754729917,0.07752211068264862,0.0005235141143202
2025-11-11T0738.141194,128,0.5937507451621657,0.8559514252225092,-0.2440451746746479,0.986867129802704,0.5466629326378407,0.8553989118745926,-0.27247300475130865,0.979083776473999,0.5621478050778997,0.820165331992719,-0.30506486981171177,0.9844943881034852,0.5880605762896798,0.8210549609598387,-0.269052064605806,0.9825875163078308,0.5579751819582451,0.8476847084627696,-0.22087944987501007,0.9759924411773682,0.5827726722698702,0.8765428471011812,-0.21728211180895288,0.980021357536316,0.5577970868550823,0.8742070278410985,-0.23316850015304386,0.9774525761604308,0.6217610300504778,0.8154358568625475,-0.3620478351715759,0.9879862070083618,0.5850475614577815,0.8513601813396986,-0.016783196039374552,0.9830082654953004,0.5874253303081192,0.8938806992239248,-0.2726597565087378,0.9901517033576964,0.5889346258671492,0.8802365828491999,-0.16226503886178512,0.9862372279167176,0.8261885475470884,0.9511653020970258,-0.3579493441046851,0.9882656335830688,0.6021179804728356,1.010396200901665,0.06553513323576503,0.978496789932251,0.8746355015717707,1.1186556553746232,-0.3905502070007815,0.1869784295558929,0.6008555455759979,1.2312671913522626,0.1976162570557085,0.178025484085083,0.9006717316278775,1.3186937040596578,-0.47867080109117016,0.0311434660106897,0.6167019685302711,1.3428225153993356,0.046765519976486994,0.0309912636876106,0.9014223053400359,1.397513786934474,-0.5389554034208137,0.0359458364546299,0.6015637026437789,1.3924237207594758,0.06173942979852598,0.0319490209221839,0.875721348203399,1.396328247066101,-0.5202199396205297,0.056963812559843,0.5915814099186734,1.3684888610369428,-0.022538515161263508,0.0482399500906467,0.8561025859076871,1.36163040217277,-0.4881377407369273,0.0518144890666008,0.621428899281341,1.384477520859513,0.043748698774977376,0.0468793772161006,0.7822259730944674,1.3313735834123341,-0.14078514259026545,0.0006176466122269,0.6507751674000463,1.3393209825581833,0.14741661370201392,0.0008011597092263,0.8080583539533557,1.656077177184002,-0.06809216049974558,0.0017314122524112,0.6794667695344417,1.6702822687259662,0.19055481971553662,0.0010766711784526,0.823604986095879,1.9162244204838201,0.24171093363778745,0.0001624639990041,0.7148699287982717,1.8999501120201914,0.4649008594883515,0.0001064998796209,0.8548496017072718,1.9452480561541832,0.26950817140796085,0.0001574690104462,0.7148641783613795,1.9701830570611258,0.4659276992479308,0.0002254429127788,0.8186374792946287,2.0296440957541084,-0.041025505958223435,0.0003137102175969,0.6943809216650223,2.022175319314855,0.19668524251378341,0.0004757585702463
2025-11-11T0760.352985,129,0.5660112692264133,0.8943496965457921,-0.22127097822804342,0.9878708720207214,0.5333480543279535,0.840099897286981,-0.2576057601067271,0.9808149337768556,0.5508551536412934,0.8569977895480458,-0.2298142482506109,0.9857339859008788,0.5544636608039814,0.8435261416911586,-0.2500392615705237,0.9840700030326844,0.5240101823937611,0.8548700479679906,-0.16101320873691843,0.9777323007583618,0.5491742632301013,0.8656913819277294,-0.17130491572783532,0.9812700152397156,0.5520383982461335,0.8639097628351063,-0.18283802532797422,0.9789994359016418,0.6066936145881734,0.822915511123781,-0.3500286000461409,0.98905748128891,0.5865453560556846,0.8412373995529666,0.005444539538655334,0.9840508103370668,0.606545441446761,0.8526766937240912,-0.2263470864787253,0.990927755832672,0.5959032862685084,0.8980161105614008,-0.13589574692481077,0.9869121313095092,0.7613019390548772,0.9281254104822566,-0.3814746724944126,0.9893115162849426,0.5912716704325478,0.9929978842059295,0.10985799509412567,0.9784361720085144,0.8762509525136039,1.106264245500698,-0.4806650320018808,0.2107992470264434,0.6174366784288279,1.1998634574349443,0.20130508189086882,0.1648114919662475,0.8646248770691375,1.3247916361428427,-0.4932672685046636,0.0333074294030666,0.6058317753041094,1.3304402370765476,0.04098028417735135,0.0284799840301275,0.8731246822862029,1.366141781508292,-0.5481358858716264,0.0382070764899253,0.5701087101647951,1.393757965103587,0.028294349172980744,0.0296823047101497,0.8243521872756192,1.3855867455055682,-0.5564817785540823,0.061129380017519,0.5896138851810583,1.4147221724064671,-0.048935849008158824,0.0452353954315185,0.8442991807873128,1.350460486321572,-0.4828950063060474,0.054856963455677,0.5738392273121892,1.3735650218282438,0.011715854681005252,0.0441655479371547,0.7980945782363857,1.3214143384197272,-0.16839127439151771,0.0005636261194013,0.6461545856776636,1.339265023873465,0.1686385015019647,0.0007281751022674,0.792029609189009,1.7018463655680656,-0.11087946336828851,0.0015668248524889,0.6735870101115013,1.6428865897059446,0.22050211672628212,0.0009789208415895,0.8191938929756616,1.9535716997671584,0.2219900932044768,0.0001470654824515,0.677901655799101,1.9427784636581127,0.4729840377908644,9.637897892389446e-05,0.7927126638668363,1.9669818729882589,0.256844126757899,0.0001422745699528,0.6727342087651859,1.9888462882395037,0.4924995163520337,0.0002058911049971,0.7986384521551465,2.0453453173891614,-0.04142198935740689,0.0002840749802999,0.6631505347503663,2.0465985071702857,0.18763519714040247,0.0004326560301706
2025-11-11T0793.438588,130,0.5526880547675547,0.8904393422793632,-0.22820420190516022,0.9887080192565918,0.5318259845340603,0.855261718530561,-0.2544823789685904,0.9823843836784364,0.5250931843921515,0.8613480438544968,-0.2553562255168586,0.9868784546852112,0.5313325848258308,0.8568875293789883,-0.2610421397510803,0.9854241013526917,0.5505311655150928,0.8677646197027445,-0.1860049186571459,0.979249894618988,0.5424864305817808,0.867649174186769,-0.19672950986721152,0.9822552800178528,0.5455533346326654,0.8958972614432182,-0.2061008323463398,0.9801106452941896,0.6216052553286889,0.8108261045838542,-0.3470773581132201,0.9900528788566588,0.5414357427299713,0.8600006872046558,-0.05396855853119572,0.984778881072998,0.5754319337242412,0.9099332981021775,-0.26030332167697356,0.9916245937347412,0.5465429995953557,0.9381830298453262,-0.15044885054214283,0.9873414635658264,0.7595267807693101,0.906966649480134,-0.4447065563731069,0.990283727645874,0.5841146397207995,0.9764575630910676,0.0879992205450497,0.9771674275398254,0.8529880038048228,1.1211284971868622,-0.512528357867321,0.2392168641090393,0.5807882709284492,1.1263170338722293,0.2566842743846873,0.1519149243831634,0.8531910157637306,1.3150721893996118,-0.500953830711641,0.0429801531136035,0.5461440594808318,1.1396856456707185,0.20848821639123086,0.0285928212106227,0.830668360491637,1.3474296333961535,-0.5058535021706645,0.0508461445569992,0.5322612804729169,1.1372870258405325,0.20002898248826895,0.0311117693781852,0.8021370955989241,1.3629137185768003,-0.5135810856613778,0.0808808133006095,0.5516701486706279,1.1422740268220768,0.18967202897462257,0.0479781553149223,0.8065574214711423,1.3582224160145346,-0.454031684602322,0.0708175599575042,0.583187834848471,1.1463781753496232,0.1816323671188191,0.0472887158393859,0.779263088383344,1.3675039181562305,-0.16831977583392913,0.000521752401255,0.6365211988217885,1.3805400148125044,0.16772810941789992,0.0006642747321166,0.7768863716720967,1.6620600299544157,-0.1558480289197229,0.0014262497425079,0.6732978555144689,1.6735149844555481,0.1945959179607219,0.0009003513259813,0.808693097403024,1.911842633588001,0.2044602875398111,0.0001330132363364,0.6949641835618481,1.9172904068351624,0.4676868120574698,8.71578959049657e-05,0.8265525580318132,1.984867265250206,0.20954624562853205,0.0001284642057726,0.6884417638600456,1.9664914119324426,0.4878449710278022,0.0001862725039245,0.7469604522081059,2.008761956231238,-0.04836020506184552,0.0002572177909314,0.673080521097258,2.0231972429705585,0.20895919505577626,0.0003917116846423
2025-11-11T0769.284297,131,0.5106918790526306,0.9092770190121487,-0.1739075492919821,0.9894169569015504,0.4927861628506586,0.8410797770139443,-0.2554577713611068,0.9837449193000792,0.49634438299469097,0.858553009131021,-0.221273031813758,0.9878553748130798,0.5444422600051279,0.8762773815364854,-0.2583353626455524,0.9866231083869934,0.5063404997352106,0.8641330222112512,-0.17678044789880193,0.980472981929779,0.5518997930292046,0.8676618948283296,-0.1666617637938116,0.9829420447349548,0.5381172550817436,0.8609533741702324,-0.16189546332449367,0.9809451699256896,0.5572232468310591,0.8117135074492902,-0.3292764757919618,0.9909359812736512,0.5289057596108289,0.8181055013537711,-0.016721404850480168,0.9850903749465942,0.564063816838795,0.892074689212417,-0.21762126495536832,0.9922207593917848,0.5355286380741994,0.8997866012236835,-0.1298560867766733,0.9873791337013244,0.7326670252899838,0.8987060200210141,-0.41945936081200935,0.9911755919456482,0.5768673838253897,0.9489635019724493,0.11830807855137744,0.9758836030960084,0.8353419033442833,1.06188697399564,-0.4529895836619241,0.2802077829837799,0.5445434394540444,1.1115810115123523,0.23325493661721533,0.1430417597293853,0.7936432611862205,1.2962055425098193,-0.3979361881259879,0.0614585988223552,0.5488658294776824,1.0572659115660632,0.1119632663122195,0.03619996458292,0.8448858789759595,1.379317207063812,-0.4325715947670772,0.0727831348776817,0.5257679697481082,1.0191161663306223,0.16565229144260968,0.0395859107375144,0.8211140832651427,1.3891336541683363,-0.44074003189030087,0.1123063713312149,0.5171605463830274,1.0208181507418481,0.14307266136724492,0.0601455718278884,0.8109993014603546,1.3551347492083856,-0.4115336641850765,0.09713876247406,0.5252974197808803,1.0044514900660937,0.11844004789082713,0.0590569265186786,0.7605026898629766,1.33310014976233,-0.14241894808634395,0.0005018857191316,0.6244193068468249,1.350002611222614,0.17381623055045375,0.0006180495256558,0.7706168168241727,1.6389534653512217,-0.20639107059942882,0.0013203925918787,0.6152131244294644,1.6394867600993812,0.15900345570771382,0.0008483763085678,0.7829135992611138,1.9433017910310237,0.08879479750175714,0.000120697201055,0.6682387251945301,1.9370359143105116,0.3936444388857095,7.911308784969151e-05,0.7929905714972472,1.9717376535969025,0.11725209201650322,0.0001161565742222,0.6628898690684759,1.9420431816450694,0.4269801446527187,0.0001687445765128,0.7559708751990708,2.021627808916439,-0.1824698119435746,0.0002333368029212,0.6559391991359299,1.9980494267588762,0.10959030896435533,0.0003553070127964
2025-11-11T0763.873541,132,0.5230101113326585,0.8976707335314841,-0.1824093092786935,0.9899559020996094,0.5117745795507164,0.8509067718071933,-0.2408832384365311,0.9848405718803406,0.5288221436348545,0.8896002725369141,-0.22108433777964112,0.9886346459388732,0.550314404891966,0.8586499285252187,-0.22525547101136478,0.9876194596290588,0.49997147717997603,0.8804170843449636,-0.16644517704428474,0.9813294410705566,0.484787515977569,0.864499481552097,-0.1646419439033129,0.9832627177238464,0.5133272711098246,0.8582111500178461,-0.1568835011684591,0.981436848640442,0.56085428024692,0.8245637352606593,-0.3427948552393157,0.9916886687278748,0.5521172297140252,0.826379195167785,-0.010521375478774134,0.9852930903434752,0.5332490448328435,0.9085458261466326,-0.2235615170968566,0.9927501082420348,0.5772098540851021,0.9127551381097585,-0.09469405572754759,0.9875326156616212,0.7291017963630599,0.8985784733268092,-0.3816497863548218,0.9919969439506532,0.5857517157205556,0.9363724056444857,0.14720588687065872,0.9768043756484984,0.8258351739987465,1.0976522899573273,-0.47993451600608966,0.3212279379367828,0.5257201648599498,1.0766646565925624,0.2768382971578696,0.1410135924816131,0.775201550090585,1.3246950313535144,-0.39217266845118415,0.0765820667147636,0.5190520700287506,0.9783120152800321,0.26226094119311105,0.0482353083789348,0.7935832151292619,1.3510786603097051,-0.42677285764756345,0.0896693989634513,0.5197598736657465,0.9694130254074855,0.28348289466330256,0.0494341775774955,0.7843098589838021,1.3723724778253248,-0.4174843242164622,0.1360539495944976,0.5014890925166207,0.9580076205697914,0.2329431584451643,0.0730677843093872,0.786179029910666,1.3681526347682846,-0.4071628019123517,0.11577670276165,0.5399114652675142,0.9462278703061504,0.24017246372224527,0.0715606808662414,0.7221622446467076,1.3312143848893345,-0.17366664765767922,0.000491353450343,0.5883540821481854,1.3046719111608327,0.1863795708391744,0.0005857274518348,0.7247252805871761,1.6285554545207035,-0.23607710516683078,0.0012555491412058,0.607570004949324,1.6208392404769143,0.12333609707165535,0.0008406187407672,0.6969828244239193,1.9353712886481493,0.030036121905015593,0.0001107089992729,0.6133568641718871,1.913095666973402,0.32514492067748935,7.265635213116184e-05,0.7289922833125511,1.9690016607318996,0.06397077618486431,0.0001057948902598,0.6263858370566238,1.9413105251640528,0.31771635695589384,0.0001542798709124,0.705637599744851,2.0445738316098554,-0.19472336126985773,0.0002132446825271,0.6282413172964648,2.0101817449329378,0.13451428200858734,0.0003245703119318
2025-11-11T0736.505272,133,0.4724806606460376,0.915988462859518,-0.19422279253849925,0.9902828335762024,0.5168246307133889,0.8552798305656388,-0.23670895418983373,0.9854847192764282,0.49920797047422777,0.8568453069673296,-0.2880619971858258,0.9890238046646118,0.5083464412621946,0.8397268287685453,-0.28298123019843563,0.9882081151008606,0.46181988899827064,0.8561300273467418,-0.21461839130969698,0.9817729592323304,0.515596484841692,0.869024489396668,-0.16190390023218423,0.9833167791366576,0.5082511458768926,0.9083683336973639,-0.2001787592373857,0.9817817807197572,0.5141285352923521,0.8173660600299478,-0.3307335781335996,0.9921782612800598,0.4922718041962003,0.8399614374034304,-0.05276988778060682,0.9851486086845398,0.5449113198467098,0.8901038730992352,-0.25344816052442304,0.9930458068847656,0.5380846054400863,0.9395611996029012,-0.15043736385085932,0.9874078631401062,0.7054062388679639,0.8615649251701567,-0.40410625705255937,0.9926409721374512,0.5667513028281657,0.9269399169974811,0.11087980008235925,0.9778673648834229,0.8259743238974337,1.0712434784162483,-0.45508192306081136,0.347920149564743,0.4887688073230151,1.0974965326776482,0.25331656644817757,0.1427455246448516,0.7788981239421725,1.3278408333453726,-0.373608239806925,0.0836035683751106,0.5158309510074085,0.9964693332594177,0.14881387333407564,0.0726082473993301,0.7796934269083294,1.3524709705705031,-0.3796828215791553,0.0992752090096473,0.49850127817378975,0.981546222273068,0.14698586541342623,0.0691812261939048,0.7468339137428653,1.370874605988094,-0.4009054172741233,0.150069773197174,0.5084513398944784,0.9666176483755405,0.1391731737642839,0.0979969650506973,0.7487463047517491,1.3255019632423821,-0.36193011239408757,0.1260656863451004,0.5325005783295147,0.9525490709504434,0.11254564517242446,0.0932005047798156,0.753559470635803,1.3117355635170598,-0.1408660691815869,0.0004824321658816,0.6092066317802806,1.305579988418426,0.2018260594211792,0.0005639439332298,0.7132797579052491,1.6210360709973464,-0.1878449595937954,0.0012751108733937,0.5948156453597833,1.6299184443918397,0.15156275967513155,0.0009205810492858,0.698469651930635,1.9201278000208961,0.04290571307839446,0.000103839309304,0.5893511487414398,1.893102764549245,0.33037846912320257,6.924085755599663e-05,0.7396015608493325,1.9665523620080556,0.07580696371399896,9.720067464513704e-05,0.6193707680049225,1.9466011710440112,0.2893157716060794,0.0001440545311197,0.705294651711847,2.005950457759471,-0.1800478512104766,0.0001973828912014,0.6103754648464397,2.0131899432856986,0.07729739692893448,0.0003017548006027
2025-11-11T0752.159991,134,0.5089699163595378,0.8997093268657284,-0.28221594062699423,0.9908201694488524,0.5175536648887137,0.8694280628018877,-0.35999055901568344,0.9863290786743164,0.497808866260347,0.845096318882918,-0.34579290748829217,0.9895995259284972,0.5511543027286153,0.8518586653732444,-0.33376966682207704,0.988886058330536,0.4917257679143053,0.8620646408692881,-0.30580041160341653,0.9825207591056824,0.4831964773033468,0.8778668753984237,-0.3173515893092654,0.9838177561759948,0.4974942699517742,0.8839497961943927,-0.30851201350514523,0.9824009537696838,0.5429457498831113,0.8395980630044972,-0.43291828192033877,0.9927774667739868,0.5194577230034091,0.8413962539388246,-0.12125114457830513,0.985529601573944,0.5266233600598558,0.9074877080174127,-0.33680066275007897,0.9935812950134276,0.535238777401152,0.9079578195136202,-0.23253732308350505,0.988073229789734,0.7056178543940568,0.9094075890068126,-0.42745272299774184,0.99330335855484,0.5324098835248885,0.923118512933121,0.05126295962852413,0.9796343445777892,0.7865007833347544,1.0643080829707987,-0.4391326267690792,0.3672195374965668,0.4987194053602008,1.132001620101561,-0.04939842860602324,0.148540586233139,0.7527990453113526,1.3168760223182794,-0.37876531150293946,0.0823964327573776,0.49703990503228895,1.0144087548661496,-0.40412638824380864,0.0998165160417556,0.7572519289565606,1.3607455173730834,-0.43380333650945613,0.0984820127487182,0.494554396217112,0.9744489944697605,-0.41767012086613897,0.0911702811717987,0.7427238933056123,1.3594091076310724,-0.41766621381722835,0.1498083621263504,0.5290776033057323,0.9489234714452375,-0.4158568095150501,0.124170146882534,0.7595137953902915,1.3584204369968997,-0.3927716909626428,0.1254601329565048,0.5229742466157941,0.9390846839194188,-0.37935887990850997,0.1176855862140655,0.704590571202421,1.3098900290766795,-0.13617833173267063,0.0004598502127919,0.5640534060308262,1.3301503939811143,0.166251022893945,0.0005363316158764,0.7062953743130799,1.6323569763338106,-0.21459596347360615,0.0011986949248239,0.6032270260898216,1.5993041383864386,0.18604654485008745,0.0008710305555723,0.7388440143671401,1.897237585697034,0.14679701595250638,9.679163485998288e-05,0.5696954148997713,1.9079152159856065,0.40364294537823725,6.367944297380745e-05,0.7581961578503912,1.9461504925235074,0.1833039745695639,8.881525718607008e-05,0.6222158744012721,1.9392190917753307,0.3686754239364913,0.0001319473958574,0.6753685306560753,1.9806418840656548,-0.1418062110524795,0.0001796064752852,0.5909348403544425,2.004530813843302,0.1186439670508743,0.0002746210375335
2025-11-11T0746.388346,135,0.4876848933897209,0.9010839944166751,-0.2911266309646256,0.9901715517044068,0.4820590862673122,0.8462415147789016,-0.3233332081149347,0.985851526260376,0.5154388854543032,0.8913535708272287,-0.35490765999195456,0.9890363812446594,0.5290564093005141,0.8630058336653116,-0.3494065906284052,0.9886056780815125,0.4585604594842995,0.880089101899901,-0.2813576707206518,0.98114812374115,0.47685762015988803,0.8610753476801082,-0.2560760718978834,0.9818790555000304,0.47325450424994975,0.8703601290132515,-0.2709649719790846,0.980751633644104,0.5433197154918389,0.8146142971092943,-0.41471804886522484,0.9929264187812804,0.4745052568735843,0.8278860168402874,-0.1298047423869513,0.9836454391479492,0.5385071658072418,0.949090106507732,-0.32071472851219096,0.9935359954833984,0.5024227208103604,0.9058369389627893,-0.20362113050140407,0.9868356585502625,0.6748425737479196,0.8816393380516541,-0.4292867160349289,0.9938225150108336,0.521476684391002,0.9560816923287785,0.0502057508940987,0.980185568332672,0.7384407462180083,1.0320157321105226,-0.4770467708639412,0.3880428671836853,0.49514446680615315,1.1064632680632887,0.0502705743101019,0.1426195204257965,0.7504754254242784,1.2911900312807545,-0.39969800221089546,0.0839932262897491,0.4975660121192487,1.0436865913730173,-0.1621573737764322,0.1049744784832,0.7681223309894013,1.3949238953162872,-0.42515454185136586,0.1006889417767524,0.4930556619255494,0.9890753459169521,-0.11968440009111697,0.0945416167378425,0.7129335557306115,1.3405469774596575,-0.47362992253931496,0.152977779507637,0.4913747066898086,0.9540698230754673,-0.1858603251015941,0.1280888468027115,0.7118116954666236,1.3177713065982484,-0.4091824344169959,0.1276612877845764,0.510164250813753,0.9689039892466541,-0.15174651438464584,0.1215105354785919,0.6810877979451337,1.3107064517437492,-0.16170890804979576,0.0004859596956521,0.581272993740301,1.2902274646442775,0.14444816600793325,0.000543863105122,0.7058752225915035,1.6218904531652105,-0.18180218511569948,0.0012183460639789,0.6043641675892527,1.5934414232141112,0.16677004616832528,0.0009228566777892,0.7351346566697747,1.8932131952544444,0.13718179087845003,9.159040200756864e-05,0.6147703386592993,1.881298824015574,0.382819488912183,6.152400601422414e-05,0.7280554263478771,1.9189258012345078,0.17589687711694346,8.169141074176878e-05,0.6668659129542287,1.910964392520857,0.43521810366339736,0.0001245385792572,0.6839639872876502,1.972259240740672,-0.09044709153382993,0.0001654853404033,0.5975117858090772,1.9739052773969454,0.15555840554476624,0.0002552926307544
2025-11-11T0743.638166,136,0.47562801650809644,0.8647665756887609,-0.239573711237323,0.9888049364089966,0.4673372838475168,0.8267262257449135,-0.2594153005585451,0.9848161935806274,0.4628877113657761,0.8537120474380258,-0.26702953087094267,0.9882382154464722,0.4806363428877321,0.819931205422301,-0.30779490091304934,0.9878999590873718,0.4635357400198041,0.8208157593629125,-0.20622663681657621,0.979381799697876,0.4551374693772643,0.8152361892122324,-0.20499937634613874,0.9799351692199708,0.4495102963687923,0.8512388033084881,-0.2041308161076753,0.9785389304161072,0.5076733287658071,0.8133069653639101,-0.3536958766406201,0.99280446767807,0.5028894600932121,0.7881613948450794,-0.040601925118291714,0.981322944164276,0.5078153824680709,0.8611764304716509,-0.247025983456169,0.9923587441444396,0.4950931008209636,0.8774027508960979,-0.1548331445709879,0.9830713272094728,0.6498536366441192,0.8540189948346014,-0.4164551612255688,0.9937718510627748,0.5398753187966583,0.9130534987412458,0.13478711001482352,0.9759528040885924,0.7446358380982709,1.029075069741105,-0.473833569445507,0.3945209681987762,0.4932899847609905,1.05483264934637,0.23428065878033064,0.1322629749774933,0.6858505566130967,1.253192102635951,-0.39639384184140386,0.0885368213057518,0.502365906725673,0.9868931965024774,0.15787069441367085,0.1012476086616516,0.6749782950511997,1.2993593252487623,-0.4251972799577469,0.1061975508928299,0.4822537439276295,0.9475712743737209,0.2057653317160302,0.0924352407455444,0.6461155104721676,1.2832320473519134,-0.4281900800479912,0.1588656157255172,0.49851557963354837,0.942460120380633,0.12793891850830882,0.1251742094755172,0.6620295903579267,1.248899635169676,-0.4178886055772117,0.1314645558595657,0.4893612254262652,0.9398674088782466,0.12668042783521685,0.1185798943042755,0.6979258782220402,1.2960495476232596,-0.1600698066459052,0.0005746910464949,0.5912392059603443,1.2538860833109775,0.1829235806197752,0.0006145063671283,0.6826438350633374,1.5817742460939004,-0.25243123384948757,0.0015827834140509,0.5590245974393839,1.5246148888077629,0.1747426343535512,0.0014470748137682,0.7212249152420318,1.8417905938686516,0.04238815224262203,0.000107701664092,0.60502874719455,1.8128005111022947,0.2825487324747652,8.688764501130208e-05,0.7213610535551801,1.908187963379786,0.02190443328676652,8.934210200095549e-05,0.6353402773533738,1.870172005219553,0.2788077795070282,0.0001588911982253,0.646294921739683,1.938655493742333,-0.2327025670390365,0.0001905753015307,0.5820374462914174,1.9405169525765638,0.0771344539014408,0.0003065322525799
2025-11-11T0783.877212,137,0.45505021504715326,0.8596439927254171,-0.1192279199839883,0.9874690175056458,0.4160201172921558,0.8591668468780891,-0.19046387948159874,0.9838430881500244,0.4213690835129438,0.8292110301856794,-0.14743597820755744,0.9872674345970154,0.44897170757566,0.7960837392254949,-0.16528086154081356,0.9873043298721312,0.44689023541057954,0.826076212014371,-0.09264778411100733,0.9777092337608336,0.4452189625580914,0.8037907972441254,-0.0719798015278962,0.97798353433609,0.43893178249990655,0.8379033068699688,-0.09957187079918368,0.976665198802948,0.4690051633984858,0.7874849025668542,-0.2949028725334705,0.9925281405448914,0.4948378735212756,0.7896014438521292,0.09228357624033931,0.9789336919784546,0.4608450748544622,0.8473211012853239,-0.14089757381228815,0.99016934633255,0.46921117875561175,0.8755128640249644,-0.05542778067343032,0.977742075920105,0.6143859407418186,0.8532713513262761,-0.38851257636311354,0.993722438812256,0.5039124870769328,0.9092039798955955,0.23728856778033292,0.963860273361206,0.7098654354894526,1.0253664819756474,-0.48859534529543763,0.4127990305423736,0.5123740011902862,1.0568381097955901,0.3380872973065413,0.1196988001465797,0.6669777781885521,1.2415687830576172,-0.42458224518465204,0.1072896122932434,0.5085160865265191,1.0867073502203506,0.22048397611667067,0.0919474363327026,0.6756743094502576,1.2952578498599483,-0.5066065745192707,0.1277490407228469,0.5034886645055284,1.1647200490135299,0.2187424592019351,0.0848623663187027,0.6540450779731726,1.2807551632133385,-0.45641536461727095,0.1827571243047714,0.4916840110890648,1.1403617455492494,0.16112336493856705,0.1152627319097518,0.6192850461960713,1.2829677739996292,-0.41937714806376514,0.1505855917930603,0.46317374590767446,1.119216976677699,0.16474954077779091,0.1093462109565734,0.655744346464284,1.2852683867150003,-0.18769446456123076,0.0007134460029192,0.5671511967463582,1.258422278153571,0.18259390145391843,0.0006625355454161,0.6465123170859648,1.5506050227345587,-0.24107395119142236,0.0016402576584368,0.558725388501302,1.4876697745589964,0.1752860226378547,0.0014269473031163,0.6688318163916358,1.816539046845438,-0.040647062409249674,0.0001068458223016,0.5746297106717313,1.823269170799309,0.3161274114960832,8.688247908139601e-05,0.7130232632381646,1.857405128529058,-0.02687691489317984,9.069309453479946e-05,0.6021608600466082,1.8468570348557343,0.30687554437937603,0.0001641183771425,0.6496385808194947,1.926141566737079,-0.24367030824541336,0.0001955258630914,0.5252727357653141,1.882887378877955,0.09091445437542992,0.000311589683406
2025-11-11T0723.540352,138,0.3879376507554278,0.8413328730653868,-0.07762782496356137,0.9849867820739746,0.4181946813728886,0.8194874004082422,-0.12486874277279343,0.9814865589141846,0.4086265233591644,0.8220230915953659,-0.13489644110607607,0.9847192764282228,0.4058040043141441,0.8093568359470793,-0.12145348791695089,0.9857712984085084,0.40684900822387865,0.8550015298071038,-0.03809868768473329,0.9745018482208252,0.4354300060742572,0.8183237261778854,-0.016447275453735644,0.9739296436309814,0.4175791685988239,0.8074028316510377,-0.04806065998291652,0.97343647480011,0.42411981858778997,0.7791398990768427,-0.2605436426183313,0.99158775806427,0.41827491549853807,0.7904379767525977,0.12231105479543933,0.9746071100234984,0.4376824903518027,0.8511113181823002,-0.10182767151409326,0.9861345291137696,0.47209764134664584,0.8780463917417766,-0.04423411863877445,0.9690576195716858,0.617038224284693,0.8655445880398526,-0.4057087475279984,0.9936076402664183,0.5297701575085514,0.898012348465886,0.3061957483522002,0.950873613357544,0.7099729151272034,1.022687010872439,-0.5315431499000479,0.4312804639339447,0.5189071512229451,1.0775113092994946,0.39571133800426106,0.1081518605351448,0.6863066788898131,1.2791945843140584,-0.46335752098289557,0.1293170899152755,0.5084262118804527,1.215492325396318,0.2810069390645756,0.0830931589007377,0.7189701589527638,1.3062766357719,-0.5088097040325459,0.1510290801525116,0.4802669089853961,1.2916506662284624,0.3085888687888473,0.0771738588809967,0.6940318942431513,1.3120384597228845,-0.45914971602851234,0.2074091285467147,0.49181982768631033,1.275443404774556,0.22361002038859143,0.1050483137369155,0.6930402637086783,1.2888697608210595,-0.4403031428749193,0.1716201901435852,0.49366294185675413,1.2403016867099161,0.23807689386454045,0.0998787954449653,0.6317054986388521,1.290984389717513,-0.19887345716248142,0.0008774508605711,0.5657559002112427,1.290198681865542,0.2334968715261447,0.0007396459695883,0.62474321625202,1.5445280258337586,-0.2513162562241491,0.0016124433605,0.5350044025770289,1.5097545496705753,0.2473102917868666,0.0013784023467451,0.6630133856065842,1.8344866227291734,0.0236019752731569,0.0001028531332849,0.5882464666002507,1.8139847961147006,0.408491044319753,8.474038622807711e-05,0.7105775330778572,1.8633432698402157,0.04460440059935206,8.818828064249828e-05,0.5701705879233403,1.8692975262074856,0.3992249161390031,0.0001708661438897,0.6570143241023857,1.930844219411096,-0.19742135778029002,0.0001943889801623,0.5579361398464603,1.9211412154713479,0.23661622800765247,0.0003144553047604
2025-11-11T0756.849682,139,0.3918273454195797,0.8467607013018322,-0.1433832988357163,0.9850380420684814,0.40895327607301435,0.8181346122848983,-0.18599660434233717,0.9814475178718568,0.3745953029659052,0.81425448029186,-0.19864469283121386,0.984649419784546,0.3958822504917569,0.8186895426256148,-0.19344475848598106,0.9857130646705629,0.36256660021029996,0.8155878211757079,-0.12146994400944114,0.9745671153068542,0.3447493455314438,0.8304876245344451,-0.13627844452724286,0.9739077687263488,0.37372858277345283,0.8318350358751261,-0.14280720441383118,0.973145604133606,0.4068018065962698,0.7738123888769705,-0.296051153142607,0.9917300343513488,0.38206171328958666,0.8357751052589033,0.06502120781505485,0.9750813245773317,0.4152082561691202,0.8525225821133868,-0.16194222764821284,0.9853038787841796,0.41146836306495727,0.8789261260313915,-0.08594129545412471,0.9674311280250548,0.5397098232514873,0.8699045599110262,-0.40192514242117333,0.9934892058372498,0.46511046511024584,0.9112938844541398,0.20106543737419041,0.9446592330932616,0.6952571100510434,1.0094559178761748,-0.5314343990996795,0.4458586573600769,0.5003622177292157,1.10390901608369,0.31017807613261117,0.0978643074631691,0.6055970801535895,1.2588088861751174,-0.4473722093567992,0.1390723139047622,0.4720082083624615,1.2339544108501208,0.15809616603575855,0.0751317739486694,0.6525123812338782,1.3082368255090562,-0.5008908001912412,0.1615047454833984,0.4841878079466905,1.3014960788688898,0.15870450381858314,0.0703353658318519,0.6099870618491229,1.3194314048979972,-0.48765151870953644,0.2175325900316238,0.5226578397975408,1.289823624873437,0.1251736692249799,0.0958356633782386,0.6025388686993894,1.2925951437190553,-0.4383068960835096,0.182182565331459,0.48533277814424663,1.283028139319178,0.10159008076620124,0.0914060026407241,0.6122507483422425,1.3185489334203302,-0.22124897072273994,0.0024266105610877,0.4745575308611603,1.272315338958906,0.2408660430316077,0.0021535854320973,0.554308705926003,1.4307298244568252,-0.3004779462732533,0.0044039362110197,0.4665297426048574,1.464113851519167,0.17204283561009684,0.0027062746230512,0.5968830158075183,1.7583083397701453,-0.06481180220822388,0.0003669262223411,0.5283364509009928,1.7507580172456172,0.3537143171824361,0.0002486054145265,0.6702934841685612,1.7862260375623566,-0.024033725477504993,0.0004094199684914,0.5178617353667798,1.78141978470675,0.3216876337143032,0.0006245924159884,0.5772709537603707,1.8430846693683232,-0.19899620284044556,0.0006582918576896,0.40830718403268623,1.8362795881459961,0.18477118178353952,0.0007281517027877
2025-11-11T0798.331686,140,0.3507597558370705,0.8692655571835786,-0.3673987558753262,0.983295202255249,0.34873872066610434,0.8527816561645247,-0.38925023678420256,0.9792293310165404,0.3448848248711691,0.8103958374914186,-0.3827790535459786,0.982466757297516,0.39278913949668337,0.7973327588109076,-0.4120047183211062,0.9842336773872375,0.323481705296127,0.8754243648260501,-0.3738833791340251,0.9711509346961976,0.3208001264087403,0.8536817149616709,-0.3334516983352725,0.9691110849380492,0.3445953235510549,0.8562024661956087,-0.35311656977260836,0.9673484563827516,0.3948232424443141,0.7909119288392552,-0.3519747708277914,0.9913276433944702,0.36738416557425013,0.8190430045720918,-0.1290344408025477,0.9668686389923096,0.36942744272668887,0.8726366156735235,-0.3454407699094629,0.983618974685669,0.36822823798670357,0.8939138222502254,-0.26063420256135855,0.9597063064575196,0.5382355036147768,0.8527518289871101,-0.41251868988287266,0.9918192625045776,0.36284889448117685,0.9622078646374517,0.15445298004852367,0.9052535891532898,0.6404096436093634,1.0201676208774588,-0.45932493574787353,0.4573574960231781,0.45180030045177405,1.1529423393394853,0.21502872404225615,0.0884040743112564,0.6532878911626386,1.3182757737371176,-0.4764164243729953,0.1424955278635025,0.4883262335362614,1.2825756449739754,-0.04623795983087167,0.0678924098610878,0.6785250776425504,1.3436578190950086,-0.4860052484721209,0.1639899909496307,0.46021107551818047,1.329664162383083,-0.04331803553601703,0.0640275031328201,0.6266384498385403,1.3232889511924864,-0.47207802312161207,0.2209077030420303,0.46202852635138564,1.2997226870726795,-0.10189661092628503,0.0873671323060989,0.616197125606232,1.3239914906415837,-0.4185356505074669,0.1867247074842453,0.45228925870740844,1.3055879667967543,-0.06286392039652013,0.0834141671657562,0.5838844494574073,1.3373870457568955,-0.22650113322985047,0.0023239857982844,0.434897957625635,1.3601077288104668,0.21679745538352782,0.0020091503392904,0.5453543086763513,1.5205393171498474,-0.2591974745850093,0.0046227183192968,0.4472504388804457,1.5186152146102978,0.24240384207189886,0.0028507926035672,0.6098534314601969,1.817208896071174,0.025337155127005725,0.0003883860190398,0.48652616269268395,1.8093435530731286,0.37497816060498346,0.0002737272297963,0.6550337151405657,1.840732656387375,0.01668623809526236,0.0004063046071678,0.4986627252976784,1.865396185024822,0.4238473491856331,0.0006784445722587,0.5516070186808556,1.950611747260965,-0.17623968994828065,0.0006777254748158,0.454519256151492,1.954844692325841,0.1832246896473974,0.0008449032902717
2025-11-11T0729.577735,141,0.3002017542413158,0.9288880548390358,-0.5045047104521085,0.983013391494751,0.3067511816515361,0.8798660625188004,-0.5757226989326027,0.9795325398445128,0.2991922928715994,0.8613322348214542,-0.5242789924311286,0.9825599193572998,0.32576537170083836,0.8523155667457981,-0.5306940312035568,0.9846180081367492,0.2679562068866935,0.8907321444021784,-0.4991419634467454,0.9707180261611938,0.28098504636002364,0.8832316683752532,-0.4823270292099534,0.9674628376960754,0.3021128852645377,0.8528810255948351,-0.486741897167123,0.9648957848548888,0.34053557023725367,0.7948750383010398,-0.4586758108247148,0.9917577505111694,0.30908826635834774,0.8755562354964267,-0.218080424815629,0.963942050933838,0.3385023289440716,0.906743341372622,-0.4482523843637442,0.9847495555877686,0.28693058480819955,0.922962453642893,-0.4353072805742374,0.961062788963318,0.4885564506438131,0.8968909066437888,-0.43966721323598856,0.9924467206001282,0.33500630171363915,0.9543019624365999,0.0398633730863344,0.9049854278564452,0.6222412935082221,1.0387174255647016,-0.4851999679201488,0.4977621436119079,0.35859477142494217,1.1359919996721204,0.23875314648841567,0.0801786035299301,0.6208454506978769,1.2929120264261629,-0.45522281930037706,0.143626257777214,0.4250942460487826,1.2747170583925058,0.11734512642521733,0.0613244846463203,0.6513035283200145,1.3545935076404099,-0.5186834036558402,0.1613194644451141,0.4239447018484553,1.3424436389627634,0.10573841005907617,0.0580844655632972,0.6197238051117001,1.3481581019339195,-0.4882622477802517,0.2194663137197494,0.42559952218099917,1.3590216734588956,0.035795810580280224,0.0794016346335411,0.6034666286643854,1.3090130708415524,-0.46052874832406565,0.1845033317804336,0.41737869248587084,1.3132463491228314,0.0754382653170311,0.075907364487648,0.5567875416771215,1.364002756873547,-0.22393286462895282,0.0022367548663169,0.4063281331265241,1.3289846161050805,0.1981812157610288,0.0018526403000578,0.5269098337695431,1.6396529189022147,-0.24948609278001296,0.0053161736577749,0.4147203187436781,1.6178683094292254,0.31027653401886385,0.0031773087102919,0.5726096922006263,1.9295855516109188,0.05371779168790989,0.0004566685529425,0.45035411323319613,1.9364605773513108,0.542772616511424,0.0002819740620907,0.5724055939983924,1.9966214734014878,0.09870740164047863,0.0003975672007072,0.44801940059925555,1.9910795539394153,0.5281123834947432,0.0007252353243529,0.49673805757283074,2.027307897097858,-0.1934586352117333,0.0006552695995196,0.4360763579376456,2.0652489363808217,0.27999695752972104,0.000825812050607
2025-11-11T0794.603066,142,0.20579389773639714,0.9822854591953653,-1.0309502214909467,0.9819130897521972,0.23481286258529824,0.9362951030237886,-1.1029140353197415,0.9797235131263732,0.23864843753518533,0.9390391821493553,-1.1176463401228196,0.9822832942008972,0.2517346354621879,0.888481149295953,-1.1310624434723056,0.9847521781921388,0.20723335360287928,0.9244268250162779,-1.0631891627567898,0.9703261256217957,0.18690994283569676,0.8944592542397519,-1.0541677764716273,0.9658218026161194,0.18725303529020823,0.939992512986861,-1.0589250626318256,0.963665783405304,0.2735650816831378,0.879017793296505,-1.133221760135116,0.991988480091095,0.1972782076023325,0.918801748468232,-0.828450332693,0.963110327720642,0.2410941535615635,0.943475131861673,-1.071274077018182,0.9856642484664916,0.23712294796951733,0.9849906214165672,-0.9379663231565428,0.96187561750412,0.42186959328484563,0.9481756157168266,-0.9207078855092657,0.9930153489112854,0.24197932647978063,0.9770748024194157,-0.4988933015624519,0.9109718799591064,0.5529658739467506,0.986580963692498,-0.7929325334857992,0.5443583130836487,0.24719736250677,1.1050164822349995,-0.05614846628426318,0.0800965055823326,0.5524206408056441,1.279390927187645,-0.51428800321217,0.1686292737722396,0.2959948034186875,1.2155366748441305,0.1136207835279,0.0583910904824733,0.555647344074135,1.343129654938246,-0.5513023024036985,0.1659974604845047,0.2656868097779152,1.2788550124310714,0.11769667708373961,0.054884098470211,0.5172938708530639,1.3478605921803302,-0.5388706737710467,0.2221388518810272,0.2633012490045621,1.2514497276263286,0.0419739807375935,0.0748681724071502,0.5208286506491397,1.3045712166654315,-0.5325179458940613,0.1881274878978729,0.2807369632269777,1.2979789941755597,0.06802574062491358,0.0720928534865379,0.4525886556253483,1.3507258272267237,-0.1765952827919825,0.0068087023682892,0.313506737573216,1.352944296055258,0.19272672808662103,0.0032580634579062,0.4419689910601271,1.6146891746084229,0.036592441127880196,0.0231476910412311,0.33692017020100684,1.6394889375578026,0.5964124057504872,0.0143532706424593,0.4808917901312042,1.9274133817219214,0.6055955802750546,0.0014920589746907,0.3429576765782736,1.9507004108390458,1.1470919748295112,0.0011151183862239,0.49801350839386543,1.9630982689212835,0.6174226458206703,0.0005354822496883,0.373711914133397,1.9771268732703677,1.2230179160279566,0.0014197325799614,0.4338759626342707,2.0055131733936027,0.35667810803110034,0.001108301221393,0.37660405240789635,2.0339193295036035,0.9189453429388674,0.0022485349327325
2025-11-11T0725.825290,143,0.17418164203318415,1.0161666483347918,-1.4371938973115588,0.982056200504303,0.19058663132826076,0.950279234631446,-1.4717549780788757,0.9804612398147584,0.20126536804992345,0.981177025943057,-1.4655988203109276,0.9826911091804504,0.20571085791334598,0.9360216431651109,-1.4615900781195392,0.9853342771530152,0.1839835716538872,0.9444364799055465,-1.4476941976438087,0.9708549976348876,0.1453591175774021,0.9519240640336646,-1.4314535231084808,0.9656961560249328,0.156443782171962,0.954106410806752,-1.4103889906980516,0.9640875458717346,0.24464824865486046,0.8813410868000939,-1.4458653131706274,0.9924511313438416,0.18362858485628353,0.9137769454158987,-1.215370612030827,0.9643458724021912,0.21904929159167166,1.0017236230297368,-1.3600321030183136,0.9864208698272704,0.18670373867053702,0.9945978102764087,-1.309285582829151,0.9625827074050904,0.40537880887684286,0.9241087581795951,-1.1793682288693388,0.993478000164032,0.1851308818469685,0.9474180221747769,-0.8311573640832319,0.9182840585708618,0.562667455671066,1.018575492713657,-0.9283645991615427,0.5852454304695129,0.18874952300983597,1.0933891406333687,-0.22017046613701324,0.0837397277355194,0.5378169079982217,1.2793767384705441,-0.5881943384727459,0.1798942387104034,0.21417821506193377,1.2012506165031218,0.1508287687399038,0.0561845451593399,0.5547127789027669,1.3336838861343638,-0.5666715603225683,0.1648667454719543,0.2244871705790553,1.2477485011878966,0.20778601991489265,0.0524001009762287,0.5194452023406445,1.3443870001509701,-0.5934766880688465,0.2175590395927429,0.1914338291463676,1.2407809501297333,0.18270930748917377,0.0710612758994102,0.507601026919629,1.3143873858404471,-0.5687669801732195,0.1845438182353973,0.22949946863849485,1.218223647169283,0.13706160668402406,0.0686092227697372,0.42323595910937956,1.320102691739906,-0.1539178821169358,0.0130277043208479,0.24192355882004693,1.3140582115678874,0.16182070233114357,0.0060250209644436,0.4052664401133844,1.6503219113324215,0.23757578466481635,0.0315663814544677,0.2727760074867894,1.6029782350310673,0.5629491041790003,0.0304801780730485,0.45403596365867055,1.8820870791587112,0.9453996503969924,0.0021547847427427,0.3174445848202564,1.9329915747962334,1.2195214801529304,0.0023038319777697,0.46919809100418225,1.9371206398764182,0.9990505822467332,0.0006236869958229,0.35212348053135956,1.9633040146943697,1.2818072987969995,0.0022149779833853,0.4030467316273781,1.962458350211652,0.7328945573288335,0.0013177968794479,0.2843218530843463,2.0068024197655463,1.0115250223812777,0.0032553861383348
2025-11-11T0759.296294,144,0.14316300173148966,0.9693300236139435,-1.7751215135459424,0.9816405177116394,0.1699486722260261,0.9562830100577461,-1.807759220258426,0.9811250567436218,0.1801170975617396,0.9424291560483173,-1.8238486670776377,0.9832636713981628,0.2068786356578745,0.9197593565876074,-1.8165157571332333,0.9859174489974976,0.14524551931972263,0.9448912081158627,-1.7679961414882321,0.9713853001594543,0.1374551975775734,0.951483387078218,-1.7729398956917881,0.9657310247421264,0.1289285132859496,0.9492127715394778,-1.8135931739815223,0.9641688466072084,0.21473918849625212,0.878058183297754,-1.721811606510157,0.9927997589111328,0.102854793294004,0.8801417481812873,-1.536107921504207,0.9660131335258484,0.1965944152099724,1.00594196234244,-1.6591204166337048,0.9839814901351928,0.14863329230584976,1.000403379054102,-1.6251879341702244,0.9543555974960328,0.40718887648033497,0.923535612044965,-1.3695771944904547,0.992060661315918,0.09903387146592782,0.9383026924580475,-1.0970598998922612,0.9195896983146667,0.5116398498342377,1.0003500335217583,-1.0089615636202336,0.5988011360168457,0.0828821704364133,1.0653472913445203,-0.5598954630717126,0.0827860087156295,0.507898362337503,1.2690390373496974,-0.6460587317353521,0.1814222782850265,0.177984964342091,1.2286248328787153,-0.11788147106525221,0.0522304773330688,0.5442280584647022,1.353081249209335,-0.6850812021663562,0.1602206975221634,0.18100879008625317,1.2360461954090758,-0.05385837928744011,0.0487671084702014,0.5056222757441813,1.3583522564108512,-0.6962482594781332,0.2101796418428421,0.20400753052689422,1.2492892117727046,-0.11001554799559767,0.0660341903567314,0.4751152462524996,1.3426853906672698,-0.6758223790306165,0.179241195321083,0.18413073832840143,1.244143674418857,-0.13891326392664557,0.0639888271689415,0.3931464605847991,1.2569469311151635,-0.0922748100841558,0.0232589561492204,0.22477566002124236,1.2130754940363015,0.0993672704721181,0.0160907860845327,0.37144380955354156,1.369531131980803,0.4083987371760903,0.0318854339420795,0.18589514369519805,1.3432467238137682,0.5372535458366801,0.0342561267316341,0.35445630875687073,1.492068541557646,1.231301594593375,0.0025658013764768,0.29267001155813976,1.4899419098216655,1.4145211395144979,0.0027524223551154,0.36414943312412706,1.5115353993003957,1.2911818730931777,0.0008590023498982,0.2792631168112482,1.4995027267357386,1.4871390747701743,0.0024233211297541,0.34886944909512263,1.5871704107519018,1.1412419099264737,0.002058835234493,0.27049155219118576,1.5777724409609823,1.2900367023501291,0.004092700779438
2025-11-11T0787.166664,145,0.19974189836784217,0.8852742236363,-1.2204905604129206,0.9831394553184508,0.1937806804829007,0.7962519672935757,-1.2784481920024355,0.982717514038086,0.22100526798449188,0.8143783897359768,-1.263848485669239,0.9845951795578004,0.17018262468990344,0.7979784909329865,-1.277235161389633,0.9871156811714172,0.1654389030893553,0.8526027246914405,-1.2073299166012321,0.9735885858535768,0.13930331011559566,0.8486638535784049,-1.2067406139938073,0.9680792093276978,0.12003237984367272,0.8725085526597957,-1.188551585532328,0.96687114238739,0.22044237505809502,0.7522306392413395,-1.2910683311651139,0.9933966994285583,0.1462226925484486,0.8305398979833258,-0.9891018683791796,0.9679197072982788,0.24390121716414734,0.8545868041706332,-1.2046670091241414,0.9853149056434632,0.18963615728070873,0.8818133470044949,-1.0726669089095078,0.9576329588890076,0.4182353984358106,0.8731076455846477,-1.1236528576245477,0.9922052025794984,0.173418018913439,0.8582821420359152,-0.6195941105212386,0.9241687655448914,0.526290766518398,1.0230429203937759,-0.9743196099511696,0.6157145500183105,0.18549828705361515,1.0752473989123097,-0.3053999551424018,0.079360231757164,0.4891614813383653,1.2913191631142684,-0.6350979303593691,0.1827319115400314,0.19609939249872393,1.2152051865919198,-0.12998618057094277,0.0495322458446025,0.49433454098468305,1.3418163431958967,-0.6849802310776667,0.1567088365554809,0.23777685172351481,1.1966397311466133,-0.10822224812961741,0.046003770083189,0.4905316579753266,1.3171375980487794,-0.6331838864209003,0.205861821770668,0.23865661192990445,1.2581702272778033,-0.16401521402492245,0.0624339915812015,0.4773630255246682,1.3334612000899932,-0.616515348847459,0.1778198331594467,0.22323777764862623,1.2122536233634646,-0.14816923366040508,0.0611213631927967,0.43342248099954417,1.257185182099887,-0.13777447551885602,0.0216300785541534,0.2650383701339073,1.2328353300649828,0.14365447713627946,0.0149365188553929,0.39122348703922,1.4997122864571402,0.08823068184778773,0.030667083337903,0.2950063259563511,1.5114630824567687,0.5409533248207439,0.0332324504852294,0.4483658038889144,1.8333405820919269,0.6297909042298007,0.0023462381213903,0.31419189976215206,1.827435268371614,1.0469382012441464,0.0025345354806631,0.48369034750323087,1.8733261210732013,0.6758820534415477,0.000781862414442,0.30730288460413613,1.8984577688139284,1.1144281284280213,0.0022268155589699,0.40416008479348103,1.9453372354749947,0.3860103436241158,0.0018948019715026,0.29216402809306746,1.9683332758742245,0.8297075976793368,0.0038848863914608
2025-11-11T0784.381374,146,0.16661972816792903,0.7449364656419678,-0.9292022545498652,0.9847556948661804,0.19005408891144632,0.7039529458250757,-0.9857272231815848,0.9843791127204896,0.2111290018929113,0.6833488406330724,-0.9993427933332967,0.9860828518867492,0.19023877062439976,0.7032288166657064,-0.995196426172161,0.9883689880371094,0.16981118365837347,0.7337021886425374,-0.9323309140512517,0.9760931134223938,0.16572074491749206,0.7440741538369646,-0.9236600017079786,0.9710732698440552,0.15497791448637005,0.7269667044166795,-0.9211659510642778,0.9699302315711976,0.20878570059905532,0.6808925181918878,-1.0221795571776802,0.994038462638855,0.17757937236556864,0.7104844307532,-0.6858642195346056,0.970799446105957,0.21466652683108728,0.7768259312987021,-0.9313557414143107,0.9867585301399232,0.20884550815662925,0.8081467925447238,-0.8484951892335721,0.9616990089416504,0.41985775871166703,0.8065213046449417,-0.8984049465447769,0.9929540157318116,0.22148639156542527,0.7903750433673921,-0.3792501920604955,0.9310781359672546,0.5403075187927052,1.0267635604707053,-0.8085074216692024,0.6414927244186401,0.2630442264661801,1.0029270606635752,0.2542531871829809,0.0747573897242546,0.5465988797495885,1.2595602578263403,-0.589018260386764,0.2162105292081833,0.2727456181719762,1.0928936364823136,0.5613630341688117,0.0468849875032901,0.5512045483096416,1.3057972511490192,-0.6498098446138921,0.1737782806158065,0.23664900554458773,1.15955510274519,0.6203524129369954,0.0432906411588192,0.5213412353595911,1.3386897759766194,-0.6586943754871986,0.2274723649024963,0.26287913186762224,1.1425853088068345,0.5481127693900429,0.0588645562529563,0.5207950156351601,1.318896952696981,-0.6013940863956342,0.2014134973287582,0.26922063431752086,1.1398185474027964,0.5240107622577346,0.0584182441234588,0.4686673401196577,1.2347691581051654,-0.18449653951755346,0.0203200820833444,0.29894992038349194,1.2547187750264421,0.1732625729759272,0.013783635571599,0.45276564341260117,1.6052772376449003,-0.15719201623997026,0.0277781561017036,0.3073625095693539,1.5680094090547958,0.49674176352860966,0.0302320048213005,0.506212889886231,1.9184567560041945,0.2726801596131301,0.0021248538978397,0.33687011454471855,1.939802037505398,0.8779579898219252,0.0022876563016325,0.5284203157443614,1.9941811465201043,0.3121588318935526,0.0007140385569073,0.36338607720086186,1.9851663340492645,0.9391008865840872,0.0020248973742127,0.45589339175683985,2.0636130239357535,-0.07439545816850299,0.0017138679977506,0.34534015041927124,2.0766469584111196,0.6713023632075051,0.003525004023686
2025-11-11T0784.323380,147,0.20459484923867985,0.6009325546750279,-0.7911090840142389,0.9862439036369324,0.20315704705247653,0.5686230265031577,-0.843900064858536,0.9859042167663574,0.21996304716064927,0.5537793188259167,-0.8253070896389104,0.9874488115310668,0.22873091416170854,0.5356312678776577,-0.8272810955666708,0.9895119071006776,0.1700983937222044,0.5904465220706255,-0.7693667050358056,0.9784061908721924,0.17208963278137768,0.5469100353670995,-0.8004172395269527,0.9738587141036988,0.14757733273771256,0.5642010524610054,-0.7746107840335211,0.9727753400802612,0.23664905098066996,0.5376696893255438,-0.7770414079856707,0.9946268200874328,0.18474198242254566,0.5678848849820135,-0.4611665440212005,0.9735899567604064,0.2103254531057117,0.6138058423944305,-0.7303984287704604,0.9880762696266174,0.17825730605364085,0.6805184097565515,-0.6965633665442501,0.9654937386512756,0.40753988911367606,0.6941322294866891,-0.7099913029866122,0.9936469197273254,0.21523951236523622,0.6834388803033047,-0.13133668388378347,0.9378165006637572,0.5496942334063324,0.9649087140544998,-0.696656841096795,0.6616884469985962,0.2468430977720948,0.8982664929565618,0.35989868350423637,0.0765985772013664,0.5229082581039258,1.2148123046953356,-0.6117503896341836,0.23103067278862,0.24899126219091133,0.9935554251016856,0.43932256534025144,0.0471025258302688,0.5324989944137116,1.290551243722726,-0.631253587405581,0.1832986325025558,0.20124683055723466,1.0334917908350965,0.5024936153815402,0.0432593896985054,0.486817925397961,1.2960803312930371,-0.6157012968796636,0.2426068186759948,0.22284882298465586,1.0460137787391466,0.40745261208205014,0.059337243437767,0.5078130099462947,1.2624477358765185,-0.5482205078225969,0.2184352427721023,0.2368434240972336,1.0334178583644837,0.4387866335573553,0.0605648942291736,0.4828792665547462,1.145622783884098,-0.2031283706693779,0.0192415080964565,0.3422985246965251,1.127243065459987,0.18987279315997435,0.0128474375233054,0.5012693515037732,1.5561733518753245,-0.1164719739800163,0.02519385330379,0.32448682747505087,1.5696848055076877,0.4735055375787756,0.0275000762194395,0.5277147102088727,1.9187541896398919,0.3283415393798408,0.0019321119179949,0.3779635896581224,1.9198221567226406,0.8516211939406417,0.0020627034828066,0.5357459304239581,1.9477538066644873,0.3677876344538368,0.0006612841389141,0.3761790368062376,1.9487640010413296,0.8714178454540596,0.0018453644588589,0.4461499058646452,2.0163489730922755,-0.026721743118548483,0.0015470603248104,0.3760019063302646,2.0401612395320834,0.539585222647556,0.0031795029062777
2025-11-11T0778.471920,148,0.22104298047218313,0.5048339425430367,-0.7095988058963258,0.9875874519348145,0.25462623972054316,0.45096131327411454,-0.742758605146451,0.9872719049453736,0.22920643189028234,0.4700270442144503,-0.7153444210505078,0.9886784553527832,0.2297336654555328,0.4438571006594749,-0.7077908124354546,0.9905354380607604,0.1770514624922048,0.4935430871839416,-0.6722881640387479,0.980482280254364,0.19708484578786997,0.48634024966581224,-0.673750111507141,0.9763835668563844,0.179668071949055,0.48815046955791674,-0.6662003339500042,0.9753475189208984,0.27143632132301715,0.4614977718950197,-0.6421610264143502,0.9951558113098145,0.2065089956185606,0.46819239899029436,-0.39124025587901723,0.9761313199996948,0.26670988892870906,0.5664654985666312,-0.6746948974738884,0.9892618656158448,0.21912522498436196,0.5419964707170836,-0.6037282616278328,0.9689175486564636,0.43696994927586236,0.5992787324449778,-0.6043669271748816,0.9942720532417296,0.2025760661397787,0.6155214200970205,-0.10569050756973038,0.9439233541488647,0.5228730459524968,0.9114815385092988,-0.5264228976927612,0.6871635913848877,0.24222623556585418,0.8705255710445348,0.3095098842837762,0.0817275419831276,0.564744482162011,1.1435881505948495,-0.49473495871480877,0.235152468085289,0.21850167090526545,0.9837430581640249,0.35379969467648825,0.0448948480188846,0.5451114993800228,1.2273334458233927,-0.5527089558776885,0.1833382099866867,0.20156250237265888,1.055752811887922,0.412869758450922,0.0413535125553607,0.5331394306861513,1.2424380958796872,-0.5763666695976073,0.2459916621446609,0.17774281726015478,1.0331573764135629,0.20666177487444948,0.0573577880859375,0.5206517738462871,1.2320311665879669,-0.5178852968715919,0.2223434597253799,0.22861063583948577,0.9982263821065502,0.38029004051399506,0.0589706599712371,0.4542547918418586,1.093629312023512,-0.1874411423799913,0.018642233684659,0.31867116346957447,1.1333889997103699,0.182871168025699,0.0121377939358353,0.46532072211194364,1.5213807957541507,-0.09195986747682319,0.0231501590460538,0.33088478859304793,1.5465065524000965,0.39341222897077077,0.0250830799341201,0.48519270476213877,1.8850067379070108,0.31733631881068913,0.0018057161942124,0.32820302298373644,1.870266515224789,0.7188886651222955,0.0018668395932763,0.5268848283970047,1.9163448669124648,0.3028478127867703,0.0006480764131993,0.32726468404615494,1.9417614049186178,0.7046439592784312,0.0017166131874546,0.4305087214663893,2.032555778263281,-0.022640667219225023,0.0014095042133703,0.3345563724063138,1.9968899780563298,0.3691001886007348,0.0028756645042449
2025-11-11T0734.123412,149,0.23093918856927248,0.3894255354164487,-0.7897597341173941,0.98879736661911,0.28118271096107966,0.3360951282765881,-0.7542341452865359,0.9884995222091676,0.3003062782089128,0.3503026253807525,-0.7655786613536001,0.989773452281952,0.3007922811785857,0.33892544914740763,-0.7808733099868883,0.9914414882659912,0.2627305484270668,0.3763200895955012,-0.7207485956142337,0.9823712110519408,0.23568471515724465,0.34388704612397936,-0.7570481887831311,0.9786857962608336,0.21712889248763945,0.3495898245983066,-0.7315350481054927,0.9777402281761168,0.28904147726996937,0.33578331519743754,-0.5526108439472326,0.9956126809120178,0.2208341359478062,0.33611240803964665,-0.4715769044326835,0.9784461855888368,0.2741196470906632,0.4078037791873874,-0.7055865649766054,0.990325093269348,0.22346704171457096,0.42497848416994594,-0.6503584185695882,0.9720081686973572,0.4360274658683188,0.5609063391850883,-0.42451644202749056,0.994827389717102,0.19217411511780289,0.5633193651681265,-0.1516732639227275,0.949491322040558,0.5282487624238975,0.7840080371563862,-0.3828218084179388,0.709069013595581,0.18450552449294014,0.8276794395917854,-0.017323049907158872,0.1403414011001587,0.5273805668616471,1.0035232170936292,-0.5187275162313604,0.2231649160385131,0.1618047786151754,0.9888575552900767,-0.22568222159289192,0.0464117564260959,0.5269810021675003,1.121126339036051,-0.5960574151954293,0.1720302253961563,0.12953284203815116,1.075518908027918,-0.3103367661879897,0.0424002781510353,0.49101070736151337,1.1199806931284353,-0.6448933397173012,0.2327231019735336,0.15678022398912525,1.0942657715392345,-0.3971734165016642,0.0603529065847396,0.5017929883920027,1.087053315961946,-0.5423293206080058,0.2105112373828888,0.17969045879681564,1.0682294038193214,-0.2763048105989963,0.0621636658906936,0.41353010127172835,1.028120965871357,-0.14439847510516382,0.0185349490493536,0.26611943082829725,1.0113569378726033,0.11529196859935664,0.0120569337159395,0.45821152369698087,1.4472352712324226,-0.12128749816009891,0.021678565070033,0.2834827425071136,1.4363836789730688,0.19069719418339284,0.0229106582701206,0.43419261164576217,1.8230952284206792,0.25908071743002525,0.0017060887767001,0.27338945458577457,1.8246415489399743,0.4994745984960459,0.001694604055956,0.44106033587711263,1.87474096484856,0.2982230727686727,0.0006391523056663,0.31412138583901317,1.8798021906872437,0.523776123527164,0.0016332368832081,0.4118941593244948,1.9474090144122103,-0.08170358418447823,0.0013013583375141,0.2904680279770221,1.9529561464301874,0.07664660369082266,0.0026058186776936
2025-11-11T0764.185057,150,0.3222484796700295,0.30351754033030764,-0.5664497869264791,0.9898869395256042,0.33069564810102325,0.31339101012854037,-0.5755912323698861,0.989572286605835,0.3194992803677434,0.27942740791905213,-0.5692008185834008,0.99074387550354,0.3500268991257412,0.2930668668138602,-0.5703359465370735,0.9922247529029846,0.32465270067187696,0.29406132273255675,-0.5637835630197611,0.9840496182441713,0.31206594423847545,0.29796388952256375,-0.5355300606812545,0.9807586669921876,0.25824527614040915,0.2735904186088391,-0.569448788794257,0.979888916015625,0.3613730133121054,0.29012616285798415,-0.2888658518471004,0.9959813356399536,0.27411458497689,0.3226333244611661,-0.3223025108662153,0.9805269837379456,0.332646506361301,0.3531751705089664,-0.4946484108701523,0.9912757277488708,0.28531169918780247,0.37645261836960214,-0.49392782706495475,0.97478848695755,0.46001694154750256,0.4846076478917047,-0.23080702131367034,0.9953327775001526,0.2019575415536387,0.5406564477671826,-0.15893277987044152,0.9545336961746216,0.5021576161523219,0.7842277952764858,-0.11819460681034272,0.7265512347221375,0.1410602725867903,0.8085488074414999,-0.019015050774879062,0.20747971534729,0.48525036277573314,1.0442302315117429,-0.2530826251415046,0.2088404297828674,0.107752868442624,1.0483425079421955,-0.1938934579892006,0.0523163639008998,0.49216683046471965,1.0915513795194636,-0.285564742162059,0.1600255221128463,0.09616829585021247,1.11577240040709,-0.2538946592290162,0.0468687154352664,0.4822758014377453,1.1139794250147186,-0.3443596902506346,0.217644527554512,0.11145461609577034,1.0821574226549395,-0.3623929479325176,0.0679486319422721,0.46933054687507675,1.0749865344088123,-0.26356545201445936,0.196919247508049,0.11162889249978736,1.0590779594391002,-0.265426572914676,0.0700437203049659,0.411428017323302,1.0211258728014048,-0.054136911508763826,0.0225890632718801,0.26805414074990264,1.016965273603234,0.049975033970276694,0.0169103853404521,0.42205000532977355,1.4554398581958394,0.04789196859497505,0.0209778621792793,0.25729050740900455,1.4443118285523664,0.13332500885319248,0.021237401291728,0.38787105885715134,1.784324914436457,0.4764510221988232,0.0017576953396201,0.24582722274427593,1.7943835101353331,0.43881318957910703,0.0015724562108516,0.38954511355474186,1.859917494323346,0.4775298254950163,0.0007282458245754,0.259041315508791,1.8530539242983988,0.4133122420849807,0.0016900961054489,0.38546761006877395,1.9220853436825136,0.1163467921465874,0.0012949191732332,0.242954070521662,1.927096288957464,0.04971163219632577,0.0023823613300919
2025-11-11T0716.852946,151,0.3512157492830895,0.23044916566316026,-0.6606088414431315,0.9907843470573424,0.3647613942839679,0.2043550693042378,-0.6470716866070213,0.9903385639190674,0.40929685430536455,0.24063516151149916,-0.6281971948357696,0.9914732575416564,0.37845647078799216,0.2111052778525987,-0.6051860652650888,0.9927304983139038,0.3317025226582261,0.1956404156137524,-0.6476225286804562,0.9853668808937072,0.2992404197473035,0.2223494855148213,-0.6273902617103844,0.98249351978302,0.31460866221666994,0.2066967811883616,-0.6232765110819948,0.9816691875457764,0.38674077538086193,0.21736265838625218,-0.3608408073306649,0.9960532784461976,0.32237400177501474,0.2177338781006484,-0.39761581726822115,0.9822751879692078,0.3704590666341808,0.33271969411463226,-0.5515289431261038,0.9920800924301147,0.28910297781989946,0.2780347567459303,-0.5668025649837541,0.9772587418556212,0.426231374515715,0.49823921883154587,-0.1958395176844263,0.9957653880119324,0.21168601698987727,0.455936992271772,-0.22386335445416058,0.9590646028518676,0.5016820768788464,0.7721392372460463,-0.15311167883421548,0.7375282049179077,0.13041912180612023,0.7659368564197038,-0.15422941909130888,0.2676243782043457,0.475412829171807,1.0242174790365945,-0.33302399569276997,0.1959791630506515,0.059110696495266936,0.9857363226970861,-0.35514236106216235,0.0617273300886154,0.48280079291329875,1.089023737501738,-0.3982198717257169,0.1490494459867477,0.060162442370650694,1.0593082088004184,-0.4315809235745729,0.0531901828944683,0.4572176513706329,1.0754143175095754,-0.45440234783306843,0.2035435885190963,0.0535872458748455,1.0598455753402645,-0.5110178808951722,0.0776271149516105,0.4479954762578551,1.0719617303666589,-0.3748487821126171,0.1841192990541458,0.07828092899530037,1.0076695627315009,-0.3898247658371315,0.0796922296285629,0.4066043337911819,0.9846741763140726,-0.015587934305124727,0.0244578942656517,0.2475614449683351,0.9838780997853943,0.02544957524059549,0.0196876972913742,0.37097336606246323,1.454658820350341,0.09481298200235673,0.0197983849793672,0.22849952052028957,1.4274189640775532,0.05961140360405633,0.0193991791456937,0.3940310296843223,1.8097098360608235,0.5587944747495136,0.0017000583466142,0.22504491315764583,1.809769194957401,0.39616909675152123,0.0014402221422642,0.3646808627662175,1.8731151307621785,0.5600926455532814,0.0007479511550627,0.22271433121109704,1.866887435650481,0.4242417869993018,0.0016103418311104,0.34381975595693887,1.9448872017382866,0.21844130197773157,0.001252967515029,0.23217193866461586,1.9208545808740303,0.005578657260390921,0.0021723536774516
2025-11-11T0794.983017,152,0.4065230992019264,0.20575156898340619,-0.49455344471776175,0.9915267825126648,0.4292413261696618,0.18910801663166507,-0.43717737298309317,0.9909970164299012,0.4496367882805528,0.2229612498125992,-0.4483096111369949,0.9920470714569092,0.43069595779397934,0.22271845296931567,-0.4304908245339305,0.9930974245071412,0.4012390142789767,0.18637560140984244,-0.4778066766523506,0.9866228103637696,0.4162782005749493,0.18027662615035803,-0.4831789375314166,0.9840942025184632,0.3806712718956204,0.2077234220148985,-0.44763446828223896,0.9833675622940063,0.45920097361255774,0.26942321492574217,-0.17923882151191367,0.9959136247634888,0.37470057795439654,0.206822190033808,-0.33480798782508137,0.9839439988136292,0.4315202674576954,0.249537939762384,-0.39590338938332265,0.9927464723587036,0.3626989720002788,0.2645292571345822,-0.41479845968189305,0.979492485523224,0.455229678174632,0.4435629424158791,-0.09990063133696128,0.9960446357727052,0.19497629037102276,0.4486701700995222,-0.23129199514266674,0.9631502032279968,0.4981847833389025,0.7922526191786151,0.018711272146869348,0.7202874422073364,0.10225210085073157,0.6843105280594175,-0.16397541867430765,0.3332265317440033,0.4909500300102868,1.0130556792734322,-0.11650958739360574,0.1792834103107452,0.023215870937778563,0.991845529452132,-0.3810572532194053,0.0820694118738174,0.5046959627703396,1.069580804589758,-0.13209269478157398,0.1362731307744979,-0.022633484056132542,1.0624016408527726,-0.49411102199736046,0.0664831772446632,0.44552374112494997,1.0979614376999551,-0.18401943011153876,0.1859837770462036,0.03478400996655229,1.0218309529884946,-0.4774297062986284,0.0928442329168319,0.4224897069981459,1.034089776344697,-0.13570693404626358,0.1686616539955139,0.061892083528521914,0.9822069516197334,-0.400600408071499,0.0965939536690712,0.4193051604026505,0.9886661337660293,0.05194461813590701,0.0485864132642746,0.21307284475670493,0.9896942659741753,-0.01702584868388569,0.0519134998321533,0.3743193448489126,1.434392877726598,0.12513984580521476,0.0207764860242605,0.19234528678377893,1.4105230621171256,0.05049108777378233,0.0187157690525054,0.37887362797600865,1.7953161736308945,0.5223119693218801,0.0020657498389482,0.16226165470226814,1.7874568006445681,0.3365057390883532,0.0014637490967288,0.38071795015971377,1.849392103726442,0.5693243176797597,0.0012383155990391,0.1983654758626918,1.8621480093269163,0.3659341003837349,0.001943493145518,0.3337220548717113,1.93079332904647,0.24834217135600942,0.0014681705506518,0.23321654850245516,1.921292131910733,-0.03699948272506351,0.0020584734156727
2025-11-11T0787.836004,153,0.4416087220298352,0.2149491478307494,-0.4144234265033368,0.9918470978736876,0.43209715970360824,0.18174111492680903,-0.3860415386664728,0.99117910861969,0.4557801621966805,0.20121996475463416,-0.3834106925535158,0.9922235608100892,0.4706085592463717,0.22405555173772837,-0.3920183188507147,0.9930400848388672,0.4310848449486731,0.1833581120623034,-0.40096948507622304,0.9874146580696106,0.4202848995654008,0.17579834191877855,-0.42591632323011164,0.9852595329284668,0.40483924554058626,0.14231540106022333,-0.4279920423112043,0.9846234917640686,0.4264295256177775,0.2488094760872481,-0.1569000209382261,0.995342493057251,0.3607846191380839,0.1771202870980629,-0.27881561151844597,0.9852211475372314,0.4548692385197863,0.29728708240077695,-0.33015430824873454,0.9930673837661744,0.4044976561213551,0.2480864386748244,-0.3629274235850571,0.98135906457901,0.4782542203520574,0.4648611117339992,-0.054704090028504,0.9962525367736816,0.2161178533063395,0.3932458584846761,-0.22308850400404248,0.966812789440155,0.5130517235816158,0.7765656494968202,0.08521027502218535,0.6934066414833069,0.10108874348924507,0.6880727898446796,-0.19399816564469488,0.3825029730796814,0.4496212686679717,0.96028560619105,0.05686006841344668,0.1643853038549423,-0.010220001326596036,0.9284914152351142,-0.32878553703297,0.0891364067792892,0.5047266045905321,1.0445293135607892,0.046803057849621625,0.1249062269926071,-0.058365556756237676,0.9839379722041903,-0.3963236525127816,0.0723424330353736,0.4653199196745292,1.029585155970672,0.012002111266408447,0.1702673137187957,-0.04473371000460503,1.0007965479263274,-0.4350443498178712,0.0996180772781372,0.4563148130910223,1.0005879977926526,0.058390744642081875,0.1548596322536468,-0.002237853674328346,1.0080434082496383,-0.37835917794190355,0.1049355566501617,0.4286629513539294,0.9872197426021971,0.002788722833087478,0.0567559525370597,0.22772042675546236,0.9845843675546274,-0.03348182071742556,0.0622064284980297,0.4010247313535015,1.4119968474261186,0.13432226102505232,0.0195229295641183,0.20451619850060712,1.3838179324217452,0.05182227745794291,0.0173395033925771,0.40373767823234485,1.832733798543884,0.5738633352976172,0.0019769689533859,0.19044866994038476,1.8057564808194457,0.3281886753562716,0.001366319716908,0.32725322199478796,1.873317543127964,0.6130719008462515,0.0012249678838998,0.17844055371864934,1.8256767921309975,0.35410617165150704,0.001896079396829,0.33886647576010664,1.9307760239342295,0.2531041757231363,0.001475864322856,0.2051462055058599,1.9197031211108757,-0.05737859910290373,0.0018946182681247
2025-11-11T0730.601107,154,0.4142920157029942,0.2468082182686336,-0.5011978912038004,0.9925562739372252,0.4581484243801917,0.20586438698313633,-0.43958438652377846,0.9919201135635376,0.4412583199203935,0.2210038814290014,-0.44177220903255177,0.9928768873214722,0.46429824772254996,0.21625918962687687,-0.4662321248183216,0.9935832619667052,0.4670258105173275,0.19566127290620888,-0.48690634324064547,0.9885462522506714,0.4344931313059677,0.19666405552080604,-0.479920865160458,0.9866341352462769,0.40318445249529905,0.19433643478073542,-0.48681900413501633,0.9860621094703674,0.4408257546745097,0.22872837536382973,-0.1822955410216621,0.9955995082855223,0.37484404031429475,0.16984657890564758,-0.32793207637971117,0.9866237044334412,0.43090003706562274,0.2516387599135208,-0.4093694423931021,0.9936785101890564,0.40918833202768906,0.2589916457660047,-0.4038847627373973,0.9831812381744384,0.4665147514575145,0.464624256449236,-0.059387430083586316,0.9964949488639832,0.19395997633376583,0.3673142735547818,-0.22511586644111575,0.9701128005981444,0.47065169546900415,0.7454394344127911,0.1414394267617894,0.6537243127822876,0.08611614927510944,0.6416918265027906,-0.1949320609662387,0.4286341965198517,0.48839445243561236,0.9952041119128093,0.048871507634285855,0.1517658680677414,-0.03164418024015063,0.8806332041008208,-0.3536692039058647,0.1029929742217063,0.5144089752463737,1.0221175891528524,-0.005096478139169247,0.1160184368491172,-0.07687317589693947,0.9718908593421343,-0.3890089806580145,0.0857729092240333,0.502883163313198,1.0414586004419828,-0.08408012620375983,0.1581712961196899,-0.048961039769880345,0.9777552804088571,-0.46954841520337653,0.1169684901833534,0.46310824271479845,0.9900219875237383,-0.03395025202293618,0.1440069675445556,-0.028341976815300776,0.9872350927668075,-0.3516823826354123,0.1219859346747398,0.4084272377928489,0.9796337265059591,0.047787004088053676,0.0575151704251766,0.2198829250451823,0.9438988262651106,-0.03142385151422892,0.0635220557451248,0.36136870653450204,1.4213333060966176,0.1106669319871886,0.0183011665940284,0.17087627871283062,1.4015184494908342,-0.0751812003501694,0.0158642586320638,0.3522877844728223,1.7934374282240493,0.40815321743273225,0.0018462931038811,0.16094779676706628,1.7801802456322056,0.15786729425932894,0.001252852845937,0.3466566238676551,1.844856733244429,0.4289439091270134,0.0011625685729086,0.19518799537118747,1.870607694856206,0.17595710259082326,0.0017547436291351,0.3038941774748412,1.9308172231330232,0.06343057916897116,0.001422565896064,0.1899003329678032,1.9199972118619073,-0.2796228164472666,0.0017381546786054
2025-11-11T0725.645737,155,0.43218813605477213,0.23854257438509197,-0.40304549522004235,0.99318528175354,0.46168511321714323,0.2166136219418387,-0.3458506781409226,0.9925984740257264,0.4551064333542513,0.22817114417239523,-0.3557338475403112,0.9934682250022888,0.468819225717579,0.2214227980555232,-0.34885617249835765,0.9940801858901978,0.44396114528205494,0.2282910421395105,-0.3849547316776657,0.9895960688591005,0.427167496036883,0.19896501269638414,-0.3703263059304624,0.9878935813903807,0.41118987117291095,0.18976998098792872,-0.3752988910961729,0.9873824119567872,0.4769368367166788,0.2379835944562582,-0.11060120845681025,0.9958807229995728,0.4120736099973492,0.21684618724794785,-0.25340811011439524,0.9879093170166016,0.424374192888153,0.2868339328586648,-0.3405066458088674,0.9942483305931092,0.401156733426605,0.2707124317858291,-0.3368954189085464,0.9848345518112184,0.4877053136384249,0.4461069696927305,-0.037751042313196335,0.9967730641365052,0.2371856107775178,0.3440094668221585,-0.20952247551597683,0.9730960130691528,0.5007592406496651,0.7353300231641664,0.17750063576737135,0.6473731398582458,0.0955095170337268,0.6216960448967664,-0.22049484775657904,0.4787454903125763,0.49902800142816317,0.9466428598258972,0.1712198466079262,0.1420555263757705,0.007945282833307386,0.868166340029101,-0.3723478003427462,0.131647914648056,0.48984038381922357,0.9748286991843403,0.16223674924734366,0.1082512661814689,-0.08483212686919606,0.9435875256892943,-0.4049059300715558,0.1078345775604248,0.5067381023547011,1.019712784590483,0.1265746541450099,0.146988645195961,-0.03999691078735106,0.9430296324205617,-0.4802008715062919,0.1397237330675125,0.4777613234118922,0.9803812256986046,0.13664072893389106,0.1347357183694839,-0.002845539334643781,0.928260791565331,-0.4087990716602904,0.1460499614477157,0.3821086984019118,0.9082355042835735,0.006306626923616332,0.0819794386625289,0.22198490754666395,0.9163291323038021,-0.002286428253710261,0.0941783040761947,0.362196446440977,1.3657195675095213,0.1222434248454566,0.0170111805200576,0.1703505741611495,1.3539319873321363,0.012812813165198115,0.0146938301622867,0.35748992521373857,1.7794495199843785,0.47780532347319654,0.0017154077067971,0.19361298557526707,1.7469368233245375,0.29081937790562773,0.0011733892606571,0.33674739269530396,1.8228028432648522,0.5059279327613567,0.0011044197017326,0.14038925455073653,1.8032531973624535,0.28128263686370697,0.0016574496403336,0.3298712537485576,1.8924066107512947,0.18683299313655014,0.0013662645360454,0.18662961984207538,1.8795476549961272,-0.13761397473280362,0.0015989766689017
2025-11-11T0788.923667,156,0.4508156407306616,0.2443463377369213,-0.3933589111028503,0.993681013584137,0.471502784422301,0.22733855054216945,-0.3358039739956213,0.9931415915489196,0.47874672923765266,0.21707886183415287,-0.32818381860189483,0.9939053058624268,0.47709277939693806,0.2543550457739551,-0.32658114642200603,0.99442058801651,0.4468707738886289,0.21333077308277712,-0.37005516251661624,0.990532636642456,0.4712306379565246,0.18870395564306813,-0.37437116960147165,0.9890225529670716,0.44441971402114727,0.20229566122873743,-0.39051799536939985,0.9885743260383606,0.45846414318592493,0.2509193294543996,-0.11329578850678623,0.9959954619407654,0.3825026112432677,0.2183506897522277,-0.33504302019614635,0.9890813827514648,0.43492968359386863,0.27925439520691214,-0.29521920336441443,0.99473237991333,0.4078512087051789,0.27197604732329983,-0.3558970996554043,0.9863247871398926,0.4483470068107752,0.4429661444724889,0.026186512056055433,0.9970141649246216,0.20742216295822952,0.3202622753297063,-0.26310634477368083,0.9757839441299438,0.4479357222977777,0.7278323048366516,0.3257468329789352,0.6350597143173218,0.07393192468988118,0.627075610396977,-0.35421626267289774,0.5293177366256714,0.4896064598265044,0.8993508057184756,0.37242190795021707,0.1335830688476562,0.02598167931927897,0.8596464132835474,-0.533698877946894,0.1979690194129943,0.49618779288671777,0.9484323246896936,0.38369707629318606,0.101591520011425,0.0008140865169995407,0.974913684384802,-0.5990368575654168,0.1620139330625534,0.47156590107603635,0.9836064083025212,0.3282090610731673,0.1369869709014892,0.05766498999752681,0.9901482156088184,-0.5915274727020129,0.1928697377443313,0.46950606459874455,0.9691443983453165,0.34184855584959656,0.1268958747386932,0.05421067675794053,0.9224481643053828,-0.5727559826175358,0.1998996436595916,0.37684688822266094,0.9176510326246226,0.022599876554102255,0.1299814581871032,0.24364597962254653,0.9253426314815812,-0.03896413060079362,0.1527143120765686,0.36551047325497377,1.341591069722921,0.12004436024554187,0.0160088464617729,0.17916460488513375,1.3354543581423466,-0.03438877520337681,0.0137231657281517,0.32094819600288205,1.785647390591737,0.49987046925211903,0.0016088709235191,0.1690284150667847,1.7211670465441329,0.2042734700389671,0.0011123006697744,0.3347653113805436,1.8114787892347006,0.5137988687694635,0.0010739159770309,0.15776375758842742,1.7745291536338919,0.20947581246099684,0.0015883715823292,0.3022095093017166,1.9225575260056702,0.21972066585748112,0.0013509336858987,0.21862155157215515,1.8610239992112747,-0.17146122783268733,0.0014989695046097
2025-11-11T0796.447595,157,0.46476137180416544,0.2831765123626384,-0.25985590421577254,0.9942739605903624,0.44063329151583597,0.26191217621546786,-0.20365183319064986,0.9937840104103088,0.4754941404380987,0.2645157811502059,-0.21326081240855058,0.9944639205932616,0.45455425412269373,0.26054235232888606,-0.21544755055704753,0.9949304461479188,0.41858780208595486,0.26119532685948316,-0.2612213262210715,0.9914559721946716,0.4391077445065336,0.23863375663701125,-0.2865505025689411,0.9900975823402404,0.43701067772145263,0.22372400776550044,-0.2725440719143105,0.9896958470344543,0.4642389719828444,0.2941030017199701,0.03193179069193541,0.9963425397872924,0.39290509967476395,0.21726444163020958,-0.2999027155357416,0.9901601672172546,0.41520489769621916,0.2997623017145944,-0.1925255173464879,0.9952409863471984,0.41304885812418124,0.3247303274341474,-0.26495616455997534,0.98768550157547,0.4192033174964619,0.4386812491164569,0.09788734734468647,0.9972841143608092,0.20589044840290932,0.3557835263701837,-0.2937167045924619,0.9782039523124696,0.42226794645511384,0.7271386676898727,0.4695293503208988,0.6264642477035522,0.04749382568099954,0.6160456628206257,-0.4040772475321849,0.5730613470077515,0.437128949433932,0.8900949185685291,0.6003836576059026,0.1311294287443161,0.09858336348162255,0.8671794047399883,-0.5570949636154473,0.2520179152488708,0.4757309140941275,0.9435240545526857,0.5840624947181462,0.0993923023343086,0.13242235268969743,0.9492001229676986,-0.5706234506012362,0.2096431106328964,0.47591696203658496,0.9312163512935302,0.5428266365328136,0.1324454993009567,0.16592029139565526,0.9932058893445017,-0.6219492385224807,0.2400221824645996,0.47570876518940786,0.9072226906364896,0.5788117862515614,0.1244836896657943,0.16327419057665868,0.9398708142768482,-0.5310027919851363,0.2479412704706192,0.38595147193877727,0.940832434363727,0.12146922340807909,0.13726207613945,0.22481665073180557,0.9549096625184079,-0.10144279778637631,0.1666964739561081,0.34774881253037637,1.3864737427465315,0.14031907723706116,0.014810930006206,0.20092087121085786,1.387731537838336,-0.0617413330237876,0.0132093681022524,0.3504439479183468,1.7736001885916814,0.5032494824262299,0.0014823439996689,0.2051003839672551,1.8040517488583245,0.11553288965828579,0.0010578596265986,0.3722813541561492,1.8547803988080538,0.5190753683591772,0.0010003262432292,0.19400022370250233,1.843733533311542,0.1356338760153962,0.0015141720650717,0.41311633815044263,1.938541781816137,0.24278597026200782,0.0014378947671502,0.25724778536137494,1.8917354250294716,-0.21076805404402918,0.0014423161046579
2025-11-11T0768.540968,158,0.43769566715034924,0.29513550850586473,-0.15747114819003954,0.994817316532135,0.4340335000049432,0.2635800281978351,-0.12333653310974624,0.9943798184394836,0.4532570150662215,0.25622075028285535,-0.13753834116388874,0.9949833750724792,0.4239009284658501,0.22845163453248618,-0.1451560253248895,0.9954082369804382,0.42273208975414867,0.24620719251435358,-0.21916062602623976,0.9922946691513062,0.42002956266387065,0.2568822903477679,-0.23582517269145475,0.9910705089569092,0.41608006532642705,0.2555847590698589,-0.20201520115772045,0.9907114505767822,0.4387970128810777,0.27790667881730213,0.07824468577350281,0.9966763257980348,0.3736129135900314,0.2670697192319807,-0.31104498076563275,0.9911358952522278,0.42153076121887467,0.30928191387908865,-0.10626751129498106,0.9957057237625122,0.3946812621107799,0.3213542985571347,-0.2205139571167335,0.9889119863510132,0.399974790500303,0.4463413860399714,0.19995418403907456,0.9975160956382751,0.2084368294397955,0.30443307232481753,-0.406377861264565,0.9803814888000488,0.368237959266838,0.7094525996752692,0.5145993479584651,0.6169538497924805,0.06351378749536847,0.5819951098011081,-0.5052677101301335,0.613608181476593,0.42715419367275703,0.8930970634151056,0.5204341763740366,0.1429506987333297,0.1477006212536497,0.888594786872078,-0.6252623319205909,0.3161091208457947,0.4416034259196378,0.9707021372370843,0.5474256743514955,0.1107092276215553,0.16823269661034093,0.9519927820268006,-0.6393248271830049,0.2734776139259338,0.4390669735373889,0.9282174167694359,0.4444629902596583,0.1435799598693847,0.17990749562137,0.9679709048418869,-0.6903584745972412,0.3028822541236877,0.42683811351205325,0.9207109287524795,0.5090467595013961,0.1374760419130325,0.1988958743635859,0.9225778795307887,-0.6197125415438942,0.3089394867420196,0.3585274324820829,0.9327073180443124,0.1560596545536855,0.1511048376560211,0.22498846397207847,0.9449834233548481,-0.11190902357271679,0.1846354901790619,0.3813703578960315,1.3908424339086505,0.13988846852489864,0.0141403106972575,0.21054070372190745,1.3865783105249456,-0.11050236345104664,0.0137739097699522,0.3518111540445674,1.782828771031751,0.5007299062761023,0.0013869262766093,0.2175833613182954,1.7620410962261939,0.12423234980469573,0.0010377782164141,0.3379575557842517,1.8577599163470138,0.4820010963656102,0.0009412652580067,0.17890844317825866,1.8532944211334976,0.11601946468994467,0.0014956332743167,0.40671861769411033,1.9248551727863692,0.2273792883830064,0.0015853350050747,0.2639597380389766,1.8917986965328017,-0.253366372082683,0.0014663395704701
2025-11-11T0718.978812,159,0.41975648062997284,0.3310191408729856,-0.05550661454886392,0.9952948093414308,0.4261082371029685,0.299092647842031,0.0018111108961477787,0.994897723197937,0.40809035784048486,0.2847257433234973,-0.034610337792808615,0.9954360723495485,0.42851546601020823,0.26851617659900595,-0.023335240692777818,0.995816707611084,0.389491603282757,0.2914255535235425,-0.10127017750610778,0.993037223815918,0.4336045950527166,0.2743521998250585,-0.1443814234346349,0.9919360876083374,0.39751728651421997,0.26371274556172025,-0.0933848200123689,0.991615355014801,0.434119387062568,0.2545270181739997,0.15394334499204024,0.9969522356987,0.3918237139909257,0.24720529097974908,-0.25050171257051324,0.9920082688331604,0.40818911097293686,0.3611279338673498,0.013401642222532177,0.9961066842079164,0.40098571630317636,0.3230411514386234,-0.0884630725337038,0.9900074005126952,0.33624218472997897,0.4287437779196177,0.31896840202029,0.9976276755332948,0.20482405365698125,0.301834244461052,-0.36645467386637565,0.9823414087295532,0.32899903399455893,0.6828128327502244,0.41559480415242894,0.5898651480674744,0.06987540205943542,0.5363357170361088,-0.49945970254169303,0.6510117650032043,0.3323030533268389,0.9283975828790465,0.24564773415743318,0.1630120277404785,0.13102398487964104,0.8559491193999638,-0.5440256865318343,0.382193773984909,0.337101010041686,0.9449741570893853,0.22001776886771185,0.1342876702547073,0.1207405756821512,0.9620774691790192,-0.6061762552410197,0.3427358269691467,0.31529476950366736,0.9596562634791929,0.17032471490250572,0.1671513319015503,0.18710535222083052,0.9592647229214613,-0.6146368920169849,0.369650661945343,0.3315752908634349,0.9390062783199082,0.20495248441023237,0.1616268754005432,0.1965781664103205,0.9504361299257785,-0.5674074007436563,0.3741853535175323,0.29036895217262587,0.9555922047023548,0.14947336719791615,0.1918370276689529,0.18098790215982058,0.9068488802788177,-0.16730053773046877,0.2371584922075271,0.28091072833388386,1.3702699363424646,0.14901082690441564,0.0167534127831459,0.157039477113953,1.3338055863514273,-0.16922921555774653,0.0240808296948671,0.2749463164242166,1.7587869192523085,0.4486721253086449,0.0015301192179322,0.172228231436216,1.7336947233820768,-0.036087382567869884,0.0013679236872121,0.24669556631099898,1.8300864824245286,0.43677910994774005,0.0012026600306853,0.09490776881705451,1.8004743577285405,-0.03187397076297755,0.0021077564451843,0.33062369484710324,1.8660546501280382,0.1972995124135468,0.0024789464659988,0.22107681521798145,1.8676418923623992,-0.38449077703589774,0.0020168535411357
2025-11-11T0732.202383,160,0.4106941014885383,0.36282752077246855,-0.049429773735598884,0.9956771731376648,0.4216948566670181,0.2738450684080997,-0.009421414495668733,0.9952800273895264,0.44650003725279924,0.3068200925369937,-0.016909626682524773,0.9957715272903442,0.4143899796204538,0.2997371181985055,0.02006723475119417,0.9960933923721312,0.4151708059403488,0.28539536317913466,-0.12961151460857767,0.9936522245407104,0.4207862729891909,0.2793205606273816,-0.0777632563614759,0.9926734566688538,0.39146483668363974,0.2758960051819446,-0.08381226686998286,0.9923855066299438,0.4275106699685498,0.2840560032029081,0.1830464900587604,0.9971266984939576,0.38066526486911506,0.23882267437547358,-0.23638482471372627,0.9927688241004944,0.386224909417682,0.3363832112905584,0.03178006888389465,0.9963962435722352,0.3973803845757539,0.35574812289221214,-0.08128059547921442,0.9909575581550598,0.34749581726222545,0.40446581264172854,0.3368881476996464,0.9970849752426147,0.1734703544361123,0.29678579582347264,-0.37311355463786294,0.9840986728668212,0.3020524755786332,0.6600232175300321,0.4335631985689348,0.5413969159126282,0.039131033988465014,0.5331299755293277,-0.5120097823513597,0.6832005381584167,0.2949394859605099,0.9310925840126941,0.2393719449860604,0.159967616200447,0.14832166582245548,0.882537764635487,-0.560285594903187,0.4374824464321136,0.28953930132096023,0.9772396174894538,0.19954517139684297,0.1361542046070099,0.131048620232221,0.9470033468145318,-0.5961749964443026,0.40023934841156,0.2819524802712976,0.8939443254843081,0.13418624190131956,0.1683233827352523,0.17697226943499386,0.9523104386914691,-0.613843479637429,0.425830066204071,0.24269485267293364,0.8876952594140105,0.18557678278602802,0.162861168384552,0.18180829152309422,0.9314399010318317,-0.533631051889807,0.4271807670593261,0.22487594872640929,0.9150046467909712,0.15591789471578288,0.1940115988254547,0.15452408104164747,0.8973014070911602,-0.16887950782081265,0.2559602856636047,0.23626612840787925,1.315714893685796,0.1694823852795605,0.0232390575110912,0.08684063335023784,1.2429271645021187,-0.16396657493546465,0.0417390689253807,0.24611540359474213,1.6858193822949759,0.4379188356256773,0.0022718706168234,0.10140680385992572,1.6938041864966369,-0.010284788166209802,0.0030936482362449,0.2277545671151064,1.720147271602453,0.4332215908632077,0.002406244399026,0.10742208735186388,1.7564012423805593,-0.04462372552710776,0.0054129669442772,0.29619464634753395,1.849552100693902,0.20419911964225668,0.0048759547062218,0.1944646609953694,1.8352267035913852,-0.2841299490620135,0.0052670394070446
2025-11-11T0717.218825,161,0.4096903103880754,0.34386436138808957,-0.01752365799562528,0.995599329471588,0.41227846802528145,0.2886824512275099,-0.0031932309926586584,0.9952393174171448,0.42011536187460585,0.29159092514167356,-0.013522748691453227,0.9956883788108826,0.4544837272398139,0.3223098971374056,0.01111101437182137,0.996032416820526,0.39292163364568494,0.3047218296561944,-0.08542470761806695,0.9939477443695068,0.409709464103155,0.3048224438313034,-0.07948137793836427,0.993063986301422,0.3852334982416637,0.3051200193888352,-0.08018652222613104,0.9928481578826904,0.4278573931942207,0.29537356835407674,0.12992634736726755,0.9970924258232116,0.381890733203953,0.24873017013254778,-0.2571062216064101,0.993356704711914,0.3914117916036435,0.35648959504177813,0.039821989637007345,0.9961845278739928,0.4030582872438917,0.33968326664896503,-0.05695736844797764,0.9915416836738586,0.2816434482530235,0.4124089063518891,0.3808088904679169,0.9953902959823608,0.20027702470435724,0.3071103389445359,-0.410251916446822,0.9855848550796508,0.2708118256716201,0.5936649427814847,0.6143018454605597,0.4900962710380554,0.08950159585373749,0.5763962410834956,-0.476657700461969,0.690118670463562,0.26776183109281415,0.6738762767747154,0.7418631967560835,0.1478487402200698,0.1693000751210477,0.8608922431541058,-0.41441024822674916,0.428718239068985,0.31695434942215617,0.6835424501238282,0.7488004250748712,0.127206265926361,0.15520596355634017,0.927871226286618,-0.4066902264154498,0.3938673436641693,0.32453927521394743,0.6508941323483292,0.7668039812351576,0.1566962301731109,0.20950990688094642,0.930041565418524,-0.410962912405581,0.4206503629684448,0.3070066765707579,0.6360100302876172,0.6913387998981912,0.1518903225660324,0.23074427643593295,0.9123349005691076,-0.3983885471480485,0.4173533618450165,0.2376433299114136,0.9594297789162868,0.18945319215262324,0.1882151514291763,0.1371618274451421,0.9185800454522156,-0.21780854524847232,0.2492352575063705,0.2660299533149005,1.285565890521361,0.1819109456921117,0.021859111264348,0.10817141950847656,1.2660848204766608,-0.15876046845391037,0.0393472611904144,0.26291605743863145,1.689368062546167,0.49875760530968616,0.0021024306770414,0.13507540707119234,1.765346578793146,-0.015236281849032786,0.0029725627973675,0.23521438346294243,1.7334247561180731,0.5047409659326345,0.0022876996081322,0.08793185463166917,1.8645755132801443,-0.01702516659542855,0.0052513424307107,0.2745010266521365,1.8302200869148815,0.3203324326924954,0.0047841188497841,0.2163402940402957,1.9084408679549942,-0.2793335513328581,0.0053919148631393
2025-11-11T0736.565385,162,0.4315771369508725,0.3880016843233809,-0.08383604124130488,0.995954692363739,0.4209928931814711,0.3112472956822289,-0.06705790975268698,0.9956101179122924,0.4486866334349604,0.30609350981467365,-0.07702086306293608,0.996013879776001,0.44903389959058637,0.3169321713875211,-0.08183217961201317,0.9963313937187196,0.4225745683603968,0.3149593888171628,-0.14905000688954084,0.9944742918014526,0.4340667037642185,0.29552509701853197,-0.15675277354831504,0.9936774373054504,0.42334735552293223,0.29761776114999716,-0.15681355105286995,0.9934930801391602,0.41302463265410566,0.3093289360880069,0.08289379060959294,0.9972901940345764,0.3730845459041285,0.24169554133358104,-0.32058809352652556,0.9939813613891602,0.41891708325818877,0.38594234437338626,-0.005919283217685856,0.9964169859886168,0.41416598653766357,0.3895051765946576,-0.09533484981256596,0.9923070073127748,0.31159548772433854,0.4417713266141824,0.30792389852352964,0.9943853616714478,0.19713995663123507,0.3482492251966806,-0.47910640963269874,0.9869564175605774,0.23295274803952948,0.6490672908981793,0.41324008233687315,0.4425762295722961,0.07655821620428313,0.6509561319934192,-0.5499579563619921,0.6824504137039185,0.2559978301723654,0.8128984123509324,0.4517312289621153,0.1366981714963913,0.1709805977598913,0.9775811956849891,-0.47434552360444415,0.4242154955863952,0.2500249256843706,0.8886139616267125,0.4464763018228613,0.1204215735197067,0.18320229144909214,1.0818960183837105,-0.4982117264850262,0.398005723953247,0.28487660023191563,0.8232728039914406,0.3969591069098418,0.1482046991586685,0.21028141221020585,1.0501835241780366,-0.4853744651012558,0.4286412000656128,0.23861548397574764,0.8430536490244153,0.46207553438740373,0.1437281519174575,0.2162373354081985,0.9937226739729995,-0.4532220599198107,0.4184651672840118,0.24113158590766384,0.9942275889493042,0.2199974753924199,0.1758809387683868,0.14830460999347872,0.9546544857197143,-0.20006623021329864,0.2342568039894104,0.20233162706963498,1.4051326989086326,0.29221224608972707,0.020336277782917,0.1158214111841453,1.4001770926368606,-0.1287856583719405,0.0370952002704143,0.22494020782081087,1.8000169921192468,0.560170350355208,0.0019518320914357,0.11666879785484961,1.8557475999010442,0.023322447168394912,0.0028064451180398,0.19808226730034376,1.8970095081636644,0.579630199804842,0.0021541262976825,0.09085586546696486,1.9219380455780741,0.044705656766833815,0.0049056587740778,0.277536575096694,1.9089402834886622,0.4163080548877702,0.0048167523927986,0.20122541322186316,1.9537490369931951,-0.22799678471413506,0.0054990323260426
2025-11-11T0767.246986,163,0.44701027165716506,0.38935928989970864,-0.11947337153055272,0.996305525302887,0.4485618633277984,0.34993225729910776,-0.09459212662376601,0.995996117591858,0.48104999214336147,0.3434217663935076,-0.12206484476838952,0.9963625073432922,0.46079693692316964,0.3226051505768102,-0.11845863980846817,0.9966487288475036,0.42941430287415966,0.34710035820255136,-0.17198599067277623,0.9949823021888732,0.4283556051064594,0.32581643150033,-0.20237649084681938,0.9942644834518432,0.43583654268626776,0.31364918672509573,-0.18297759360502752,0.9940961599349976,0.41425853264249374,0.2924473530957752,0.07013147727098445,0.9975148439407348,0.4075932838374656,0.2519833691513852,-0.3525466084213233,0.994559109210968,0.42890958224272197,0.4383697842240657,-0.0907005921984128,0.996700882911682,0.41826395589321486,0.40215781043843424,-0.1617313100980743,0.9930376410484314,0.32981922408764497,0.46171115798319956,0.2810926525482049,0.9944345355033876,0.23045554048225464,0.33351521398902456,-0.5313896415018868,0.9882112145423888,0.27548618429983324,0.7041197557581629,0.37960840492608044,0.4011262655258178,0.09816807564806702,0.7041860588788169,-0.5977671951369611,0.6796335577964783,0.23978813150378042,0.8647682797626808,0.3491921587989206,0.1293272525072097,0.21797215592352054,0.9958042180130184,-0.5728063650452184,0.4195035696029663,0.29693927100541745,0.9388838566662061,0.3135057860078694,0.1183065026998519,0.21284007949669,1.1092744318752277,-0.5976223102163482,0.4038679599761963,0.2932955351277854,0.9318742910762468,0.2161141360717386,0.1453259289264679,0.2089541449821647,1.098636342627229,-0.6124922093340588,0.4378107786178589,0.2751643517384316,0.9251108366355725,0.28122936870337956,0.1413340419530868,0.2358683462747962,1.052084927100327,-0.5332470469295555,0.4220064282417297,0.2649231179619265,1.0341116727596542,0.245221035587838,0.1613571941852569,0.14936489794983734,1.0072728014723544,-0.20937058643853737,0.2146125584840774,0.2557678068030235,1.451316011625308,0.2240314010215799,0.0185430776327848,0.1535369754207845,1.4954562426940585,-0.18538551726862865,0.0340407900512218,0.2362955810789269,1.887396180402184,0.555917652206831,0.0017797988839447,0.10774997124337753,1.916449302574654,-0.04834670027080876,0.0025755728129297,0.22661456816568076,1.935165321679396,0.5816592887435692,0.0019851007964462,0.08320824616626445,2.0082181441006437,-0.07348039747570562,0.0045054964721202,0.2996789091559257,2.00863831995322,0.37681221508367235,0.0047157793305814,0.18394957513018606,2.039864222464834,-0.3682496980414262,0.0053342776373028
2025-11-11T0736.502639,164,0.4603757134086911,0.42434594121210084,-0.035599001751168466,0.9965074062347412,0.5230806908369978,0.3730064803681726,0.018434051246186942,0.9962764978408812,0.5099118407194043,0.40932138428473946,0.009412386055842582,0.9966101050376892,0.4815963339022264,0.3853947090047263,-0.00991364272117467,0.996881067752838,0.4912091112885745,0.3687168413064926,-0.09854176806034276,0.9953829050064088,0.48189822362960877,0.3844240900866001,-0.09901268758559159,0.9947203993797302,0.4600749235867011,0.3607350905551766,-0.08293823173188362,0.9945770502090454,0.47250843919135627,0.3739654846464015,0.14586963686739093,0.9976900219917296,0.45620329989836733,0.39463630996991794,-0.2464091651505613,0.99505215883255,0.4915015054141241,0.4725095792125197,0.0621377245968532,0.9968578815460204,0.48027341894152603,0.4697894343293002,-0.06950598704531386,0.993627429008484,0.35285662176393334,0.4827285869185383,0.34273527324102687,0.9944343566894532,0.29367851664614253,0.4167914799238598,-0.5038068608155613,0.9892776012420654,0.28548075385080934,0.7236880927470133,0.506940148173356,0.3637844026088714,0.10079938009312504,0.7184956756210521,-0.48193964509694626,0.6688981056213379,0.2960362156067166,0.8921604879307997,0.45719924263831574,0.1211144849658012,0.17998493108888033,0.9942153396072493,-0.5310729946255782,0.4047659039497375,0.2928031122327772,0.9336147119771357,0.4062234224253808,0.1140376403927803,0.19130722999662478,1.0727697135983323,-0.6058130327407643,0.3981351256370544,0.3040038441814119,0.9484375887309768,0.38679289004758594,0.1398036926984787,0.19954474173052206,1.054119963385281,-0.5429800870574377,0.4341418445110321,0.2929224412069688,0.9257455772074317,0.40517534922477927,0.1361279785633087,0.21354607933612593,1.0282260796471716,-0.5060106722119424,0.4151633679866791,0.3064693332906373,1.0863162689344736,0.21861268673249035,0.1482655107975006,0.21100141672539877,1.047609951472873,-0.21776931569205535,0.1966769993305206,0.291995951535316,1.541836224412203,0.2267724712527915,0.0168449729681015,0.1996742111643984,1.49363662104697,-0.238162708764249,0.0310834385454654,0.27274083981238245,1.9110765393215972,0.5120377250049692,0.0016114932950586,0.20304914074517139,1.9216190536556585,-0.09850823839131456,0.0023460420779883,0.2594798933611466,1.987701603988061,0.531025074069983,0.0018114577978849,0.13258619712883615,1.982220111051028,-0.07827569992012579,0.0041104392148554,0.36192636883629276,2.0285699412974023,0.32919280511392274,0.0044029080308973,0.29730489159055934,2.0470594376493687,-0.3708629756863745,0.0049894927069544
2025-11-11T0762.221286,165,0.6013651985006206,0.5511536999914766,-0.08983070840411847,0.996679186820984,0.5934738303553749,0.5072996130067413,-0.06179072094912417,0.996471643447876,0.6100707020952267,0.5144097448958552,-0.06445071031366956,0.9967916011810304,0.5876698301819848,0.47102804684027577,-0.0690037504793209,0.9970178008079528,0.5902233540937996,0.4678049291031053,-0.17627285187747233,0.995676338672638,0.6002820647978936,0.49169016454467906,-0.156209523363684,0.9950842261314392,0.5916884951390127,0.46720947265225243,-0.15987771143684476,0.9949408769607544,0.5610892702705828,0.5066125485596916,0.08056252347513998,0.9978120923042296,0.5502265379782854,0.4921734793058711,-0.34134430450156,0.9954822659492492,0.5778756558096124,0.5932776043096356,-0.03735344551397811,0.996859610080719,0.5817257081626551,0.5956368814408379,-0.14768103801110313,0.9940844178199768,0.474449275477549,0.5665991258767565,0.325148322578362,0.9937744736671448,0.33239531240171866,0.5646509308239163,-0.4890205225950734,0.9898753762245178,0.4451230914138483,0.8792462409995234,0.4193841285695946,0.3282850384712219,0.2624115358196131,0.8820430431291599,-0.5174137085072427,0.6113326549530029,0.5195851398676302,0.9670286275579902,0.39339127278168956,0.1132166683673858,0.25395114019958703,1.1626867579705626,-0.3892605913081912,0.372053861618042,0.5430635916670126,1.0284819294861507,0.3986169624295677,0.1097240522503852,0.25053942007011654,1.2302110551431835,-0.38824908823465243,0.3729017376899719,0.5722115462453141,1.0113964234035817,0.36003994515615756,0.1345748454332351,0.26398579995479304,1.2038231383997589,-0.3869102861283326,0.4094669818878174,0.5553291012960844,0.9970583079137065,0.37179612962916747,0.130936712026596,0.2912272201570667,1.179312615451409,-0.3634837391687109,0.3899806141853332,0.403346489292465,1.1948142794254661,0.23322628119496827,0.1344561129808426,0.24856480742113865,1.1762755185613387,-0.2133644155397912,0.1779495626688003,0.40509181677162254,1.6398951974345188,0.2335926071362279,0.0152566842734813,0.2747939210745636,1.6013101504951743,-0.23293428760899218,0.0281326435506343,0.39109312323258594,2.057894867517355,0.5589168598416786,0.0014542165445163,0.23574403881452022,2.071957201724593,-0.009511842724714498,0.0021165194921195,0.33596796673855955,2.1167108766115894,0.5108125799581767,0.0016391759272664,0.18573167520925252,2.137279740795603,0.014474645198828323,0.0037065821234136,0.4354808620483654,2.1875782623495885,0.3354704220186998,0.0040544527582824,0.32831005859475165,2.1973634429149715,-0.29386478065244676,0.0045412345789372
2025-11-11T0779.284416,166,0.6391057090247433,0.7072814115769575,-0.2322063624162424,0.996977686882019,0.6637791529890503,0.6111840641160562,-0.15804754221333803,0.9967867732048036,0.6609581596790112,0.6372725551055689,-0.1878467533050121,0.9970664978027344,0.6749344795866438,0.6319738477859118,-0.17685341422235254,0.9972701072692872,0.6371101038909301,0.6511425189565689,-0.2857583211279792,0.9960814714431764,0.6052061466686209,0.6348115783904512,-0.26743887872806427,0.99554842710495,0.6063581233514574,0.6296438965299609,-0.28965292487850347,0.995421588420868,0.6154904139767441,0.6442291435598282,-0.03994337141711332,0.9979891180992126,0.5805465895222343,0.6286927375114618,-0.410851598328826,0.995922029018402,0.6453864732434454,0.7409278529461214,-0.17694283282509704,0.9971331357955932,0.6475785752959218,0.7180772118754595,-0.24878080433043537,0.9946616888046264,0.5400163845990099,0.8249106604198473,0.17802663771358182,0.9936614632606506,0.3499280482756417,0.7604485764660738,-0.48607082359096887,0.9908259510993958,0.5621865947662126,1.1276008198626493,0.4440407925348365,0.2997378408908844,0.1704395747955173,1.025909464221977,-0.5122885432822619,0.6127492189407349,0.5896299311456188,1.3808347441381232,0.625308206341388,0.1117555126547813,0.1493187353091472,1.3182250301800287,-0.585969806619543,0.399294763803482,0.6023241137312911,1.44460319360953,0.6467938471999044,0.111958310008049,0.10331897081780564,1.4057309303139183,-0.6248711177192056,0.4087348282337188,0.6074138861657659,1.4635038531618279,0.590309095026526,0.1372402012348175,0.17148951920395233,1.430622831602981,-0.6469278407242154,0.4481429755687713,0.5759894172913262,1.4033837056133331,0.6087572105984219,0.1342281401157379,0.199860384277186,1.429270593411431,-0.5779890016637036,0.427834004163742,0.46906686591851365,1.3903131059934848,0.2001359067135895,0.1219101473689079,0.2980484795219168,1.391781355029589,-0.17954407931248162,0.1610653698444366,0.43657403569506864,1.8849632073620508,0.22628760016039318,0.0137618780136108,0.2821492524084475,1.8438179614970798,-0.1520599803694685,0.0254326369613409,0.4045842964192317,2.2549990572327228,0.66559013083065,0.0013098532799631,0.28030348032168106,2.2741411390711783,0.1945500521891359,0.0019068436231464,0.371614156858562,2.3545598527812293,0.6782632427456636,0.0014763803919777,0.20586196681104812,2.312176905011498,0.21248919647457645,0.0033382750116288,0.5097976013701235,2.4219269984379914,0.4703339044675309,0.0036844401620328,0.333456074379972,2.335965926348087,-0.14559187271598706,0.0041075353510677
2025-11-11T0780.652886,167,0.6886519774903663,0.9316599961721272,-0.42545508685939076,0.9938896894454956,0.7153846511509515,0.8499635933939003,-0.41006047314619104,0.9916096329689026,0.7287049888497474,0.8639347536543862,-0.3563043144954987,0.9911295175552368,0.7342883011706729,0.8545860786884572,-0.40490207234935455,0.9918511509895324,0.6942318876636246,0.866653162095318,-0.4637407651474252,0.9919437170028688,0.6565414430423984,0.8627370982816938,-0.4717820362549301,0.9905837774276732,0.6763127409900247,0.8379903618398492,-0.4533029517840215,0.990997076034546,0.6582896675710823,0.8348605414591742,-0.27192588481116015,0.9932925701141356,0.6367117847217733,0.835046372305339,-0.5822388512794373,0.9931107759475708,0.6944733082768239,0.910730494435674,-0.3478734154534241,0.9935652017593384,0.6328014079782442,0.8958349615385458,-0.4038806158566436,0.9929153919219972,0.6638568186992406,0.9330787733940041,-0.12974340394302866,0.9921342730522156,0.41101948244439485,0.9370899660644495,-0.4862627483693982,0.9884425401687622,0.7147039314388102,1.2064745525497231,0.08504879603902883,0.275288850069046,0.274025691144946,1.151613842258434,-0.43397822886740905,0.5620817542076111,0.7067452665222613,1.2817407246583155,0.15389203365795556,0.1096896454691886,0.2653554798766678,1.3299286473774292,-0.3979623839593534,0.367122083902359,0.7668034942939793,1.2821223209432915,0.12870874552300682,0.1124370619654655,0.24966765778844566,1.3794832759927829,-0.4179727437980258,0.3780238926410675,0.7604393792680042,1.2773102662542675,0.11659678053985845,0.1386155933141708,0.2396728947432732,1.3608335859269878,-0.46333705122295193,0.4172135293483734,0.7362774803388885,1.2833824605099635,0.1416008977420853,0.134959191083908,0.2531876682071744,1.3521707919740684,-0.42586959488330234,0.3991558253765106,0.552186773501638,1.52282275875646,0.02697171714600185,0.1098793521523475,0.33975766261035645,1.5200724011898716,-0.011865926213103391,0.1450744420289993,0.5202172482306102,2.032101918764276,0.0838731191665509,0.0125059224665164,0.3509944247897435,1.9880906571979657,-0.05054895854520586,0.0229368489235639,0.4974982808401587,2.440126395386786,0.5788560858741347,0.0011805165559053,0.344911321297531,2.41643044848341,0.29659833517717127,0.001717553823255,0.47658397661798996,2.4991987362839865,0.6331326061603181,0.0013296462129801,0.2970230624086979,2.464049079017296,0.3129796156138179,0.0030060543213039,0.4882512299998883,2.589203440551801,0.24084573895320888,0.0033269661944359,0.3273596954113875,2.5398325573825717,-0.11430279437424201,0.0037039122544229
2025-11-11T0786.989471,168,0.747102210472333,0.8968054147815383,-0.3714996398803634,0.9894657731056212,0.708985161318957,0.8894970207299226,-0.324518671799612,0.986097514629364,0.7787146419643131,0.9109186110166322,-0.28731247824757145,0.985180914402008,0.7637553070648367,0.8927642350912954,-0.30347541939536826,0.9860960841178894,0.7198118253682647,0.8681661127212777,-0.3027687196666179,0.9871695637702942,0.7205685933366411,0.9042957198498678,-0.29917532114010764,0.985556423664093,0.7136693199035141,0.9108392567387661,-0.32711860381352276,0.9865871071815492,0.7279499188602725,0.8961558695630737,-0.18965296856776334,0.9893017411231996,0.7177653044918078,0.8730288567812693,-0.18941680411497527,0.9902962446212769,0.7454993507807387,0.9044648704207028,-0.27142432417967455,0.9916344285011292,0.6991749171544444,0.8855687867342317,-0.23192098344152298,0.991213083267212,0.8135989424608581,0.9488786860927518,-0.11388284549816662,0.9924902319908142,0.5529107914226998,0.9791219716542577,-0.08927459752092709,0.9893887042999268,0.8554563988493343,1.329837932718156,-0.0661028834516709,0.2720514237880707,0.4129523440537882,1.1725591569194183,-0.0891320269231669,0.5441862940788269,0.8593591040895245,1.431063541339225,-0.12781789809052974,0.1047542914748191,0.32455124811114583,1.3815483525809373,-0.30615174172315784,0.3439335525035858,0.8643934995866546,1.5018334532342343,-0.14317189209969156,0.1071463227272033,0.2896922679394684,1.43612732989619,-0.31966079382775564,0.3536044061183929,0.8662315962973669,1.4509013826474124,-0.1865943133973668,0.1325230151414871,0.35922137217674555,1.4140929134891274,-0.3742075889128356,0.3929583132266998,0.8106180242025328,1.4276187963686338,-0.108762156862339,0.1292661428451538,0.3090998505396147,1.4481282177932617,-0.33771778754328413,0.3787145018577575,0.6937303245206468,1.6177901391993585,-0.08773560691773306,0.0992439165711402,0.5238712289739527,1.5744811017018194,0.08995705225541965,0.1310169398784637,0.6550973638805759,2.098624437623703,-0.15695966970525008,0.0113118384033441,0.5060544912459688,2.029667004920763,0.03717973088597676,0.0206814743578434,0.614885761333483,2.53242572534891,0.1857788675425886,0.0010637028608471,0.4651883841649067,2.484672432338584,0.2520932657112812,0.0015473183011636,0.6258116289011608,2.5972329174463145,0.21206272747204122,0.0011973689543083,0.44535332090982904,2.5107227938546517,0.26700060497867745,0.0027082178276032,0.6031836604488826,2.614165993584606,-0.16805308011348982,0.0029979716055095,0.45434121538701,2.5831627866084843,-0.10521225811066254,0.0033363904803991
2025-11-11T0776.938041,191,0.8573360567803852,0.9017850630316652,-0.6960773071576992,0.9882510304450988,0.8483961130273894,0.8515828623933926,-0.7001849429241332,0.9852171540260316,0.8553511169383258,0.861455470927323,-0.6793528295049021,0.9838738441467284,0.8375906786163668,0.871842767018517,-0.6717805627229948,0.9854098558425904,0.8219300582819482,0.8665849317106205,-0.7538602271062854,0.9870627522468568,0.832095668643955,0.8565095444528529,-0.7438190016232762,0.9854781031608582,0.8078050355182305,0.879217486903658,-0.7367157475139526,0.986587643623352,0.8072509400985504,0.8535650380809656,-0.5575810036309468,0.9884594082832336,0.7729992081857862,0.8151739137882639,-0.7970638316397798,0.9903638958930968,0.8118697013199954,0.9163080879545744,-0.6259000733418334,0.9905616641044616,0.7991563682834391,0.9083261316682804,-0.6834661223554159,0.9912668466567992,0.8078856183901888,0.932765252802353,-0.3592491781828355,0.9922274947166444,0.6463402019175211,0.8863201674178794,-0.7253862005951328,0.9900625348091124,0.7892878240146778,1.1367898701183328,-0.11805397432660517,0.2607034742832184,0.5279492628869789,1.0509941209767006,-0.689642112394964,0.5410767197608948,0.7904440750729264,1.3013336794613664,-0.01083255763428059,0.0996844843029975,0.5093987052281498,1.2789831969962784,-0.659450968455798,0.321461409330368,0.8249346638687948,1.313710032028296,-0.009863686800631016,0.1010524481534957,0.5192252524673974,1.3196883010693363,-0.7243652027183941,0.3297026753425598,0.8046752628994917,1.3395323271177397,-0.03910525935176722,0.1251100152730941,0.5244346957788898,1.3144125246279459,-0.7594422071739565,0.3682600855827331,0.8214419853270204,1.2934967672161168,-0.023914186301281563,0.1230726540088653,0.528288477558671,1.2989197623321995,-0.6488986090946771,0.3535482585430145,0.662653149024753,1.2284373034261897,0.08120588761409352,0.0911422818899154,0.5715237624637789,1.2191868726506867,-0.07730236907475112,0.1200848221778869,0.6451724230009678,1.5150400650182947,0.29949123122462595,0.0103948134928941,0.5597893284091958,1.5003478268197845,0.12102364127302379,0.0189586542546749,0.5990308938519416,1.7264766343801454,0.7469306756354904,0.0009776682127267,0.48863839655470803,1.7209094961696665,0.532736676704082,0.0014363788068294,0.5568962442909142,1.8018518559235215,0.7857444651049498,0.0010872032726183,0.48084139926570224,1.7851692373438814,0.5268976178016851,0.0024958653375506,0.5972157465564838,1.8306260646881458,0.6209599102855615,0.0028816722333431,0.5232121313338839,1.8342792491584006,0.3272536339923946,0.0031323723960667
2025-11-11T0785.214589,192,0.827518835375809,0.8817519226768483,-0.5301658378534306,0.985144019126892,0.8625842487648635,0.8126814207206748,-0.5167290350833995,0.9832590818405152,0.8366263701982191,0.8483781238222363,-0.5167172334320075,0.9819445610046388,0.816358778211619,0.8561573062943029,-0.49711143268478575,0.983999490737915,0.8389066523326821,0.8275804379825501,-0.5614673566597638,0.9855517745018004,0.8375536264588453,0.8292412333716975,-0.5778238522326687,0.9838942289352416,0.8226680250122793,0.8322447259179996,-0.5692247032830317,0.9848957061767578,0.7976803064689905,0.8150575017443562,-0.3840359609649823,0.9871703386306764,0.798340025886101,0.7918730108880874,-0.6812736606766203,0.9896357655525208,0.8010257291043095,0.89849224861833,-0.44900306825138836,0.9877125024795532,0.8334055890651646,0.8874909599994417,-0.559301774499859,0.9903026223182678,0.7562969756251511,0.8697688656654489,-0.2351289632109801,0.9896173477172852,0.6333962903034895,0.9221271087300718,-0.6470932963851956,0.9892476201057434,0.7389832143633851,1.0902590341908998,-0.07373933245329256,0.2386455237865448,0.5517021425526654,1.0917194759496178,-0.604813964853615,0.5099030137062073,0.7678453079211802,1.2133372147024688,-0.053747103749420204,0.093984343111515,0.5472602449921234,1.2110567368569967,-0.5331875561458004,0.296671450138092,0.7517279947798726,1.2375999843137937,-0.03955163862387857,0.0960351303219795,0.5393870506009465,1.3082327212804483,-0.5624825849416875,0.3059752881526947,0.7500932289533607,1.264329664168851,-0.08093568494624218,0.1190408021211624,0.5851286260599866,1.2494392673797452,-0.5321612161490681,0.3434513211250305,0.7913481427631791,1.2370731162411777,-0.06644958011688297,0.1173697710037231,0.5529884412780122,1.249065346281782,-0.5174479981678878,0.3283625841140747,0.6633674082977361,1.2342363030056633,0.11954435761878768,0.0828984677791595,0.606737629802623,1.2033200823790167,-0.11709392600181068,0.1091881543397903,0.654867317417673,1.5085232736157148,0.30699221837183044,0.0096027450636029,0.5589932523569211,1.507751047768672,0.03290457303816667,0.0174096617847681,0.6309021646738225,1.7550357357494042,0.6371031684918396,0.0009151345002464,0.4756013581301034,1.7192310458002706,0.2995524048688026,0.0013848507078364,0.5946303198083893,1.7688622477192393,0.6546909451083117,0.0010091828880831,0.4930898027482328,1.8020507794025464,0.3383744334850067,0.0023675409611314,0.6236327459055796,1.810751818766462,0.5100093749208668,0.0028974362649023,0.5716601263279101,1.8098445152425666,0.14759445941298854,0.0030740988440811
2025-11-11T0779.187319,193,0.8146355135049769,0.7929780764435264,-0.33125424723263064,0.9860349893569946,0.8407521830409046,0.7678090427562201,-0.30073476753357137,0.984192192554474,0.8060287910033215,0.7692532129018822,-0.2631185949724186,0.9828714728355408,0.834163153566276,0.7530998573362573,-0.2799844647057443,0.9849093556404114,0.827332072533067,0.7474896745616219,-0.3589835304359222,0.9864377975463868,0.8156129656349123,0.7660058051646289,-0.365793940120552,0.984882950782776,0.8068291898762181,0.7497576474278503,-0.3274670283108177,0.9858449697494508,0.7888667432159093,0.7422095394799294,-0.1314521645069488,0.987735629081726,0.7645812554285205,0.7566546214538773,-0.4295033647218393,0.9903048872947692,0.8237958331543377,0.808975080921059,-0.2522046521227569,0.9883884787559508,0.8120893110583416,0.8258572625451108,-0.3682474835373148,0.991032063961029,0.7541203030591674,0.8828446149584176,0.022357175570920686,0.9898535013198853,0.6008107960242418,0.8296172208934609,-0.5299232253604992,0.9900848865509032,0.7278966857043666,1.0768565047297387,0.15949340811197818,0.2181064039468765,0.5230916841151272,1.0577336560424497,-0.5476527847547166,0.4970147311687469,0.7154583098977424,1.2175656495698448,0.17341648041023072,0.0881041288375854,0.5555252649993018,1.2396649313188857,-0.517718799566458,0.2874992787837982,0.7399022953153792,1.25723165841719,0.20951779173029536,0.0912683382630348,0.5474031571387769,1.2822624006280734,-0.5295433017917209,0.3010443747043609,0.727585929682856,1.2479279458164274,0.15228283479941354,0.1139557883143425,0.5603431264565156,1.27440656962332,-0.5431905878092487,0.3427021503448486,0.7414003604939393,1.2716489188741436,0.1894469363375523,0.1128548979759216,0.55471042564286,1.256226555883096,-0.51030660342052,0.3241175413131714,0.673297232292148,1.220889894265091,0.09623217827426388,0.0748280063271522,0.5443860169525452,1.238558927703779,-0.13655284952105712,0.0985062941908836,0.6477978359100995,1.5236543585251836,0.26086738453614383,0.0086954645812511,0.5349533020938473,1.5087610143232653,-0.011672064001328376,0.0157379917800426,0.604294554262911,1.7550113318060574,0.6025020928995772,0.0008314934675581,0.4957699952431713,1.7809967296166815,0.28837713486568123,0.0012557361042127,0.5730724551491165,1.8014470423238766,0.6475538417296622,0.0009133226121775,0.49814622600656666,1.7833825002249755,0.31098596885923363,0.0021479071583598,0.6235082994213049,1.858730304430152,0.43782549356903516,0.0026981532573699,0.5445375383163775,1.8062317161488533,0.06273987805867387,0.0028198389336466
2025-11-11T0737.503696,195,0.7114023455529965,0.6284724118763247,-0.5006448174604874,0.9871565103530884,0.735370195380407,0.6259757560324356,-0.496252267107082,0.9853373765945436,0.7167980168592932,0.6197013236079827,-0.47754762699857267,0.9841055870056152,0.7306845728969742,0.6305762390260067,-0.4932027232965914,0.9859112501144408,0.6874491474403321,0.6369491806324088,-0.5571655853343571,0.987477719783783,0.6960608702892458,0.6324861154406197,-0.5688517023850277,0.986081063747406,0.6901899271914657,0.6290764322278058,-0.5621462943794002,0.9869219064712524,0.6969862189907952,0.643869642106629,-0.2839014362479141,0.9884703755378724,0.6581267837868198,0.6136139795407822,-0.5895074409815267,0.9911171197891236,0.7328666788227371,0.7202753469849936,-0.4083641148051135,0.989299178123474,0.7210536181234298,0.7116602654203761,-0.5450016052943262,0.991828203201294,0.69577952213477,0.8037155812583784,-0.08303995269088432,0.9903854727745056,0.5610161870415118,0.7819480009036074,-0.6119631033454997,0.9908492565155028,0.7539121041082716,1.0283582001575178,0.08338322797392277,0.2073066085577011,0.48800179898070956,1.0643858665274837,-0.6601797135787595,0.496208131313324,0.7853427412739455,1.1898832046861803,0.048514189904381444,0.0852999687194824,0.591245887350867,1.2064335653025688,-0.660768924861823,0.2745134532451629,0.7753176813346567,1.2295882726569336,0.07742956533596988,0.088562935590744,0.5933181313418648,1.2944210475733575,-0.7410890793350308,0.2887053787708282,0.7844274885140716,1.2286156581564993,0.015021929037965474,0.111571654677391,0.6130768281979442,1.2927097036282125,-0.7639853682693011,0.331747829914093,0.7753118052423943,1.2153445071264346,0.05842297396580315,0.1109620481729507,0.6143107031035546,1.2477765938581773,-0.7053855933244886,0.3107695877552032,0.6553914936398739,1.2180750047323163,0.11683288509894244,0.0676993653178215,0.541336357439274,1.2550356147009067,-0.11623036504733494,0.0889003500342369,0.6614608170812182,1.5475230561101998,0.2887291199941613,0.007952420040965,0.5768604723597134,1.5230733781981436,0.048364681602754166,0.0143181961029767,0.6650990140983397,1.7521612386889487,0.7706928165710577,0.0007579979137517,0.5654422633429387,1.8164621889142032,0.4522120028029055,0.0011391344014555,0.689159410197394,1.8354947062946283,0.79126749373543,0.0008288499084301,0.5225672468292065,1.8643453530378145,0.4504369603430588,0.0019510005367919,0.6954068552807076,1.8973647739819515,0.5549107098119529,0.0025086051318794,0.6052172165667027,1.9077739078831124,0.18182555773729686,0.0025773153174668
2025-11-11T0715.175887,196,0.658744020141251,0.6526009520256767,-0.6746049613650358,0.98840993642807,0.691379219509083,0.5943262758550559,-0.659541851432907,0.986738920211792,0.6674751102228946,0.6006373812516568,-0.6288995024052139,0.9856400489807128,0.6939752880197907,0.5991503248139728,-0.6313667897641407,0.9872590899467468,0.6593696969222228,0.6016161438876534,-0.6863302014623937,0.9886707067489624,0.684017166707391,0.5897838224224224,-0.7038784123187464,0.9874180555343628,0.6382956933835816,0.5855057325791422,-0.6804259140707647,0.98815655708313,0.7123729469207577,0.5969866575593742,-0.392800183695499,0.9895635843276978,0.5845073477676307,0.6413188420578275,-0.5871727047943414,0.9919615983963012,0.6796417419307024,0.675232786784177,-0.5849840164765844,0.9903475046157836,0.6659279600431699,0.6635466176620629,-0.6397275426018098,0.9926297664642334,0.725366138057423,0.8085880410882934,-0.1784097359965601,0.9912801384925842,0.5173455600436845,0.7900111283668244,-0.5813404813530789,0.99155855178833,0.7491967129175341,0.9987428678865147,-0.029229801476538288,0.2194333374500274,0.4788526610705793,1.1166924865866161,-0.5450285502942795,0.4923197329044342,0.8005265359817638,1.2278393242052044,-0.17448411319908025,0.0795775726437568,0.5574432257405857,1.2871225181220962,-0.6380717146226283,0.251886785030365,0.8141906963953734,1.3044577765614604,-0.2294147066693615,0.082023486495018,0.506512918197445,1.3330793358090873,-0.7343475481492815,0.263617992401123,0.8032057872380315,1.2867710296456814,-0.2738328135280141,0.1043583005666732,0.5515405306479749,1.359112391535455,-0.7872421856791331,0.3038582801818847,0.8071225928179078,1.2747134202863595,-0.19643613583450487,0.1039222404360771,0.5684641802692685,1.3206456143213339,-0.684069202871692,0.2846428453922272,0.6913159025315206,1.2693254583397773,0.07576171258599587,0.0613916181027889,0.5314739541774174,1.2725536812590514,-0.055063115475085356,0.0803269520401954,0.7325529865929943,1.5646641253990439,0.2199873978276442,0.0072863614186644,0.5604285226356109,1.5973659322911609,0.1788435176575882,0.0129476552829146,0.7125810919700553,1.8864454422788548,0.7616968337313224,0.0006966128130443,0.5748352636115881,1.8795768657966465,0.6589193600252373,0.0010319895809516,0.7161065539317502,1.9147739124208603,0.7719553205214347,0.0007553909672424,0.5580368400305562,1.9316793498088698,0.7295535057314078,0.00176924362313,0.7199958635730106,1.9735446612400447,0.4981890986282298,0.0022944365628063,0.6453139528290108,1.9838089766620879,0.3645749757220745,0.0023370392154902
2025-11-11T0733.901429,197,0.6937436117653603,0.6301275440883811,-0.7312649059943205,0.9895358085632324,0.6786877626409525,0.589206981996944,-0.655302493494641,0.987998366355896,0.7033316701883247,0.5724112556898286,-0.6674880811667516,0.9870255589485168,0.6926125689095406,0.5604783200914075,-0.6567498615084295,0.9884823560714722,0.6570765677356164,0.5717949833933982,-0.7184266026104352,0.9897236227989196,0.6425712738837976,0.5888884782683895,-0.7243360294375093,0.9885982871055604,0.6399511812202294,0.5958796746017649,-0.7067161378536102,0.9892334938049316,0.6796420842817151,0.6064560255625124,-0.4221562466127493,0.9905655980110168,0.598355218522315,0.6132032663388934,-0.5928956512283385,0.9926937818527222,0.6849504882992168,0.6576458423804589,-0.6235830738307603,0.9912923574447632,0.6512678784087911,0.654113771769033,-0.6379488781046744,0.9933435916900636,0.7012652257017531,0.8150990080175591,-0.22965395455210158,0.9921103715896606,0.5397026669151574,0.7934005583950079,-0.541717301282999,0.9920414686203004,0.7577093770843851,1.0077166920355638,-0.14072039170673395,0.2342021465301513,0.42831748050280827,1.1280383650401697,-0.47290995633314376,0.4657127559185028,0.8296668712474198,1.2639985159392886,-0.33888617398953924,0.0743157118558883,0.5444919692512531,1.288019751710136,-0.6064872376806851,0.229020819067955,0.8256064837828493,1.3095442151548042,-0.36834171059360266,0.0762633606791496,0.5398009218214549,1.3514110444416871,-0.6558449609695652,0.2394373118877411,0.8341777580602144,1.365056650754307,-0.40422937301486683,0.0984084904193878,0.5793039322871013,1.3525000099014985,-0.7286128739730608,0.2767636477947235,0.8098767877112034,1.3088960717273825,-0.3589704141952176,0.0982624366879463,0.5424350084750945,1.3351019149160637,-0.6251180007969116,0.2594655752182007,0.7057058718967152,1.2342248582778625,0.019483814692631676,0.0555901750922203,0.5870015595222353,1.241630218106323,-0.023732877685226587,0.0725191682577133,0.722833634158181,1.60955365489935,0.2205031613578092,0.0066479090601205,0.5829641312041832,1.6141279079908852,0.21441237659807855,0.0116936843842267,0.6944402386985786,1.9055991792142666,0.7917231675666976,0.0006336036021821,0.5889320623319912,1.9347882004709904,0.6984179145144933,0.0009311048779636,0.7270273618433148,1.9607559865253876,0.8085816612468001,0.0006851883954368,0.5542466956742824,1.957034204560904,0.7229893403506423,0.0015963148325681,0.7180644227388981,2.0042007347666004,0.49232978172990505,0.0020799147896468,0.6390205811140569,2.0093762010438536,0.33949946695405114,0.0021084556356072
2025-11-11T0749.299913,198,0.6798333751498552,0.6097819174785972,-0.9349187687457503,0.9905616641044616,0.6900458802061382,0.5650032489779615,-0.9209614476993304,0.9891464114189148,0.703419818211489,0.5516494963221621,-0.8846373117181995,0.9882805347442628,0.6922363932443782,0.5584029028950319,-0.9123239974478181,0.9895939826965332,0.6536296282500162,0.5775709979671623,-0.9185414793693407,0.9906826615333556,0.6370928715049555,0.5636482936779094,-0.9206107830620653,0.9896584153175354,0.6229753489319825,0.5677273949174149,-0.9350573032772385,0.9902041554450988,0.656895278293318,0.5681268071524485,-0.6351742418334079,0.9914706945419312,0.6081881940527045,0.5931055448556413,-0.7373719447745296,0.9933298230171204,0.6948822355732929,0.6224822917329822,-0.8266031537793804,0.9921435713768004,0.6849222019098765,0.6575035190209904,-0.8598689018507578,0.9939817190170288,0.7369464107030873,0.8090743430247218,-0.41045880161477816,0.9928401708602904,0.5119549467489288,0.8139682743844021,-0.5588680498984753,0.9918622374534608,0.8095782968854263,1.0421348376245008,-0.353023419549654,0.2473093122243881,0.4754171254923123,1.1402640766125203,-0.5500052859101089,0.4356950223445892,0.8234097607226757,1.2923988639720718,-0.5794235161669251,0.0722526088356971,0.5145706721751303,1.2689196487932854,-0.6993798191965596,0.2090431004762649,0.8688812060198531,1.3227190643897906,-0.6833357035210093,0.0733692646026611,0.5493207008635742,1.3902075358324892,-0.7745698817705897,0.2183672785758972,0.8314174005843163,1.328906947079886,-0.7445682812456882,0.0969764366745948,0.5529796181695182,1.353548134631296,-0.8194035163387596,0.2535108625888824,0.8387885356815713,1.331680148438391,-0.6193927933821018,0.0973492413759231,0.5724453519270032,1.3084156786084418,-0.7201877087350717,0.2379647344350814,0.7232839429815711,1.2543525937138376,-0.01187255359415755,0.050182320177555,0.5626734012994767,1.256945636790317,-0.006804808590149531,0.0653657466173172,0.7490633064770937,1.593920077412509,0.20279976696666593,0.0060098865069448,0.58680709951581,1.6413150323441947,0.3079635832120255,0.010535099543631,0.7263820946353821,1.8975557510457606,0.7987087327167339,0.0005708701210096,0.5765794491125671,1.9387991004394858,0.9257315550135622,0.0008382311207242,0.7669047968580722,2.0017417153195303,0.8646325861207942,0.0006172611610963,0.5807237406233062,1.9699456546117455,0.9642797406171897,0.001437037368305,0.7290291465742024,2.0109085336274983,0.5122214513303465,0.0018741858657449,0.6672740508610019,2.0410712237119033,0.5768739253523917,0.0018988127121701
2025-11-11T0725.133047,199,0.6738286096430769,0.6096042831103687,-1.0370336782685394,0.991480588912964,0.6571384832870275,0.5545015348024841,-1.0094747945652192,0.99017333984375,0.6775860983879096,0.5666219683336583,-0.9994631810041534,0.9894075989723206,0.6816325073933255,0.5779703805508567,-0.9815406530688087,0.9905819296836852,0.6715383223679185,0.5708138363557107,-1.0444977877516481,0.991536557674408,0.6696931787944161,0.5498041140010936,-1.003987890596274,0.99061781167984,0.6235723949764042,0.5882731579853236,-1.0109357452965173,0.9910762310028076,0.7070112554771714,0.5688062805573005,-0.7129500982833238,0.9922755360603333,0.6277250155947934,0.594353143474567,-0.8023883215441727,0.9939203858375548,0.6850610198122369,0.6145590638920497,-0.9142579301575894,0.992904245853424,0.6742645788862561,0.6588457508406688,-0.9338205035217878,0.9945541024208068,0.7964359591078746,0.7949281456083247,-0.47317550553207033,0.9934433698654176,0.528244236900004,0.7767034137462806,-0.5491322429403493,0.9914872646331788,0.8332625297586906,1.026439421639643,-0.4198957193700113,0.2581992447376251,0.44416896483825036,1.0466537072392432,-0.5687469261936212,0.4066919386386871,0.8562696742662003,1.286459339787186,-0.667368989027563,0.0685036554932594,0.5417021756199304,1.2664132893576567,-0.7351824156385687,0.1894943565130233,0.8863160040292049,1.3534515905097801,-0.759505731870761,0.069134809076786,0.5446654396322449,1.3444343199423943,-0.8041794962707887,0.1979579776525497,0.8471250303832402,1.3187179508005562,-0.8291050234704408,0.0926381349563598,0.570337599178766,1.3380859873317845,-0.894457492163158,0.2303932607173919,0.8631978652628638,1.3251546783855772,-0.7356787120260876,0.0931768715381622,0.572384586598887,1.3041048203266383,-0.7984298864686042,0.2164489775896072,0.7193744689240134,1.272941401655943,-0.018471000119446804,0.045319378376007,0.5580306679968199,1.244244691164565,0.015015367843773388,0.0589464828372001,0.7586662179992261,1.5981018655333876,0.13680270013576265,0.0054581868462264,0.5874048434071307,1.6439003096297617,0.22804571574173124,0.0094959801062941,0.7485686727074136,1.9110296914390537,0.7362870341467436,0.0005148909986019,0.5819200231043035,1.9146667995585969,0.7355697278232459,0.0007547924178652,0.7253896375605009,1.9796966827309825,0.7789536378317099,0.0005565422470681,0.5990913314127716,2.021258852625793,0.7746421902347491,0.0012938405852764,0.7526256598210167,1.9941623456518796,0.35476325194878755,0.0016890813130885,0.6234249168626461,2.031110161448608,0.4132768343086976,0.0017105879960581
2025-11-11T0732.797925,200,0.7097586020743287,0.5603763861867858,-1.2328098875594196,0.9922028183937072,0.7108372582618308,0.5677821539489455,-1.1564548126813181,0.9908912777900696,0.7282150162233686,0.5514264854792045,-1.172507758629085,0.9902231097221376,0.7813711711231406,0.5748222838673245,-1.1933411491545733,0.991266906261444,0.6560884463432796,0.5692646124560327,-1.1967462438669514,0.9920185208320618,0.6649837535392077,0.5416054443586995,-1.1880235047025145,0.9911630749702454,0.6305638963643853,0.5871160178867992,-1.1996643205518318,0.9914555549621582,0.7374712610076708,0.542685472700886,-0.8530550510729222,0.9928017258644104,0.6553101238283991,0.547408978542513,-0.8906445949101665,0.9941792488098145,0.6984195013630327,0.6088941369990921,-1.0812994951560506,0.993529736995697,0.6613202916032355,0.6315085064432218,-1.1039110091594535,0.9949859976768494,0.8080930455347994,0.839326687026966,-0.6131634565533802,0.9938623905181884,0.5482584948184227,0.7735584774497604,-0.6313518325314719,0.9899898171424866,0.8436183630431963,1.0247082698897518,-0.5372361698728765,0.2620297968387604,0.5114315041844436,1.0065554052114345,-0.5129402723797418,0.3895754218101501,0.8908197130925498,1.2254335194722705,-0.7525445698163321,0.0689917579293251,0.5655967216838468,1.2799557837422457,-0.7554700264569616,0.172973096370697,0.882609253051164,1.320595415569482,-0.8429442214165271,0.0684354901313781,0.5270659626941157,1.319324164249058,-0.78324073226949,0.180375263094902,0.8593148533128,1.31285514510985,-0.8877111980816743,0.0927711501717567,0.5751982933201916,1.3254678724234237,-0.8759695549489787,0.2108586728572845,0.8394490669645797,1.2953612009773416,-0.7675211096401057,0.0939359739422798,0.564321918764585,1.3060108164095792,-0.7678004083321708,0.1984757483005523,0.7592545096727664,1.2523046138874083,-0.023103252832919162,0.0409260094165802,0.6073279288548017,1.2461651677654044,0.03113796391995085,0.0531396009027957,0.7925480182388704,1.6280865348246025,0.09815811797642983,0.0049553113058209,0.5900409725756655,1.6231851781285689,0.21258035658637392,0.0085597531870007,0.7736427095504183,1.8878668086440324,0.7788946138147389,0.0004650175687856,0.6391067926111995,1.9034783311181276,0.8432675566407238,0.0006796951056458,0.7621439769550211,1.9400147786205872,0.7993862287599824,0.0005020826356485,0.626033121571211,1.970211423110478,0.8862394848040192,0.0011654158588498,0.7667304547582956,2.042709844460075,0.4432997325761442,0.0015215512830764,0.6419383616149874,2.0407136557932195,0.44575198028034285,0.0015429459745064
2025-11-11T0757.649134,201,0.7610793733509001,0.5565578637674843,-1.0459783977699537,0.9919533729553224,0.7456548957421274,0.5507315316179143,-0.9815554871969795,0.9899681210517884,0.7548002061319417,0.513952352932247,-0.9676914517858848,0.989600658416748,0.7399935185658506,0.5477993593474355,-0.9893134636691382,0.9904771447181702,0.707556776998983,0.5195907904011914,-0.9949593646710757,0.990587830543518,0.6844959185582778,0.5304908569352175,-1.0009123591669102,0.9898545145988464,0.6848881268387365,0.5546369852117791,-1.000814547141645,0.9898413419723512,0.7927340236987633,0.5733213141771049,-0.6825929440669642,0.992299735546112,0.665928382561211,0.5549970843512767,-0.8103217223670683,0.9931807518005372,0.761059899995014,0.6247411483926149,-0.8900043687548442,0.993720769882202,0.7161041610378911,0.6085028508266895,-0.9111469319449611,0.994979739189148,0.8591102361185124,0.7618864438828113,-0.43326357096628637,0.9941225647926332,0.5988490930805223,0.7353321613411502,-0.45805312356037725,0.989547848701477,0.8806604071667157,0.9755024835047965,-0.37336270705876473,0.2829799056053161,0.560099879783628,1.0176909664252038,-0.30045884692590874,0.3856150209903717,0.8922900543821553,1.2057783368937702,-0.652982920414714,0.0689911022782325,0.5585471025272701,1.1834512969069915,-0.6111643057193243,0.1580341309309005,0.8674238053305713,1.2412250876806348,-0.74833100017298,0.0669358223676681,0.5684983700808813,1.2659441926666763,-0.6628449674383834,0.1643586754798889,0.8481687577884006,1.2372753079681398,-0.8078968398434724,0.0914005860686302,0.5978878715459165,1.2392822528180953,-0.7239452405246366,0.19291552901268,0.8615780012459882,1.173292684682331,-0.6958378629415808,0.0926245152950286,0.5936670253716695,1.238328141368953,-0.6153696934198227,0.1819780021905899,0.7656199855258107,1.2275106784489924,-0.040774790150665215,0.0371066257357597,0.6194591414574191,1.2327223067134248,0.038107119931656504,0.0480634942650795,0.7953166011996664,1.6011976574623146,0.05061167855988481,0.0046359351836144,0.6306385063961196,1.5810303283518117,0.1306659293142131,0.00777277816087,0.7688686598015456,1.8787814839878274,0.5977514138671436,0.0004249281191732,0.6032245347055533,1.875798401832358,0.4974791080535665,0.0006155012524686,0.7804435513296534,1.9251843115533278,0.5963797760715139,0.0004561281821224,0.5964924106004407,1.9493188841435098,0.5017194307982465,0.0010582495015114,0.7338511701785267,1.9895554113987404,0.1961205321892216,0.0013746357290074,0.6654886554999738,2.011791317514195,0.07814752697192433,0.0014047406148165
2025-11-11T0741.813960,202,0.7610677433763235,0.5490938639780995,-0.9536272412914173,0.991762638092041,0.7349286122674703,0.4858940205431962,-0.9304660929503081,0.9890018105506896,0.78471184434463,0.5110385211645996,-0.8978869521128007,0.9889109134674072,0.7745334014217046,0.5251579058753595,-0.8782521334837267,0.9897876381874084,0.7231441578323227,0.5356502394853161,-0.9152847452982333,0.9888570308685304,0.7095099913414359,0.5778044014005956,-0.9217818768108487,0.9882379174232484,0.6975486474156127,0.5428733916029271,-0.9247287210248939,0.9879795908927916,0.7831378955019349,0.5763164416760599,-0.6139205364368558,0.9913588166236876,0.6923205059595053,0.5618556203323426,-0.6215663346145832,0.9907252192497252,0.7911162097345021,0.615021893286558,-0.8623842415868368,0.9939340353012084,0.7031157982246969,0.5717810524714328,-0.8266439912741341,0.9947811961174012,0.8776775403957768,0.7645622164904776,-0.4120959115882745,0.9944140911102296,0.6041017436308668,0.6992462628331519,-0.3709502608904227,0.9893405437469482,0.9122563160182396,1.00030019356983,-0.4062170066501157,0.3044159710407257,0.5605311211627761,0.9694707265153819,-0.2656233132447671,0.3953973054885864,0.9132108862443706,1.175130573557318,-0.7182202992101127,0.0695510432124137,0.6215009335475722,1.2157116324769497,-0.49870700208268665,0.1457300633192062,0.9314933426212793,1.2602366452252216,-0.7777028467148386,0.0654542222619056,0.5898890732787763,1.2773592766280388,-0.5819572461729899,0.1503912508487701,0.9103975079397539,1.2144736623628138,-0.8230883481635495,0.0904270634055137,0.6404057812730976,1.266419176296653,-0.6585429422983495,0.1775800883769989,0.8905716427680161,1.2081658686850625,-0.7424535296608282,0.0914844125509262,0.6245603261202507,1.242341228294979,-0.5272567675551169,0.1680431216955185,0.831239338209168,1.2235578088814163,-0.11068899617095537,0.0336705818772316,0.6553863493453846,1.2288987361057844,0.09209289400217047,0.0435216501355171,0.8174887864347063,1.585264892274357,0.09463111255066584,0.0043513844721019,0.652793137153498,1.5950859972975495,0.27749954515539377,0.007091793231666,0.7930864399232891,1.9224460932751222,0.6326058165377801,0.0004007167008239,0.6668932447568058,1.8820335380227977,0.7870715523463765,0.0005592115921899,0.8251283149621342,1.988565583093105,0.6718921899771931,0.0004204599244985,0.6697765535415414,1.937344364993866,0.7915857017152593,0.0009763061534613,0.7927450952975024,2.0026212791096065,0.2720348267555048,0.001245864550583,0.6850831333151889,2.021222840607118,0.3641735603019172,0.0012841068673878
2025-11-11T0750.982744,203,0.7232966944453908,0.5941575951592745,-1.0095995582871389,0.9913510084152222,0.7686465146225989,0.5470687605735245,-0.956577394461838,0.9881670475006104,0.7782809555158582,0.5333634634380199,-0.9347684384236836,0.9884138107299804,0.7806236338783417,0.53885598453303,-0.9399427170807204,0.9893174767494202,0.7187134699111236,0.5449993459621492,-0.9419249361254632,0.987625777721405,0.7399528727971442,0.5498870557914893,-0.928374689202622,0.987186312675476,0.7161810155656707,0.5578855989398533,-0.940678242342245,0.9869261980056764,0.7877790576035083,0.5371785194069297,-0.6821696878412062,0.9908617734909058,0.6802203469842901,0.567604396635029,-0.6430725378952566,0.9895495176315308,0.7505291202059762,0.6224373139811207,-0.866142099506183,0.994051992893219,0.6987247999080308,0.6476931044670547,-0.8612633545664605,0.9945632815361024,0.870408561982112,0.783955595144352,-0.5112262563121707,0.9942426681518556,0.6277647642965722,0.735696881925401,-0.41567998577940396,0.989240825176239,0.9025721354856031,0.9752179991492868,-0.5198336691515296,0.3110897243022918,0.5926092005787531,1.0052863248127994,-0.27508025528493657,0.3982133865356445,0.9311703591979973,1.2086805759566945,-0.8032249059002843,0.0687330663204193,0.5967271038179635,1.2190117499926783,-0.5561122725203108,0.1355183869600296,0.8916806116745903,1.2282727709834922,-0.8945878445092798,0.0632598847150802,0.6015904754511144,1.2833813550405915,-0.6328389413458179,0.1383959203958511,0.8985324197682003,1.2424220382029145,-0.9495483432506544,0.0876777619123458,0.59977125536592,1.258735621834517,-0.7012025983381078,0.1645742654800415,0.8919544407095343,1.225639431210269,-0.8247663542513033,0.0888864248991012,0.6188061034568844,1.2365390175346622,-0.5732224651617728,0.1564275473356247,0.8394098999690724,1.230676084172196,-0.08043178627994167,0.0305609703063964,0.67285149491116,1.2393901042610638,0.04769459172974479,0.0394860729575157,0.8626747393278942,1.619560095773865,0.003114371759697471,0.0040994482114911,0.6905013306758772,1.6032919468578997,0.029006080687065776,0.0064749089069664,0.8125908503214098,1.9655660696542854,0.45251257017167407,0.0003762285341508,0.6862893292394479,1.951654719618392,0.4241634875269013,0.0005075262160971,0.8302011735576116,1.9996202482448244,0.4985749267270576,0.0003902168245986,0.6933235272583484,1.9948787079516392,0.47474489913473256,0.0008923692512325,0.7928573544875764,2.061365113806965,0.08034790471072988,0.0011310561094433,0.6821295879242579,2.036321955454402,0.031160891607536975,0.0011841690866276
2025-11-11T0736.637492,204,0.7503609291856492,0.7886515463341633,-1.0122349351662598,0.986253559589386,0.7612088902099712,0.7467326924679002,-0.961207082245747,0.9793243408203124,0.771113288140154,0.7140297578188239,-0.9851788279555458,0.9795857667922974,0.7815853616595438,0.7234092329463786,-1.009262852714655,0.981868326663971,0.7014731387254082,0.7134227881008779,-0.999043643031728,0.978200137615204,0.7420358182839036,0.7103574821145953,-0.9507859005955702,0.9776915907859802,0.7161149311899007,0.7301354089529134,-0.989772041497755,0.9787433743476868,0.8100942712907144,0.6830387072645091,-0.7811374126246875,0.9842187166213988,0.7192312714156341,0.7181480877635111,-0.6530850617946443,0.9803915023803712,0.7853328912056917,0.7876608972583746,-0.8894197059734922,0.991726577281952,0.7546776242925958,0.7765130068028772,-0.8533452554401232,0.9904693961143494,0.9101437480472608,0.872494889438281,-0.6198168824402048,0.9930047392845154,0.6503958066779201,0.8644441421554077,-0.35688962448421413,0.988707721233368,0.9935303031516198,0.9899282724219377,-0.6401019425433505,0.3285969793796539,0.6271552645182394,1.0902197371102456,-0.20734496719153253,0.3927038013935089,0.9983321354306787,1.2382903206030051,-0.8233679035800976,0.0655249282717704,0.6059511500537802,1.2543778607670764,-0.45126226504355754,0.1276849657297134,0.9951623961583618,1.3365496891855662,-0.9152543356031344,0.0607926845550537,0.6166987206950882,1.3207367681764701,-0.478346563444369,0.1300575584173202,1.0026559925990193,1.3164050467598374,-0.9345356143378397,0.0845623165369033,0.6472697483969881,1.298709859532691,-0.5889812998846132,0.1563468426465988,0.9878668720784951,1.2808642945345028,-0.8285795696771293,0.0854301899671554,0.6320536629766457,1.2872991369800768,-0.49384237069977965,0.1492943465709686,0.8777653355389735,1.3176980356901145,-0.11203094786002823,0.0275405384600162,0.7010662183544005,1.3311630128653422,0.11225652503493792,0.0355803333222866,0.864124790156339,1.6661818646280793,-0.12716040345128438,0.00380140542984,0.6987957934311867,1.6578152593800244,0.04333163111190095,0.0059388470835983,0.8396897115802111,2.036878453613579,0.26830966459305794,0.0003746917645912,0.7258002286055149,2.0177513577432227,0.3577545411419579,0.0004716043767984,0.8720356940231156,2.067690578249247,0.2533152479156121,0.0003652977175079,0.7019391413488756,2.055750840818146,0.3600559735609978,0.0008517776732333,0.8634897750316756,2.099196253818395,-0.17890300400199663,0.0010367445647716,0.7180463315949185,2.0926803723365612,-0.04722632399640216,0.0011324887163937
2025-11-11T0798.263755,205,0.777098638577908,0.8538947709600175,-1.0109083526534874,0.9692832827568054,0.7708926396731787,0.803174466837969,-1.0016042723673617,0.9533681869506836,0.7714842890575131,0.7912006386072171,-1.0195294597563629,0.9549909830093384,0.8196942570893637,0.78069117015689,-1.0059287627025204,0.9602264761924744,0.7683308270363908,0.7852548952897342,-0.9765487150563747,0.9560099244117736,0.7538096261387446,0.808037604773378,-0.9940301015971987,0.9558377861976624,0.7215610893423487,0.7841629364602742,-0.9960155712567619,0.960326850414276,0.8176988857107506,0.7684840188641611,-0.7800729492854236,0.9638388752937316,0.7413373228515496,0.7764232795497515,-0.6486708952484761,0.95958149433136,0.7813880356639966,0.8468198764544692,-0.9269719268413736,0.9788188338279724,0.7528229149327401,0.8548035184662699,-0.8969247852388833,0.9775957465171814,0.9349075532910295,0.9211104784628943,-0.5406438315316355,0.9873666763305664,0.6845987793955443,0.9061208053306704,-0.3909531287251695,0.9877532720565796,1.0018648185685386,1.0849904153828003,-0.5372849787244349,0.3251530230045318,0.6411039667293988,1.122124470254823,-0.2144718611366698,0.3799612820148468,0.9976347697251589,1.2610677917942965,-0.7483648809640364,0.0603359676897525,0.6366883987890222,1.2648832793112947,-0.42935767475208786,0.1179486885666847,0.9996914922464673,1.3197937178456733,-0.833331406855677,0.0562707334756851,0.656880442207394,1.3553807087420353,-0.49916884470444717,0.120445393025875,1.0143323777165556,1.3157983582705732,-0.8757354132881021,0.0782561302185058,0.6587680206458099,1.3802358091479292,-0.5804612334242885,0.145565778017044,0.9914902212923354,1.2814500987374071,-0.7634783435823592,0.0789204388856887,0.6665139769362709,1.3095268463829683,-0.4745428960063385,0.1390271633863449,0.8936368552037784,1.3627651553352615,-0.09391648992650513,0.0250736214220523,0.704324131731976,1.3683502057603236,0.09089013086627305,0.0324538573622703,0.8979500058432828,1.6646054765616134,-0.2751006517395607,0.0043125278316438,0.7201272797496775,1.6567462735894594,-0.1867274213005103,0.0065360441803932,0.919571312228701,2.0016782499957584,-0.01877794247586505,0.0004528834833763,0.7232181291501181,1.9725093965624574,-0.003774363980120078,0.0005910862237215,0.9345787038970376,2.037365956511499,-0.03325349797170056,0.0003960575268138,0.751205310156693,2.033720131034312,-0.010531166183410061,0.0010349614312872,0.8806365908570236,2.0852281906256915,-0.38742547022057855,0.0010629356838762,0.7546392273193604,2.089041306582903,-0.3640885934979494,0.0014126850292086
2025-11-11T0796.451287,206,0.7723903783038153,0.8313280893152254,-0.7148503177768145,0.9677886366844176,0.7983751149792132,0.829238586326609,-0.7402610135467812,0.9504335522651672,0.7745047497099554,0.8277073383515403,-0.7519312856129564,0.953259527683258,0.8263078446413045,0.7966707807656268,-0.760707834284642,0.9582685828208924,0.7599835444274688,0.8034379533468589,-0.7057667466242439,0.9512211084365844,0.7556454652035715,0.8127300346347511,-0.6825654560509284,0.9515509605407716,0.7571317865574089,0.8135043547303765,-0.6925876755733561,0.9553543329238892,0.8270700631946071,0.8165100061267753,-0.5611051898085936,0.962666392326355,0.7463663993896049,0.8216445148872835,-0.40813487909579904,0.9538992643356324,0.7932964635769233,0.8903472358538281,-0.6651172537399089,0.977978765964508,0.7659187825848458,0.8923343409716274,-0.6367797925871763,0.9752242565155028,0.9340913187448077,0.9716040033111775,-0.4227682461063338,0.986571192741394,0.7102498461043291,0.969183204332344,-0.1108402218808743,0.986870527267456,1.0187836786084892,1.105218258740054,-0.48972091287947106,0.332223117351532,0.6455856330668905,1.1644527508272107,0.052117145372695295,0.3632424175739288,0.981718021075343,1.2540430901399706,-0.7653623595385253,0.0579250715672969,0.6405929547248258,1.3364818342682416,-0.17833373913378509,0.1096842959523201,1.0351470378437104,1.3197318946904892,-0.822822104013828,0.0546142533421516,0.6347124998624412,1.3777078775828056,-0.24917636452209704,0.1123818531632423,1.002945083156923,1.3735106031072313,-0.8928576408879448,0.0762152448296547,0.659318287773946,1.382075600113306,-0.31063762847810755,0.1374231129884719,0.95293163743554,1.347035849343887,-0.7949083150201054,0.0758786648511886,0.6537778945589504,1.3317875702245574,-0.22038308412861127,0.131194993853569,0.8647661892043184,1.3809664814510307,-0.09702847675193069,0.0227587055414915,0.7311418293574664,1.3704883587434258,0.11445798925908857,0.0294185169041156,0.9035894948912901,1.6857666916383303,-0.2573114040535714,0.0045825066044926,0.7397709118655036,1.7208610000219589,-0.0885986461562328,0.0065888967365026,0.8944960668569513,2.058268211759918,-0.06059372983373089,0.0005306583479978,0.7691397789254161,2.0461000765614616,0.07857862559814141,0.0006367026362568,0.932593880753967,2.09189112766768,-0.03264405100888708,0.0004255038802511,0.7753242277230072,2.0983472077152237,0.06839493671233045,0.0012018912239,0.8811724730678693,2.1422807511769903,-0.4096023329764551,0.0010356808779761,0.7781501807884017,2.1095349565850765,-0.2873023991145672,0.0015150605468079
2025-11-11T0732.311035,207,0.7924419990637906,0.8926202949771835,-0.5186375683386301,0.9695576429367064,0.7885668804231345,0.8320895084672137,-0.5184856071729629,0.953187882900238,0.7869272709455395,0.8554871957481497,-0.5241676923172467,0.9561185240745544,0.8390268494180214,0.8663629980809286,-0.5244390563285491,0.9607861638069152,0.7432570051698493,0.8573180919531103,-0.49683516428445595,0.9528725743293762,0.7625836575889013,0.809015829378243,-0.5201511551640104,0.9530056715011596,0.757426331649776,0.8293644862402489,-0.5015307311999847,0.9561727643013,0.814946719178865,0.8081557303210952,-0.38493795040482687,0.9652201533317566,0.7696034526644917,0.8584679673281286,-0.2029723055448939,0.9544724225997924,0.7958010647925,0.9162684373973308,-0.4488958402967064,0.9792380928993224,0.7662998168328163,0.9131966413203926,-0.42677190174643087,0.9755497574806212,0.930870022312221,0.9597020134525914,-0.31230559543133296,0.987058401107788,0.7131626534964657,0.9961249101746827,-0.0006188465854735032,0.9860820770263672,0.9957116380775264,1.1332487224776486,-0.46384815062830725,0.3410718441009521,0.7153026396362595,1.1662750685304446,0.15334867579063632,0.3378069996833801,1.0011741290132739,1.2949036750798637,-0.7015357933650972,0.0592881627380847,0.655187362940136,1.2974372672225853,-0.07441039966649059,0.1015321165323257,1.0122310559991274,1.35721904637366,-0.7667536654765871,0.0582299120724201,0.648371937391832,1.3451434525152164,-0.13837198611438556,0.1054042503237724,0.9870412675573427,1.35819673192974,-0.8402790716392767,0.0822912156581878,0.6610187260684671,1.3699720451902426,-0.21122457956501417,0.131007507443428,0.9635178593283695,1.3527452385632706,-0.7022805854189961,0.079331986606121,0.6612052618440286,1.3688881906362942,-0.11048548534030465,0.1248645484447479,0.9084125043043554,1.397822843062095,-0.11816451795582951,0.0206244457513093,0.7897795182330613,1.4097035044268262,0.10921039987125782,0.0265947729349136,0.9046638955846326,1.708340316939541,-0.2993860465021967,0.0045840116217732,0.7550034543738611,1.6956500960834,-0.06064041475478201,0.0063770678825676,0.927517340404633,2.040196745183302,-0.05007129351367434,0.0005251771071925,0.7820106312851463,2.063647475602653,0.027370065255240224,0.0006083890330046,0.95217697069537,2.120229310449173,-0.056094979679538914,0.0004149772867094,0.7849291017075182,2.094321122728513,0.02132589136974912,0.0011851774761453,0.8589118298123253,2.1422505984201026,-0.43778728924145655,0.0009720433154143,0.7721162160587826,2.1095349135145547,-0.32248022564761036,0.0014522173441946
2025-11-11T0775.190672,208,0.782191909665759,0.8728873775585196,-0.7397514749068296,0.9702282547950744,0.8123245898957691,0.8133700961818703,-0.7421948478816938,0.954387903213501,0.7835594987905623,0.8598950413520933,-0.7187908766477918,0.9572039842605592,0.7939207457520202,0.8369767710458191,-0.7276663832968747,0.9621688723564148,0.7791592343364203,0.8535963356807319,-0.6536731909117421,0.9534375071525574,0.7634857992874895,0.839231064583615,-0.6728541826418927,0.952850878238678,0.7763656053081271,0.8113446841757866,-0.6466537085495063,0.9563176035881042,0.8438278657704509,0.8375007385577862,-0.5016026353093379,0.966833472251892,0.7553579454739996,0.8371127827062966,-0.4150444651612563,0.9541457891464232,0.8089627629404984,0.873006062397521,-0.619083784437338,0.9800958037376404,0.781407963118252,0.9083695452422946,-0.4995938916102225,0.9758896827697754,0.9267688862195865,0.947627768971639,-0.29480013771069086,0.9873329401016236,0.7244908863060842,0.9560272311082014,-0.20079429817603636,0.98534494638443,1.0307315656706237,1.141409203025538,-0.4752527301727502,0.3546029329299927,0.6826393784887093,1.1860198189396902,-0.06919253271343317,0.323678970336914,1.0095671988756065,1.30427632448985,-0.683328862777499,0.0576706267893314,0.6896568932341216,1.3205010077271604,-0.2796434182806349,0.0942688286304473,1.0091339249327596,1.3467107577761293,-0.800520274832611,0.0572397299110889,0.6854309048482816,1.3423472774428786,-0.3356036782371079,0.0985870659351348,0.9832506023978018,1.3722661190828631,-0.8121364576045809,0.0810843855142593,0.6907423345446277,1.3767130286896527,-0.3448384577618059,0.1235597357153892,0.985145217346882,1.324195422989077,-0.7295147325647294,0.077613353729248,0.6835234922200889,1.3659780680264093,-0.30977646464481506,0.1176113039255142,0.8904822159902196,1.4022768470864981,-0.08986229802049495,0.0188529472798109,0.7422120949645842,1.3860718603275406,0.07440967537580831,0.0242005325853824,0.9025702170426453,1.7068177212162408,-0.289176965411651,0.0047470801509916,0.7807571309530978,1.698228366881858,-0.18611377135973411,0.0064336042851209,0.9259441037120089,2.025840484119721,-0.05863612457578526,0.000529705255758,0.7624348843684354,1.9979782706080422,-0.05709636757842646,0.0006330584874376,0.9433804989444167,2.069357277320858,-0.04276162887154822,0.0004054435994476,0.802991140869392,2.06812064257881,-0.0709045764288365,0.0012040645815432,0.9087441252241177,2.1082473109687316,-0.4202781037980377,0.0009421946597285,0.7740550013799486,2.102782345848657,-0.4387525715246225,0.0015513114631175
2025-11-11T0765.808096,209,0.7839192885346564,0.8286063914159538,-0.6947823293273504,0.970320999622345,0.7982288548409988,0.8403357599889902,-0.6978256799947575,0.9542009830474854,0.7768279936407311,0.8190779914754331,-0.6841204145576405,0.9573670029640198,0.788691772802279,0.8310829276080378,-0.6904246056330892,0.9624621868133544,0.7776360474418619,0.8220853481071144,-0.6377482592617147,0.9517682194709778,0.7633132410341746,0.8514328629015577,-0.6555277108963593,0.9512117505073548,0.7621913730973043,0.8071159049068487,-0.6387599598089915,0.9546622037887572,0.8069181960906586,0.8198632754997339,-0.5103642831868721,0.9678239822387696,0.7682604030353922,0.8025618150179912,-0.402322572984264,0.9525377750396729,0.8074543755396859,0.8703411561682614,-0.6020749166528934,0.9806534051895142,0.7597212560516713,0.8997655501910833,-0.5566856291805773,0.9752714037895204,0.9138524949599249,0.9522575353002438,-0.33704715518027856,0.9874730706214904,0.7134857617086645,0.973209543714104,-0.19086064672457687,0.9845489859580994,1.0206573370311565,1.1176892306196726,-0.47749306007839315,0.368954062461853,0.6741444157702293,1.1638505403812691,-0.029516036899569303,0.3074632287025451,1.0386582972604552,1.312178584265243,-0.73578516063017,0.0567039474844932,0.65913311611374,1.312897557384854,-0.2779963152575701,0.0874753892421722,1.0133574780319168,1.3397122701419033,-0.7954740345157244,0.0568800456821918,0.6565072598879338,1.3826489014328505,-0.38170742227406657,0.0922193527221679,0.9910030164479712,1.360432412962829,-0.8715673372182952,0.0813299342989921,0.6676665428086104,1.3972296232276769,-0.4218531460599987,0.1169509142637252,0.9589949489711052,1.34015422916289,-0.752817621296283,0.0768652632832527,0.6778549720431828,1.361597014927532,-0.3309087535840357,0.1110476180911064,0.9078504867955534,1.375102581005472,-0.07959318268156826,0.0171014964580535,0.782907787053439,1.3816924825262038,0.08027130970556809,0.0219168849289417,0.8760791238636225,1.7052896513323308,-0.30655405464086827,0.0045826844871044,0.7735491937327653,1.679744106429574,-0.06819008300195048,0.0060555450618267,0.9019676639875766,2.009092886073869,0.003161091375121123,0.0005128292250446,0.7535272780549495,2.0251933890716134,-0.0052460960157945935,0.0006042929599061,0.9123824084680465,2.0365203011825628,-0.03672153805933079,0.0003853328234981,0.7720900470671679,2.0719529268190042,0.02617718843222882,0.0011386255500838,0.8943211275856242,2.1114766781391694,-0.3652440716003519,0.0008882659603841,0.7571703852653555,2.1041991394054373,-0.30702059429255474,0.0014883195981383
2025-11-11T0789.294227,210,0.757809001958107,0.8170089150510317,-0.5667721206094074,0.9599958658218384,0.7739383188813844,0.7921523330824851,-0.5561600451553523,0.9401819705963136,0.7812060608074445,0.7974747262420525,-0.607855609256927,0.943886399269104,0.7653127862758234,0.7957695123049847,-0.5968166360638397,0.9521086812019348,0.7562627369016872,0.7812382218593468,-0.5522579121288701,0.9340772032737732,0.7623449382492751,0.7779338223939435,-0.575395629695796,0.932777464389801,0.7640824505784003,0.7880525098628844,-0.5412330605545519,0.938826322555542,0.8100181345879648,0.8365695434031344,-0.4778749764504321,0.9588288068771362,0.7531200803006057,0.7864081212246671,-0.30666062036154823,0.933073878288269,0.7680243918219116,0.8749810552060912,-0.5284668421674344,0.9748663306236268,0.7594044554765069,0.8557527713899146,-0.4768928022361946,0.9633463621139526,0.9182074382794095,0.9437914502650848,-0.36858037295204715,0.984310269355774,0.7060957255449748,0.9962507975588692,-0.1311660542034459,0.9777478575706482,1.0054393898555951,1.0838688295330061,-0.44871851191198564,0.3550321161746979,0.6783002244121149,1.1885537881993744,-0.011288373845049732,0.2844844162464142,1.0168200186122445,1.3245035429727112,-0.701934442159111,0.0526555478572845,0.6756637118365145,1.3448610734423332,-0.24708760229346394,0.0798336938023567,1.0296829183365706,1.3473766644196623,-0.768319274387762,0.0535484962165355,0.6388536918578872,1.4030550413092053,-0.3165658577593493,0.0846944078803062,0.9792862735902896,1.3350407532897106,-0.8479230595040639,0.0768820196390152,0.6621101761840088,1.3835944813457413,-0.3621967432291499,0.1081511452794075,0.9740789867458836,1.3687172896659352,-0.717561462848353,0.0722786709666252,0.6801907035781475,1.3665151127667963,-0.29845221343074024,0.1026031598448753,0.873862184378131,1.3838152615042307,-0.09980339093495391,0.015431560575962,0.7581382466274682,1.398090932243188,0.10555117845061915,0.019768226891756,0.8832039336936255,1.6903982670382913,-0.2646690179426871,0.0043193418532609,0.7520755460772192,1.6820495965426423,-0.05711006948229385,0.0055918330326676,0.9537394633703506,2.0255334173696573,-0.016744541526875836,0.0004812723782379,0.7955483904437041,2.008115770771882,0.0776286274588382,0.0005615795962512,0.9057139092361682,2.0778472961556034,-0.027985422662597396,0.0003563395293895,0.8197708708498987,2.1073556306771253,0.054329018080216215,0.0010657453676685,0.9020565471523176,2.0703489864241247,-0.4079516290572526,0.0008227249491028,0.7721458965558253,2.096056038053896,-0.2940552882588741,0.001410148339346
2025-11-11T0751.331846,211,0.7237835817805306,0.8536231445941456,-0.5439931325636058,0.9466962814331056,0.7351103882442025,0.7996412653477861,-0.5758270658282356,0.9224452376365662,0.753884660062044,0.840931762806502,-0.5771233436507592,0.9285268783569336,0.7833217487616004,0.8175044886155465,-0.5812500906190741,0.93897145986557,0.7277096274544674,0.8146971369749143,-0.531058720965893,0.9103190302848816,0.7268144977095554,0.8461186547391603,-0.5233349013257298,0.9090315103530884,0.7212184902309063,0.7965035813933448,-0.5170000847710224,0.9160133004188538,0.7942661775536365,0.8181923755842214,-0.5070892784360153,0.9490825533866882,0.7441464855879217,0.8207709385962964,-0.2943447989468041,0.9085811376571656,0.7572039421873618,0.8636868769462267,-0.498592123844608,0.967859387397766,0.7428706050290208,0.8646842268367484,-0.42889887517303477,0.9484792351722716,0.9233236741692646,0.9442639793720772,-0.35110348547826503,0.981833040714264,0.6989557366478021,0.9865202435314427,-0.07424833618912016,0.9705427885055542,0.9915640985382175,1.1276639942984292,-0.429640236273205,0.3398686051368713,0.6454194693603766,1.1976825238451305,0.045294495226861936,0.2620626091957092,1.0078726625247447,1.307497433113925,-0.6475006849164009,0.0491541214287281,0.6627627305834012,1.3375274206428738,-0.14130694917520203,0.0728237703442573,1.0400203798212193,1.3309359281909434,-0.7001863148436022,0.0506312027573585,0.6753505562085803,1.384721596055989,-0.24493931696443097,0.0776272192597389,1.0102331882363988,1.3911696460084857,-0.7487329069498155,0.0730666369199752,0.6570109956376259,1.3669448258307009,-0.30484583883263017,0.0998018756508827,0.9761520637454651,1.3387771315486099,-0.6537281711741312,0.0682786107063293,0.658382473416184,1.3615390960769518,-0.22361936836885857,0.0946518704295158,0.8593678624776909,1.372902040750422,-0.10607632171315058,0.0139167718589305,0.7465929366690582,1.3995403172078105,0.10807935397608918,0.0178219061344862,0.8797461236732527,1.6880264917189534,-0.25172646736910304,0.0040500410832464,0.7862319589667089,1.6995752155020398,-0.09170169520604109,0.0051886029541492,0.9387305285475867,2.0244508505095427,0.015952818547594665,0.000454999768408,0.7950816974569074,2.027600176771263,0.07048114954303214,0.0005250492249615,0.9113906763561614,2.0464066640316143,-0.029458751166728157,0.0003315203648526,0.7994606183753352,2.073547304027493,0.06362813802231429,0.0010054995073005,0.9420904321123074,2.1045579095783378,-0.3711895869288882,0.0007647795137017,0.7862411891479165,2.0969759517499895,-0.3028135046762444,0.0013408787781372
2025-11-11T0750.161338,212,0.7372579491576139,0.8525424758718682,-0.4522667987859141,0.9408644437789916,0.7361363156988658,0.8052758604051902,-0.5075258134271603,0.9131014347076416,0.7471777216114239,0.8018575292896544,-0.4925399475820473,0.9229741096496582,0.7515493432358796,0.8080708640057264,-0.5252771772319462,0.9330140948295592,0.6919078809099828,0.8381245043503134,-0.43231007275188976,0.8968067169189453,0.71107565074078,0.8150499751057034,-0.4463330945212982,0.8973355889320374,0.7174493053402061,0.828898569313508,-0.4661055592026028,0.9020004868507384,0.7673708758126285,0.7942187684983885,-0.4132692816024315,0.945811688899994,0.7572896191276844,0.8323920995140253,-0.23023536029717528,0.8949287533760071,0.7442863677854616,0.8810323409274594,-0.44322000655030513,0.964396834373474,0.7243021488380117,0.87589150628063,-0.36608662849454227,0.9400832653045654,0.8924748755683427,0.9508384174196445,-0.2910004047341871,0.9812000393867492,0.6985991106870878,0.9875852029800303,-0.01262663306991102,0.9668198227882384,0.9991952756924228,1.0697933228141796,-0.3839349796248397,0.3280938267707824,0.6708751682240026,1.1994978090685717,0.11388928292840482,0.2403855323791504,1.0097069586513832,1.306759881453613,-0.5673135374051894,0.0472146235406398,0.660099323392056,1.3499145289773433,-0.1201371541985154,0.0664026662707328,1.0657609185433397,1.366635952365018,-0.5830523274811177,0.0493958704173564,0.6568363201544567,1.4018988389889853,-0.20712708383007897,0.0711304172873497,0.9911339404292749,1.3488601448347632,-0.6675061676248882,0.0718611702322959,0.6698191143310064,1.3926573283246748,-0.26196942488906194,0.0920573025941848,0.9924749187537888,1.3676384240196764,-0.57368628915276,0.0665226653218269,0.7090558450680399,1.3860616193657058,-0.18995969909463814,0.0872526988387107,0.9063409037334831,1.3639513468593079,-0.09252882715219564,0.0125551465898752,0.7590218340139552,1.4080272981775979,0.09826713478087086,0.0160729829221963,0.8968311715885047,1.6913162942883362,-0.22770987572733623,0.0037926249206066,0.7527062802393405,1.6931272321196282,-0.07458525906585564,0.0048155398108065,0.9105166733147748,2.022673232894868,-0.014667554734001437,0.0004315282567404,0.7907811555277131,2.0173618682635786,0.04059176536447324,0.0004890792188234,0.9330480745084441,2.1088350799700515,0.007800525463790784,0.0003109851968474,0.7378514496706289,2.0767962684412367,0.041304079932739546,0.0009389794431626,0.8672727123815708,2.0874879251346976,-0.3384720320046675,0.0007207366288639,0.7819230211027453,2.1051813191191804,-0.29828760450665576,0.0012721144594252
2025-11-11T0712.122122,213,0.7111897518992161,0.8920731450870797,-0.4832617527822602,0.9408799409866332,0.7356396254234641,0.8367660198647129,-0.49248073234633694,0.9157977104187012,0.7175935698364325,0.8297827503652848,-0.513045095415603,0.925920069217682,0.752787976696816,0.8068264430694632,-0.505622205494525,0.9354625940322876,0.7198391287584712,0.8415131111886528,-0.462315698597461,0.898830771446228,0.7071186799576241,0.8492982780687339,-0.4905524821959288,0.8986538052558899,0.7238740345631655,0.8289050357720911,-0.4770344311535286,0.902831256389618,0.7558263747835653,0.8520427791251909,-0.3964159847068779,0.9488155245780944,0.7380910003585187,0.8370853987383828,-0.23084622225107,0.8985421061515808,0.7479070743811882,0.8921874062244928,-0.4737071423970772,0.9648385047912598,0.738970385946447,0.9071413237245552,-0.4088265799020711,0.9394909739494324,0.8711205589542419,0.9532683025038657,-0.27416208488725424,0.979243278503418,0.6957125660437247,0.96284089300291,-0.012019445086476902,0.9601534008979796,0.9697166261020383,1.019043899399899,-0.33132910063430365,0.3221083879470825,0.6724338927474806,1.1746525225844164,0.2467006513357931,0.2216993272304535,1.0056141502261107,1.2375895249206925,-0.5781598731719403,0.0478082373738288,0.6565072343382187,1.2688643311495147,0.18295219982710315,0.0618204325437545,1.007171840769094,1.2842148895325278,-0.6521197513688387,0.0518107265233993,0.6278957943203847,1.2952825753752353,0.13194353599308886,0.0674836710095405,0.9621363151587882,1.2557206745525498,-0.6968018628854863,0.0749401971697807,0.6168769268175016,1.2392235622696908,0.10135889400763379,0.0882846117019653,0.9999465515826984,1.2498001713745754,-0.6012016985988516,0.0683034658432006,0.6446661800459942,1.2473586739212512,0.13616774384706917,0.0835897922515869,0.8936766736408377,1.4040077726790345,-0.11575275392585833,0.0113971270620822,0.7540398616290311,1.4128052715459252,0.09009957129340927,0.014567763544619,0.8889494773701462,1.7208392263824628,-0.23229548615424897,0.0038390115369111,0.7434905926059644,1.7059275124406235,-0.14964723972850866,0.0048332014121115,0.9177088697347658,2.0051118849077185,-0.05309137493504147,0.0004217496607452,0.7971671402739797,2.027743907790065,-0.05589349151947066,0.0004910435527563,0.9356942865941668,2.053512252413,-0.05838844473357036,0.000304460467305,0.7692563060576944,2.0729074870861433,-0.04937457502700095,0.0009274904732592,0.8926359014495899,2.0820380707874686,-0.39781401132018374,0.0007080871728248,0.8074980962472789,2.095780344337893,-0.3993548499126273,0.00132081808988
2025-11-11T0773.394846,214,0.7546276024799388,0.8900484333762322,-0.5157423018985244,0.9379857778549194,0.7298494635412136,0.8575470915868559,-0.47226194860394166,0.9158913493156432,0.7417791280878706,0.8276053939236516,-0.49469120320469495,0.926086962223053,0.7074659050800026,0.8410703694284649,-0.5094227187524834,0.935574471950531,0.7323183042091239,0.8703881778308338,-0.4734025937088591,0.8981994390487671,0.7001667493461194,0.8476889310427784,-0.4561189331769956,0.8965572118759155,0.6929910420498544,0.8550658023995292,-0.46211721344064355,0.900949239730835,0.7655538767111927,0.8288488935029665,-0.3694013917292089,0.9499195218086244,0.7246621471312448,0.8498172264214516,-0.22510348106450706,0.8995414972305298,0.7450557151434194,0.8851187552652193,-0.4278298089401166,0.9627581834793092,0.7382633521442544,0.9019205904374218,-0.4009584017313589,0.9352640509605408,0.886969506939315,0.958333233194606,-0.21044097303494122,0.9750177264213562,0.7276980394246542,1.0021691906660113,0.015233071746158646,0.9501489996910096,0.9875576294543276,1.0775229555942478,-0.3650457021895161,0.318878710269928,0.6528907357880409,1.1724192991573232,0.1401223714564803,0.2071158438920974,0.9747280154064997,1.1210574516773177,-0.6394577600285178,0.0506134927272796,0.6455008082743049,1.1784223891857442,-0.04595406040164803,0.0593307390809059,0.9838321203957539,1.1497557385838475,-0.7275936463797521,0.0570653341710567,0.6349180449861658,1.2213500222381932,-0.09989743381914903,0.066560074687004,0.961388126505466,1.135874149318861,-0.7185808013632907,0.0810534283518791,0.6494072023459023,1.1884368843344646,-0.12345815194177345,0.0879900082945823,0.9653341728958311,1.1278266530547973,-0.664480160390122,0.072155125439167,0.6285753010019515,1.1928124968048708,-0.0783105786606528,0.0830448493361473,0.8793614969408473,1.4134209355748129,-0.09429358492471093,0.010438279248774,0.7841922598925745,1.4221590429872175,0.0976421664799098,0.0132858958095312,0.8469152955931667,1.6268272304672433,-0.2588429474707534,0.0044892742298543,0.7567703925189937,1.65237474506322,-0.11604879263510849,0.0052299476228654,0.9088560148029762,1.9969969106123038,-0.056067840471466235,0.0004727599152829,0.765197533605923,1.9994617795607965,-0.03609396760888746,0.0005574931856244,0.9270667124652435,2.0530202643799953,-0.05619175861584005,0.0003482217434793,0.7709260150947189,2.0274709029010993,-0.05909207382892055,0.0010297447443008,0.8880570474968783,2.053104179316186,-0.3523241294631822,0.0007732504163868,0.7976173784787194,2.076696589140278,-0.3514754831228542,0.0015357418451458
2025-11-11T0785.248908,215,0.7052621133538017,0.8825981121107912,-0.481310063555194,0.936271607875824,0.7138041094907441,0.8782629881219944,-0.47124798966086223,0.9161853194236756,0.724789390263936,0.8511050582498526,-0.5021881190945019,0.926398754119873,0.7435673415789019,0.8570671417512958,-0.5153124327076539,0.9361017942428588,0.6939969046758754,0.8704947962013905,-0.42396549816504536,0.8980672359466553,0.6857823856082641,0.8580585081770958,-0.4539318439298025,0.8948760032653809,0.6722745006853478,0.8575926545482482,-0.4672746817892001,0.9000978469848633,0.760961539235594,0.8775217263356074,-0.33223421647464607,0.9512794017791748,0.6893506742314254,0.8730597382355206,-0.18725028462020848,0.9006720781326294,0.7538229237713654,0.9019109745188874,-0.40067338930335167,0.9613664150238036,0.7001593848043307,0.9261568490374328,-0.39148796220746584,0.93259459733963,0.8796441425564545,0.9543493447632814,-0.18481781251270973,0.9727839231491088,0.6896129176559458,1.022948991759039,-0.008796362250978376,0.9451149106025696,1.0127050774478412,1.0471688268427126,-0.3818729057222278,0.3123136162757873,0.646365279553881,1.1916617332432138,0.09384675266848654,0.1959557086229324,0.960721781807843,1.1364586675811335,-0.6553228591635478,0.0510291047394275,0.6790446073173798,1.2189186162493963,-0.17611292958771543,0.0563243813812732,0.9592277623542633,1.1519795034639333,-0.7454622131707559,0.0588461086153984,0.6884520410878348,1.2396421270740001,-0.2177118926217145,0.0643422156572341,0.9318147378529029,1.1241650240203502,-0.7726799476413079,0.0828442424535751,0.6877925211645142,1.2178526178805882,-0.26879183095474973,0.0857513397932052,0.9430099204793078,1.1318685263394215,-0.6693896573384971,0.0728218257427215,0.6823686204492159,1.217209678701821,-0.20798040593266365,0.0808776691555976,0.8703828695396384,1.3599174081318044,-0.08965062363970883,0.0097251236438751,0.734163750640566,1.3926256921586013,0.06574651067842692,0.0122999772429466,0.8722830943621335,1.6622195674621738,-0.288375225103368,0.005061978008598,0.7322380051651667,1.6462177551569486,-0.18281701485039809,0.0060985526069998,0.8958972730688971,1.9526190649974364,-0.13808407917379933,0.0004860121407546,0.791369583550801,1.9530626243102756,-0.10737995240264359,0.0005944829317741,0.9403858629835997,2.02383110300664,-0.12486623431304464,0.0003646259428933,0.7609738579397195,2.0265842998583987,-0.14494305818198822,0.001103438436985,0.867215768560431,2.0293951543452877,-0.49697910943487483,0.0007958185160532,0.7859709829358451,2.0453224133926353,-0.4173970294505768,0.0016860965406522
2025-11-11T0729.159960,216,0.7058832091914066,0.8910914022186242,-0.45560869434823803,0.9407911896705629,0.6669920325316273,0.8640649960760493,-0.45638971323340505,0.9218544960021972,0.6813735182442032,0.8762056508326261,-0.49849324807525314,0.9317603707313538,0.678006731315162,0.8565120957430321,-0.4783372035009216,0.9404937624931335,0.6451834027438499,0.9031641130646421,-0.3996044350778491,0.90433007478714,0.6838390700709952,0.8567216283342531,-0.4145709504370549,0.9015584588050842,0.6813501203436192,0.8784870004822836,-0.4111748207082949,0.9059871435165404,0.6987253857264772,0.8837887147130261,-0.374054334196163,0.9549843072891236,0.7106031167882015,0.8638912531720986,-0.16881132510460536,0.9069383144378662,0.7271728446489474,0.8815567195574062,-0.40313992032201057,0.9639996290206908,0.6907582426791533,0.9094524900340106,-0.3562943757760378,0.9363747835159302,0.8787115991984308,0.9462741567557553,-0.20561401559447287,0.9740548729896544,0.695471288070611,0.9819594886131934,-0.015928957445448533,0.9470457434654236,0.9590558114106863,1.046577467244131,-0.2630954460274579,0.2966493666172027,0.6801892149108981,1.2090099147699773,0.13182886471481034,0.1830457895994186,0.9812500137927506,1.2610904038538198,-0.4632974512609429,0.0482325330376625,0.6628919287984589,1.3408704415070078,-0.05032101120805314,0.0520160049200058,0.9516595911938663,1.3204873302254818,-0.523130029394597,0.0562287829816341,0.655460667467816,1.370702127991741,-0.1453048869033694,0.0597644858062267,0.9361532182182661,1.2786703856108719,-0.558070288868781,0.079853743314743,0.682761388483702,1.353216867975444,-0.18758005869834407,0.080342523753643,0.9429290019754916,1.2918293164673302,-0.46555533955249173,0.0697476714849472,0.6951050695893701,1.3449714637260484,-0.11772419719372018,0.0757224410772323,0.9034445720412798,1.3845905756631685,-0.08289733764739332,0.0088016577064991,0.7083187743374962,1.402421400906801,0.08059564236736456,0.0111232828348875,0.8712225001747949,1.6552691037601281,-0.31460940570194657,0.0046911719255149,0.7199072702900257,1.639911695571414,-0.08894526086810345,0.0056577939540147,0.8957229454547146,1.9836408527881362,-0.03964405277549658,0.0004575730999931,0.7946838083517964,1.9680234185328915,-0.024657569746033288,0.0005496741505339,0.926994833323732,2.024453346448556,-0.02862830077423916,0.000343833991792,0.7668006631222728,2.0107750687366615,-0.02475466454219704,0.0010208528256043,0.8738717213726526,2.0606479063278655,-0.3679460126881783,0.0007464188383892,0.7973502856433284,2.058278948466972,-0.42531077016040336,0.0015636251773685
2025-11-11T0765.789122,217,0.6714450728056526,0.8849383624685359,-0.4720947774579362,0.9458163976669312,0.6534005976028364,0.8875821354447638,-0.45797506995909415,0.9282842874526978,0.6724153578581697,0.8351275532191768,-0.47782598229967116,0.9375461935997008,0.7057227390192754,0.8540518967066231,-0.45562618429783,0.9454289674758912,0.6603443357719486,0.8544167389277707,-0.41719520094034207,0.9114890098571776,0.637536389658956,0.8797785397317718,-0.41403719182094184,0.9089245200157166,0.6699699297545458,0.8817998701582075,-0.4179823370812653,0.9125731587409972,0.7018269153768986,0.8698412065818414,-0.36086207355720956,0.9589200615882874,0.6774450840303943,0.867187432426172,-0.12725983619976933,0.9137375950813292,0.7051921732760511,0.8874259274267721,-0.4268389168421032,0.9669747948646544,0.6823760787280234,0.9257508880505291,-0.33978795540243517,0.9408001899719238,0.8886696326458651,0.9568732153000717,-0.25826782782689434,0.9760369658470154,0.6478802221729142,1.0058243322860603,-0.003739616395580309,0.9486623406410216,0.9418104870611961,1.0143349499691314,-0.30084376275927754,0.2898128032684326,0.6795366175770059,1.2084043863292508,0.1532296004335184,0.1690580695867538,0.954491721305282,1.2964720897090418,-0.4592502911543628,0.0476351082324981,0.6819588592072556,1.3466733822108634,-0.0983237488808223,0.0479779094457626,0.9601874713040042,1.3045341959138086,-0.5513832827809072,0.0564736649394035,0.6595402597497689,1.393080588067398,-0.15537633717799865,0.0556415691971778,0.9395614103483325,1.3397557029742113,-0.5811026936290797,0.0818032473325729,0.6854574817183793,1.3689925694891838,-0.23711687174041976,0.0756746232509613,0.9186038238350976,1.3172916534198076,-0.5062038207632403,0.070527546107769,0.692225445311784,1.3701022365644384,-0.1519003510907217,0.0713745579123497,0.850536679676432,1.3741306060292866,-0.08800411971387198,0.0079331630840897,0.7237615860505988,1.3712705231343545,0.09711101363857122,0.0100215710699558,0.8935565867068962,1.6921041522624838,-0.22742247777547436,0.0042567355558276,0.7224638715546188,1.6465843781255147,-0.026895642890868,0.0051335440948605,0.8913904204753228,1.9550327520543906,0.08826209777539586,0.0004190244944766,0.7663100786078384,2.0099675473723417,0.16516669154762165,0.0004983874969184,0.8947178130643022,2.000694998879519,0.10257186941814404,0.0003140156914014,0.7728105922981201,2.0184917333760684,0.17573870163799776,0.0009273454197682,0.8484567794717714,2.029503684034706,-0.2820447005183768,0.0006832412327639,0.7697354861291261,2.037134536030643,-0.17236805114835138,0.0014239802258089
2025-11-11T0794.441596,218,0.6298997806538535,0.888323471530093,-0.3659033431247146,0.9507094025611876,0.6755377661897098,0.8630587837071816,-0.3997483006512365,0.9345657229423524,0.6425125692916459,0.8459754763363855,-0.390700002388105,0.9431766271591188,0.663827970052273,0.8301956287204342,-0.3966807029025187,0.9502822160720824,0.65119379366989,0.8754455721928156,-0.3103259335215167,0.9187847375869752,0.6351259555199165,0.8923336274408167,-0.3425042308159841,0.9165723919868468,0.6768743362585732,0.8830484598138323,-0.3709399920916093,0.9196556806564332,0.6879300492602104,0.8373507979275172,-0.35553092658458046,0.9626431465148926,0.6889041073489628,0.8809846728201581,-0.09877488667781467,0.9210413694381714,0.7000764062233328,0.9241737798773012,-0.3601325378260217,0.9698231816291808,0.7257843881809016,0.886986594441904,-0.2382274148446728,0.9452863335609436,0.8593035757784867,0.9404848469998558,-0.2322609235673878,0.9777382016181946,0.6621987122590924,1.0017525584025977,0.06272547698449936,0.950961172580719,0.9534512245175154,1.047551945611007,-0.26624330330440255,0.2826851606369018,0.6433463548438655,1.2274550843165795,0.21161704420004232,0.1573814153671264,0.9618579738176153,1.3263997164928807,-0.39184963098263204,0.0490750335156917,0.6573446342521797,1.340819818979377,0.032411604031056314,0.0447605103254318,0.9623378924600007,1.3892312372826838,-0.46352639649299776,0.0579804666340351,0.6461214086607056,1.404853398465974,0.02370460158762447,0.0522369369864463,0.9626753168036484,1.36325658422597,-0.48848640039148783,0.0851050540804863,0.6504999284603507,1.4030171759305976,-0.04819114850193649,0.0719019696116447,0.9321008081681326,1.3588291155329635,-0.4012565157144825,0.0735310763120651,0.6800707345907182,1.3918730085720903,-0.00638024198887634,0.0681408643722534,0.8511939792740468,1.3549639791057884,-0.08528517244999295,0.0071547315455973,0.7428409351306577,1.387627103923541,0.0840466525841312,0.0090354699641466,0.8626233192165529,1.7022792889325296,-0.1998781607888213,0.003841089317575,0.730753506200627,1.6709626247462792,0.028077823091152594,0.0046366499736905,0.8820334338964394,1.9585726655747602,0.11667247674056618,0.0003794687218032,0.7387086721669689,2.008291949652052,0.2079086293212451,0.0004502182709984,0.8936292507867036,2.0417651109859714,0.1623855713923486,0.0002846755378413,0.7507955642618127,2.0364530706964907,0.19098168676453883,0.0008391452138312,0.8201185700886565,2.077493587250138,-0.20730643498708273,0.0006199851632118,0.7780446682955892,2.0573145993267157,-0.12203935732139944,0.0012958942679688
2025-11-11T0774.490669,219,0.6856113612195412,0.910204336042441,-0.33189867128934064,0.955261766910553,0.6491152724850705,0.8320914166626441,-0.38282570750771355,0.9405467510223388,0.6764277428953624,0.8770546847591639,-0.3748130496342146,0.9484952688217164,0.6702365445581758,0.8427496326655134,-0.37391824072957064,0.9548718333244324,0.6345713471628622,0.8297020392269082,-0.32128482520834606,0.9258763790130616,0.6201743774420891,0.8491232525143484,-0.3391390393264043,0.9239991903305054,0.6314716275415784,0.8629703868531237,-0.334707425990834,0.9265841245651244,0.6742688606492908,0.8551405503972096,-0.33754199362440174,0.966161847114563,0.6229401267098239,0.880199426826804,-0.09992424343553466,0.9281820058822632,0.6839363529256036,0.8788881479100638,-0.3291732992685576,0.9725525379180908,0.6469478670578516,0.932247478192692,-0.24876208856197232,0.9498317837715148,0.8509138645926323,0.9281349695968589,-0.2584024950178326,0.9795004725456238,0.6516089563809311,0.9872828113610449,0.0694790687030471,0.9539664387702942,0.8877587326686915,1.0780485499605548,-0.29360900756849234,0.2735979855060577,0.6159682790943893,1.1969625766336678,0.22990669257928614,0.1467726081609726,0.9275302786131316,1.319535851673826,-0.3967298518846338,0.0496545173227787,0.6389177737856865,1.3633441934661146,0.1403145167406108,0.0416141562163829,0.9824586572442159,1.3870835724209074,-0.4513737648510602,0.0584201253950595,0.6592861266444341,1.4141100970817686,0.08624945264840833,0.0487660616636276,0.9815542440832181,1.3834127927461621,-0.49490959107623705,0.0869693681597709,0.6316227671966831,1.386543753084609,0.03163034507519563,0.0679314360022544,0.9462506672308879,1.3598822735472087,-0.41085920803666903,0.0750163197517395,0.670193912782004,1.368560947718176,0.06917352125411223,0.0645631998777389,0.8215697878564984,1.3671170729558773,-0.10575024451245332,0.0064524756744503,0.7188221634018147,1.3899889019199518,0.08773600344244958,0.0081465737894177,0.8439848349843332,1.6998457590858755,-0.17941694751251508,0.0034654845949262,0.7336939397876415,1.680149209678501,0.09645850660476582,0.0041862563230097,0.8521531267333493,1.9833006413060306,0.13256162970044003,0.0003442182787694,0.7118523900315686,1.9743852396481056,0.2545504076153353,0.0004064748063683,0.9029767753639243,2.003275554527116,0.11133903525236766,0.0002586460323072,0.7274425093676479,2.038140485607092,0.2960603936247431,0.0007594867493025,0.8492953823369866,2.068130007197433,-0.20689271930761605,0.0005633205873891,0.7400480570128637,2.050635924108363,-0.05624039444780489,0.0011778103653341
2025-11-11T0742.809271,220,0.6412922704843548,0.8519756541203259,-0.301649254405256,0.9593850374221802,0.6623019281288535,0.8523280631554243,-0.32881252654504456,0.9459619522094728,0.6556273622847557,0.8367407105913897,-0.32891510705332655,0.9532294273376464,0.6485691649532768,0.8209403773063422,-0.3222603219072503,0.958992063999176,0.6358886756235574,0.8398265243626162,-0.2860949804357698,0.932396650314331,0.6205817485710149,0.8705316920030746,-0.2813574115076765,0.9307523369789124,0.6322291203692094,0.8663032860589958,-0.2807501195523544,0.933023989200592,0.6804267093767371,0.8306264782129711,-0.31859103649170506,0.9692765474319458,0.6435950511352039,0.8892043244163397,-0.06507720682012036,0.9346453547477722,0.6670836002798727,0.8735752868677672,-0.2864944181450066,0.9749817848205566,0.6622435779898335,0.8900512825248815,-0.21437536395749465,0.9539218544960022,0.8195557036455389,0.9437776102516923,-0.24985599793586133,0.9810830354690552,0.6487440405845664,0.9945595669037827,0.032055160020844575,0.956136167049408,0.9146022908900806,1.104192191241129,-0.2883291811107914,0.2649658322334289,0.6246720517303868,1.1992940917932866,0.2035187370895261,0.1362371444702148,0.9499832546634249,1.3078007386977797,-0.3846307131331459,0.0486850328743457,0.6321465590749732,1.3476946231981266,-0.051200736451834684,0.0381984524428844,0.9784367912799276,1.3772829728338563,-0.4475952686097876,0.0574879087507724,0.662411249173022,1.384913406479109,-0.019168203013052,0.0449897646903991,0.9382039172857913,1.369038998747043,-0.5027838096302252,0.086747720837593,0.638105253938939,1.4114679625033322,-0.006529738943591737,0.0632455125451088,0.9629598938155219,1.3591245285030533,-0.4505660790286449,0.0748729333281517,0.6130123799561424,1.3669629295970847,-0.041579475536388855,0.0603791512548923,0.8317094898434573,1.3643619082841947,-0.08610062275461368,0.0058129196986556,0.6832707027843028,1.3877303234901675,0.11270628273955194,0.0073388470336794,0.8560811730920107,1.6995122852869604,-0.0544194455809866,0.0031219993252307,0.719616114350168,1.7107473432496465,0.13375375700932443,0.0037710254546254,0.8604393423066781,1.9732130623068145,0.2961335341042197,0.0003104898205492,0.7034824036979384,1.9845372321279715,0.4177942345236181,0.0003661594528239,0.8786409568221143,2.02911841763709,0.3170875725629731,0.0002332742878934,0.7090751199790561,2.0225301966312865,0.410004385444684,0.0006846262840554,0.8476777554315742,2.0604262320145597,-0.009815676417171905,0.0005086564924567,0.7344229372214581,2.070873073825996,0.10066600827531522,0.0010637623490765
2025-11-11T0755.830883,221,0.6068834954091522,0.8641313542160314,-0.27003755341031727,0.963173806667328,0.6106384106134833,0.8076274596287548,-0.3038125138223669,0.950986921787262,0.6073308366740077,0.8147149333955024,-0.30600609318508953,0.957587957382202,0.6077326623720448,0.8322428321957415,-0.3220722861626814,0.9628056883811952,0.6282692531662276,0.8384539279064483,-0.2149778084768359,0.9384742379188538,0.6122360154403487,0.8515557545903988,-0.22236243806805314,0.9369809031486512,0.6181108775777966,0.8487490628976744,-0.23396515480533198,0.9390015602111816,0.6456252324849738,0.8451802836827557,-0.3327019044987232,0.972176432609558,0.6099292532368662,0.8589820942500201,-0.028344607258584568,0.9405508637428284,0.6248118202171221,0.8693403847150473,-0.29182257969845216,0.9772640466690063,0.6335900722018993,0.8778666440430076,-0.17072995073354455,0.9577905535697936,0.8295925477331918,0.9170486694761404,-0.3018265616193187,0.982699990272522,0.6470236199348859,0.970013677305777,0.048077643368701295,0.9583842158317566,0.9416571869614027,1.0720427689207521,-0.3596290255161504,0.266937106847763,0.6324740288465831,1.2054294471050127,0.1803693740014642,0.1281272768974304,0.9676548720748789,1.3051799361081946,-0.4188885428444409,0.0494092479348182,0.612624300874611,1.3272276940108296,-0.11069774595169679,0.0353440269827842,0.96547732999712,1.3631634491217413,-0.4790919740616255,0.0582532696425914,0.602439991782339,1.396316295004184,-0.1568709980682292,0.041959673166275,0.9530231439904948,1.3736778314194424,-0.46782839987308045,0.0890126675367355,0.6097377194208059,1.3634691435666124,-0.1641647127148269,0.0597483068704605,0.9485761590764744,1.3506188082945514,-0.4141849226591236,0.0770719945430755,0.6332982898852353,1.3584475576276736,-0.1478387200561664,0.057388599961996,0.8479285212084167,1.3790636961586644,-0.10334882929340537,0.0052381474524736,0.7045215103340396,1.3856323136971371,0.1153928823267893,0.0066120009869337,0.8304323562420638,1.6954906091051225,-0.11867577280357774,0.002813130384311,0.710346926464102,1.689197773722488,0.15498483381370248,0.0033975599799305,0.8722802513110962,1.9778595588031915,0.2574367197536159,0.0002798131899908,0.7480208631032107,2.0007502949272906,0.4191779983267776,0.0003297681687399,0.8772810141927293,2.021675977510011,0.28518805765898714,0.0002101879072142,0.7412676759845299,2.0322067818961163,0.4737573796414286,0.0006169641856104,0.8510621688958903,2.0667653136724757,-0.0675180568604177,0.0004587389121297,0.7302733425740255,2.0638414660537743,0.13435355546991704,0.0009597016614861
2025-11-11T0764.979867,222,0.579047464913149,0.8254539069194262,-0.2638887516026534,0.9662944078445436,0.6112708188509641,0.8381685289740705,-0.30889499911458407,0.9551945924758912,0.6079158884573759,0.8300413697284879,-0.3345863701389125,0.9612407684326172,0.602298167032848,0.8204909780131433,-0.3177349607861338,0.966015875339508,0.5809174825428606,0.8231894518573672,-0.24506521406425946,0.9433690309524536,0.6032679532627252,0.8052794216886286,-0.2578194803467282,0.9418958425521852,0.5840767386020994,0.8685884669676102,-0.24810667988647886,0.9436930418014526,0.6223319900329556,0.8008016420420953,-0.34007094051414216,0.974681317806244,0.5915826277262848,0.8445845477449582,-0.066047300100896,0.94527930021286,0.6403742733308299,0.8709600160910785,-0.296286926504282,0.9792059659957886,0.6321882004906549,0.8568910961222523,-0.18655697152672013,0.9608917832374572,0.8059598783705909,0.9114234079131918,-0.41815332195400606,0.9842293858528136,0.6025547250352021,0.9880861931566246,0.05597286022898154,0.9603006839752196,0.8798180517816607,1.0419145245400607,-0.43727642585304527,0.2748260796070099,0.6231305933168808,1.2140284632191776,0.1651960492859222,0.119689330458641,0.9717581805121559,1.2940288496386383,-0.48585814609317235,0.0494243241846561,0.6277056410571468,1.3647606612191927,-0.07626710531186529,0.0324302166700363,0.9646035079386052,1.359078491517,-0.5516939605530816,0.0578536763787269,0.623716623934843,1.400502382259636,-0.10509278839246815,0.0387559756636619,0.9433731288448297,1.366164123213794,-0.5237797213913856,0.0890512317419052,0.615107091345156,1.4300788317882605,-0.1437008213683232,0.0556751936674118,0.9082303554707519,1.358658655024107,-0.5195604633414151,0.0770445764064788,0.6223645975079045,1.3440184993613238,-0.11813639399926051,0.0537098310887813,0.8193416227636043,1.352152615765196,-0.14250637563387952,0.0047211442142724,0.6858213838533733,1.364765167372266,0.15509713083901472,0.0059577287174761,0.8287516730740275,1.702678488394994,-0.08767880820588612,0.0025344626046717,0.7241888565989031,1.6688330308086634,0.21860137325458218,0.0030610414687544,0.8778577335349395,1.9588902716386465,0.3023252822930976,0.0002521108835935,0.7118789270662755,1.9773306315403543,0.5185352123332304,0.0002969549095723,0.8813884791141186,2.008713179929621,0.3398839700111399,0.0001893513835966,0.7376592410420023,2.0246470245688655,0.5312702678486445,0.0005561042344197,0.8357854754568242,2.0647704870279395,-0.02081692454438994,0.0004135273629799,0.7290566221790128,2.097890505036239,0.22103293919150804,0.0008655497222207
2025-11-11T0784.174623,223,0.5650037450362863,0.8640387071498037,-0.2637258548378717,0.9690880179405212,0.5715552895841297,0.8185118148843632,-0.3024363483519746,0.959062397480011,0.5841226142292401,0.8269295013131304,-0.3192244691745306,0.9645308256149292,0.6064183804968409,0.8013808219491245,-0.29723324942610607,0.9689697623252868,0.5682035199719172,0.8412057153905975,-0.2539658309692582,0.947748601436615,0.5548678764798203,0.8341264181166703,-0.23801895000699055,0.9461079239845276,0.5717252470769196,0.8271444851114007,-0.23346825633861312,0.9479459524154664,0.6344481330709549,0.8158603258599713,-0.36454055771061594,0.9769878387451172,0.5875253958988225,0.8474363358308745,-0.0032293925841155153,0.9492729306221008,0.609453606473033,0.8787746914466119,-0.27457841467053923,0.9809597134590148,0.6025614132314135,0.8651480590640646,-0.194623322109027,0.963645040988922,0.7782647650900364,0.9120896828586297,-0.41906718491788475,0.9856441020965576,0.6284353137918162,0.9588013752699049,0.1886341792625325,0.9597374796867372,0.9212282209456686,1.0318881488340341,-0.5283142684841797,0.3039788901805877,0.6284672604200913,1.1755646083450817,0.25780444077197606,0.1107466593384742,0.9106815611345865,1.2988642469804978,-0.6420231509234958,0.0535364188253879,0.6285881212658759,1.32956301503964,0.002463526611895678,0.0298115015029907,0.923226131333035,1.3417496151169694,-0.7039222690896106,0.0620933249592781,0.6000028072310978,1.3868154046728942,-0.0075012445020013994,0.0359650738537311,0.8771962554072975,1.360416354021484,-0.7001473525361994,0.0964729115366935,0.6061730009739584,1.3924643321365113,-0.07558289469492534,0.0521987490355968,0.8680360749940362,1.34292137744889,-0.6061412004155543,0.0818198397755622,0.6276144526425523,1.345628576535066,-0.040432172308589885,0.0504695028066635,0.8145598262108331,1.3665761778136742,-0.20424087116330755,0.0042618638835847,0.6834002166627638,1.346235087203388,0.19076561419502971,0.0053710965439677,0.8224102769738099,1.6839729691134553,-0.14894258136449512,0.0023142804857343,0.6779474606915097,1.6934437953201964,0.2208797981672137,0.0027874249499291,0.8513933086459282,1.9783988724307757,0.21242728517475307,0.0002290215052198,0.6915475574497865,1.969187898278846,0.4807342744143859,0.0002686732041183,0.8444563641410111,2.021828133711649,0.2569563626020535,0.000171628431417,0.7225957310591756,2.0042919717430205,0.5015941604108108,0.0005078379181213,0.7830497514954166,2.0789928131711672,-0.1261341452935157,0.0003759650862775,0.6962153171939535,2.0983891151331724,0.20162882332240262,0.0007870382396504
2025-11-11T0753.325846,224,0.5701529811585337,0.8379812368879598,-0.24026629118568688,0.9717538356781006,0.5599104194356535,0.828898758439461,-0.30771039773377684,0.9626837372779846,0.5704941714544589,0.8518242281482584,-0.28389441239797947,0.9676515460014344,0.5609521144923696,0.8405477872752327,-0.29074656955546524,0.9717425107955932,0.5619751103970466,0.8404620921839471,-0.19556484825445253,0.951978087425232,0.5434047487058098,0.8351724215219263,-0.23990748945257342,0.9503055214881896,0.5531959564452108,0.8402820214765861,-0.19238142246730758,0.9520370364189148,0.5804105456084959,0.8241664531181372,-0.36370623407135194,0.9791261553764344,0.5777059240073507,0.8017575339444467,0.035252150259530095,0.9531858563423156,0.6491853464371956,0.8780608414758015,-0.2565325907598073,0.9826482534408568,0.596065382697886,0.8923367796369571,-0.16319448974095357,0.9664369225502014,0.7789730149517097,0.9078824058732519,-0.4094702035036445,0.986979842185974,0.559004529812693,0.9752124032011774,0.15457411927111886,0.9613569378852844,0.8812973491397583,1.0480870514018843,-0.4996233591880293,0.3375610411167145,0.5913958508949153,1.198579974341294,0.3247536140606494,0.1035023182630539,0.8876520504538605,1.3303788395151632,-0.5828118433971445,0.0583489537239074,0.5611635242671209,1.3342443618591269,0.07403201246727963,0.0278711020946502,0.9109812579898952,1.3545355513435773,-0.6713827884975435,0.066119872033596,0.604544301560809,1.3837477798985502,0.07252393997978715,0.0340624488890171,0.8705335153725663,1.394349445188789,-0.6788597119451464,0.1034295186400413,0.56620309796714,1.3728542684997243,-0.025197667616596565,0.0502203702926635,0.8603534723062501,1.3690716079352105,-0.5859759243836595,0.0866672545671463,0.614683267984353,1.3159971526215042,0.01428809092812839,0.0486706718802452,0.7959722326068381,1.3321546768201005,-0.1812230012768635,0.0038467831909656,0.6594160993804721,1.3444208140757354,0.19891062632500797,0.0048414166085422,0.777196013350627,1.694530858107332,-0.19491517489198162,0.0021029356867074,0.7022164375118989,1.6906947905188272,0.214928212541878,0.0025262131821364,0.8445529320296741,2.0150134722387714,0.15312562207255498,0.0002072303177556,0.7066771720994396,1.9862356530262533,0.4502937720924996,0.0002424678095849,0.8651283851113352,2.0685500588074963,0.14930963724156032,0.0001551418681629,0.6869329213196299,2.0291105031614256,0.4743505824959245,0.0004606048460118,0.7934054932133404,2.0839621777604194,-0.15774617573327962,0.0003405047755222,0.6781801157764863,2.054727493330277,0.18301157234280324,0.0007125923293642
