89.997145,frame_idx,,,,,,,,,,,,,,,,,,,,,,,,,,,,,,,,,,,,,,,,,,,,,,,,,,,,,,,,,,,,,,,,,,,,,,,,,,,,,,,,,,,,,,,,,,,,,,,,,,,,,,,,,,,,,,,,,,,,,,,,,,,,,,,,,,,,
2025-11-11T0768.686543,0,0.4383801792275397,0.12558886610249342,-0.7303952215115108,0.9997187256813048,0.4564065805568715,0.09271919681427611,-0.6750917530207649,0.9993882179260254,0.4848174112490121,0.09271258711080262,-0.6667740386637171,0.9993000030517578,0.45851959433798944,0.10103851279263255,-0.6710438766786326,0.999377965927124,0.42185698721568143,0.08075990278752254,-0.7143376874969976,0.999520778656006,0.4073125609789163,0.09146289825814406,-0.703125943091302,0.9994992017745972,0.3935674896187933,0.0836363288388943,-0.693176973293346,0.999559223651886,0.4870594808825581,0.12590057660225698,-0.4052763296313904,0.9992187023162842,0.39210606476566445,0.10030500227388955,-0.45700607106731855,0.9994958639144896,0.46237681329015135,0.16167731992686785,-0.6288307975217555,0.9998809099197388,0.41031591907352727,0.2146185337425091,-0.6248084638904379,0.9999139308929444,0.5460722343446357,0.4048617141661734,-0.3319530004216498,0.9998881816864014,0.2532126502429362,0.350756149559599,-0.35634691086156106,0.9998340606689452,0.5949800069850362,0.7339831543367324,-0.2644524126883981,0.9640586376190186,0.11318424871133065,0.6884472851930058,-0.30335029589041457,0.9472246170043944,0.5844860421166805,1.0429879520979413,-0.3718601556865494,0.3024732172489166,0.08018091981925028,0.9723673750532091,-0.5392913373816988,0.2841476202011108,0.5855958517250608,1.1074332514669785,-0.35617974244682227,0.1548146307468414,0.03398020755851095,1.1063840109215697,-0.6262822973599635,0.1504895389080047,0.5575994676239481,1.1484391126190066,-0.44579171769880854,0.212970495223999,0.0683994633399108,1.1362993144133822,-0.6640225813185394,0.1989845633506775,0.5170477277355939,1.056118201122504,-0.33497677662764985,0.2434407770633697,0.06429214035781937,1.1055857634886959,-0.5857277709908072,0.2313209027051925,0.4354489221827872,0.9393746634926364,-0.047942710678221964,0.3968375623226166,0.2734403743542593,0.9704371796309413,0.0765630829809131,0.3631883263587951,0.439555052162987,1.4344404988700847,0.22054448472470004,0.0102710062637925,0.24810217325572456,1.4301215862939078,0.3174126687370158,0.0046524195931851,0.4034083954450636,1.8291286380682674,0.8363843740763572,0.0009128763340413,0.2215448401778224,1.806282699181058,0.797152424932456,0.0004224404110573,0.4369624060279027,1.8532980904830534,0.9143235549547265,0.0011311586713418,0.25279627357018397,1.8536011561501238,0.8621131727217047,0.0013476021122187,0.4159944145327118,1.9547617607853485,0.5905622168329908,0.000646561558824,0.23197321499704535,1.930954163463682,0.4765205597948508,0.0004404899373184
2025-11-11T0772.551172,1,0.4472873593928483,0.14475716518823312,-0.7605355948436563,0.9997122287750244,0.4770084071232512,0.08854223968864017,-0.701739631096079,0.9993762373924256,0.4516021916044517,0.0718483492463364,-0.7243056963408905,0.9992916584014891,0.46168546967486324,0.07774829526465289,-0.7199993096853196,0.9993632435798644,0.4193735457893972,0.07497862489129128,-0.7281984734791963,0.999508798122406,0.435167239099057,0.05957104078795475,-0.7152464632304645,0.9994896650314332,0.3878228669373456,0.06962199967199907,-0.7407011999194553,0.9995453357696532,0.4823712226732326,0.1244463023118305,-0.41401506657843656,0.9991902112960817,0.3900692349521336,0.06097655200569592,-0.46735527103091495,0.9994805455207824,0.46519368799640454,0.16988091176924963,-0.6948895894874934,0.9998754858970642,0.4184669959947398,0.13883892861463648,-0.684914732709718,0.9999092221260072,0.5479653884018622,0.41369964744279575,-0.342314929745754,0.9998846054077148,0.24630115515102563,0.3355612788692405,-0.3229112388709417,0.9998342394828796,0.5876347790062232,0.744958907631841,-0.2815758789969709,0.9571024179458618,0.1505726042934844,0.7019623146115139,-0.2863962558516063,0.94347482919693,0.573959098157861,1.0161198767676132,-0.5026903940885886,0.290385752916336,0.03450968602326042,1.015428545290536,-0.5125454875414166,0.2748130857944488,0.5681352229474331,1.1018301642871022,-0.5951853157446063,0.1495229750871658,0.016376415683159347,1.1216575170063083,-0.5861953066901182,0.146338477730751,0.5332488635786171,1.0997171866334017,-0.6505430863116834,0.206289067864418,0.036002989123188514,1.1264475342905902,-0.6554242696516017,0.1944903880357742,0.5251578699997627,1.0883185204631212,-0.5179608940169627,0.2349098771810531,0.0332994834830351,1.0964170243893752,-0.5766896940137113,0.2270086258649826,0.46278535211717436,1.0081170878834138,-0.07093059684343539,0.3720227181911468,0.24765457321824877,1.0119047825023724,0.022328924511670588,0.342558205127716,0.43255957998279465,1.4547029791456532,0.19599427368911312,0.0097266975790262,0.2533579388211427,1.5111352183856215,0.3201084057597774,0.0043913023546338,0.42158674005178665,1.8982844048294094,0.8711993711048609,0.0008675447315908,0.25116987568773963,1.8769457840940753,0.7963979836661648,0.0003980475303251,0.41048974973618013,1.956115386832882,0.8962122009469086,0.001068216166459,0.2184353452876369,1.9748698623115266,0.8645683325860289,0.0012853639200329,0.35958233798487305,2.0495004660261165,0.5534076957795614,0.0006128376116976,0.24761653000725906,2.0378533028151824,0.44211604570756025,0.0004205443256068
2025-11-11T0759.880080,2,0.4447587496492084,0.11774806372412516,-0.6842966820470595,0.9997199177742004,0.47237428269896553,0.06788363270030225,-0.6470634538030339,0.9993886947631836,0.4526881539807468,0.09017658829496486,-0.626708052528674,0.999316394329071,0.4772109612067343,0.07986804713453866,-0.6409670772457804,0.9993778467178344,0.41910776054297644,0.08284587225708506,-0.6244442698265233,0.9995138049125672,0.38990131808375367,0.06506191940108114,-0.6689869506626093,0.9995005130767822,0.3827493778379567,0.06726055031418521,-0.6449470251635271,0.9995458126068116,0.47911648343360663,0.07352975812430179,-0.393384035149595,0.9992090463638306,0.3528213164399994,0.09184207413584336,-0.42355992081841304,0.9994840025901794,0.44751544169954616,0.17091883026280738,-0.5790405046471122,0.9998746514320374,0.401071511031378,0.16951894000184922,-0.5845707320258814,0.9999075531959534,0.537920995201013,0.41239720868703833,-0.3148629442431505,0.999886989593506,0.24893611933638263,0.3304065573192829,-0.27135736791577914,0.999836802482605,0.5928512142081185,0.696996906855909,-0.27401087119642076,0.9515798091888428,0.15243671079224397,0.6917825173058622,-0.22516080668361355,0.9343931674957277,0.5724599196121729,1.0050713364393247,-0.47110166683315646,0.2889333069324493,0.034791682059183086,1.0072298968842075,-0.4531840279685985,0.2644024193286896,0.5641561463242457,1.084604380026914,-0.5773658660961668,0.1506312191486358,-0.017370347959697205,1.113786028866896,-0.520144126298096,0.1425011903047561,0.5265179574466001,1.0938224373234602,-0.6030306357807014,0.2085367888212204,0.0014747313490178875,1.1195261973416686,-0.6061291237647853,0.1904613822698593,0.530276443698706,1.0321172634350042,-0.4912917936104505,0.2344992160797119,0.05387596095769501,1.0851793500944438,-0.5114625107577696,0.2225092500448227,0.4583548144332879,0.9731194766819017,-0.04729207535761111,0.341548353433609,0.25217823565334363,0.9691626079319807,0.04218840938254684,0.3152483403682709,0.443169220298493,1.4729947334881035,0.1714671521134261,0.0089580183848738,0.239176653670627,1.4967653734472355,0.26441665468586595,0.0040247533470392,0.41671241527350134,1.9051769018491151,0.77722462856361,0.0008087768801487,0.2207679086022029,1.8964406780120575,0.7412455517864315,0.0003694019396789,0.4366842354128254,1.9953424408060396,0.815537934767843,0.0009948725346475,0.21549153559371567,1.983638246339935,0.7668316024547787,0.0011986781610175,0.38713134734446086,2.0212010234332576,0.4356888249369153,0.0005778606282547,0.2549737544246507,2.043859746592783,0.37285052608189406,0.0003969319513998
2025-11-11T0776.521298,3,0.42637220658530595,0.09926993775955266,-0.6374233387139792,0.9997090697288512,0.4535431131986487,0.07462847756817718,-0.5765864598434942,0.9993573427200316,0.4406726466699,0.08085285120806678,-0.5568012729703117,0.9993049502372742,0.4988872518829895,0.06166438902488133,-0.6073640861380192,0.9993546605110168,0.40832758065436825,0.06741875264777016,-0.5996215486185454,0.9994730949401855,0.4004233411346609,0.07861534941379848,-0.5875485000070079,0.9994701743125916,0.38040163320423487,0.09041783572238622,-0.5922227171138358,0.9994973540306092,0.49122265516244734,0.1332003786662488,-0.34750473996973497,0.9991875886917114,0.34859527877923807,0.09554903907110186,-0.3564098736348599,0.9994232058525084,0.4487791094920797,0.15870309474380442,-0.5247321534378225,0.9998613595962524,0.40527347949783565,0.16866495334831166,-0.5525337478866911,0.9998918771743774,0.522228528327067,0.37389231017487906,-0.26909748648943976,0.9998851418495178,0.25477157958832497,0.3370039872986119,-0.2320033364050954,0.9998266100883484,0.6033513785390022,0.7308994410548842,-0.27211477669269746,0.945458173751831,0.10409731895337687,0.689813857428758,-0.11118378164347809,0.9195055961608888,0.5360140178628686,0.9643650256365561,-0.46030359547931815,0.2915532886981964,0.03993181485191033,0.9661983414195245,-0.41125354960281324,0.2530094385147095,0.5393304041914623,1.0569449087851257,-0.5097976601277551,0.1553354859352111,-0.03830598540455242,1.0410597539841362,-0.46311603109429156,0.1391958594322204,0.491803555137979,1.0399006608961867,-0.5378929805803958,0.2155597656965255,0.014835901547001172,1.077996756877742,-0.5346418913857953,0.1874727308750152,0.5258324580062015,1.0187149901679446,-0.5024417995899982,0.2386417537927627,0.0189406476682615,1.0155157547534202,-0.40867682582634696,0.2187158018350601,0.45633224659563404,0.9745391014665878,-0.06576954467266043,0.3114489018917084,0.22225064672245368,0.9994249593914355,0.07995004475897471,0.2879469394683838,0.4266581417206829,1.4883304556815562,0.11645695947692124,0.0082865078002214,0.2163968063746985,1.4817460352043255,0.25884656770179026,0.0037057872395962,0.43172487181457775,1.9243152262458125,0.7374734506771378,0.0007617021910846,0.2554614157203012,1.8926346335503774,0.7080627920922828,0.0003460340376477,0.43727824771748114,1.9685262911754022,0.7597653940672571,0.0009311983012594,0.19485846032325435,1.9538905739858214,0.7731012167398467,0.0011347481049597,0.37909868595180995,2.0702063972599896,0.39893835500150726,0.000551251869183,0.2553975032511613,2.0056186661095565,0.3542286802414936,0.0003788488102145
2025-11-11T0790.959752,4,0.42978297191584836,0.10583387912298645,-0.6134298770978834,0.9996775388717652,0.4527265821012067,0.06141811280374984,-0.6186163175602221,0.9992735981941224,0.4678750316697765,0.06422683866670338,-0.6082888507158579,0.99924898147583,0.4667998283611886,0.07093870707668966,-0.6196304948663373,0.9992820620536804,0.39655787913290996,0.09031902283924031,-0.5942163243689491,0.9993847012519836,0.3779221480042074,0.08221400881237316,-0.5890091638752192,0.9993988275527954,0.3963452351567346,0.07106144301424712,-0.5955225769708657,0.9993966221809388,0.4826248547196279,0.09718946116383793,-0.3192529638392648,0.9991098046302797,0.35144524393124016,0.0663509826122589,-0.3551276527210957,0.9993033409118652,0.44203766118828075,0.149471366185689,-0.5393449941227134,0.9998341798782348,0.3798068323997841,0.16841140283408276,-0.5684742800701522,0.9998638033866882,0.5328458676611508,0.39821106444324794,-0.28064163033227474,0.99988055229187,0.23860857204020974,0.33593045907775276,-0.17658317509400312,0.999809503555298,0.6222224001037077,0.7060723464656095,-0.26463550936647806,0.9405383467674256,0.12831437660554892,0.6880348104332407,-0.11975749302497314,0.9033955931663512,0.5431039769223591,0.9272484277069232,-0.45077684731492473,0.290688544511795,0.020506644455238858,0.9918388541672454,-0.35452111877891374,0.2396403104066848,0.5588865958185161,1.0524674990183494,-0.5388160600491478,0.1565267592668533,0.0010482553403758782,1.0552946360487803,-0.4087363778476667,0.1338310837745666,0.5372012143663452,1.022220037177004,-0.5744834330295677,0.2174324691295623,-0.009779128235534028,1.0472547328393453,-0.5293780257842441,0.1811766177415847,0.4876490739277052,0.9749600588544619,-0.4968844219079517,0.2383015006780624,0.04236982944195375,1.0309536884825352,-0.4222386076161502,0.211667999625206,0.4570678503498491,0.9471716563192168,-0.06487428139256338,0.2857331335544586,0.2560097794919404,0.9745047150206563,0.06937724690922772,0.2648789286613464,0.4493175264520585,1.4803550703006225,0.1376191887046776,0.0077235270291566,0.24695908648799417,1.4743029705627908,0.2859697996631991,0.0034362862352281,0.4199370973076355,1.8940548756864932,0.7446802214156775,0.0007170389289967,0.23693888430674354,1.8970345116993428,0.7449694215981904,0.0003295807400718,0.4444030925725362,1.978541170495068,0.7614674428848809,0.0008778657065704,0.22469107665620236,1.9578094366469463,0.764854652986992,0.0010975726181641,0.3552411978281171,2.0509071121586087,0.4133105957756148,0.0005240233149379,0.25202170336697594,2.040774746232927,0.36642193859082217,0.0003654398606158
2025-11-11T0769.314748,5,0.4001780111347923,0.11443078608232449,-0.6911796307520193,0.9996297359466552,0.44528732425636364,0.03825582872443865,-0.655594752585303,0.9991409182548524,0.44703737385784176,0.07035160705163765,-0.647648918570802,0.9991692900657654,0.4519190236168802,0.06750519082904173,-0.676333592169359,0.9991734027862548,0.37287901278749996,0.052758807855625194,-0.6530114665857588,0.9991907477378844,0.3573929795229674,0.05513899534252492,-0.6650640359674104,0.9992452263832092,0.347402173865247,0.0339563099793607,-0.6648664511846035,0.9991521835327148,0.45510240213787506,0.11569220088585064,-0.37295219262410845,0.9990174770355223,0.3337746138240414,0.08173550707177989,-0.3811400032127219,0.9990575313568116,0.4385595293562476,0.17473812715156076,-0.594321092587629,0.9998119473457336,0.38482923456337775,0.1569416988947059,-0.580291657050841,0.999825119972229,0.5099509047517407,0.39377401427134,-0.30227723803006196,0.999884307384491,0.24178755912836267,0.2989231656765218,-0.21393813167217535,0.9997896552085876,0.5977861389769112,0.6965557034682849,-0.25414167828958445,0.9421800971031188,0.13520096231641238,0.6391289528359152,-0.15160150646496726,0.8941919803619385,0.5495956526514367,0.9137260125205022,-0.5051732733392476,0.3306806981563568,-0.001401777011205297,0.937740113371257,-0.39920289483597077,0.2357780337333679,0.5734643321043775,1.0120217091062975,-0.6155152933314533,0.1885585784912109,-0.016469202758510926,1.0295882495020705,-0.4627544778065194,0.1338302493095398,0.5402178973170295,0.9872446221234784,-0.6736006850698611,0.2522660195827484,0.02206459752228973,0.9925942497919745,-0.5703481781691828,0.1817237287759781,0.515380957449672,0.9298835568841458,-0.5546000682911305,0.2694624364376068,0.04184235766566067,0.9371252817570392,-0.45697739661242454,0.2125848680734634,0.450270339050656,0.9752166812913659,-0.06851150515994414,0.2685311138629913,0.2464327976930119,0.9456042237638228,0.06334281705560188,0.2479308396577835,0.433139325334955,1.4732563656957682,0.13286089332801082,0.0070914523676037,0.2110502883018592,1.4519029688877862,0.305388642061651,0.0031580361537635,0.40448949271896056,1.883162345694621,0.7619876303820854,0.0006628766423091,0.20110740768051008,1.8369113435038216,0.7825651976419512,0.0003075847926083,0.41594428247316506,1.9750395321122798,0.8077097349084595,0.000813543156255,0.18559522728218686,1.9532717929462275,0.8190950457034079,0.0010340560693293,0.40140234093358745,2.0315692905696907,0.43684695815403174,0.0004896296886727,0.21035842357865553,2.0114918983826446,0.363611778434569,0.0003449836804065
2025-11-11T0785.457575,6,0.3947055677212213,0.10686616284739685,-0.6645263846771143,0.9996033310890198,0.40751805792567497,0.07087076631192685,-0.6286622630522338,0.9991026520729064,0.4503921982549082,0.08260858397691194,-0.6478661107104142,0.9991495609283448,0.4335979182761055,0.07918081162749872,-0.6510141894393594,0.9991554021835328,0.3902377565200888,0.044003297051356347,-0.6376679195984906,0.999117374420166,0.3631969990279134,0.08860989200490006,-0.644384925446292,0.9991724491119384,0.3702454730568938,0.07933655076847149,-0.629927319948404,0.9990455508232116,0.4492213881739217,0.09445019147564587,-0.3340632308533908,0.9990033507347108,0.3544073418360595,0.05686972635310535,-0.32746689398358103,0.9988672733306884,0.4269862437379254,0.15171043573876752,-0.5948857184568872,0.999805212020874,0.36823765403890407,0.1786497695158802,-0.5737701616270454,0.9997999668121338,0.4865335608971881,0.3910574484067515,-0.29209943447614,0.9998924732208252,0.21535405530615004,0.31813595232803926,-0.10566189481986579,0.9997673034667968,0.5683941599235289,0.6360896003008475,-0.2793525820024703,0.947513997554779,0.1376970731817661,0.6655683629563144,0.00942799574183539,0.8986460566520691,0.5215963985550536,0.8874936238314187,-0.5904259551233112,0.3947708010673523,0.019157205879660147,0.9382490003184235,-0.3139998228567979,0.2642554044723511,0.5555118782697042,0.9737134329665493,-0.6791853667653449,0.2601185142993927,-0.01317515665878339,0.9841302903531737,-0.389130460476628,0.1579504311084747,0.5222237731908089,0.9603983237615175,-0.7419260316393721,0.3191899061203003,0.019841028739869322,1.009417072686215,-0.4796464339736515,0.2088820040225982,0.48721972319081874,0.9164371266556678,-0.6559487035985702,0.3334058225154876,0.007656319397369257,0.9780652714417296,-0.3448064814988381,0.2406247109174728,0.4235222904186472,0.9160568798264526,-0.0915725267248576,0.3135124146938324,0.1911235481972779,0.9740723079661769,0.10155849341914447,0.2863761782646179,0.38102728249969686,1.4174622921332645,0.07629716676535858,0.0074393502436578,0.2257288814253357,1.3878259750347126,0.28693532272186434,0.003226343775168,0.38166115303288334,1.845565787709006,0.6018274898797966,0.00074715615483,0.17135516138472429,1.828284204019976,0.7691888089995151,0.000384155777283,0.35268014917964186,1.9004048498011763,0.6380444110770581,0.0008915031794458,0.15818086755801358,1.851666504748878,0.8320971404626862,0.001326420227997,0.3374528690649011,1.9735173055349264,0.24474071300446668,0.0005460115498863,0.21668310042532574,1.9170346140320085,0.365133787686347,0.0004205520672257
2025-11-11T0766.919949,7,0.37106249622734444,0.08091110691264955,-0.6378971395022754,0.999546766281128,0.41127428526855425,0.06779727733647661,-0.6204855170132121,0.9990040063858032,0.4214555411850318,0.09126433498501504,-0.6093431990544801,0.9990826845169068,0.4399900689869146,0.09644870652788795,-0.6037543903211224,0.9990963935852052,0.37177532802987256,0.048542569430645124,-0.5944903521887376,0.9989638924598694,0.35009479120816156,0.07481425252313018,-0.5942083344056445,0.999017298221588,0.38449503108090244,0.07353319556591158,-0.5818198363102984,0.9988396167755128,0.4320710992553027,0.09092129976132912,-0.31325510875078105,0.9989381432533264,0.3320436166502612,0.08111733375835394,-0.2929943497285712,0.9985522031784058,0.42681780418830734,0.14309013219198569,-0.5597138755352143,0.9997841715812684,0.34456844915493806,0.143747904107912,-0.5441747169722468,0.9997552037239076,0.4993496077758458,0.3556068020297518,-0.27138877150057295,0.9998981356620787,0.22182502472760166,0.3469617817985566,-0.07486329792961197,0.9997276067733764,0.5604745084115967,0.6491120457811,-0.2949820330129341,0.9519792795181274,0.1036362038374189,0.6188447751738059,0.04781370015582136,0.8987338542938232,0.5184918706290154,0.8738798866495945,-0.6033903349668046,0.4499948620796203,0.04021539375450007,0.9114813581465961,-0.24139103880578414,0.2722989022731781,0.5225993602989896,0.9637334312248256,-0.6999410026962865,0.3189623951911926,0.03227182209566818,0.9767039629683969,-0.3037716798287071,0.1643895655870437,0.4880814721002116,0.9114590482808282,-0.765794893151932,0.3746652603149414,0.05679112136653086,0.9757073989908295,-0.40213939910016994,0.2153575867414474,0.49585276891091445,0.8856622008338703,-0.653212490698853,0.385590523481369,0.06424514319236418,0.9542557834019257,-0.3110753495387164,0.248017281293869,0.4295586511842964,0.9521858065345662,-0.09459612840316052,0.3522083461284637,0.21748463581865515,0.9151213045531982,0.0636564960537351,0.3217842578887939,0.40354456219808044,1.410558513094636,0.11950149068410039,0.0076593477278947,0.1881105181003639,1.351444806384736,0.24141846235250702,0.0034559601917862,0.35564214075555445,1.8067818277445946,0.6641736541686807,0.0008426104323007,0.17561203962019595,1.8051804268416876,0.7325319880979306,0.0005308174877427,0.39860673822764825,1.8901226179717834,0.6752996028242008,0.0009929366642609,0.17546004607946333,1.8247515875034446,0.7607209952634607,0.001700383843854,0.35401792016634703,1.9392392262268252,0.27658409942706247,0.0006099743186496,0.1876416381647583,1.8963925885733741,0.3511202638477536,0.0005386431002989
2025-11-11T0790.665404,8,0.4022124793422964,0.11652193353538971,-0.39649159287926106,0.999535858631134,0.42044757121179094,0.04516429256830208,-0.3391437358952012,0.9990086555480956,0.39410260176209655,0.061874646347241796,-0.33649528865289147,0.999116837978363,0.4171215421802961,0.09606059933215454,-0.35376390038786343,0.999119758605957,0.3727766626772607,0.08781944849876495,-0.35982559039431167,0.9989705681800842,0.37427875657155185,0.058159435818504704,-0.346834482889416,0.9990367889404296,0.3329636590972168,0.0901759612856827,-0.33297830211215723,0.998835027217865,0.44086120159899467,0.13853600218170078,-0.11723524446483315,0.998981773853302,0.32336250496732555,0.04852584486871758,-0.10539925333706282,0.9985067844390868,0.42008217482849036,0.16542182416887946,-0.31397542930190336,0.9997442960739136,0.33956128268684943,0.15343313510921208,-0.3176508363142976,0.999695897102356,0.5185113837510132,0.36470337819252124,-0.07585457848421504,0.9998816847801208,0.21247331409272854,0.3462666251993651,-0.019846953074001528,0.999566376209259,0.5944723451765535,0.6436027496683828,-0.13525744051030286,0.9545512199401855,0.15824684429322022,0.6241643983340063,-0.06509126135604155,0.8860353827476501,0.5277551529623682,0.86178870711852,-0.3453056759297641,0.4960851669311523,0.12094006437658893,0.8763041968041552,-0.43082829576950055,0.2829085290431976,0.5001290367825698,0.9159356115354895,-0.4469303283728948,0.3691003024578094,0.11482588075161125,0.9300100135230481,-0.5363384169256793,0.1792938858270645,0.47155709822031006,0.9132745262811959,-0.4721426965889382,0.4219676554203033,0.12403539081817161,0.9115122045700643,-0.5618426973493381,0.2301507443189621,0.49725356095336115,0.8468564628205189,-0.41158633406325973,0.4299656748771667,0.12504951042863666,0.9114590257024756,-0.48957419213295245,0.2610397338867187,0.41265551974716785,0.9595470369565455,-0.01211416927559554,0.4098898768424988,0.20407900202897877,0.9174152277239941,0.0401452891987128,0.3802797198295593,0.37356552686756056,1.3598872941677012,-0.16410802544399464,0.0278257690370082,0.2012286935504271,1.3461071549268069,0.2130164772932116,0.0074563948437571,0.3549267071292249,1.724870004963909,0.016095895444511184,0.0037811829242855,0.17784371877381497,1.7190314727166713,0.4731635854915981,0.0021364062558859,0.3727717703938901,1.77508045724444,0.038655184685927116,0.0060105803422629,0.19190607935806048,1.802643127638986,0.5050117667226397,0.0043990607373416,0.34449770200746666,1.8983960139165317,-0.3202462723379195,0.0026707334909588,0.2021403443753348,1.817197053040662,0.20494143673265736,0.0014465090353041
2025-11-11T0764.953443,9,0.37915507711982527,0.1082564863887727,-0.4695123785299927,0.9995660185813904,0.40468115276404715,0.10507661641467358,-0.4314623030980192,0.9990767240524292,0.4283483429967566,0.08708657095561326,-0.4066868666734768,0.9991847276687622,0.4151054101968748,0.08625617542172798,-0.38985503603814897,0.999182403087616,0.40000627243742376,0.07388811056187602,-0.40913952165225276,0.999040961265564,0.35954265225409476,0.06594682359802798,-0.42025852041755246,0.9991081953048706,0.3690025134275919,0.07607924516970974,-0.4316889880998973,0.9989116191864014,0.47176466839080533,0.1254577549074527,-0.1738862038041723,0.9990555047988892,0.33828593169069127,0.07763228169736672,-0.18408438064699473,0.9985955357551576,0.4023411699507675,0.15386107585946004,-0.3703692457885975,0.9997512102127076,0.3427568199976826,0.13702463836314047,-0.3836700960592795,0.999702513217926,0.5362780803618389,0.37822475659322796,-0.14262849475169978,0.9998835921287536,0.21911891822303708,0.3309865929203853,-0.0551759336252658,0.9995275139808656,0.5919988765928094,0.6291795924943555,-0.12458966586951851,0.9571623206138612,0.1403979173136055,0.647837444050595,-0.21882668337960448,0.8792574405670166,0.5215425254302681,0.8429691634659072,-0.40947466267910937,0.5409963726997375,0.1295095685490206,0.8506198821438046,-0.7007428906861708,0.302929162979126,0.49299486348081195,0.945540604809931,-0.47345983375150474,0.4196882545948028,0.1066332940636121,0.9288018128418017,-0.7659459568449212,0.200259268283844,0.516120246781777,0.9233732277013867,-0.5393262101919244,0.4696433842182159,0.1305292978338432,0.9262578972884218,-0.8380263994856529,0.2517965734004974,0.4824235947648612,0.881279799206194,-0.42292888530280776,0.474903255701065,0.14818575042476087,0.9212636586159547,-0.7324049495408997,0.2802237868309021,0.4388796911121683,0.9099043815623353,-0.028900587534548126,0.4510573446750641,0.229954153802134,0.9435129664376517,0.025606177382963363,0.4219657182693481,0.3903462846789156,1.3739553711026276,0.009468054268294175,0.0282383952289819,0.22381546971122468,1.3358550352014904,0.21991369550161377,0.0075496542267501,0.37985544674863464,1.764528026160385,0.3712087107609247,0.0039783427491784,0.19653099749319555,1.737568183009142,0.5051423226228996,0.0024297700729221,0.3733154940325946,1.8034656684000474,0.3926653402413471,0.0061897612176835,0.18942074099183123,1.810723696648205,0.5913110357565506,0.0048038158565759,0.31562105480055375,1.9041109439964548,0.10518274301842465,0.0030438848771154,0.1802274388365393,1.8686829407135033,0.2595031215239412,0.0016428732778877
2025-11-11T0790.311647,10,0.4143021952726593,0.11566204782538982,-0.48961227250511197,0.9993804097175598,0.3896473438139767,0.10152298298008457,-0.4529194209042255,0.9986389875411988,0.42900302210373026,0.09163958567673423,-0.4581556608037868,0.998834192752838,0.42859526927265973,0.11787904619319645,-0.4624002587601151,0.9988421201705932,0.37555627055359875,0.1056335930052796,-0.45678839861134013,0.998698890209198,0.35428035267901903,0.08051280044317335,-0.45629166518075837,0.9988099932670592,0.35314479269309146,0.054241780962732314,-0.45436145450906346,0.9985843300819396,0.44846519920690797,0.1529735510096552,-0.22088309554519098,0.998557984828949,0.3393063217955067,0.07964605731222738,-0.22562948019767537,0.9979470372200012,0.4222428245552533,0.14888602600839138,-0.3936927592017658,0.9995704293251038,0.40739951485925696,0.1747547495435238,-0.42150883024164876,0.9995265007019044,0.5087331624061717,0.4032416530146706,-0.1706578673507032,0.9998323321342468,0.2274434160294474,0.32869266906861627,-0.08774926133377227,0.9994612336158752,0.6035708802448564,0.6463551017784688,-0.2279833767454537,0.9563269019126892,0.12447761785057962,0.6516777250517506,-0.2073466167506809,0.8769886493682861,0.5009875819906038,0.8529969953033846,-0.4735377954136252,0.5549784898757935,0.10737418974133242,0.8551507120000081,-0.6162934057525159,0.3048171997070312,0.5049581472674841,0.9401539991554214,-0.5324893272716695,0.4224156141281128,0.09952595100330607,0.9042610757588405,-0.6771280373893145,0.203746423125267,0.47552556688785863,0.9036480170969615,-0.588666634127031,0.4717046022415161,0.13097646167706412,0.9392692627648007,-0.7362623725464741,0.254326194524765,0.47235090589024986,0.8792373464394544,-0.4941998439144001,0.4775212407112121,0.12092129546876512,0.940948357174758,-0.6357921197973762,0.2832686305046081,0.42949589132304733,0.9221121721883104,-0.05248447157871051,0.4442191123962402,0.22054870879056146,0.9488410917802755,0.054344290683020595,0.423734575510025,0.4037844759633148,1.3400632033784656,0.05043000897081175,0.0259068440645933,0.2101428494687423,1.346105588006174,0.30804443545792265,0.0070470701903104,0.4051752443503153,1.7237821481104603,0.5006956049729429,0.0036434822250157,0.17755315491374443,1.7269174239661327,0.7967783718061614,0.0022820050362497,0.37553931880591424,1.8228063553617408,0.5479139877567456,0.0056493948213756,0.17307161506135046,1.7803645972831283,0.8401425740679951,0.0045675341971218,0.3589659052846333,1.866144527141794,0.18796251499085356,0.0028286394663155,0.19510485024061142,1.8443334496329498,0.49160188028938856,0.0015979744493961
2025-11-11T0761.169628,11,0.4021872460213997,0.1211875672061192,-0.45796074056063046,0.9992066025733948,0.4392796358704501,0.10077649653691159,-0.40964027436976824,0.9982694387435912,0.43624698312979354,0.06945550821421631,-0.39275186126824746,0.9984388947486876,0.4125532720517462,0.11192582612818129,-0.43104861895850394,0.9985361099243164,0.35351239846856114,0.09529221362953322,-0.42430864310627175,0.998443603515625,0.3745748673490141,0.10347558057737558,-0.4248665503411946,0.9985467791557312,0.37544093538949813,0.08107654585070503,-0.42955486046275587,0.9983897805213928,0.45446391691081395,0.13860265720254628,-0.23560502002962458,0.9979942440986632,0.3251085125417888,0.11625485199769309,-0.22194444665443422,0.9975256323814392,0.3974853738521598,0.15404718504702763,-0.4116557461542221,0.9994556307792664,0.3480812681789741,0.13654517787190615,-0.35874085839648745,0.999428927898407,0.5069106732325309,0.3687341722730844,-0.20970158879481354,0.9997990131378174,0.21725893975216126,0.37427975524587165,-0.10476696957238536,0.9994721412658693,0.5472035236925704,0.633594548604667,-0.2263934166637127,0.956519603729248,0.16495330823131324,0.6379529463472936,-0.18099652749542464,0.8825168609619141,0.5366178946840312,0.8383114970958788,-0.5223443936461096,0.568382740020752,0.10191035176516144,0.8920097946640145,-0.6294820670481769,0.3328709006309509,0.5182571035133048,0.9300387485899804,-0.593082290270046,0.4286267161369324,0.0899500150841356,0.9637966887514398,-0.7096826000594206,0.2303330898284912,0.46860309953526647,0.938932537216204,-0.6293053506119922,0.4766629338264465,0.11490699640021665,0.9300254005171555,-0.8003008393369313,0.2802616655826568,0.4634927688555058,0.9354171838713685,-0.548109163669333,0.4840299189090729,0.12018138732580509,0.9386972252623405,-0.6728755310282608,0.3102328479290008,0.423768958889967,0.9478191131568102,-0.055198540946094055,0.4573561251163482,0.21837703901835995,0.9232448369807832,0.055695406034901404,0.446784496307373,0.39292919920222863,1.3448575596460624,0.13592507328055944,0.0237343180924654,0.2142494252811617,1.3461755745650017,0.33228546898037215,0.0066166538745164,0.37814940708128686,1.7870460440289149,0.6029482814854555,0.00333699490875,0.21594305009833314,1.7544337480471115,0.751517150585025,0.0021203814540058,0.3869998736283698,1.8241105632772112,0.6223383630746396,0.0051492359489202,0.18960569207242528,1.8344227057438187,0.7916735715044169,0.0042717126198112,0.34715258757685635,1.8670068141866658,0.25285882904453866,0.0025994086172431,0.24601459582987975,1.8597922022416555,0.42249812508119683,0.001520492718555
2025-11-11T0724.745793,12,0.3929542275566475,0.12280808320463552,-0.5316877939351462,0.999187469482422,0.40232152962074336,0.06409089538689472,-0.5065521503855301,0.9982340931892396,0.43741056598320915,0.12239963545237163,-0.49476866137083875,0.9983879923820496,0.44204572430667327,0.13334011835450507,-0.5136023594700843,0.9984971284866332,0.40841613593985826,0.10719521384725975,-0.4853982499482364,0.9984016418457032,0.3887106049204229,0.08672873927591086,-0.4902745050601992,0.9984919428825378,0.3592673142382191,0.10632914146630382,-0.49485273050961587,0.998356282711029,0.4426996524975276,0.13836998359647576,-0.231425734359229,0.9978901147842408,0.33339068547701123,0.11913957654210337,-0.22407791535317184,0.9974293112754822,0.43625100745862927,0.1667569461585743,-0.4670450807960272,0.999440371990204,0.370851934430712,0.16365478776283757,-0.4396418076351043,0.9994143843650818,0.49876440125407684,0.3975155938077371,-0.2220908637249282,0.9997949600219728,0.25254556383513177,0.34332827331621757,-0.116046015242791,0.999483048915863,0.5800275883443023,0.6980636909823797,-0.2930003877974486,0.9550022482872008,0.14030164260998357,0.6738207322841252,-0.176570112759478,0.8836156129837036,0.5228710727339975,0.8958864092851392,-0.6206252707592078,0.5684143304824829,0.11223554600877922,0.887593133854698,-0.6417033606184841,0.3324156999588012,0.5221092664800561,0.9455884371802181,-0.7049236590837544,0.4212792813777923,0.0847515477866976,0.9542457212737165,-0.7363546029048242,0.2301214188337326,0.4785559590800708,0.9446237044277475,-0.7343686707245559,0.4699556827545166,0.1022992150443657,0.9435576883458909,-0.8049070986342158,0.2799733877182007,0.48910399575823593,0.9129416197546825,-0.6242202024151298,0.4774731695652008,0.13774140633500426,0.9423786356627165,-0.6606591594417263,0.3112905025482178,0.41173048705197,0.955049306282646,-0.0695546147698252,0.4493385255336761,0.2266781901075317,0.9355422245771364,0.0834062246053854,0.4426862299442291,0.41418323549152075,1.3854361920216929,0.17643292435511893,0.0216639731079339,0.20129615175334134,1.3836342728019528,0.40283031984384177,0.0060929805040359,0.4020524908579957,1.792005436236524,0.7750794238909778,0.0030493095982819,0.18431981957685237,1.7943539843526088,0.8727477224338873,0.0019389591179788,0.38873107083550595,1.819031834493515,0.7325606806173934,0.0046827583573758,0.1928624285867932,1.8337874262715599,0.9551499914519387,0.003961672540754,0.3466832582743531,1.9489167657947675,0.3694704346687299,0.0023804942611604,0.18911344250159332,1.8990464341315736,0.5332631691806067,0.0014178855344653
2025-11-11T0780.682944,13,0.4043414551946343,0.13359145711272497,-0.632785624861743,0.999210774898529,0.42342147214520565,0.1513197614785984,-0.5924042838650931,0.9982898831367492,0.42520544270035726,0.14921419978321504,-0.5810647100228775,0.9984334707260132,0.4475657580437477,0.14003086543580184,-0.5994708921814819,0.9985307455062866,0.37024645366540865,0.10673563201680397,-0.6246409961017148,0.9984450340270996,0.3497882750606879,0.13690502064044696,-0.591309088107227,0.9985356330871582,0.3597109892579513,0.12186635892075427,-0.6005629591377996,0.998410165309906,0.4752080742592218,0.14962162074393384,-0.2965310649456937,0.9979113936424256,0.32431647822462306,0.1461856068139081,-0.27612383130523455,0.997508466243744,0.42945475076071166,0.193534139501552,-0.5335836908303278,0.9994542002677916,0.37753888763401255,0.1891012580283378,-0.556898149630122,0.999435007572174,0.49414274093416055,0.40574583402259085,-0.2374233458787862,0.9997857213020324,0.24982363659330734,0.355257931416531,-0.13115044508996018,0.9994953274726868,0.5312929129964433,0.731247137352642,-0.31493208485625995,0.9493130445480348,0.12596427400241836,0.6524680054562277,-0.30722634810429844,0.8800219297409058,0.5183264044368007,0.9191480513611959,-0.636452740916286,0.5422487854957581,0.09419686743094481,0.8802232313443713,-0.7435396626354749,0.3194946050643921,0.5027484715847339,1.0093463083393377,-0.7660421620238443,0.3963979184627533,0.0926771964693416,0.9812573171949652,-0.8403528603070181,0.22035513818264,0.4496137291166023,0.9988787073384983,-0.7744429206867868,0.4449906647205353,0.13334260218530614,0.9484857137191767,-0.9309051916288149,0.2689329087734222,0.4586366109690738,0.9591133866745614,-0.6841055442204738,0.4507741928100586,0.09401800259966181,0.9106151364508962,-0.7810619898569151,0.2995169460773468,0.4211553483583107,0.9308614772984155,-0.07229965714541318,0.4404780566692352,0.23860483125311,0.9609146312643801,0.09720356852154052,0.4377713799476623,0.4099434373135022,1.3935788560296731,0.15701786189442776,0.0203569997102022,0.20305343573071416,1.4089596788117067,0.377355634234827,0.0057099256664514,0.3678533656915826,1.8306224610889126,0.7283489544195151,0.0029015697073191,0.16693989969732748,1.7872699293555523,0.9256150979099141,0.0018131050746887,0.3491776035142397,1.8720844317411354,0.7975434562187653,0.0043592792935669,0.19206282057530932,1.8469415946059833,0.9748399598662496,0.0038029241841286,0.320622373366413,1.9608280583958313,0.38718184992243815,0.0022465621586889,0.18489929823069193,1.908825763465274,0.5719890758459135,0.0013748836936429
2025-11-11T0718.928629,14,0.4297242880100412,0.1691708374733058,-0.7124298493122261,0.9991748332977296,0.4313873551452264,0.14628697698752227,-0.6745528520417045,0.9982428550720216,0.43016967249167487,0.13893811938575096,-0.6675589752124331,0.9983832240104676,0.45262891103759084,0.13492432025410722,-0.6745425993714439,0.9984683394432068,0.402646389915796,0.12674290188407064,-0.6881092858559896,0.998372495174408,0.4107946977323092,0.11827879442995712,-0.6815066765795464,0.9984755516052246,0.37021653402301163,0.11675993175649438,-0.6697771937111006,0.9983545541763306,0.4618129959704272,0.18315184055600123,-0.39474066564565186,0.997780740261078,0.347548196694299,0.16906168587815293,-0.36900408633862336,0.9974551796913148,0.4119456970777819,0.22594499774390567,-0.6243042459811406,0.9994430541992188,0.3989604981575768,0.18250199640017326,-0.6370402755203178,0.999431312084198,0.5202200672508741,0.45439475205542584,-0.28973191477050386,0.999761164188385,0.2406522180608053,0.3527308522547718,-0.20863700913744293,0.9994875192642212,0.5384835587621324,0.7791332061731748,-0.3526032021375582,0.9429562091827391,0.15839983118029435,0.6716479208430249,-0.2975095727850786,0.8797112703323364,0.49900011264951927,0.9614903339655531,-0.6644333871220552,0.5185086727142334,0.11088805467971016,0.9059307743174506,-0.75037800226912,0.3097558915615082,0.5176121934602136,1.0669614906966345,-0.8016968069093919,0.3739515244960785,0.11151249342832278,0.9527366632248375,-0.8474272456390749,0.2122810781002044,0.4622570158695866,1.001697150028957,-0.8265390165477208,0.4218208491802215,0.13286516951432054,0.9516307261500815,-0.933021742347675,0.2595193684101105,0.4978914556354464,1.0122240788082457,-0.7094978148737835,0.4270462989807129,0.15855994198600715,0.9358079036004981,-0.7825570339440959,0.2899838089942932,0.43931709770439825,0.9836693023819727,-0.058413376702717526,0.4374622702598572,0.20795385057902988,0.9816572251522812,0.0654234929172144,0.435847133398056,0.3921927447497283,1.4559516952761322,0.228522561010662,0.0189483109861612,0.19279420136959804,1.3772805149657503,0.37019989312646523,0.0053638922981917,0.3749229303042144,1.8419364366304618,0.8885052051936416,0.0027221899945288,0.14798961201841293,1.7749540825834815,0.9735234496541246,0.0016849772073328,0.3635184327517705,1.896812693081753,0.9350509859343308,0.0040296469815075,0.1564013448855072,1.8492270012709364,1.0237816733952598,0.0036088500637561,0.3354566081851443,1.9571343715863376,0.5096398863580924,0.0020931658800691,0.19776145831065758,1.951479409318813,0.5941554698138894,0.0013158139772713
2025-11-11T0728.224787,15,0.45829018250292386,0.19471145017801875,-0.6952378291961235,0.9987056255340576,0.4712115189471241,0.19312237834167834,-0.6277067973087754,0.9973258972167968,0.5004687794995951,0.184388132100305,-0.6454265070487384,0.9976454377174376,0.4867137166421431,0.1669973737504183,-0.6368639428153368,0.997553288936615,0.4607204184628532,0.15715900815740277,-0.652397205119778,0.9974706172943116,0.4413118459702891,0.15318410079814038,-0.6289979675113975,0.9978179931640624,0.405734097263089,0.16776899816489368,-0.6614209145767104,0.9976232051849364,0.5046838470552286,0.19500372821235185,-0.34362609525104076,0.9964280724525452,0.38827256892528117,0.15068261078716327,-0.36341342162474183,0.9966487884521484,0.4445890047380884,0.2250123495255798,-0.5926034530773543,0.999093532562256,0.4042330829400911,0.2042248039609072,-0.5770441534129002,0.9991990327835084,0.5288131542100436,0.4804471480868134,-0.2893196676275967,0.9996052980422974,0.2766621951720232,0.36544017864031825,-0.2181394600144934,0.9994152188301086,0.5243026877892223,0.7956641757913787,-0.3200126703179573,0.9254378080368042,0.12851979945793082,0.6758246731833699,-0.3018385303131126,0.8730763792991638,0.49161667689708477,0.9785431480871832,-0.6672409308497569,0.4825440943241119,0.11023544297504355,0.8850140584623332,-0.5769218722506126,0.2954550981521606,0.499824198847556,1.0228726550541807,-0.7779118401611852,0.3469555079936981,0.06653364875508713,0.99075272627088,-0.7045078946981151,0.2029342800378799,0.4667974887090285,1.059707645215446,-0.7986442084979489,0.3928022086620331,0.14536763587850154,0.9649685137621424,-0.8095704813269688,0.2491622865200042,0.4331098359616165,0.999546060546121,-0.7084108163940792,0.3980004787445068,0.12879732723243803,0.9600368783728028,-0.6597276881647121,0.2791005969047546,0.4203063408585934,0.9653969062249121,-0.03829425790368902,0.4285649955272674,0.2076780050204756,0.9626541966968598,0.06167140944283646,0.4311060309410095,0.3760708700737785,1.4483437982467873,0.1820530986150467,0.0178143922239542,0.20225231437464752,1.411357678363565,0.24447715120224164,0.0050577917136251,0.36484137893735225,1.8478667426404942,0.7668833974612277,0.0025539160706102,0.14479155708054547,1.7966988009764662,0.6708257636303796,0.0015702249947935,0.3571480331961542,1.9010631755095648,0.8159019324731931,0.0037652752362191,0.12810619624465697,1.849456705704626,0.7230896334173504,0.0034386233892291,0.30582800505872465,1.9526175480476997,0.38248207077073776,0.0019413814879953,0.18286452567555167,1.8900135176641355,0.2772651860064743,0.0012359407264739
2025-11-11T0770.886364,16,0.4986163639150632,0.25150009465702494,-0.6596545102853582,0.9986809492111206,0.4842711693867518,0.23064810375035819,-0.5809148372377968,0.99723881483078,0.5232944343401846,0.2039256710309021,-0.6043686024992659,0.9975618720054626,0.5071298257839973,0.23941097336914846,-0.5863468377094452,0.9974583983421326,0.467808246824172,0.18626199739423008,-0.6317216748678788,0.9974015355110168,0.49576296913471896,0.21281511677423842,-0.6181943813237294,0.9977594017982484,0.435952499727133,0.1988591878869839,-0.5868766303578171,0.9975789189338684,0.5250765752421941,0.2397872621633783,-0.28224891202819186,0.996230125427246,0.43432260456077576,0.22115765514192318,-0.3458053062891045,0.996651291847229,0.47836030252465644,0.2778850102590181,-0.5519204408200966,0.9990605711936952,0.4361463509868944,0.25307770655114276,-0.5689514416240591,0.9991841912269592,0.5486952914380518,0.4983301771893874,-0.20985764504507196,0.9995680451393129,0.2838229080046231,0.4074149957627727,-0.225867144462875,0.9994326829910278,0.5623681262133324,0.7964535884082576,-0.21433051914745851,0.8938012719154358,0.17214285297428736,0.7057752949928215,-0.14316651342274292,0.862973153591156,0.502833919524315,1.0262990800663476,-0.5658398488090772,0.44022136926651,0.12707282588311397,0.9116836470518953,-0.3938398384095748,0.2751201391220093,0.5229967788691819,1.1265576600837484,-0.6721374335131122,0.3169291913509369,0.11173988894214996,1.0290224238353285,-0.4803638079913588,0.1896610558032989,0.48388746379454667,1.1067719253191948,-0.7145544716949735,0.3601348400115967,0.1504202636948049,1.032981108170199,-0.5234902113936659,0.2341823279857635,0.5061543640171023,1.0681143489211575,-0.6221102316445863,0.3647104799747467,0.15400926271926468,0.9762869689561614,-0.41919350898971225,0.2628489136695862,0.4254830280420573,1.0322625902996747,-0.05718289743925536,0.3918274343013763,0.2536357088482888,1.0118193938283107,0.03577223699832075,0.3965243399143219,0.4132885315416809,1.4943912590476731,0.10664273629346027,0.016353053972125,0.19434403648839865,1.4549370758301716,0.1076043298775391,0.0047081960365176,0.36151768291188846,1.8807797118297296,0.612401967547346,0.0023451126180589,0.16730746231683255,1.8374605951234517,0.5016163542678896,0.0014353907899931,0.33180291647662125,1.9632593582521773,0.5882586943005587,0.0034350336063653,0.1886563844556254,1.8975356316282583,0.5166975803502711,0.0031791490036994,0.32276958243169906,1.9884490729726998,0.21629215651996278,0.0017801366047933,0.1857621820177776,1.9861526553131477,0.08550677890942798,0.0011445719283074
2025-11-11T0713.277442,17,0.5242599129650286,0.29421955940570116,-0.5076059487309293,0.99865460395813,0.5182149354433236,0.25901057984260956,-0.45602867152219434,0.997186243534088,0.5457642607615357,0.22826269638678648,-0.45095438398596804,0.9975007176399232,0.5458387686032715,0.2815401226904671,-0.48454675949786974,0.9973725080490112,0.50032978880492,0.24211607938433943,-0.4895271862524125,0.9973960518836976,0.5069327140875118,0.23380645014348278,-0.4978617325795295,0.9977608323097228,0.467419903158778,0.21531256699207602,-0.4881247969257798,0.9976029396057128,0.5270817083273115,0.28949334189647,-0.1847447581284233,0.9960726499557496,0.43570704841401336,0.2244244152406673,-0.22899718463906646,0.9967504143714904,0.5173133757844665,0.3400064429360453,-0.43160631134470323,0.9990034699440002,0.48911091941397267,0.3230851789371033,-0.42586930997502925,0.999172866344452,0.5470998935015611,0.5215728291131146,-0.16780345097401972,0.999531090259552,0.3320040580063667,0.45617276759646025,-0.14599882568518088,0.9994639754295348,0.5510349142849807,0.7977731760521631,-0.15975674554413372,0.8635455369949341,0.21337551870683866,0.6822369993821386,-0.09556488428270353,0.8574585318565369,0.5021972047708148,1.033805963193204,-0.41490063132752003,0.4024253785610199,0.1873613959731755,0.9189097592401546,-0.3328551798742134,0.2587928175926208,0.49699090007471836,1.1185217939214709,-0.5369103095735184,0.2901645600795746,0.13823160319748398,1.0320801224683815,-0.4125579181407017,0.1797867864370346,0.5204453050675178,1.102978519772618,-0.5749819755684129,0.3309690654277801,0.1767802109052656,1.0216063823777701,-0.46263026998258294,0.2234863191843032,0.472606476537028,1.0755857881480573,-0.48541923963807143,0.3351529836654663,0.16729325817124546,0.9970996168779058,-0.3775902234033444,0.2512459754943847,0.4347112209780569,1.0388519651384869,-0.04485104419884532,0.3569684624671936,0.2574676959191605,1.0045455825796652,0.025896295109389744,0.3636469841003418,0.40641061708566517,1.5136752005262235,0.014934057753971927,0.01491538900882,0.22041499590561872,1.4878656751064188,0.08108956425951684,0.0043573807924985,0.3607202163851575,1.9013351975372463,0.4542361742929543,0.0021375168580561,0.19326732949577652,1.877098165457816,0.39460367807352126,0.0013078192714601,0.3931084434706699,1.9654262909608113,0.4680986769739852,0.003119574394077,0.1431740567111779,1.949812948737582,0.35836271622062044,0.0029267580248415,0.28268346537105227,2.0627877287476264,0.07267071414930706,0.0016258737305179,0.18857446672103004,2.0304485045458467,-0.07224226222770433,0.0010493479203432
2025-11-11T0793.330802,18,0.5589103903392834,0.324722379579189,-0.36704004852350874,0.9987328052520752,0.5488265552371672,0.3153275409277064,-0.26365783169101736,0.99735289812088,0.5709129161235974,0.29865677386264844,-0.2986792674247892,0.9976420998573304,0.5717726135885265,0.32922543936755944,-0.3189601011963306,0.9974985122680664,0.5408634139583878,0.28020023503751434,-0.34674541734182507,0.997587502002716,0.5120352643341118,0.26508936816866124,-0.32923848164018577,0.9979286193847656,0.5217434393408277,0.29430906932547873,-0.3494167310537347,0.9977864623069764,0.5658834051939708,0.3258928883956508,-0.08265101921062673,0.9963054656982422,0.4925792984372041,0.32120983314139834,-0.23451089926140842,0.9970427751541138,0.5423517838340133,0.39457745529630184,-0.26447769275980504,0.9990243315696716,0.5099709348333601,0.36286772524350175,-0.29874257259778275,0.9992272853851318,0.5931681016905204,0.5411035047215038,0.0750990632709628,0.9994062185287476,0.35006035206128416,0.4443947701694064,-0.14670646244425636,0.999484658241272,0.5902181186679575,0.8170825545111292,0.0074085146856967266,0.8370417952537537,0.2232727356147803,0.6873469115526423,-0.09255155000796748,0.8512037396430969,0.5665256551547811,0.7122295880892978,-0.3660127009014462,0.4247120916843414,0.21662019084005998,1.0205230523413253,-0.30995847058188836,0.2727594673633575,0.5571419868130448,0.7102070560914584,-0.3998283856247659,0.3139107227325439,0.18491782171213716,1.080289585746093,-0.3312723708231167,0.200665608048439,0.5309505983520433,0.5995101145165413,-0.4056259213925132,0.3546476364135742,0.2259119333482113,1.0790815547363966,-0.39745319839007853,0.2478637099266052,0.545682289423007,0.6001918165800512,-0.3751176015934256,0.3553852438926697,0.25794028602942554,1.02267381919921,-0.31327954275262515,0.2720278203487396,0.4787197572788284,1.0523643170872308,0.025221396719255093,0.3228495419025421,0.32176505154073554,1.0376658572252222,-0.018720905212031604,0.3294565975666046,0.42178335235886766,1.5723548224690191,-0.01500107708955092,0.01371028739959,0.29486001555975955,1.508042240802103,-0.22818283180250745,0.0043362490832805,0.3887288521238297,1.9583020896730978,0.29579723696708493,0.0019353909883648,0.23857990851493846,1.9304886332662214,-0.06524332811124721,0.0011975003872066,0.39150762757652946,2.028173503330559,0.31698563306547095,0.0028197970241308,0.21974196878788843,1.9963188084276007,-0.06262525785632822,0.0026881687808781,0.3993523538844083,2.0897148146852493,-0.040012054666012944,0.0015396666713058,0.3075553731321249,2.072591586252288,-0.47214733174520196,0.0009976436849683
2025-11-11T0763.225589,19,0.6490695228687683,0.41760843183990043,-0.32896066593295925,0.9988398551940918,0.5993558385523529,0.4035626138854044,-0.30148772269820173,0.9975845217704772,0.6011942694593438,0.3873444835817371,-0.2941453902598544,0.9978432059288024,0.5888786053356835,0.404809713234797,-0.29165422983874895,0.9977086782455444,0.5824645866777682,0.36669733312239394,-0.30866215417953036,0.9978054165840148,0.5636652215128256,0.3836602337610685,-0.3424640715174721,0.9981135725975036,0.5647179837527461,0.3754741576584938,-0.3022275232256541,0.9979838728904724,0.5839136973407015,0.41618600624309976,-0.09224376219386109,0.99663645029068,0.5514886092433429,0.375977143705344,-0.26325018479827733,0.9973232746124268,0.5851539126979864,0.47780247039109114,-0.23256141514531717,0.9991034865379332,0.5519146651227582,0.45983690089316526,-0.2888762891657942,0.9992951154708862,0.5795018586548107,0.5925545911600983,0.02558069990456091,0.9994129538536072,0.3817938311736754,0.5662304897751425,-0.23798010809954093,0.999518871307373,0.5839642054995131,0.8691863877972668,0.19540149120358277,0.7838658094406128,0.28875461448248024,0.7821268380721468,-0.29717618658926437,0.8391371369361877,0.5951169269487702,0.9933202773724653,0.10672963882645092,0.4000519216060638,0.24626673307372654,1.1264799326804205,-0.3813850795230596,0.2796507775783539,0.616157043683954,0.9932180573940325,0.09841683081054893,0.3015700876712799,0.20247580032463128,1.166608687103704,-0.4613579732414778,0.220220997929573,0.6106241157285781,0.9945686195272887,0.024919838742982175,0.3440888524055481,0.24206016795142662,1.2234354796118865,-0.5217600059101278,0.27131187915802,0.5807369671188416,1.0191351139569345,0.07735865350860227,0.3437687456607818,0.24551912363069262,1.1848048981470962,-0.431548112097197,0.2920979559421539,0.5087388822689904,1.1345305909171703,0.04908444160124055,0.2913372218608856,0.3263549621108409,1.117180426488208,-0.054739211775049285,0.2974231243133545,0.45759026880850673,1.5443131680747548,0.03707706599693444,0.0124986767768859,0.34107601063039755,1.5545221426501619,-0.14056606901972152,0.0041781277395784,0.44382621935395405,2.0336545844315097,0.3698041305677497,0.0017555170925334,0.30106448115118795,1.9783362300878848,0.0434621224622148,0.0010924347443506,0.42742300417184687,2.0550165751346996,0.3808237180561627,0.002550080185756,0.2881319614358224,2.0530892932849865,0.07307653293378384,0.0024435680825263,0.45259520115439883,2.1657088670681395,0.1113307296601862,0.001469220384024,0.3521813169162596,2.107789513429175,-0.27796374209145724,0.000933717645239
2025-11-11T0785.340754,20,0.6059086127856286,0.5004187788023998,-0.24995210914378446,0.9989362359046936,0.628038759168832,0.45456381666828705,-0.19465513099177667,0.997792899608612,0.6282319629229867,0.4306866191692652,-0.22568737557422905,0.9980241656303406,0.6157454843359383,0.4476818115303752,-0.179097928776776,0.997901439666748,0.602077603852483,0.4439876776211381,-0.2783500172479184,0.9980012774467468,0.5882347893019935,0.4248094355557659,-0.281638973421634,0.9982786774635316,0.6002487165849559,0.46339360262222995,-0.29246809980120503,0.998161554336548,0.606913410680211,0.446520462239263,-0.021996941688057232,0.9969385266304016,0.5486216100256759,0.4254578729989168,-0.24364134225272963,0.9975749254226683,0.6203113404098136,0.5151752154772916,-0.15845295470590734,0.9991737604141236,0.5923584553691692,0.5050287856271333,-0.27931097596688725,0.9993558526039124,0.579508608731216,0.6258132374320975,0.08886767348667403,0.999415934085846,0.4337210804350022,0.5850428403565776,-0.25737277349682663,0.9995415210723876,0.6169761767978784,0.9127199555852273,0.2474913772483819,0.7309638261795044,0.27971916363108074,0.9175660690651812,-0.2775117681126642,0.8186562061309814,0.6431455581437214,1.082471854686098,0.1892411343893938,0.3735410273075104,0.2768112616504126,1.1952057542526935,-0.36636167028215,0.2850545346736908,0.6702747729326234,1.091933006370768,0.15877589015670268,0.2854668498039245,0.22052045075610102,1.2854299724707023,-0.45940125826809436,0.2377771288156509,0.6273999439248557,1.0991359960623386,0.1273021382829657,0.3282484412193298,0.2531939552955636,1.2892247513738913,-0.4940977977186469,0.2910484373569488,0.6360704018106687,1.0879518737529335,0.17214255522336452,0.3268336653709411,0.307511209446828,1.2563422784222436,-0.4311380300497429,0.3078739941120147,0.5276259743637961,1.177361888734421,0.07060359213028156,0.2627632319927215,0.3618551591807589,1.2068763308907422,-0.06849278490977957,0.2683340609073639,0.5053467891101163,1.6444845773100196,0.023928408232104653,0.0114410668611526,0.34632013486824875,1.6478547365183218,-0.06825122140396618,0.0042248219251632,0.499106683556252,2.053663697024611,0.3801278789720475,0.0016018139431253,0.33881798652599826,2.0363445319702547,0.08447915284422601,0.00101280992385,0.4827154885427174,2.1145734576373285,0.4260407691550921,0.00231453939341,0.3049004770935285,2.1240717674574747,0.1145611630981588,0.002234436571598,0.5463273525917464,2.190277249808219,0.13336589688960732,0.0015002485597506,0.38610268562439737,2.1551663780723955,-0.21857698024453998,0.0009100185707211
2025-11-11T0779.311497,21,0.6483490491690682,0.5206603967627695,-0.2452109140204967,0.9990319609642028,0.6253158024823201,0.4903191527427098,-0.2258016784496198,0.9979944229125975,0.6418017408751846,0.49646298853348364,-0.212419288185269,0.9982035756111144,0.6361312209836444,0.48278191788956,-0.21092447220466898,0.9980921745300292,0.6185456033538088,0.48370081279726884,-0.23040368327246763,0.9981862902641296,0.6163623337514215,0.4756588406063212,-0.27408093975570286,0.9984367489814758,0.6004045196431473,0.4611032575310452,-0.23702567851776782,0.9983301758766174,0.5906500679526797,0.5195546813254919,-0.009504304891404122,0.9972246289253236,0.560336462810432,0.4648222126877647,-0.22022125348228017,0.9978064894676208,0.602400592165748,0.5614101966913458,-0.15698280724590744,0.9992440342903136,0.6289518364175432,0.5513853880396066,-0.2394976753191293,0.9994128346443176,0.6441650346660522,0.7117677096042929,0.03575659587785118,0.999435305595398,0.4271940834992839,0.6477285273793331,-0.22145149617403176,0.9995633363723756,0.6547387648548786,0.9486301920229551,0.1809188285013711,0.6848758459091187,0.31386024418394226,0.9233147419149996,-0.26469751396265684,0.7902593612670898,0.7034680508468458,1.0994060327583812,0.06783966080594866,0.3470280170440674,0.28867330235285793,1.1898020994768137,-0.3639780293836171,0.2756840288639068,0.7092381521150025,1.159510017373625,0.07368575540429015,0.268345445394516,0.23460695817053193,1.2222388755336193,-0.4093937097166687,0.2358227521181106,0.7022016196222148,1.1750768515046317,-0.016865157742316787,0.3115750849246979,0.29767826967309324,1.2479305459528844,-0.47777711480818036,0.2896717488765716,0.6917193365671224,1.1976838772959852,0.03397281466295118,0.3092894554138183,0.24167226591295546,1.228276798888862,-0.42604300760335106,0.3046235740184784,0.6111125213414905,1.2434994733238875,0.04241970596517372,0.2368583679199218,0.40158795824440713,1.227867269725044,-0.029879684600902207,0.2419131100177765,0.5673997894591014,1.6653223559370385,0.06331786038010405,0.0103923948481678,0.38506413900780545,1.7087836348898988,-0.09278993579008099,0.00393044995144,0.5533382906217552,2.106635623671831,0.36352470100483353,0.001450571231544,0.40761399255793124,2.0957075474222977,0.0957725373522362,0.0009191636927425,0.5633781005713628,2.181679545847026,0.36785916407964114,0.0020924096461385,0.38586403448762574,2.1501811018773704,0.12961738031068232,0.0020201348233968,0.5999495697496932,2.224032849151845,0.08262851962266475,0.0014014377957209,0.45052195189660765,2.2259662749916895,-0.2854688052520418,0.0008382729720324
2025-11-11T0732.345852,22,0.634185842162836,0.604951718543867,-0.31371159494226986,0.998880922794342,0.672531567608554,0.617287789796672,-0.28963207037362876,0.9977136850357056,0.6256065698443689,0.5941553617464528,-0.30680197122720276,0.9978143572807312,0.6427499508335612,0.6031203013846635,-0.31842450862627275,0.9977327585220336,0.6073268506173303,0.601634933944811,-0.28749310869039824,0.998009979724884,0.6172305150461778,0.6072447218390207,-0.3282079981786008,0.998245358467102,0.6068560723405504,0.5802202441313683,-0.28239358974761913,0.9982171058654784,0.617734283268537,0.6360325579199019,-0.10978209141554869,0.9966912269592284,0.5674336835150794,0.5994937200064856,-0.1986401448449068,0.9977302551269532,0.6349526137148174,0.6450904826587642,-0.23865617869458286,0.9990659356117249,0.6096625334713734,0.6639829357241289,-0.28830631317123184,0.9993290901184082,0.7045197715898273,0.8473621466433983,-0.03693503551391053,0.9991896152496338,0.45373754833307256,0.7834096869805801,-0.18034280663861096,0.999538004398346,0.7047244814488718,1.042032069979597,0.06891645506902573,0.6372133493423462,0.3480843315896695,0.99768633282207,-0.24554640321423718,0.7693316340446472,0.679810794536191,1.3081967092186029,-0.026128264249609085,0.3187601268291473,0.29057271061351525,1.270142161922164,-0.5159094928357969,0.2784182727336883,0.7316874513004188,1.3617827681803678,-0.01820884504422749,0.2488524466753006,0.23174025216251745,1.2950317066469377,-0.5650309698243925,0.2414012402296066,0.727825830997918,1.3643848444532651,-0.09106130789320764,0.2905309796333313,0.2851719788822077,1.3297422772913954,-0.632272943869806,0.2972379922866821,0.6801297785269823,1.3345948065092548,-0.048049260696179125,0.2876462936401367,0.29435752608358706,1.314887328092842,-0.5374005408305299,0.3099234700202942,0.6151585628886704,1.3778969651380082,0.004186738189735833,0.213748350739479,0.4050736410825573,1.3361355017044492,0.006387190220678768,0.2185916900634765,0.6135534005526139,1.7812111365958154,0.03497496250984167,0.0094732856377959,0.45679147802513986,1.7870517866455706,0.0009394897830373068,0.0036302912048995,0.6317188895672369,2.216878688986362,0.4235318399976095,0.0013195684878155,0.48741553436971014,2.199484465510025,0.2382639987827387,0.0008347104303538,0.6216195603782251,2.247108663112143,0.4496746030883823,0.0018950006924569,0.4470059589788605,2.2408341380197663,0.24244820659857827,0.0018378848908469,0.5962717564044202,2.3279040753954514,0.10743454296408356,0.0012835278175771,0.4764574956716398,2.2908036019516578,-0.15985391792590828,0.0007708625635132
2025-11-11T0797.732626,23,0.646707885766188,0.6874190447677927,-0.32568088133857576,0.9987971186637878,0.6724223809608254,0.6324946075098173,-0.27076054205147393,0.9975692629814148,0.6837171416963137,0.6625053076252659,-0.2817493162955288,0.9976847767829896,0.6566253055297072,0.6419139165249442,-0.3039917966245037,0.997605323791504,0.6126768273745133,0.6531378480947646,-0.2940887028818685,0.9979044795036316,0.617588151510495,0.6362678495124449,-0.31373257153696704,0.9981421828269958,0.5891844451478017,0.6376026168472977,-0.3100263608742443,0.998123049736023,0.6429579735149628,0.6650458407752516,-0.0878507446522276,0.9965511560440063,0.5955203554705906,0.7016721818340985,-0.1801880376057837,0.9976837038993835,0.661996912792607,0.7043280995746121,-0.25144917964988867,0.9989222884178162,0.6228609557937046,0.7016410534804456,-0.2903845209312545,0.999219536781311,0.716966644143768,0.870261082924512,0.010568456632699723,0.9987747073173524,0.48192900644936887,0.8626522278045498,-0.16303229872259575,0.9993869662284852,0.7363714454294686,1.0494572906433013,0.0049270648173426156,0.5860854983329773,0.37914627186177957,1.0348830589722442,-0.1704939437952154,0.72882080078125,0.803430349672369,1.3202487190786576,-0.05434255808583012,0.2912394404411316,0.34186261416291214,1.2972518791160617,-0.3404263660159382,0.2656630575656891,0.8363198942690857,1.3955368235329104,-0.09994711342067723,0.2299689650535583,0.33401605103452015,1.4006730979700917,-0.37322319134160525,0.2329800128936767,0.7850624372036944,1.3898299189402399,-0.12133427005211934,0.2704247236251831,0.340372248057818,1.4554681725416792,-0.4430122660278739,0.2889783084392547,0.7677568154344934,1.381873170963473,-0.06950357850205716,0.2676399946212768,0.3528641749795397,1.3982662675447508,-0.34161028109772085,0.3008182644844055,0.6923870630257539,1.3973350389342258,-0.004709504916255749,0.1926314532756805,0.506436430359627,1.369555030879936,-0.016410748552832123,0.1970638781785965,0.6493704276926757,1.84081463136558,-0.054077845921478,0.0086098769679665,0.5222948977024082,1.8304039380879351,-0.09121784172124531,0.0033386996947228,0.7061869308874759,2.2304638368407885,0.26896082097068286,0.0011960961855947,0.5206936323732716,2.2608820791905293,0.09451842308819608,0.0007554230396635,0.6986905165627939,2.2992944552843118,0.2714936077620156,0.0017145104939118,0.5290341515782232,2.280955829579672,0.09046374124496934,0.0016613512998446,0.7127355254710052,2.368845409355689,-0.05887854311591968,0.0011764399241656,0.5367268112742545,2.3477640451749577,-0.29058023382413867,0.0007067646947689
2025-11-11T0736.395404,24,0.6679765003945267,0.7433343328495041,-0.5594764621026846,0.9918524622917176,0.6970748032293592,0.7122272850088761,-0.5122065131313428,0.9852181673049928,0.7027279824157068,0.6952373563575519,-0.5081620402210878,0.9844551682472228,0.7241838549409793,0.7068836809578554,-0.5001854624387492,0.9846045970916748,0.6814991298133798,0.7184654330398774,-0.5386252461162087,0.9873153567314148,0.6598553868508981,0.6712019651039923,-0.5116733415405477,0.9878963232040404,0.6618863250371676,0.6909003774894726,-0.5265726817003841,0.9899125695228576,0.7113998220299922,0.7534502827507892,-0.3243336737165359,0.9771453142166138,0.6688097193813247,0.7390842189864533,-0.26646854956598964,0.9876795411109924,0.697909952230179,0.7936849955605886,-0.4416416515537808,0.9921723008155824,0.655569938553684,0.7730855129079568,-0.46032353189067965,0.9945950508117676,0.7792840894484536,0.9610788852604562,-0.19543030742860013,0.9896671772003174,0.5418594047377716,0.9253096091668128,-0.184453083190456,0.9972962141036988,0.8043105298273027,1.1479973910190495,-0.2116384335903676,0.5367105603218079,0.49755113795427897,1.1345339747009666,-0.13736975245876534,0.6803073287010193,0.8035285431491274,1.2977089046124344,-0.4731230024045577,0.2676668465137481,0.44255649666341174,1.3082980293997744,-0.3181925190577625,0.2482781708240509,0.8408983888806899,1.3709574271719371,-0.49103848351271195,0.2160727679729461,0.4101291844690702,1.3934793255172433,-0.3907488610005313,0.2207850217819214,0.8300720496783227,1.3426726307753059,-0.5778153777770505,0.2561594247817993,0.4400225436478253,1.424416944521177,-0.4360445112824367,0.2769156992435455,0.8108994541242139,1.3499960767143349,-0.48804478997801415,0.2528713941574096,0.4529388433688383,1.3676294463605343,-0.3895352816696091,0.287885308265686,0.762499236260385,1.3948356728172446,-0.005193722849552877,0.1734256595373153,0.5697396514090312,1.392665166537823,0.019570885162810588,0.1774370074272155,0.6910991501419906,1.8134727699731719,-0.1661795304250879,0.0078657977283,0.5418283437125814,1.8141676234643676,-0.1662986543263755,0.0030786225106567,0.7173224983087145,2.222052799280681,0.13043214563854183,0.0010864279465749,0.5472489287894604,2.205048206335662,-0.026384777482726322,0.0006828511832281,0.7660141755422288,2.2906081767010775,0.14973641303733812,0.0015506542986258,0.5277611227066501,2.248828615220446,-0.02798398962903252,0.0015043289167806,0.6981641040062255,2.3443174478998707,-0.2571411364779856,0.0010698135010898,0.6162604419075953,2.2778259980430136,-0.45010660456660856,0.0006483389879576
2025-11-11T0795.325559,25,0.7443759070138022,0.8190877360489774,-0.6930583572720759,0.991696000099182,0.7521639501225517,0.8033192311815255,-0.661536894397337,0.985356330871582,0.7496163942306204,0.7682025734570559,-0.6724359577837931,0.9844667315483092,0.8033509885956525,0.7894116716410673,-0.6587085448755494,0.984615683555603,0.7460375189349268,0.8055547057734583,-0.6601654685509208,0.9873650074005128,0.732519579710947,0.7812590241905074,-0.6672074487061321,0.987898588180542,0.7337756580911307,0.794851702921482,-0.6737460161784824,0.9898940324783324,0.7788846978411725,0.7776786059077986,-0.36759567998040793,0.9775394201278688,0.7029017008868775,0.7825978914746443,-0.4866519330825107,0.9882665276527404,0.7371746230037483,0.8259585505756856,-0.5828998334810912,0.9921558499336244,0.7242382045180936,0.8587446283418381,-0.6048072427956269,0.9946301579475404,0.8352334047737853,0.9478094207907065,-0.18079938067425877,0.9898346066474916,0.6153393953677825,0.9016792355538198,-0.32579987812711636,0.9973106980323792,0.8414200996195003,1.1318573459042152,-0.16008139757267031,0.5164908766746521,0.5477242412260808,1.0615518482080737,-0.34940222760569806,0.6779299974441528,0.7949167602673344,1.1271885906010954,-0.3931044086070348,0.2812578976154327,0.49596962622871654,1.2758573305165282,-0.5900820704781616,0.2457359433174133,0.8016693109199812,1.088723747584085,-0.4367384911283415,0.2287496030330658,0.5242636386309252,1.4110800233502125,-0.6876509119587854,0.2198874503374099,0.8154993015883282,1.0639018220266827,-0.4610920922272038,0.2689424753189087,0.5221299411260717,1.4320525618203637,-0.7575758398960794,0.2765184342861175,0.8106929844465256,1.0733550080875833,-0.4216002112416335,0.2637937664985657,0.5585163001743063,1.3620256094144603,-0.6321713277998998,0.2864201962947845,0.7511491751855577,1.3711526367011617,0.003114779486785707,0.1564144343137741,0.6115495589179799,1.3569313539537722,0.02865056370868689,0.1600276380777359,0.7177736938324317,1.7861854076402461,-0.08144000855572095,0.0071628470905125,0.5603057476138537,1.7475820307001344,-0.11101399751643364,0.0028314106166362,0.7478610969716959,2.1665579007440425,0.22237332238004556,0.0009834808297455,0.5691676831102788,2.165488016498248,-0.006061406183157954,0.000616232457105,0.7384990409885299,2.26652366902577,0.23154872725561026,0.0014020268572494,0.5703715533897596,2.233775174587257,0.025945085836610038,0.0013616463402286,0.7012162097588469,2.2999896092688785,-0.15784149954791268,0.0009738496737554,0.593921119707274,2.266764850973068,-0.2702570848850283,0.0005919606192037
2025-11-11T0743.102627,26,0.7733106477527031,0.8484412541547781,-0.707234638341308,0.9909910559654236,0.7856467710559107,0.8421893202148852,-0.6784342814482875,0.9841219782829284,0.7969980950100113,0.8399293036487181,-0.6686386675239023,0.9832242131233216,0.8007964167088726,0.8484776240134624,-0.6834817749749208,0.9832001328468324,0.7775773296420359,0.8461835342493195,-0.7178852760686165,0.98646742105484,0.7714081418978783,0.8199122487059297,-0.7091716331733713,0.9871471524238586,0.7801420674734515,0.8352451265374807,-0.6822634728668147,0.9889293313026428,0.7920330684427652,0.8270264738544058,-0.42914529335892765,0.9767704606056212,0.7027765802465902,0.8230299208622571,-0.5605360380921088,0.9880375862121582,0.7698289956128965,0.8787496621570985,-0.6231485213412957,0.9919216632843018,0.755739499248489,0.879318261598932,-0.6346523521849683,0.9943927526474,0.854624841425442,0.9518092897755596,-0.16964466048700827,0.9901024103164672,0.6295100380714175,0.9075311276641039,-0.40157099647981076,0.9972736239433287,0.8203934892130158,1.1466575507557266,0.04037582469388022,0.4902725517749786,0.5479734241121185,1.0665757461818655,-0.36828910050257335,0.6761635541915894,0.8615352184061928,1.2885914158727814,-0.08814071026372858,0.2557070553302765,0.5421339062731899,1.331988640781407,-0.5971845129591986,0.2344048470258712,0.85058874162561,1.356294364378212,-0.08419404956462412,0.2088296711444854,0.5385858432172267,1.3815216074995997,-0.6571789433140259,0.2109720259904861,0.8718023131298929,1.3495994274913956,-0.17605026889094763,0.2464199364185333,0.5433050859024608,1.3737857364694641,-0.7175418927260605,0.2661506831645965,0.8384694296721235,1.3380558586563256,-0.12353317679906363,0.241861030459404,0.5573254597902333,1.3439844615806948,-0.6632395591601954,0.2741725444793701,0.7801008776620413,1.3833877938043522,0.0034402240742393885,0.140953779220581,0.6400917406881181,1.3692628871305277,-0.025257113189081054,0.1441882848739624,0.7163727892670965,1.766913756097332,-0.052643763568602814,0.0065924311056733,0.5831207640406578,1.7373734475733071,-0.07525956944592965,0.0026742666959762,0.6952963241820711,2.137166462445005,0.317725900966113,0.0009055193513631,0.5664627760336749,2.093760341953561,0.11389577613047705,0.0005672966362908,0.7247671151800748,2.177185381048628,0.33144658085928586,0.0012777966912835,0.5751990522068465,2.1279968032873273,0.10490036518590357,0.0012609490659087,0.7034671822987388,2.2393744004717386,-0.054291927928783956,0.0009029670036397,0.6056485646349833,2.213367841295789,-0.2551575757216996,0.0005572607624344
2025-11-11T0748.943054,27,0.8003838144555044,0.8558122762357216,-0.5210040863223175,0.9878677129745485,0.83471994456297,0.8263727549909466,-0.4890943751711997,0.9795898795127868,0.8495851487944251,0.8452555112036765,-0.5044702616677799,0.9780508279800416,0.8440829102640973,0.8631111181718594,-0.46323461720845893,0.978399097919464,0.81596441116966,0.8056703401735313,-0.5480147314645966,0.9833111763000488,0.7857886347267685,0.8312828832263138,-0.6052537540384444,0.9838169813156128,0.8060383708703345,0.8359735480241262,-0.5741876172685492,0.9856207966804504,0.7796876370655969,0.8412964968167878,-0.290833817747004,0.971494734287262,0.767652096898415,0.8190759561675646,-0.4492750633568947,0.9851753115653992,0.8054070700366192,0.8745485892864331,-0.4435184597306451,0.9904974699020386,0.7823188355108774,0.8693469341288869,-0.5348876266296573,0.9934120178222656,0.8135296407162006,0.9559692310907237,-0.0767954849552489,0.9898568987846376,0.6365846463263274,0.9019285434843793,-0.38766444794162863,0.9970086216926576,0.8574514867412526,1.1667007720583964,0.10299013276367391,0.4640673696994781,0.556919657299085,1.1250107674934546,-0.3645334782391393,0.6539540886878967,0.8785650247144332,1.3168081357811272,-0.039151728791598894,0.2364299595355987,0.5191262294082091,1.3081543931486384,-0.5555318269156779,0.2240042984485626,0.9193222075491234,1.3769537644805783,-0.047241504294471146,0.1940679252147674,0.5073858401883671,1.3451895817528474,-0.6650336124378764,0.2039046287536621,0.8684744789217894,1.3653750948213441,-0.11035329669611418,0.2302653938531875,0.5382366667085979,1.351894852515651,-0.7181801803453196,0.2580682039260864,0.8821873803529541,1.3252443098352444,-0.05304343208944357,0.2263424098491668,0.528543419926287,1.3431316271920386,-0.5945619356499973,0.2635884881019592,0.7473623321282695,1.3482322221753245,0.002668833693123599,0.1270283311605453,0.6199814051940932,1.338160676851398,-0.008752714832476178,0.1299071907997131,0.7440748784276288,1.7581692838625462,-0.004631259821440911,0.0060646925121545,0.5924268470869265,1.741233775012054,-0.0603267654227765,0.0025585929397493,0.7074330352894521,2.0877075527703215,0.3435965750259982,0.0008230686653405,0.6098746123557195,2.0613528072908855,0.1377781835466209,0.0005196728161536,0.7232371301673263,2.134012966635902,0.36054434568489785,0.0011548436013981,0.5596123952440685,2.059457678311704,0.1648935447533189,0.0011553248623386,0.6946065792243162,2.1916625157206977,0.0013217565905487873,0.0008360614301636,0.6040814072750171,2.138572368408404,-0.21543958697392038,0.000525823503267
2025-11-11T0754.265093,28,0.8315517682670941,0.8710221642902973,-0.5561319214513197,0.9845768809318542,0.7947112234424062,0.8574270227311696,-0.5465487292606672,0.9745520949363708,0.8268557035065511,0.8625554112649033,-0.537919654006599,0.9724246263504028,0.8323225010281652,0.8790438968251466,-0.5533606185659977,0.9731635451316832,0.8063835893439413,0.8366614604718027,-0.5882434940312373,0.9795727133750916,0.811881149279584,0.8459353586904832,-0.5814698283683186,0.9799789786338806,0.8106923596710038,0.8402147255727171,-0.5755036793479976,0.9817593097686768,0.8072254568792805,0.8971762535195812,-0.35579722215741866,0.9661211371421814,0.7704456376735049,0.8498392959127539,-0.551532031602287,0.9820828437805176,0.7896688458358713,0.9067093395650514,-0.4659760559967751,0.9892995357513428,0.7816320375350145,0.8861370664900359,-0.5634634940071637,0.9925734400749208,0.8145361805022785,0.973558739317476,-0.13145456764182756,0.9899412393569946,0.610881742978261,0.8831681936110289,-0.4616826418169151,0.9967421889305116,0.8488757290586659,1.1446674935573777,0.061602302041771514,0.4342114329338074,0.5386088503138997,1.085651015133646,-0.4647208249125268,0.6343162059783936,0.9268353530868837,1.3256384860731818,0.017397304558352623,0.2153381109237671,0.5432137950619077,1.2952568020891648,-0.6094962863510548,0.2092920243740081,0.8761718178048714,1.3484647231908429,-0.01518541835520104,0.1770858764648437,0.5278312935519506,1.3507227074515602,-0.6237445657237886,0.1912118047475814,0.8585442092001229,1.371743288677386,-0.07415778235630202,0.2107205390930175,0.5383025301912823,1.369024947085326,-0.6909595134715186,0.2428051531314849,0.8741540703333228,1.3268280002061796,-0.020810957793226555,0.2072530686855316,0.5469952697200227,1.3175422504090595,-0.5755168152408257,0.2466338574886322,0.7552590676843377,1.3662564596623377,0.015286294563771882,0.1144763082265853,0.6083124032304722,1.3319316437523494,-0.013011874535735353,0.1170159205794334,0.7305970472234011,1.7339866655539196,0.0699291522886794,0.005679543595761,0.5805222791243659,1.7368752274821828,-0.060527905729060645,0.0024928832426667,0.6904503425172445,2.057260087994097,0.4739771716019746,0.0007520743529312,0.5770751806620662,1.9911775087417427,0.2575092548330029,0.0004759643925353,0.697288902602871,2.111436665061818,0.47131280776016965,0.0010457267053425,0.5585135769971461,2.026531753086438,0.2733720549131234,0.0010600301902741,0.6840977445523706,2.137145569960523,0.16679177019763738,0.0007796389982104,0.5827837700408921,2.093893477950651,-0.11161106584600676,0.0004933175514452
2025-11-11T0744.108056,29,0.799038247646208,0.8544682344766314,-0.5781588591411817,0.9812852144241332,0.8331342429255408,0.859415887005701,-0.585036604141168,0.9695905447006226,0.8481175958147829,0.8606889393904004,-0.6136179388235803,0.9668163657188416,0.8094147414957297,0.849058841764659,-0.5658760492352237,0.9679378867149352,0.7844919226014864,0.8225022884542837,-0.6273138492093041,0.9754486083984376,0.820556764966565,0.8619462094551317,-0.6365010457600092,0.9756893515586852,0.7891485192417093,0.8317110792226734,-0.6322452291937872,0.9775146842002868,0.8008063787780214,0.8686968789395872,-0.3777702843307156,0.9606181979179382,0.7598079121672453,0.8330214345043572,-0.5716493543362625,0.9782021045684814,0.8250072150174913,0.9196822888679903,-0.5052682060867848,0.9882636070251464,0.7555161574759041,0.9031195920538811,-0.5744618192772389,0.991758406162262,0.8293268719618713,1.0027055582720013,-0.1708618067723829,0.9899709224700928,0.6472045786823061,0.9011110639728331,-0.4516776792655889,0.996237814426422,0.8516764505473925,1.1692228514653338,0.07074456769211712,0.4095684587955475,0.5581927228150333,1.0942249534053348,-0.425378522202195,0.6150274276733398,0.8793999049449637,1.315314049220301,-0.01113452832968734,0.1965519338846206,0.5394746961390582,1.2757136407788294,-0.5740341135672119,0.1943075805902481,0.8999918549934017,1.359424232691391,-0.01582395518841406,0.1618053466081619,0.526517206040014,1.3211220668834975,-0.6192251577402357,0.1778281331062317,0.8638251225555835,1.3757365845659149,-0.12113933916654757,0.1930469125509262,0.5503967884807441,1.3483528974257233,-0.6696377162316397,0.2264124751091003,0.874892498393195,1.3164843664204016,-0.061111403408282056,0.189857617020607,0.5352278976333392,1.3376461875892662,-0.6058584595158039,0.2290020883083343,0.7529643174604497,1.3498736313228175,-0.02818892084964589,0.1032062172889709,0.6073435828013269,1.3533597503222297,-0.0277470148455363,0.1054235994815826,0.7331020121530861,1.7492215870352656,0.07048427201032813,0.0053777862340211,0.5754229817440324,1.7008984395833429,-0.009874049395878482,0.0024553893599659,0.684345901600889,2.027708249157204,0.4943419211596777,0.0006895958795212,0.5708466550841058,1.999892039324567,0.31077240765415054,0.0004380478640086,0.6984183756067748,2.0808785751414156,0.5288513279489223,0.0009474701364524,0.5562902124872833,2.036439215467582,0.31155219053086913,0.0009795882506296,0.7049974500030991,2.1473631307017773,0.1756908700417243,0.0007261693826876,0.595701008983067,2.0813226776922376,-0.06390232388467337,0.0004674352530855
2025-11-11T0747.220717,30,0.8048752265665873,0.893120324417334,-0.6623821719826712,0.9804347157478333,0.8265398081501407,0.8539150373574621,-0.638550052612422,0.968397855758667,0.8597001944178524,0.8595762198019813,-0.6020036778716643,0.9648813009262084,0.8275033700122456,0.877412803102857,-0.6264919168306327,0.966592252254486,0.8257003502721695,0.8778635595804543,-0.6463002081595552,0.974453866481781,0.8048432855466926,0.8834980547877942,-0.6695936559783314,0.9743069410324096,0.7831180349833732,0.8790470738333778,-0.6565213112795327,0.9763734936714172,0.8111543927780618,0.8791800104009658,-0.419117686345143,0.959288477897644,0.7992310381244283,0.8300396327096449,-0.6051844020315761,0.9772661924362184,0.7738500180442242,0.9238946606220161,-0.5795682461783864,0.9880885481834412,0.7606183336629216,0.9027763935243939,-0.5957229204025903,0.9915940165519714,0.8155580734751704,0.989671111652593,-0.18754669806393903,0.9899932146072388,0.6102539284809444,0.8908907027432429,-0.4983132849249474,0.9959227442741394,0.8503729131549145,1.1464482716476072,0.03845018297298051,0.3826099038124084,0.5618695490603861,1.058501444730591,-0.4569616825268081,0.595283031463623,0.9041065246874133,1.324579971791661,0.0005347182200887094,0.179339200258255,0.5199889905867324,1.3068922074960434,-0.6099475051461257,0.1821341067552566,0.8511519052956524,1.3854741774461692,0.013405178526784422,0.1481314897537231,0.5317715524316334,1.3530945454384709,-0.6694461903974721,0.1671640127897262,0.8939161352201243,1.3365340042890739,-0.06841527649500094,0.177362248301506,0.5538196133882718,1.360301202274779,-0.7099756481458193,0.2138381898403167,0.873339232683937,1.3603452621040961,-0.00931886745237219,0.1744214296340942,0.5272922488882935,1.3085160554846555,-0.627923098952031,0.2150607109069824,0.7553387503966789,1.3591124852795877,0.01103995187531141,0.0930188223719596,0.5797170310391634,1.353758295298304,-0.011103511383764943,0.0949616879224777,0.7170565181679353,1.732243751718081,0.08878153205285705,0.0050556855276227,0.5815679230742472,1.701507832773188,0.02587830931405883,0.0023604303132742,0.6986349485442117,2.028864951550387,0.48047197765399124,0.0006290701567195,0.5578671929169806,1.986622165193502,0.3022646427113767,0.0003989412507507,0.678674842326281,2.0500905454412788,0.4921635845110356,0.0008575025713071,0.6002826965844796,2.006404307933204,0.33117201344647407,0.0008940293337218,0.700548046872338,2.1440833817862024,0.16995923879483232,0.00067003024742,0.5588771922979222,2.0602652154167247,-0.050014003037741527,0.0004364798951428
2025-11-11T0732.902325,31,0.7925398389333449,0.9021414705675751,-0.6388604142809882,0.9806364178657532,0.8122722887016299,0.8541244717703597,-0.594518838300835,0.9686660766601562,0.8384802895176341,0.8949375305859952,-0.618322429762121,0.9651809334754944,0.8246792792174255,0.8476939322584273,-0.592369106485151,0.9667471051216124,0.8263714358054581,0.8762894312877454,-0.6517965519279791,0.9746734499931335,0.8140168763461713,0.8703250240765442,-0.6234533663219104,0.9745213985443116,0.7988158302104398,0.8630474584183211,-0.6533792649451685,0.9764253497123718,0.8086885186188255,0.861852727579764,-0.3692510646286293,0.9600796699523926,0.7832482927581913,0.8132800830430968,-0.5841245498028702,0.9776211380958556,0.7910027739083649,0.9226354535302014,-0.5422454239021893,0.9883760213851928,0.7713146528051429,0.9179441060279654,-0.6181607787021295,0.9917941689491272,0.8173628282155259,0.9974536366618024,-0.1989860896589191,0.9903713464736938,0.6144952196175233,0.9156572530983902,-0.44474308762090775,0.9959202408790588,0.8596399673207409,1.1722721141983772,0.05949351690404808,0.3578203618526459,0.5558522220289457,1.053245610389128,-0.40436954287841065,0.5825361013412476,0.8702822110774943,1.3392909332090948,0.020523671240663094,0.1635812371969223,0.5196297118199127,1.2931788170045424,-0.5708396474113833,0.1704398840665817,0.8757529418926684,1.404299597461431,0.01693974199736859,0.1354577988386154,0.5280333557090648,1.3273884530497058,-0.6617854929229099,0.156620368361473,0.8626553098601919,1.3765993039397815,-0.04983346750621725,0.1627266407012939,0.5494708216099736,1.331962635831826,-0.678261474465635,0.2011985778808593,0.8453246759083941,1.381660892758799,-0.01005559468620402,0.1600059568881988,0.5460922727336708,1.317636466149087,-0.6184138293108802,0.2012827843427658,0.7195697675832713,1.342705127220657,-0.0038058719721999687,0.0838391482830047,0.6118793505565583,1.3591825076493877,-0.002097079558251341,0.0855438932776451,0.7339557018282417,1.7254971547093576,0.02612288225357985,0.0047544068656861,0.5963673345739572,1.66378307244914,-0.02435918219700051,0.0022730170749127,0.6994913374138869,2.0079511770571106,0.4723088100939353,0.000574697041884,0.5824876461911026,1.948449512382983,0.2896938143632819,0.0003639860078692,0.669624531791291,2.0584180205396927,0.5170599292804773,0.0007772195967845,0.5724352835623373,2.0162746947225423,0.2786291177449126,0.0008190436055883,0.6881857882258644,2.1058461790053764,0.14729455233183886,0.0006215098546817,0.5737320066813574,2.0723552420190403,-0.0711309111244211,0.000408618041547
2025-11-11T0713.953119,32,0.8102023892832564,0.8567487130813406,-0.6684656759492803,0.980751931667328,0.8086817674532714,0.8708992920670277,-0.6250329247659808,0.9690030217170716,0.8207935570678115,0.8682183166608334,-0.6275564470125253,0.965646266937256,0.8633320876009191,0.8833134954888545,-0.6344676484231265,0.9670246243476868,0.8207063070738286,0.8472808873392513,-0.6768426825006391,0.9749441146850586,0.8003818434205606,0.8487929451400968,-0.6668006989187749,0.9748408198356628,0.8008943770890202,0.8587713265573356,-0.689227492459961,0.9765775203704834,0.8234239861881806,0.8797405580768792,-0.38649219351662933,0.9612236618995668,0.7736076627746021,0.8338258016555673,-0.6075490233613491,0.9781425595283508,0.7815678213949604,0.8964748405516177,-0.5706335017066463,0.9886614680290222,0.7903002486228063,0.917566564804149,-0.624535426037259,0.9919782280921936,0.8185098642103997,0.9798409641846877,-0.17751731262528542,0.9906745553016664,0.6240236164527632,0.9228370918705102,-0.46136833350314216,0.9958964586257936,0.8283089372369311,1.159581443632715,0.059706798165375066,0.3352664709091186,0.5321494572207325,1.0250786024667193,-0.4211241510528751,0.5702004432678223,0.8827985770921893,1.3345087175424926,0.001839914313907785,0.1489468067884445,0.5463491189028237,1.2952129238570245,-0.57970648964265,0.1590142697095871,0.8654249951973775,1.3924078056494635,-0.010854455054019194,0.1236552968621254,0.5309377414019149,1.319411601621287,-0.6464413768777153,0.1462485939264297,0.8388378130741437,1.3830683902116265,-0.056038222945184124,0.1490115076303482,0.5495411282300064,1.3216955506898862,-0.6887437692093497,0.1887279897928238,0.8501170892410717,1.3448934231686966,-0.0074193372196289485,0.146456778049469,0.5515699488859451,1.318442778807218,-0.6052417793836762,0.1878969669342041,0.7578555963437578,1.372540918013163,-0.012160746913158188,0.0755907595157623,0.5885070249505618,1.36340948505087,-0.034949392813754296,0.0770795568823814,0.7253938799785014,1.698825827937128,0.03238404311626846,0.004593544639647,0.586673507348856,1.6678846479733276,-0.055301972391444104,0.0022347376216202,0.6732823741693187,2.0044843154206546,0.4082049436780084,0.0005304950173012,0.5797949233973893,1.9710591112712244,0.2037861248538685,0.0003337891830597,0.6809960999559975,2.061693177713612,0.43724129409802276,0.0007085768738761,0.5689184605396298,2.0076237783323916,0.2082979243268904,0.0007564668776467,0.6899718105381828,2.102541046045225,0.05922369556326036,0.000583064276725,0.5844353949023153,2.0447480738425816,-0.15620680314462165,0.0003864071331918
2025-11-11T0750.198046,33,0.7846405414335942,0.8851840356726828,-0.7925417102520673,0.9815925359725952,0.8162084433519204,0.8658058956827785,-0.7456508681949497,0.9703632593154908,0.8266557268911027,0.8832444467648418,-0.7604395266795129,0.9674882888793944,0.8008281839610721,0.8719981422631445,-0.748869339758116,0.9684906601905824,0.8185420548101889,0.8289661270489843,-0.7989921018134135,0.9760260581970216,0.7978365895963346,0.8628523154144169,-0.7977855337112624,0.976137101650238,0.7973689044709984,0.8613313086778704,-0.7937329710566758,0.9775922894477844,0.7930855370332127,0.8560317776504865,-0.5258426503512371,0.9636314511299132,0.7385777157802298,0.8171132943121219,-0.6982284968304512,0.9794965386390686,0.8239441275296513,0.9029496022203003,-0.6839189592492616,0.989175021648407,0.7827731512294491,0.9159165414434537,-0.7272644906563203,0.992344617843628,0.8215393955675097,0.9813889537863888,-0.25488942580963125,0.9910607933998108,0.6007789907459139,0.9174069550974258,-0.4975626529639012,0.9959828853607178,0.8297416142090009,1.1363084214130703,-0.05580627200955907,0.3151367902755737,0.5428042269419721,1.0395908763480841,-0.45288355187337626,0.5535052418708801,0.8355366471623408,1.3238098649144623,-0.07060142883001609,0.1350294947624206,0.5414982097862371,1.2874317323523972,-0.6232027529985857,0.1459146440029144,0.8498044540807912,1.379887310036975,-0.08486254657346967,0.1122781112790107,0.5272640693559578,1.3465594646590464,-0.7011010009212123,0.1342560052871704,0.8310253606959555,1.3544926135750261,-0.14644700575162306,0.1356169283390045,0.5439166851029403,1.3271353892334519,-0.7466051785071048,0.173754870891571,0.8265184292241013,1.374168215153816,-0.11773031097614217,0.1331712007522583,0.55119514217045,1.3290299949657,-0.6274752300447658,0.1724592000246048,0.7363372229370745,1.3306744712189613,-0.012188030914996342,0.0682120248675346,0.6003292161225281,1.3359101517253138,0.0032941873959269723,0.0695128515362739,0.7159895232432548,1.662741854155317,-0.00834650577950554,0.0047222143039107,0.5948704351313386,1.6638540976675076,-0.11994111897491626,0.0022758939303457,0.687297381390754,2.006663588523509,0.2875917759307304,0.0005036307848058,0.5527383633111944,1.9551777417637457,0.11557435631599329,0.0003119994944427,0.6734853747718504,2.053052007312547,0.35732570252092277,0.0006596649764105,0.5530697553295894,2.0246416635020292,0.07038612266558097,0.0007111846935003,0.6617707657156174,2.0877243824674165,-0.0040360618603052425,0.0005654338747262,0.5793717900469281,2.0685875926081154,-0.26621997146216303,0.0003819605335593
2025-11-11T0754.297215,34,0.7978326900119614,0.8781221098416075,-0.8004262580971989,0.9828472137451172,0.8087774807832693,0.8545027086772194,-0.7727012273700018,0.9723383784294128,0.814140803557889,0.8529748864051663,-0.8132802811800649,0.9699134230613708,0.8090253397589603,0.8477136774520138,-0.7732214002375861,0.9706056714057922,0.7854361669107317,0.8412916966286597,-0.8087455850628026,0.977689564228058,0.7674511956654754,0.8315104002165792,-0.8104269584299242,0.9779574871063232,0.7848066233256538,0.8265111091740192,-0.8246605966462085,0.979153573513031,0.7741564615960516,0.8701946760105456,-0.4992598981591335,0.9664195775985718,0.7355079167145561,0.8186683336749838,-0.7052280729733685,0.9811350107192992,0.8054469814046994,0.8921732229556095,-0.6886819443091737,0.9898895025253296,0.7969297433443351,0.9201669524155037,-0.7496301283123842,0.992868959903717,0.8142616130802539,0.962123769805788,-0.27082474808955004,0.9915042519569396,0.584788900630083,0.9338652456959322,-0.5355480684563906,0.9961294531822203,0.8391852565542159,1.1808769571920614,0.016067484441606106,0.2978001832962036,0.5388444854438363,1.0729139554937248,-0.4535514713734514,0.549669623374939,0.8310631166658907,1.3075247634574791,-0.07264175359180444,0.1227835044264793,0.5326948452604048,1.2821797184970807,-0.6448301264928354,0.1348754614591598,0.8506024901121931,1.3872263245194645,-0.09904320411148515,0.102176733314991,0.5212421794262051,1.3626235119747883,-0.7172396643363074,0.1238193288445472,0.8341958715461008,1.3626477225937177,-0.1566320732688103,0.12373848259449,0.5564263030585977,1.3864899116050247,-0.761066447014771,0.1606915146112442,0.8502896644511746,1.3609931724886497,-0.10176299368849548,0.1214654147624969,0.5647220834727786,1.3347542036095106,-0.6570322121819802,0.1588088124990463,0.7529877439288106,1.3679634068488087,-0.017724629360734438,0.0616261176764965,0.5875844152042821,1.3371156517346472,-0.006359660862471556,0.0627506226301193,0.7041062410844773,1.6794745339862913,0.004109244805840754,0.004609053954482,0.5989084932000835,1.634874455360048,-0.11636535096816265,0.0021981131285429,0.6931688333516105,1.940643802259055,0.36425519158598446,0.0004867530369665,0.579868094371279,1.9393217550857855,0.07972072603984898,0.0002923183783423,0.712620911424594,2.041433570674337,0.32815408255216433,0.0006285767303779,0.5248194612196203,1.9920019904282469,0.10844762699302034,0.000670145615004,0.6623134299934168,2.0822786231288863,-0.025210822287510495,0.000564940215554,0.5903144493667726,2.0528621779185183,-0.31272591325644855,0.0003892838140018
2025-11-11T0789.227474,35,0.7690777661950806,0.8770395588805823,-0.7336012110137425,0.9842066168785096,0.7626641416139222,0.808696952120616,-0.6796743392572487,0.9743149280548096,0.7698552869355486,0.8387037458722285,-0.7083596736020792,0.9723703861236572,0.7420191531259542,0.8567548708677486,-0.6984413045274294,0.9728427529335022,0.7615450141677992,0.809466253721552,-0.7672396723892986,0.979233980178833,0.7343975840704675,0.7841638563950326,-0.7250263979094618,0.9796786308288574,0.737449743103288,0.7925085479730414,-0.733662425144245,0.9805768132209778,0.7677446715808957,0.8278667738535774,-0.4200760785714399,0.9690850973129272,0.7417379284126357,0.7847720258748546,-0.639181056044768,0.9824690222740172,0.773349159810272,0.8615299170057922,-0.63176910335402,0.9906193017959596,0.7602456165722735,0.8565630242970516,-0.6933842601149058,0.993315577507019,0.8120307695712689,0.9659539410117516,-0.23627990934181575,0.9920754432678224,0.5768242583528276,0.9169575859622543,-0.46119626519885437,0.9962663650512696,0.8321289175381783,1.1372297452851943,-0.009298460764091434,0.2783728241920471,0.5442049731302554,1.1298699042881026,-0.3887888797664463,0.5416164398193359,0.8397596559677841,1.2917479280440842,-0.15939677968433877,0.1121480017900466,0.5354953043888252,1.3110832765603804,-0.5779788034420965,0.1254732459783554,0.8546354477019985,1.380331807551498,-0.21294767042239604,0.0934608802199363,0.5237135631697093,1.3595357751830717,-0.7049576757924939,0.114716924726963,0.82052323791803,1.3603622821661516,-0.2563746055473932,0.1137381643056869,0.5681226046253228,1.3740921686371341,-0.7263891779006291,0.149494469165802,0.820104473922686,1.3760401424499171,-0.19757261904784523,0.1115485876798629,0.5340217018686491,1.3347909333949766,-0.6077391346206907,0.1470106393098831,0.7450499796701602,1.3672023784054583,0.010477065628790189,0.0555802285671234,0.5823625595851992,1.3464858244334326,0.006481153266569088,0.0565759278833866,0.712376124764095,1.6610118572195784,-0.01029128795420231,0.0042669717222452,0.575932871078565,1.6474403297981473,-0.1107786073703103,0.0020378241315484,0.6986609411104474,1.956894856237092,0.30841566479429067,0.0004572162579279,0.5523113561853256,1.953203205352005,0.11979051756746173,0.0002682670019567,0.6858974177593907,1.9831496565596654,0.33025049001353435,0.0005902764387428,0.5711323556967273,1.9743874889603124,0.13993456081819167,0.000622151303105,0.6616778194101156,2.043777199468626,-0.062397338950880635,0.000537907180842,0.5760363016788621,2.049916157363688,-0.2301763699504884,0.0003833071968983
2025-11-11T0793.696044,36,0.6978890467608708,0.7975638460400198,-0.5895327424791141,0.985755443572998,0.7323456370188859,0.7649828087255434,-0.5517782955354539,0.9768298268318176,0.7321982103376639,0.7549346282804574,-0.5775271123192918,0.9750916361808776,0.7328829816846332,0.7448360307312574,-0.5557971406678948,0.975507378578186,0.6644271556890964,0.734965558764284,-0.563533001462058,0.9812580347061156,0.6799539154924027,0.7506519148843109,-0.5571125191647351,0.98166823387146,0.6483340706056928,0.7307659511237552,-0.542686468800982,0.9824700355529784,0.7277847012390724,0.7634160868443658,-0.3069203747436112,0.9721263647079468,0.6539470858757278,0.727534508639611,-0.28073447103285554,0.9841864109039308,0.7152814304669793,0.8133599757924181,-0.4966207623116767,0.991523802280426,0.6993727455897987,0.8207604419121717,-0.5024768142379379,0.9939537644386292,0.7970995785213613,0.9487454010703399,-0.15402476297297393,0.9926262497901917,0.5541012823966995,0.9419708528258657,-0.2160516303758392,0.9964789748191832,0.823688593248904,1.1660841898238952,-0.14141844977365953,0.2596780359745025,0.5183107279749638,1.1165704654724748,-0.2145992920801419,0.5463173389434814,0.7950051241859537,1.1411459191529585,-0.5178139075304609,0.1061621233820915,0.5231697262620618,1.2884353764473504,-0.5462350751244427,0.1232039704918861,0.8157344685241037,1.1254885429241759,-0.6267426405614769,0.0889535024762153,0.5358983215195828,1.357690651187171,-0.6215364592405688,0.111304648220539,0.7860207807343348,1.1572306359918085,-0.6541897813128312,0.1092464998364448,0.5408811088570594,1.3549104140103279,-0.6828196148781246,0.145860269665718,0.7435455079809178,1.04806000113855,-0.5565250226242833,0.1070320010185241,0.5483897901131461,1.3105435273040997,-0.5574676317408492,0.1434447914361953,0.7421820376908731,1.3211421465035542,-0.014563774239965108,0.0501338653266429,0.5671854028569241,1.3451273797716852,0.03737867016710308,0.0510531440377235,0.7047902081102743,1.6349011695328433,-0.0808904736469519,0.0038908796850591,0.5859811412763675,1.6324088311888632,-0.029743501851837523,0.0018872449873015,0.6831591149279798,1.9413573465116605,0.26046796327322985,0.0004175958456471,0.5616499809600718,1.9476285006940908,0.2132228507394282,0.0002449894964229,0.7181033083271704,1.9898836986159114,0.2787453322404972,0.0005395511980168,0.5711096917083947,2.016496621405468,0.20751633342588602,0.0005718283937312,0.6759131948377347,2.0573273264974223,-0.08136614915112875,0.0004970027366653,0.5897356059974924,2.0343843139143516,-0.19944473787086345,0.0003782268904615
2025-11-11T0783.640524,37,0.645706986664926,0.7559573946244316,-0.5591283199351157,0.9871124625205994,0.6621533895046333,0.7126713022801582,-0.5324368794414236,0.9789844155311584,0.6711213722168984,0.7365526362788359,-0.514038018082701,0.9774923920631408,0.7190697932397513,0.6967983028350601,-0.530765458305217,0.9778363704681396,0.631760605060282,0.7077086144852398,-0.5373423164084568,0.9829506278038024,0.6298021944498373,0.7165970907719185,-0.5029711683129081,0.983382284641266,0.6039751248462852,0.719293157540647,-0.5305727499853985,0.9840455651283264,0.6969308977090828,0.7256719377398841,-0.25427814155905387,0.97479647397995,0.6277117774611298,0.7351238909419281,-0.28375125598095974,0.985629141330719,0.676979875643512,0.7786968663421711,-0.45112109981587845,0.992304027080536,0.610634904320572,0.7832731580929897,-0.47372450905223085,0.9944685101509094,0.7341022523910508,0.9324871052299902,-0.07741174259325204,0.9932112097740172,0.5421838409648985,0.9446684651765836,-0.14814927656953017,0.996661365032196,0.7709955457047836,1.0926690051789887,-0.1009741743631346,0.2455040961503982,0.4410766935036818,1.1238257261055753,-0.0972132089310442,0.5450426936149597,0.7890073588931074,1.191036327056607,-0.37881370947652837,0.0968805700540542,0.4903472894726685,1.280296976766218,-0.2848839147720125,0.115396074950695,0.8266327107806054,1.278950910045982,-0.41680236360411477,0.0813645049929618,0.4880088957609779,1.383604364922054,-0.4005946655323772,0.1035880371928215,0.8209507860296825,1.2486139666008025,-0.5003580806336649,0.1006447970867157,0.49870692770976077,1.3555921772003494,-0.43840357972634203,0.1365777403116226,0.7655345138593365,1.2185858113967516,-0.3896746372814223,0.098502367734909,0.4746732988722835,1.323955489872112,-0.3397603823805641,0.1341778486967086,0.7093464766850813,1.3206473161991361,-0.020328517980813574,0.0452046021819114,0.55469207476486,1.3217048744626587,0.03859787767298281,0.0460616052150726,0.7027565485442775,1.6267464254311117,-0.0901486536457541,0.0036069096531718,0.5528335343548995,1.660138277819722,-0.062471035806719116,0.0018038083799183,0.6988239042430529,1.9440684120934533,0.2244670880158248,0.0004002345085609,0.5645994347127015,1.9372013642051213,0.15218037134600135,0.0002391750895185,0.7118000248204162,1.9664697835537925,0.22208071854999242,0.0005221550236456,0.5498140226302071,2.0189946270374834,0.16738691987879536,0.0005771313444711,0.6788716265292635,2.031691318959651,-0.15782849725217532,0.0004766648053191,0.5997474474458928,2.040557420618187,-0.24765405327161313,0.0004170292813796
2025-11-11T0778.873024,38,0.61702868758619,0.7096994904549456,-0.5868156156067551,0.9881876707077026,0.6029630898200072,0.7055099929951323,-0.547085836264728,0.980587363243103,0.6031430781559295,0.7093691597926695,-0.5292979595990341,0.979430854320526,0.6151181038461346,0.7243894847816884,-0.5488242162685261,0.97965407371521,0.6025372939330893,0.7253204276729488,-0.5893150506595706,0.983983278274536,0.603520593649441,0.7106799461092056,-0.5770203492628224,0.9845288395881652,0.6099879397545843,0.7182907288477326,-0.5650399910284994,0.9849583506584167,0.6785168261407094,0.742154181770945,-0.2866265090387671,0.9769691824913024,0.569029536702185,0.7234644167830472,-0.32641822358516825,0.9864766001701356,0.6386042861051948,0.7846381189474265,-0.5053922283288265,0.992941677570343,0.5834465274218554,0.7691208256909624,-0.5005006042810238,0.994818150997162,0.723559402764443,0.9126264813200834,-0.15908853965642433,0.993681252002716,0.506349250889356,0.9043186966898676,-0.12661588624082562,0.9967408180236816,0.7947728739655292,1.0895783410137354,-0.2312062282633012,0.2387391626834869,0.43143958892404854,1.0941625736283227,-0.03870513071735729,0.5391919016838074,0.7878371695730496,1.2414334406950285,-0.5568042309540913,0.089931271970272,0.44940858471881723,1.2755692972355037,-0.33025039954229923,0.1079501286149025,0.8001944539515143,1.3023969224256793,-0.6434931984444096,0.0756152793765068,0.36836872086124056,1.3551857042637152,-0.3746803813407056,0.0961798503994941,0.7747756290578219,1.3213736077266462,-0.7133658065456683,0.0945513993501663,0.424489293010593,1.3338190547876674,-0.43609632269042026,0.127715066075325,0.765072817426382,1.2798452404139948,-0.5940151968389376,0.0924106165766716,0.4609154502155707,1.3342264425949906,-0.3128000643313185,0.1257694810628891,0.7037383632789104,1.3232161674647707,-0.04337153843258901,0.0408043637871742,0.5491879018036757,1.3287368149273817,0.03001809884587741,0.0416106358170509,0.7214441288529496,1.6324076153533291,-0.1086276950361884,0.003320233663544,0.5495031313137685,1.6236390492833195,-0.06148393017012358,0.0017186254262924,0.6946741119382422,1.92163983587729,0.18359662019597803,0.0003743899287655,0.5680915767087366,1.9278075156172023,0.16054226030600666,0.0002265221410198,0.7024476610453193,1.9686284182086122,0.22481781586960575,0.0004867757961619,0.5774300394621967,2.0102468185521256,0.15607859755037262,0.000564424379263,0.6781662108830884,2.0310905906619525,-0.1859744364524632,0.0004432049754541,0.5928190448938877,2.0008302612585163,-0.25375285570755907,0.0004376148863229
2025-11-11T0737.792364,39,0.5844850685479474,0.7195571410098403,-0.6988330054116716,0.9892001152038574,0.5874823485918341,0.6781669978077429,-0.6548986540929053,0.9821057319641112,0.5959479051137428,0.6920282088210479,-0.6431661726671397,0.9812194108963012,0.5937666132599966,0.6973419435315441,-0.6409637690178472,0.9813213348388672,0.5876248143520448,0.6764356158250217,-0.673830695282117,0.9851309061050416,0.5626891698829254,0.7023566029486572,-0.6753582863453802,0.9857565760612488,0.5589183457946796,0.6971060470961287,-0.6554738397809525,0.9860020279884338,0.6052448935548663,0.6905881696432811,-0.39840680141635004,0.9789884090423584,0.5404792184314197,0.7009968508040688,-0.37718921827142887,0.9874987602233888,0.5800659645187656,0.7445271341060568,-0.6110273534483488,0.993532121181488,0.5618505602286464,0.7572613650695251,-0.5850074882659491,0.9952064752578736,0.7053122760789522,0.8786010996144109,-0.19125210731864745,0.994053840637207,0.45292006954826447,0.904684777075133,-0.2322798636530254,0.9966193437576294,0.7729064968984785,1.0128074807569454,-0.19404052389075474,0.2322117090225219,0.4219712936134355,1.1249834433033346,-0.21359635601634958,0.5167673230171204,0.7731999175439501,1.2643526492172914,-0.44258725609619937,0.0827506333589553,0.4331630190809099,1.2702408787223107,-0.3595734320359368,0.0994811803102493,0.7988590087056994,1.3201144926087307,-0.5414799868909473,0.0698560550808906,0.43185233407506163,1.3684261911098603,-0.49715947546555317,0.0885232761502265,0.7621935243783066,1.318886432289456,-0.6070029910230482,0.0883113369345665,0.3985427333682008,1.3321009242029118,-0.5611542113729077,0.1181009411811828,0.7763951267345675,1.3215898458648463,-0.48543418494839435,0.0861257463693618,0.41837535865330955,1.3412996858680521,-0.41577489949638136,0.1162482723593711,0.6733210999337716,1.3033674250613514,-0.036322567701714666,0.0367895327508449,0.503421490581348,1.3196369190205786,0.06420318469605477,0.0375224910676479,0.6828097886611012,1.6152358976449366,-0.10508886727268706,0.00313186715357,0.5675396796629993,1.6327652717666903,-0.03789815292610072,0.0016445504734292,0.6972449018917688,1.9179021372948026,0.30081323303246266,0.0003632332081906,0.5962167069429469,1.9558729328753925,0.25101586688969696,0.0002191093226429,0.6973231668783818,1.9822032232023357,0.3048588470747912,0.0004609582247212,0.5518441461045237,1.971207249272759,0.25256897619871355,0.000542068912182,0.6840444045231238,2.0068919899360473,-0.08968375033912782,0.0004293997772037,0.5912678752058412,2.0266916378562585,-0.14315891894225674,0.0004470093699637
2025-11-11T0786.213601,40,0.5245842128204448,0.7207134175660891,-0.5809969745890525,0.9870781302452089,0.5867032851867564,0.6840292265706583,-0.6112949830874075,0.9767705798149108,0.5481439059391425,0.7040216219307348,-0.5806077234873125,0.9772164821624756,0.5659628821149985,0.7011025453449607,-0.5968988737742644,0.9767591953277588,0.5257882009872304,0.708918266935944,-0.5818457049955555,0.9790169596672058,0.523724416544146,0.7078082692215578,-0.5485840619440063,0.9809297919273376,0.4981748519041222,0.6916448976369258,-0.5736098412593524,0.9812424182891846,0.5385731353927288,0.7216997020176018,-0.4147993162538841,0.9758068323135376,0.5178709747702862,0.7091096388664149,-0.32495635667251715,0.9831111431121826,0.5430429528557462,0.7408118949522244,-0.5471250932329415,0.9927449226379396,0.5315827447879333,0.7519587894831572,-0.5161255153900092,0.9938353896141052,0.6648526063969067,0.8793409209937212,-0.3048544018758139,0.9927797317504884,0.46362309397313506,0.8977895295016838,-0.16280045441289437,0.9959672093391418,0.7326355239595231,1.0042978584026794,-0.26908112547126595,0.2291417717933654,0.4194582288556184,1.1319499039344183,-0.07463129552511011,0.5032440423965454,0.7559252324383067,1.2753217027470418,-0.48596324915613126,0.0760096460580825,0.4032051382817985,1.2994552980554763,-0.31404268437917027,0.0934793353080749,0.7667333937451181,1.358681356817158,-0.5601938297837729,0.064297005534172,0.40153227606185277,1.3701048054090292,-0.40831597462771646,0.0826903134584426,0.7283280398430951,1.3464478392584223,-0.5835145191486126,0.0818178132176399,0.40731182287720774,1.3435400844887375,-0.4132562644942583,0.1112446412444114,0.7439639123548858,1.3087809739838445,-0.49298653357130595,0.0799129903316497,0.4415055811240377,1.3466845365311266,-0.3371358422622556,0.1095435693860054,0.6562366918375299,1.3411762879293367,-0.0476064039001417,0.0331719554960727,0.5033678977582133,1.308167893315448,0.06710788419025783,0.033862080425024,0.6628615273971599,1.624516584741453,-0.08871738122350686,0.0028917642775923,0.5168995205276765,1.627169559541821,0.022884128108687164,0.0015504092443734,0.6933366494002807,1.938767139454842,0.2639093490933014,0.0003359112015459,0.5383698187306029,1.9359376664667154,0.28914736666640956,0.0002046532172244,0.6690699175337651,1.9765991611623235,0.27266040339862085,0.000422151730163,0.5202601316101573,2.006485745541233,0.2891285640628196,0.0005093606305308,0.663558943818641,2.033992674099271,-0.08265272467440647,0.0003965643118135,0.5633346528460037,2.0450233972330807,-0.07330106040383175,0.0004335137782618
2025-11-11T0735.108149,41,0.4933407810099231,0.7482576917940427,-0.8289078865014835,0.98811012506485,0.483862871935676,0.7317718370039678,-0.8092578031796142,0.9784032106399536,0.5235914747508439,0.7101232861512974,-0.8309784956121169,0.9789324402809144,0.5200805296851159,0.7084663032840776,-0.7931762388436401,0.9784420728683472,0.49115562636073706,0.6955297046479636,-0.7788985397405951,0.9803491234779358,0.4598765358154149,0.6918576413694675,-0.8120055286197196,0.9821906089782716,0.4383541727770908,0.7252248824245201,-0.7743184539444925,0.9823617935180664,0.529805288933028,0.687419286290794,-0.5643213252851876,0.977716028690338,0.4402775266457666,0.7331343328658354,-0.5131760584447862,0.984122633934021,0.5280951440052988,0.7746007499970441,-0.6958470812571033,0.9933428168296814,0.4897997807490905,0.7690780597697203,-0.709939422182192,0.9942696690559388,0.647630035436266,0.8572693214028705,-0.3456761904829555,0.993282437324524,0.3954067361940676,0.8774704344451585,-0.24495664868274386,0.9960448145866394,0.7078880557375207,1.025550203745806,-0.2837720838697525,0.2418200075626373,0.3484144876040002,1.1423404099144407,-0.16162036519033302,0.5017616748809814,0.7256385930101386,1.2721871384422507,-0.5050891827008832,0.0708536282181739,0.3745326129398301,1.334795984620366,-0.3769550182143185,0.0883153453469276,0.767818678907599,1.3722187804828054,-0.5656757878759168,0.0596330575644969,0.34512502827278285,1.3874069965029971,-0.45144928978603166,0.0773242637515068,0.7232633093508634,1.3665196885314408,-0.6349528119151968,0.0767127349972724,0.34875860313619766,1.4047049252801824,-0.4496245339838239,0.1048792153596878,0.7237148264172407,1.3489764782920015,-0.5246701321604914,0.0751258209347724,0.39100832704678945,1.3787500365842182,-0.40368954479052954,0.1033173948526382,0.6249479275746744,1.3292909439992204,-0.0628388483991661,0.0299438331276178,0.471660337849193,1.3216831813182317,0.0705860831154303,0.0305679086595773,0.6324725421301356,1.6340874061024482,-0.01884311184863026,0.0026878444477915,0.4955259061299505,1.6228309845566098,0.16152535041631655,0.0014552022330462,0.6584368983691563,1.945799518890994,0.4221214880573836,0.0003148320247419,0.5122515280878667,1.963745339303749,0.5212693386808718,0.0001898502523545,0.6373748694073897,2.013392072014799,0.42744300957304676,0.0003897567512467,0.4823527629920913,1.9889067216999738,0.5246525949446379,0.0004758097638841,0.6160485301868647,2.038257806342721,0.061903687487810125,0.0003659284557215,0.528931011994125,2.0458695064269743,0.14270728134912616,0.0004114359617233
2025-11-11T0795.699735,42,0.4653586323003263,0.7796506366294378,-0.8295594588595001,0.9891931414604188,0.4647983363456459,0.6757662479101016,-0.8176489134747191,0.9802437424659728,0.4892685077718326,0.707324675403421,-0.803933306096461,0.9808297157287598,0.49586911688422003,0.6787142744342672,-0.7918084330353575,0.980315923690796,0.4277894493705921,0.7265199772637947,-0.8181995850613264,0.981957733631134,0.43036170516287686,0.7620066982409418,-0.8225573002769805,0.9837086200714112,0.4173109207286273,0.716116554883306,-0.813019161824328,0.98377925157547,0.4853364758920429,0.6770387827988156,-0.571710822761859,0.9797691106796264,0.4404562903224036,0.7258238648717192,-0.5093290598310063,0.9854419231414796,0.46992128774884523,0.7613146423352842,-0.7348180579755781,0.9939402341842652,0.46931388891611847,0.775113475648421,-0.7119932845542353,0.9947502613067628,0.6547983142330754,0.8463400107904491,-0.36170251528161723,0.9937471747398376,0.3523486559899566,0.9044891559850721,-0.25032596192223133,0.9962388277053832,0.7140882805563299,1.032223801190324,-0.2976601074907844,0.2523100674152374,0.30405496313017827,1.151795480444646,-0.1591580101092635,0.4855714440345764,0.6764867225980539,1.2806765042506556,-0.48480614865737703,0.0651592910289764,0.32421369349500007,1.3556409872341801,-0.3897998649883985,0.0823071226477623,0.7388913620012798,1.3487158355724074,-0.5774941545781174,0.0547462292015552,0.31080213147075636,1.4008599763374527,-0.47595545234850173,0.0719733610749244,0.6826341806564364,1.395074379066016,-0.6388868109261561,0.0709943696856498,0.3499755940988321,1.4015620175835755,-0.48303902863740966,0.0985056981444358,0.6930207765407876,1.3285281234043385,-0.5231966844364689,0.069611370563507,0.35087312053160147,1.3645120194081795,-0.452769948182923,0.0968218147754669,0.5858167750056028,1.3082927051740032,-0.058553513426561225,0.0270108692348003,0.4331135090466277,1.3152100423118709,0.060319841339701336,0.0275778993964195,0.589831078998885,1.6355918782044772,-0.05945633581197043,0.0024807977024465,0.44191244205895647,1.6483158539234286,0.08299105305220172,0.0013443271163851,0.6254115045740845,1.927677276690905,0.3483055570814695,0.0002866961003746,0.46867568856798486,1.9751668361590398,0.3392359713887132,0.0001725325855659,0.6284607083461368,1.9637488601147701,0.3945896561734178,0.0003539505123626,0.48246126114676663,2.0233406387706885,0.37312383789262776,0.0004316090780775,0.5644549442045602,2.0305017851788616,-0.023750471981436053,0.00033508206252,0.49172059259337014,2.044202691349249,0.029144397759926288,0.0003802021965384
2025-11-11T0715.382226,43,0.4192967170067647,0.7068752327170239,-0.888397520658318,0.990233838558197,0.41890601359133145,0.6960791581545176,-0.8418304106402282,0.9821195602416992,0.451635471887081,0.6704100830668938,-0.8355901203373748,0.9826776385307312,0.45809595043228296,0.6879874536983066,-0.8391570957330063,0.9821932911872864,0.3979323459081336,0.7049099403837232,-0.8522249450674184,0.9836387634277344,0.40815343683495225,0.6921854083499474,-0.858624542578114,0.9852384328842164,0.3714726319366669,0.7048677520000601,-0.8450149045780576,0.9852712750434875,0.43728582362785123,0.6993831088235449,-0.5811586007962379,0.9817477464675904,0.3604408583316737,0.6891211337610401,-0.5400969430830201,0.9868205189704896,0.47129951505280865,0.7509492425039423,-0.753940081295491,0.9945271611213684,0.3854316527223634,0.7311119142472874,-0.7578884325093247,0.9952479004859924,0.5845818471797626,0.8491008725173163,-0.36120044324047035,0.9942951798439026,0.2928992155127499,0.9124569833553431,-0.2462809575988459,0.9964967966079712,0.6543526803684699,1.0539759877269237,-0.3084398345357144,0.2720266878604889,0.2939235083572772,1.1390463955254342,-0.13123285827367953,0.4775745570659637,0.64450133738488,1.2866536177500967,-0.5277976990071512,0.060984943062067,0.2571127761410399,1.3150791617806978,-0.43494118905172735,0.0772810950875282,0.6572200494807665,1.3646358754017291,-0.600733182454233,0.0508239082992076,0.23854139346748113,1.4010862875278882,-0.4923558065861703,0.0674087405204773,0.6528503041835974,1.3587868897920905,-0.6271902761013904,0.0666856914758682,0.29547293053629087,1.3717692765551055,-0.532757755927061,0.0932493507862091,0.6434554073125307,1.3005209571125607,-0.5631702354016155,0.0655687525868415,0.2827581224713588,1.3887603976980214,-0.4457876349119682,0.0914739146828651,0.5623314528014719,1.3086742342083009,-0.058117727901064974,0.0243472568690776,0.3663360389227831,1.3286375128361831,0.07106501842742044,0.024853965267539,0.5282671742720175,1.6687871100456662,-0.08649850269397308,0.0022709167096763,0.3955567871373154,1.644890658496316,0.04613830797448485,0.0012286324054002,0.5638023243975581,1.961394685553346,0.36812961185790644,0.000259582477156,0.4226037967829569,1.9703401483049523,0.2899104351628364,0.0001559342927066,0.5645102815317375,1.993858970964209,0.3488407662305801,0.0003200644860044,0.402143992917317,2.018556709714109,0.34240855463913655,0.0003899308212567,0.5186679963023808,2.05343219820707,-0.08527637857518389,0.0003041719901375,0.4471553530797173,2.03934804824089,-0.029962345611849597,0.0003471221134532
2025-11-11T0721.249172,44,0.40439214795387957,0.6848878122275526,-0.7500912321756608,0.9911950826644896,0.38428324066222763,0.6313337739469134,-0.785906169418646,0.983855962753296,0.4446435981257409,0.6372892832796241,-0.7977465427037032,0.984377145767212,0.4253736643352599,0.5936237354214061,-0.786581068462558,0.9839293956756592,0.3753030105810034,0.6179323724289372,-0.7555537350047762,0.9852066040039062,0.3755702198757248,0.6203569853558674,-0.7577306313524411,0.9866603016853333,0.34833151972690485,0.6149777165761513,-0.7299316629363191,0.9866645336151124,0.42735053563612296,0.6063783305364095,-0.5678727073849366,0.9835500121116638,0.32884690108703196,0.6132348333988525,-0.4394812796332217,0.988088846206665,0.43382887290415356,0.7038006327882438,-0.6911458745659379,0.9950621724128724,0.36685321087453526,0.6969342817949924,-0.6554640820452222,0.9957051277160645,0.5646846195376185,0.7991090024444101,-0.29852122183163365,0.9948400259017944,0.23943784582907213,0.77311957736649,-0.24529430680326553,0.99680495262146,0.6163668243304058,1.0270566818959537,-0.2662144394033341,0.2863774597644806,0.19129267287898052,1.105606195350533,-0.14706780156241486,0.4544315934181213,0.635050942226461,1.2143868480408098,-0.4537885187572374,0.0565980151295661,0.21306330753819366,1.2498661227835146,-0.4454793553605086,0.0713895484805107,0.6325013481885962,1.3254780846461565,-0.571453409154875,0.0472075492143631,0.19597596066699743,1.3588225495980346,-0.5200260999418183,0.0626174360513687,0.6204280645301199,1.3393392644456334,-0.5808145441179149,0.0629334449768066,0.22765333438670177,1.3507866677469613,-0.5312017289582863,0.0874532759189605,0.5923576248447048,1.294456201880565,-0.5140732933839844,0.061976108700037,0.24454645848578466,1.3375425068732782,-0.4646970448849517,0.0858260244131088,0.5091584760481666,1.2698190268135818,-0.05385749173415168,0.0219367314130067,0.32414394190575047,1.271769593514246,0.07444663363100502,0.0223925877362489,0.5178328736755811,1.6527598020686076,-0.014490927819583443,0.0020595239475369,0.34006758623644245,1.6375505742275829,0.08306151245649723,0.0011122230207547,0.5546378474300491,1.939326583539112,0.4088995768326672,0.0002340914361411,0.354920568999858,1.9534756364974986,0.3933615772759967,0.0001404778013238,0.539053887923106,1.9842724144980355,0.43311838994209556,0.000288575538434,0.4064002109553695,2.0262243821728534,0.4580276158546479,0.0003512210678309,0.4942451370597047,2.0891029401850654,0.03836849441974381,0.0002749341074377,0.39430541305324845,2.071231954381322,0.04193796229788647,0.0003131802659481
2025-11-11T0756.499154,45,0.41068137827880224,0.5812269415843297,-0.7576033447727378,0.9920291900634766,0.4131409005781013,0.530061840434451,-0.7413042750929422,0.9853243231773376,0.4328398635791171,0.5337875258780416,-0.7509727779043621,0.9858447909355164,0.42759596085246365,0.5676617399846677,-0.7576539607286101,0.9854167103767396,0.36831645145985586,0.5599568102928099,-0.705825188536843,0.9864763617515564,0.39525306482989175,0.5540375615962636,-0.7429117154332798,0.9878200888633728,0.35051329867731545,0.5584761816324268,-0.7261417120335193,0.9877504706382751,0.4569278595163357,0.5303405685088187,-0.5017426749218672,0.9851154088974,0.3608057067539023,0.5403289239501695,-0.4560103436434573,0.9890851378440856,0.4295172371577761,0.6242648547537835,-0.6614104697324272,0.9955289363861084,0.36699156964106905,0.646888116500827,-0.6939894797247177,0.9960910081863404,0.5344867910463823,0.7304780979891052,-0.314167961579251,0.995329976081848,0.2347102008373155,0.7527830070159672,-0.2673695510410386,0.9970624446868896,0.6187004248352924,0.9878634073499982,-0.29953186814475713,0.3176442086696625,0.18755146365924621,1.0127463366189813,-0.1864754652631589,0.4519934952259063,0.6359486480622007,1.215591215627548,-0.5171119843743464,0.0566657781600952,0.1784094971672772,1.2299887278822261,-0.4164396654974426,0.0682983696460723,0.6545966697688068,1.2852443713402655,-0.5723474585779887,0.0461250245571136,0.18080721921334153,1.2972345544486805,-0.5130054723814044,0.0595732480287551,0.6135797046865367,1.2772772043650182,-0.5970512323233695,0.0632186159491539,0.20513264088344813,1.3209304759812217,-0.5670873908477343,0.0842809528112411,0.5866114244344904,1.3040961240296824,-0.5301193255503142,0.0628307238221168,0.21199071743450965,1.2733240081867636,-0.491163025908315,0.0831702426075935,0.4955301712846394,1.236112728505433,-0.0322780846726313,0.0198340453207492,0.30413348572056514,1.26132515208146,0.048133483422726164,0.0202377531677484,0.5127929062543399,1.6120034926174673,0.05678728978180847,0.0018722957465797,0.3255899974658937,1.6093704354420644,0.2023158115256422,0.0010105223627761,0.4944139214031177,1.9421865796634041,0.5639382157534829,0.0002115070528816,0.3556469709948159,1.9568720668087987,0.6478443353423516,0.0001266987528651,0.5143748768386672,1.9867140467634166,0.596819086762551,0.000260934815742,0.32895114596676556,2.0608887831607574,0.6983433220353571,0.000317021185765,0.4689934549824967,2.0807853779419,0.22763332045888232,0.0002490057377144,0.37573209924657847,2.0720553149052012,0.27359895454468713,0.000283120694803
2025-11-11T0787.434189,46,0.4103989778806305,0.4826447419775413,-0.7839833882771164,0.9928051233291626,0.4335149907288006,0.41120760152451313,-0.751650651684264,0.9867404103279114,0.44056049888604004,0.4206263423285344,-0.7902264714379691,0.987217366695404,0.4285594279662822,0.45731111548528197,-0.7594887138171291,0.9868252277374268,0.40722304991191577,0.43331025949066404,-0.7678164071729173,0.9877681732177734,0.3842357610378741,0.4479863002672742,-0.7721121217539881,0.988986074924469,0.3708877543655153,0.4505550799102236,-0.7485808433299806,0.988916516304016,0.4496144495216444,0.44070471176490317,-0.534791199009307,0.986555814743042,0.3594973146726868,0.42640599364075454,-0.4799187095400408,0.99011492729187,0.4228968434451389,0.5347008821594863,-0.7015645477985183,0.9959635138511658,0.3672914457246075,0.5144246118824399,-0.6977839139963103,0.996467649936676,0.5169387645647828,0.6783760043123864,-0.3548896891072293,0.9957653880119324,0.22744492171094252,0.6435118762382356,-0.319257453475344,0.9973244071006776,0.6030167455770491,0.9972839063078697,-0.3277738497271229,0.3462062180042267,0.13204527545330977,0.9588438641896011,-0.2736862134229764,0.4754040837287903,0.5970462150796669,1.1610753012385444,-0.5993874274788903,0.0568888932466506,0.1213766907403284,1.197173475853183,-0.5352316357304316,0.0705762803554534,0.6725008725782128,1.2401630243292023,-0.6940724148957572,0.0454427935183048,0.12023148013539733,1.2603197779172273,-0.570871596931136,0.0599387809634208,0.6294382159638147,1.2512097266819429,-0.7318265873137403,0.0637981817126274,0.1467543170517638,1.2614654720511933,-0.6622544042078043,0.0863382965326309,0.5989832041619636,1.2426364898381008,-0.648147434714561,0.0630672574043273,0.17961100512549127,1.2819047749414019,-0.55016654521091,0.0853956788778305,0.4830228470509336,1.1755614347289278,-0.06991392083243096,0.0180506873875856,0.28998532994441373,1.1909047420338095,0.09530362824498964,0.0184173341840505,0.4862723061616618,1.5941298152334016,-0.08529742269571403,0.001765607856214,0.2943776511621134,1.5949264117961242,0.2113932862202814,0.0009390147170051,0.45225646942107933,1.9375953389745404,0.48164944078692673,0.0001957008207682,0.3034131216296549,1.9566600525199103,0.5983957447544691,0.0001150483585661,0.48728331174061035,2.0125065921018703,0.48440759130185207,0.0002398389187874,0.2692159143485356,2.0261333651634863,0.6395750456137964,0.0002889482711907,0.47141616970779954,2.086285322933779,0.17606741740220838,0.0002303968940395,0.3361974945706126,2.076703898890198,0.22565809076933827,0.0002582527522463
2025-11-11T0769.152226,47,0.4200129555136228,0.41606522533339696,-0.7951864825868684,0.9935148358345032,0.4287995211348454,0.35920525607692216,-0.7766897916182008,0.9880431294441224,0.4421373149641254,0.3697502341751438,-0.7813440433627732,0.9884791374206544,0.44476083580072723,0.3846441371450967,-0.7756462436438566,0.9881188869476318,0.40493262223827253,0.3554255251366348,-0.7816027346637751,0.9889677166938782,0.4081321355238422,0.3687547657479686,-0.7749691531213325,0.9900701642036438,0.40037106612933165,0.3624862463460278,-0.7954028313878945,0.9900010824203492,0.44943768770158443,0.41320036845134983,-0.52395274575656,0.9878747463226318,0.3810601987312416,0.3531940268167182,-0.5493687666898567,0.991085648536682,0.4396150599746678,0.425901671495248,-0.6997931472422422,0.9963594675064088,0.40424012852092833,0.4506156220037558,-0.702224557554164,0.9968153834342957,0.5424132245497569,0.6211614884763579,-0.31417417573389106,0.9961659908294678,0.2319769749147042,0.5670840887136277,-0.39181706830870694,0.9975743889808656,0.5803885593293322,0.9269183843504938,-0.28832094126811714,0.3546079993247986,0.14923016436227834,0.8723071169404482,-0.3447511168804033,0.4951382577419281,0.6183209904426625,1.129731417629192,-0.517398981339461,0.0565905533730983,0.13607332090130098,1.1553130202035307,-0.5350191444537103,0.072868064045906,0.6144848371286284,1.1657357179794783,-0.6247070987666419,0.0449468605220317,0.1070694526543251,1.2193931681650176,-0.5962614797064771,0.0603454448282718,0.5850722890797458,1.167572210773488,-0.6682774895486917,0.0645116344094276,0.15077391507319993,1.22125135508776,-0.6450742813311772,0.0882529616355896,0.6066741021708975,1.1675158785011606,-0.571970736934869,0.0632170885801315,0.164020429616587,1.199422119871522,-0.5510270085700881,0.0870687514543533,0.47523191131005527,1.1368470148344978,-0.03450968849498192,0.0164586771279573,0.2722846297476408,1.1633012788547608,0.05996755395372455,0.0167854372411966,0.4814589725148193,1.5557696041305638,-0.010177676183567623,0.0016992229502648,0.2937257111958494,1.578843019996705,0.156773869916364,0.0008945152512751,0.4603762641568625,1.943044796173244,0.5051027438876544,0.0001867528044385,0.2865986862131525,1.9746210391824628,0.5107382349355339,0.0001055585889844,0.506745943522429,2.019762372907513,0.5328440441105426,0.0002275840961374,0.2600710985404568,2.034288622560368,0.5318236450289636,0.0002658278681337,0.48203247636455704,2.0954529820345447,0.16425435934805724,0.0002237301814602,0.34834518521510266,2.070487319281356,0.13043661155196148,0.000238878710661
2025-11-11T0797.271349,48,0.44898315694444063,0.3126627342643718,-0.6278025205707536,0.993884027004242,0.453325591985557,0.27715077400097005,-0.6048273348447918,0.9886269569396972,0.46468151073229363,0.3186287968572318,-0.6206975132245663,0.989233374595642,0.46693832525732737,0.3114798066614769,-0.5509958689158533,0.9887068867683412,0.4438526476053344,0.2755933702108531,-0.6639060751353609,0.9895862936973572,0.4314103959414441,0.28022723760569646,-0.6525440986943096,0.9907572269439696,0.3996442580582166,0.2673622408423095,-0.6446416988874882,0.9905858635902404,0.4844275221910246,0.3082227576246537,-0.2853537492401913,0.988304078578949,0.39109140248436924,0.2621189925067988,-0.5543370902350329,0.991743505001068,0.4761066953237798,0.36872852745910994,-0.5332186856218036,0.9965354204177856,0.4209246188056144,0.3698139967499071,-0.6182300518921385,0.997061848640442,0.5160004594066412,0.5765254320809272,-0.15647994542806348,0.996434211730957,0.23010954185736124,0.5180057363055356,-0.4537240724705709,0.9977834224700928,0.5141876685687858,0.8551833542863502,-0.05403336997198185,0.361310750246048,0.13875314835735184,0.7867834121661472,-0.40101097641786865,0.5224001407623291,0.5445667459926153,1.0458091527155715,-0.3119715670428277,0.0614047087728977,0.10887777284234143,1.1035131686539876,-0.6091077323315022,0.0839069411158561,0.6151549315622666,1.142711699396196,-0.37012981017887514,0.0479785986244678,0.10243505065938592,1.128562523940709,-0.6644471542398691,0.0683009847998619,0.5573247424435156,1.1435120533887762,-0.4609085528222191,0.0687873810529708,0.09531230120468819,1.1492433788515521,-0.708970386322918,0.0993921309709549,0.5604272422024529,1.1137494373236179,-0.3739258606036914,0.0676691755652427,0.1421959083030789,1.1264215240797761,-0.6159746879246351,0.0978651121258735,0.44735003254716726,1.0143816734329947,0.0404367672319049,0.0155557496473193,0.24762876192249447,1.0935346090912668,-0.045510460501908954,0.0157955326139926,0.4519072706626056,1.5349531615799803,0.11524722357098643,0.0017101729754358,0.26518500231143494,1.478607014875782,-0.1516233001768924,0.0009427273762412,0.4098472019216319,1.9153045661777284,0.5774438503224326,0.0001826385268941,0.22931892269713283,1.8645823342897834,0.202909652217969,0.0001037739639286,0.4476852903160563,1.98141029018298,0.5576947033082126,0.0002178844733862,0.22054882547120458,1.994037763863595,0.19670102079538795,0.0002632701070979,0.44015548345059774,2.000250878575859,0.19209494545895064,0.0002535687817726,0.30708072248678964,1.9948307326117158,-0.2643183213204288,0.000241672139964
2025-11-11T0754.743050,49,0.49170023359637544,0.29796368950210056,-0.6820205008687551,0.9942309260368348,0.4962619459582131,0.27671507683760077,-0.6529094384699595,0.9891209602355956,0.4906582978069174,0.28302063377052544,-0.642549352072788,0.989787459373474,0.49584301466187,0.29630808752811394,-0.668688766040284,0.9890753626823424,0.44634398127087704,0.23485785164778553,-0.6917807544618364,0.9900835156440736,0.4243051771731163,0.24003763449188453,-0.6839481637781945,0.9913003444671632,0.41561105606873583,0.23812468920764246,-0.6980913051032396,0.9910604953765868,0.49582541622094495,0.2825381069629495,-0.36653668451363475,0.9883198738098145,0.4073568527265779,0.2613627668254696,-0.566710333256929,0.9922776222229004,0.47618185204648333,0.3392504462261022,-0.5825179587739111,0.9966825246810912,0.4187661397021991,0.3175232587377863,-0.654787488572173,0.9972744584083556,0.49956230086178033,0.5355245693537823,-0.16453297275065745,0.9966137409210204,0.23901544282909343,0.46901771853733976,-0.49676037828775604,0.997973084449768,0.4885505871021552,0.8409813299633268,-0.05230696619134945,0.3567502498626709,0.12763703074814997,0.7720386824076554,-0.458599010760736,0.5457254648208618,0.5239184572381848,1.0377724141757774,-0.3536426509274732,0.0617379359900951,0.09565848993679722,1.0041254961395785,-0.7051517656622242,0.0979616418480873,0.5593462284931893,1.1088326491186342,-0.376887017499374,0.0485283471643924,0.04074101137125176,1.1200116883173072,-0.8095306849190208,0.079616367816925,0.554091191069628,1.144383485477234,-0.462943947640513,0.069453552365303,0.08845228510922401,1.150936867704384,-0.8908041037122533,0.1142035946249961,0.4965586546607522,1.069683792046808,-0.37925736982580016,0.0686172693967819,0.10292788696002882,1.0882020724704229,-0.7194773472236908,0.1126421466469764,0.42805445136126,1.0620475518430488,0.04252687020075427,0.0149749247357249,0.23173221224335025,1.016168629154417,-0.04127923577298807,0.015081912279129,0.4120344538739807,1.4963020123282542,0.22052504358902467,0.0016482983483001,0.2287682372007751,1.4814197296237017,-0.034482304330868255,0.000939332996495,0.3920195344229061,1.90448912298514,0.8120452711101246,0.0001706243638182,0.21994014080021893,1.907589943372988,0.41005660527430554,9.787001181393862e-05,0.3845796808425486,2.000975400008398,0.8398195379198325,0.0002003967238124,0.17599950039107226,1.979192348139546,0.44237031707036256,0.0002517324755899,0.3814464569792703,2.0234430692647862,0.4511252314710495,0.0002468498132657,0.29514397952483146,2.0255928740517204,-0.13870859858045767,0.0002304597001057
2025-11-11T0794.284674,50,0.49004397705950226,0.2992009727551767,-0.548311751164273,0.9943880438804626,0.4848486344258301,0.26447655738501535,-0.4867413277787673,0.9895762801170348,0.4902531862754494,0.27494757418295757,-0.476266616826067,0.9902793765068054,0.5056632148238411,0.29561452735666793,-0.4552430354536344,0.989408016204834,0.4528019985642135,0.2566861098896028,-0.5317631193850346,0.9905695915222168,0.47177138692239917,0.2410551423663044,-0.562816199657172,0.9918164610862732,0.4199464731749926,0.23118588866733272,-0.5345429877926376,0.9915513396263124,0.49241161886633533,0.31948615510576545,-0.2598876393350707,0.9886773824691772,0.41552127264284405,0.22935682413997133,-0.44393412245026154,0.992817759513855,0.4587295477157736,0.33779752265631224,-0.44787734843019716,0.9968110918998718,0.4330225507340247,0.2929981343465378,-0.5205333497077591,0.9974600672721864,0.49507717338007057,0.5311522009061578,-0.12423066486755664,0.9967907667160034,0.2779006813042899,0.42129418081402986,-0.41705622722231145,0.998162806034088,0.4982010262335422,0.8151773710631196,0.08143587830021416,0.3570991158485412,0.16250643147921046,0.7212160158494313,-0.3876241165193085,0.5756414532661438,0.4664778920293613,1.0184068232354386,0.007666238442394118,0.0582908689975738,0.07710208959137975,0.9553280135413823,-0.6298536268221634,0.1086333915591239,0.485612162457558,1.112691715266306,-0.012218846068549716,0.0457127727568149,0.03522291465397355,1.0316977279244894,-0.7648982170492489,0.0876635387539863,0.46986550409817984,1.1570609752345753,-0.08087806934923206,0.0651551559567451,0.0840363280155879,1.0836776598580966,-0.8642038546018698,0.1227983683347702,0.449200853386314,1.1067227538617257,-0.015339499463931377,0.0644546672701835,0.06710141379651918,1.042312269085464,-0.677471262555876,0.1212922409176826,0.4062820571079132,1.0305707192756401,0.04496797538268851,0.0188599992543458,0.25055204071390813,0.9948228180272719,-0.044961150814539746,0.0190222840756177,0.3634746253739126,1.5291791561084527,0.1802732151239349,0.0017952886410057,0.18487634954898982,1.4614156940101795,0.03991174977475329,0.0010601183166727,0.33582248749447663,1.8913337908668748,0.6761098250910258,0.0001983607944566,0.16042550969775496,1.8713707477370298,0.4153770001326862,0.0001109305230784,0.30495209014109986,1.9967980807152983,0.7641113955935817,0.0002189061924582,0.14276699614137692,1.8916374034883157,0.4830017414278949,0.0003048967628274,0.33291662869413385,1.9939043910828216,0.37430506806283026,0.0003033694520127,0.18091627899259327,1.9874745498275874,0.03219862994247782,0.0002333716111024
2025-11-11T0751.494001,51,0.5334271368507024,0.32262891258464094,-0.5191770652742054,0.9945979714393616,0.5457179000524689,0.2930540928699033,-0.46904638104987345,0.9901379942893982,0.5216085323153322,0.2774499322240164,-0.4825329536552955,0.99078768491745,0.5099092081975175,0.3209859545521253,-0.4543164812172253,0.989858627319336,0.5357179334083829,0.296580120035441,-0.5102271155819162,0.9911494851112366,0.48873577957389813,0.26374543132815875,-0.5567999821435785,0.992335319519043,0.5032005733263543,0.2707784147216957,-0.5142051584800151,0.9920912981033324,0.4959244240312594,0.32692255551911825,-0.2175828852242402,0.9892076253890992,0.4567798420161875,0.27104673578037947,-0.4943308568520932,0.9933876991271972,0.5044210786820873,0.34006804833367144,-0.41876609866648057,0.9969655871391296,0.48452494851638356,0.36051424799310905,-0.4944422801866009,0.9976578950881958,0.5214042597508831,0.5280924102925582,-0.13029923897935644,0.9969834089279176,0.2576231063311364,0.42351154792078016,-0.4810788696344276,0.998332381248474,0.4373855512864301,0.855128166790689,0.050982330172366266,0.3502576053142547,0.10786634424173376,0.771068881207856,-0.501806963875311,0.5998440980911255,0.4363190672212306,1.0593149106135884,-0.0732090105069926,0.0548352189362049,0.010559257500408776,1.0215298924791325,-0.612234780961309,0.1231887191534042,0.4656505380695828,1.172718175636903,-0.09768484200822367,0.0433612652122974,-0.0032602676496245892,1.116008038082907,-0.6602658099597527,0.1022822186350822,0.4132592395014881,1.1320006545738572,-0.17171994402632026,0.0616253986954689,-1.2874204325160482e-06,1.1246113057311231,-0.7736367013569911,0.1398237347602844,0.4115313254463938,1.1105466783264488,-0.09493811823946334,0.0610638298094272,0.01995858040268083,1.0883460608211155,-0.633207440321235,0.1382536739110946,0.40240774504592725,1.0329264904353945,0.04369503212566522,0.0186600461602211,0.19257819550215988,0.9946883820171161,-0.053991110650602574,0.0186027865856885,0.3410284471179693,1.5435011969015853,0.2288748087197352,0.0018012498039752,0.16547569805681778,1.5146976288947696,0.011246754273876412,0.0011067026061937,0.31544690240429163,1.9016636488881373,0.6682716203634247,0.0002056296070804,0.12134571063018332,1.8443078886804736,0.4212543341039184,0.0001125878188759,0.2952494240682216,1.9716004024705698,0.731284399283998,0.0002176322304876,0.10429740119032058,1.942701238584897,0.4256459395392218,0.0003165175439789,0.29714995660015336,2.053032821667004,0.4010026011201017,0.0003408071934245,0.15623595085966968,2.0142031246257557,0.04091618996798303,0.0002250353136332
2025-11-11T0733.477540,52,0.5424095090051759,0.3100330916173415,-0.5521836089766127,0.9948326349258424,0.5397669882722343,0.29693313144796646,-0.5152411801026143,0.9906719923019408,0.5720062755835026,0.3107493239946847,-0.5039047316688092,0.9912714958190918,0.5404863467635368,0.3286012081119038,-0.4913451616714312,0.9902817606925964,0.5216918049750945,0.2553877415254815,-0.5395689180598389,0.9916701912879944,0.48496339002594924,0.3080744736346144,-0.5447789472450376,0.9928007125854492,0.47882613641778793,0.2524329792382043,-0.5414413945901183,0.9925691485404968,0.505805617239862,0.3092777737133285,-0.23364679160929094,0.9895416498184204,0.45647156804452205,0.2577764003933648,-0.48075977962174227,0.9938466548919678,0.5132974718243749,0.36847367720321966,-0.43802119022264424,0.9970638155937196,0.49941617340102973,0.35938242497319406,-0.5209977298200407,0.9978187084197998,0.5350760456999605,0.563602373513376,-0.13991342173918714,0.9971097111701964,0.24846389388648496,0.41276138501964166,-0.4556454765843974,0.998478889465332,0.47253038888085985,0.8548911866193016,-0.039228165761793214,0.3361517190933227,0.12460922578671016,0.7433092995356795,-0.48402563626901696,0.6114950776100159,0.43972604402503734,1.0809610261239668,-0.1265892103884778,0.0517447628080844,0.008205467698227279,1.0619034444698627,-0.6078944468025624,0.1299685388803482,0.42430143450217306,1.1480782485060588,-0.1714078674618602,0.0411961302161216,-0.0343395841749067,1.0906575512065482,-0.6600216064203457,0.1088902801275253,0.38565731457348484,1.161027257215333,-0.215480639959221,0.0584229528903961,-0.010016959361179542,1.1538218348106668,-0.7330231668930962,0.1479587852954864,0.3964790580563103,1.1018955638390937,-0.16761043765860964,0.0579198226332664,0.04137969956747707,1.1136829388723353,-0.6369072914028825,0.1465195268392563,0.35581758790538626,1.0733962505997114,0.006492329127356752,0.0181603115051984,0.20681316613561554,1.0457572506811914,-0.017738457875886675,0.0179771352559328,0.3235339903088212,1.535098776725931,0.22306692580018858,0.0017625376349315,0.1670032376957631,1.5135160755437251,0.07752229263718889,0.0010859569301828,0.2760537498871344,1.9295701261339147,0.7273207280539064,0.0002081548154819,0.0919720701984465,1.8833519388891446,0.5268728065145447,0.0001090776277123,0.2565780982991637,2.005257949033675,0.7958030575653379,0.0002149390638805,0.08271745692316139,1.9531196241610658,0.5117458294289917,0.0003135314618702,0.28355749215682297,2.0625612825783253,0.46606384813219803,0.0003578333707991,0.12802212692011708,1.9844491526026948,0.11645736328541607,0.0002146427286788
2025-11-11T0735.245398,53,0.5561804921769113,0.3402471938666819,-0.566111919598811,0.9950990676879884,0.5245700617852759,0.3265716399595095,-0.5460733175794797,0.991213858127594,0.5473328626440542,0.3273290167906907,-0.5419575155149524,0.9917921423912048,0.5426242298653706,0.3188653859598746,-0.5341202669443764,0.9907838702201844,0.5275090104149041,0.3069370305793198,-0.565851434998703,0.9921520352363586,0.5219752234513997,0.2943154153786738,-0.5889826880744641,0.99323970079422,0.48513440907701727,0.2909695674582495,-0.5732195509432134,0.9929930567741394,0.5083601171405638,0.3556704769695653,-0.30030841583880946,0.9899939894676208,0.4531022457069326,0.27473465712084205,-0.5079251920451707,0.9942318201065063,0.5081608549202511,0.3320246735305206,-0.5155083755211062,0.9971845746040344,0.4860456806635922,0.3529919469363929,-0.5303926936133061,0.997953712940216,0.5250257946246493,0.5543211581328789,-0.1560488707597742,0.997215986251831,0.2610895924355209,0.449665559093227,-0.45841652147238066,0.9985954761505128,0.4738456530771969,0.8255968278099,-0.045186130817834014,0.3225338459014892,0.11435519225790092,0.7616389573590936,-0.4450309931095418,0.6075199842453003,0.41990568110494536,1.0820898136704213,-0.1804955160503587,0.0489506237208843,0.054380177418205916,1.0230592818860276,-0.5865633234080118,0.1278903931379318,0.4390096975194612,1.1530778381381015,-0.2277052612897849,0.0395796000957489,0.013036959693943525,1.1098479421951768,-0.6896949884585276,0.1096921116113662,0.4487619577609061,1.1868940146895433,-0.25574603292978604,0.0562936924397945,0.033400744714469674,1.139154608385066,-0.7269477336695503,0.149749219417572,0.4325920380005171,1.1249075544016185,-0.18561049533795218,0.055518239736557,0.034276087672084524,1.1068574054767752,-0.6202268985398558,0.1474078744649887,0.3987240404959987,1.030145274189902,0.027466609402291217,0.0168872401118278,0.2159339221436659,1.0283577666468793,-0.02653522166742833,0.016687860712409,0.33387824908220143,1.5553920251855686,0.1610538270591296,0.0017496537184342,0.1772219519028207,1.500331019394947,0.037478999651913966,0.001065558171831,0.29634315775644765,1.9661002751569643,0.6539370873387116,0.0002052977943094,0.11332422024046407,1.9267595563740734,0.4394973525054362,0.0001051099970936,0.2659828344918776,2.0020123259291918,0.6984792699338509,0.0002044318534899,0.10447399778864935,1.9448999848256887,0.47188904964608774,0.0003045844787266,0.2552765568765192,2.0950710905989087,0.30953415114973015,0.0003559093165677,0.12825036696540923,2.0406983052714134,-0.004584010395322318,0.0002047842135652
2025-11-11T0765.956400,54,0.5354749476864565,0.355442806118973,-0.5314373515420795,0.9952264428138732,0.5417217082535871,0.316727022760549,-0.5197662697341682,0.9914407134056092,0.5285132837559443,0.32782288474451377,-0.5165935520553879,0.9920786023139954,0.5447114781870259,0.35495380239602564,-0.5281079024683737,0.9909877181053162,0.5297273060364261,0.32816414793456355,-0.5231022875461222,0.992394745349884,0.4861394715321093,0.31755888003257926,-0.5535900038838594,0.9935067892074584,0.48125275336002904,0.30780856986486355,-0.5467042193741389,0.9932040572166444,0.50789272269933,0.339315748639614,-0.23900513037382637,0.9898979663848876,0.4556907484715657,0.3037719988814203,-0.4480960895294007,0.9944041967391968,0.47946318315510944,0.39361549945104896,-0.42321830095000446,0.9971713423728944,0.49884920150683854,0.3789906377597075,-0.4954254984431311,0.99801903963089,0.5199015229317373,0.5737926218462275,-0.11896336696021449,0.9973236918449402,0.2457189518375681,0.4761890310187319,-0.39769924806012424,0.9987010955810548,0.48497576228464606,0.8651025745906075,-0.018249390032762373,0.3213007152080536,0.15205129556100105,0.7600286590355234,-0.32552972761344773,0.6072261333465576,0.47299937867096903,1.076324152188289,-0.23254366573802368,0.0472001209855079,0.07043193250428821,1.0389977281443963,-0.5007574823835369,0.1243915930390358,0.478430703433838,1.1764721687454989,-0.23934073832555217,0.0383927896618843,0.03542755325608783,1.129663804478028,-0.562997582132708,0.1075896397233009,0.47175753228311923,1.1475648557127074,-0.30249766072010864,0.0544357225298881,0.07657846076420383,1.1264174552499087,-0.614631296493308,0.1465801745653152,0.4744516378775594,1.1567912763552584,-0.24177194060022408,0.0535832606256008,0.10052147480151424,1.08099525280458,-0.5269747669134196,0.1446418762207031,0.39607246554728937,1.0619842728155262,0.008369549226069434,0.0175207015126943,0.19634777330473505,1.0582354353807262,-0.01659321055407019,0.0173233114182949,0.363268118861095,1.5421845543376047,0.14056280699662202,0.0018743068212643,0.17106645368927662,1.5009614491155394,0.025822625005670573,0.0011378233321011,0.30377005769744514,1.9593584934613741,0.6340400205737634,0.0002252800040878,0.1384285030873969,1.8961924339623435,0.3931785147048151,0.0001128271032939,0.2833231312064062,2.0171106380908133,0.6691599388473495,0.0002184107725042,0.10603736446779277,1.9608147545490364,0.41379040688052227,0.0003274243499618,0.26146737116585717,2.1015738546166425,0.3186591568466777,0.0003878808347508,0.14396076444810835,2.02680133773756,-0.05394121885415147,0.0002081997663481
2025-11-11T0717.776732,55,0.5055196323292939,0.35042298908359865,-0.4225709885814911,0.9955142140388488,0.533387099864729,0.3348645162843022,-0.37079643436675325,0.9918716549873352,0.5303417525430593,0.35190134423758185,-0.3492234305604272,0.9923617243766784,0.5584989378714689,0.35339184651068933,-0.37684497228512476,0.9913660287857056,0.5249405631641321,0.31987565824265246,-0.4293725029730541,0.9929215908050536,0.5038769543030234,0.3009129297934617,-0.4542019060163868,0.9939489960670472,0.5099964126237106,0.3186406114689911,-0.43585976240054913,0.9937134981155396,0.5189450696377801,0.3747827508020476,-0.14389595307525999,0.9898067712783812,0.4747879629397715,0.34003988906667365,-0.35028235002959374,0.9947495460510254,0.5204598394846192,0.41125401054704364,-0.3481915454603005,0.99725079536438,0.47342464011959495,0.3938506369797874,-0.3699214734441479,0.9981425404548644,0.5364211794195697,0.5930967986379027,-0.011533263123571266,0.9973995089530944,0.25204192174725515,0.5072111919689171,-0.29214077604971533,0.9988112449645996,0.5183021947855269,0.8567091497879731,0.058268381670615835,0.316922128200531,0.1250621730597655,0.7698464247950291,-0.291204228268793,0.6206058859825134,0.4858107908436503,1.0387203864604764,-0.03660037419639935,0.0472863316535949,0.14178041722316423,1.082427940169247,-0.4339725322550953,0.1338666230440139,0.539318398160918,1.0833204028046999,-0.04092370182517311,0.0381139107048511,0.10450894772942637,1.1433977627849536,-0.4901292943313289,0.1173864603042602,0.5152870006620529,1.0740935034649168,-0.08455450144680886,0.0536533035337924,0.10215696369992848,1.1578734294857806,-0.5544732891434759,0.1576433628797531,0.4868619610854043,1.0575176363281762,-0.06280359804119356,0.0530720129609108,0.10635283948248235,1.1265325546302434,-0.4614499657014978,0.1556232422590255,0.3925559314641352,1.0632691054359842,0.020316335213121345,0.0162385813891887,0.2426599307753106,1.0428817024167603,0.004104855180057029,0.0162024796009063,0.3621433081891917,1.5482838609450957,0.09768109956164776,0.0017997118411585,0.20488322932430103,1.5022353416591312,0.009989364604348079,0.0011493468191474,0.3180387319264811,1.9590602848072574,0.5031583430258724,0.0002168296923628,0.16283020671223913,1.8965304977898345,0.3394199436207511,0.0001141088941949,0.31878408806905423,2.028695539892333,0.537735466421441,0.0002073384821414,0.14266427626397,1.9867859025444752,0.3735128867781952,0.0003327627782709,0.29206442033036434,2.104919512398064,0.22008276028712442,0.0003912922402378,0.15679911098760685,2.0773083165648543,-0.07167666733271684,0.0002171427913708
2025-11-11T0754.500571,56,0.5079112956742549,0.4251516680044473,-0.44006605150623235,0.9959353804588318,0.5380965112463937,0.37552040377137264,-0.4219122437376136,0.9926124811172484,0.5234259822295527,0.39631330955459865,-0.4187545402026138,0.9930511116981506,0.5233848420398192,0.38339363234290574,-0.4284463096719738,0.992151141166687,0.5279333667479388,0.4034895969520669,-0.460656891630906,0.9935743808746338,0.5158832328042546,0.3609798280244903,-0.4539031768545012,0.9945058822631836,0.5031244703948377,0.3566267224432226,-0.4391049762470674,0.9942916631698608,0.5196563264423699,0.39868664050795727,-0.1939428352025886,0.9906816482543944,0.4623716869812391,0.3860032262117087,-0.31949851786988087,0.9952098727226256,0.4863821939881948,0.4522509379859362,-0.35271488888185765,0.9974957704544068,0.48344272681139516,0.44041664021555216,-0.4083973849965978,0.9983080625534058,0.521317165131865,0.6105751714067418,-0.10375572339035581,0.9976205825805664,0.2587487051447242,0.5782079454647737,-0.23248646817014715,0.9989041686058044,0.575315022859707,0.886969889512944,0.017196418240350973,0.3362713456153869,0.2123789922711886,0.8395240381217913,-0.17637002881584174,0.6166535019874573,0.5554132349137134,1.0843230549766034,-0.12350925180901069,0.0573523342609405,0.19417129768294744,1.1182612628021147,-0.2978994815021807,0.1339013278484344,0.5873310297928226,1.1741825285755536,-0.10761578312171256,0.0473693422973156,0.16215627558864257,1.1962924282411658,-0.38746491047108245,0.1194119900465011,0.5660001168072759,1.1717156322592959,-0.17203233450443076,0.067489854991436,0.18853822946376006,1.236754683724701,-0.42291045934315113,0.1621502637863159,0.5355883331152235,1.1338071123593672,-0.1402802429331983,0.0644760280847549,0.21322815176053375,1.1930284666436315,-0.35660191103356703,0.1600794196128845,0.4559233652957922,1.112952635985531,-0.04244318785777166,0.0149111300706863,0.2981336102853825,1.160620442506927,0.020272253592024378,0.0149142397567629,0.45915259788261914,1.6128106305566767,-0.032338952537859844,0.0017491134349256,0.27650502251412007,1.614830855513349,0.011247026192113825,0.0010843973141163,0.4500937557489744,2.035947205843344,0.439865056240744,0.0002119175478583,0.24072527666861793,2.0027029440553217,0.2976788958166492,0.0001072250524885,0.42453808002530863,2.1255001336553834,0.4076408764124604,0.0001982071698876,0.2623791463560916,2.061984064917844,0.34038009463968444,0.000313552445732,0.4269367827094032,2.138094262575144,0.024143113730509015,0.0003772970230784,0.29561351482604453,2.146754003518661,-0.089342369938236,0.0002078573452308
2025-11-11T0759.322886,57,0.5435001461162765,0.4583803195340987,-0.3640359670727626,0.99631530046463,0.5271823511367077,0.46455163098002616,-0.30040894157715375,0.9932806491851808,0.5458705294105347,0.4556437623489641,-0.3542556314250607,0.9936795830726624,0.5387856269327904,0.4415626874987801,-0.34794648019204283,0.9928696751594543,0.5321148176951225,0.4670517418379573,-0.3898339553591128,0.9941628575325012,0.5188155169563947,0.42500719355654687,-0.40196277078281734,0.9950045347213744,0.5078388878493351,0.42911530517890784,-0.36197660839897694,0.9948028326034546,0.5110209969596399,0.47316957448437236,-0.15057592644132606,0.9915231466293336,0.4592952321789609,0.4383076984523502,-0.33358483961188407,0.9956231117248536,0.512476238415437,0.5299008040994271,-0.29731543004193317,0.997715175151825,0.5052369272136669,0.48674543725910197,-0.3517677389104139,0.9984517097473145,0.5404577669753088,0.6713598884865151,-0.06739899758164704,0.997826099395752,0.2778644319317374,0.6752844645113381,-0.2694790675072525,0.9989710450172424,0.6436026066302337,0.9280565723828994,0.05159846235220621,0.3481014370918274,0.23434348493577872,0.9306418074418353,-0.20156105372849292,0.5945516228675842,0.6515313821727848,1.1475996715460652,-0.04444524896659382,0.0656264647841453,0.21478881138651099,1.222903068287331,-0.41387174093512435,0.1326731443405151,0.6937709816402902,1.2614396748074144,-0.08673301946771747,0.0558477118611335,0.17674912367134218,1.2875469682454452,-0.44492496793450353,0.1223702654242515,0.6547023184828525,1.2750761734440492,-0.13408130130295504,0.0808579325675964,0.23468522059236308,1.2860601860798373,-0.5429912802144864,0.1666496098041534,0.6570633712347848,1.2658111345750165,-0.0858542421069326,0.0765615031123161,0.23359563670396286,1.2697216237541669,-0.417062035143014,0.163464143872261,0.5271942010602868,1.2050208387428842,-0.009134395564795126,0.0135811073705554,0.3200744162160165,1.2237653747412425,0.0517451819418493,0.0135837029665708,0.49678966795672974,1.6813721585936545,0.008771586910886774,0.0016226442530751,0.3572599874282558,1.6947092876444043,0.006474773523509581,0.0010009140241891,0.49695256519920217,2.095929150725564,0.44934607140802646,0.0001943949464475,0.3376673112584909,2.0936632869255494,0.25127552854164625,9.828266047406942e-05,0.5294552316803964,2.148956819201743,0.46988892374393715,0.0001815845607779,0.3278950022379998,2.1478454857236073,0.2693524201880126,0.0002852836332749,0.5459940042530602,2.209494771479463,0.13841553273225218,0.0003531686670612,0.3825284203917568,2.2227050161014956,-0.11624665191056666,0.0001921508664963
2025-11-11T0774.413696,58,0.5067496938643872,0.5733927219477007,-0.5406354562942799,0.9965628385543824,0.5313320235390266,0.5749543056154064,-0.5512391826933685,0.9936853051185608,0.5487277002744991,0.5802736552930781,-0.5347866775438818,0.9940680265426636,0.5688818793089511,0.5507334482741633,-0.5346825431013869,0.9933447241783142,0.5115667327836344,0.5639821027856925,-0.49220308966147847,0.9944523572921752,0.4862443328927205,0.5637187497689492,-0.49449441948932477,0.9952128529548644,0.48955396914496246,0.5826938906190102,-0.49651410545147817,0.995006263256073,0.5279373820257416,0.5874064260249217,-0.3133268648922946,0.9920471906661988,0.5005303877801547,0.5818755482931659,-0.27674385681046537,0.9956013560295104,0.5348969300839259,0.6265921620086331,-0.47400887673998804,0.9977810978889464,0.47688855238859273,0.6179751508009869,-0.37617831280951713,0.9983879327774048,0.6133850830147384,0.7751618114298251,-0.26471743611503984,0.9977570176124572,0.40490801427269585,0.8124217652665433,-0.13584625201672978,0.9985800981521606,0.7177167115723329,1.0062528940728042,-0.31317071646712025,0.3306440412998199,0.2947895714687273,1.0408464824284014,-0.11329220121989923,0.5469741225242615,0.6499743518696484,1.2872665892804227,-0.5478813333641526,0.0653550326824188,0.2948572192850864,1.1841810772815131,-0.5744608434371602,0.130254253745079,0.6986981718382982,1.3840933431184432,-0.627646409883065,0.0596738867461681,0.26612182189878786,1.2871718570223112,-0.6508445424406138,0.1258758306503296,0.6209427867682663,1.3815620595585318,-0.6713854857924283,0.088242620229721,0.2955026179481894,1.2455589756301937,-0.7208401865408404,0.1746460348367691,0.6348181457503541,1.3457877337696231,-0.5601848887272837,0.0833841189742088,0.31272464371217845,1.228909554374742,-0.5894172796851539,0.171810895204544,0.597230082072996,1.330889331075087,-0.06425453025962725,0.012258700095117,0.39950984597597633,1.3606981439061836,0.06060404966260729,0.0122738936915993,0.5741226501702297,1.7973450804125424,-0.12116519018477682,0.0014814478345215,0.40513674093087493,1.813653955204274,0.02584737874823421,0.0009063571342267,0.6010520301816827,2.1977244109891187,0.3049566227953158,0.0001758762373356,0.40831913722309443,2.207840740605145,0.3360106981062869,8.857111242832616e-05,0.5981265503073259,2.2668573191561725,0.33710271729403707,0.0001643742871237,0.4137103761746573,2.247007221037696,0.32171676501032126,0.0002571617078501,0.5856612849225664,2.333697321609039,-0.058790489434186646,0.0003186756803188,0.4714611218766282,2.324575989566753,-0.11716346963260958,0.000173494714545
2025-11-11T0796.960284,59,0.5317919782612442,0.6908747998805944,-0.6609987223166222,0.9957349896430968,0.5561064375750208,0.6802337291534043,-0.6109483981881166,0.992783784866333,0.5778902639089081,0.6834313344690979,-0.6307219030408314,0.993098258972168,0.5775190597615188,0.6623126268158721,-0.6064422394390503,0.9927937388420104,0.5268069267712403,0.6994703170866742,-0.5681150001491903,0.9931418895721436,0.5164581317428377,0.6727324258423542,-0.5553288469553137,0.9935179948806764,0.5215019255926985,0.6808906098331939,-0.5948488846857836,0.99349182844162,0.6111005793968508,0.690590721571591,-0.3262453612872018,0.991391897201538,0.49853810627785033,0.6961992213331251,-0.26717903944505295,0.9930943250656128,0.5554243248276115,0.7644183540412955,-0.5464397671053378,0.9973561763763428,0.5368150095749782,0.7417368588183824,-0.5059869179034894,0.9974204301834106,0.684152609044511,0.8750833554797461,-0.25554751573744233,0.9970240592956544,0.456087715842205,0.9158589603051394,-0.05539591580100486,0.995836615562439,0.7910548616363138,1.0893846355502204,-0.3516778019610036,0.3293206989765167,0.40723694267270727,1.1094386788785644,0.07398207543700884,0.5090218782424927,0.7710907218704455,1.3079436511470282,-0.6339428945611333,0.0649403110146522,0.41758744128561437,1.2151027042945275,-0.2972761781204547,0.1230130121111869,0.7644784782885237,1.351750332909019,-0.7587437735094716,0.0620672665536403,0.4352003473816693,1.2430228193728743,-0.4156158442226017,0.119758740067482,0.7209979570464706,1.357971915753654,-0.7626110531926096,0.0923446789383888,0.4159961950992785,1.245034929972052,-0.4803545550370115,0.1674076616764068,0.7368309217668201,1.3369260697869916,-0.7065328621635323,0.0863821730017662,0.4341953634376386,1.2519151484611704,-0.36203257694598273,0.1650248765945434,0.6769557805276637,1.3971398981231524,-0.09533533838385225,0.0111215431243181,0.5273309434022034,1.4208382412835623,0.09885564223693018,0.0111267119646072,0.696389674965372,1.8610847268285686,-0.27488290408020405,0.0016328275669366,0.5503095128851692,1.8375479660761134,-0.07189322982867292,0.0009880264988169,0.7253310864611625,2.2774816168133962,0.08577317368707511,0.0001907002879306,0.5634636823806951,2.27461751379531,0.0743005664377987,8.734253788134083e-05,0.7381444711415986,2.354903495394524,0.07553380780409777,0.0001690460485406,0.5558164010567254,2.3081670246409924,0.09703672418149786,0.0002597888815216,0.7314029300126539,2.3773358709417,-0.3813995300059588,0.0002999557473231,0.55949411959137,2.397141420031224,-0.36770058295294683,0.0001761839666869
2025-11-11T0789.729499,60,0.5886339432221777,0.7849804194642555,-0.47126402295112113,0.9957229495048524,0.594833264280171,0.714419862231881,-0.4891453302777454,0.9929200410842896,0.5938648203234388,0.7278569842011829,-0.5025357398415499,0.993261218070984,0.5678217938611034,0.7209436038116807,-0.4923853346844144,0.9930416345596312,0.5515756740232156,0.736363629744099,-0.47951652115386517,0.99300616979599,0.5618081532015161,0.7504884282002862,-0.4429049885643864,0.993237316608429,0.5946465132726058,0.7532960701721029,-0.44634618103203516,0.9931868314743042,0.6247765372841937,0.7048597473266467,-0.4004655690867212,0.9917823076248168,0.5674537381310917,0.7540763606529665,-0.138478934372056,0.9925912618637084,0.6379362606132932,0.8028803504256156,-0.4587344674556076,0.9973378777503968,0.6115905374207574,0.8084500899777645,-0.3717430924369658,0.997018039226532,0.7869598165692911,0.9590843438735016,-0.3572303683591315,0.9970207810401917,0.5496702910820765,0.9445535038505519,0.021249740989966497,0.995817244052887,0.8301830011648299,1.152018967237323,-0.47606960654881564,0.3381860256195068,0.46484872485894924,1.142722349051477,0.1941768460323361,0.4806094765663147,0.815753397709099,1.3866804800982668,-0.6440394128307128,0.0702548027038574,0.4718558358732905,1.3452637464550772,0.005228703231568092,0.1166321337223053,0.8576266286889548,1.4516360119881688,-0.7286547707202289,0.0698264688253402,0.48402306868135014,1.4054986834068066,-0.03518782704074685,0.1151308268308639,0.8097791213882941,1.4878131337086555,-0.7292006966513535,0.1033238843083381,0.49327102981384235,1.4453708545002164,-0.09878814840015276,0.1627212315797805,0.8107736592545787,1.4960701613465979,-0.6411637810206366,0.0964190885424614,0.4920925713945388,1.4102119778724207,-0.02634569906599102,0.1613625437021255,0.7070494309934946,1.454991178598639,-0.14803823523336873,0.0101681416854262,0.5977376157935529,1.3896282476630233,0.1442934398724121,0.0101941460743546,0.7530168754449914,1.8628442977196529,-0.26356026847733,0.0015210659475997,0.5933199646941774,1.849813881396663,0.05866929084685663,0.0009229411953128,0.7538515960016134,2.249311628054524,0.044414223334202654,0.0001822742488002,0.6160016422701768,2.2133631605450663,0.1957301639881341,7.974455365911126e-05,0.7634735302569432,2.3323774107514623,0.06669329551248739,0.0001629559410503,0.6021142928438993,2.2702270808057974,0.22296024742500103,0.0002421257086098,0.7203092385941982,2.386530166508911,-0.34837234524021177,0.0002761303039733,0.609514853761539,2.3233569039559123,-0.23660841309308278,0.0001631806517252
2025-11-11T0765.348324,61,0.6600684159923961,0.7981884276338651,-0.4933195486682973,0.99379301071167,0.6629793899308367,0.753719923469843,-0.5048788017168881,0.990824818611145,0.6653645835649032,0.7461103552637277,-0.5134336439351741,0.9908433556556702,0.6797067740316642,0.7656788916909474,-0.49770968052120024,0.9910792112350464,0.6669645064755788,0.7665944555041022,-0.44065574451802525,0.9903620481491088,0.6517965963680952,0.768979442506694,-0.444334344036736,0.989996075630188,0.6393495422556443,0.7696441300038878,-0.45008561478044007,0.9904566407203674,0.696761867518326,0.7489326814073336,-0.3958300374612717,0.9901143908500672,0.6312583503279666,0.7824788531873341,-0.19919412274388604,0.9890184998512268,0.6772578498070684,0.7978603636561219,-0.4568132540881896,0.9951270818710328,0.6845980558655106,0.8184309176883136,-0.38161634805877187,0.9935583472251892,0.8049328237060814,0.9402224455262216,-0.28718761373613144,0.9913527369499208,0.589475666048146,0.9189448731309032,-0.004948996518274176,0.9871901273727416,0.8782714120394417,1.0981099545352144,-0.40425998337512514,0.3303901851177215,0.5246869044302305,1.124689079399989,-0.019943478696404903,0.4483539462089538,0.8332519946430118,1.1638891530771562,-0.6871137640683113,0.0719918087124824,0.5391301447273753,1.2157875999423464,-0.31272920708583357,0.1143415197730064,0.8466528578792514,1.169027251466699,-0.790045467761572,0.0749997273087501,0.5782076896658186,1.226644178885741,-0.41931898351946395,0.1155999451875686,0.8380760491448672,1.1519393775811753,-0.7585332458389521,0.1086886152625083,0.5236800957193406,1.1797397945553343,-0.4131962258944344,0.1632217913866043,0.8273961868074919,1.1652568012653688,-0.6633273638667376,0.0999445095658302,0.5376420665700231,1.2047334785409023,-0.32544365800379377,0.1616002172231674,0.8076560543704743,1.4131537991033876,-0.11788696024069387,0.009294182062149,0.6186612054463306,1.423456749913932,0.15093599727070114,0.0093122795224189,0.7590810588606915,1.846262128087457,-0.25330375895867274,0.0018421119311824,0.6051223985588271,1.805211859182394,0.054484581525569516,0.0010850551771,0.8100110440650725,2.2604397090405435,0.035825398378065386,0.0001944730029208,0.676963866654361,2.1946419646016446,0.1690090884026405,9.790903277462348e-05,0.8000577884880463,2.289310400950698,0.04701114675442582,0.0001642362185521,0.6570329086045201,2.2776338633884188,0.1889483738956985,0.0002693030692171,0.7892516719884407,2.306494771294351,-0.34735846012294586,0.0002863747067749,0.6395447438064285,2.2975163799393763,-0.19200889413114647,0.0002220927854068
2025-11-11T0779.167689,62,0.7286496037216854,0.8074613960863813,-0.6938246166089226,0.9895854592323304,0.7190498638541378,0.8220126052727105,-0.7310942202660418,0.9856671094894408,0.7046115044068572,0.7776905128938981,-0.6903891169957256,0.9866630434989928,0.7310356842278913,0.8003352623950686,-0.7000596735555302,0.9874905943870544,0.7092098772224746,0.8074086594119224,-0.6763530479657907,0.9845849275588988,0.696416510619128,0.7915277651552645,-0.68185553933809,0.98416930437088,0.6960250886616136,0.8075686031469245,-0.6696586966878381,0.9848611950874328,0.7504898041322996,0.8117371203852117,-0.5046678859594677,0.9862854480743408,0.6758549824731548,0.8133287577244857,-0.39990781917819096,0.9813492894172668,0.7468567500329495,0.841531717837189,-0.6454839426702268,0.9883705377578736,0.6776237512628646,0.8547359014632091,-0.6347076273484347,0.984737753868103,0.8396249790443391,0.9694099812585665,-0.3230515528515253,0.9811533093452454,0.6200384451607814,0.9872880413656281,-0.11094865181776556,0.9777399897575378,0.9242428860589158,1.112416694195972,-0.5318702683380478,0.3295651078224182,0.5809439963412435,1.1577158858909447,-0.07439506165638304,0.4345442056655884,0.8884667983015272,1.155848614752057,-0.9261525697059634,0.07630505412817,0.5891979112182028,1.1922803770324613,-0.3968325349117664,0.116221085190773,0.9070355681698038,1.1660055614692468,-1.0139499521124555,0.0836820974946022,0.5522564219345102,1.1926895303474863,-0.5498453845796774,0.1213384270668029,0.9125970125336512,1.1581155831755625,-1.0795323508704378,0.1183858439326286,0.5452942688834237,1.0964796707563518,-0.5554047133082864,0.1701669692993164,0.8893716442191263,1.1561185158561962,-0.9621011875442644,0.1077715158462524,0.5702712108704144,1.1568489891700595,-0.4264103902103335,0.1659613102674484,0.8212653541941923,1.4299272127901308,-0.12205274907843577,0.0087345847859978,0.6579357615639022,1.4260390356737442,0.12267794702722874,0.0087337996810674,0.7652678092090196,1.784507340531565,-0.2983974742833678,0.0024807439185678,0.6058297000027218,1.8045360287938799,-0.09436725337281136,0.0018577855080366,0.8076716876512239,2.1493128632223404,-0.0359523356663706,0.0002932971692644,0.6491206394857568,2.148419126767249,0.013397086195854087,0.0002179745206376,0.8082321766837006,2.1592215644900383,-0.0050304695338342234,0.0002697963500395,0.644691684512751,2.172873429481382,0.03481737884538089,0.0004638649115804,0.792660993828117,2.1931502620483636,-0.3349754605701707,0.0004695670504588,0.7071903336212325,2.2134296389713906,-0.34337815196759053,0.0005687893717549
2025-11-11T0776.614265,63,0.7460480277206699,0.8877171746588246,-0.2158065231344688,0.9903485178947448,0.7583977777209844,0.8203957140733726,-0.22979682069099774,0.9867826104164124,0.7652690890958368,0.8264862332634343,-0.24325864410605297,0.9877291321754456,0.7374641658722464,0.8099698793632748,-0.23015649616272627,0.9884366393089294,0.7755870685949189,0.8313062405910007,-0.21557682089995722,0.9858408570289612,0.7767233670750058,0.8367217393434477,-0.22970089058110027,0.9854633808135986,0.7737900761033014,0.8235694630977652,-0.2631716885949171,0.986019492149353,0.7720375627255158,0.8151720986661954,-0.26311427867931836,0.9873924851417542,0.7715567619383036,0.8107721837631398,-0.3067575682078321,0.982918918132782,0.7688630914302839,0.9133215261875388,-0.1890058411648971,0.9890062212944032,0.756462910077414,0.8749166810904717,-0.1847140449710351,0.9855965375900269,0.7991243380409875,0.9654759324073404,-0.2262874059250832,0.9760084748268129,0.7410945754739594,0.9619993994485655,-0.23933007261178169,0.9703063368797302,0.8524933412117044,1.0714228315309697,-0.3358819997210788,0.3164926767349243,0.7240543206147225,1.1338201770254464,-0.3722833154258545,0.4022105634212494,0.8100445818836948,1.0515856503577268,-0.44401558580615513,0.0854998677968978,0.7701630251545756,1.0344936303734182,-0.5924847344542176,0.1147563233971595,0.8358969515078342,1.0526971415739474,-0.4930688776156665,0.0994344428181648,0.7971076081326602,1.0029099619136896,-0.652018736184847,0.1267563700675964,0.8075817167737871,1.0336893126777977,-0.5106069233094137,0.134124681353569,0.8097029589697398,0.9732265145998882,-0.6781054951006723,0.1726864427328109,0.8023358610863829,1.0169082385750199,-0.4413638077080547,0.122858241200447,0.8017169283369606,1.0270475664706742,-0.6022822249503712,0.1663632094860077,0.7843347513341399,1.4164190848701974,-0.05302956393285113,0.0082106404006481,0.7229803723233319,1.435969110266087,0.040096856704952014,0.0081122806295752,0.7680682850226473,1.3171417402046823,-0.2840744228090689,0.0060277106240391,0.701169440078059,1.3442862335821029,-0.07181044677427316,0.0047953468747437,0.7763468452633332,1.5036230941363173,0.09790974639951987,0.0019473007414489,0.7746572384199937,1.5079004151179933,0.12997105487213614,0.0010856207227334,0.8023283518118847,1.5823184720079808,0.10684396438934948,0.0021975489798933,0.7630975789875277,1.5223813847366594,0.13290385689255257,0.0015882527222856,0.7694220161004205,1.4930275536718247,-0.03464244201378875,0.0034820539876818,0.8214239625352873,1.4934134820377327,0.026157419933405656,0.0022648335434496
2025-11-11T0747.378726,64,0.7642661178690293,0.8492771385799458,0.1654045010652791,0.9900802969932556,0.7665716076431369,0.8442923327104944,0.14177583994319157,0.9868263602256776,0.7950225803067313,0.8458887116723597,0.11742662177280554,0.9875925183296204,0.7468621143668752,0.8269253604569956,0.13418441339373116,0.9880820512771606,0.7872794590240131,0.850996761866142,0.16334406771446874,0.986186385154724,0.7675480622959683,0.8325163053034188,0.13229825305931758,0.9858942031860352,0.7999787681162537,0.8221253246634874,0.13223573029388702,0.986418068408966,0.7610367014056767,0.8283529495371734,-0.05745681366969921,0.9868863224983216,0.7707496599430731,0.8756984071924212,-0.07783934151467697,0.9838123917579652,0.7607258013053649,0.8744097493952838,0.13563041907930426,0.9877108335494996,0.7936362986784506,0.8624592109914206,0.15220617197514733,0.9852209687232972,0.7120694303872397,0.9375377947212059,-0.19933153388432392,0.9654535055160522,0.829642960828682,0.9594414928757328,-0.1228915666407587,0.9671871066093444,0.6869388924018214,1.0748852762970407,-0.05775650125981621,0.3051756620407104,0.8238670411206642,1.0530544449028305,-0.05041415231118714,0.3799289762973785,0.7206184347444812,0.9585964134200309,0.11840804822688522,0.0870242044329643,0.7718242232351694,0.9423697342802703,0.13526270159990106,0.1191066205501556,0.7013589342794488,0.9538391559719559,0.089633998114638,0.1026674658060073,0.7682085378195812,0.9464188952487945,0.11508470270628371,0.1356157958507537,0.7229144319837585,0.9254528881242142,0.09138095842823127,0.1351488381624221,0.7740454599646166,0.95138275341355,0.07674117330144557,0.1787184774875641,0.7419561263686014,0.9178734765721029,0.1165505333184235,0.1241421177983284,0.76567454071348,0.9403862285514728,0.10610204653072078,0.1712696105241775,0.7573570188384511,1.4052512110571966,-0.1013730755896232,0.0078619476407766,0.7985453184906408,1.3890380955242172,0.06787067376515439,0.0076651535928249,0.737599105899852,1.1055788786328604,-0.1936664031664142,0.0138805070891976,0.7595439377661946,1.141654302428681,0.17123533242636954,0.0062087839469313,0.7375028566828031,1.2351114491251847,0.14424462179839223,0.0046244719997048,0.8032438136310988,1.1683228119908984,0.3365239117765762,0.0021778452210128,0.7428126717482273,1.3036434226770435,0.20129081800028292,0.0051018502563238,0.7504686177087181,1.2223613577412615,0.34530801886807294,0.0039530070498585,0.7281160733918535,1.1913905432326726,0.09524758049160638,0.0066710929386317,0.7641186162414618,1.1070612372808537,0.3132159221277668,0.0045849243178963
2025-11-11T0763.167940,65,0.7830317238606124,0.8777865459813688,0.17323358989541543,0.9905965328216552,0.805550399185211,0.8298691352956897,0.1236416852051159,0.9876448512077332,0.79859045239299,0.8350757215293859,0.14614510393263383,0.9883441925048828,0.808961393940645,0.8388923735588129,0.13754664347739431,0.9887501001358032,0.7929403002341998,0.8269598538177054,0.12687051863700552,0.987177848815918,0.7989850756966759,0.8497029818964821,0.10311578536840563,0.9869177341461182,0.8240854434419742,0.8492963526256886,0.13689671018836067,0.9873626828193665,0.7778535998734875,0.833014396386636,-0.02184765460470427,0.9877521991729736,0.8236287973128358,0.8618139408692209,-0.07544189644644864,0.9851887822151184,0.7684157636185807,0.8679650815747714,0.13559860279092106,0.98810875415802,0.7945462030678988,0.8630303960715072,0.12894363624467672,0.9859824180603028,0.6814184925030576,0.9579964172062932,-0.08949175888344574,0.9639880657196044,0.8042840496583373,0.968193102262192,-0.07886754501022385,0.9675247073173524,0.6845766253139967,1.0441956043492127,0.02213758081073874,0.2980923354625702,0.8004849116723658,1.0014835425811992,-0.01821637628968957,0.3569115698337555,0.7015048127832035,1.0018546572738731,0.21612905059851747,0.0916072949767112,0.7392808211994424,0.966051766387284,0.17156014988802396,0.1250802427530288,0.7043306979121452,0.992089613765649,0.23241892181033458,0.1104404404759407,0.7341657365174252,0.9282998137148054,0.19637688016944413,0.1482755094766616,0.6945044530994399,0.9710115955766483,0.20581226212375853,0.1419046819210052,0.7188179672205148,0.9179274187798587,0.16733968884221478,0.1896807700395584,0.7214668755733543,0.9674891962015313,0.18993443428572043,0.1307196766138076,0.7176537222773373,0.9240338976914637,0.15957595816828418,0.1804010421037674,0.7553298103337022,1.3872321168290067,-0.07057758601685317,0.0081585366278886,0.7727394759013304,1.4036644524307695,0.07628367575998676,0.0080822566524147,0.7318032379541017,1.2662580191037942,-0.08990838389406024,0.0179411061108112,0.7462365691310917,1.2231707119186324,0.09712243180927582,0.0088041415438056,0.748503623696873,1.49297138798344,0.17412036434436742,0.0054824231192469,0.746255676672852,1.4422902834111633,0.28346770789846837,0.0027545562479645,0.7233680939296531,1.5490016569851208,0.1662453912433488,0.0063670952804386,0.7521240299875103,1.4932831732824274,0.3084813937109146,0.0049539697356522,0.7194514759165742,1.4631002356166902,0.1420625956427961,0.0079236393794417,0.7279726041709986,1.4264744096212771,0.2401983398081116,0.0057124691084027
2025-11-11T0786.307294,66,0.8189629721519013,0.8771438879357716,0.21529435572113126,0.9906641840934752,0.8147347362167369,0.8399486853435674,0.15299964647797734,0.9879913330078124,0.8147408745500041,0.8301171382814174,0.16963470774000552,0.9886085987091064,0.7980520893374179,0.8681637758711302,0.17393886039144946,0.9888636469841005,0.8200776390448139,0.8704754162811029,0.1437481121906075,0.9876693487167358,0.8049448883454393,0.8736347376196485,0.1646998216136601,0.987484872341156,0.8509793586941996,0.8643777758032524,0.14347112865898318,0.9878851771354676,0.800272435229132,0.8508433519385534,-0.045391578871751964,0.9878760576248168,0.8338347211855209,0.8769644081338556,-0.0734852263115062,0.9861240386962892,0.7662658239859861,0.8937055692421647,0.1973559537672167,0.9876348972320556,0.797810643089454,0.8942175384651818,0.1291130965298417,0.9860954284667968,0.6925722648466808,0.9497594331746502,-0.10000126279910344,0.9526388049125672,0.8175120539545938,0.9524550709650826,-0.10315299124726617,0.9640377163887024,0.7064696696578951,1.0380719233384403,0.0391717813679868,0.2816895246505737,0.8143606254599016,0.9850922717463176,0.008870053693115722,0.3364546000957489,0.7082732757290752,0.9633837339811326,0.31240237174253993,0.0897982567548751,0.7577290145801939,0.9549601449406894,0.31952301500919056,0.1277478039264679,0.6838187489141666,0.9715371324126811,0.3237922551138244,0.1103440001606941,0.7233909605361042,0.8982152704613099,0.31556615778720176,0.1561640352010727,0.7177078801085572,0.9236947779934818,0.29106128315907204,0.1402487754821777,0.7388276727619247,0.9180778935449598,0.2980690937589231,0.1961606442928314,0.7049422275681855,0.9608044204034026,0.28981626079946,0.1298041939735412,0.7478813703927065,0.9222301824407104,0.29635591415045875,0.1856293529272079,0.725374236509646,1.4068853306421492,-0.05934313929072465,0.0077827787026762,0.8086514057766848,1.3807102074500308,0.047047829526171585,0.0077146645635366,0.7580961785654635,1.1966759287883624,-0.09009469650694488,0.0208852626383304,0.7436751272528778,1.1682899351853901,0.11218214668251049,0.009553694166243,0.7026926908830327,1.3444181911875566,0.19958041965240647,0.0064728278666734,0.7485663886031315,1.2505873597087558,0.3313080148126752,0.0032195593230426,0.7602693278137436,1.394989370753141,0.22918390156972235,0.0075705233030021,0.7345998088183244,1.2983822280609183,0.3559845516148591,0.0057097747921943,0.7233098926239889,1.2811303205300297,0.17395857506951662,0.0093349535018205,0.8166201334079954,1.220923316214965,0.25697154761913643,0.0068212826736271
2025-11-11T0733.951224,67,0.8206071189495417,0.8574145723498874,0.11717627648403156,0.9908880591392516,0.797287602198303,0.8701449063917521,0.09768877770049936,0.9883564710617064,0.8209897189325822,0.8650330445329624,0.10376926796975786,0.9888615608215332,0.8015201506471364,0.8913648476788879,0.0937581974984606,0.9890155792236328,0.8344151842108841,0.8677635462268987,0.06903272402507846,0.988223433494568,0.8102488725490883,0.8925756927317887,0.09207155752841141,0.9880666732788086,0.8063387184549741,0.8941882910247168,0.10613434876502889,0.9884175658226012,0.8017002547159513,0.8421758324252456,-0.05152394593296021,0.9879573583602904,0.8332147457537475,0.8770320231796102,-0.13751292760880157,0.9869261384010316,0.7838011498801637,0.9051195610119772,0.1371024066691954,0.987198293209076,0.8303481385948457,0.9478897160347847,0.07616194514688937,0.986238658428192,0.7078183414454581,0.95357502749415,-0.1313609273334386,0.9450576901435852,0.8288294600118555,0.968512002269557,-0.14447284662785878,0.9592660069465636,0.6984024807095897,1.0365990862092511,-0.016643851720050916,0.276272565126419,0.8016823434773025,1.0120392195896355,-0.07537842042409666,0.3253026604652405,0.7051008353871271,0.9810309143334308,0.1457519210473156,0.0941617786884307,0.7999498438031919,0.9659092955591655,0.08584140698089852,0.1327185183763504,0.6980838915172377,1.0043351255364672,0.14550555862355102,0.1157112345099449,0.8392925345192389,0.9247751029446892,0.08208636878535616,0.1640182584524154,0.6723364065917707,0.9726950450497637,0.12690374784228767,0.1447690576314926,0.8168263542017596,0.9240890945704664,0.08879632535799124,0.2025067657232284,0.6959969248073221,0.962513290274664,0.16159744097796777,0.13384310901165,0.791556663406831,0.9454201144371895,0.09166649458559235,0.18977952003479,0.7236013869789342,1.4048760645042664,-0.042685362687991835,0.0073476210236549,0.7708398227997328,1.3971793053505828,0.06743358118592596,0.0072331419214606,0.7844729219030935,1.1256347143513452,-0.06143997020098731,0.0227939970791339,0.7685919617167193,1.140189817420657,0.09392118550835726,0.0098766889423131,0.7673872804908077,1.2492297735805726,0.22321060023473185,0.0068462234921753,0.7698652263563207,1.2123922090229415,0.30176048597426725,0.0035607304889708,0.7340912580465655,1.2767209087362112,0.24811312084469794,0.0079925525933504,0.7441280508697581,1.2466396573230498,0.32607339029196525,0.0061849984340369,0.7393459389042187,1.2248738150715694,0.18860684680101206,0.0101675586774945,0.7811353680238372,1.1429028144680629,0.2895741249966365,0.007789734750986
2025-11-11T0715.736545,68,0.8290088685981466,0.9032364137013786,-0.43217402618530204,0.9916820526123048,0.8545197756811764,0.874569141497905,-0.4143712897145763,0.9893494844436646,0.8146194756617081,0.9021487147249212,-0.40600475487800974,0.989814817905426,0.8168026549354588,0.905559109404265,-0.4369957949765352,0.9899340867996216,0.8401981412387729,0.8927791351812298,-0.4351096655675585,0.9892261624336244,0.8565904481926843,0.9159748229866966,-0.42240470929570284,0.9890815019607544,0.8445010457629162,0.9004328936033676,-0.43341253048098605,0.9893691539764404,0.808390418399023,0.9203639274479932,-0.3072865073536217,0.9889644384384156,0.8472952552033499,0.8961652491223207,-0.4166668910447646,0.9880608320236206,0.832000753332339,0.9303526102305555,-0.3679587642993716,0.988064706325531,0.7858623440956406,0.9163195563603156,-0.40181305731362055,0.9872098565101624,0.8356327051328594,0.9760315594215562,-0.19916926117825465,0.9456892609596252,0.7502110923290687,0.9683425298533985,-0.2376098371443732,0.9550528526306152,0.8455547829858604,1.0486040393407354,-0.011227496647484047,0.2725068926811218,0.7216812484303612,0.9883565427742189,-0.22926977318942318,0.3128602802753448,0.8445218355771744,1.0120100168980055,0.026267043665948283,0.1109362617135047,0.7567361912121411,0.958380751948468,-0.1917134413645754,0.1336800307035446,0.8732126277322146,0.9851144823266702,0.1343370118574439,0.1342849433422088,0.8127048766531455,0.9680395303363021,-0.19319324266513255,0.1666569262742996,0.8693557918011499,1.029917585397207,0.09684484158971324,0.1643707156181335,0.7920695908092857,0.9652443487618778,-0.20297182001212474,0.2038311809301376,0.8415485437835678,1.0208625363420796,0.021066902016739678,0.1529304683208465,0.7852338794116812,0.964141898610085,-0.21085782976508113,0.1914967745542526,0.7713442564421941,1.3984280759413221,-0.025220308463426024,0.0069795614108443,0.7244531536070633,1.4031343607150963,0.037185586251685075,0.0067618791945278,0.8288017613432724,1.1680349771805376,-0.12192132574389437,0.0247865002602338,0.7085102721332772,1.1977776656542316,-0.014281391260164025,0.0108540439978241,0.7538549164604549,1.299599649390827,0.17588987812823598,0.0071814144030213,0.7455556539636036,1.2847989326900888,0.1899785418973362,0.0036479902919381,0.7680421399020236,1.3609466776382821,0.18359069454346863,0.0083166295662522,0.7490916436702568,1.2880495938464198,0.24888958869214206,0.0062208175659179,0.7359076531485982,1.3018444620989433,0.18542924729807142,0.011403570882976,0.7277504163788833,1.2624416387988946,0.15383176037554933,0.0082616144791245
2025-11-11T0775.552608,69,0.8158971770880425,0.9116336874902748,-0.46898827538813226,0.9920677542686462,0.8253795637096538,0.8973454957519257,-0.4916131387548407,0.989815890789032,0.8296577642376716,0.9183617400292661,-0.47279318096875556,0.9902608394622804,0.837550560971279,0.889278243282028,-0.49375656561621933,0.9903043508529664,0.8460116473554027,0.8943893783767992,-0.48467506506225344,0.9896972179412842,0.8393694531172153,0.9109722588069428,-0.48362808736949214,0.9895920753479004,0.8322767267614578,0.896203550643949,-0.47486064750870416,0.9897865056991576,0.8394346575787777,0.8794489068679007,-0.42072646568108524,0.9893032908439636,0.8220765779570294,0.8747897839577313,-0.44782724515969075,0.9887208938598632,0.8087757326882201,0.9404271378075765,-0.41495206854606664,0.9878259897232056,0.8288435047317397,0.976297457797737,-0.4681508713922151,0.9871761798858644,0.7938226314944935,0.9817421544584034,-0.3231042790099453,0.937857449054718,0.7253171876268157,0.9993646324711231,-0.3080823065497578,0.9430908560752868,0.8593552041962885,1.0284638738791834,-0.15520703978282624,0.2636545896530151,0.7485184826195534,0.977372078520192,-0.23084056326685368,0.2970719039440155,0.8337430430571525,1.0068046992176956,-0.08165446129800996,0.1130465343594551,0.7551624630541028,0.9422658607913347,-0.11160496044956841,0.1302832961082458,0.8499676276354903,1.0157527536472999,0.003249190067044036,0.1364573687314987,0.7676327581904105,0.9785689213407501,-0.11791436659461882,0.1637288182973861,0.8429255394182729,0.9822200700773398,-0.009691112324420277,0.165879338979721,0.7740984941772544,0.9403457800214317,-0.15947513666643465,0.1993616074323654,0.8665119546800157,0.9797419776054389,-0.04977143878601041,0.1552831828594207,0.7668487124833296,0.9764841366458654,-0.1470201050110168,0.1877328753471374,0.7824445154678837,1.3917557266653382,-0.06160727832677104,0.0064943195320665,0.7349563961180294,1.4176259357989145,0.03801271295044102,0.0062453555874526,0.8579118165168352,1.1682231844369733,-0.13620673213483164,0.0268610510975122,0.7289182359650538,1.1685501720110563,0.0009598433963621561,0.0116551192477345,0.7499314697729462,1.2473207852686614,0.16782479604735845,0.0076821572147309,0.7711405262256591,1.2043030985653616,0.24803833523889446,0.003934861626476,0.7688305041040516,1.2521808657894218,0.18099089675926233,0.0085967313498258,0.736359140453314,1.1720346286016594,0.2881546291658662,0.0064704637043178,0.7909975020040841,1.214324205533674,0.11432279130861368,0.0126089630648493,0.7045872452952162,1.1347751707635387,0.21185719702933786,0.0091490419581532
2025-11-11T0721.126454,70,0.8396478172517589,0.8787849676273752,-0.42075329744795736,0.9926522970199584,0.8351877749576319,0.8944414467347063,-0.42699279775101867,0.9905542731285096,0.8532490356110749,0.8908011827578429,-0.4630070907837713,0.9909815788269044,0.8536684767759466,0.9198353477008354,-0.4353944974119893,0.990971863269806,0.8354265154697464,0.8773778080171616,-0.4555567224368604,0.990448832511902,0.8338969479632043,0.8834995078309322,-0.477353460945357,0.9903733730316162,0.8219933746255723,0.8879312823234567,-0.452457001936598,0.9905067086219788,0.8347741139927114,0.8900006122787989,-0.32509400004065275,0.9900356531143188,0.8299672458356504,0.9080214813370344,-0.37391907214138,0.9896047115325928,0.8054971225587417,0.9231304542248719,-0.34090536806452965,0.988199770450592,0.810009443071681,0.9238175547301566,-0.4343597439242888,0.9876767992973328,0.8097549654531664,0.9973496555816812,-0.2877404993008006,0.92908376455307,0.6979362429300545,0.9681303676109478,-0.2837321061749804,0.9304105639457704,0.8631856584155593,1.0447579308053982,-0.10552157918765726,0.25150927901268,0.7345400618304128,1.0099297280774344,-0.2939883597642563,0.279507577419281,0.8417981494077459,0.9980836579557009,-0.09192848619623559,0.1154239401221275,0.7739283546694559,0.951695194775608,-0.26267903766167006,0.1262042969465255,0.8384216648968991,0.9892095217050096,-0.08824673233755344,0.1411205232143402,0.7622353903747677,0.9391890181264254,-0.24255426985730466,0.1616877764463424,0.8593956408022108,0.9858284551827352,-0.0808419802991277,0.1708898097276687,0.7616989040815304,0.9465011013572662,-0.2799157675309222,0.1961788982152938,0.8445161581288819,0.9670312159926185,-0.08036441100132029,0.160588189959526,0.7648602033102472,0.9489382712546618,-0.26086611236844426,0.1848084777593612,0.7957792971416475,1.4036679122073703,-0.046001339014822194,0.0059867682866752,0.7414361397627433,1.3970088881308618,0.03642361651501924,0.0057257530279457,0.8355559006021639,1.1851778249946472,-0.14575627727108698,0.0273485388606786,0.7196066199307416,1.199396699931704,-0.006354012403410792,0.0118918512016534,0.7669718851569851,1.3038619078159925,0.1909101206846542,0.0076338956132531,0.7622376501781293,1.2463579142510186,0.21489808396806653,0.0038614070508629,0.7456972913084117,1.3315149127522865,0.19025426900103307,0.0085501046851277,0.7392565987142007,1.2771545817528256,0.25453398487183515,0.006251098588109,0.7758113114394437,1.2645560155335858,0.09244810117216745,0.013006848283112,0.7495543097473472,1.2204382152702735,0.15722498103411012,0.0091443788260221
2025-11-11T0710.779933,71,0.833171973549029,0.9207406198598838,-0.4635887332722222,0.9932731986045836,0.8561751837673822,0.8856972345812981,-0.44646671178479597,0.9913373589515686,0.8644124788495756,0.9185369344331642,-0.4575769670920622,0.9917405247688292,0.8556177398502811,0.8848477600771049,-0.4659769653753532,0.9917077422142028,0.8550301279799669,0.8997478309761758,-0.5049839668855869,0.9912282824516296,0.8434212871889005,0.9159034672013464,-0.4835600253037821,0.9911652207374572,0.8208614521354362,0.9239825395007087,-0.4929554435293427,0.9912542104721068,0.8409031300875428,0.9092240750745606,-0.36539839608205255,0.990856111049652,0.8485494028946947,0.8976553418461364,-0.39533834319467576,0.9904894828796388,0.855079484451847,0.9342549439366944,-0.41721444301907984,0.98889422416687,0.8125978213762582,0.9343104996396926,-0.43969239409326977,0.9884379506111144,0.8368636824637041,1.0236020491972657,-0.25056319824995077,0.929288685321808,0.7242641732068924,0.9543269422726188,-0.25516967056644596,0.9258688688278198,0.8552181469960325,1.0656709297100406,-0.09564557233770911,0.2492038011550903,0.740427897683313,0.9867243302771779,-0.22803133754461674,0.2656667232513428,0.8573797153229687,1.0031639599232993,-0.07268741036226398,0.1276424080133438,0.7639392860554403,0.941458968767157,-0.19192318909264047,0.1231907829642295,0.8593639747024325,0.9986493314981016,-0.08735460112577262,0.1562009304761886,0.7937461175358622,0.9459345930188445,-0.18443868361911314,0.1593920588493347,0.8535009058370534,0.9712626842787985,-0.09559673753671788,0.1870874762535095,0.7786350648140198,0.8946809728370251,-0.2020112049165718,0.1928314864635467,0.851123949865001,0.9956290190437924,-0.08412846760464976,0.176695168018341,0.7533543128335252,0.9625665391197075,-0.21446876597141454,0.1822290271520614,0.8181611070801323,1.3892549683773345,-0.057469308748140144,0.0056142411194741,0.7323152075887818,1.430305908243488,0.06691266018004446,0.0052965069189667,0.8397212784344875,1.199768766658927,-0.15166615475784975,0.0289715845137834,0.7433591706403254,1.2059795480395672,-0.014499173646579032,0.0123286833986639,0.7363836896353585,1.3104712116309782,0.1676833280763566,0.0076618483290076,0.7319909786008444,1.3054874077624954,0.22704147941536001,0.0037965215742588,0.7318257095723552,1.3494519426344165,0.18350217915439146,0.0086251785978674,0.740724880105193,1.2744184332697754,0.2496871794073222,0.006079071201384,0.7688207066660335,1.2883010831249844,0.079346021679791,0.0135473422706127,0.760304716675058,1.252219362738044,0.15687800924542175,0.0091693121939897
2025-11-11T0775.170082,72,0.8544323693910806,0.9105848353870356,-0.4992199287917169,0.9938275218009948,0.8527538747654002,0.909185449465879,-0.5179560710273803,0.992023468017578,0.8559524306074708,0.8908886685948332,-0.46304619052893653,0.9924128651618958,0.8514266102012036,0.8936987138999628,-0.514173959173568,0.9923608303070068,0.8620980277948402,0.8849927700127354,-0.5125765430117385,0.991917371749878,0.8507601210005509,0.878946649592617,-0.5068926529832739,0.991858720779419,0.8351773236396949,0.8875554889830743,-0.5075544701268035,0.9919021129608154,0.8765913808637453,0.8921465706812449,-0.3350620019441416,0.9915592670440674,0.8168963861551451,0.8633828449856774,-0.3883935481476826,0.9912431836128236,0.8174289039993465,0.9043780479396282,-0.4209974753906524,0.9892923831939696,0.8093210976215707,0.9251603632290768,-0.4383642199013128,0.9889368414878844,0.8672873134605256,0.9985661762671404,-0.23036734337817766,0.9263421893119812,0.7030739247449453,0.9504251984024278,-0.20720483216878377,0.9201732277870178,0.8753458398440516,1.061098772254756,-0.1537493029375932,0.2436859458684921,0.6746571112462516,1.0373202754954585,-0.10743402562119661,0.2448980957269668,0.8800967406230026,1.0135313205814864,-0.1336934172788944,0.141048789024353,0.7060496890320092,0.99600950863423,-0.10212302814091147,0.1234332621097564,0.8864492569843038,0.9905862985841085,-0.1553970769578544,0.1749304831027984,0.7194404057828887,0.9715184613138812,-0.0922599014543595,0.1633403152227401,0.8767792538720841,0.9940071748023371,-0.16419288872313448,0.2087772190570831,0.7283388541838873,1.0281048603286884,-0.1039663844894208,0.1985738575458526,0.8751869881680955,1.0146781380430614,-0.1546032110416582,0.1979475170373916,0.6969711497464078,0.9758163273651549,-0.11794062453044842,0.1886054426431656,0.8235890861958477,1.419884135660265,-0.05017008755790735,0.0051747509278357,0.7320551478598155,1.3849212820949337,0.04390327421617843,0.0048641860485076,0.8151098873255259,1.3729174161567719,-0.18757520507391318,0.0281179118901491,0.7041329186269643,1.3573914210460776,-0.01329186511835486,0.01182521879673,0.7820340239739533,1.5555828176656834,0.061977909999189756,0.0071159522049129,0.7171943201656591,1.5335825345945384,0.16769153106902449,0.003500944469124,0.7706592198176503,1.5914596784545116,0.08959384725009835,0.0080946926027536,0.7744225911693564,1.5714230933886413,0.16937484309568485,0.0055761076509952,0.8162786459584339,1.610847243028506,-0.07976819580449898,0.0128848440945148,0.7601706679711719,1.550800371418679,0.07821878517775022,0.0085478192195296
2025-11-11T0756.711428,73,0.8434569205781414,0.8957752243953974,-0.45491328273411935,0.9933988451957704,0.8438069440244005,0.8917822026042252,-0.40293877337535944,0.9914210438728333,0.8806070390076933,0.8804070236412421,-0.44410935191807654,0.9916303157806396,0.8794107156255613,0.9151729127005601,-0.3914354799811379,0.9915655851364136,0.8577259499441712,0.8631036517901421,-0.4144419117277363,0.9914796352386476,0.8145345813748933,0.8737278131302031,-0.39817031565661043,0.9914373159408568,0.8416898552945455,0.8320384442242059,-0.4006276297782159,0.991560697555542,0.8668505864805142,0.8937381446752437,-0.2038671414780459,0.9901631474494934,0.8017598689658042,0.8739393410590615,-0.26115629123169104,0.990378439426422,0.7986484090662441,0.9236301858955656,-0.3846468126384827,0.9871588945388794,0.7978412690887963,0.9021047031722955,-0.35701575857120027,0.9879004955291748,0.8681331564819572,0.9844468686644198,-0.13303023362495983,0.9258824586868286,0.6939650037807283,0.9652843538667449,-0.08202653889704745,0.9206772446632384,0.8888560495794553,1.1350038959699245,-0.21207215945162522,0.2310281842947006,0.6328453123544379,1.0770667524022761,-0.16662526087236368,0.2328231185674667,0.858629369214687,1.093738172972919,-0.4066050901059641,0.1432771682739257,0.6545554814681156,1.129072223138447,-0.39555104557482296,0.1355958133935928,0.8777576982188448,1.0957531285191309,-0.49714297091159376,0.1832231730222702,0.6906625037249816,1.1524938639296958,-0.44961609164652455,0.1772113442420959,0.9019045979763344,1.0400744910529425,-0.5192226402267934,0.220625102519989,0.6778467930900791,1.1155796607089363,-0.4713214462977355,0.2173938751220703,0.8798812901539546,1.0886748928685444,-0.4458091333862107,0.2072575688362121,0.6936365887509829,1.130233851158523,-0.41392774289166845,0.2066734880208969,0.8157309136009561,1.3901043264050699,-0.06794564931690374,0.0048261522315442,0.688478593302237,1.3896502606881278,0.0847016180366472,0.0044888039119541,0.8091625463140323,1.6247616236834173,-0.1483358482443198,0.0258232913911342,0.6558149123454757,1.5910884832792767,-0.0019100217071887854,0.0108101293444633,0.7790110732736288,1.9269495466909556,0.06254149824835034,0.0064310356974601,0.6919308472836339,1.9188508287808734,0.14577889318090803,0.0031695740763098,0.7932229816641604,1.9891522210362185,0.05439552223556206,0.0073125590570271,0.7042975084636728,1.962904524137703,0.14488121499298567,0.0050467941910028,0.7471525405526754,2.034424567060327,-0.16602125355227398,0.0116589330136775,0.6887222821554472,2.002192175488957,-0.11868916199065437,0.0077592465095222
2025-11-11T0767.857078,74,0.8493611744521025,0.8964945579698108,-0.42157833674039125,0.9904581904411316,0.8953520120776248,0.8891587167154791,-0.4031499185217292,0.9874771237373352,0.8831419852950897,0.889517715967992,-0.3839452266661929,0.9861040711402892,0.8787892771951148,0.8742528734716044,-0.3949652647788254,0.9866958260536194,0.8568909951378539,0.8584897279388257,-0.40390624189149094,0.9891034364700316,0.8705997014203058,0.8718120260179654,-0.4486082851335888,0.9887000918388368,0.8527250746197372,0.8681049877059632,-0.4457676100383369,0.9896914958953856,0.8966048656718673,0.8903233723500315,-0.2019264347425304,0.983101725578308,0.8447184577630703,0.8671092077012699,-0.3364771643216959,0.988556742668152,0.8542311921737754,0.9306729340888658,-0.3789981561935237,0.9852452278137208,0.8396038323321187,0.9156812872643321,-0.43437660273532647,0.9876558184623718,0.8453296972144768,0.9871736495090635,-0.08752578650249315,0.929638147354126,0.6767899299569088,0.9665903841460868,-0.2794057934011735,0.9272016882896424,0.9234568112382948,1.142185562618256,-0.10230343503973222,0.2257409393787384,0.6247359409312426,1.1780139490490271,-0.26532287070921906,0.2432560175657272,0.8991406557652382,1.1748686516884983,-0.36502593004288414,0.1403465270996093,0.629397511833936,1.305330821175775,-0.41660185120542753,0.1367976367473602,0.9305521531837041,1.2475740070275292,-0.43560568040554004,0.1791376322507858,0.6545096583850861,1.3682375659751616,-0.4514460493126102,0.1786750704050064,0.9157594306003211,1.193090933928735,-0.47408248271791,0.2169768512248993,0.643371478815618,1.3415143841103987,-0.48947127032220467,0.221378818154335,0.9216952651823567,1.2157775445980887,-0.38099364688327747,0.2040967941284179,0.6778590666802301,1.333346879367238,-0.3993638778405151,0.2101689726114273,0.7969226198777112,1.4100155577729432,0.013283061967506313,0.0044913166202604,0.6646968306208266,1.3758865963960503,0.03452896932255179,0.004163259640336,0.823247986407975,1.7002672498701294,-0.09526306017427236,0.0233480241149663,0.638888446981068,1.7116851743502852,-0.163269429722996,0.0097937313839793,0.7737737988268827,2.0316745267356517,0.10110923155361536,0.0057921097613871,0.62656377413545,2.02274156046282,-0.0366977061672937,0.0028565225657075,0.7986187482168415,2.0611079923097684,0.10029897836911837,0.0065849218517541,0.5923395861503545,2.0521188287404013,-0.013883409736739214,0.0045485445298254,0.7611207141392885,2.1321752618644605,-0.13663801020013847,0.0105097414925694,0.6324629132735455,2.0912020915485265,-0.36141660644770945,0.0070022526197135
2025-11-11T0794.443590,75,0.8525948955193697,0.8930188013745447,-0.5087440308047102,0.9898023009300232,0.8908572202542451,0.8820623067871108,-0.43650050106441635,0.986234486103058,0.8546066200589912,0.8927457524894157,-0.45788327908073617,0.9848735332489014,0.867684298200422,0.868151756079507,-0.46997420114279925,0.9848740100860596,0.8595089469104908,0.8874292599011256,-0.501466083332897,0.9885502457618712,0.8513324294518586,0.8910145273106793,-0.5397867691754238,0.9883084893226624,0.825571752318507,0.8475134245581534,-0.5213199208537543,0.9891920685768129,0.8726390025503995,0.8932729963647208,-0.1939841756136104,0.9811975955963136,0.8274364416745029,0.854137995687844,-0.45521394769877443,0.9887331128120422,0.8555288506148545,0.9290640728990107,-0.4501533772819443,0.9853106141090392,0.8120587779544358,0.8902293355284977,-0.5047584986094548,0.9882791638374328,0.8519393436610795,0.9631159716922523,-0.08312416567465039,0.934233009815216,0.6495022547818358,0.9519329014061344,-0.3356532435310681,0.9340078830718994,0.9125309415224964,1.1871507819653528,-0.014358340972819583,0.210668534040451,0.5939725288709642,1.1409667127213587,-0.32488856412743833,0.2481784969568252,0.9016137158331387,1.2998366910894368,-0.3022577025499207,0.1300115436315536,0.6004452325705685,1.3067056661152516,-0.48061637209768354,0.1369823664426803,0.9432637752147661,1.3494939870808695,-0.3289442420200819,0.1667142659425735,0.56548468335223,1.367890904907095,-0.5652867208652057,0.1795875430107116,0.9326019477415306,1.330700340991235,-0.3777765614746588,0.2034305036067962,0.5988106463320177,1.3843159226117543,-0.6457509712805846,0.2255586385726928,0.9016342123562966,1.32967653288242,-0.30706204998103315,0.191709890961647,0.6228640340086556,1.348069159396936,-0.5163447827354676,0.2121449112892151,0.8124487995017163,1.3836054807007798,0.043007646651954036,0.0040966630913317,0.6664421801786482,1.38079663047323,-0.019970707880597627,0.0038027532864362,0.76880440209128,1.732035608634901,-0.07074885751137819,0.0210666265338659,0.6264713490026106,1.681480877693146,-0.23884865295735072,0.0088453320786356,0.7964808674928383,2.0336891692555445,0.1981794782341238,0.0052154515869915,0.6094020245823675,2.0149901699943977,-0.05155387161586327,0.0025722610298544,0.7643427374883287,2.0817081115237084,0.1850254570523217,0.0059291347861289,0.613745009247436,2.057301121108436,-0.06993196172982179,0.0040962160564959,0.7748316969403944,2.119092099656758,-0.11042053702522962,0.0094716995954513,0.6007171973956829,2.0957396204004124,-0.40762482855425153,0.0063112615607678
2025-11-11T0789.708952,76,0.847134263658389,0.8826272804548635,-0.6088719685258829,0.990528166294098,0.8519261434014825,0.8637948020132281,-0.5667680425175243,0.9871532917022704,0.8447454922398282,0.8641542046762207,-0.5692984463769097,0.9860181212425232,0.8727934142524929,0.8610909509836878,-0.559278016141609,0.9858787655830384,0.8605670860202117,0.8449646841236407,-0.6335125334503348,0.9893283247947692,0.8524521871951292,0.8400866440904557,-0.6098650874431873,0.9891879558563232,0.8404059476232234,0.8662418188825464,-0.625352723751677,0.9899117946624756,0.8492917955323499,0.8454353243005951,-0.33158744007480684,0.9826877117156982,0.8144278636949244,0.8381228853659749,-0.5398248302250572,0.9896987080574036,0.8434771558883859,0.90096978224184,-0.5036648342414984,0.9865751266479492,0.8199666626445165,0.886050730675391,-0.5557582596797789,0.9893344044685364,0.8611297646720335,0.9972472878048595,-0.12035647300083385,0.9405683279037476,0.6351401286284045,0.9706734435883566,-0.4156344841961893,0.940525472164154,0.8797077415793,1.1784029665704479,0.023657309071770553,0.2035853862762451,0.558060764651764,1.1335364761113138,-0.353550529127234,0.2764723896980285,0.8793859197288849,1.320029020249673,-0.17055594145750075,0.1217689141631126,0.5660273203040606,1.309640108607824,-0.5342277792550304,0.1393685340881347,0.8952224805132593,1.3684365472266424,-0.20956687507492647,0.1559080183506012,0.5465767350012021,1.3532829946106346,-0.6582040769872523,0.1794129312038421,0.9054627054153151,1.351150127401452,-0.29754932636040243,0.1919513046741485,0.5511576734350668,1.3356154681008972,-0.6778659913449756,0.2282232493162155,0.8826881018056619,1.3507339672017888,-0.22196822695608787,0.1810069680213928,0.5703847094649339,1.3383148681148929,-0.5761050124852428,0.2128496915102005,0.7778112416848852,1.3809304867866925,0.04523199959160566,0.0038559553213417,0.6067151484822291,1.3326615435245934,-0.04030068005611018,0.0035731783136725,0.7611473577549722,1.6592306299520638,-0.02283711790216214,0.0191317908465862,0.5668050234824834,1.6453572301227304,-0.26683852379898004,0.0080462535843253,0.7303601898445305,1.9954693345179322,0.2135663239622616,0.0047062053345143,0.5937662093532309,1.9632847945309098,-0.04704685281175348,0.0023188502527773,0.7224362999217024,2.026149209956745,0.22108402766747487,0.0053502386435866,0.5713509426399438,2.0161647662173303,-0.07870647353163392,0.0036940625868737,0.7074948924925396,2.1008945554310503,-0.09164306645541603,0.0085688261315226,0.6099765990403767,2.062089429262743,-0.4630578321443753,0.0057032699696719
2025-11-11T0756.717837,77,0.8183525322815919,0.8504222801509609,-0.6541539868910183,0.9913834929466248,0.8379470224569715,0.8195965205488615,-0.6045771275904775,0.9882092475891112,0.8546111138486508,0.8204886327016118,-0.5958422424642336,0.9872655272483826,0.8440713123179235,0.8444877013379124,-0.6237982840974886,0.987073540687561,0.8421676039431756,0.7778800056986426,-0.6291813319472632,0.9901851415634156,0.8137716338604115,0.8175919312191225,-0.6420718018253171,0.9901255965232848,0.8074176623641431,0.794054922417112,-0.6834076989843809,0.990697145462036,0.8578016687962062,0.8136691241159786,-0.36864797930683435,0.9842045903205872,0.7763325731640626,0.7914101291698596,-0.5567992013620826,0.9905738830566406,0.8190188992448163,0.8731977291443149,-0.5423445948472989,0.987840175628662,0.8231990905834842,0.8633359484096497,-0.5919501111782853,0.990332007408142,0.8544856883245182,0.9953689344514212,-0.10644225677460512,0.94636070728302,0.6425505051054554,0.925877689733885,-0.3795633109903018,0.9463629722595216,0.878467560162818,1.2021110285555325,0.03963164451825607,0.1971764862537384,0.5642802930077561,1.1039453780265878,-0.3498471067434803,0.2899170219898224,0.9062782698679956,1.3614296910914125,-0.07157011761105883,0.1124526038765907,0.5581671848626105,1.2932383647810388,-0.5988347251683718,0.1315911561250686,0.8656947588253683,1.3503528733197459,-0.1175934607292259,0.143083706498146,0.532043352579513,1.343328794894535,-0.6151622761313955,0.1673221588134765,0.8802589802218982,1.3957887966519906,-0.16410269574222336,0.1769762635231018,0.5605380275654556,1.3686421595731397,-0.6801722155454984,0.2139961421489715,0.863195106088774,1.3735131432869865,-0.10508621794360909,0.1669375151395797,0.5617822250983168,1.3108556147311072,-0.5775755558112605,0.1988179087638855,0.7614557015342546,1.354366752267722,0.012738164319912386,0.0036384116392582,0.5968125560734358,1.3428381596629677,-0.01315899998499435,0.003342444775626,0.7287506917828256,1.6613521817074801,0.015512457876496575,0.017270240932703,0.6037437196580078,1.6606469360675533,-0.01049471471252152,0.0072632050141692,0.7221495522752446,1.9887733710837892,0.439502632596395,0.0042436029762029,0.5703138157825121,1.9545067162744965,0.33580256139533776,0.0020883553661406,0.7018382679274301,2.0404728019461955,0.4370828608504447,0.0048233950510621,0.5618319681104127,1.9672951087559614,0.341363339071915,0.0033291154541075,0.7233472821649053,2.067834689481887,0.09305090371107341,0.0077312672510743,0.6004087826517709,2.039324593226121,-0.09530012802231685,0.0051436172798275
2025-11-11T0761.126287,78,0.7932758004466784,0.7956600595609774,-0.6745937798996375,0.9921894073486328,0.8209637510321929,0.7770346816795234,-0.6023305589942005,0.9892468452453612,0.8202939775091669,0.7698845769466476,-0.6256639771757454,0.9884463548660278,0.809012466164557,0.7631216139990562,-0.639260281368346,0.9882407784461976,0.77346086954279,0.7838728268569831,-0.6627790770019164,0.9910293221473694,0.8199157842625787,0.7613668482647111,-0.6786718357293757,0.9910144209861756,0.8023430255012765,0.7543341175718745,-0.6573446240147135,0.9914730787277222,0.8103592568706041,0.7761192259432059,-0.3368922331670013,0.985656440258026,0.7375974685554422,0.743824064608446,-0.49666794513650947,0.9914007782936096,0.7957968520225054,0.8432684026883229,-0.5632518438547808,0.9889999032020568,0.7461940157651591,0.816939682523008,-0.5928173249816301,0.9912455677986144,0.8035958521825886,0.9576358156859056,-0.14340930866584162,0.9516209363937378,0.6173582796572292,0.9173039886778376,-0.35426775418245154,0.9515759348869324,0.8670428750856132,1.1453967082244656,-0.01144224940032947,0.1902440637350082,0.5500410111425857,1.0516482326462302,-0.3231160067645443,0.2874328792095184,0.8739728748767275,1.328422084017167,-0.17679588842860783,0.1024921238422393,0.5570512399844371,1.3164149118229338,-0.5906665905179644,0.1209075972437858,0.8847477833237004,1.3502006791149452,-0.21123695517022864,0.1301833689212799,0.545806502991577,1.334174890332408,-0.6749003017330601,0.1530569791793823,0.8589052604803238,1.3755555897338672,-0.28790723476898783,0.1616947799921035,0.550459497940015,1.3466994204966167,-0.7282969366519436,0.1964238435029983,0.8422061246505647,1.3412099689203185,-0.2354388363083755,0.1524039804935455,0.5474366719880585,1.308931380688912,-0.6345614364256569,0.1823206096887588,0.7570264314423547,1.3608651738175093,0.0031003151109122284,0.0033593452535569,0.6020442548404418,1.34348794510717,-0.03023801188545542,0.0030818646773695,0.7401110898532401,1.6958475819655727,0.010082906360470545,0.0156264286488294,0.568405579039625,1.6574575190811818,-0.0071968912796071954,0.0065706744790077,0.6918335591396024,1.966291982202428,0.4612889779880829,0.0038311451207846,0.5509914014435128,1.9379263996713343,0.2683964133726733,0.0018825135193765,0.7001367562863372,2.0085446358726013,0.4852923899167714,0.0043501807376742,0.5555810871096719,1.9915242500515393,0.30017041782469384,0.0030031972564756,0.719526509925659,2.0380185566417373,0.12980340935913748,0.0069821160286664,0.5855036012318536,2.056408451655624,-0.12329044636632926,0.0046440907754004
2025-11-11T0765.978985,79,0.7582712519285586,0.7362115791210991,-0.6931042079562848,0.9929156303405762,0.7781209745231388,0.7153924963361576,-0.6482974988607033,0.9901418685913086,0.7783015527388675,0.7183205746508845,-0.6455829662241221,0.9895076751708984,0.7876954387301855,0.7551734105671221,-0.61936157510813,0.9892560243606568,0.7158225406285261,0.7216684077816734,-0.6196072126127499,0.9917582869529724,0.751778574410256,0.7303629343035661,-0.6614899444152829,0.991814374923706,0.70668603668514,0.7133769430898063,-0.6688635698892733,0.9921386241912842,0.8002199891118169,0.7659601649068593,-0.3912378381978328,0.986948549747467,0.7147508078437003,0.7318091425132844,-0.4539262357032155,0.9921332001686096,0.7683459327119515,0.7828903401830503,-0.5884684755079432,0.990026354789734,0.7215670335032671,0.7832167041174878,-0.5920006844605155,0.9920496344566344,0.8590547296328003,0.9646006854863194,-0.13723936202700254,0.9563248753547668,0.6086789767490638,0.9171306164139408,-0.34936400972264176,0.9562704563140868,0.8524498669534969,1.1947347941515951,-0.031410270962311394,0.1889563947916031,0.5145632615945553,1.113274660209408,-0.32673028001448856,0.2900475263595581,0.8543547327521622,1.3006660293190337,-0.24873879192566323,0.0932687669992446,0.5151502935393762,1.2806891157699392,-0.5141731557249616,0.1111909449100494,0.882127794651121,1.352119099567238,-0.2944596980704864,0.1181326135993003,0.5540009310166751,1.367432429106768,-0.5647439401866297,0.1398475766181945,0.8671464095187907,1.372497556876399,-0.3565528433324437,0.1472372859716415,0.518777062433488,1.363081082542933,-0.678221510609926,0.1801404058933258,0.8513368079439144,1.3137014954333575,-0.26631455959739153,0.1387406289577484,0.5291806021280651,1.3482587182014811,-0.5545192343524938,0.1671729832887649,0.762332099899513,1.339617129515238,-0.010663340904178111,0.0030882202554494,0.6095704975194915,1.3135948005240217,-0.0028428679072379746,0.0028446977958083,0.7514403355339215,1.6490800679403688,-0.0007320965412706193,0.014107272028923,0.6117528621144702,1.6597725434864936,-0.06100639307083768,0.0059386547654867,0.7383616626089747,1.9450148613807599,0.3499610687378099,0.0034520581830292,0.5893488957328407,1.948221258747619,0.22010676519763553,0.0016960913781076,0.7222526492907574,2.0126967711538777,0.39804766014829174,0.0039194636046886,0.5691322102972517,2.0160070632459597,0.2358044302162406,0.0027073125820606,0.7373427835845173,2.056162527755344,0.0899586985172555,0.0062947571277618,0.6064651948094034,2.0382606849825575,-0.17976791843384396,0.0041894237510859
2025-11-11T0761.992067,80,0.7113869085243183,0.6931622058621204,-0.6485472332089727,0.9935219287872314,0.7389206152209301,0.7145066804240156,-0.6420492000192806,0.9908157587051392,0.7690140155102214,0.6989017961986964,-0.6337268740911425,0.9903593063354492,0.7820044258800449,0.7214177328773812,-0.6139465310036839,0.99007910490036,0.7317044985375715,0.6838331889281863,-0.6230422036057465,0.9922478199005128,0.7250561152223928,0.699933320642544,-0.6491175171289749,0.9923869967460632,0.6903909840441066,0.6691745902013007,-0.648106578229773,0.992560088634491,0.7740756443221919,0.7571690781729382,-0.3800822768531793,0.9880166053771972,0.704489939151971,0.7247835591262402,-0.42507270887904386,0.9925438165664672,0.7479568552062457,0.8086170336254465,-0.5626709582148696,0.9909343719482422,0.7051666045227173,0.726793601539156,-0.5531398816781301,0.9927172064781188,0.8372151286481121,0.9532315126295567,-0.2583694473019327,0.9604975581169128,0.5711207736577232,0.9253822321510385,-0.30134014710097967,0.9603661298751832,0.8778505791951811,1.1542131607422468,-0.14452441836149646,0.1913419067859649,0.5216144530813206,1.1208478074392614,-0.2612094731558113,0.2876445949077606,0.8831002964297018,1.3416991880334488,-0.30309969507386975,0.0863742083311081,0.5218510819316128,1.2755855253976616,-0.48275944201741283,0.102861687541008,0.9111069044642933,1.3713510133980462,-0.3437395446711756,0.1084426492452621,0.5269701622512089,1.350475512697704,-0.5821593117006202,0.1282264292240142,0.8516043319691601,1.394546329419125,-0.4063228179689874,0.1360908299684524,0.5134204200800534,1.3616205575942617,-0.6320156143138759,0.1658804714679718,0.8659003189550396,1.3471962418899852,-0.32399577105129806,0.128541350364685,0.5230549406442668,1.3299277144206836,-0.5459872740786502,0.1542929261922836,0.783410395657652,1.3432734967266702,-0.019428747393896394,0.0028346020262688,0.6429966034713084,1.2892613020072397,0.01017486445435356,0.0026217508129775,0.7405102244123833,1.6287867156781306,-0.0006970803255365726,0.0127152474597096,0.6091963959646672,1.6452354574705155,0.06988791201821856,0.0053602023981511,0.7555042658384562,1.9502122795995993,0.4389678930423624,0.0031097959727048,0.6048580726856971,1.942668049116489,0.43829249560003664,0.0015274772886186,0.7487182312202938,1.9960873972493942,0.4958691723531013,0.0035305342171341,0.6166932062436977,2.012131617316342,0.49102434943324325,0.0024398192763328,0.7206941406516414,2.0571202205621173,0.13375149753963625,0.0056706555187702,0.5853083656278798,2.0479049247839005,0.06504293273289108,0.0037782215513288
2025-11-11T0784.761751,81,0.737754127661401,0.7151810511168388,-0.6712190647077874,0.993998885154724,0.7526289779125214,0.7084453306798846,-0.6565665965684242,0.991247296333313,0.7243216119232727,0.7074866565381036,-0.6578316600793693,0.9910079836845398,0.7356685273346641,0.694651306425616,-0.6264310510229849,0.9906951189041138,0.7157315136468174,0.6908084126152904,-0.6490673162649726,0.9924697875976562,0.7048452046440468,0.6608321654436932,-0.6477621714142568,0.9927164912223816,0.6748124493891221,0.686392529952058,-0.6514024617974254,0.9926871061325072,0.7460819599644194,0.7384872003927909,-0.4146372558443946,0.9888620972633362,0.6621380948905292,0.7335638016236403,-0.3988864614934151,0.99262273311615,0.7327832122580179,0.7635754301091758,-0.6079048552669498,0.9917157888412476,0.7162377451602175,0.7503843552515435,-0.5966331140452958,0.9932385087013244,0.8467791969659162,0.9050331056889035,-0.2661132242815632,0.9642657041549684,0.5745976385482016,0.8868448728326386,-0.28237828368748913,0.9639485478401184,0.8746726343087146,1.1564913414715265,-0.21714094259654015,0.1936911940574646,0.539050590797126,1.1262804575368452,-0.24508189767187086,0.2887526750564575,0.8705025961793359,1.304489279827286,-0.409666367747313,0.079739362001419,0.5180945221740455,1.2898233558216827,-0.53752961268995,0.0946044772863388,0.8852250924781162,1.360454790303811,-0.4898346772635996,0.0990780368447303,0.5199982769430952,1.3718174652176665,-0.623195304335876,0.1168710589408874,0.8736389401874106,1.375789693204419,-0.5048733835910154,0.1249805986881256,0.5733312785272571,1.3679187979132004,-0.6753604383133246,0.1516175121068954,0.8629408365807958,1.3081419906668683,-0.40432057824273626,0.1184160336852073,0.5503855330099441,1.3341480847825424,-0.5565196386050224,0.1413396745920181,0.7636954262524153,1.320222133026037,-0.04873014529130949,0.002636041957885,0.6267062707501746,1.30624615440183,0.03359774801683771,0.0024507085327059,0.7534956080257931,1.6608034981247801,0.03951698353254507,0.0114631159231066,0.6539644023367659,1.6555185641033126,0.1452012165119843,0.0048432894982397,0.7448442834159569,1.9498973501714598,0.48807756455599777,0.0028013011906296,0.6376308206695576,1.9603558702043062,0.536367093370318,0.0013758789282292,0.7623242747316328,2.0090251826466234,0.5159861372718131,0.0031803199090063,0.6026035352979489,2.000431429377914,0.5688383370683597,0.0022003639023751,0.7358874219045417,2.0552998619795,0.15935890298288885,0.0051073273643851,0.6144148992949089,2.0529357423453423,0.17067517182445285,0.0034091037232428
2025-11-11T0767.308929,82,0.7442279841805072,0.7110206263644985,-0.6996447968574947,0.9944288730621338,0.715616776080785,0.6844193281566675,-0.6696014948619368,0.991635799407959,0.7195926931087243,0.6809249406794996,-0.6655653382483614,0.9915986061096193,0.7697862517529782,0.6989557959186089,-0.691250588241758,0.9912448525428772,0.7136897765267713,0.6767686363799834,-0.6818307570671714,0.9926575422286988,0.6922874144687409,0.7118911125439037,-0.6993689217384216,0.993018627166748,0.698494762864041,0.6784607984124684,-0.6634288297203277,0.99280047416687,0.7535226452176933,0.6937019654624691,-0.4680333878130914,0.9896149039268494,0.6481014350571382,0.7106509675160514,-0.43937903637048126,0.992745280265808,0.744845303466913,0.750935937580787,-0.6441023326389591,0.9924209713935852,0.6979585124680793,0.7430654585648311,-0.6207223539029476,0.9937162399291992,0.8241805005492797,0.9391010905706557,-0.29709749768699273,0.9676716923713684,0.6063357951881615,0.873443991303134,-0.2791615379801142,0.9672309756278992,0.9039001093809781,1.1422870667626175,-0.1923231085568042,0.1990453600883484,0.512122288417901,1.144086417155993,-0.24605697214434408,0.2876730561256408,0.8588867765928341,1.2924571577693102,-0.40035124580706993,0.0736683085560798,0.5454525043824106,1.3076964213805287,-0.48082236955516217,0.087075762450695,0.898735806389491,1.3788584655796794,-0.4624098255667857,0.0907295942306518,0.5110424866590602,1.3403061360805255,-0.5648318804667843,0.1066964119672775,0.8763089066041838,1.3515925282118548,-0.5451913183618647,0.115157201886177,0.5024100378623488,1.340055406700095,-0.6177947134773115,0.1388759762048721,0.861304390162387,1.3540311166438126,-0.4775569286488654,0.1094250008463859,0.5395327400525759,1.331806445231134,-0.5246354977222742,0.1297863721847534,0.794834573890046,1.2936698832314235,-0.040639589898178376,0.0024324564728885,0.6072682779357437,1.3123725779724917,0.031879891902740355,0.0022682868875563,0.7456329908046868,1.6790837462068695,-0.006162389863393503,0.0103310961276292,0.6248050640279771,1.6438488600726995,0.11819237087398944,0.0043711196631193,0.7567194590380911,1.9516254111024467,0.49412005711509144,0.0025233570486307,0.612622620621534,1.9628557854776956,0.5188493047669799,0.0012390679912641,0.7612333520514256,1.9918448429079423,0.5216716729614255,0.0028644483536481,0.5850394116252403,2.011764452524999,0.5633977120061212,0.0019829934462904,0.720421678070201,2.0449104122738824,0.12577633886159864,0.0045999032445251,0.603245808549833,2.056862404491244,0.1382416600322423,0.0030736848711967
2025-11-11T0757.584351,83,0.7028626204979356,0.7205351885231049,-0.7497162973971085,0.9948374032974244,0.7604233965736639,0.6675979679382044,-0.6815424386025715,0.9920338988304138,0.7425480620820423,0.681658265791732,-0.7049757082019891,0.9921445846557616,0.7380521038351262,0.6873665600820358,-0.6834415449043096,0.9917852282524108,0.6977647642741367,0.7043723327908484,-0.6989486438521428,0.9928474426269532,0.6913075599608162,0.6746064161590378,-0.7289187544067591,0.9932618737220764,0.6845044366676585,0.659148672512573,-0.6881463898474903,0.9928957223892212,0.7362522845622453,0.7316362404069893,-0.4501788962226461,0.9903154373168944,0.6797521092809451,0.7059920271283292,-0.4307709754872321,0.9928094148635864,0.7275454157139082,0.7677268702849659,-0.6224430121884086,0.9930694103240968,0.7395271669368615,0.7481749042616341,-0.6385162679017605,0.9941563606262208,0.8344089731986523,0.9144740226827742,-0.293286181307203,0.9707823395729064,0.5691625722391659,0.8695142359384532,-0.2586340080486697,0.9701732993125916,0.8914395526365654,1.1402462444043704,-0.26692041267019845,0.2044132053852081,0.5068978436350929,1.133945912435953,-0.17964896798065727,0.2827011048793793,0.8989388318780255,1.3099563261854013,-0.4645541944798503,0.0679048150777816,0.5036533274111561,1.303991734420279,-0.46649887898319037,0.0798057168722152,0.9133801812928106,1.3382291133824598,-0.5762416412829848,0.082928329706192,0.5316783949554532,1.3532721278222297,-0.5643895321536164,0.0971212014555931,0.8642887737916204,1.3885709998280127,-0.5828145228707664,0.1058699861168861,0.5412087857427376,1.3620928338741969,-0.5898659658809741,0.1267697960138321,0.8773229438204523,1.3389137913519713,-0.5054269975166336,0.1008870005607605,0.5442083996550217,1.3334819005802383,-0.4891902469944133,0.1187387034296989,0.7671801715700215,1.3315800261599273,-0.04485544573814445,0.0022480282932519,0.6130474597669432,1.3379005442146643,0.03411298615831025,0.0020991046912968,0.7549882380769204,1.6284858593881806,0.07125310744772,0.0093093393370509,0.5934614969714345,1.6597501765927825,0.17142289313851033,0.0039429333992302,0.733118616009195,1.9869994218449005,0.5679368358268805,0.0022722475696355,0.5817982537260519,1.9507394220311332,0.6088458787773164,0.0011156346881762,0.7313293510108764,2.0168953890861596,0.6190222120845713,0.0025791469961404,0.5893019050052043,1.9978406300459775,0.6364746472112905,0.0017861268715932,0.7435538797126623,2.0957519618990155,0.24960285530036572,0.0041422233916819,0.6121062939701598,2.0528919766074725,0.26742452495270086,0.0027695980388671
2025-11-11T0741.648795,84,0.7431737308823655,0.7228076478631607,-0.8783579128724467,0.9952445030212402,0.7411363168028139,0.7037844669796376,-0.8164326003079282,0.9925174713134766,0.7450104489917097,0.713499143576261,-0.8682389455390769,0.9927325248718262,0.7506118399143121,0.7156728247664395,-0.8295880339376492,0.992360293865204,0.7153479477960416,0.6757372433072261,-0.8409000266172354,0.9932176470756532,0.679968172979105,0.6922250685299555,-0.8485691160364989,0.9936766624450684,0.6860603314496396,0.6782890542879437,-0.8558476654841233,0.9932382106781006,0.7404582620044191,0.7146330363069331,-0.5262311101158204,0.9910686612129213,0.6538842212243493,0.7332192223148897,-0.5671038689827169,0.9932325482368468,0.7351925341510954,0.7881937099861174,-0.7771872497335807,0.9936784505844116,0.6989276639099906,0.749485542822589,-0.7561446118093667,0.9946216940879822,0.8589942977911608,0.9316783737073171,-0.342903728441108,0.973602533340454,0.5558366313028233,0.8744369300378326,-0.37460252861102616,0.9729194045066832,0.8868640697334801,1.1763411357384332,-0.280504338423018,0.2204998433589935,0.551303807270975,1.1449081408396733,-0.2448723694102234,0.2950912117958069,0.8840443682969702,1.2978965206171,-0.5261249261055371,0.0633134767413139,0.5258752658952209,1.2889686671678537,-0.5056673603787811,0.0742033943533897,0.9123859093718342,1.3957167824778203,-0.6053801414978923,0.0763454660773277,0.4995480381653801,1.3727588064024576,-0.6042909644606088,0.0891176089644432,0.8653451607438088,1.3315151924760826,-0.6761325182312174,0.098172403872013,0.5378022678778889,1.3570491056337464,-0.67576643825059,0.1168073266744613,0.8511099779998792,1.328809980625743,-0.5615601245720571,0.0938513204455375,0.581549654519771,1.3354101975981647,-0.5385387651768101,0.1098010763525962,0.7582569959023352,1.2975587870965446,-0.04798189399037067,0.002110632834956,0.5813473233811732,1.3306694100220864,0.057719087214311106,0.0019835801795125,0.7561267910989855,1.6520854131111222,0.019676166143613706,0.0084053967148065,0.6478455894999193,1.6379459566534784,0.1678122669175658,0.0035680609289556,0.7516420891664222,1.9491507512493806,0.49028057382272056,0.0020479168742895,0.6046667404427182,1.9820309891157517,0.47316243181134976,0.0010054485173895,0.7914753151413612,2.014248512279157,0.5231966082617374,0.0023240600712597,0.582724685296914,2.0445371924350195,0.49154637977129945,0.0016112317098304,0.7075699843154991,2.060666364139466,0.13930665453583768,0.0037323345895856,0.6242435667978207,2.0714916727018675,0.09035475914285596,0.0024999922607094
2025-11-11T0778.922537,85,0.7492014948063106,0.7332683433439167,-0.9900294274031499,0.9956158995628356,0.7406926296646935,0.7016754888161458,-0.9777994051787275,0.992970049381256,0.7429455842906448,0.6972571033346125,-0.9697226254832391,0.9932631850242616,0.7544644818537588,0.7191125979232689,-0.9709694891361615,0.9928995370864868,0.6850534423684558,0.6766304985280419,-0.9889335111722058,0.9935687780380248,0.6857279462130038,0.7082639886730923,-1.0036380290927962,0.994048237800598,0.7019768712226747,0.6770880692459659,-0.9595581693840383,0.9935713410377502,0.755603014074683,0.7072127739042573,-0.7057380461755882,0.9917600154876708,0.6781474408506059,0.7235112705355295,-0.700204272932417,0.9935945868492126,0.7388125986780761,0.7621193268569759,-0.8838660504476656,0.9942175149917604,0.7305216976977498,0.7616953439252772,-0.8622965973512655,0.9950183629989624,0.8594758924160136,0.9063166025029238,-0.47964657421326107,0.9761127233505248,0.6188073930035978,0.8752788157845759,-0.47214546816509273,0.9753100275993348,0.9162065492165946,1.1223693206803236,-0.39400169421824044,0.2386104017496109,0.5362923688812964,1.1512211285989122,-0.34306787017784146,0.3080136775970459,0.9116755942040371,1.3088890069279433,-0.6117652194326484,0.0591399036347866,0.5088981493351629,1.3052927066578026,-0.5304661471031439,0.0696354284882545,0.9088479663725247,1.3808775303070617,-0.6813421615347998,0.0703161060810089,0.5394531207003331,1.35884312471501,-0.6518069597084334,0.0821908265352249,0.8818504347380294,1.3888028302751931,-0.7579919667288346,0.0911122933030128,0.5280412601562968,1.3698547091698803,-0.7058720538796557,0.1083266511559486,0.8667638319803751,1.351722894823235,-0.6451764516449211,0.0874425321817398,0.5659601227083839,1.3318144615513392,-0.5764332999365485,0.1022680252790451,0.7758514898484976,1.3259066885717457,-0.04628728509560156,0.0019501026254147,0.6275940780532802,1.3215540340106335,0.03496378749040119,0.0018439110135659,0.7616413817927155,1.6743020006929519,0.01490391716622853,0.0075855539180338,0.6229911143958422,1.661159436999443,0.15014099228315522,0.0032268278300762,0.7400913423254558,1.9629345374366087,0.5221730448432149,0.0018445635214447,0.6150255072232426,1.9809134860473536,0.44999933603715664,0.0009056546259671,0.7437541072702792,2.0348779939991397,0.5461986859510237,0.0020928564481437,0.6058462878288527,2.009033369270935,0.4450172290130724,0.0014518653042614,0.7366899707469442,2.0628194123448895,0.1633107601404936,0.0033617042936384,0.6268374226045679,2.0611752509491565,0.09197574910758934,0.0022547841072082
2025-11-11T0717.489815,86,0.70933193659326,0.7474201327320509,-1.2198444975281475,0.995849907398224,0.7070476963886885,0.6853987894818754,-1.193795943910999,0.9930605292320251,0.7495658802545838,0.6714303061540101,-1.179759350435758,0.993455171585083,0.7671714405947984,0.6818814991263566,-1.1891059824225272,0.9931252598762512,0.6869052275908006,0.69185212094873,-1.1552106738579133,0.9935500025749208,0.7044009680611334,0.694284304492144,-1.1628586447140083,0.9940272569656372,0.6789226238467948,0.696771701112796,-1.1552519357201891,0.993500590324402,0.7751960161881085,0.7152389907164699,-0.8792200741025196,0.9921024441719056,0.65895591905184,0.7097428521390003,-0.862830873982551,0.9934548735618592,0.7212756477933071,0.7609809264796603,-1.1063590670315533,0.9946351051330566,0.7044394293864826,0.7549127390907515,-1.0779313356562243,0.9952313303947448,0.806076509087871,0.9132339904013896,-0.652845574806336,0.978255569934845,0.5871527525626223,0.8860297708401301,-0.5911452916684424,0.9770811200141908,0.8946400562654337,1.118879913654152,-0.5466085879593889,0.259576141834259,0.5264936279873863,1.1320438766848622,-0.46035014148916764,0.326780617237091,0.9134951758345148,1.3052615178849447,-0.770743865978609,0.0576891154050827,0.5381892179654939,1.314313986424558,-0.702745527798793,0.0695771649479866,0.9431576413595232,1.407704499933921,-0.8474573196248573,0.0663421601057052,0.5188679190744416,1.3894725545428768,-0.7103002772708192,0.0781213566660881,0.8913693872483551,1.386830756847015,-0.9568753253855403,0.0868972912430763,0.562637794435352,1.3727616582409008,-0.8608771444961016,0.1038326025009155,0.8923753255988288,1.3382412122694025,-0.8002590969840647,0.0845326408743858,0.5640141394150556,1.3428159293627446,-0.7472072802651176,0.0992375239729881,0.7986505844304285,1.3060095516681427,-0.06024343086124414,0.0018205284141004,0.6326105397547331,1.3368162242078423,0.06152125462523276,0.0017342182109132,0.7513548901586231,1.6685241361863803,0.017306511574797855,0.0068398783914744,0.6063903971679787,1.6631492530396859,0.1467514848794166,0.0029167265165597,0.7697670302430768,2.0016246246807463,0.6165185918047372,0.0016608528094366,0.6142245987093962,1.9990607523623787,0.6562959608256388,0.00081550196046,0.7844775279551969,2.0412848919269804,0.6328301322310332,0.001884153462015,0.5944831372775273,2.0483424044722636,0.6754389188659954,0.0013077403418719,0.7435303287237455,2.0951823855493252,0.2224449748486409,0.0030264204833656,0.6436405428186014,2.0759912534465066,0.24951733757325376,0.0020327090751379
2025-11-11T0717.363635,87,0.7227172017997695,0.7741197314536927,-1.0170236626017686,0.996141791343689,0.7079826329787828,0.6850318204820702,-0.9991389546492363,0.9934423565864564,0.7239511525003535,0.6895631945700379,-0.9651418677563656,0.9938715100288392,0.7020030753756836,0.6895458641980792,-1.0331440316961786,0.993582010269165,0.691167860471953,0.6959042999890758,-0.9826333052641727,0.993764340877533,0.6534891925688193,0.6912987142559124,-0.9554667252083621,0.9942014217376708,0.6846091484385526,0.713603380225532,-0.9619567251449511,0.9936313629150392,0.7325597039959554,0.7021094504994719,-0.7912919874725679,0.9927005171775818,0.6850611365710181,0.7137467070560504,-0.7317862914398497,0.9935385584831238,0.7173740239133596,0.7523605269339316,-0.9253842551943398,0.9950895309448242,0.6868901076817735,0.7414195178324822,-0.8894927869403763,0.9954971075057985,0.8556885112473198,0.9340279941616312,-0.5977834608197952,0.9803041815757751,0.5755547252339958,0.8755957232244534,-0.46044442455674917,0.9787559509277344,0.9156060073842269,1.1163924684673225,-0.5491532717112659,0.2795793116092682,0.5114058933923831,1.0957323068485083,-0.3933480183142704,0.3299765288829803,0.907339169769935,1.349667193941711,-0.7747995268461445,0.0563433319330215,0.5356972328189604,1.3257338618749295,-0.6398442114110505,0.0676755681633949,0.9436705026452912,1.3982257475402553,-0.8804150249216843,0.0628252178430557,0.5276507298340108,1.3689013648174837,-0.7094207446102001,0.0735589489340782,0.929835844469343,1.3775650218448727,-0.9339056205438689,0.0835413485765457,0.5505150131462772,1.3934705123722786,-0.786890465194476,0.098667673766613,0.9339760633075417,1.3988361058226355,-0.7993290350873224,0.0818780064582824,0.5535587329492025,1.3572070461469181,-0.6541386559726262,0.0951012149453163,0.8176458396179374,1.3154417475880527,-0.11068718900976535,0.0017109104664996,0.6443914291062827,1.3137695218538281,0.08138354127673045,0.0016438440652564,0.794736220089739,1.6879621811201775,0.017223789476874172,0.0061732549220323,0.6635114825747643,1.683471470748998,0.29436683491340937,0.0026384098455309,0.7935698650461221,1.9992953855664641,0.5797896777167258,0.0014962322311475,0.6281660872975295,2.0076855427670472,0.8264277940490148,0.0007346260827034,0.8041682643117598,2.064064037396424,0.6069380376944623,0.0016967931296676,0.6192104282020692,2.0807583754932506,0.8525220559705834,0.0011790851131081,0.7343743433370215,2.08708616548664,0.16611615931229978,0.0027254936285316,0.6622070989683064,2.09736339198667,0.39873658587854477,0.0018339721718803
2025-11-11T0711.559508,88,0.7115009505947225,0.7602719249275116,-0.9308293967197904,0.9952605366706848,0.7180936524966215,0.7112100641348595,-0.9581606221470406,0.9925129413604736,0.6933800896626007,0.7002151647814829,-0.9546094848615257,0.9927699565887452,0.7089362713147849,0.6614302743827842,-0.9476731458553298,0.9928036332130432,0.7036728418824619,0.6999739054723838,-0.9334696067264961,0.9925242066383362,0.6847210925013193,0.7159885200038398,-0.9408500107078095,0.9928085803985596,0.6753706764765501,0.7266708246191786,-0.9347786877248587,0.9925825595855712,0.7362165616935719,0.7213114970938972,-0.8085281033311309,0.9923593401908876,0.6786843134836752,0.7405444775284618,-0.6729498220426798,0.9929373860359192,0.7343437111649911,0.8087898132204822,-0.8855904193540869,0.9949429631233216,0.6982896348875683,0.7557455725653842,-0.8514438371591242,0.9948272109031676,0.869090397690476,0.8978220917101406,-0.625701502463245,0.980924665927887,0.6042158484259635,0.8989291876078613,-0.43243652971213636,0.9785329103469848,0.951808435127739,1.1450408951944122,-0.62497724006183,0.2871131598949432,0.5618486875166263,1.1428123433060617,-0.2754283077759308,0.3161550760269165,0.9758999881370588,1.2984685556947921,-0.7451188160094279,0.0568365454673767,0.5518135224753463,1.3071868730445084,-0.47649025360031083,0.0653587728738784,0.9804300671417256,1.3331678446587456,-0.8231298844751096,0.0634079575538635,0.564616077080067,1.3229721616571883,-0.5274771849984953,0.0711667612195015,0.9668299199598474,1.3310167084022977,-0.8879684019550567,0.0849168226122856,0.5453698585421662,1.3191055336133823,-0.569052579229201,0.0960938408970832,0.9547266331276208,1.3212990994833127,-0.8035869367765626,0.0834307596087455,0.5532331309600124,1.2874155174454462,-0.4698662384491269,0.0937602818012237,0.8462738366684687,1.329720519827923,-0.07373814788906331,0.001598976436071,0.65351242954997,1.3578420637414272,0.10342765675095718,0.0015598381869494,0.8368354257015881,1.6932453602470727,-0.048862187201481826,0.0055996333248913,0.6672146275378337,1.6894452200470367,0.1305289799432903,0.0024229355622082,0.8024283011296007,2.0312453557006735,0.426336621142928,0.0013509715208783,0.6710535277933192,2.025137508760595,0.5334860073538058,0.0006648980197496,0.8086652378755007,2.045007960312671,0.4630627259156785,0.0015287139685824,0.6871824416248905,2.0895771082320724,0.5739608504513428,0.0010684401495382,0.8040916085733013,2.082754910556209,0.03945808207124561,0.0024584035854786,0.674317251738968,2.108324563290528,0.1468343393758199,0.0016769362846389
2025-11-11T0766.414439,89,0.7217825130960028,0.7607323926445296,-0.8735287739351273,0.9947388172149658,0.7214693191984886,0.7420328184561887,-0.9397125362877757,0.9922258853912354,0.7326113178669769,0.7326071406022002,-0.9471579303785163,0.9924588799476624,0.7145426836898012,0.7136264043924831,-0.9506763584517889,0.992539405822754,0.689969684013909,0.7553542573180931,-0.8847016716607056,0.9920638203620912,0.7242746836274697,0.7352061572200986,-0.8423879258463384,0.992216169834137,0.6826010160866941,0.7555727926075386,-0.8792508896328416,0.992121696472168,0.7454140413543757,0.7577649184241311,-0.6892727484279074,0.992251753807068,0.7002701794510281,0.7512405103572866,-0.6516783792961848,0.992501139640808,0.71313372773752,0.7988630650071512,-0.862222949527736,0.9937684535980223,0.718849172347835,0.7913977944355882,-0.7961685242852998,0.9931638836860656,0.8562171007254765,0.8911702095261488,-0.538484882847734,0.973363757133484,0.6395314172180186,0.9328222694867273,-0.4055444255118677,0.9652309417724608,0.9460032389161199,1.0940333734190244,-0.6756001451204535,0.267626017332077,0.6170752686391974,1.1213868265716624,-0.2743927828218525,0.2896420359611511,0.9060194528355424,1.0975485948699633,-1.00509243754084,0.0554315373301506,0.6402503826165884,1.0843440160793696,-0.31080999511592367,0.0602483116090297,0.9188394013617318,1.1089849611876068,-1.091206949520642,0.0646372064948082,0.6605762269204516,1.0954159487303428,-0.3259603481912689,0.067046508193016,0.9393351932854811,1.0837603811675547,-1.0851511958934024,0.0861949771642685,0.6597441185092427,1.0741769660518425,-0.35633261961523816,0.0906231552362442,0.9383363818907162,1.110332163193968,-1.0188892456952645,0.0829261615872383,0.6709647646499528,1.0532566787222741,-0.34919704992109013,0.088449589908123,0.803627884379595,1.3583858862054266,-0.04528168385146752,0.0016502076759934,0.7363857024344649,1.3243172910439738,0.08527821615006649,0.0016400767490267,0.8156540071324672,1.5856184287402277,-0.08789620455752903,0.0061673405580222,0.7167304969669736,1.6005471850984194,0.09207912561195737,0.0031463666819036,0.8082403626461269,1.918609126494261,0.22920848067260985,0.0013447460951283,0.7075484510774801,1.938187095955154,0.2532289373011164,0.0006980231846682,0.8177759931575069,1.9845759555974123,0.25366987740104585,0.0014644190669059,0.7214728503901077,1.9846091271499426,0.3037577282297444,0.0011020816164091,0.7991012958557329,2.0063868507548084,-0.025855163440978497,0.0024712956510484,0.7214071889968543,2.026455336975406,-0.010266810348629543,0.0017812002915889
2025-11-11T0764.638995,90,0.768128913409149,0.8030421969855934,-0.8854767610568564,0.9948906898498536,0.7419263741840858,0.8009024059760804,-0.9029138509079412,0.9926157593727112,0.75532839978676,0.7869185357579929,-0.8881429113039898,0.9929494261741638,0.7677503519976121,0.7887923924281931,-0.9054808356101872,0.9929805994033812,0.7382046839165544,0.8138944295511469,-0.8485550644624669,0.9923248887062072,0.7399122738207565,0.8194237667887256,-0.8831306510992794,0.9924849271774292,0.7387456910633903,0.8415184734954969,-0.8295632036152708,0.9922859072685242,0.7755168518236184,0.801680039410198,-0.6842917708135622,0.9927886724472046,0.7291664693844355,0.7826934569611831,-0.6174772301031796,0.9929134845733644,0.7578536759814793,0.8179458342118123,-0.835966881891856,0.9933359026908876,0.7663370261799123,0.8487624750237999,-0.7783676248017396,0.99248468875885,0.8910983657798891,0.949118208260658,-0.5076237493223085,0.9684237837791444,0.7132828157102936,0.9388314399850538,-0.42786762838952896,0.9580658674240112,0.9209550890752576,1.0414466439039936,-0.6322412553773762,0.2532275021076202,0.6455327617818281,1.1025944407874122,-0.25083711546107934,0.2671036124229431,0.9036421226736938,1.023536776744148,-0.8972927788641722,0.0582498908042907,0.7495866416867942,1.006252437925405,-0.15090484298764786,0.0573752038180828,0.897965289366477,1.0036928496454385,-0.9891008426301753,0.0731621980667114,0.7653980532562766,1.0197900005801244,-0.17315673435774712,0.0667181387543678,0.9323994875451941,0.991456447409911,-1.025101299363162,0.0958039909601211,0.7484973682977313,0.9765728618215187,-0.20629197953807246,0.0895576998591423,0.9146022709292422,1.0055330343306879,-0.9387271520628226,0.0908098295331001,0.7277356103210553,0.9826276270624329,-0.1726028827890989,0.0869494825601577,0.8201320278458758,1.3320444546165235,-0.03408471693125386,0.0018001974094659,0.7274645486768309,1.351211095783716,0.06829951935818465,0.0017252520192414,0.7886979690010255,1.321341138376534,-0.19412335614598725,0.0070413863286376,0.7632433924778712,1.3604331260050413,0.041510980708680284,0.0042641316540539,0.8507228223665955,1.5757855109656913,0.10272807882927666,0.001554568298161,0.7285075716595963,1.5631966067362526,0.2200431139000847,0.0007553863688372,0.8073809432419176,1.6346304721423182,0.1065256860651173,0.0017835816834121,0.725761719935354,1.6114655728338791,0.23471328762611807,0.0011386325350031,0.7805660238345276,1.583619089242902,-0.08884885213983273,0.0032089792657643,0.7714204672101443,1.5878970529022707,0.00910059228823937,0.0019767212215811
2025-11-11T0797.559404,91,0.7500594008117539,0.8333167114766219,-0.8836998678633848,0.9948914051055908,0.7755472187536976,0.8311722606314991,-0.9186073772524354,0.9928225874900818,0.8101678967368664,0.8387838381110799,-0.9005548209470386,0.9932618737220764,0.8109436427726265,0.824430628287845,-0.9024827986894783,0.9932128190994264,0.7782042762111426,0.8402617099750319,-0.8580477983013773,0.9923973679542542,0.8034314709449645,0.815406209419871,-0.8879333152000607,0.9925134778022766,0.7740466569498652,0.830887262969,-0.9026261995129871,0.99224454164505,0.8231199942012307,0.8269422597065726,-0.7217982065904122,0.9930469393730164,0.8032859193417232,0.8360252931401482,-0.6436367584101363,0.9931753277778624,0.8192532272617021,0.8902285528524022,-0.8087716531696459,0.991788387298584,0.7720494487691616,0.8658683485151412,-0.7953181567498182,0.9908705353736876,0.911589165870421,0.9751889195589448,-0.5339017200740354,0.950619637966156,0.7205691027193372,0.9872832559452879,-0.4505752822053774,0.9471179842948914,0.9010469498623912,1.0904542848068028,-0.5881873219115654,0.2432921379804611,0.6767924922557673,1.067727594313264,-0.16906459929498252,0.2484708875417709,0.9150354994195635,0.9994773589448886,-0.7631401418413012,0.0647439286112785,0.769587080163216,1.0165975043487023,-0.007079608311246825,0.0566680096089839,0.9572637649917934,0.9803916615034655,-0.9650631747936551,0.0848747640848159,0.8201372502005031,1.0105495401157707,0.0021101582068493094,0.0684728696942329,0.9434894524048714,0.9773638391253298,-0.873262963926869,0.1088154315948486,0.7925644167275407,0.9687482880612948,0.03162425575699588,0.090932197868824,0.9196214339403868,0.9907123349131748,-0.8331063073430659,0.10175571590662,0.7955389684327445,0.9566060226392539,0.027194231153093804,0.0876754969358444,0.8448745467234523,1.3601197307202508,-0.029528259656917206,0.0017715421272441,0.7615787171848227,1.3854902699179155,0.036002691583628885,0.00170108594466,0.8197338229945588,1.2820953712999559,-0.21357646062878993,0.0086229126900434,0.7397976841155558,1.313517774005076,-0.04027787005285484,0.0052772909402847,0.7887960297254799,1.4776435979811613,0.07117727699623921,0.0018681531073525,0.7630924836712121,1.45686166985724,0.2397908485357243,0.0008088787435553,0.8168700791273441,1.5263823466892852,0.11765253839430696,0.0021070055663585,0.7729485761738456,1.4861626444742055,0.24071450949825607,0.0011351332068443,0.8100724265509103,1.4918178202775294,-0.07745703488014105,0.0041866772808134,0.7752559155120146,1.4489496032369493,0.010377308523347605,0.0021892916411161
2025-11-11T0789.807526,92,0.8316964023558979,0.893174618244269,-0.898272684550129,0.9883559346199036,0.8291848011412547,0.8458195770023686,-0.8780283944074635,0.9853695034980774,0.8542811435155794,0.8733796145458121,-0.8846482082641414,0.9861727952957152,0.833727061110415,0.8845507109246045,-0.8834229163633535,0.9860292077064514,0.795101240952256,0.8338682748534311,-0.8835410085442967,0.9861971735954284,0.8251649021354154,0.825148153346421,-0.9004515603020293,0.9872162342071532,0.8118598905901535,0.8434305438054222,-0.8795233413269441,0.9878467917442322,0.846351013915807,0.8688334954202671,-0.6255531241527594,0.9871030449867249,0.7896132160523361,0.8347731162954145,-0.6454579798563589,0.9903680086135864,0.8198733320129467,0.8799832011448376,-0.791683681803319,0.9865286350250244,0.8067892423833833,0.8581394758150379,-0.7819716344937155,0.9880715012550354,0.9110984377073056,0.9821921455384551,-0.4174079174160734,0.9456408619880676,0.7197887907161779,0.942667154669481,-0.4119579739766487,0.9490283131599426,0.95924611288755,1.1167438449887859,-0.5582564152196222,0.2385559678077697,0.6538242124421354,1.130585761174264,-0.5121313706794773,0.2559594213962555,0.9287821246166328,1.0471070402573135,-0.9301419110682142,0.0606051981449127,0.7172553213114643,1.2148560908269486,-0.8200307444923771,0.0537887439131736,0.9011931104980837,0.9605551748582213,-0.9981118621790027,0.079463817179203,0.7126261724060116,1.2629406019167324,-0.9273959681752753,0.0651366114616394,0.9206740048629537,1.0731284960469039,-1.0075751011833995,0.1018766015768051,0.6923528811214569,1.2249916221531936,-0.9387262908629028,0.0865856707096099,0.896702354386313,1.0638505018979532,-0.9353150595148803,0.09483253210783,0.7214411200953764,1.2387701085295022,-0.8732700633313892,0.0829192474484443,0.8507405475324127,1.3676663443124386,-0.03932173659581681,0.0020989975892007,0.7088270654879018,1.3727950248517744,0.044277729337302806,0.0021878224797546,0.8329959233152814,1.6218465126108341,-0.2940017004858534,0.0101888915523886,0.7274827253020208,1.598393683155064,-0.2747916125605037,0.0061655072495341,0.817689874805784,1.9124906622039621,-0.10359266195251463,0.0018507541390135,0.7697915741133621,1.9021855898773987,-0.19905298431613186,0.0009025264298543,0.8331870847152697,1.956407114837454,-0.12129122404182768,0.0020056229550391,0.7611110111426063,1.9185406572384998,-0.18197409240550352,0.001198524958454,0.8327691059659058,2.0043008025443982,-0.44218717552470826,0.0040369308553636,0.7622832972861874,2.0177922590460846,-0.5420543983318359,0.0024656073655933
2025-11-11T0778.242521,93,0.850490435802217,0.9128392271445736,-0.9379206947285732,0.9882881045341492,0.8694740513095025,0.8844167692949619,-0.9114015508930008,0.984773576259613,0.8681029419512802,0.8836504138044194,-0.9029197870266249,0.985550582408905,0.8499880650609143,0.8883197843903625,-0.9029656343474937,0.9851382970809937,0.8185565491908436,0.8872434697724028,-0.8997558045512813,0.9860602617263794,0.8068921485696642,0.8600174135876907,-0.9512525637012018,0.987192928791046,0.8161965747411847,0.8762279013971417,-0.9253750099369211,0.9878032207489014,0.8869733681864157,0.8821957921003634,-0.6485869992359223,0.986215889453888,0.830624839270546,0.8375787671200796,-0.7501385807588323,0.9907132387161256,0.8419602185783368,0.9060556304937587,-0.8304107243777642,0.9868091940879822,0.8564769238873892,0.9090198921880219,-0.8417766261652257,0.98872309923172,0.9414709795903432,0.9864775240037293,-0.34370347112882155,0.949970543384552,0.7017752325537161,0.9722834851190231,-0.5422914931706002,0.9536536931991576,0.9743549199349271,1.1875795640641753,-0.25579808952219923,0.2269693911075592,0.650332300603397,1.0864881126021684,-0.5481403898989992,0.2685056328773498,0.9407603812144719,1.278175515203909,-0.5342365756677449,0.0564036145806312,0.6709378898516523,1.2981787792072155,-0.7348126311984565,0.0537134036421775,0.9354600236866544,1.2839578417575586,-0.591107282176361,0.0741058886051178,0.7015292681806296,1.3048738133319902,-0.8019698263550343,0.0647072568535804,0.9269195064365938,1.3103450089489135,-0.6451534553263185,0.095678299665451,0.6875723635013659,1.3137400169690436,-0.8459371447832527,0.0871298909187316,0.8987373906359649,1.2622856328906713,-0.5576638842368139,0.0888268873095512,0.7014363777065787,1.3273041584425014,-0.7779597061259323,0.0822918564081192,0.8432065437303189,1.3301477877975914,-0.02227220172121243,0.0020135899540036,0.7030379081617866,1.3390029525384695,-0.016625074246217824,0.0021007913164794,0.8379079703290521,1.6752249571366948,-0.29308024096687685,0.00953518319875,0.7599650447878065,1.6191787399195225,-0.24000924370333565,0.0056805391795933,0.8065080151644644,1.9710508782299485,0.08312124509618832,0.0016833918634802,0.684720963124703,1.9660871704342169,-0.07169928323416867,0.0008181076264008,0.768203793099391,2.0071739715061754,0.1115569298010173,0.0018244119128212,0.682270838584909,1.9968981680364843,-0.07953497072928087,0.0010918858461081,0.7575865589313135,2.082778089764366,-0.20266672629584148,0.0036586828064173,0.719318753966689,2.039244430355106,-0.46351137802653286,0.0022419595625251
2025-11-11T0752.220823,94,0.8503409379578957,0.9015763759316173,-0.9484404496334247,0.9889821410179138,0.8796974982792776,0.8946550031482176,-0.9204310256935285,0.985236406326294,0.8840245110236108,0.8901623734857833,-0.8877221089360614,0.98607075214386,0.9004119533205098,0.8580998387307903,-0.9160748310806728,0.9853070378303528,0.8656076252575782,0.8667412564815768,-0.9535556701971719,0.986711084842682,0.8526347784962005,0.8860104288735772,-0.9225855441283746,0.9879292249679564,0.8347247986391607,0.8768860466032818,-0.9444765461698632,0.9883950352668762,0.8882315386692623,0.8916698716194758,-0.6289707263911202,0.9862841963768004,0.8274733906651097,0.8605675376096025,-0.7551598561201341,0.9913493990898132,0.8660464838963275,0.9201699246819879,-0.8197500602614031,0.9875310063362122,0.864442504466415,0.913086644764474,-0.8694203510251751,0.9895862936973572,0.9256736204085363,0.990379601076061,-0.36599076350964255,0.9542146921157836,0.697292506500751,0.9619248208357702,-0.5485830073854681,0.9579930901527404,0.9413822841914824,1.1961813377322192,-0.2648634821383634,0.219143196940422,0.6407316933335877,1.1196307944704664,-0.5020352501399603,0.2801229357719421,0.9206450660282863,1.2786335631354884,-0.516440839088788,0.0538343898952007,0.6677530961173739,1.2965385046759046,-0.7347349545847217,0.0577371567487716,0.9396551457240088,1.3690420981967713,-0.6193127276612408,0.0708772391080856,0.6723049745246684,1.3474057280187255,-0.7995978765127572,0.0689385831356048,0.9265560289798568,1.3433947496501986,-0.6775750300340427,0.0924166291952133,0.6760554646175048,1.343833800515312,-0.8809450987396134,0.0941709801554679,0.8983660939476761,1.3239429500411457,-0.5436648941346193,0.0855607017874717,0.6722783959336054,1.32165643001536,-0.7301426980383179,0.0878727957606315,0.847203024965571,1.3548625648484052,0.015101929497193672,0.0018531467067077,0.7016165382775668,1.3783228628082005,-0.014689600457432813,0.0019362712046131,0.8519106576848653,1.6743213793995477,-0.10390304474193555,0.0086901495233178,0.7381754537739771,1.658337600834863,-0.15121097389200477,0.0051525975577533,0.810741775167988,2.0121480456217644,0.23471282082853878,0.0015257111517712,0.6776432033266978,1.971023672550016,0.08200698160714466,0.0007386181969195,0.8000121501021209,2.041762215388017,0.27779020040650604,0.0016512956935912,0.6626229906506422,2.051048387698438,0.06859705096825419,0.0009889242937788,0.7568603732758303,2.085689848380088,-0.11125637915543976,0.0033070784993469,0.7042465754697171,2.090554800371184,-0.3225811941988478,0.0020286287181079
2025-11-11T0721.851981,95,0.8710196098680019,0.9053868115607894,-0.8051103261287187,0.988313376903534,0.9101706179357132,0.9090326686201059,-0.7852513568269237,0.9844610691070556,0.8857959155563238,0.8747539485057927,-0.8083543214429973,0.9849845170974731,0.9050578948141215,0.8921964605072337,-0.794520226384769,0.9838038682937622,0.8682648760654907,0.8890226647150401,-0.8464783791636281,0.986598551273346,0.8637250784848168,0.8672623554870684,-0.8438524933682546,0.9878820776939392,0.8544800126568155,0.8852153156448855,-0.8612589911046303,0.9884183406829834,0.8676142329205732,0.8745762740578186,-0.56673477702209,0.9848546385765076,0.8487970009657613,0.8522890862470995,-0.7427198942531825,0.991471529006958,0.9112584711718998,0.9413396899753239,-0.7207276872036165,0.9865052700042723,0.8442078809225259,0.9329098698776245,-0.7628123263668934,0.9896823763847352,0.9270668403079398,0.9884573971200462,-0.31515497153230704,0.951824963092804,0.7048347629046049,0.9409899762871009,-0.48581220485090026,0.9594100713729858,0.9321767993068035,1.1628018169209122,-0.22963386206584893,0.202191948890686,0.6681979463286957,1.0920281825530775,-0.5214769815891172,0.2688206732273102,0.9770684494253633,1.278257268206954,-0.4268263025497945,0.0500299558043479,0.6606051977828188,1.2856428381695595,-0.7594895456301464,0.0550855062901973,0.9441918755267479,1.2769235477607248,-0.49277686622847616,0.0660941302776336,0.6963780005060217,1.337664239077836,-0.7982577498303947,0.0659678503870964,0.9405436600745976,1.2627827211490523,-0.49689002040840996,0.0862858667969703,0.6970211738045533,1.3301577113448213,-0.8498607559377265,0.0904596969485282,0.9281729456038181,1.2482264518573247,-0.45768074724195584,0.0798531621694564,0.6939088333018743,1.3025263183765592,-0.7588348520248671,0.0841568484902381,0.8401202805923367,1.3662851862630596,0.026093035241074966,0.0017754165455698,0.7103113540827127,1.3740276031950878,0.0005315786737443108,0.0018646949902176,0.8262254335703108,1.6736040295151162,-0.03385750731432198,0.0089096734300255,0.6936299028946841,1.6705715349398687,-0.10191355044919433,0.0049982345663011,0.7712995066267625,1.9846953395403981,0.28446504704115066,0.0014251724351197,0.6597191811528276,1.9933398503823214,0.12050531222200482,0.000689375156071,0.781981642153211,2.0639265097155746,0.2856637980950137,0.0015133565757423,0.663088681426702,2.023162578935187,0.13473842586583984,0.0009279152727685,0.777323758463809,2.0977526685390067,-0.05610157796668999,0.0030759947840124,0.6830994742306311,2.0774198634750802,-0.27597265252269376,0.0019324286840856
2025-11-11T0758.360707,96,0.897971034470196,0.951024263056368,-0.8578826958277129,0.9891642928123474,0.9358754941716602,0.927616617744339,-0.8126102076075252,0.9856873154640198,0.9293017399362749,0.9088600619367616,-0.8450383455084369,0.9860670566558838,0.9281511631194574,0.9254546886581161,-0.8262596594196127,0.985017716884613,0.884274423887137,0.909838023443735,-0.8824829541336404,0.9877014756202698,0.8912641886797031,0.9027064186607997,-0.8590845427120429,0.9888428449630736,0.9110616560282558,0.9028318686808144,-0.8328594174250068,0.9893710017204284,0.9082023933342459,0.9023451579046585,-0.6075522596380629,0.986042857170105,0.8835742073815951,0.8966237293293031,-0.7248746720367726,0.9921794533729552,0.9100934734500906,0.9556721179733106,-0.7269829056508925,0.9874776601791382,0.8618976830007257,0.9304750274497956,-0.7611883657806886,0.990535318851471,0.9151831565524386,1.0229349857428742,-0.325008202761972,0.9550009965896606,0.7318682883020541,0.9912954219984373,-0.5287485338457835,0.9621435403823853,0.9653698386024787,1.133490667397764,-0.3031188704505306,0.1962123066186905,0.6573311051551128,1.0487108614519336,-0.6279508580586366,0.273442655801773,0.9826758218354271,1.1328798166193892,-0.48654299752565655,0.0518284849822521,0.677395408121597,1.1917582312173263,-0.8319648203828027,0.0600929893553257,0.9744389592542765,1.1634383730956401,-0.4841521876012776,0.0676179453730583,0.7205247560152865,1.2214113035756848,-0.9181898383116779,0.0702813193202018,0.9630228581326199,1.1503826339327408,-0.5261079692647672,0.0885105431079864,0.695125568388215,1.1925150312449377,-0.9319846951881483,0.0960822999477386,0.9563361686594931,1.1421171911418646,-0.4856882267003977,0.0816109627485275,0.7074443442437833,1.1967655878133254,-0.8518155416627511,0.0887412503361702,0.8774429240653284,1.363533385196739,0.005367063606309766,0.0021245325915515,0.7018728213910641,1.3559868708967227,-0.02392815643902459,0.0021487423218786,0.8022929947628088,1.68797427546917,0.019567524436234572,0.0103046223521232,0.7017046971570968,1.6892112085316067,-0.03249438189265055,0.0052639027126133,0.7808496271929181,1.9980679759013353,0.3664597859323527,0.0013577186036854,0.6820927495341282,1.955216880262577,0.22020836503221208,0.0006783473072573,0.783520217133761,2.036143106132052,0.362403584184701,0.001399147324264,0.6619498544415896,2.006653609380254,0.19593986713395162,0.0008998921257443,0.7701698058685237,2.081066569200073,0.10672108066049305,0.0029594122897833,0.6712124711722185,2.0312250501363636,-0.12543321568721472,0.0019316887483
2025-11-11T0751.895927,97,0.9269181855560871,0.9227152422076562,-0.7963384052827324,0.9895218014717102,0.9155262377448572,0.8777962924106231,-0.7524723416501072,0.9861061573028564,0.9118711394526299,0.9355782552457914,-0.7735410078678968,0.986220121383667,0.9590357514337156,0.9028994679585605,-0.7808729063593088,0.9851300716400146,0.9268588152869456,0.9207806702541643,-0.7857708911408893,0.9881765842437744,0.8667917371931101,0.9184195940645153,-0.8266487429814267,0.9891824126243592,0.8830279712119264,0.9204715926979625,-0.8115638185462433,0.9897080659866332,0.9377649755164479,0.8977525424886902,-0.4998760030529792,0.986177623271942,0.8862577042589846,0.8610485215924518,-0.656396110799563,0.9925686717033386,0.8934605263298074,0.9611465654303555,-0.6504775497691535,0.988113522529602,0.8650091978816925,0.949239779731301,-0.7356921577281429,0.9911719560623168,0.9464544184982537,0.9946877559108821,-0.2867730308156803,0.9582117795944214,0.7031318223167919,0.9743057608783681,-0.48801267154618233,0.9650233387947084,0.9936179381639885,1.153879110453047,-0.22996416461399583,0.1915219724178314,0.6837554661864668,1.0276999379189673,-0.5034959020763697,0.2781437337398529,0.9775507493845861,1.1978057387518954,-0.5077841496573449,0.0539837777614593,0.6805911559107236,1.2184472836569047,-0.7120077514780431,0.0623071603477001,1.0172296661004192,1.237698031036904,-0.601146181094567,0.0688401982188224,0.6969178214754705,1.2445583804823015,-0.77321704017259,0.0723933652043342,0.9799677563044518,1.195414513407336,-0.6108316164759354,0.090156503021717,0.71203142857821,1.2339868108946392,-0.8287059233260896,0.0992154702544212,0.950853632831029,1.2166620883505073,-0.5690764895842131,0.0832311138510704,0.7050854161194035,1.2193384089363386,-0.7167383088878565,0.0920329540967941,0.8583271544329497,1.3743283449365435,0.011232121657891194,0.0020006911363452,0.6964727782813225,1.3884267107495305,-0.029062308133955314,0.0020187655463814,0.8308933379275074,1.714405433719561,-0.021457205088080664,0.009464094415307,0.7012064208388095,1.6903694440195884,-0.09214073219543364,0.0048431763425469,0.771569750573359,2.0082721007247795,0.30917943768599826,0.0012267888523638,0.673543540173572,1.9623448472677725,0.1656741555108291,0.0006148009561002,0.7707080154694451,2.042265902112687,0.3479976673091889,0.0012622696813195,0.6568999121752422,2.025622270421872,0.16054880354999035,0.0008185984916053,0.7489708923583449,2.08971325056887,0.01075217463572492,0.0026754364371299,0.7089510415183248,2.059154053143913,-0.19414464549458696,0.0017614252865314
2025-11-11T0711.908965,98,0.9313576819314314,0.9690940744367099,-0.6297887893882097,0.9898965358734132,0.924885538921794,0.9295352890696121,-0.6085825335299667,0.9866648316383362,0.943105501003395,0.948168805015036,-0.5985143816873564,0.9865124821662904,0.9717447405340894,0.9291153990741406,-0.6013049869092122,0.9856054186820984,0.9337999916736164,0.9297118268885792,-0.6413977259103928,0.9887758493423462,0.9245907820471808,0.8992637948497617,-0.5904580872491807,0.989590048789978,0.9262321504422427,0.9147997440039278,-0.6301153444689652,0.9901922345161438,0.950224268998355,0.907490403321927,-0.37714551804849433,0.9865362048149108,0.8867253792322861,0.8886931658107224,-0.5436101940173329,0.9929699301719666,0.9036258770352787,0.9664102606335105,-0.5122839943877322,0.988611340522766,0.8742052432160192,0.9542409598143508,-0.5658257805511481,0.9917406439781188,0.9261343713315959,1.0030085753187896,-0.20844579788649267,0.9615785479545592,0.7019893885430339,0.9536137099659404,-0.4464854336401122,0.96778804063797,0.9913172413526778,1.1738958308174827,-0.2034438729661745,0.1897452473640442,0.653050904118853,1.0614085127060398,-0.4904886623980541,0.2960837781429291,0.9990333876069453,1.23158576474871,-0.4959056217340512,0.0663704201579094,0.6895807109984579,1.2458674719448317,-0.6668275008221757,0.0742781013250351,1.0177781786935063,1.2424000206099688,-0.517515211483162,0.0796986073255539,0.7210630980092376,1.2714778906685353,-0.7480259735273881,0.0832735821604728,0.995864796778372,1.2077117620942712,-0.5618091379195895,0.1040934175252914,0.7233889700848335,1.2870023941880626,-0.7874243146556734,0.1131592094898223,0.9824771063000851,1.2176633758658417,-0.47823855484273,0.0975343510508537,0.7165200862648924,1.2416580716891812,-0.6903698015579025,0.1056699901819229,0.8599641370117349,1.3851595640647159,-0.029596895669012527,0.0019236960215494,0.7143948062097178,1.3542062406529247,-0.03065944880528146,0.0019206469878554,0.8222052330823565,1.6842331900924459,-0.002917226834384737,0.0086225727573037,0.7027843096046404,1.664092968898729,-0.12137681046624996,0.0044448892585933,0.815919806059823,1.9867900825413025,0.24272792355000852,0.0011060101678594,0.6910966095416103,1.9711438147209133,0.02776918732635856,0.0005562112201005,0.7956528771367862,2.029138799239748,0.25430636819848246,0.0011375279864296,0.6783916884649407,1.9716151975587648,0.0502900802438032,0.0007433571154251,0.8017472101435689,2.0827208732358513,-0.04981865932091264,0.0024143827613443,0.7079466585329501,2.044041011705043,-0.26562048683132744,0.0016012438572943
2025-11-11T0755.364404,99,0.9266432050264848,0.9675994654001897,-0.547182897954218,0.9896286725997924,0.939365910335119,0.8938361884362126,-0.5271342359102996,0.9863901734352112,0.9472078904875469,0.9203727871222173,-0.5296070544806408,0.9857227802276612,0.956845077820647,0.9365752607250941,-0.5064137786128032,0.9850109815597534,0.9377878363928096,0.9309191521322988,-0.5463297772085522,0.9887966513633728,0.9348319442046024,0.902752804226161,-0.5477223264945895,0.9893787503242492,0.910321175672285,0.9164657599721381,-0.563136360736917,0.9901858568191528,0.9212926026480018,0.942378569877136,-0.3012041581011756,0.9855722188949584,0.876059495009156,0.867742630327672,-0.4633798058774763,0.99301278591156,0.9020018622284621,0.9577019925277765,-0.4563376573373311,0.9884443879127502,0.8973370775304625,0.9198999236127372,-0.5072884751845768,0.9920366406440736,0.9566189214794351,1.0108757515117905,-0.17561812065863283,0.9638969302177428,0.7406761509353861,0.9671953971398728,-0.36235929462232885,0.9699731469154358,0.9853193705053864,1.1744904547273038,-0.19141069591761192,0.1853132843971252,0.6660924793717707,1.0427672511218293,-0.46407830010252304,0.3101699948310852,0.9781772358520278,1.1995689099880598,-0.44773681581016567,0.0739726722240448,0.6925875984525108,1.231777265419744,-0.6913864849687252,0.0836154669523239,0.9724616751324383,1.2479493782846216,-0.5051368832980244,0.0854884833097457,0.737004227338304,1.298571776509444,-0.6977775631143437,0.0907277017831802,0.9705049180109409,1.2416722705731216,-0.5164181842640312,0.1113247498869896,0.6990526732061673,1.2700936386983341,-0.7199854110951156,0.1226669773459434,0.966308406988042,1.2036769068871929,-0.45210748744309864,0.1050544381141662,0.7349093864743819,1.2261212343665302,-0.6649076658339764,0.115630030632019,0.8825299677168409,1.3801010491274603,0.005815256185877863,0.001841758727096,0.7209626078180688,1.360766490746973,-0.010134364412807973,0.0018325176788493,0.8313726757084049,1.6651662588737852,-0.009769940713727927,0.0078813387081027,0.705391430871808,1.6828232162001648,-0.10857528234161777,0.0040861507877707,0.7944071367556533,1.9904053468170713,0.2296177493507015,0.0009979362366721,0.6936502595468468,1.9513323300478789,0.11048422473587179,0.0005047764861956,0.7826517584770941,2.011674668302035,0.25189546162947574,0.001025476725772,0.710910805479273,1.9844762030806498,0.08459009850090313,0.0006780197727493,0.7658027598930521,2.100877026968359,-0.02910243782253394,0.0021808890160173,0.6970746152488724,2.036058840969911,-0.20884827854035004,0.001462425221689
2025-11-11T0798.995398,100,0.9199691281574812,0.9729695123357435,-0.5335005569644707,0.9892480969429016,0.9599527321563451,0.9317787752045832,-0.514699851183152,0.9858535528182985,0.9542031433712349,0.9188958296717604,-0.49464075740946717,0.9849246740341188,0.9388741498445071,0.9415950187188091,-0.49076394321358086,0.9842785000801086,0.9333123094348662,0.9292241487827071,-0.5292340688797802,0.9887036681175232,0.953984304249345,0.9462798377472159,-0.5366161456355675,0.9892138838768004,0.9034296131738844,0.8981819322460635,-0.5427537432333667,0.9900943040847778,0.9590180357758804,0.9112564513463237,-0.290483650783799,0.9845767617225648,0.8968083393513462,0.8879394919923075,-0.5034030550127407,0.993103563785553,0.9117653433736592,0.9579005397861478,-0.4499668446591029,0.9881251454353333,0.8922881390303954,0.9544262093022313,-0.4935997273216308,0.9922520518302916,0.9324656839106618,1.0355790512487861,-0.1237515821410883,0.966115951538086,0.7346598072941497,0.9766229477898226,-0.39037037233813876,0.9721125364303588,0.9814381619721907,1.1723470105473643,-0.06789048476044092,0.1766921430826187,0.663994834348256,1.0488356950296813,-0.4260092224050499,0.3294309973716736,0.9997496322363371,1.2225955056943552,-0.24887264301331968,0.0791672095656395,0.7173078696327413,1.2261252010817074,-0.60492825709091,0.0941432043910026,1.0177065294426464,1.274740115380687,-0.29614720283122026,0.0902185887098312,0.7208129398238732,1.2820879001994983,-0.6499365222387737,0.0997278615832328,0.981840328369641,1.2327441899152787,-0.3642321054659921,0.1177225708961486,0.7185847431617879,1.2896426032279114,-0.7224472521798563,0.1339050084352493,0.9979648108834058,1.2208360546162174,-0.26895671010166966,0.1125080585479736,0.7214353207326966,1.2406517576418454,-0.6306262084628891,0.1267917305231094,0.8520227752432362,1.366879667487527,0.006679623673550891,0.0017698421142995,0.728290786463592,1.3374159946163193,-0.02168181278546592,0.0017491907346993,0.8402846586786257,1.6895754688105238,0.007181724900330596,0.0072031449526548,0.7254497906114472,1.6525673019769456,-0.11914544580391552,0.0037645702250301,0.8047274986472259,1.9733716853874173,0.26340811563420097,0.0009009220520965,0.7041130105705468,1.9461281639219232,0.0687891113177779,0.0004583915288094,0.8146158533508616,1.997943351154517,0.25185817829336254,0.0009254176984541,0.7046317290612382,2.0071842371190947,0.07708967450339906,0.0006197109469212,0.7747855222470422,2.090680145667693,-0.0583000335245033,0.0019744494929909,0.7051973939325492,2.0341023130138143,-0.2433559287926415,0.0013408199883997
2025-11-11T0796.126604,101,0.9474465754099596,0.9664997723581269,-0.5280343228974759,0.9892387986183168,0.9355154360191538,0.9162479676992968,-0.4744805913990559,0.985977053642273,0.9603678486524544,0.9444090482811289,-0.4500452475139571,0.9848305583000184,0.949534414893743,0.9418603807071645,-0.4615397197424794,0.9843302369117736,0.9238873074887607,0.938656244347964,-0.5159989122557175,0.989011526107788,0.9256332295703682,0.9345636544799335,-0.5234126784128393,0.9893997311592102,0.9374281610546218,0.9253809773953876,-0.5192492079982375,0.9902895092964172,0.9403713918930174,0.9220762754397493,-0.2762880073515508,0.9846760034561156,0.8849296687874088,0.9096716397488201,-0.48767355707077664,0.993341028690338,0.9162706220463976,0.9785900693429322,-0.41831496546007363,0.9883461594581604,0.9148583955113995,0.9557740466142517,-0.45968332555173425,0.9925966858863832,0.9350873730595,1.0070241251768328,-0.12346714459365508,0.9683198928833008,0.7353744612827007,0.9720027370048739,-0.39607696522556735,0.9740386605262756,0.9681755788727302,1.1727795061505617,-0.024300364934797404,0.1673416793346405,0.6540713741808356,1.046387975423278,-0.5327980464626417,0.3423424959182739,0.9608839617574696,1.239846420412054,-0.1431961697911293,0.0815805345773696,0.7042409003145477,1.199929427155219,-0.7214675354659589,0.1112911403179168,1.0150808465897139,1.27767265768144,-0.1882441913411235,0.0922456011176109,0.7028763177464826,1.2509835158650753,-0.7769352969101934,0.1140138730406761,0.9764369512273678,1.3016811299535078,-0.23621729800690808,0.1205029338598251,0.7511653312408082,1.2141150538644045,-0.7892579152727703,0.1501704156398773,0.9609835877978085,1.2668658462071727,-0.16009182613911357,0.1165181919932365,0.7145914690509705,1.2373148865441752,-0.7494737215746146,0.1423408091068267,0.8363480261725887,1.3685822756482429,0.026815813524234587,0.0017599094426259,0.7323313767639905,1.3445528704298209,-0.03046876634706283,0.0017148429760709,0.8593635427290457,1.685218896133992,0.04941602392767144,0.0065974183380603,0.7137900704424369,1.679068372523803,-0.030981563809131907,0.0034664024133235,0.8281240381318523,1.9536636987186458,0.32294535212774506,0.0008144396706484,0.7311907959780526,1.927417113981721,0.14830739420847683,0.0004177826922386,0.7888910263528215,1.9990015415836297,0.28672495138867177,0.0008357767364941,0.6917400996975285,1.9715787343075775,0.1344309468306091,0.0005673298728652,0.8188890454925968,2.04013543813142,0.04551638929106829,0.0017912669572979,0.7237900162937091,2.0235135088415035,-0.17384410571219208,0.0012322020484134
2025-11-11T0771.927526,102,0.9174626582873959,0.9468073530548833,-0.5416271802804669,0.9882658123970032,0.9771348073124136,0.9184776886320325,-0.5180433797243985,0.9849748611450196,0.9392488492786653,0.954375267237553,-0.5159660728167594,0.9832100868225098,0.9606001678304457,0.9561723863326687,-0.5095563785474573,0.9829330444335938,0.9555893729512165,0.8886700693762369,-0.5545048358302138,0.9885859489440918,0.9304622619138126,0.9234051469780351,-0.5531899450958733,0.988792359828949,0.9275903688534686,0.8898102144676323,-0.5516934365716741,0.9898865818977356,0.9491759160255326,0.9375985730145409,-0.27307070235640735,0.9829689264297484,0.86896965256807,0.8990289946779776,-0.5199840649391484,0.9931490421295166,0.9403275518079046,0.9597514348026343,-0.458532410068613,0.9878162145614624,0.8989478201512726,0.9294256361355293,-0.53146950059159,0.9926640391349792,0.9193320087134876,0.9958747255466209,-0.15513334171341084,0.9697450995445251,0.7511845378439279,0.9507891957758351,-0.3947461072674519,0.9757578372955322,0.9642470465817924,1.1860346622308204,-0.07383124114760609,0.1597857922315597,0.6672637328889268,1.0336944155105372,-0.5284098050109866,0.3573757410049438,0.9652208758330297,1.2580951775138278,-0.22524465670931523,0.0872928947210311,0.6840441416973564,1.2169049697307655,-0.7170944607154615,0.1247958838939666,1.006371926819966,1.2882784771265294,-0.2590224594980676,0.0969340354204177,0.718744267351623,1.2334178824379227,-0.795251121195029,0.1245626881718635,0.993513948021829,1.2402155672298052,-0.27572201901001164,0.1259162575006485,0.7085804243474146,1.2073425116588812,-0.8361107849293441,0.1623910218477249,0.9582437484907776,1.2605683701693682,-0.2724169673834487,0.1231928169727325,0.7312193480965619,1.196487039044824,-0.7512033417571901,0.1544577330350875,0.858004765463271,1.3419534576608463,0.018254941778851595,0.0017192921368405,0.7316391087213899,1.3408048948143783,-0.03957051779736397,0.0016638197703287,0.8158358383781166,1.6569650180012683,0.013990941528281163,0.0060268533416092,0.713813240017659,1.6553544793813104,-0.09415865749815788,0.0031906084623187,0.8392641787113749,1.9621017292132634,0.26927096915757265,0.0007361772586591,0.7013178331095431,1.9011754128700764,0.1102144662351491,0.0003796117671299,0.7994793988218708,1.9891708132043953,0.3298503029204292,0.0007545365951955,0.6709617212442127,1.9913869960226462,0.13826628307801064,0.0005183663452044,0.7941797600951681,2.0429700376956226,0.0013560975199321222,0.0016226238803938,0.7163076625030933,2.029727426389806,-0.1591602925027944,0.001130478689447
2025-11-11T0783.172785,103,0.939405656187182,0.9702475767976335,-0.5041599593739929,0.9888335466384888,0.9370118023665801,0.9411187188441786,-0.5105668008781747,0.9856378436088562,0.9623219974344528,0.9313663608497179,-0.4845326360751224,0.9838438034057616,0.9696599410958753,0.9477164445132971,-0.4769237124409937,0.9836245179176332,0.8963581198960185,0.9163601741669967,-0.5528023031010091,0.9892163276672364,0.9441521190861863,0.9345459968460819,-0.5493435487926902,0.9893780946731568,0.9341949035764144,0.9256408025169827,-0.5785861460425678,0.990423023700714,0.9505380443024185,0.9020837506821812,-0.29477879775986576,0.9835904836654664,0.8407855805741329,0.8824225773517642,-0.5060577551715603,0.9935422539711,0.9459676957599648,0.9645477876965814,-0.43526392251683044,0.9883519411087036,0.8971190556753089,0.9471589705073851,-0.5099726782543869,0.9931200742721558,0.9182963573234025,1.0099574857204006,-0.13494667945873928,0.971592128276825,0.7104773734448308,0.9684374471624374,-0.3708088656085867,0.9774816036224364,0.9809059659068896,1.1512300272608578,-0.021168401774145987,0.1524428129196167,0.6644034946785133,1.0361502070348798,-0.5135936394029905,0.3694119751453399,0.995344522312227,1.2374151292080453,-0.1825703397495592,0.0912629067897796,0.6943772245100042,1.2075190803851648,-0.7229972908629871,0.1357826590538025,0.977918343868699,1.2767348158452076,-0.21503928871684516,0.1016721576452255,0.7277417800377048,1.258516490414257,-0.7626820143535727,0.1352025717496872,0.9976059310622405,1.293805528388487,-0.232617928745176,0.1324860453605651,0.7101934416913747,1.2395870019903896,-0.7897826421266788,0.1755443215370178,0.973966597104386,1.2627408940646905,-0.19447950105783782,0.1301870644092559,0.714388076398617,1.2130499586989267,-0.7268837206687707,0.1659867167472839,0.8289330121855976,1.3647895165777317,0.03525504824281426,0.0016460575861856,0.7077456181748433,1.3420987768132107,-0.035564176085195257,0.0015781647525727,0.8533085842649537,1.6780569121843492,0.035880119527679076,0.0055339368991553,0.7069805625091385,1.6874462760521718,-0.12580054081720185,0.0029494273476302,0.8058729310440186,1.9700475863098519,0.2980452423675345,0.000665440398734,0.6687814214160855,1.924596172838272,0.10383785443116876,0.000344943255186,0.8251637200514692,2.0174000949389788,0.32527357865234674,0.0006812355713918,0.6751426501602571,1.9877559691420454,0.1315819115436467,0.0004725499020423,0.777811401379416,2.0325513600173584,0.058545405396601205,0.0014753200812265,0.7278579366601209,1.9869702254959096,-0.21405235789545032,0.0010408589150756
2025-11-11T0793.422423,104,0.9225152148033908,0.9399468997834468,-0.5682157468416908,0.9885427355766296,0.9300297056879206,0.9424124119438327,-0.5371024010489402,0.9851552844047546,0.9604497715256292,0.9426348450266053,-0.5200568187907165,0.9830520749092102,0.9714901640585996,0.9286899850936737,-0.558196999420753,0.9829385280609132,0.9346253754001788,0.9153080496642145,-0.5824622399312698,0.9891557097434998,0.9398162621838807,0.9174186739133418,-0.5788398992473102,0.989234983921051,0.9417929468648352,0.9063593670204224,-0.605893739381259,0.9903254508972168,0.9180845656048972,0.9508051754667806,-0.3108543646924056,0.9827046394348145,0.8724089368784609,0.8809673376858039,-0.5512761542298303,0.9934958219528198,0.9362800717910257,0.9471866092592796,-0.46775431293773456,0.9884012937545776,0.8907866342133162,0.9769793387084897,-0.5394372779524693,0.9933341145515442,0.9339384127462045,1.0085310838197528,-0.14166808598915898,0.9729602932929992,0.7213459129140833,0.9649104813334103,-0.4557348592377988,0.9790189862251282,0.9665421410351898,1.1728621689184604,0.032722689167825766,0.145436093211174,0.656417514245446,1.0400515963760755,-0.5272019518021609,0.3872606754302978,0.9918286286622341,1.2532386495038195,-0.07734125374287695,0.0900531858205795,0.6543955424997081,1.249834926241347,-0.6979897709190044,0.1406102180480957,0.975244295237981,1.2999641360535592,-0.11164484561043933,0.099387027323246,0.6794943324710121,1.2700872276617647,-0.7721494147701471,0.1387881487607956,0.9689007653435553,1.2882203037772844,-0.1384374179701336,0.1296658664941787,0.7373147895361077,1.305444459817179,-0.7934473647552039,0.1799806505441665,0.9766631729630956,1.2727937935855969,-0.08105257303042011,0.1278903782367706,0.6890979874860477,1.2634345053123444,-0.7350506843370387,0.1694423109292984,0.8838912648331838,1.3479749057160908,0.012953971723333138,0.0015930850058794,0.7106448153017173,1.3586647604774236,-0.01931365627054217,0.0015156479785218,0.8264629894278389,1.6813580506920847,0.0916860881745384,0.0050769294612109,0.7018442782899112,1.6381301545529037,-0.08447812016140108,0.0027206896338611,0.8206515299560494,1.929645280135322,0.37910846032014034,0.0006022258894518,0.6940198010249992,1.9193264101177325,0.16643475309536082,0.0003138784086331,0.8019371590068568,2.021226048975621,0.3811524435952027,0.0006152327987365,0.6693852578831301,1.969431809819821,0.18655149853246075,0.0004332849348429,0.7774909309626606,2.0661041706813004,0.12765029394941335,0.0013408765662461,0.7182041667563661,2.0133521064698896,-0.11426361610971839,0.0009599488112144
2025-11-11T0767.601725,105,0.9273298333072338,0.9421544536920279,-0.7441142512442754,0.9881055951118468,0.9117193447490758,0.9121099890629689,-0.7636106538296795,0.9843429327011108,0.9322014086884449,0.9150204705031751,-0.7440349807342544,0.9821012616157532,0.9465695204688838,0.9394871823199848,-0.7140720554814733,0.9817730188369752,0.9022338627618597,0.893776817707744,-0.7751488189734634,0.9889237880706788,0.8922819296045836,0.9236162243325567,-0.8159625916302333,0.9890763163566588,0.902048598026882,0.9023071291218633,-0.786750671378193,0.9902000427246094,0.9286510536123753,0.9188643567119249,-0.5124211146939567,0.9816755652427672,0.8887930116815881,0.8684568557524891,-0.6915603418658753,0.9935098886489868,0.9096829970696934,0.9505249896975807,-0.673367565716745,0.9882537126541138,0.8939963811962599,0.9496502029196113,-0.7654933328847744,0.9934902787208556,0.9494722814525578,0.9852429552838181,-0.24324627868301316,0.9737348556518556,0.734056844278514,0.948641699082784,-0.5254303108342273,0.980363428592682,0.9641812093051187,1.173041347974438,-0.04160020665060686,0.1380385905504226,0.6389106821817111,1.0387361335319667,-0.5828725997305458,0.4032297134399414,0.9267097641531089,1.2642216154203154,-0.219493902797963,0.0834027454257011,0.6818323793707782,1.239653266269524,-0.7351168816314948,0.1362830549478531,0.9491242360516396,1.2932964268500917,-0.21640729869803504,0.0921496823430061,0.6965747150949212,1.294623421362511,-0.8089200362242969,0.1340370327234268,0.9448779598041891,1.2920636914305932,-0.2610366123035874,0.1204538643360138,0.7101785178796123,1.313596570638627,-0.8065386465965813,0.174363687634468,0.9519914977697659,1.2824357537959337,-0.20815772134167534,0.1187800765037536,0.7036880798059149,1.2868178748311156,-0.7484491202430624,0.1633447259664535,0.8750574884393683,1.348246943175284,0.0380521879108763,0.0015341215766966,0.7233088941194867,1.345272618162714,-0.03156918382335946,0.0014582211151719,0.8283527669946159,1.6396165307634878,0.03491810274874124,0.0049080024473369,0.7128022278664538,1.6574175946333491,-0.11634623577236337,0.0026082312688231,0.7988408340283307,1.9885302068024595,0.35274461797933276,0.0005528276087716,0.6936958067948414,1.939707402506425,0.11489536823473327,0.0002908355963882,0.7983284805998405,1.9896351507927068,0.4004662065571953,0.0005610059597529,0.6579505308192465,1.9801670168717052,0.14188512083875499,0.000405306200264,0.8047023229308367,2.0614967116490566,0.04189880175615524,0.0012349194148555,0.7314070344311476,2.019353241979485,-0.23973947753841124,0.0009015822433866
2025-11-11T0787.533061,106,0.9057288019756171,0.9398618764204385,-0.7757525289837297,0.988824427127838,0.9177021274786146,0.9316444138126254,-0.7095431057953874,0.9851749539375304,0.9266111775824875,0.8790754182872701,-0.7446549840356249,0.9831928610801696,0.9182242724169266,0.9348282170279327,-0.751084393868785,0.9826659560203552,0.9300110401219701,0.8878303436028154,-0.7701768166598031,0.9895719289779664,0.8891262826872032,0.8725952760903614,-0.7783594177257669,0.989798367023468,0.903360338993796,0.8770217079895745,-0.7835921402327428,0.990774154663086,0.9490261992124613,0.9259913006045435,-0.47366916734235787,0.9827219247817992,0.8666214853649088,0.8642593350311151,-0.6570425876504963,0.9939650893211364,0.9012160443481337,0.9429222142054463,-0.6476070695903821,0.988999366760254,0.8657432658454028,0.9556502058346869,-0.6820302458807174,0.9939531087875366,0.9265288859601329,0.9950764598248049,-0.2710583669183909,0.9757015109062196,0.713138741676314,0.9853547551977182,-0.5002190844674964,0.9820639491081238,0.9719632504395314,1.1624177384235697,-0.12733211071248646,0.1320902407169342,0.6373513171319563,1.0672514357072271,-0.5390373913943691,0.4279908239841461,0.9476667181437748,1.283513232110952,-0.3108890473878685,0.0785685777664184,0.6643111581092421,1.2504947772444654,-0.7695367634797593,0.1399203836917877,0.960350741140532,1.321913780631756,-0.4075600395674577,0.0867066457867622,0.6937610059639087,1.3171372965370962,-0.8497922300295111,0.1352053582668304,0.9270819942520706,1.3075575291282069,-0.4209586635150019,0.1138044297695159,0.6979296850328243,1.3139316322245767,-0.8933609546284655,0.1768704354763031,0.9379464867156502,1.2720709107583947,-0.35708921262822396,0.1121369376778602,0.6656922773173852,1.2884202834959302,-0.7917950952045991,0.1642003357410431,0.829193208910639,1.3491102796829466,0.017280548711794484,0.0014977258397266,0.6911397386295328,1.3379456174647646,-0.01564018889534842,0.0014333085855469,0.8213201420206329,1.6607457704128734,-0.007784430149781247,0.0045745000243186,0.6774976840931825,1.6203290181807373,-0.1436567927069809,0.0024221534840762,0.8129016599961608,1.9449691028199587,0.2631340434380225,0.0005066177109256,0.6839602999825631,1.8988184097322605,0.03630819755388142,0.0002651704708114,0.7923233052193114,1.9780687412236262,0.24981702606198541,0.0005138457054272,0.6660743011683506,1.981431651709571,0.04255380272501067,0.0003738665545824,0.7821838207635521,2.0301371314771837,-0.06867142367529183,0.0011281188344582,0.675400951339696,1.97506455871495,-0.2937918365032543,0.0008323782822117
2025-11-11T0780.396119,107,0.8743796615008864,0.8954193157226653,-0.7464428568761007,0.989565134048462,0.9005042065322517,0.8516291741510137,-0.6831081423967111,0.98584246635437,0.8923412506401246,0.886068922926131,-0.660746857955429,0.984225571155548,0.8808145452309648,0.8778643134789383,-0.6905020257227382,0.9834956526756288,0.8701645099708816,0.8633647617960354,-0.732911059922949,0.9900314807891846,0.889882867392974,0.8759620792141197,-0.7142511906544952,0.9903820753097534,0.8432164956992745,0.8595447377954815,-0.6833033321723482,0.9911596775054932,0.8866314932739777,0.9093874946285385,-0.39367531868481265,0.9835782647132874,0.8289552962413991,0.856231830431942,-0.5554212907491402,0.9942985773086548,0.878674940047188,0.903743107534494,-0.6376747725159908,0.9897207617759703,0.8263999274925021,0.911393701881772,-0.7038594917181514,0.994373083114624,0.9166873244332552,0.9552058286035728,-0.2068883592336094,0.9775981903076172,0.6910434249630641,0.9649612555273904,-0.39475312478087793,0.9835615158081056,0.9643172493171348,1.195945646734069,-0.15188566687774877,0.1306224763393402,0.6248766812027217,1.1248520172281045,-0.3950471042320642,0.4507040977478027,0.9299490150390999,1.2747289746516108,-0.46822171564483,0.0763412341475486,0.6491590441642573,1.2473608743463265,-0.633199657565368,0.1403171718120575,0.931345021818398,1.2921888528415773,-0.5509803308755319,0.0840097591280937,0.655642690509551,1.312961793478446,-0.7227144439111108,0.1341971307992935,0.9453227768448526,1.2858056520514587,-0.633228463598192,0.111154705286026,0.660598514635737,1.3176266230258458,-0.77866903187276,0.1772629618644714,0.9230503746232521,1.3075856120695715,-0.5414390201632014,0.1088541597127914,0.6728394271291774,1.2766983864470665,-0.6702253831646607,0.1635199338197708,0.839678762943548,1.3681214846107186,0.02801882173372218,0.0014146565226837,0.7007388379084516,1.3449115108867586,-0.03488988390876861,0.0013683174038305,0.827930808667781,1.6583126462532283,-0.06266340286002674,0.0041782003827393,0.7007825493329277,1.6344910248242144,-0.15807938339330607,0.0022209335584193,0.820080627561783,1.9363807170587386,0.2506380313144448,0.0004591922333929,0.6677633694503332,1.9120312009522769,0.012498535307352999,0.0002404757105978,0.7801210191192259,1.9527524025778547,0.2563428798651452,0.000465740537038,0.6676216587866459,1.9609258589369878,0.05015368492155105,0.000341329636285,0.7912060232636998,2.0757013462587244,-0.06620406106672495,0.0010238803224638,0.6922174565669852,1.989121147737099,-0.33992313998529217,0.0007612872286699
2025-11-11T0742.859758,108,0.7923602880538868,0.8987805428954042,-0.7181650766024055,0.9872789978981018,0.8614030077625328,0.8694862746626282,-0.6364327357786052,0.9811220765113832,0.8372734278856468,0.8689051217965134,-0.6559192319781625,0.9809552431106568,0.8369860185843343,0.8737587206102042,-0.6393230894044095,0.979314923286438,0.8236679237025665,0.8822563610329085,-0.6439786603258949,0.9859306812286376,0.8351816039879573,0.8432723643198294,-0.6316435198845443,0.9872719645500184,0.81324976191304,0.8619383825727143,-0.6502338921266186,0.9880042672157288,0.849401970548227,0.8762809398992413,-0.38952183672486784,0.9806410670280457,0.8036593816124926,0.876677613845846,-0.4295322032970987,0.9926798939704896,0.8300074035195482,0.9115368785870153,-0.5641466558754784,0.9878132343292236,0.8352386511339266,0.9236867252177113,-0.621322517264482,0.9931879639625548,0.8920451086867419,0.9851569080781134,-0.17120659696782292,0.9786743521690368,0.716862948343598,1.0068390826476756,-0.31243062621937867,0.9846186637878418,0.916938740095556,1.1588666254730846,-0.17636786393595832,0.1273360699415207,0.588940661051598,1.1156054370284663,-0.24591991379213204,0.458371490240097,0.9164465943526078,1.2608828120742588,-0.4339228576705044,0.07101721316576,0.6423806394333237,1.285709678141909,-0.46008992012338007,0.1343546956777572,0.9213886054475209,1.3184972104584214,-0.4825800622211882,0.0782411471009254,0.6227339187242281,1.3149575013519652,-0.560263683666208,0.1277490258216858,0.8924273993595492,1.2992606197329113,-0.5547571764135374,0.1039308235049247,0.6677374462938785,1.3102502830095852,-0.6042027157346826,0.1700839400291443,0.8856823858795365,1.2922581349983255,-0.46451110496260284,0.1017194837331771,0.6299052411352548,1.2698530580279561,-0.5111742243270485,0.1571929901838302,0.8349220316176438,1.334676364520555,0.009201879041066922,0.0013592215254902,0.6695312142748467,1.3679246459583014,0.008205952548570827,0.0013519953936338,0.8155779942447957,1.677798319591638,-0.13794281325884888,0.0038489559665322,0.6826311406041345,1.6253173881162923,-0.21957299721703336,0.0020579204428941,0.7929068944444568,1.9488364600583914,0.06394043709530066,0.0004177870287094,0.64711741743648,1.90642298262447,-0.10622450276579451,0.0002194305707234,0.7875610510849634,2.0048941880147897,0.08490684424539387,0.0004258041735738,0.6270915820631195,1.962723329296357,-0.11849753003877322,0.0003152482968289,0.7877998524025552,2.033007909359131,-0.2922815949693965,0.0009325150749646,0.6971033173874042,2.005986878539507,-0.49756236958069344,0.0007025473751127
2025-11-11T0780.686454,109,0.8558674292568889,0.9216423984999811,-0.8009000793902368,0.9830963611602784,0.8394740362832146,0.8750398621582637,-0.7564032743725889,0.973494589328766,0.8430368002308428,0.8690182775633665,-0.7799147282959741,0.9754370450973512,0.8745479576129727,0.8964489615322766,-0.7786943230761956,0.9725870490074158,0.8086682554807928,0.8668094149816967,-0.7699542692540388,0.9802470207214355,0.8238955005318244,0.8529263587493334,-0.8016892931186932,0.983040988445282,0.8133198368893954,0.8665708143419003,-0.7677436381264859,0.9837831258773804,0.8284703980462965,0.8586143450611481,-0.5067462940545301,0.9760543704032898,0.7923331525807237,0.8535577967984709,-0.5444532811318545,0.9906148314476012,0.8477885262136267,0.9327691976830363,-0.7077619258302946,0.9838834404945374,0.7830361953406053,0.9140977734593688,-0.6910288629270873,0.9910727739334106,0.897720448598654,0.9700415604060847,-0.28884312373198023,0.9791752696037292,0.7085600883318344,0.974716757206936,-0.37864754393872213,0.9853450059890748,0.9367286282815008,1.1766243923260742,-0.21046957238674624,0.1226859092712402,0.6240932597693412,1.1013616306105254,-0.320852338196351,0.4598249793052673,0.913481121351779,1.2875589977536728,-0.42855941179391854,0.0649101287126541,0.6232163871216971,1.2950150491134387,-0.5401430139613025,0.124790608882904,0.908550361118859,1.2913544998486113,-0.49398836924077155,0.0715458616614341,0.6356257471330592,1.3255809120689837,-0.6348656385992707,0.118110254406929,0.9230068560054023,1.2717220431910958,-0.5711017943634649,0.0952036902308464,0.6346393593921242,1.2963479257722466,-0.6943923870347288,0.1577869355678558,0.9042219059406121,1.2727617579012676,-0.46261935945888427,0.0931776240468025,0.6627191574547979,1.262923520117596,-0.5741477233064094,0.1459061354398727,0.8145476695571682,1.3512457070557282,0.009669916965912982,0.0013743757735937,0.6798322653147065,1.324828142651839,0.02886290237590882,0.0014221833553165,0.8084497621191141,1.6428266586074236,-0.12495778674803587,0.0039809979498386,0.6719894257473248,1.61059381743395,-0.23956964482939835,0.0021383161656558,0.7807598234768891,1.9141236457722484,0.03947106820193855,0.000403410202125,0.6772442053780297,1.9227233228883633,-0.12738231899694966,0.000218729066546,0.7775924581898047,1.9739042303504473,0.05866690015528469,0.0004188677121419,0.684840159686002,1.9817410301844756,-0.12317747240055123,0.000331674091285,0.786819645477226,2.0219747027384924,-0.2877851422040975,0.0008988796616904,0.6996020114297277,2.0005800284645896,-0.4947384680453311,0.0007430541445501
2025-11-11T0740.394348,110,0.786256820004655,0.8984188276881329,-0.8040134304769312,0.9774158000946044,0.8171458893868859,0.8980733003685667,-0.7478178322551203,0.9636163711547852,0.7810659920714849,0.872431874528931,-0.7236109617973334,0.967983067035675,0.8020686219962424,0.8671451252848316,-0.7401873926370844,0.9641173481941224,0.7889269562276432,0.8808582266788627,-0.7139254678971402,0.9710094928741456,0.7643084224692395,0.8943475388806268,-0.7208676906373085,0.975064754486084,0.7499938370564018,0.8492384063978514,-0.7193170295191472,0.976002037525177,0.8391340335224956,0.887228321979479,-0.4662948873817282,0.9714158177375792,0.765724469813425,0.8657667803790361,-0.4676550097246597,0.9860928058624268,0.7872759161494693,0.9173424373728009,-0.6741831880553131,0.9799265265464784,0.7640290278477453,0.9576997754843568,-0.6109535015182258,0.987433135509491,0.8777924100425694,0.9968860327634423,-0.270097767696887,0.9791211485862732,0.690177004146646,0.9646583728777279,-0.26712654491830706,0.9858211278915404,0.9239267103503972,1.1746589613956657,-0.23271817374519066,0.1218828856945037,0.6103918763865718,1.0486055411515725,-0.22581724768743533,0.4563755691051483,0.8731612718715864,1.202703256896865,-0.41005450883631456,0.0605568028986454,0.6271332223296266,1.242898713068866,-0.4277189442359701,0.1162580922245979,0.8995455896590253,1.2248498215043173,-0.47795990506037733,0.0667797848582267,0.616753104548998,1.2460383928314933,-0.5195434751103305,0.1096656769514083,0.8596218166531034,1.1808846744132155,-0.5105084142502218,0.0890412181615829,0.6399622202691079,1.263034332294775,-0.5530098909184005,0.1470072716474533,0.870405095833138,1.2003395416446134,-0.4550852351887309,0.0869022384285926,0.6439966712888459,1.2618611808914295,-0.4483260664085994,0.1363637447357177,0.8458387841208919,1.3473609497676169,-0.012173754754511452,0.0013430757680907,0.7005594497411786,1.3268543470558571,0.005236925904853173,0.0014404996763914,0.782304743000459,1.6492726284631454,-0.17175680964700585,0.0038340475875884,0.6715761729116302,1.6148819504603662,-0.17756275187462595,0.0020953882485628,0.7698405378864122,1.9499844891317761,0.04423158533183483,0.0003779902763199,0.6730589562072837,1.910022769147733,-0.12429646430880724,0.0002084668522002,0.7899543215631447,1.9755167702135297,0.026145394090002067,0.0003952287370339,0.6557732709576383,1.9932390340017334,-0.12173938673216562,0.0003320052928756,0.7602686473042267,2.0270385444439043,-0.34917251955740264,0.0008355912286788,0.6646121210634587,2.0034486538201435,-0.4720893480213223,0.0007227910682559
2025-11-11T0726.881862,111,0.7843230126508297,0.8627032167326616,-0.6610319160696235,0.9713231921195984,0.764593423032586,0.8678619562138707,-0.6373277378296774,0.9539878368377686,0.7865751414668236,0.8380019507212949,-0.6266861173405064,0.9616507887840272,0.776057807136411,0.914509712936801,-0.6002849059616142,0.957063853740692,0.7852767858122316,0.8451585718322681,-0.6250415328755499,0.9608473181724548,0.7314907429604889,0.8359045681673644,-0.6223998630198142,0.9668826460838318,0.7668950798453578,0.8652385763828025,-0.6228487420497301,0.96724534034729,0.8209453091535143,0.8476485693947977,-0.40882238034446994,0.9683744311332704,0.7917335784977462,0.8501221232866012,-0.4112444591935297,0.9810288548469543,0.8089501443580179,0.9108713939862039,-0.5541881933221796,0.9769166707992554,0.773604420523223,0.9196867850233855,-0.5603864905351428,0.9835045337677002,0.9042203694640024,0.9739003821110508,-0.21833909870539478,0.9794021844863892,0.6895296478823901,0.9590808259783064,-0.21887631241232022,0.9858146905899048,0.9025549506647209,1.1733914277007267,-0.2487943331872503,0.1187065243721008,0.6142754273128084,1.0557166424661335,-0.21468904506920766,0.4451027810573578,0.8598607422094097,1.2179506889316005,-0.4037862248220027,0.0559793971478939,0.6130832401067581,1.2738865037207192,-0.4502133049235665,0.1071192100644111,0.8566336475446331,1.2656623931598976,-0.44371791394778887,0.0618682317435741,0.618316784769187,1.3025383783600457,-0.5230514934996688,0.1010195389389991,0.8313447245411171,1.2063898258134544,-0.5088318939185621,0.0827059745788574,0.6408986523179245,1.3141523964553392,-0.5564406181222611,0.1359083652496338,0.8536339685161346,1.2093317114245818,-0.4266035553006345,0.0805812403559684,0.6704587371569334,1.2408145062322316,-0.5075065034499981,0.1263744235038757,0.8080980933385974,1.348621579702924,-0.013853378437904625,0.0012955430429428,0.6917987365278085,1.3173920394758285,0.012632458336060451,0.0014232906978577,0.8043930162602041,1.6220266988272432,-0.19598058982621527,0.0036735534667968,0.6801386607112592,1.6072746456477411,-0.2261208865421286,0.0020196156110614,0.7534251166140098,1.8883622790343442,-0.023572766836333525,0.0003543296770658,0.6634384819921835,1.8716857884772764,-0.15835471561630263,0.0001955376937985,0.7528946587017878,1.96966113214266,-0.04772581582266446,0.0003758835955522,0.6761862545108261,1.9593299236175608,-0.15987667881007042,0.000324597582221,0.7446643075424019,1.9896674201662214,-0.3650671917722907,0.0007799706654623,0.6388344539279455,1.965925905538579,-0.5000141184392969,0.0006994443829171
2025-11-11T0742.546269,112,0.802538700236416,0.8783423508485781,-0.5013607394131049,0.9696641564369202,0.7560555070479861,0.8351323411479271,-0.5124926473958724,0.9506157636642456,0.7934858641822676,0.8392793197042518,-0.505177337276015,0.960930585861206,0.7875887962956433,0.8249222782729069,-0.5134470109210051,0.9558757543563844,0.7342655522616868,0.8479302851035999,-0.5270853968322008,0.9561710953712464,0.740846404276381,0.8726450440485899,-0.5309494102747148,0.9643519520759584,0.7680500494631076,0.8535824469639222,-0.5192385095403149,0.963406503200531,0.8168949774493496,0.87144971317561,-0.34118471619216334,0.9681663513183594,0.7496907491516565,0.8832219418142461,-0.2896699422669587,0.9786720871925354,0.8110717331677655,0.8830031874462371,-0.44640931463679856,0.9766933917999268,0.762080610698257,0.8941185232585679,-0.4381886083907267,0.9817875623703004,0.8912513778515389,0.9954658684289667,-0.18552550946237162,0.9796790480613708,0.6805472584488813,0.9783659913249956,-0.14801246263169832,0.9858883023262024,0.9134319399236677,1.1739233264077715,-0.19506837975513225,0.1250297427177429,0.591309470165929,1.121791671495468,-0.13478394370476954,0.4541186690330505,0.8812561519799544,1.2958600508867972,-0.4164932174749171,0.0522525943815708,0.6334571172018353,1.274812448502185,-0.32519308716486844,0.1005425453186035,0.882338757474372,1.3071819101570827,-0.46628461522250914,0.0578622482717037,0.5926285330765186,1.2999718081965874,-0.36916799775835973,0.0944249033927917,0.8484910566099656,1.3348284706262967,-0.5055138387878053,0.0777611881494522,0.6433910139711344,1.319726834631803,-0.4304293933798786,0.1278547346591949,0.8742140312661375,1.2984722379136535,-0.4687958978602134,0.0757541880011558,0.6236685425269306,1.2616329595310962,-0.3735914850857121,0.1192009374499321,0.7911066890684707,1.3345976661140115,-0.01797839307778571,0.0012696289923042,0.6873106558476286,1.3344148664318212,0.04038250808273339,0.0014348613331094,0.7868511475096664,1.6466829589487872,-0.26726315289899294,0.0037974875885993,0.6734379279463049,1.597354726953807,-0.26424588632245605,0.0020892391912639,0.7692050730341845,1.949633594403025,-0.13040385849896177,0.0003683509712573,0.6706732474328331,1.908159012991981,-0.26390214044330124,0.00019380125741,0.791719801971078,1.9573182183983047,-0.1386295227976712,0.000418245763285,0.6235283167172156,1.941395629335113,-0.27906829829541463,0.0004116282798349,0.7457930981726588,1.9941665981145544,-0.44193880129055807,0.0007872533751651,0.6827585566984413,1.9587859052216514,-0.5884420541778768,0.0008061029366217
2025-11-11T0795.268383,113,0.7531984868038546,0.8428766042120336,-0.46573168215039235,0.9720783829689026,0.7696652279569074,0.8286706932962064,-0.4985955174063347,0.9543784856796264,0.783273373381789,0.8068618297181382,-0.5078435729247056,0.9641674160957336,0.7552733106676472,0.82599085647489,-0.48832230415539407,0.9594534039497375,0.751500624882154,0.8555933083975454,-0.43986540827178255,0.9592641592025756,0.7294218018680332,0.8272107039771073,-0.47671857145725516,0.9670209288597108,0.7172999668564206,0.8400177196048161,-0.434965410472465,0.9659771919250488,0.8062506064766536,0.8688851380310498,-0.3041200927342562,0.9708713293075562,0.7295490436130236,0.8443056159611579,-0.23893716260191464,0.9801850318908693,0.7316501135536099,0.8753544947393844,-0.39935598514985293,0.9786417484283448,0.768517647551514,0.8963441500402958,-0.4029977321043104,0.9831177592277528,0.8598422599455847,0.9807642736654719,-0.16234435345131437,0.9809696674346924,0.665673777548397,0.9752942395579599,-0.07926917528336186,0.9868353009223938,0.8966706757089172,1.1543686993411368,-0.18934378432013924,0.1294430047273636,0.6069265474801043,1.1101698714784896,-0.04346666972116142,0.4562552571296692,0.871004041492535,1.277395773648596,-0.471381470748916,0.0496137477457523,0.6150095270011202,1.2685856080394131,-0.2870728512588556,0.0963538959622383,0.881498930307939,1.317783399624076,-0.5415798341152916,0.0551258586347103,0.5959414117541119,1.313631659964886,-0.3879860119553624,0.0903946533799171,0.8592840529744125,1.320689566673386,-0.5817122810661489,0.0747187286615371,0.6153958894953606,1.3295847351913297,-0.40983692340269895,0.1236499026417732,0.8944365870902428,1.2963296093873562,-0.4881277099442152,0.0727228000760078,0.6087789077227418,1.3167783895361198,-0.3277392747384294,0.1157313138246536,0.8300888322235689,1.3411440269426245,-0.02025591049948701,0.0012380609987303,0.6783079602855672,1.319208907021746,0.027828010075551156,0.0014431360177695,0.7713623650956943,1.6738678125525803,-0.232769205263618,0.0035863518714904,0.6425565255547614,1.6500851693977083,-0.2736857551427691,0.0019875178113579,0.7997632501681057,1.9163368182198035,-0.13195854548113684,0.0003433279925957,0.6836929121372465,1.904076606491263,-0.21516020507820832,0.0001793510164134,0.7630140064847201,1.9838849778694074,-0.13497869354523107,0.0003949411038774,0.6383358534622847,1.9638148980474686,-0.26284442422954174,0.0003891104424837,0.7601838542888776,1.9877018970934321,-0.44322049199533875,0.0007342435419559,0.646668996448579,1.9404280802097467,-0.5737724473783382,0.0007805280038155
2025-11-11T0794.330563,114,0.7320358467419815,0.8240494972223469,-0.5133531933304819,0.9742903113365172,0.7374295521218462,0.827651247131399,-0.491011272107876,0.9578471779823304,0.7583178581542891,0.8216453524344256,-0.46114793732785403,0.9671903252601624,0.7668042710185475,0.8326577667982318,-0.46887141004518507,0.9627834558486938,0.7012482467802946,0.8445743932776988,-0.4611183268557495,0.9620916843414308,0.723410049031197,0.8388701967543285,-0.4668337548345786,0.9695347547531128,0.7190507579612829,0.8394265381292189,-0.4487060166557994,0.9683632254600524,0.8236321790432128,0.8322339427756934,-0.2874078902482217,0.9733963012695312,0.7069390882326504,0.8686503014954774,-0.23715512517402068,0.9816070795059204,0.7832629001324158,0.8824885405029863,-0.42683042250025816,0.9804452061653136,0.7516789513661648,0.8693104852240422,-0.42278237779412325,0.984355330467224,0.8738076788681304,1.01898274337519,-0.14744512806823618,0.9819360375404358,0.64809570864736,0.9287062352090377,-0.0725516019315161,0.9876287579536438,0.9123102365985798,1.1831091663266329,-0.24919556877901305,0.1430198401212692,0.6116733639479168,1.150597789954808,-0.031468921654442275,0.460515946149826,0.9441187121582434,1.3204583426756586,-0.497784406143493,0.0476136058568954,0.6045213646355729,1.2590384293087236,-0.26332496693911045,0.0931851491332054,0.9221557286716026,1.3396660861752625,-0.5718252558166907,0.0529667623341083,0.6236059926608339,1.3144078656743083,-0.30438680345272817,0.0872130244970321,0.8920777987220448,1.3253506750464576,-0.6237106095484842,0.0723832622170448,0.586694313285741,1.3139463207255864,-0.368748582233968,0.1204595789313316,0.897035486408509,1.3544601020695963,-0.5526700590808241,0.0704501494765281,0.6144117113257186,1.3053110324839543,-0.2606945415843861,0.1132140532135963,0.8250861273704702,1.3631114863559954,-0.03970504946245899,0.0013594883494079,0.6607274799230776,1.2959612452866813,0.032436710913054195,0.0016551850130781,0.8198268357252771,1.6485697928697536,-0.2662112293827357,0.00387002248317,0.6664062886392286,1.600034369488424,-0.2722841852748538,0.0021641864441335,0.7919345920661522,1.905017671488125,-0.18322571787872843,0.0003551341069396,0.6919165645137406,1.8938219182516296,-0.2993211824922963,0.0001782461768016,0.8062903604045424,1.9846770551918909,-0.196220351839691,0.0004305781039875,0.6537379488911352,1.9713463620166536,-0.34451633463359616,0.0004227838362567,0.7729628596746715,1.973848675591438,-0.5407620397166689,0.0007568855653516,0.6942156190160095,1.9618888177866756,-0.6593004238739758,0.0008990635978989
2025-11-11T0728.828984,115,0.715806068271959,0.8127167904309359,-0.4940246997366572,0.9762244820594788,0.7396422555826773,0.8261228115803223,-0.48741079735078585,0.9609885811805724,0.75639312276566,0.8088217802430624,-0.4966117821037387,0.9698753952980042,0.7418350358524255,0.8414374123128198,-0.48269177746755404,0.9657676815986632,0.716119094986439,0.8174856026524998,-0.48746461736131586,0.964727520942688,0.7264559899705522,0.8476112159764149,-0.44226255891556904,0.9718035459518432,0.7024338283645883,0.8111861406817834,-0.4625183641681616,0.9705846309661864,0.7682452460246035,0.8395035212615191,-0.3039314964788586,0.9756615161895752,0.7135451689366213,0.8389851681829931,-0.21283218162115441,0.982871949672699,0.7669517113405198,0.8626245267132893,-0.38855760387210697,0.9820650815963744,0.7098391007104742,0.895769599590686,-0.36090428024820087,0.985498547554016,0.857644932291895,0.9584628708826114,-0.16941612258395664,0.9829092025756836,0.6027387249824605,0.9856737915449255,-0.07269613097410339,0.988370954990387,0.9067009179486389,1.173912181220498,-0.25681238273776813,0.1441980302333831,0.5912898747496994,1.170043762163107,-0.04045499605913211,0.4545620679855346,0.9045734567389254,1.3042846113106528,-0.5351449365192769,0.0445203781127929,0.5934645929582067,1.306064336204921,-0.2127783729698181,0.0884484946727752,0.8933675173384643,1.3351658334673682,-0.6113722137171811,0.049602922052145,0.5841879506446405,1.379106767922758,-0.25770386085652464,0.0827283561229705,0.8798852512989029,1.3432605063372505,-0.6512658168613049,0.0680899024009704,0.6310338298675842,1.3854321346106653,-0.32856426838917363,0.1149438247084617,0.8865381396234601,1.3028532229627796,-0.5493190170443234,0.0662259012460708,0.633867715547759,1.3184294329006288,-0.2438914600148863,0.1082261577248573,0.8295248797955935,1.3331734445718364,-0.03504050241797904,0.0014934660866856,0.6599308884572852,1.349170846568732,0.0381279745159388,0.0018726026173681,0.8191903778611137,1.6217201243429609,-0.3055627226986079,0.0038192886859178,0.6669497796172414,1.5807634544764066,-0.28526381544553414,0.0021374761126935,0.8301477599035253,1.900401992507109,-0.19665784196232775,0.0003417988773435,0.6778237283326488,1.932706777986694,-0.2615654711076249,0.0001706907351035,0.8203811865752575,1.975124307412752,-0.20533291209716148,0.0004170969477854,0.671685482314852,1.9895379144833778,-0.264192414258767,0.0004055969475302,0.791501251484563,1.9854227317785345,-0.528112932188771,0.000731265055947,0.685731798566906,1.984953090708168,-0.6012771784603681,0.0009026431944221
2025-11-11T0752.430503,116,0.6988993387272917,0.845086781305853,-0.47228455074827796,0.9776991605758668,0.7325888477944021,0.8108794638951219,-0.4362115376084427,0.9631605744361876,0.731430510706288,0.828425000116076,-0.4480982205760992,0.9719182252883912,0.7498110028212521,0.8182881033878865,-0.44271158174812086,0.9679807424545288,0.6987806880270343,0.8263335453151737,-0.42472260476476603,0.966273307800293,0.6957365426828415,0.8236983288484782,-0.40593015696138235,0.9732467532157898,0.6890294137298447,0.826503889333039,-0.4648159786525252,0.9718334078788756,0.7377855452043668,0.818546293021133,-0.2880620485533332,0.9773975610733032,0.7027746845071855,0.8385501195527206,-0.23083137367243892,0.9834532737731934,0.7505407425106263,0.8837743704569091,-0.4069740683676454,0.9832580089569092,0.7083223113189508,0.857954541434378,-0.3902927558207554,0.9861092567443848,0.851412555152383,0.9706835426922859,-0.18717899944270155,0.9835522174835204,0.6159854177358542,0.9925264421954818,-0.10843117573967676,0.9886692762374878,0.9117831932989501,1.1528409821756047,-0.23446514634051385,0.1433436423540115,0.5950050347016689,1.142767504806142,-0.017008907290537036,0.4296244978904724,0.9107784004663066,1.3163656667032113,-0.48321593206634805,0.0413620062172412,0.6162669041121484,1.2956997601219415,-0.2515920715700414,0.0815764442086219,0.936598038066349,1.333131408678476,-0.557719720311578,0.0462712049484252,0.6297455583653719,1.3871298887657402,-0.318336300916191,0.076499193906784,0.9261798459676305,1.3439957498853867,-0.6170708432981024,0.0639662742614746,0.61623622748968,1.3946381910829169,-0.3558496933391804,0.1068419143557548,0.8892403869214248,1.3379989455292975,-0.5333555695208596,0.0620156526565551,0.6241846963390135,1.3642741024902798,-0.24801897444519636,0.1006662994623184,0.8353376553897969,1.314112803052353,-0.009716960596074575,0.0014870084123685,0.6792431795486822,1.3333710980602893,0.021873703530226184,0.0019032835261896,0.7847041318977409,1.6232460608753134,-0.26033058933437203,0.0038339081220328,0.6964812280087815,1.6088428515077282,-0.23198147788597998,0.0021453744266182,0.8161765073244365,1.914232630613176,-0.14382519403364785,0.0003370138874743,0.7090506456110496,1.9308910523166976,-0.20398046040986564,0.00016770856746,0.8214082303117628,1.977211716182048,-0.1450750345149105,0.0004095506446901,0.6827099299592864,1.9737314810330626,-0.20719342416820383,0.0003916430287063,0.7954926222515166,1.9827133400469776,-0.44766513885345055,0.0007160055683925,0.7302197012528864,1.9916517411045638,-0.551013648394247,0.0008796857437118
2025-11-11T0782.220134,117,0.7093332590007556,0.8282812997660667,-0.49971639396397055,0.9724821448326112,0.6872236988496572,0.8155848236458485,-0.48387293986281893,0.9580438137054444,0.7219638597557906,0.8058031981297732,-0.48655979547044986,0.9679908752441406,0.742538386989049,0.8350632870796382,-0.4769648252000138,0.9643585681915284,0.6806415580925279,0.8358380992062925,-0.48716263513043995,0.9599848389625548,0.6822297827481678,0.8254991958724248,-0.44231328071003667,0.9673474431037904,0.7016725718816311,0.8435915734758863,-0.47604165472094945,0.9656251668930054,0.7398803000166122,0.8085722916570399,-0.30266495940745863,0.9746020436286926,0.6729709535291823,0.8424619773061265,-0.256578871481493,0.9760913252830504,0.7410675109091974,0.8473422869873404,-0.43595552134092913,0.9788984656333924,0.7179181505408336,0.8836264444945597,-0.4020695833485042,0.978625476360321,0.8435995422317997,0.991926679557221,-0.22582224080437496,0.9776650071144104,0.6554943023408055,1.0077873209744215,-0.09276671469037831,0.9777399897575378,0.913761679433167,1.1084535652812137,-0.2599255473199825,0.1467343866825103,0.5916230608049989,1.1688255630509836,-0.034752914852852826,0.3958573937416076,0.8990355254335557,1.2059840417848635,-0.4957864853866814,0.0401589274406433,0.6014863402086112,1.2920294940557049,-0.33546785578031507,0.0751895606517791,0.9575819883292234,1.261081188521663,-0.55335399764852,0.0459286421537399,0.6217735193441601,1.2835164584373746,-0.36077705280462913,0.0717106759548187,0.9219969679652107,1.2317347956484255,-0.5925910769807647,0.0636365935206413,0.6120106165239495,1.2348623282952298,-0.41017073725971137,0.1005265340209007,0.9007245365318143,1.220766480669112,-0.5014888023496337,0.0608415193855762,0.5830028568610005,1.2354335753532766,-0.3498175277728881,0.0947130769491195,0.836245231004516,1.3851240051066473,-0.044186128632719486,0.0014976544771343,0.6938259471096819,1.3511185650286353,0.05617066405048365,0.0019586822018027,0.8243386117990414,1.5806932138420242,-0.22827286352661671,0.0044868444092571,0.6830198900427118,1.6144265286722634,-0.2151290220600332,0.0027107389178127,0.8125852061539228,1.898942084557607,0.0091534749986267,0.0004125598061364,0.7300745211172355,1.8497173336849362,0.007240834058114168,0.000270595162874,0.8394622485017472,1.922388843740563,-0.0005797195380074817,0.000433713721577,0.7276897289736822,1.9092648984650717,-0.013831884704302744,0.0005662011681124,0.8466436979394036,1.9535921077914666,-0.2738876886379085,0.000799780304078,0.7491925194117055,1.9471335891712171,-0.28424038148415554,0.0011740108020603
2025-11-11T0779.467861,118,0.7379508888536039,0.8443673037480708,-0.4787275319089927,0.9718648195266724,0.7103305604300929,0.8266224527668922,-0.4760197199485001,0.9570932984352112,0.7145902747137773,0.8255210592560245,-0.4765193684531872,0.967398762702942,0.7286052271365302,0.8154655846152253,-0.47199162282318435,0.9638866186141968,0.6775171152502208,0.845390065854557,-0.46405945769138546,0.9580522179603576,0.7021091703113458,0.8368015921805522,-0.47079672981975945,0.9657018184661864,0.6635284128767823,0.8384206942301914,-0.44667444584477817,0.9637871384620668,0.7274482228058057,0.81245832420918,-0.30073973763067285,0.9742799401283264,0.6533842814744827,0.8387562574473154,-0.2405299062396337,0.97310209274292,0.7392612287134912,0.8601618023016823,-0.4210750217573803,0.9784384965896606,0.6674564580280903,0.8489139995075816,-0.4068784314846494,0.9769925475120544,0.8293785699936146,0.9656128523456277,-0.237892344355205,0.9760115146636964,0.6468768114146447,0.9592921132638752,-0.13916985150582903,0.9741106033325196,0.9244115503520535,1.1195361262374643,-0.27531292260669266,0.1464652717113495,0.5972960073899541,1.2078942041216236,-0.09754129564139465,0.3649365901947021,0.9091884342618592,1.2396277995895062,-0.4668772718215263,0.0377359986305236,0.6026713321650418,1.256308507414331,-0.37740099782600534,0.0692175328731536,0.9356711772658072,1.2578414560569102,-0.531236898271124,0.0438292510807514,0.6040635633869039,1.2621278804640363,-0.45748619096157905,0.0669050067663192,0.9219611430512077,1.2836737563493943,-0.5860808996427301,0.0612099021673202,0.6070175157946942,1.295099551399694,-0.5019054300263466,0.0943647846579551,0.9319397724878876,1.2604300810057836,-0.5135028721703431,0.0582352615892887,0.6158895399952776,1.2618041618484028,-0.41308250096053867,0.0888858959078788,0.8297800288146668,1.3449073997136918,-0.06454888610770823,0.0014435787452384,0.6867542981218239,1.3613871421448795,0.05311975573419411,0.0018909286009147,0.8260676414141693,1.6077702480482055,-0.21792313960774531,0.0045912531204521,0.7233404576484846,1.583106318545576,-0.14542262865614636,0.002761757466942,0.8779723431479604,1.9055895848556395,-0.036518973171719434,0.0004079493519384,0.7239451172158927,1.884511667370209,-0.04900581962496791,0.0002734630252234,0.8638814279610696,1.9384586048033703,0.009884920251263555,0.0004136735806241,0.7681418009645875,1.908858377731174,-0.05437219789199117,0.0005589704960584,0.8413987213101388,1.9483723480136288,-0.30186772917961313,0.0007881680503487,0.7324325921194642,1.962497356806533,-0.3633603372271814,0.0011710012331604
2025-11-11T0795.861118,119,0.7006528534232127,0.8349789563949755,-0.5017552942982698,0.9739237427711488,0.68578205411421,0.7995819221515041,-0.48632196150960755,0.9597977995872498,0.6832362378985777,0.8244266672725096,-0.49315291432173647,0.9697009325027466,0.6951979546090238,0.800611743394135,-0.47761372188005935,0.9662864208221436,0.6837514103905786,0.8341989275846735,-0.4667391729130287,0.9601864218711852,0.6864241882236166,0.834387502655588,-0.4638213833847023,0.9675989747047424,0.6666525485500449,0.8064715137912719,-0.48412788114189037,0.9653455018997192,0.7290183378884357,0.8112020798528365,-0.33568142769223497,0.9760907888412476,0.6460348292233338,0.8611515216513463,-0.2843568499275568,0.9741969704627992,0.7115819810028771,0.8486175042372553,-0.434130278931283,0.980019509792328,0.6859759006290647,0.8662021898298994,-0.4214725533822344,0.9783043265342712,0.8667234816947296,0.9819423374253364,-0.21857449151000624,0.9776363372802734,0.6577594737387487,0.9915627164664049,-0.1339001400284473,0.974947988986969,0.9309220818023725,1.1220099969306498,-0.22090624224380734,0.1462557911872863,0.6269187780923375,1.19519986381099,-0.07438810636817744,0.3390338718891144,0.9021968851193637,1.2854327849075962,-0.4937126857269056,0.0363519005477428,0.6300652585776791,1.3423264513376045,-0.33849477660440935,0.0636510476469993,0.9375146644818482,1.3159152320442795,-0.5336950579389237,0.0422762222588062,0.6409352132190395,1.370020838205369,-0.4078871139950885,0.0618031732738018,0.9164219458191911,1.3659057479419021,-0.5865331646772523,0.0599329695105552,0.6114356346556669,1.3827892767329708,-0.4804986550988647,0.0876714810729026,0.8950168768093748,1.3328616941323888,-0.48960993012966775,0.056808952242136,0.621279339497563,1.341317261101114,-0.38214638716972543,0.0825971513986587,0.8209222197607845,1.3462860514940829,-0.04091362007555778,0.0013356634881347,0.6888000969890624,1.3673594415700263,0.0431722544639883,0.0017454855842515,0.8315348727399985,1.625202347583033,-0.21648121320841499,0.0042091086506843,0.7045605348496621,1.6226808994398896,-0.07515234993794634,0.0025300260167568,0.844139122348847,1.8721452131048513,0.0906729500204908,0.0003746727306861,0.7301069265534125,1.9313267472358302,0.042396889987005824,0.0002492368221282,0.8481494337658899,1.9532571475069838,0.04917798130216973,0.0003785401640925,0.7321970189527861,1.9574366583371867,0.03309217132217149,0.000509686244186,0.8096660611748395,1.9770796491565448,-0.2702057640846667,0.000724010169506,0.7126722291522329,1.9876706244651718,-0.2638185096340541,0.0010739765129983
2025-11-11T0797.306373,120,0.680190040600444,0.8409633233770184,-0.4787190650321184,0.9762173891067504,0.689006460472243,0.8253397661965581,-0.4775893009300163,0.9631739258766174,0.666352633684233,0.8039485526901774,-0.47200332886109897,0.9722810387611388,0.6888209076523389,0.823429639626461,-0.5047649674777059,0.9691181182861328,0.6576815330144745,0.8179374170416531,-0.42735110067899046,0.9632810950279236,0.6706426904913121,0.8276816257089199,-0.46757349774190726,0.9701140522956848,0.6524561148343516,0.8274976661020512,-0.4535270904201715,0.9678664803504944,0.7276985234812565,0.7941084199642798,-0.31724919491999093,0.9780431389808656,0.6509122114804015,0.8186141410023525,-0.21855115293220923,0.9759611487388612,0.7075876464697186,0.8618553592071317,-0.4261897802072966,0.9817564487457277,0.7186423594024864,0.8773600113077547,-0.40593638037201296,0.979967474937439,0.85206418269455,0.9557383008565404,-0.2412895813370691,0.9791760444641112,0.642174296721825,1.0184997240889953,-0.126903341288689,0.9759262204170228,0.9099928053869634,1.1549907954872891,-0.2732647908671095,0.1467364281415939,0.6079406099906348,1.2041249156390907,-0.09018055741406404,0.3140273094177246,0.9336656939699121,1.3048490680095444,-0.47950282736360245,0.0355264097452163,0.6129130744811322,1.3482527809964595,-0.31184664763669173,0.0590536631643772,0.9409856832788206,1.3194535202465125,-0.5639952498202406,0.0417588762938976,0.6011752176229703,1.3976414263188452,-0.4044286082732482,0.0579869076609611,0.9383543752189765,1.3393981536709028,-0.594492808419111,0.0602951273322105,0.6228311552368132,1.3863033852555322,-0.4360490414860594,0.082888051867485,0.9002263647109505,1.3258416750673456,-0.5116909029022758,0.0571925714612007,0.6340590564917044,1.3466225028713028,-0.3717059930896541,0.0784342437982559,0.8226404774619395,1.320950017579667,-0.05659487221348951,0.0012197503820061,0.6810765715812321,1.3575165931125843,0.04548900937611697,0.0015932583482936,0.840071625496752,1.628947143041429,-0.06222775031797889,0.0038113142363727,0.6762093332300461,1.6329139909543275,0.05781549545985494,0.0022972542792558,0.8456319162634317,1.9121729196568262,0.27987494924693496,0.0003420915163587,0.6937250538140114,1.8826670135098411,0.29046888580994085,0.0002264112263219,0.8592523712571609,1.9306748453079143,0.30046383795440995,0.0003436423430684,0.7489304475783666,1.9477005919926866,0.30647335162013856,0.000463620875962,0.8274083516093634,1.9927120193826782,0.003677979700393687,0.0006591295241378,0.7075244412173513,1.9645334940430963,0.0034482024472528,0.0009780372492969
2025-11-11T0721.641144,121,0.705735053214479,0.8322115456080126,-0.4967714930580398,0.9779248833656312,0.658624210461867,0.808256160997643,-0.4816398076468198,0.9654901027679444,0.6485402713358699,0.7974753122194599,-0.49918913636953033,0.9741581082344056,0.6918912367029597,0.7924142592413086,-0.4544421956299608,0.9710971117019652,0.6375067278601836,0.8315321768054498,-0.4453469657989276,0.9650385975837708,0.6597979050109666,0.8140535261673312,-0.45122750575416576,0.9716089963912964,0.617059027693884,0.8258548857560768,-0.44294604883368,0.9690064191818236,0.7059551497167236,0.8163426598198577,-0.3583294971292813,0.9794402718544006,0.6461493245319596,0.8414392661378677,-0.23391259459662617,0.9765899777412416,0.7268742900067,0.8599582638151857,-0.41795384904938737,0.9830498695373536,0.6590500458192736,0.8673936181196223,-0.41431961629649,0.9808549880981444,0.8241033246789208,0.9682766347716574,-0.20976819984462175,0.9804448485374452,0.6567324439287118,0.9812766024185282,-0.10885644979260437,0.9759469032287598,0.9145666262040244,1.0545421972351514,-0.24805347979985218,0.1516807824373245,0.5924009970201266,1.220276034901267,-0.07286843041973101,0.2892650663852691,0.9390048038896838,1.2778231436704104,-0.48919961132650097,0.0357190705835819,0.5944105252428603,1.3515094125927423,-0.35831617591247367,0.0544521138072013,0.9736025244673225,1.329234532097995,-0.5259382117513481,0.0421585999429225,0.6152526312185526,1.4081351063853895,-0.38365049647191685,0.0539425499737262,0.9310600405833034,1.3509792004410994,-0.5735025895398218,0.0619692653417587,0.6454173833234854,1.3680679007635168,-0.44151192246174337,0.0776048451662063,0.8991582503288342,1.3149562048944958,-0.5135507633940964,0.0584931820631027,0.6449090255085287,1.3599802992875372,-0.37642390142132515,0.0736124739050865,0.8309699602141372,1.3242750716194907,-0.04952777693347588,0.0011221659369766,0.6837722124665984,1.360745947331921,0.07278037138343162,0.0014630584046244,0.8346582277389069,1.5931754030416947,-0.11435412239376701,0.003462855471298,0.696751348036214,1.6106402069736927,0.029538357207428253,0.0020904573611915,0.846936603869578,1.8959470630219823,0.2428336358391259,0.0003136339364573,0.7249577773359046,1.932958775443445,0.1657432176309842,0.0002065884618787,0.8836676530415417,1.9421363524110165,0.19671443674848105,0.0003131180128548,0.7343868165232358,1.9790806440742943,0.20568177777030408,0.0004233826475683,0.8400696827634824,1.9782831326455146,-0.11558013294080433,0.0006047173519618,0.7514966697586101,1.999663204709679,-0.08604934846124915,0.0008960602572187
2025-11-11T0738.113391,122,0.6680246373094492,0.8265087254481017,-0.4733284738131656,0.9799340963363647,0.6803512335960689,0.7875582800529823,-0.4668296867075453,0.9685817360877992,0.6831319672495842,0.7723588987803829,-0.44879200730049434,0.9764904975891112,0.6586878579846768,0.7862257245092371,-0.4431548524819105,0.9736892580986024,0.6497075290903147,0.7900314578371698,-0.44942255002616927,0.9680101275444032,0.6419637394932867,0.8326461759804519,-0.4138159749811788,0.9740102887153624,0.6140576877069737,0.8143918597240118,-0.4253627771283064,0.9715390801429749,0.6996592338219526,0.8166056809727298,-0.3511753201654397,0.9812985062599182,0.6447321501495167,0.8605682030313332,-0.19297413712845185,0.9784126877784728,0.6770280151381639,0.8517322951477735,-0.40947346499945975,0.984610378742218,0.6817241779099876,0.8821333310631306,-0.3995612209757616,0.9824556708335876,0.8513288569518522,0.9536555052078233,-0.22208964242778467,0.98196542263031,0.6270946337596461,1.0104600593764586,-0.08234611029296815,0.9772713780403136,0.8803492696266696,1.0843693488996127,-0.2822233347706165,0.1567882001399994,0.56023870389552,1.2224450525764117,-0.09737396190782933,0.269825667142868,0.9175991229520403,1.2957407589057905,-0.4664692267857841,0.0354398638010025,0.5973105496153204,1.323759091856951,-0.38166843475754686,0.0509509071707725,0.9518724589235001,1.3407681140967072,-0.5440199576672538,0.0418973825871944,0.6028040604848783,1.38075994123276,-0.4562788815915621,0.0510822832584381,0.8983369316219915,1.380321924109891,-0.5771403242045621,0.0625497922301292,0.6444906946047186,1.393595441465951,-0.4902426720290763,0.0742057934403419,0.9268732244880935,1.3109565656768096,-0.47481264245648136,0.058876983821392,0.6207839869174973,1.381982946751366,-0.43380576428988804,0.0705373585224151,0.7893671753161526,1.3263834531706475,-0.06043321773841448,0.001046780613251,0.66530313462146,1.3575489804595007,0.08960532260298898,0.0013636157382279,0.8186348176841411,1.6275500063031718,-0.10689933821254392,0.0031534512527287,0.6802124833540729,1.6261048027058067,-0.00692648544023493,0.0019098269985988,0.8630616016906874,1.8999582925444143,0.18447110822566523,0.0002886758593376,0.7537451972473816,1.8986677387206792,0.2059389272511605,0.0001887841644929,0.8540107972335743,1.958337489686793,0.19788081224156034,0.0002859605883713,0.6922555745747113,1.9440516903650165,0.23215817006542044,0.0003880135773215,0.7845539844257019,1.9661765910146487,-0.15617872760540394,0.0005540848360396,0.7575331378410471,1.9910556952258611,-0.1270834738009655,0.0008226397330872
2025-11-11T0767.966273,123,0.6376014117996405,0.8111326867761951,-0.4475283408654147,0.9815398454666138,0.6549337098773286,0.8230759523862867,-0.4661576884771524,0.9709274768829346,0.6621518529424393,0.7789159348699789,-0.42036244312357085,0.9782852530479432,0.665517548271394,0.8097852813099219,-0.45755438001039744,0.9756425023078918,0.63373481436602,0.8111779516478935,-0.39438701012557864,0.9700234532356262,0.6492065460125455,0.8288754939139938,-0.4026041436872717,0.9756394028663636,0.6473312121350906,0.845874558447458,-0.4261724648270796,0.9731013178825378,0.6847608214587759,0.8056894235195359,-0.3752755784719824,0.9826876521110536,0.6243788656835927,0.8303583790101671,-0.18156163840519168,0.979521095752716,0.678278226270193,0.8547356605219113,-0.40124491914708127,0.985859751701355,0.6669728204364651,0.8759953682476429,-0.35913308072072314,0.9835467338562012,0.8032046767825016,0.9685852514861071,-0.26974394082355824,0.9831278324127196,0.6236752887795856,0.9811865073573538,-0.12487727440668933,0.977924644947052,0.8685923994438051,1.0795747225473715,-0.28669562433703444,0.1564760208129882,0.5841428481835927,1.210007550477164,-0.07577787990987192,0.2504132986068725,0.8983533096194858,1.295886631739849,-0.4647835559375119,0.0340114794671535,0.6037616738227678,1.3250620465253333,-0.3189466046160789,0.0469461940228939,0.9159452638790084,1.3612185765951907,-0.5247803533236189,0.0403293333947658,0.606702075409431,1.371151884449042,-0.39885648464603884,0.0473446659743785,0.9152798578739696,1.3588628282342432,-0.5616580871631206,0.060788843780756,0.6046655877274529,1.3806010270752513,-0.4454818661008294,0.0691517814993858,0.8809607494595748,1.3217062489557394,-0.5059571958776592,0.0572402626276016,0.6307629042688833,1.3799698724189697,-0.35922706961137935,0.066007949411869,0.8200197267209411,1.3314625162073013,-0.054008029367021884,0.0009664990939199,0.6734586028233776,1.3492062665145357,0.05584294100133555,0.0012578720925375,0.8603795561637925,1.6156461186865594,-0.037135759810703536,0.0028594124596565,0.7042664115185655,1.6417199376904517,0.09276840623534383,0.0017374266171827,0.8431447895688238,1.8906586761289075,0.28073663059702114,0.0002641578612383,0.6757389540988376,1.8988254568855714,0.35824869680853655,0.0001723304740153,0.8678258323810413,1.9448355957357242,0.3120299084994545,0.0002598095743451,0.7327157593957557,1.9450637790573373,0.3571968580649899,0.0003549835528247,0.8339578151725493,1.9867243381127482,0.018712340876659704,0.000506357231643,0.7173744180756698,1.992844293112317,0.022846891083357683,0.0007523918757215
2025-11-11T0769.440771,124,0.6294168506617043,0.8138053954417195,-0.4242239765050344,0.982574224472046,0.6420517191808616,0.813997212534659,-0.439929024187567,0.9722657799720764,0.6485476029993497,0.7873243295333294,-0.4494255920184808,0.9793580174446106,0.6530827203616609,0.7841013589052357,-0.42474152414720456,0.9767037034034728,0.6334009629632745,0.8252717075352871,-0.3958438725146868,0.9707003831863404,0.6330804239763234,0.8361848929126928,-0.37233753050207463,0.9762349128723145,0.6358814547078437,0.8434488066044303,-0.4052657868244546,0.9734414219856262,0.6880836154042862,0.8049917143639327,-0.3588978744671179,0.9834792017936708,0.6324174773984937,0.8293136112537667,-0.1944144215103259,0.9797601103782654,0.6759513116604424,0.8374085447967475,-0.39218875358006383,0.9866762161254884,0.6632084228760362,0.866871257523379,-0.3434547473067981,0.9838772416114808,0.8473635018562488,0.9495565724517068,-0.26241549819376486,0.9838477969169616,0.6458181072268643,0.9745175597921281,-0.10979551456624677,0.9781811237335204,0.8900984348197079,1.0875343742140509,-0.2599666979789539,0.1517635881900787,0.6097500762303056,1.1999744999926656,-0.10237764619005202,0.2338954955339431,0.9062600962080524,1.2929328865282939,-0.46255091704756895,0.0321648158133029,0.643905158798735,1.3654543059371977,-0.31183377771938064,0.0434303171932697,0.9178843525458765,1.3390345300472741,-0.5194060482513408,0.0382405295968055,0.5924211603593776,1.4089672383083847,-0.38491410003963106,0.0440274290740489,0.9236829917637706,1.3728183824036573,-0.5268386833982294,0.058057464659214,0.6238071783130895,1.4094340075357488,-0.389072435609758,0.0647011920809745,0.9029560243352326,1.349226810538871,-0.46235804085316456,0.05464618653059,0.6181465226132021,1.3630580914316766,-0.355411762245582,0.0619471371173858,0.8276123838432545,1.3263227034228757,-0.07138685106622,0.0008875530329532,0.6762797489784717,1.3465807427060543,0.09402987387466938,0.0011563445441424,0.8485967345662002,1.612328604827591,-0.0329920342049227,0.0025908590760082,0.6894998697281743,1.6637715833353977,0.10718134937407309,0.0015819465043023,0.8684355740856508,1.8938533861071607,0.2886634800247514,0.000240937777562,0.7114325701636236,1.909256481487377,0.3500440369439587,0.0001574850175529,0.8357520943632751,1.9569867128812994,0.312697853370457,0.0002357627090532,0.7100943796491117,1.9625568722619657,0.3685747088795785,0.0003257006173953,0.8374189886577014,1.9765472622682947,-0.02583436916971281,0.0004630827461369,0.7242345666969794,1.996657752976441,0.026838323238832874,0.000690775050316
2025-11-11T0725.304837,125,0.6235041905958197,0.8406457021924187,-0.39430373964433013,0.9838992953300476,0.6443761657276554,0.8310184751800253,-0.3826902562691792,0.974301278591156,0.6324254875093177,0.7986601540825259,-0.39856702457337345,0.9808976054191588,0.6842404036591827,0.7836262380443917,-0.3690708641792745,0.97842937707901,0.6169999675406538,0.8114520644521084,-0.3605685640110448,0.9724380373954772,0.5912852508731568,0.8378667267788953,-0.3507599455356296,0.9775944948196412,0.6164341441817919,0.8269857911866291,-0.34434150906154903,0.97483229637146,0.6528387492370091,0.7910861247268268,-0.3624159322647916,0.9847548604011536,0.6135356570240532,0.8517615270242163,-0.1620942028737583,0.980848491191864,0.6190744206911526,0.8626399332053905,-0.3576438767298523,0.9877168536186218,0.6275856368152326,0.8654599799062531,-0.2636739026171265,0.9847248792648317,0.82031860293282,0.9296663860832373,-0.26892262160387187,0.9850506782531738,0.6480365030057448,0.9824347925394609,-0.07766151103608133,0.9786221385002136,0.9014646237417572,1.1094042072922112,-0.27325459200403646,0.1516980677843094,0.6058146819093033,1.172058046640523,-0.07790448148942021,0.2185693085193634,0.8811791946118667,1.3011577964375698,-0.40659388734172974,0.0316280238330364,0.6218298175901387,1.3354538971664125,-0.2740360421432809,0.0399219468235969,0.9102866713453273,1.3712101038980238,-0.44150321921094,0.0372897647321224,0.6241949637300811,1.3949544562348022,-0.2885051326052566,0.0405858531594276,0.889175384293072,1.377118841626307,-0.4978216177078804,0.0572137758135795,0.61116890476038,1.4047938944183047,-0.329023582820819,0.060004636645317,0.908654111008618,1.3490824565936463,-0.4059663223317606,0.0537229552865028,0.6178164701289768,1.378426048157354,-0.28912425507491885,0.0577137507498264,0.8094108946609831,1.3286025250245377,-0.0619976496731748,0.000814248342067,0.6376429634786211,1.3484323300603342,0.07062941421889952,0.001059515052475,0.8331668749893913,1.6515675562656118,-0.03695900046281713,0.0023407361004501,0.7065297678102909,1.6565962211408594,0.1346516536276891,0.001432760618627,0.8400765582083173,1.9227254923820298,0.31816086256419646,0.0002184011245844,0.7189885263443587,1.9282225503700177,0.39608372264018443,0.0001425713853677,0.8536806455266892,1.9268419132339913,0.3292939891174685,0.0002132118534063,0.6882669273101942,1.9703188519054227,0.4185485311432135,0.000296080193948,0.824826397530485,1.990715500707831,0.03240961337819947,0.0004201499396003,0.7210534895622346,2.0015135572575447,0.114853408410135,0.0006285181152634
2025-11-11T0765.695478,126,0.5999247084898943,0.8364370055639669,-0.36696389376321037,0.9848509430885316,0.6421840925767925,0.8164753673311915,-0.4058088111306283,0.9757763743400574,0.6196176948318157,0.784019550289434,-0.3662897346883346,0.9820215106010436,0.6497934445073067,0.8124057575846272,-0.3811325063386663,0.9797055125236512,0.6264846547268583,0.8365718077791551,-0.3292672724551036,0.9733227491378784,0.6187555359982091,0.8497809288941197,-0.32702487670855973,0.978163719177246,0.6080277561670768,0.8502475554771295,-0.33859812302620235,0.9753269553184508,0.6630246602518334,0.8126516320784358,-0.33457006903568576,0.9857934713363647,0.6093283162342579,0.8525710109879602,-0.15415591801268985,0.9813120365142822,0.6813841545896665,0.8435649267614427,-0.33276611201406703,0.9885271191596984,0.6169333270567461,0.8831783351855101,-0.2592252936207001,0.9850760102272034,0.8432355531030881,0.9378013854557757,-0.2650062281869168,0.986112415790558,0.6028018586750574,1.0098544732123549,-0.037900503458734594,0.9785200953483582,0.8929733749003561,1.0816054877286039,-0.28603709989919957,0.1558557897806167,0.6209144162620255,1.2181745188068263,0.009315979105667227,0.2040754705667495,0.8851545399377349,1.2944420318146,-0.37953944594903827,0.0311528164893388,0.5808938263938248,1.3856143585110945,-0.2772727832940393,0.036677423864603,0.9192963656903638,1.3428662057185654,-0.4672926468695199,0.0364011041820049,0.6019935292991313,1.4325533964965815,-0.2601641141151233,0.0374011173844337,0.8997658989693793,1.3736510717370976,-0.4892851200326311,0.0563840046525001,0.6286112285402132,1.4040497509405316,-0.32914031824301143,0.055600207298994,0.8799837758816977,1.3687565699175805,-0.41505382836166677,0.0526011995971202,0.6331078044482796,1.3761267857248893,-0.27394073754590414,0.05365876480937,0.7979597347621079,1.3185570006219813,-0.09206983839811528,0.0007437645108439,0.6744756546510705,1.3584523154861778,0.07859732940287345,0.0009673035820014,0.8451886641519379,1.6205222103113348,-0.04277620857826575,0.0021162987686693,0.7065671626653931,1.6416832843835036,0.14381539182533928,0.0013009811518713,0.8468335260433072,1.9226875877712986,0.31186171884713293,0.0001982459216378,0.6971218261775182,1.9220930294583511,0.3830580056354201,0.0001295239489991,0.866951547317533,1.9392543570625187,0.3405624674485941,0.0001929588470375,0.7032951268131098,1.9640789224841277,0.4085921343187331,0.0002706203085836,0.8188160654773684,1.99053465192927,0.005745645556250381,0.000381630990887,0.734527223155212,1.9969711726531965,0.09374707485518396,0.0005737763713113
2025-11-11T0741.163193,127,0.5926080479334902,0.8739314378105553,-0.31189077493979095,0.9856338500976562,0.6157942729966049,0.7964234199784125,-0.3313027991301036,0.9770737886428832,0.5877432657743891,0.8295696201479201,-0.335515837460677,0.9830325841903688,0.6240958424904933,0.8007321083965312,-0.36331434889027026,0.9808943867683412,0.6000023410741491,0.8512883191634556,-0.2937194792508301,0.9739076495170592,0.582524715901265,0.8366829897255517,-0.3172494030965009,0.978419303894043,0.611448114486257,0.8121613433700066,-0.3220996552038593,0.9755544662475586,0.6241655427795552,0.8441096655593705,-0.33163387845428793,0.9867748022079468,0.6088918925636954,0.8449146865887758,-0.10645994485784427,0.9816122055053712,0.6050255788288481,0.8509868006517005,-0.3132771642993319,0.9892045259475708,0.5813653677291896,0.8728379588032628,-0.2503387499496139,0.98515385389328,0.8062087872599766,0.9243264452007716,-0.2864704561592329,0.9871184825897216,0.6345265701821143,0.9779518988043425,0.005026463031180099,0.977601170539856,0.8774616104387126,1.083964684110404,-0.34434663135406113,0.1639085114002227,0.5968032018414036,1.2068989347606436,0.11994149747573146,0.1895019114017486,0.8937426698596385,1.305575289630844,-0.42190171633347057,0.0305475145578384,0.61125829553287,1.3487921532573328,-0.057308096914652114,0.0336709395051002,0.9122749161335296,1.3767732252367844,-0.510064182172122,0.0355403758585453,0.6329295648152664,1.4078645480307268,-0.11076683015712989,0.0344802737236022,0.8577869750418482,1.390206972768432,-0.49276363502271336,0.0556782595813274,0.6497973130049807,1.3824972834688893,-0.1800066983424296,0.0516208596527576,0.8658834073561963,1.3374859165522852,-0.4501743206228244,0.0513137057423591,0.6078150469101578,1.362061988573923,-0.10349450427740516,0.0499574579298496,0.7955678416820927,1.3551649311021536,-0.11656618930008544,0.0006775179062969,0.6478988683370622,1.3484840760740562,0.08321547180734802,0.0008801787043921,0.8424768151410049,1.6414871630073642,-0.048192938869373696,0.0019146100385114,0.729348070060757,1.6492084101981856,0.1475861313163946,0.0011834127362817,0.842472408508014,1.89731859177934,0.28888664327257646,0.0001796131400624,0.7147554762560138,1.9146119590677595,0.3919773336964276,0.0001176190271507,0.8460868794460046,1.9398541664962368,0.30221623320774305,0.000174397995579,0.7424464431460558,1.9774291285959993,0.3959245719491916,0.0002470200706738,0.8123582221864651,1.999194110301515,-0.022751925956323277,0.000346471730154,0.730588165613699,2.0257094830290683,0.10905749288461768,0.0005235141143202
2025-11-11T0720.358371,128,0.5854173695760162,0.8908553978181106,-0.21995365001477007,0.986867129802704,0.5626190672999097,0.8259652406110172,-0.2815753140654137,0.979083776473999,0.5552834599513934,0.8365819882013924,-0.2952250715530663,0.9844943881034852,0.5970335056986042,0.8156869182657807,-0.3087446090327511,0.9825875163078308,0.5782140696069108,0.8449495371760064,-0.21376933981431825,0.9759924411773682,0.5643491507444731,0.8746315858947759,-0.22593111514283312,0.980021357536316,0.5529318540025283,0.8717441583674356,-0.23892653663928934,0.9774525761604308,0.5896205276189614,0.8231318583578512,-0.37866424725382525,0.9879862070083618,0.5545685743835063,0.8497680235355686,-0.02018651577658273,0.9830082654953004,0.6348457491790623,0.8803045675766589,-0.2618538877871422,0.9901517033576964,0.5700519278910463,0.8993720498458602,-0.19819794348480843,0.9862372279167176,0.8071852752693361,0.9266890556110344,-0.36914719820525244,0.9882656335830688,0.6130874167586712,0.9892233033914173,0.07476178564376847,0.978496789932251,0.8833637452526181,1.1219986907926491,-0.4134007832669222,0.1869784295558929,0.5954034870752086,1.1984568297619962,0.1968955124236028,0.178025484085083,0.8889429456970118,1.2942533565848109,-0.47037269314440744,0.0311434660106897,0.6302644208610657,1.3383390666330313,0.02230233841845413,0.0309912636876106,0.8969962032377866,1.3835090722591905,-0.4869694264753657,0.0359458364546299,0.6065562811107893,1.379375308980226,0.04465922712736249,0.0319490209221839,0.8623956834343023,1.3666845228659246,-0.5391643477923946,0.056963812559843,0.6013336293701754,1.3772127983120834,-0.01736677820746844,0.0482399500906467,0.8344134971517115,1.3634715686073238,-0.49492350691439085,0.0518144890666008,0.6227131010747143,1.3642123840918474,0.03213695331210639,0.0468793772161006,0.8039832811399147,1.3828624256910158,-0.13625979796804155,0.0006176466122269,0.696403962293917,1.388571386963331,0.1524748326929375,0.0008011597092263,0.8114104203026942,1.6705288611776679,-0.09818660549304818,0.0017314122524112,0.6967170475184828,1.6657510474729804,0.20326201906207766,0.0010766711784526,0.8063447927069111,1.9332192814451676,0.2635752514999386,0.0001624639990041,0.6786130119889371,1.9350751687813776,0.44088511286044085,0.0001064998796209,0.8254650554847645,1.9346125248067623,0.29890968639093174,0.0001574690104462,0.6971330969411782,1.9696461718073512,0.47724902632812183,0.0002254429127788,0.8108051262421601,2.0446310044481693,-0.028719444414139504,0.0003137102175969,0.6937031063007778,2.022726668599104,0.19448604485747567,0.0004757585702463
2025-11-11T0769.974408,129,0.5614367512669353,0.8654169461537121,-0.22702142623333055,0.9878708720207214,0.5750823685433768,0.8218526475978734,-0.2659811901963009,0.9808149337768556,0.5589891429151916,0.8347430691763618,-0.2410589156883782,0.9857339859008788,0.5538352063488748,0.8471998370959848,-0.23612234844414848,0.9840700030326844,0.5499769630412292,0.8516799304649741,-0.1945461954501524,0.9777323007583618,0.5494450036190366,0.8531648713409046,-0.17724093017841075,0.9812700152397156,0.552424159762481,0.8503073740636028,-0.20346782120634735,0.9789994359016418,0.5776446593103933,0.8261251747076304,-0.35798529876743257,0.98905748128891,0.6146347882764738,0.8613551140212459,-7.050104089057884e-05,0.9840508103370668,0.5970913641681328,0.8778678536274827,-0.2222375333706047,0.990927755832672,0.5705619794215996,0.9204633926133559,-0.12284311058033925,0.9869121313095092,0.7866051442681792,0.9239169034241416,-0.39826265072180145,0.9893115162849426,0.6061732855614982,0.9611904988072493,0.10399957180192175,0.9784361720085144,0.8556519932905213,1.1130503277850512,-0.4843451720475702,0.2107992470264434,0.6270346453669313,1.2293298289183967,0.20699058147212596,0.1648114919662475,0.8738526274358326,1.2925354197809154,-0.46473081931273286,0.0333074294030666,0.612182139783612,1.3585354307828883,0.05238097919751879,0.0284799840301275,0.8643885190599677,1.3730407076288447,-0.5264030617707863,0.0382070764899253,0.6224162143021339,1.4149998628297793,0.0059318912029457105,0.0296823047101497,0.8611402108897446,1.3967765476287353,-0.5003532959973928,0.061129380017519,0.5930185646033048,1.3970536145923858,-0.026655852834757892,0.0452353954315185,0.8591319332176878,1.3635625694586926,-0.47710586489995943,0.054856963455677,0.5935536859230899,1.363474326385439,0.014343956865065559,0.0441655479371547,0.7910151448794627,1.3139632047116423,-0.10530837863614098,0.0005636261194013,0.6566427943054401,1.3645933207178012,0.15668975921456135,0.0007281751022674,0.7918203413359945,1.670544509997408,-0.12706477890765916,0.0015668248524889,0.679991941776734,1.674618891464747,0.22218315572051295,0.0009789208415895,0.8425609961307152,1.9234416448141625,0.23437791802866548,0.0001470654824515,0.7070079329545726,1.9489779547153514,0.4419230718210353,9.637897892389446e-05,0.8418822532637561,1.986824101486556,0.24063493202942676,0.0001422745699528,0.7141786525575803,2.0050519336989736,0.4579953068865039,0.0002058911049971,0.7537850580350975,2.003854441228553,-0.03266333714036478,0.0002840749802999,0.6841073587390689,2.008931552090704,0.20211460861505712,0.0004326560301706
2025-11-11T0739.260836,130,0.5569045130219471,0.9258233833528053,-0.2334700233757014,0.9887080192565918,0.5136230264682837,0.8637528216621502,-0.3023876520439343,0.9823843836784364,0.5379093412211461,0.8449166135507428,-0.2817365988841342,0.9868784546852112,0.5545725971031542,0.8685142665141666,-0.282290270661627,0.9854241013526917,0.5389015118123349,0.8732610181358218,-0.2210342874018615,0.979249894618988,0.5417107619840377,0.8850327854589976,-0.206541608087651,0.9822552800178528,0.543235990845978,0.8777453233638097,-0.1871646162848844,0.9801106452941896,0.5700784564942477,0.7923237932816248,-0.3326367855724697,0.9900528788566588,0.5720707219420279,0.836245777497817,-0.040192351829518004,0.984778881072998,0.5755083338365252,0.9091254764392768,-0.25995091611745924,0.9916245937347412,0.5786563290703064,0.9080870889390467,-0.1562950973710311,0.9873414635658264,0.7627379425695211,0.9182484659982943,-0.42845071225035086,0.990283727645874,0.5903067912004654,0.9923905319173408,0.10681079159939023,0.9771674275398254,0.8486136448715024,1.1645896882213664,-0.49924403545478474,0.2392168641090393,0.5979717447325592,1.1577549090417802,0.2430739051367723,0.1519149243831634,0.842339395074673,1.318359338707946,-0.5038394984036889,0.0429801531136035,0.5860880847881613,1.1568095977044348,0.2175140833504622,0.0285928212106227,0.8617533566781228,1.3495778615733487,-0.5096015868654988,0.0508461445569992,0.549152096902061,1.1497487588610893,0.20399538479102905,0.0311117693781852,0.8499526197481018,1.3674616056391173,-0.46211466721453215,0.0808808133006095,0.556469362737165,1.147250194884257,0.18559021036430057,0.0479781553149223,0.8245608763208917,1.3324439016588323,-0.4465077816579491,0.0708175599575042,0.5520030510274735,1.1200854752788274,0.18929842236025438,0.0472887158393859,0.7709953303163073,1.3524580787606997,-0.17825845996921624,0.000521752401255,0.6586204506713399,1.366404151199146,0.17311105643089236,0.0006642747321166,0.7636181708905764,1.673320727258463,-0.13392239414266752,0.0014262497425079,0.6544534311901663,1.6567665913852998,0.20838964399792204,0.0009003513259813,0.7893738898135715,1.9250916245483538,0.2278847112020757,0.0001330132363364,0.6748692029498672,1.9258018917490758,0.47542969984172295,8.71578959049657e-05,0.8479711548639159,1.951938250480707,0.21730702349363373,0.0001284642057726,0.687279308810245,1.9740485852387586,0.48782194022574493,0.0001862725039245,0.7295918753692948,2.0374599718591484,-0.03438655180758406,0.0002572177909314,0.6483228299556043,2.031736224800063,0.21196435399690144,0.0003917116846423
2025-11-11T0717.528513,131,0.5309607037469254,0.9184917305138932,-0.20690018067783272,0.9894169569015504,0.524735129760932,0.8740167973843525,-0.2501007827924407,0.9837449193000792,0.5329546986380976,0.8646485840277441,-0.21871311870299318,0.9878553748130798,0.5342607319350495,0.834206435884648,-0.2520243518527027,0.9866231083869934,0.5369695010369671,0.884156052016679,-0.18367582297306057,0.980472981929779,0.5049911335952392,0.8781667124641144,-0.19050218455075407,0.9829420447349548,0.5175507220946121,0.8808560489862928,-0.1916979661198739,0.9809451699256896,0.5628068142018502,0.8388554327157833,-0.3366163272169807,0.9909359812736512,0.5673290810650939,0.8430888141036543,-0.01458396357904648,0.9850903749465942,0.5689323590903433,0.9089055521848282,-0.2187282270158036,0.9922207593917848,0.578113816161877,0.9303706835354781,-0.15099760981461474,0.9873791337013244,0.7271957036349881,0.8947253744667985,-0.4186202827884102,0.9911755919456482,0.5889083794612621,0.9673037093083241,0.12668170023008293,0.9758836030960084,0.8231080278547147,1.0648337166521606,-0.47464068284654654,0.2802077829837799,0.5519352271899646,1.128400562292502,0.20664048093285095,0.1430417597293853,0.8552775522611907,1.3084941336268747,-0.4214387719350957,0.0614585988223552,0.5288228102448909,1.0754617611196895,0.12344943206833116,0.03619996458292,0.849759123279939,1.361209091852945,-0.43353831500625883,0.0727831348776817,0.5108747303371013,0.9960166619704499,0.13411551741324423,0.0395859107375144,0.8068743421929674,1.4235332882536014,-0.44542058123115696,0.1123063713312149,0.5281890110686057,0.9949260987724401,0.11652082383979752,0.0601455718278884,0.8191478514117849,1.341490691499939,-0.4288048304718315,0.09713876247406,0.5318532045581927,0.9759177058717969,0.12666882333288926,0.0590569265186786,0.7332413169364337,1.3535571656502816,-0.16964160679580537,0.0005018857191316,0.630027632222098,1.35602123989344,0.1766135195073097,0.0006180495256558,0.7640154482148683,1.671359579814731,-0.1794067471494022,0.0013203925918787,0.651306311485667,1.6643104875096184,0.18024630344189765,0.0008483763085678,0.7601809318183579,1.9193874952335266,0.0717404074077009,0.000120697201055,0.6455877682653535,1.9393271709476452,0.4366640643564756,7.911308784969151e-05,0.801934259973903,1.974444552038166,0.07966680419804414,0.0001161565742222,0.6586189810075953,1.9559243058789366,0.3765936000352449,0.0001687445765128,0.7220346932108398,2.024028863028191,-0.14045466146482583,0.0002333368029212,0.6468424701618516,2.013854058973004,0.11954097161833842,0.0003553070127964
2025-11-11T0763.202627,132,0.48119944103185563,0.8992044838186721,-0.16442738037956206,0.9899559020996094,0.5216436710640495,0.8951450916011717,-0.24515188678629704,0.9848405718803406,0.5222835764331898,0.8218365988539249,-0.2656390493444736,0.9886346459388732,0.5169879565659681,0.8409127181285067,-0.22522628437480588,0.9876194596290588,0.499292963649099,0.8620008388026501,-0.17039588373902093,0.9813294410705566,0.5117535082158264,0.8658925971306746,-0.15250121269433126,0.9832627177238464,0.5163568290965269,0.8743980271929752,-0.13709764616158684,0.981436848640442,0.5681317996089305,0.8227481945478134,-0.32382118151648276,0.9916886687278748,0.5434147674053839,0.8527593543833384,0.0005086168912508768,0.9852930903434752,0.5516778619018748,0.9023539553789924,-0.23942184345743245,0.9927501082420348,0.5441007400359561,0.9236676470225743,-0.09960713728065268,0.9875326156616212,0.7350281180589784,0.8996724389855891,-0.3628099668949749,0.9919969439506532,0.5831669463000656,0.9544900597811605,0.1570867934087659,0.9768043756484984,0.7927510598861178,1.0716610383781549,-0.4485940657268301,0.3212279379367828,0.5412100926880254,1.0698661941643364,0.25986995735537105,0.1410135924816131,0.7757454380181724,1.3144335599913333,-0.39912055617381237,0.0765820667147636,0.5087269066186618,0.9651085046782508,0.24736151156154582,0.0482353083789348,0.7882275802994595,1.355869737476052,-0.42569918508785054,0.0896693989634513,0.5102904586053157,0.950294671339251,0.24875761585598916,0.0494341775774955,0.7730823033394905,1.343747369989475,-0.4083886398673036,0.1360539495944976,0.5196405377761942,0.9385484791565738,0.25664280066093964,0.0730677843093872,0.7635541219688727,1.359373832061233,-0.4090202166123043,0.11577670276165,0.4965636884716349,0.9506181161709979,0.24599586999219442,0.0715606808662414,0.7237086321116937,1.3219547588966691,-0.16595778870575487,0.000491353450343,0.6078173912315288,1.3221353880591808,0.19739738741163038,0.0005857274518348,0.6904739301916537,1.681354625503745,-0.22611028023427768,0.0012555491412058,0.6173172963960724,1.6169299623038231,0.14563850118498012,0.0008406187407672,0.7305769804862289,1.9347195350208313,0.04033134977653119,0.0001107089992729,0.6177027527414968,1.9113152473755595,0.3408500685885827,7.265635213116184e-05,0.7111524942215598,1.9795217962824703,0.04453766800856895,0.0001057948902598,0.651378754037763,1.9598721748881913,0.34187352268473775,0.0001542798709124,0.7037619894581912,1.991203125823061,-0.17794486136138452,0.0002132446825271,0.6048315017104056,2.022307736136269,0.11541952389237087,0.0003245703119318
2025-11-11T0764.436287,133,0.499335664055288,0.895680887933295,-0.22096846251681218,0.9902828335762024,0.5290867877852551,0.8611882689308425,-0.26205893123424095,0.9854847192764282,0.5045992140281986,0.8426215229447663,-0.2726724587792143,0.9890238046646118,0.5255878873034635,0.8469172399434101,-0.2639498601783895,0.9882081151008606,0.5272907018815017,0.8663504147399621,-0.19876281477577767,0.9817729592323304,0.5018840744812776,0.8715967110860888,-0.17057809650504085,0.9833167791366576,0.5200471613722316,0.8659585892789307,-0.2067770124685112,0.9817817807197572,0.5213284920867741,0.8226433000996791,-0.35435607189763657,0.9921782612800598,0.5337436985786271,0.8418410263881774,-0.017171772003054548,0.9851486086845398,0.5490253933701761,0.8872698220475135,-0.23674606235337095,0.9930458068847656,0.5216987561940055,0.9222346789993089,-0.15975876016665516,0.9874078631401062,0.7234615543049484,0.9119934543873496,-0.384485242076779,0.9926409721374512,0.5461754686013748,0.9357600938799526,0.1033135611599259,0.9778673648834229,0.7763297254093777,1.0796474766721638,-0.431129755811828,0.347920149564743,0.5036057860330001,1.1009208865013176,0.23921901974358464,0.1427455246448516,0.7453187694563986,1.3163829204766675,-0.39168832954190297,0.0836035683751106,0.509414588680764,1.029259397655763,0.189440700144666,0.0726082473993301,0.7863792197952165,1.362398802047054,-0.3994539135926067,0.0992752090096473,0.5060266494770378,0.9925564851184312,0.16334188632263227,0.0691812261939048,0.7582827231500764,1.3584690763655767,-0.3858112048984034,0.150069773197174,0.5070804488988968,0.9692489826856063,0.14549215972945986,0.0979969650506973,0.7439998983655199,1.3468651292127216,-0.37022975962799176,0.1260656863451004,0.5112297898280489,0.9712139510351614,0.13304767101968373,0.0932005047798156,0.7299147936215509,1.3066704974783745,-0.1765169218980516,0.0004824321658816,0.5882354944304442,1.3429300139152833,0.1612611186297215,0.0005639439332298,0.7197307499298037,1.6353508147719726,-0.1825012132810509,0.0012751108733937,0.5894154167577859,1.6181293358436473,0.15110438709081941,0.0009205810492858,0.7346691618227711,1.947874783624936,0.07895948554140027,0.000103839309304,0.5838310495394302,1.9172418635623107,0.3104137932297475,6.924085755599663e-05,0.7196605198011748,1.9583624333379763,0.06687519445026585,9.720067464513704e-05,0.6212802466846998,1.9661063885262557,0.3162876259624285,0.0001440545311197,0.696635911642311,2.0090028939069,-0.16231628605867157,0.0001973828912014,0.6137097293978784,1.9677226513192811,0.08290712487697763,0.0003017548006027
2025-11-11T0726.828944,134,0.516245173192487,0.8934528614549898,-0.31021823765439166,0.9908201694488524,0.493874445590372,0.8731551282727896,-0.3376304206115506,0.9863290786743164,0.49433979399468153,0.830359047221133,-0.3756926233140972,0.9895995259284972,0.48746013711168745,0.8655029396291817,-0.35141989202464513,0.988886058330536,0.4915502120630767,0.8799970421920293,-0.295183993066665,0.9825207591056824,0.4919410303537151,0.8763548206059382,-0.3068264906301711,0.9838177561759948,0.5012432497874321,0.8649757063450482,-0.30379872250061574,0.9824009537696838,0.535311258576742,0.8221695111668262,-0.422697373460204,0.9927774667739868,0.5200973511671632,0.8760321081901129,-0.10187666966960063,0.985529601573944,0.5418715494440727,0.9179058584081646,-0.3259448749406593,0.9935812950134276,0.5126640564707196,0.9280812072540516,-0.23088149546729392,0.988073229789734,0.6702112516079152,0.8807810272734253,-0.4168889683154372,0.99330335855484,0.5568594369565315,0.9650017192643607,0.06963261847024227,0.9796343445777892,0.7735518144051673,1.0727430099601034,-0.4786098249555114,0.3672195374965668,0.4761996803660539,1.1128622782406603,-0.03980056692888722,0.148540586233139,0.7532057314500075,1.2880406247733116,-0.39358544669308526,0.0823964327573776,0.5037897368649612,1.053378290067401,-0.3831627213588712,0.0998165160417556,0.7451916188318134,1.3503885667022457,-0.40966363365352637,0.0984820127487182,0.4941664866152774,0.9655443522742342,-0.41327283026192957,0.0911702811717987,0.714640115151714,1.3683738276416817,-0.4386955693068602,0.1498083621263504,0.5030074065633563,0.9385101279905678,-0.4067363782258569,0.124170146882534,0.7319753520748851,1.3624880872911214,-0.37895959539232366,0.1254601329565048,0.5184403540355892,0.9923678072195825,-0.41150469683097124,0.1176855862140655,0.7348035900468312,1.2953814398666899,-0.13627403608518385,0.0004598502127919,0.5858092305714961,1.2910346306110951,0.1602670447767242,0.0005363316158764,0.737177099844711,1.63139920494706,-0.17680584705095934,0.0011986949248239,0.5809839139022773,1.632573173895555,0.13925533398534906,0.0008710305555723,0.7568994729221741,1.9287914690778705,0.1587272530193192,9.679163485998288e-05,0.6335295637236318,1.9149030365464557,0.39652266662728514,6.367944297380745e-05,0.7315321374235418,1.9389329253039647,0.18544290541533073,8.881525718607008e-05,0.634327936181849,1.9477095832119597,0.3881017732210911,0.0001319473958574,0.7106698617752375,2.0278893301396232,-0.10268091636552273,0.0001796064752852,0.5768175301516425,1.9967153537676583,0.13323265709333593,0.0002746210375335
2025-11-11T0729.293324,135,0.48753392388167016,0.9000152127836105,-0.2900135889150453,0.9901715517044068,0.49592195542343176,0.8620415635332552,-0.3358152034009088,0.985851526260376,0.47588444714712624,0.8606834595090271,-0.33875518644233904,0.9890363812446594,0.5034270487083624,0.8685786390887138,-0.33794339836608855,0.9886056780815125,0.49906553291639205,0.8697430421656919,-0.2886699280557273,0.98114812374115,0.4739536296968667,0.9165970528323217,-0.29118889870156756,0.9818790555000304,0.4699439908072832,0.8513434775971327,-0.2845988285621834,0.980751633644104,0.5271869522903075,0.8224821690972777,-0.39709235572078794,0.9929264187812804,0.4993087140111041,0.8239918425633947,-0.11630591813631064,0.9836454391479492,0.5031528460790913,0.8862751788113733,-0.32324145364792306,0.9935359954833984,0.49384029922994127,0.9060049221924865,-0.21053339707319582,0.9868356585502625,0.6918058578750748,0.886576648525115,-0.42549554686673263,0.9938225150108336,0.4973741962067898,0.9414324743423585,0.05646881157714653,0.980185568332672,0.7553947642748186,1.0827014508805637,-0.48552817246977004,0.3880428671836853,0.5093764034101295,1.1003950903934459,0.099280928671616,0.1426195204257965,0.7349871633443597,1.2870563462722762,-0.37794196598457086,0.0839932262897491,0.5146161149877226,1.010447460996757,-0.18673297637081757,0.1049744784832,0.7435767220069872,1.3340943395360347,-0.47009825517247633,0.1006889417767524,0.4943193948368315,1.004098595707184,-0.16258387851832234,0.0945416167378425,0.7307634396475439,1.3605632289896035,-0.4434850603286489,0.152977779507637,0.49883663423187136,0.9596530697921196,-0.14164051139334422,0.1280888468027115,0.7098527754281497,1.288005631857069,-0.399734926058194,0.1276612877845764,0.4869078646524082,0.981929508575378,-0.15872878215033293,0.1215105354785919,0.7111784544582485,1.2886461500164206,-0.18003122686081519,0.0004859596956521,0.6043277753685723,1.2765840928988603,0.1834771329516583,0.000543863105122,0.7137122108047154,1.5825638515129132,-0.16083008431227097,0.0012183460639789,0.5499929781843158,1.607205844434769,0.19395032544594726,0.0009228566777892,0.7162278284085302,1.918950872561977,0.15498543021772052,9.159040200756864e-05,0.596108437794525,1.882150375986684,0.383849944410453,6.152400601422414e-05,0.7234422022817393,1.9220346757702191,0.16337380121397613,8.169141074176878e-05,0.6074084275273648,1.9325086227162624,0.4030054485865256,0.0001245385792572,0.68426566901646,1.9905864498244201,-0.08882413458773854,0.0001654853404033,0.5996600173651783,1.9724162968832875,0.14697988492008196,0.0002552926307544
2025-11-11T0744.460796,136,0.4673020508936315,0.9044758993242556,-0.20422249367687006,0.9888049364089966,0.4763804841580525,0.843071660228861,-0.2707118195071599,0.9848161935806274,0.4641761312254866,0.8193388616285796,-0.2963228035665137,0.9882382154464722,0.47168174148787645,0.8314656803705835,-0.24772445443204816,0.9878999590873718,0.4668114785973208,0.8420835039393391,-0.24094270204245644,0.979381799697876,0.47046484961756346,0.8502449398259642,-0.20922815391461022,0.9799351692199708,0.4447350933093448,0.8500818713713157,-0.18669747908423875,0.9785389304161072,0.49059603619014475,0.8085588417956195,-0.3507779392149673,0.99280446767807,0.5060686671942256,0.8206071909400371,-0.013928184778763446,0.981322944164276,0.49373313659038337,0.8552083678789353,-0.2307863164592603,0.9923587441444396,0.509602545455028,0.8902022926141072,-0.1616472483714124,0.9830713272094728,0.6550305898723937,0.8623892615578312,-0.39637065939585403,0.9937718510627748,0.5434963019142408,0.9197187628838892,0.10791453210489926,0.9759528040885924,0.7210396740591415,1.0265377650549217,-0.4602422134252267,0.3945209681987762,0.5154110352949659,1.0460695559932593,0.23214949568359888,0.1322629749774933,0.673849192434097,1.2360112822315197,-0.39891235200321856,0.0885368213057518,0.5031609672115139,1.0095714090379022,0.17472024548502926,0.1012476086616516,0.6753997231864743,1.2976526219798525,-0.4642008915965731,0.1061975508928299,0.497671555764391,0.9467378996722482,0.1694672034329828,0.0924352407455444,0.6276607855715608,1.2664071075482,-0.417936194652429,0.1588656157255172,0.4810776582127433,0.9322061248989428,0.16217421850938732,0.1251742094755172,0.6600189434641986,1.2613035503248515,-0.3757026728083998,0.1314645558595657,0.4695906816391788,0.929105587431165,0.10736016792666826,0.1185798943042755,0.6781670724608021,1.2756347230460365,-0.16775193761079985,0.0005746910464949,0.5720307663718576,1.2913592307782915,0.20071007418476153,0.0006145063671283,0.6751076584300107,1.5483114343198265,-0.22781509397059221,0.0015827834140509,0.5599891114368564,1.5266162362988382,0.1477328784612243,0.0014470748137682,0.7259682083165381,1.838699846464049,0.006381773003760052,0.000107701664092,0.5920167725487472,1.8206287958514253,0.290847423663579,8.688764501130208e-05,0.7122374292538566,1.9032592213215094,-0.012583398859068158,8.934210200095549e-05,0.5908528158361889,1.8586916804469098,0.2849028255739869,0.0001588911982253,0.6558106972559901,1.9076519898681958,-0.21691898857391145,0.0001905753015307,0.5737115137173496,1.94533840138631,0.08502455421587339,0.0003065322525799
2025-11-11T0722.882055,137,0.4460105668812056,0.8561760278294547,-0.10442243472891684,0.9874690175056458,0.4395390304464254,0.8457210196653252,-0.1746433423002546,0.9838430881500244,0.4431185918737078,0.7897548440100142,-0.1628659680306018,0.9872674345970154,0.430471705328236,0.788950285628538,-0.18294651752070287,0.9873043298721312,0.42855034287840515,0.8308315764664908,-0.08322520162114266,0.9777092337608336,0.43869950546847203,0.8165532684299283,-0.0768719527715282,0.97798353433609,0.4262551305752455,0.816437133496902,-0.07442330816059936,0.976665198802948,0.4588563622880173,0.791254464835757,-0.29141993902338925,0.9925281405448914,0.4415667935972765,0.8167851919620043,0.056904201928454565,0.9789336919784546,0.4461792877982965,0.8709210501297424,-0.16771972588436151,0.99016934633255,0.47058148038511466,0.8823199408263603,-0.055817849665542096,0.977742075920105,0.632344472248215,0.847183817508172,-0.3841238216192011,0.993722438812256,0.5219024474452847,0.9280736924965028,0.23378625344910015,0.963860273361206,0.7207636152376269,1.0446841145605525,-0.46163657216831244,0.4127990305423736,0.5380988399482027,1.0639074024775879,0.3231482927902763,0.1196988001465797,0.6983955265118861,1.2390055420014112,-0.4291994728624574,0.1072896122932434,0.5286877155193404,1.1344113342182358,0.2210460042712151,0.0919474363327026,0.7005423322281704,1.3247209214940978,-0.5026406736550504,0.1277490407228469,0.4910617084823843,1.1426019194346355,0.21373079292235486,0.0848623663187027,0.6249952767279926,1.2888376969578355,-0.42215938777188733,0.1827571243047714,0.4829726888605472,1.1652346723155076,0.1622043039969098,0.1152627319097518,0.6526883573031208,1.2861563021554585,-0.4071789764079051,0.1505855917930603,0.4834647874298606,1.11188649055346,0.16609514891224592,0.1093462109565734,0.6604448637094448,1.28177190369541,-0.1746100062598799,0.0007134460029192,0.586080887564885,1.2904262762920484,0.1770153507150299,0.0006625355454161,0.6521732240989988,1.5603128623572906,-0.27049326337692686,0.0016402576584368,0.5603046578141934,1.516824485280456,0.1915262552093687,0.0014269473031163,0.6824846850648142,1.828562355516392,-0.04799135424075014,0.0001068458223016,0.5784289009310223,1.816359297452907,0.30212897375005426,8.688247908139601e-05,0.7204854307226263,1.8634668327659907,-0.031742951137445005,9.069309453479946e-05,0.5921066097022645,1.8463843430523663,0.2998979058677737,0.0001641183771425,0.6549221990077201,1.9193004002673273,-0.23225408085241764,0.0001955258630914,0.546520765100922,1.9176467019034305,0.09084427964123629,0.000311589683406
2025-11-11T0756.391951,138,0.42043601115628876,0.8530049803209361,-0.07578900688627926,0.9849867820739746,0.40531331114772756,0.8024049553645185,-0.11596897793160652,0.9814865589141846,0.41602797283968396,0.8102127570969004,-0.10576545195121057,0.9847192764282228,0.45028215903195157,0.8038122790905665,-0.10949191526296027,0.9857712984085084,0.39699881670001597,0.8572287780834824,-0.04365803065705959,0.9745018482208252,0.4325384681171818,0.8228805171852225,-0.06223180090513303,0.9739296436309814,0.42921836679873016,0.8168504874172658,-0.04444363775532044,0.97343647480011,0.4584707845516182,0.7890012211214167,-0.2838462056971896,0.99158775806427,0.4165811346427256,0.8031121400443525,0.0985242751876648,0.9746071100234984,0.43224893323623986,0.8468431064132049,-0.09873715785922763,0.9861345291137696,0.45998434954674594,0.8769081165338308,-0.027094896894926633,0.9690576195716858,0.5843111081835743,0.8553390680630324,-0.4339290235140548,0.9936076402664183,0.48328112596672257,0.915053651430773,0.2919950585093189,0.950873613357544,0.6965328611587608,1.04825450496028,-0.5573376751816072,0.4312804639339447,0.519369398599572,1.1139043563808106,0.4124681286084897,0.1081518605351448,0.6832500680104878,1.258225044385062,-0.47073403004321623,0.1293170899152755,0.5169149959142983,1.2238095574400885,0.2944371275834221,0.0830931589007377,0.7040150012704464,1.334195997783097,-0.5299731640124418,0.1510290801525116,0.5095987664725471,1.265366845637915,0.28505616784159327,0.0771738588809967,0.6929662490869639,1.3160138712054803,-0.46697606443994816,0.2074091285467147,0.49234960883745654,1.2455627094850725,0.20905828978292346,0.1050483137369155,0.6636410444071605,1.3039656755803546,-0.4736026244563742,0.1716201901435852,0.5266866769254288,1.2633105033352425,0.25520045506940103,0.0998787954449653,0.6385508094203283,1.2794970778731416,-0.20225669453291795,0.0008774508605711,0.557164934486908,1.2827855200142437,0.22911053165238554,0.0007396459695883,0.6388680250021407,1.528520679559457,-0.230648743036349,0.0016124433605,0.5615541436339596,1.550478077412725,0.23208051173848213,0.0013784023467451,0.6780534364712929,1.8320392809692745,0.014845432225158363,0.0001028531332849,0.594439012986425,1.8065035203881539,0.39987231047970606,8.474038622807711e-05,0.7086611613487037,1.8556310645060865,0.01474666047066299,8.818828064249828e-05,0.6043208670239368,1.8564220100364426,0.41786013378712217,0.0001708661438897,0.6814419044841644,1.9383882190664463,-0.2225268384909198,0.0001943889801623,0.5633828535125726,1.9177138849346502,0.2378598437435571,0.0003144553047604
2025-11-11T0776.207850,139,0.40087641250536526,0.8478664942913577,-0.17755625986324852,0.9850380420684814,0.37086714831568257,0.7908337469062979,-0.2189324610319312,0.9814475178718568,0.3670109649167677,0.8211814162700559,-0.1960646991077966,0.984649419784546,0.3987882130920099,0.8109618428022503,-0.20830742289391385,0.9857130646705629,0.3339420380698518,0.8159524455309672,-0.11489473770377102,0.9745671153068542,0.35434349504270707,0.8222863697964976,-0.13011136676158314,0.9739077687263488,0.3657053000025274,0.8323602096927141,-0.09849899427363121,0.973145604133606,0.4419079490161941,0.7752746532187148,-0.2952550356588585,0.9917300343513488,0.39754993494679647,0.7966631313586542,0.026883981191520703,0.9750813245773317,0.40537262108216376,0.8905142674733039,-0.17469468560618837,0.9853038787841796,0.39812462526337905,0.8749229917753082,-0.06217188705680691,0.9674311280250548,0.5417558276138502,0.8550148175849958,-0.39457692736576333,0.9934892058372498,0.41374851483415354,0.9033149182365106,0.19340546550140822,0.9446592330932616,0.6476965161195954,0.9929463950799471,-0.5161997741512074,0.4458586573600769,0.4969420331040644,1.1101770387566186,0.29013148022304475,0.0978643074631691,0.6372099989711555,1.2344394559440517,-0.45801796864196964,0.1390723139047622,0.507870736168221,1.20655441903272,0.1797487604060998,0.0751317739486694,0.6798475895770637,1.323000770630916,-0.5029499185648324,0.1615047454833984,0.4775128248482515,1.3031611261250982,0.13559474363290264,0.0703353658318519,0.6134300248641333,1.3429882510064575,-0.4631039734602443,0.2175325900316238,0.4640384270757614,1.2988962524674648,0.14198304489419175,0.0958356633782386,0.5981374488286996,1.3007136006003377,-0.45523429247460734,0.182182565331459,0.5247859901087167,1.2478125093199,0.11388788521695742,0.0914060026407241,0.6331923537010669,1.3031788513881517,-0.2307217618697042,0.0024266105610877,0.5160235349100548,1.2808289652413019,0.21843413771495473,0.0021535854320973,0.5636883831301287,1.426327466513396,-0.29881452438296024,0.0044039362110197,0.4439180835971757,1.4461254552287668,0.18237004178006624,0.0027062746230512,0.5979138000897669,1.732298971274835,-0.05629243301507029,0.0003669262223411,0.49880409311755564,1.7247732409753906,0.2931510506573575,0.0002486054145265,0.6551243871661003,1.7836657207976911,-0.03609308402257477,0.0004094199684914,0.4974712908012495,1.7955862740917912,0.3330845194157074,0.0006245924159884,0.5712016970984848,1.8650669127710093,-0.19500565042635815,0.0006582918576896,0.42216067762421133,1.8098483476488159,0.1905932910429209,0.0007281517027877
2025-11-11T0751.388999,140,0.3436390333390141,0.8786628621752935,-0.3768909050251019,0.983295202255249,0.34683050725839126,0.8447085483674269,-0.41388834274470326,0.9792293310165404,0.3655188650576114,0.8330410946811566,-0.4069521861800625,0.982466757297516,0.3613782445272505,0.7930678881978533,-0.39091726705370666,0.9842336773872375,0.34887991373022237,0.8515159038861254,-0.34185499466542024,0.9711509346961976,0.32155553514849766,0.8367099733870518,-0.3384482205943868,0.9691110849380492,0.34965677231521364,0.8610993261348953,-0.3412917255534017,0.9673484563827516,0.39192323504801024,0.7931487065413387,-0.3768013787260922,0.9913276433944702,0.3353142594279294,0.8379768832208646,-0.1115166647830699,0.9668686389923096,0.3504985712483514,0.8947452580412114,-0.35507946326263634,0.983618974685669,0.3702448075742611,0.886036846224198,-0.31446133738089665,0.9597063064575196,0.5027958015948694,0.8416059269591789,-0.4072385844259306,0.9918192625045776,0.37730911624218255,0.9532880191671799,0.15368645355924823,0.9052535891532898,0.6465833585572897,1.0398877131362834,-0.47177026571088676,0.4573574960231781,0.431782947590914,1.1282147255843589,0.2117827006651638,0.0884040743112564,0.6526142649020146,1.2842561652065494,-0.43665232631196493,0.1424955278635025,0.4368341628030643,1.2640414255495458,-0.025432240156891592,0.0678924098610878,0.6504601526170466,1.3356606400817204,-0.50171721693841,0.1639899909496307,0.48146085320167775,1.3550914350889651,-0.06334833371930775,0.0640275031328201,0.6232148268991735,1.35798741802075,-0.48256462509994996,0.2209077030420303,0.4367369165135996,1.3333653162229697,-0.10931428878952897,0.0873671323060989,0.6000330180494905,1.328506615297753,-0.4459288951912953,0.1867247074842453,0.45726398207206365,1.2683716106868912,-0.06270792937287067,0.0834141671657562,0.563189525973458,1.3482031368861451,-0.18750537194133537,0.0023239857982844,0.4592298112830624,1.3382817938610592,0.1977038745167849,0.0020091503392904,0.5619899216969337,1.5201528403455615,-0.24602942953594395,0.0046227183192968,0.4445542794883925,1.5426911864147934,0.23287568422038504,0.0028507926035672,0.6156815247004632,1.8117519148069432,0.00750872629028054,0.0003883860190398,0.46458126238142616,1.8176662225322706,0.3939592135088355,0.0002737272297963,0.6135663428191839,1.8323035018481675,0.019351078835521007,0.0004063046071678,0.4797859313845914,1.8522871138080341,0.3961864893345564,0.0006784445722587,0.5629942738198286,1.9254654741711519,-0.20937762573587937,0.0006777254748158,0.4561955834632557,1.9706234982478013,0.21000032560606208,0.0008449032902717
2025-11-11T0726.590593,141,0.29517333348549685,0.9199358520881481,-0.5115043460962237,0.983013391494751,0.29745063402201044,0.8774793908965633,-0.5256787335605372,0.9795325398445128,0.30427043456086134,0.8515523548798922,-0.5158244722331587,0.9825599193572998,0.31476712010170116,0.8656779714244023,-0.5537471512342109,0.9846180081367492,0.29886293528008756,0.8919096724934948,-0.472340741809832,0.9707180261611938,0.27829646186643303,0.860458396179036,-0.4787774809637984,0.9674628376960754,0.2905818664369849,0.9096505695328833,-0.4699693109216074,0.9648957848548888,0.34145411593785713,0.8329073806500368,-0.4627746112379019,0.9917577505111694,0.2932720093952766,0.8589898448819036,-0.18315887091971067,0.963942050933838,0.3173894210493278,0.9224726918549848,-0.4475065435877291,0.9847495555877686,0.31852513426534335,0.9396650517475681,-0.3906467155198458,0.961062788963318,0.4690971507162801,0.9125489232156675,-0.4559167109912383,0.9924467206001282,0.33730098949313103,0.9713289494307729,0.011936986406950581,0.9049854278564452,0.6108548186214507,1.0543254008459666,-0.4855548855987639,0.4977621436119079,0.3722006165297155,1.1545939374883194,0.24087243608501838,0.0801786035299301,0.6266494475019171,1.2827562337402134,-0.4713158558466619,0.143626257777214,0.4039980252222316,1.2713859717563396,0.1102258618015044,0.0613244846463203,0.6552345809720511,1.3663211601262104,-0.5121658676364547,0.1613194644451141,0.4324504142681287,1.3551001377203387,0.11900968233215971,0.0580844655632972,0.6199795452102721,1.3240820917332552,-0.46744159370588034,0.2194663137197494,0.4142288141417219,1.3108665826191113,0.027680234029458513,0.0794016346335411,0.5801844154407707,1.3022517368692288,-0.4332076647376325,0.1845033317804336,0.4317959950779009,1.3326473726807158,0.09913273504325275,0.075907364487648,0.5322048879201009,1.356886420394336,-0.208552439522461,0.0022367548663169,0.40304924921269847,1.3650408986046334,0.21684386735664857,0.0018526403000578,0.5238668533824947,1.6307422166821346,-0.25035660609106813,0.0053161736577749,0.3890825978856706,1.6054418114049105,0.31714076381068373,0.0031773087102919,0.5903152859449683,1.950338255347308,0.06260636018636237,0.0004566685529425,0.47430318679342875,1.9432363712423626,0.5600082579001513,0.0002819740620907,0.5766902171871103,1.9888134092282357,0.07424215616593563,0.0003975672007072,0.4704538917963449,1.969078939810892,0.5268542722094153,0.0007252353243529,0.4962441705208925,2.0332694732083554,-0.212937318242028,0.0006552695995196,0.41652656209326716,2.0615833933707393,0.2897174407118011,0.000825812050607
2025-11-11T0744.501097,142,0.23414352048807657,0.9518290503734989,-1.0458496144525096,0.9819130897521972,0.23504155997213316,0.9613238097718343,-1.1157997272307774,0.9797235131263732,0.1861408075062854,0.9167405847311414,-1.1012072465654932,0.9822832942008972,0.21725829620847545,0.9270526344173717,-1.1506009750213204,0.9847521781921388,0.21795550201560082,0.9529315888022829,-1.051043147669294,0.9703261256217957,0.20357529642656635,0.9353618377817815,-1.0651658306095897,0.9658218026161194,0.19521365118270184,0.9267565166111236,-1.052627953013688,0.963665783405304,0.2716290288834601,0.9037039182533605,-1.109089865730999,0.991988480091095,0.2171504651356209,0.8925234217112246,-0.8217285131707488,0.963110327720642,0.24137647152042632,0.9777152701406749,-1.027018797679548,0.9856642484664916,0.21437201265225667,0.9593167394390922,-0.9465074191543599,0.96187561750412,0.4458555389580893,0.920874291081599,-0.9064081984702806,0.9930153489112854,0.23712139490705994,0.9664837034030607,-0.49442235684096225,0.9109718799591064,0.54068192420831,1.0252777038301597,-0.7985347467733139,0.5443583130836487,0.24105572500399983,1.1108590068713229,-0.07739659264429624,0.0800965055823326,0.582607618561223,1.2621705395893332,-0.5393917656894961,0.1686292737722396,0.275102815379377,1.2465430236448964,0.09188232220550142,0.0583910904824733,0.5525860133979713,1.339934158943378,-0.558259375374541,0.1659974604845047,0.26177775374762186,1.269688166868788,0.08304404844571787,0.054884098470211,0.5178608183874878,1.3513584019625975,-0.5273649966080363,0.2221388518810272,0.2831455966609212,1.2567347820517876,0.06241494751324606,0.0748681724071502,0.520647195958155,1.3296165228975025,-0.5524152881395679,0.1881274878978729,0.30171170880058723,1.2581416211491179,0.03485797887780671,0.0720928534865379,0.44928656723219795,1.3527669865276402,-0.214919296821613,0.0068087023682892,0.31965705175928616,1.3657511536269018,0.185318141793452,0.0032580634579062,0.455494366047861,1.6232202148233021,0.05274093405047444,0.0231476910412311,0.3007253095166553,1.629306211579704,0.5528271033995494,0.0143532706424593,0.5065362005376081,1.9172741037501435,0.6229081850354823,0.0014920589746907,0.35845766851388755,1.8993451087729156,1.1643258476268792,0.0011151183862239,0.5014986518689752,1.9711360001764564,0.6548890275731802,0.0005354822496883,0.40408049702789406,1.9869939379471275,1.191575922027483,0.0014197325799614,0.46116027639191687,2.044201133357081,0.37597309878106167,0.001108301221393,0.3705495012436734,2.0552542855126643,0.9384369090440019,0.0022485349327325
2025-11-11T0732.438303,143,0.18905076035471835,1.0003444057644453,-1.4105096393608498,0.982056200504303,0.18181868634801088,0.9436753112067208,-1.482246164886052,0.9804612398147584,0.1980590442606357,0.9369831998544668,-1.441830980291329,0.9826911091804504,0.21266145019412142,0.9556582585774274,-1.457547194197207,0.9853342771530152,0.18315349211333587,0.9772088397945405,-1.3944992295939351,0.9708549976348876,0.16217129709062592,0.9875557793775092,-1.4301220456545773,0.9656961560249328,0.13062109527748356,0.9692102082575601,-1.410111899276777,0.9640875458717346,0.24741548920185844,0.9071549874198728,-1.4624220442365223,0.9924511313438416,0.19060770356651002,0.917517802451325,-1.1710847192621456,0.9643458724021912,0.21052194446283093,0.9955068350666042,-1.3555909675660611,0.9864208698272704,0.1542950975291152,1.001312807722146,-1.3196806436561954,0.9625827074050904,0.39598803306379154,0.9291859580453323,-1.1923456705420008,0.993478000164032,0.17067597040622312,0.9646293803777629,-0.8174479299098497,0.9182840585708618,0.535591560146578,1.0010210048669064,-0.9149385625589321,0.5852454304695129,0.17984384125510974,1.091657510771075,-0.24945810295909626,0.0837397277355194,0.5475064289050212,1.271733079216192,-0.5886046356683327,0.1798942387104034,0.2103103171973042,1.197017240097453,0.1518250661537972,0.0561845451593399,0.5542427029951456,1.3284203522222284,-0.5938565905206996,0.1648667454719543,0.21696638796009518,1.2409818657610256,0.2312468701243708,0.0524001009762287,0.501629928803998,1.3430819707320116,-0.5764346405468266,0.2175590395927429,0.21580951939226506,1.223614426114291,0.155490161205423,0.0710612758994102,0.5295435782065285,1.333325367018829,-0.5863091917883178,0.1845438182353973,0.2221662118471156,1.2268631483654195,0.14883655114350303,0.0686092227697372,0.4040608395938231,1.3276994249341665,-0.1391629873531025,0.0130277043208479,0.26866785355279815,1.3208564324914855,0.15020663390269798,0.0060250209644436,0.40914479203756127,1.5951733055258144,0.22937530583159227,0.0315663814544677,0.24173292493488707,1.634523074957768,0.5735092976373664,0.0304801780730485,0.46532551946644124,1.8951882276434597,0.9528073498749591,0.0021547847427427,0.2783246660597041,1.9127681908123082,1.2197835187590003,0.0023038319777697,0.46250663799102676,1.9627275780901199,0.969202497602424,0.0006236869958229,0.3241820659824806,1.9470018907088096,1.283798654582219,0.0022149779833853,0.42766061024811425,1.9859131553444473,0.714874178892561,0.0013177968794479,0.3177093077505621,2.044323767002894,1.0267134909444142,0.0032553861383348
2025-11-11T0745.871080,144,0.15128686659884558,0.9670393828241547,-1.7850853620893585,0.9816405177116394,0.15412814909772019,0.9337702244019568,-1.8485066635864986,0.9811250567436218,0.15885402345706975,0.9527895196120533,-1.8171768426116082,0.9832636713981628,0.17179214930819178,0.9414168547659741,-1.8102088051259941,0.9859174489974976,0.16756263683528824,0.9615084957862887,-1.803714209703708,0.9713853001594543,0.12434885963728272,0.9549727809451722,-1.7949237257258552,0.9657310247421264,0.117416737865453,0.9610860979970617,-1.792005587467099,0.9641688466072084,0.2374122151743975,0.8899689315001321,-1.706645353925071,0.9927997589111328,0.11239557403479494,0.9181782684599206,-1.512951291361118,0.9660131335258484,0.21855721977892267,0.9673066216199234,-1.694294620597296,0.9839814901351928,0.17763126686739103,1.0253653415756463,-1.6385944725646,0.9543555974960328,0.42141653371751336,0.9117203489686113,-1.3590849043198676,0.992060661315918,0.09685459955504419,0.9202008791212832,-1.0730339892304446,0.9195896983146667,0.5080184817879786,1.0272759076034366,-1.0204652847701767,0.5988011360168457,0.1342381821569,1.0906070719955447,-0.5390054971811926,0.0827860087156295,0.514052938595763,1.2935204493107273,-0.6747083944103149,0.1814222782850265,0.18607835744876408,1.2216600403181748,-0.12593418715367383,0.0522304773330688,0.5211252347227184,1.348253075305276,-0.6688071551860354,0.1602206975221634,0.17047152156443718,1.2390154100547923,-0.07221207569181587,0.0487671084702014,0.49993017087907476,1.3609511459778452,-0.6859533197170419,0.2101796418428421,0.16142549206017248,1.2536580382026672,-0.12595842418044534,0.0660341903567314,0.473168943343533,1.3594260319726723,-0.6920682877495998,0.179241195321083,0.18877831672213718,1.2656418821355597,-0.1342025155967613,0.0639888271689415,0.38660436237598084,1.2467925766737342,-0.08557684605128868,0.0232589561492204,0.2522769427818382,1.2389553077911144,0.10027549647162787,0.0160907860845327,0.3896153566587369,1.3372329865934605,0.39344006249629354,0.0318854339420795,0.18668195362187834,1.3573771578551994,0.5940661644736852,0.0342561267316341,0.385153624701449,1.4780214022610265,1.24241061915415,0.0025658013764768,0.2725521883914807,1.4731323372614042,1.3638107537363584,0.0027524223551154,0.3655922152036436,1.5439096052873278,1.3320819273281812,0.0008590023498982,0.26249665235278874,1.5057928815546244,1.488183587977119,0.0024233211297541,0.3486084765763585,1.5538614995973579,1.1252427748296143,0.002058835234493,0.26488143098238043,1.6095572024690494,1.2951237999845147,0.004092700779438
2025-11-11T0736.362189,145,0.18526965775399548,0.8668707072894186,-1.19824561718594,0.9831394553184508,0.16537985435720254,0.8042901468960454,-1.2700896442286345,0.982717514038086,0.18335787799256914,0.7944509293752011,-1.2600827760751923,0.9845951795578004,0.16864010374523677,0.7942691872913696,-1.243043953883208,0.9871156811714172,0.1450480541172856,0.8173506232791411,-1.191199381558124,0.9735885858535768,0.14218433132814667,0.844055507395958,-1.199516132587525,0.9680792093276978,0.11317766874825128,0.8277114870075942,-1.2059021655255342,0.96687114238739,0.20416971539736928,0.7587026277766085,-1.3096228143239157,0.9933966994285583,0.1697073956209312,0.7987269323273841,-0.9983681790389285,0.9679197072982788,0.254975618860168,0.8404552139574429,-1.1801907723674692,0.9853149056434632,0.20256458391137616,0.9044788488020661,-1.1356165562095868,0.9576329588890076,0.3984794850568918,0.8738803426687664,-1.135562325919112,0.9922052025794984,0.1598739568559786,0.8587083311792093,-0.6538549975681508,0.9241687655448914,0.5492775699266585,1.0011666601279443,-0.9781418382493186,0.6157145500183105,0.22874786605907946,1.0793874669285588,-0.30068729386842186,0.079360231757164,0.5170278117771673,1.2865362607115365,-0.6651700519423477,0.1827319115400314,0.22012245244719392,1.1995919023396333,-0.1471896358766821,0.0495322458446025,0.527553961973385,1.3345105987294108,-0.6473355369914142,0.1567088365554809,0.2624980970464665,1.2282341597731987,-0.09696629022305826,0.046003770083189,0.5006279585455655,1.3453272503795832,-0.6208836617549031,0.205861821770668,0.24850194222141878,1.245085319223218,-0.13023332607235408,0.0624339915812015,0.48013879690522293,1.312764484518536,-0.6247066288318887,0.1778198331594467,0.2313641057227687,1.2183019950038687,-0.17440819688422465,0.0611213631927967,0.43557258307056335,1.2288480358005818,-0.15804407505946777,0.0216300785541534,0.2690088417798426,1.2447278920135065,0.14540429091178897,0.0149365188553929,0.40463427399798996,1.508805504273931,0.09602236470056118,0.030667083337903,0.2741254141584469,1.4871788541762578,0.5408228765074474,0.0332324504852294,0.43310633729718623,1.8090703057918605,0.6350035369420287,0.0023462381213903,0.3031704781831091,1.8097819764806256,1.0723152201403339,0.0025345354806631,0.5016117004586167,1.8750899142088007,0.6537577305166331,0.000781862414442,0.3297435350508572,1.8752789709676525,1.109442742312362,0.0022268155589699,0.41154711513496156,1.9350302578741285,0.38444713233867434,0.0018948019715026,0.2914446100558875,1.9695660703279019,0.850384635696412,0.0038848863914608
2025-11-11T0766.999213,146,0.17068768692674663,0.7441222961428471,-0.9310904492121632,0.9847556948661804,0.19226487739053325,0.6993597806093595,-0.980584684771875,0.9843791127204896,0.19791690736040288,0.6798246120818947,-0.9829208385733047,0.9860828518867492,0.2036743452076246,0.6587786355036702,-0.9924858113987894,0.9883689880371094,0.15453210651728364,0.7263872627424918,-0.9298031477845141,0.9760931134223938,0.14404404360373488,0.7272037928793388,-0.9120995500277579,0.9710732698440552,0.1521028857523391,0.7147586567515494,-0.9420122639540668,0.9699302315711976,0.25699049490719306,0.6695562144832543,-1.0283006077095236,0.994038462638855,0.1623202958407609,0.7266571955890199,-0.6889608311205849,0.970799446105957,0.20697505617407463,0.7647158870385049,-0.9225713584448471,0.9867585301399232,0.19428059054103602,0.7856807180785089,-0.8537791981678887,0.9616990089416504,0.4461704877693296,0.8142971249762411,-0.9092177103444251,0.9929540157318116,0.20226396615813133,0.7689462006616475,-0.41087858869386057,0.9310781359672546,0.5626254503108985,1.044532664532775,-0.8372240567911922,0.6414927244186401,0.2361356901086622,1.006714451738455,0.2667936068399004,0.0747573897242546,0.5708453845642556,1.2761359199918132,-0.6151223591384528,0.2162105292081833,0.246919614430698,1.1201012321318093,0.5606006390615861,0.0468849875032901,0.5609397968057169,1.3346019141689933,-0.6353359011601573,0.1737782806158065,0.25257497470549234,1.1265756837818752,0.6126294656975071,0.0432906411588192,0.5401559239777284,1.3197058699464652,-0.6413807853275967,0.2274723649024963,0.24316618932961326,1.1305399290883988,0.5689602385736865,0.0588645562529563,0.5203872642734153,1.292234763859357,-0.6487317511212718,0.2014134973287582,0.2519726705678764,1.1142894099377387,0.5620280070317025,0.0584182441234588,0.42998498491495585,1.2422635767793009,-0.17542009388004584,0.0203200820833444,0.2950758375192537,1.258981735320547,0.15945434336792488,0.013783635571599,0.46584609404053984,1.5735930125108373,-0.12685167000433453,0.0277781561017036,0.35764379022276477,1.5621584689678087,0.5185283059728382,0.0302320048213005,0.4729694742947233,1.9079790945447597,0.28862758065434413,0.0021248538978397,0.3735240212404278,1.9244925548564664,0.9288090182992742,0.0022876563016325,0.5312197008484165,2.004692078614751,0.2999524437251984,0.0007140385569073,0.3668126384732385,1.9683542669426908,0.9450015227501595,0.0020248973742127,0.4690952992166701,2.0464729537343147,-0.03781458422736172,0.0017138679977506,0.3552622611111933,2.054279963723296,0.6499997946920432,0.003525004023686
2025-11-11T0726.783908,147,0.17962430433900112,0.5914781561049921,-0.80725927316171,0.9862439036369324,0.20521767270609995,0.5603365666649166,-0.8191496568463612,0.9859042167663574,0.20697469806330857,0.5602534045197629,-0.8230766028192427,0.9874488115310668,0.23561722394842347,0.5395964950174573,-0.8360926636441687,0.9895119071006776,0.15625125460406025,0.5774034289141405,-0.7629119400275272,0.9784061908721924,0.17181795761104418,0.5616960286885675,-0.7602792926358454,0.9738587141036988,0.16557746693097453,0.5905822742236854,-0.775723385002133,0.9727753400802612,0.26673786266070015,0.5344449908688877,-0.7373628689214242,0.9946268200874328,0.14983781127242293,0.5815298956436007,-0.47304414827813723,0.9735899567604064,0.20252380196869857,0.6277083693481488,-0.7457730633364532,0.9880762696266174,0.19227064909706618,0.660954341791471,-0.6685502529358793,0.9654937386512756,0.40486507030322993,0.669489571442656,-0.7134321994803648,0.9936469197273254,0.22380723386262907,0.6888511504565507,-0.1042867869699274,0.9378165006637572,0.555280392156337,1.0085445050745505,-0.6429822817470376,0.6616884469985962,0.26407143803025035,0.9410967004435056,0.3665424043256368,0.0765985772013664,0.5062337767789621,1.2295888843753628,-0.5995024141053388,0.23103067278862,0.2051663377640394,1.043283272084649,0.4692307664471995,0.0471025258302688,0.5669997572883169,1.3095779234218954,-0.6394971848908757,0.1832986325025558,0.2297823361820538,1.04764023345599,0.4816007998289006,0.0432593896985054,0.5290446176137111,1.288327907199614,-0.6150432152929574,0.2426068186759948,0.207163629763026,1.0603021785982087,0.4235630505273562,0.059337243437767,0.5051440193403739,1.2572420031726637,-0.5563716778973523,0.2184352427721023,0.22260689061057037,1.0477337333991004,0.43761235171605417,0.0605648942291736,0.46044265704361936,1.170379577904451,-0.1996408132254744,0.0192415080964565,0.306702300520806,1.114849092906493,0.18716382021468647,0.0128474375233054,0.4871846085990916,1.5268615874901128,-0.11002029883408156,0.02519385330379,0.34957216429528454,1.53022341069197,0.44508593159357646,0.0275000762194395,0.5045189591357687,1.9318735570841297,0.2899765222628201,0.0019321119179949,0.36615617146562296,1.913921853851914,0.8502226318530662,0.0020627034828066,0.5482509890530665,1.9731165051557875,0.3734100795762837,0.0006612841389141,0.35994802646042684,1.9750467749986007,0.879375435726999,0.0018453644588589,0.4615984076981965,2.0347552855926874,-0.044864101912197196,0.0015470603248104,0.3523613476225399,2.000483250712756,0.5295129978791765,0.0031795029062777
2025-11-11T0731.766718,148,0.20443382346804667,0.5225983862480109,-0.6960316288862757,0.9875874519348145,0.23303896222353024,0.475665172659932,-0.7373517661262725,0.9872719049453736,0.21162000398979777,0.4379557448319189,-0.7198067177985565,0.9886784553527832,0.2583462639174368,0.46904222612258134,-0.7532346529468557,0.9905354380607604,0.1894648447490617,0.47484732111306355,-0.6770272000224672,0.980482280254364,0.16873937979544446,0.4683534287591299,-0.6693008313388641,0.9763835668563844,0.19611436942015156,0.46356761795629964,-0.6517876715707671,0.9753475189208984,0.2617849558938243,0.4480412951807979,-0.6710651483436373,0.9951558113098145,0.17529551585793013,0.4888433193477205,-0.3967957239338307,0.9761313199996948,0.2683379352506731,0.5488884842477412,-0.6420765739453661,0.9892618656158448,0.2215990453216296,0.5597650725219916,-0.5458242149886674,0.9689175486564636,0.4455631147103962,0.6267417828152944,-0.6002310986805345,0.9942720532417296,0.20444221232870244,0.6284988199568049,-0.0624623466623333,0.9439233541488647,0.5481689034406813,0.915965799779332,-0.5767727255473353,0.6871635913848877,0.23352100234632436,0.8519499209489121,0.2788574824879966,0.0817275419831276,0.5571827227032413,1.129035288740375,-0.5046423609379752,0.235152468085289,0.20761771767263104,0.9745718658152035,0.3625072518891861,0.0448948480188846,0.5936945666123028,1.2197049647361493,-0.5615837001279647,0.1833382099866867,0.19081671379989124,1.0555363553031718,0.3775690189894205,0.0413535125553607,0.5222072973922021,1.2593098580694662,-0.59237913063319,0.2459916621446609,0.2192713454339148,1.0490501582310419,0.22323214022574597,0.0573577880859375,0.5047109839361293,1.2115759078009942,-0.5147797689553657,0.2223434597253799,0.2005125660556938,1.0281553336493046,0.38865971867751503,0.0589706599712371,0.455487770948886,1.0954968888917698,-0.1731068367808078,0.018642233684659,0.2858863835325518,1.1272138678570711,0.2037875858915208,0.0121377939358353,0.46323076151400305,1.5292508028028773,-0.1192006268101754,0.0231501590460538,0.31947720372070165,1.4863831889947472,0.36066510519154704,0.0250830799341201,0.4786125764692248,1.870532124780939,0.2893678754333946,0.0018057161942124,0.3348073229271435,1.8831569708272786,0.7008449676221451,0.0018668395932763,0.5060850973590603,1.9193757987835365,0.3167110023718043,0.0006480764131993,0.3327105617301649,1.9438830291936335,0.7140395619506287,0.0017166131874546,0.45296555841052405,2.0184662486866283,-0.056744303766578796,0.0014095042133703,0.346769563629376,2.0279854614791093,0.3553683034042098,0.0028756645042449
2025-11-11T0712.269311,149,0.2703347090223418,0.37940109334094774,-0.7853853312262437,0.98879736661911,0.2967332013183819,0.3610295860676563,-0.7494368045971378,0.9884995222091676,0.26539054009095875,0.3295158889659977,-0.7742259236922964,0.989773452281952,0.3059777683224165,0.3264899516115422,-0.795584147126209,0.9914414882659912,0.22090331783058587,0.33600001485432535,-0.7197696209308101,0.9823712110519408,0.23069336883253058,0.3272880354445104,-0.7503445215645401,0.9786857962608336,0.19232808511418517,0.32601896312950446,-0.7132180151302777,0.9777402281761168,0.26978787415011973,0.3679608476678691,-0.5698524733780038,0.9956126809120178,0.2019430394532369,0.36418263420401586,-0.46282048319808994,0.9784461855888368,0.2481391652226109,0.4253655835043895,-0.7208345993591825,0.990325093269348,0.24352470498843576,0.4352180955723856,-0.6572229976420728,0.9720081686973572,0.417767033244427,0.5479751324674742,-0.4317647375169991,0.994827389717102,0.1926356748750601,0.5679935261563764,-0.122348583923064,0.949491322040558,0.540169505865402,0.7742218545009527,-0.3871460395944479,0.709069013595581,0.1972380334266039,0.8337803102029564,0.024099317977745536,0.1403414011001587,0.5328259478676312,1.0066573931456497,-0.5268506823697937,0.2231649160385131,0.18789979153428443,1.0225383773256758,-0.2585199128281795,0.0464117564260959,0.527097815072975,1.112733501740652,-0.5926753622318168,0.1720302253961563,0.13064837919042066,1.1119604838205484,-0.31288319643369505,0.0424002781510353,0.4941977303176993,1.126493050639452,-0.5941881159544924,0.2327231019735336,0.15376937025342366,1.07570994554709,-0.3975569805455332,0.0603529065847396,0.4913095657694617,1.08734229645225,-0.5211341673393793,0.2105112373828888,0.17408586894411793,1.0606729549217484,-0.3170988121052696,0.0621636658906936,0.42248813129995155,1.0206188650621995,-0.10395218263922207,0.0185349490493536,0.24624903888757235,1.0089197434067418,0.1327321921102358,0.0120569337159395,0.4355679488912198,1.4404484389833854,-0.13084187777990275,0.021678565070033,0.2768972718766829,1.4590700778301762,0.21386199131428119,0.0229106582701206,0.432504400871596,1.8222843052083664,0.25937385363939286,0.0017060887767001,0.26455015301311513,1.806452015233608,0.49124437920814873,0.001694604055956,0.4380390651007299,1.8655852150805767,0.2879771582029391,0.0006391523056663,0.2778971932054222,1.9068312672912706,0.507627656358728,0.0016332368832081,0.39054342486419236,1.9633459393172006,-0.08442578111457161,0.0013013583375141,0.27142287524127395,1.9405421280825075,0.10270449037486301,0.0026058186776936
2025-11-11T0711.302783,150,0.3107385528552465,0.3356100540023482,-0.6107513246557458,0.9898869395256042,0.30767215987794283,0.26297587952609947,-0.5537055576384229,0.989572286605835,0.294926683395466,0.2804317849272566,-0.5828258364536526,0.99074387550354,0.32793484472484274,0.2939014246332612,-0.5608948279843009,0.9922247529029846,0.28235426018831855,0.276426330008008,-0.5718441489805005,0.9840496182441713,0.26491975656101546,0.27444157650211826,-0.5887531785496375,0.9807586669921876,0.2559594412881376,0.2893942745771951,-0.5428222025922347,0.979888916015625,0.36180608587808005,0.32041160552817505,-0.3240121636713537,0.9959813356399536,0.23913409807353705,0.30064435812883056,-0.298807946803112,0.9805269837379456,0.3015507852341865,0.35031173453618397,-0.5195477208423277,0.9912757277488708,0.262931662494445,0.36104723548096584,-0.5168862796537803,0.97478848695755,0.4770765356214791,0.5002997065046011,-0.24013129719608003,0.9953327775001526,0.20731671652965544,0.5005867283348048,-0.11328117311122088,0.9545336961746216,0.49501779550265257,0.8020884641902912,-0.13070966601515155,0.7265512347221375,0.1434387803412516,0.8007118181691659,-0.041549044862825964,0.20747971534729,0.486571871284923,1.035779202852512,-0.2522878915810394,0.2088404297828674,0.1047881655201436,1.0322718893569176,-0.24184195104996062,0.0523163639008998,0.5254987771141097,1.1005563297742924,-0.3033378656330045,0.1600255221128463,0.07484314479614985,1.0848450921726538,-0.2789596432699413,0.0468687154352664,0.5107406675859067,1.1256352205267215,-0.3859863850197417,0.217644527554512,0.10743645364344548,1.1064017416171719,-0.370031772769914,0.0679486319422721,0.4634638793863403,1.100047403532234,-0.28588580646196604,0.196919247508049,0.14240425208449736,1.0863308126951086,-0.252380104466473,0.0700437203049659,0.41287484203623614,1.0295245685888257,-0.07964207903956042,0.0225890632718801,0.23263959469426648,1.013809627766313,0.044334197333792354,0.0169103853404521,0.4125048324341864,1.4355632084556726,0.0420945855482769,0.0209778621792793,0.27906550378961476,1.4431660043312577,0.11342334050371491,0.021237401291728,0.42504114288394107,1.803448241185881,0.4833920133329489,0.0017576953396201,0.2163635727919093,1.7932629713062047,0.4359829910381446,0.0015724562108516,0.39721626698010054,1.8601498585622158,0.4827912491871453,0.0007282458245754,0.246671321691379,1.8529782693880297,0.46207909926407387,0.0016900961054489,0.3713789301398561,1.9250678868546154,0.11081349009578564,0.0012949191732332,0.251679074806965,1.9321686529721698,0.05954551791400355,0.0023823613300919
2025-11-11T0758.443166,151,0.3388181660595,0.24828214756325184,-0.6398690367972445,0.9907843470573424,0.3601478359027806,0.20460009592238948,-0.6274008713592065,0.9903385639190674,0.3735356543460678,0.22207651142457854,-0.630518391757024,0.9914732575416564,0.40673775928868094,0.21714933839227724,-0.6249981323251182,0.9927304983139038,0.34595546575481584,0.19598977218732128,-0.6201485578808763,0.9853668808937072,0.33349398927028784,0.19481235155364335,-0.6465355757534286,0.98249351978302,0.2978556280538352,0.2064253960964176,-0.6276016735967125,0.9816691875457764,0.3763438870933919,0.24168901208645915,-0.35475417466225473,0.9960532784461976,0.3056449802418005,0.22072495130431674,-0.3766489558504872,0.9822751879692078,0.36323760978618636,0.24405855900987117,-0.5435064022936588,0.9920800924301147,0.29840061305426,0.2926858086899546,-0.5786090839115964,0.9772587418556212,0.4762455175088539,0.4481164635874591,-0.24048950441417172,0.9957653880119324,0.2110688443151731,0.4597899529875115,-0.20851195804203873,0.9590646028518676,0.5130177749348299,0.7870066325285257,-0.16500803324408844,0.7375282049179077,0.13333073720223731,0.7425937939622108,-0.12657389397426133,0.2676243782043457,0.4681490781848261,1.0312048683777402,-0.3269138199850223,0.1959791630506515,0.08172948062173897,0.989716972474745,-0.3662831711269351,0.0617273300886154,0.4872930656667524,1.0986337609793995,-0.3874110037099287,0.1490494459867477,0.01703183408567307,1.0323836421386843,-0.42439826117716706,0.0531901828944683,0.4688627065082061,1.0805449868557668,-0.4528369506509617,0.2035435885190963,0.06793474314004472,1.0549657591776487,-0.5044038449774774,0.0776271149516105,0.4536129723434332,1.0739829312154348,-0.3661133506361074,0.1841192990541458,0.0656504782692809,1.0607078515428892,-0.4303255475944265,0.0796922296285629,0.3937879936802417,1.0156985655832909,-0.0591461189886886,0.0244578942656517,0.23140911937839198,1.0174027835236614,0.021784452768977697,0.0196876972913742,0.4019265958726131,1.4462968556618212,0.10523776665115843,0.0197983849793672,0.2373648414111314,1.4525418994799408,0.05394289312283095,0.0193991791456937,0.3908513685711766,1.789137531790776,0.518760077525259,0.0017000583466142,0.20842734285365777,1.8144706170020686,0.4131978026890876,0.0014402221422642,0.3987753089533006,1.8674397751870406,0.5831634179927532,0.0007479511550627,0.19153851872884295,1.8797744426280594,0.4253574768752505,0.0016103418311104,0.34923531183340484,1.9145403339614393,0.21636568132569553,0.001252967515029,0.24453582873354276,1.912948692220604,-0.003582651309116492,0.0021723536774516
2025-11-11T0773.919449,152,0.4179752667615119,0.22717696452998185,-0.4938994658412277,0.9915267825126648,0.4284488753974056,0.17221906091143083,-0.4430278013504488,0.9909970164299012,0.44883089028099055,0.1977207677971586,-0.4484692031158381,0.9920470714569092,0.41827248298079217,0.2086732108676393,-0.45809075734550975,0.9930974245071412,0.40689876691451915,0.1789794390348523,-0.45288000598081873,0.9866228103637696,0.3857942575177194,0.1795483624194849,-0.48568955961943716,0.9840942025184632,0.36208947561446947,0.17564045445487178,-0.46322785856850524,0.9833675622940063,0.43148964061190215,0.2311958046220443,-0.18525369203790457,0.9959136247634888,0.3568846866994483,0.22031895060129292,-0.3023513383322768,0.9839439988136292,0.4039326950214127,0.2614429800525591,-0.3952674651087732,0.9927464723587036,0.37365095888435795,0.2625978953148799,-0.4202002985040153,0.979492485523224,0.4846945249257758,0.4873427751269501,-0.12146772436143007,0.9960446357727052,0.22543262776063658,0.4408412455865525,-0.21261156463344266,0.9631502032279968,0.49275728875152397,0.7880432423875805,0.008486689377752502,0.7202874422073364,0.10238257781102482,0.7158472024233594,-0.20636407723587366,0.3332265317440033,0.4728787227466925,0.9772197245836236,-0.08420213803853976,0.1792834103107452,0.05406393976448303,0.961019458064648,-0.3737040381556471,0.0820694118738174,0.4953453298150545,1.0657832935248401,-0.1599130721686311,0.1362731307744979,0.006821966853648367,1.0279599113166211,-0.4370943495001429,0.0664831772446632,0.43770481338535205,1.0792546177114424,-0.1862064588299779,0.1859837770462036,0.04341607405082379,1.0365415564508935,-0.5126974074629445,0.0928442329168319,0.42882798534123784,0.9778588521597968,-0.11890156788766759,0.1686616539955139,0.057012751793574325,1.0079116005945514,-0.4360822812973167,0.0965939536690712,0.4018479100022761,0.9661197251495783,0.028308280904323364,0.0485864132642746,0.22291925787354822,0.9755777768337679,-0.005998262489755191,0.0519134998321533,0.4119270070210536,1.4555725892428528,0.16208734554154383,0.0207764860242605,0.20522448309708718,1.3971530370088252,0.08076329800411605,0.0187157690525054,0.38842448446182715,1.7715750224128817,0.5351491595804523,0.0020657498389482,0.17460425732060791,1.8102146687495255,0.3184057279260727,0.0014637490967288,0.3457786626032331,1.8331475255392609,0.5517023916033343,0.0012383155990391,0.16869328909692405,1.8293888089425632,0.3518975430488802,0.001943493145518,0.36148859862174626,1.9091503833311465,0.2745812023678549,0.0014681705506518,0.23618467420196315,1.8999996817446534,-0.031876358876312266,0.0020584734156727
2025-11-11T0738.366480,153,0.4260454074854379,0.25364806421596764,-0.4296627658748936,0.9918470978736876,0.45152943727956707,0.17269749861223357,-0.35706616167649907,0.99117910861969,0.44739934560502076,0.20116505953188862,-0.38851944597539007,0.9922235608100892,0.4553358424296946,0.199514026505287,-0.3851780902445182,0.9930400848388672,0.4123652624087291,0.18446657899265598,-0.4211323443726056,0.9874146580696106,0.40772561600279816,0.18365932711033447,-0.416745277188509,0.9852595329284668,0.3702522093497374,0.18002511081334271,-0.41027921182962906,0.9846234917640686,0.44659087094080374,0.2253943292878116,-0.1407845647293394,0.995342493057251,0.34262409747704203,0.19587323015416438,-0.2855325389886056,0.9852211475372314,0.4591112894024376,0.2561894816498407,-0.34302708330888726,0.9930673837661744,0.4131153405154626,0.23786069643732685,-0.3898734887733653,0.98135906457901,0.47765036729304783,0.4531749904169609,-0.05470038225539697,0.9962525367736816,0.21170063236218944,0.4047795925245273,-0.2375225484768999,0.966812789440155,0.483033764277658,0.7815688282543791,0.08133216232341581,0.6934066414833069,0.11806662323790129,0.714515169749115,-0.21805884164990846,0.3825029730796814,0.48688138349793714,0.9714966913759429,0.06881165255838798,0.1643853038549423,-0.03905383661566168,0.9202569014121109,-0.3476401574435089,0.0891364067792892,0.5079624681423256,1.032317245775201,0.060586280017060186,0.1249062269926071,-0.030944784275730768,0.9761874237098775,-0.4007666992861853,0.0723424330353736,0.4843613161706694,1.0435684431759928,-0.0025544370281926684,0.1702673137187957,-0.0066057614196738355,0.9951396854242239,-0.459056897044549,0.0996180772781372,0.46109570375002734,0.9693053678836938,0.03848087985054226,0.1548596322536468,-0.0060431501322689525,0.9746248057220295,-0.3720684841340602,0.1049355566501617,0.40447522457411206,0.9934258316553661,0.039870166594758595,0.0567559525370597,0.22650837204250482,0.9790917966683872,-0.0019467587544087714,0.0622064284980297,0.37460340413111637,1.4289873028582205,0.1679282448548326,0.0195229295641183,0.19555847079206776,1.3952775312275132,0.061352051624363094,0.0173395033925771,0.3696472909513614,1.8161094386114178,0.5823909620050705,0.0019769689533859,0.19245194189868234,1.7667330362367277,0.3542231198017353,0.001366319716908,0.3585998418031879,1.8705053056311458,0.5891213598813507,0.0012249678838998,0.1727429998401064,1.8191626255983846,0.34578378723090253,0.001896079396829,0.3481586563340933,1.9156464134504785,0.28084832142172034,0.001475864322856,0.21452201885264913,1.911036393919678,-0.03482371425718946,0.0018946182681247
2025-11-11T0797.267337,154,0.4504323585499446,0.23316228494919872,-0.48756079855603945,0.9925562739372252,0.48325607459536296,0.2019259712647009,-0.4593589078308286,0.9919201135635376,0.45203283289413104,0.21758550494142231,-0.46974273228987967,0.9928768873214722,0.4852227930860343,0.21195470054342602,-0.43695730792958815,0.9935832619667052,0.4374599742723242,0.22013208744472748,-0.4749906680252561,0.9885462522506714,0.40642113671552715,0.1447871693588655,-0.5000611626592972,0.9866341352462769,0.3973954617932328,0.16726245877670556,-0.47667371226043953,0.9860621094703674,0.4595867632864263,0.2221188216781251,-0.19734718841210233,0.9955995082855223,0.385444362648295,0.19803287020035448,-0.3340329799293757,0.9866237044334412,0.4341317303152849,0.2613071205254389,-0.4184315832633246,0.9936785101890564,0.44096893357478484,0.235502393720691,-0.42594485836704066,0.9831812381744384,0.4842472417246524,0.45887493877253965,-0.04233030764129145,0.9964949488639832,0.19093591655747622,0.35998846159069586,-0.20388389154541942,0.9701128005981444,0.46977700702606506,0.7951407531856407,0.12267406986927847,0.6537243127822876,0.07610762249190879,0.6571323924359792,-0.20406843593824925,0.4286341965198517,0.499237680167411,0.9853510557442928,0.00531113633099912,0.1517658680677414,-0.05127255840365455,0.8719709313947941,-0.3596329407023326,0.1029929742217063,0.5029032186735128,1.0661668004616334,-0.013110217037189247,0.1160184368491172,-0.07612406655942809,0.9454440883608253,-0.36799683161044894,0.0857729092240333,0.46642393481761213,1.0804726284700366,-0.06737583322096322,0.1581712961196899,-0.03259160467707752,0.9772991232437299,-0.4571970692258445,0.1169684901833534,0.4510347815693941,0.9813783869550148,-0.030716214107417997,0.1440069675445556,-0.029064306913100364,0.9522090165116567,-0.4003929740685367,0.1219859346747398,0.40091485329211146,0.9567636806341663,0.053725821467476884,0.0575151704251766,0.23176825630215714,0.9423360012828033,-0.013645773195156925,0.0635220557451248,0.3531053035906219,1.4120472924567715,0.1323273976592048,0.0183011665940284,0.19607689306069898,1.399299352780943,-0.06983725518431003,0.0158642586320638,0.3563105575159003,1.7802317591779453,0.3898241607534333,0.0018462931038811,0.188239654801598,1.766163130815899,0.16833841119328385,0.001252852845937,0.3494468638965994,1.8610500368720506,0.45685511752772107,0.0011625685729086,0.16767574744474864,1.8335705430190652,0.1996906194836123,0.0017547436291351,0.3453573728299786,1.888871114278183,0.060771977453505224,0.001422565896064,0.2323215126731648,1.9319133078119315,-0.24549004547360279,0.0017381546786054
2025-11-11T0743.150693,155,0.4304970881881693,0.25603483193479515,-0.38831363077462533,0.99318528175354,0.4426389479283691,0.2421567258904087,-0.352971609288667,0.9925984740257264,0.46969668886865296,0.23431297778209464,-0.35829890001598186,0.9934682250022888,0.4727834518341224,0.19372925471103977,-0.3564668049586547,0.9940801858901978,0.45723899418358405,0.1879198860639125,-0.394485426872593,0.9895960688591005,0.4352160597624748,0.22614673238700012,-0.3569210735829914,0.9878935813903807,0.4177293739536677,0.22096328313457606,-0.40062430080829153,0.9873824119567872,0.478573172134645,0.24883346901103368,-0.13808714474936992,0.9958807229995728,0.3859151643146011,0.17433299412058129,-0.2825336673379498,0.9879093170166016,0.44733065370282715,0.27798173366605095,-0.29898018866324405,0.9942483305931092,0.3964732144750476,0.25182192776841744,-0.36190413452625214,0.9848345518112184,0.4717596599677562,0.4793303454884891,-0.028070907394524763,0.9967730641365052,0.22969935008554332,0.3418797737426153,-0.21652683258639913,0.9730960130691528,0.47365280330662834,0.7281779031551617,0.1556219806884791,0.6473731398582458,0.10338754891585111,0.6241683626484699,-0.19385101264313984,0.4787454903125763,0.5004372491839802,0.9274426807319105,0.1823998201265648,0.1420555263757705,0.015930641031793775,0.8877610113305947,-0.35600193791018736,0.131647914648056,0.5210443547594662,1.008876815095933,0.18070877821852796,0.1082512661814689,-0.05401978810160699,0.9361137941440383,-0.41862538332875965,0.1078345775604248,0.47094916713262136,1.011137662187346,0.10017307962061639,0.146988645195961,-0.04910605448031588,0.9523547899628081,-0.4652782719123924,0.1397237330675125,0.4791698248429133,0.9773660728227237,0.10991788230817033,0.1347357183694839,-0.009561390656527429,0.9300740449644331,-0.39637273185303507,0.1460499614477157,0.40513072915566634,0.934411887256268,0.034234191485723375,0.0819794386625289,0.2006665067810817,0.9305135121156326,-0.032287898214940026,0.0941783040761947,0.3415960659089727,1.3825583952804412,0.10205368506408119,0.0170111805200576,0.1826743764060072,1.323397184695045,0.010320604525445563,0.0146938301622867,0.3299845185108319,1.7723459879043533,0.4903111176307612,0.0017154077067971,0.16026914820839958,1.7426400323877018,0.2666589197964399,0.0011733892606571,0.33022957432553546,1.837197958056456,0.5095577518885397,0.0011044197017326,0.1437623562848395,1.846562668444966,0.2747732913253911,0.0016574496403336,0.34109788589194534,1.8919269200375108,0.18532733190192077,0.0013662645360454,0.19630740794729656,1.8880783902828306,-0.07893817892289659,0.0015989766689017
2025-11-11T0746.449756,156,0.47335662122018696,0.2625667639932418,-0.36148485672636127,0.993681013584137,0.4696299324816154,0.23325531991374993,-0.3349859628948494,0.9931415915489196,0.4337383660845954,0.244195874335664,-0.35151854055123694,0.9939053058624268,0.45723440252770026,0.2234860861529287,-0.3710628107663998,0.99442058801651,0.4576351679136744,0.2289981345533385,-0.39372215598839083,0.990532636642456,0.45442697118721415,0.18429837514364092,-0.3868986835095066,0.9890225529670716,0.43268258442330143,0.19637863448129617,-0.3694698742733762,0.9885743260383606,0.4338938480801658,0.26073761682204083,-0.0823714774447276,0.9959954619407654,0.4125326773300434,0.20024477509937405,-0.30203676648861383,0.9890813827514648,0.42270921241612314,0.301173410905509,-0.2905272949548222,0.99473237991333,0.42062777266621454,0.24898389213359973,-0.3441908972402993,0.9863247871398926,0.461761467122003,0.4414923192379956,0.03712688307576312,0.9970141649246216,0.23968345040961006,0.32739226779868985,-0.25788034280652633,0.9757839441299438,0.44505764312342955,0.7193273434653591,0.30550653760741764,0.6350597143173218,0.0655829877462245,0.5973664390494775,-0.35311678247827305,0.5293177366256714,0.46597319657353353,0.8976785823890087,0.3300472398057021,0.1335830688476562,0.04021265208292722,0.855746639056597,-0.5033787093842059,0.1979690194129943,0.5025806748591476,0.9604421895051702,0.38457473514943696,0.101591520011425,-0.03834531526001876,0.9457056163479064,-0.5966331491510359,0.1620139330625534,0.46564155721926037,0.9647262210165864,0.35230413556668183,0.1369869709014892,0.024673149531520718,0.9294596672048445,-0.6310751741306652,0.1928697377443313,0.44463298878343704,0.936368849710378,0.3313918201167696,0.1268958747386932,0.036404483694411155,0.9374576909147113,-0.5447955066755751,0.1998996436595916,0.3780826222131791,0.9477776049750439,0.04857101345258642,0.1299814581871032,0.2176785665976071,0.9371842164319407,-0.03866902271698513,0.1527143120765686,0.3925409261002225,1.3592629623703412,0.14309790819238258,0.0160088464617729,0.17494010767749513,1.3468996124458232,-0.029313032173097994,0.0137231657281517,0.3361906077187835,1.7255064413277836,0.528225512488009,0.0016088709235191,0.16850035897420218,1.734020505906633,0.21363138904146653,0.0011123006697744,0.3244290137388541,1.8176922085526128,0.49182417584840005,0.0010739159770309,0.11879658169812088,1.7677944076859005,0.22729833474274047,0.0015883715823292,0.3343096476136671,1.8903178485599716,0.22407079785804762,0.0013509336858987,0.18781602350558246,1.8183002389158212,-0.12667050320815232,0.0014989695046097
2025-11-11T0784.118343,157,0.43274816392784193,0.28602230841255577,-0.23043669776350384,0.9942739605903624,0.4748459203820244,0.2708823402781831,-0.21764703041994732,0.9937840104103088,0.44766139884896694,0.2753779245970806,-0.21511311304885844,0.9944639205932616,0.4433534202058347,0.24555440949197044,-0.21873455747455706,0.9949304461479188,0.4734090458753101,0.217416236415505,-0.27683470377850183,0.9914559721946716,0.43070501213424406,0.25412513270357745,-0.29370385778198954,0.9900975823402404,0.43420873066482646,0.2573094515097526,-0.2893096329241423,0.9896958470344543,0.43470820410485483,0.25326463365456914,0.01304404339624617,0.9963425397872924,0.3779958823413477,0.19817013135074255,-0.27531486193693705,0.9901601672172546,0.4174715227675428,0.336094165382975,-0.1685125560527,0.9952409863471984,0.4159616096621522,0.29401843864490135,-0.2787676564375776,0.98768550157547,0.45986052797081334,0.4514096839301454,0.15141187343105447,0.9972841143608092,0.22439604695100696,0.3330863315577197,-0.32180633327733954,0.9782039523124696,0.4127043182387012,0.7107092927131002,0.44505284132682144,0.6264642477035522,0.04663230091866501,0.5879203215216113,-0.3952496378255913,0.5730613470077515,0.4338568742138398,0.8754951030220317,0.5924527144250221,0.1311294287443161,0.11720699248618377,0.909129959068459,-0.5445069361175563,0.2520179152488708,0.4969238565608056,0.9731052513331496,0.5976396113660016,0.0993923023343086,0.11878903575995244,0.9641418532818394,-0.5751256647433014,0.2096431106328964,0.48001504300819703,0.9475793816238629,0.5664031678692325,0.1324454993009567,0.16342329232766772,0.9425365961048888,-0.6182187125287065,0.2400221824645996,0.44607879301180714,0.9581870501537113,0.5575477934999833,0.1244836896657943,0.17932399444174907,0.9589722974932318,-0.5409744033031219,0.2479412704706192,0.36391319930251775,0.9248912860167813,0.09271686425586646,0.13726207613945,0.2052222789704405,0.9279436319162826,-0.10845910416401291,0.1666964739561081,0.3671377291078804,1.4075273429937223,0.12565031701361565,0.014810930006206,0.2108564029029857,1.3679844944837056,-0.05099154614090311,0.0132093681022524,0.34342959048930494,1.7588256523414512,0.4748105479500011,0.0014823439996689,0.20729234573735042,1.7743798015977554,0.13542983430205766,0.0010578596265986,0.37086779445719037,1.8462508778307765,0.5166879218097643,0.0010003262432292,0.1793707885612938,1.8237980849381235,0.14144553552808858,0.0015141720650717,0.38719656495691157,1.9011076788760106,0.25380652239243234,0.0014378947671502,0.25997515790803,1.8801800526397174,-0.22678768471647226,0.0014423161046579
2025-11-11T0771.544131,158,0.43273493285412545,0.2904283427887134,-0.17828932719287602,0.994817316532135,0.45326923714442763,0.25470681367700554,-0.149927709136549,0.9943798184394836,0.4558052670136419,0.2590628542919561,-0.15571844246674652,0.9949833750724792,0.47101512227146713,0.26401071316985897,-0.14291331792629502,0.9954082369804382,0.41062573272466496,0.2835581629170706,-0.23841168442259472,0.9922946691513062,0.4512422037378295,0.2758076388240237,-0.24129344367057676,0.9910705089569092,0.4044837335101078,0.25645690429780665,-0.24307088646714284,0.9907114505767822,0.4197199913113093,0.2650655305864017,0.046385112455907304,0.9966763257980348,0.39219381738250075,0.2413424759270139,-0.3078448925048741,0.9911358952522278,0.4185291222420934,0.3388192080367025,-0.10132438658706527,0.9957057237625122,0.42772571183418134,0.3234488543955812,-0.20727653259768672,0.9889119863510132,0.39177790607846036,0.4723575511190104,0.21432496072288654,0.9975160956382751,0.17776620792565231,0.32497319270412056,-0.37272347098468595,0.9803814888000488,0.40487065018152923,0.7063581461944645,0.4808218238904344,0.6169538497924805,0.030127221049159447,0.573773623266073,-0.48278449023069675,0.613608181476593,0.4378417461374866,0.8918743449097266,0.5479989570084541,0.1429506987333297,0.1610682722567163,0.8660242681008459,-0.6037843846451305,0.3161091208457947,0.44793610156282565,0.9721160350175784,0.5165320489540797,0.1107092276215553,0.14687883867738066,1.0007308022617805,-0.6769793298224992,0.2734776139259338,0.4378085270271482,0.9387031419308142,0.4484722592462932,0.1435799598693847,0.21698098872597635,0.9592874287444706,-0.6603288378076049,0.3028822541236877,0.45544563488167306,0.9307812989819486,0.46373513282275847,0.1374760419130325,0.17408819408563522,0.9599231086343455,-0.6164417895859772,0.3089394867420196,0.3527725376036416,0.938292116162099,0.14276781872072022,0.1511048376560211,0.23880386655052815,0.9418959625126668,-0.11823394564412713,0.1846354901790619,0.3823226232196155,1.3902096441134821,0.14783981963109918,0.0141403106972575,0.2059898343682176,1.3822206427572075,-0.11300806326705545,0.0137739097699522,0.3632953652854663,1.7963485591197144,0.46618183203212005,0.0013869262766093,0.17703973349635038,1.8006782714521605,0.09577948715573252,0.0010377782164141,0.33204336593023553,1.8658612736133837,0.49427920834433314,0.0009412652580067,0.18917218356977153,1.8306316768717528,0.12750840067867283,0.0014956332743167,0.3772401238668484,1.9033419722773621,0.2226059245226535,0.0015853350050747,0.2783455088700566,1.8644772110165004,-0.22279481870819134,0.0014663395704701
2025-11-11T0710.967678,159,0.432350608188433,0.32658026176112714,-0.03149027699244216,0.9952948093414308,0.44555611003489015,0.2932263764923554,-0.0072622421324511875,0.994897723197937,0.4349294690348355,0.26219056009106834,-0.02604935828376758,0.9954360723495485,0.44442372102899674,0.27757678025322746,-0.013038729960738285,0.995816707611084,0.44278287675749445,0.29050546054208737,-0.0989656129209233,0.993037223815918,0.4107588484210349,0.25930852150828954,-0.09261834165448907,0.9919360876083374,0.4144388744354469,0.24699430662859423,-0.12036324937093985,0.991615355014801,0.44769031073493243,0.23857629165732677,0.1597485151901958,0.9969522356987,0.3991790096342708,0.22825534058511796,-0.22231332510450064,0.9920082688331604,0.39667191724517054,0.36099474718284114,0.009880974532350411,0.9961066842079164,0.41766233355588905,0.31300823739045736,-0.10563565494085131,0.9900074005126952,0.32642947237607095,0.44400193960139656,0.33127500846582364,0.9976276755332948,0.17954522120787306,0.30005664940305093,-0.33930094356262913,0.9823414087295532,0.312946900084601,0.7046567097021093,0.441447380375452,0.5898651480674744,0.0697015562835835,0.5379067593183793,-0.46233195501164254,0.6510117650032043,0.329149265258355,0.8860269977759958,0.21772022301166938,0.1630120277404785,0.16638248242097572,0.893704464736906,-0.5732346969312105,0.382193773984909,0.3217509611433646,0.9854194313840812,0.2323355062946233,0.1342876702547073,0.09467766339753803,0.9684672660102527,-0.6285841093940878,0.3427358269691467,0.3170071968117068,0.9623158832553439,0.18335863534539074,0.1671513319015503,0.17084754648887168,0.9631300748441456,-0.6227872256025017,0.369650661945343,0.34016645271843077,0.9235494180706872,0.2209499485034703,0.1616268754005432,0.1916314143024624,0.9339986179007963,-0.562621312651905,0.3741853535175323,0.27203707020538953,0.9151321689290854,0.13850283951196649,0.1918370276689529,0.19387047212191744,0.8735719761575564,-0.1686274832399708,0.2371584922075271,0.2819951533100008,1.3778845105737645,0.1233220833512411,0.0167534127831459,0.1188754325701804,1.3423302715809302,-0.15005596447562555,0.0240808296948671,0.30435427652203856,1.7524724191758638,0.4578196172200527,0.0015301192179322,0.12460020911886992,1.7625947944042084,-0.038801945465801645,0.0013679236872121,0.28546206630943666,1.825548620898157,0.4169848480362805,0.0012026600306853,0.12437313206632833,1.802288957102727,-0.06042061763760326,0.0021077564451843,0.3396779777204305,1.8977971220318834,0.20816706934528215,0.0024789464659988,0.1955762226592722,1.8909830194315442,-0.3321800641603978,0.0020168535411357
2025-11-11T0735.246278,160,0.4406791041751014,0.33144212928648287,-0.06804491787956721,0.9956771731376648,0.4637027333132042,0.2805206410558233,-0.01086602056386522,0.9952800273895264,0.40244603071219154,0.3143690652692772,-0.0033456248587574993,0.9957715272903442,0.4316720575599897,0.29700921290583554,0.01522838163509214,0.9960933923721312,0.4178330453300159,0.3069877779826098,-0.09261327481329236,0.9936522245407104,0.41905070056046867,0.2927768099144462,-0.06819495358561646,0.9926734566688538,0.4225719004588216,0.2814781418725772,-0.07844091172085448,0.9923855066299438,0.4166929452985951,0.28555355841266,0.17255902683939084,0.9971266984939576,0.3636068966911193,0.2639027607425697,-0.22744969339148233,0.9927688241004944,0.412490444523632,0.3669187555682152,0.022932539917341458,0.9963962435722352,0.3669769121418529,0.32851234841481536,-0.07806687052362549,0.9909575581550598,0.3236340033922791,0.42653308429440695,0.32766528689650853,0.9970849752426147,0.18878335963250995,0.28284014291021675,-0.35029525445430804,0.9840986728668212,0.27115199316580935,0.6271725277442051,0.4279352192029593,0.5413969159126282,0.03874416653076371,0.5327418929573989,-0.47955043938804987,0.6832005381584167,0.2546995875590584,0.8931724034690179,0.24073714538339588,0.159967616200447,0.1236500446034105,0.8791719475911379,-0.5611151630503516,0.4374824464321136,0.29138247507274195,0.9681738731354428,0.20268824632207522,0.1361542046070099,0.12299854666422398,0.9671870596324501,-0.5957666821269382,0.40023934841156,0.28841580145592133,0.9274093927472857,0.16844291243418744,0.1683233827352523,0.15771774353777993,0.9486537686469803,-0.6265227799757136,0.425830066204071,0.25380458397527056,0.9036691083912433,0.21986322530477134,0.162861168384552,0.1745335208029236,0.9395442926836947,-0.5445122482189837,0.4271807670593261,0.2629741548098229,0.9048690321543462,0.1307788621569949,0.1940115988254547,0.16195504484479678,0.8954923987670247,-0.13604758747275017,0.2559602856636047,0.24314906908988101,1.3002572871333697,0.1374779051491995,0.0232390575110912,0.09411583618535385,1.253957592434475,-0.14411856097188888,0.0417390689253807,0.23486768759509935,1.6788488472769965,0.44414754392812883,0.0022718706168234,0.14031179094777987,1.6991252531750423,-0.02420144615284741,0.0030936482362449,0.23362771594490045,1.7462451465308615,0.42822389136798356,0.002406244399026,0.07265242320243173,1.7406837735455565,-0.04332162700586686,0.0054129669442772,0.27952868461959396,1.8453134448037725,0.23221777718952538,0.0048759547062218,0.19211349127506633,1.8240832885062161,-0.26912629348813666,0.0052670394070446
2025-11-11T0768.191986,161,0.41641927234293324,0.34794252550504395,-0.001141306154117559,0.995599329471588,0.4453251467297861,0.3215143386170974,0.025543266972888216,0.9952393174171448,0.441620010806362,0.28997758286704434,0.013103800569957767,0.9956883788108826,0.4502498824852893,0.2856601573672084,-0.0030751377292263134,0.996032416820526,0.4273174541062977,0.2994951861441087,-0.08284073841701994,0.9939477443695068,0.4316642190131465,0.297536533334642,-0.0557804302481683,0.993063986301422,0.4447903989882913,0.29612118532279474,-0.0881728147815295,0.9928481578826904,0.4125333218960382,0.26836963969115496,0.15495232920049967,0.9970924258232116,0.3843513831943267,0.2570149352388046,-0.27033983951805357,0.993356704711914,0.3987221839840202,0.35717601306355057,0.06517746338345726,0.9961845278739928,0.3737153105165867,0.3553628036852394,-0.0875741196226347,0.9915416836738586,0.2953848287848019,0.4242147512016151,0.3500289863162961,0.9953902959823608,0.19058809592588963,0.2978644703421852,-0.429256594896385,0.9855848550796508,0.28694718696194643,0.5788326210237588,0.638088527239228,0.4900962710380554,0.05914268914282853,0.5867155009120367,-0.4746982862326074,0.690118670463562,0.3323161369211024,0.6850481671786827,0.7492620138884937,0.1478487402200698,0.15497389392846453,0.8558034981220273,-0.433891802849965,0.428718239068985,0.32747277109890643,0.6932863032071238,0.7765134496634553,0.127206265926361,0.1862992412958926,0.97354487909988,-0.4576194463514966,0.3938673436641693,0.34113339141727034,0.6663045013168968,0.7273035447294478,0.1566962301731109,0.1918726646219996,0.9357040715301626,-0.39173113666771137,0.4206503629684448,0.3292770899701828,0.6465509611671837,0.7171946731601774,0.1518903225660324,0.17155643989592814,0.921454322346197,-0.39123768612767645,0.4173533618450165,0.26791551804388536,0.9285092728932114,0.21389139769928425,0.1882151514291763,0.1665788830495451,0.9148108830751802,-0.2055190656189989,0.2492352575063705,0.2434016926681123,1.30831179666908,0.22387054794450675,0.021859111264348,0.13962160562524986,1.295628319842465,-0.1750313799668836,0.0393472611904144,0.2651248879722409,1.703115743623432,0.4774234588409978,0.0021024306770414,0.13562229568285233,1.7664786507703114,-0.013094148724195247,0.0029725627973675,0.250049129366835,1.7560087648390807,0.46578940376011596,0.0022876996081322,0.08536876310225618,1.8668863592751697,0.0026509968101680577,0.0052513424307107,0.29123272510024784,1.8346179983429414,0.3042155087465573,0.0047841188497841,0.19944581027004996,1.885262388459472,-0.2510652341143283,0.0053919148631393
2025-11-11T0735.623281,162,0.4011752949192124,0.3683126063303688,-0.09002121171115865,0.995954692363739,0.45105159103886516,0.3389258135017292,-0.07278137790106615,0.9956101179122924,0.45710154314829304,0.34491327220938583,-0.0835809728074892,0.996013879776001,0.4518797361787629,0.2826367775524948,-0.06991547075135647,0.9963313937187196,0.40748641061132984,0.3289762669284395,-0.16279872060872094,0.9944742918014526,0.43704101076144547,0.31708810819714045,-0.14795427916815543,0.9936774373054504,0.438125222575676,0.31579333015882477,-0.14954189009140875,0.9934930801391602,0.40571996214525213,0.2913141955739583,0.10782030010159618,0.9972901940345764,0.3981966053975887,0.27280637848498257,-0.333265598528352,0.9939813613891602,0.40782147053298234,0.4044500414294184,-0.039012575500165084,0.9964169859886168,0.3693498319803408,0.40304527196374806,-0.12704434200578366,0.9923070073127748,0.3042757906900044,0.41606615083045445,0.2716151354996489,0.9943853616714478,0.22907109386654842,0.3285438921262851,-0.48938425307099437,0.9869564175605774,0.23753818703578777,0.6333251877915049,0.41013556880673735,0.4425762295722961,0.0675526998999025,0.6504939286473397,-0.5736985713454477,0.6824504137039185,0.25655994777345287,0.8158168127907997,0.44568673939449654,0.1366981714963913,0.16925920368425174,0.9738723280739365,-0.46300828531485017,0.4242154955863952,0.26278387463869396,0.863662161707674,0.4423974440625565,0.1204215735197067,0.17300536086325763,1.0682462511910764,-0.5079578800005815,0.398005723953247,0.27929599908902997,0.8595044895841117,0.4199580632124135,0.1482046991586685,0.22224927762415025,1.0597286759311875,-0.4804972418684151,0.4286412000656128,0.25449027006065206,0.8443019632390699,0.4626573719434184,0.1437281519174575,0.21221022892663283,1.022757113221922,-0.42881618380676695,0.4184651672840118,0.2239488607306032,0.9721525599866262,0.22700418496959462,0.1758809387683868,0.1432654177982792,0.9766534609605839,-0.20535426497823286,0.2342568039894104,0.22799835443267505,1.3837287517988277,0.2570206132347851,0.020336277782917,0.134865285749247,1.4045009220555629,-0.15919553763543426,0.0370952002704143,0.19840367655358637,1.7961385759424395,0.5891291996365972,0.0019518320914357,0.11431886196646979,1.866973474266778,0.04504240655234167,0.0028064451180398,0.19926231454961585,1.8358440490423846,0.6116435377608748,0.0021541262976825,0.10458839501397536,1.9305450009875693,0.07339704511456029,0.0049056587740778,0.27089126750817444,1.9174411393663737,0.4128271058093536,0.0048167523927986,0.19917382780374052,1.985661739766442,-0.24181229910048582,0.0054990323260426
2025-11-11T0790.429683,163,0.43965207119833405,0.3669571661446673,-0.12869931305401347,0.996305525302887,0.45701788673729815,0.3557885843053771,-0.0990462308689049,0.995996117591858,0.45170458463018526,0.3513333778186911,-0.08499245840167213,0.9963625073432922,0.44065428288366737,0.31069108726754213,-0.10437023665903378,0.9966487288475036,0.4547561049551547,0.3396720594200493,-0.2405283006495403,0.9949823021888732,0.4583518263616748,0.3429155891030441,-0.20262802095765817,0.9942644834518432,0.43606200753123925,0.3146892770027199,-0.22784118902913786,0.9940961599349976,0.43908837135545775,0.3063320472549983,0.08600126243896702,0.9975148439407348,0.38138728851943615,0.2664958366854899,-0.3781467375129952,0.994559109210968,0.4239818233416992,0.41636808734337627,-0.0633620784992427,0.996700882911682,0.3915201657874263,0.40880861644862565,-0.18533209989743016,0.9930376410484314,0.30485430675502495,0.4472744066048062,0.2700319268395417,0.9944345355033876,0.22865601900610807,0.3681051624162604,-0.545773420522498,0.9882112145423888,0.2570430851313611,0.7123373130791106,0.3867333077935272,0.4011262655258178,0.11254295042066888,0.6974661975292685,-0.5703949763847889,0.6796335577964783,0.2708741676902399,0.8909041808004273,0.37082310386088924,0.1293272525072097,0.19465753746426995,1.0103836660926737,-0.55570976913671,0.4195035696029663,0.25985250898217416,0.9503088802120072,0.2930645207607512,0.1183065026998519,0.22193766441782625,1.1211609260561537,-0.6094563209075935,0.4038679599761963,0.24624617011296202,0.9111054005551262,0.2348335867082561,0.1453259289264679,0.21209149274462685,1.0952239289939967,-0.6004209883967014,0.4378107786178589,0.287719405055366,0.8896418620311155,0.2867709049896724,0.1413340419530868,0.2274613695108028,1.0480935264611184,-0.5687720025321833,0.4220064282417297,0.23410707500111044,1.0129492887778708,0.21942193775250174,0.1613571941852569,0.15043788322054202,1.0142290600163724,-0.21037684690233957,0.2146125584840774,0.26559188677770756,1.479351555571331,0.22150789888220165,0.0185430776327848,0.1258154903845252,1.4692938331665013,-0.19909853305058814,0.0340407900512218,0.23199819468414648,1.8803274716411178,0.5672725417324652,0.0017797988839447,0.09784172976127672,1.9032831014659313,-0.0532317707488525,0.0025755728129297,0.22535928789058857,1.9360595166957277,0.5462456934005068,0.0019851007964462,0.08075173312732506,1.9738861450478167,-0.07222055724032969,0.0045054964721202,0.2991976054484081,1.994494535886286,0.3554673860555681,0.0047157793305814,0.22054704803645378,2.026533997717014,-0.3553824446990517,0.0053342776373028
2025-11-11T0775.344338,164,0.4711009440516971,0.4338518393379411,-0.046637678619352765,0.9965074062347412,0.4898473064057852,0.3873340945275632,0.014441222983682393,0.9962764978408812,0.5025334904736055,0.4010446295268993,-0.027355377730986383,0.9966101050376892,0.47718028929587075,0.36856453529971267,-0.02512997617582779,0.996881067752838,0.4698364226741343,0.38059031486376826,-0.07325811602213,0.9953829050064088,0.497756457100985,0.37651166544085657,-0.09166941979115807,0.9947203993797302,0.4751516271945997,0.3889232419294402,-0.08556417703270346,0.9945770502090454,0.4782415789992313,0.401196363170181,0.14540444216150897,0.9976900219917296,0.41960527111353285,0.33321629004581416,-0.2776994470221832,0.99505215883255,0.4679338652005923,0.4324977383115423,0.022685025225736028,0.9968578815460204,0.4488445302587132,0.4308071961452029,-0.06913591328011284,0.993627429008484,0.40110130619640594,0.4659053390684292,0.35773024346243065,0.9944343566894532,0.2803401319760893,0.4170572586770568,-0.5059691632008193,0.9892776012420654,0.3423198891617337,0.7300078845592689,0.5032601554712296,0.3637844026088714,0.12951862673546768,0.7098829716175578,-0.49540689543507316,0.6688981056213379,0.2989315797909038,0.9244613456815053,0.4975022105295926,0.1211144849658012,0.18887345022300614,0.9959339957245578,-0.5520503859589806,0.4047659039497375,0.3305696494590974,0.9743369746954189,0.4437659260004607,0.1140376403927803,0.18639743709300904,1.0793745865044502,-0.6075146275492316,0.3981351256370544,0.3308337027142627,0.9369093454985644,0.4110890934454787,0.1398036926984787,0.23295962671830192,1.0741142711350602,-0.571258342408241,0.4341418445110321,0.31256339317626036,0.9373639743134353,0.4709257927165363,0.1361279785633087,0.20261325297967853,1.056209958359646,-0.5327759275587837,0.4151633679866791,0.3030732162812188,1.0684204278544611,0.22255591158419408,0.1482655107975006,0.18611290877611833,1.0546354118404773,-0.22137989388750035,0.1966769993305206,0.3091451195728499,1.5158666665877505,0.2115016544601773,0.0168449729681015,0.22198381407880635,1.528368246998246,-0.21254615906196556,0.0310834385454654,0.26154615406765086,1.9099112628532509,0.5171849040868685,0.0016114932950586,0.18072582998943912,1.9342829420686696,-0.0865266283640796,0.0023460420779883,0.25218188831095334,1.9816064552388057,0.5309814352808319,0.0018114577978849,0.1366165329763135,2.0467039816287533,-0.048854733150615295,0.0041104392148554,0.33789958231332334,2.0306165392668705,0.3353180495647931,0.0044029080308973,0.268783132805947,2.0715039504979655,-0.35930060069635045,0.0049894927069544
2025-11-11T0757.267292,165,0.6077383375579292,0.5585714831745513,-0.07374796330154013,0.996679186820984,0.6211141089535809,0.5098559190691428,-0.08018897704096248,0.996471643447876,0.6161570616457034,0.5186221911251103,-0.08254840184887158,0.9967916011810304,0.5964612543588544,0.47794073449806906,-0.06009978403462992,0.9970178008079528,0.6216661668909217,0.5067140231917814,-0.16172773774298974,0.995676338672638,0.5751516554384372,0.5121720503222732,-0.16257133350504827,0.9950842261314392,0.5738858853193121,0.4879169244452707,-0.13762586272613847,0.9949408769607544,0.5520289418907789,0.48102336164177145,0.05983024702211864,0.9978120923042296,0.510336612805245,0.48551534409455416,-0.35437778797612124,0.9954822659492492,0.5953628025996354,0.5883355184607154,-0.019270650906217046,0.996859610080719,0.5556257782620485,0.5782892967376948,-0.13819525443113054,0.9940844178199768,0.48608750475854845,0.6118855738786786,0.3243527330389734,0.9937744736671448,0.3353961644772037,0.563947647011479,-0.4785457317546713,0.9898753762245178,0.44770695154373635,0.8722680151643226,0.4465358029150925,0.3282850384712219,0.24846510702732014,0.8798486115763596,-0.48940640212922787,0.6113326549530029,0.49811651124859463,1.0052700643931565,0.39543810665595147,0.1132166683673858,0.27777288787007026,1.1687277386853072,-0.3724795994780535,0.372053861618042,0.5349280756842791,1.0310214709501742,0.39136102748400947,0.1097240522503852,0.2474621517873692,1.2592030490879729,-0.3914402550150786,0.3729017376899719,0.5369577402275807,0.9927983649053524,0.3589172393169951,0.1345748454332351,0.3077157347692118,1.2258575279002337,-0.37074703882682575,0.4094669818878174,0.50649551407551,0.9683879444842429,0.3556899541244378,0.130936712026596,0.2652670046299849,1.1869512627959897,-0.3642599996425395,0.3899806141853332,0.40921200871773866,1.2025270167839996,0.21571647507477545,0.1344561129808426,0.2598516900017571,1.19597056356031,-0.22553804062119767,0.1779495626688003,0.3903310770422309,1.6584140918793133,0.24262866012693118,0.0152566842734813,0.2497637899625414,1.6372259164225544,-0.22551267504993552,0.0281326435506343,0.38546338923656454,2.066258828113014,0.5145500501193573,0.0014542165445163,0.2108923575865333,2.055004188893066,0.010644011484976151,0.0021165194921195,0.35648907766033544,2.0895740699803835,0.5373912870224744,0.0016391759272664,0.2089062829580074,2.168854266030731,0.024294928195200453,0.0037065821234136,0.4773329076557454,2.198948269502581,0.33309250871419255,0.0040544527582824,0.3745695874696886,2.185192965983025,-0.3046393431473511,0.0045412345789372
2025-11-11T0720.610907,166,0.6885825077964923,0.7260016929955133,-0.2120028898906858,0.996977686882019,0.6502879397681895,0.6393168608599787,-0.19983310108673974,0.9967867732048036,0.6406292853510538,0.6305977940931757,-0.17327036989565028,0.9970664978027344,0.6522998075546477,0.6493267846296635,-0.17199682792898224,0.9972701072692872,0.6296648625102941,0.6628307916400825,-0.26238449386001433,0.9960814714431764,0.6339294539511452,0.6205644434530926,-0.24831434446694062,0.99554842710495,0.6141568182836248,0.6345263058850211,-0.2979890213976775,0.995421588420868,0.6234947465197542,0.6181811538673985,-0.009185784360797951,0.9979891180992126,0.5847943032190351,0.6289901643136534,-0.3898839712211619,0.995922029018402,0.6285350639182239,0.7394496553239367,-0.125535189578257,0.9971331357955932,0.6257778662652435,0.7062906514263786,-0.25304638155126125,0.9946616888046264,0.5459183722624201,0.8332945894844581,0.1966446438290879,0.9936614632606506,0.35981371382517463,0.7607591426955814,-0.5076606692107516,0.9908259510993958,0.5612707745128591,1.119512991650454,0.4546985650558386,0.2997378408908844,0.21590405015177824,1.0130426781146709,-0.539662700030354,0.6127492189407349,0.5541309205399326,1.3728037978171246,0.622552601861978,0.1117555126547813,0.20173151172649992,1.2973945485302583,-0.5849664494193382,0.399294763803482,0.601300316083627,1.4283320909380146,0.6820474947947489,0.111958310008049,0.10235668806456512,1.4115420133729806,-0.5851150454328334,0.4087348282337188,0.5620977933047059,1.4263925742167847,0.6071335191213163,0.1372402012348175,0.17154929455078183,1.4263648120698724,-0.6707736400772798,0.4481429755687713,0.5733362075621015,1.4066685371605665,0.6015246974998492,0.1342281401157379,0.2155844767409082,1.400223198225537,-0.5889665037345192,0.427834004163742,0.4753373146303804,1.3906969619037381,0.1927903916378025,0.1219101473689079,0.31408400523299385,1.3522061246714032,-0.19582215182578933,0.1610653698444366,0.43908388391187736,1.867601715047036,0.23303740900245556,0.0137618780136108,0.28565126265541235,1.8850979424072576,-0.15799229305933385,0.0254326369613409,0.41635474544233836,2.291231914893489,0.6604063433398967,0.0013098532799631,0.24831650309043585,2.2443100024930276,0.20089257794060003,0.0019068436231464,0.3777021038831034,2.359403247709613,0.649507927981127,0.0014763803919777,0.23206553518843395,2.32236256115779,0.22496209214465193,0.0033382750116288,0.5053297942238693,2.4395334314068764,0.45840268274266666,0.0036844401620328,0.3504141276541491,2.3551866852899734,-0.17818488015362208,0.0041075353510677
2025-11-11T0786.230768,167,0.7111657223731715,0.9167102163103473,-0.4138691903532247,0.9938896894454956,0.6919714738658773,0.847033665417116,-0.42301360847079333,0.9916096329689026,0.7086315621649977,0.8801139064796186,-0.3950257420870594,0.9911295175552368,0.6790401444329355,0.8496938668666902,-0.4173525880043423,0.9918511509895324,0.6911374764338115,0.8448996923175578,-0.43614970842075956,0.9919437170028688,0.6919904912917479,0.863398810415648,-0.46552125303533204,0.9905837774276732,0.6432974958865195,0.8417866706674041,-0.47432134018825756,0.990997076034546,0.6970175821565235,0.8116744770977635,-0.2884043626790165,0.9932925701141356,0.6068173338479428,0.8538390180448964,-0.5704748598052911,0.9931107759475708,0.6448243982304709,0.9020064365047138,-0.34417231610807203,0.9935652017593384,0.6574539192682402,0.9424251545949164,-0.42238564932274414,0.9929153919219972,0.636155809719565,0.9380517628670946,-0.14495191397980245,0.9921342730522156,0.3993308937924166,0.9185772255729442,-0.4593885950957668,0.9884425401687622,0.7169523764868846,1.2084074477627929,0.0943004112508665,0.275288850069046,0.2711376577672424,1.1613603560227121,-0.430556738397701,0.5620817542076111,0.7340207037436937,1.2821880715130325,0.11536929734183789,0.1096896454691886,0.23603613568281026,1.3204990473963991,-0.3777790508312292,0.367122083902359,0.7566628992433259,1.2972334583849485,0.14261944663468695,0.1124370619654655,0.25073487990974247,1.3935069951988712,-0.3747492207433363,0.3780238926410675,0.7678624850814784,1.2823894071804596,0.12850116002560835,0.1386155933141708,0.23928125851945947,1.3258937989987722,-0.43930993003777463,0.4172135293483734,0.7318128257604927,1.2538413345469683,0.12224712843322733,0.134959191083908,0.26801568329185665,1.3772657561915675,-0.4173654151577465,0.3991558253765106,0.525386930752203,1.5062310184858105,0.02749020053825673,0.1098793521523475,0.33201875884151594,1.5051963316962347,-0.023297880881523902,0.1450744420289993,0.5150272220409313,1.9764067573542654,0.1092293523804478,0.0125059224665164,0.35433872231861707,2.0026486337697222,-0.058111902505969606,0.0229368489235639,0.48252515837893534,2.4296296294122413,0.6007424753470243,0.0011805165559053,0.3495546354253623,2.4138601003771285,0.2825614009906808,0.001717553823255,0.4785562474746391,2.507702365206191,0.6133056379946945,0.0013296462129801,0.33489324076764515,2.5097280491491136,0.30339654830045293,0.0030060543213039,0.4832168133551301,2.5910290526203563,0.2344419069388059,0.0033269661944359,0.316594253535756,2.5200219801339316,-0.0717655656913618,0.0037039122544229
2025-11-11T0765.259092,168,0.7174806110277611,0.8763838747289958,-0.3554891503393122,0.9894657731056212,0.7489682489687844,0.8822128688190518,-0.3027895920271162,0.986097514629364,0.7219203879027039,0.9191240474327743,-0.3022367011451213,0.985180914402008,0.772598163456601,0.8908911603291073,-0.3069342262995299,0.9860960841178894,0.7508205793996622,0.8960830819922959,-0.2865295162728514,0.9871695637702942,0.730340700995087,0.8924472093938475,-0.2985519286279954,0.985556423664093,0.7528218832164082,0.8849068794382552,-0.3489319146655362,0.9865871071815492,0.7348271024189059,0.9106791370713444,-0.15860056488152774,0.9893017411231996,0.710217282095785,0.891317352797215,-0.16437151687170976,0.9902962446212769,0.7399670587895346,0.8708118397158442,-0.2178296329707317,0.9916344285011292,0.7397218750836313,0.9047883128100348,-0.24747469150370505,0.991213083267212,0.7577828230013393,0.9499999086474142,-0.14880097354232974,0.9924902319908142,0.5680583479145526,0.9871312274871461,-0.11553313496574123,0.9893887042999268,0.8264095783285633,1.3090114237036397,-0.06851516163432926,0.2720514237880707,0.42946980320853245,1.181156910488089,-0.1345315666917208,0.5441862940788269,0.8445274113078741,1.4642070912526424,-0.12725924006908793,0.1047542914748191,0.3452394052708851,1.3466768047226998,-0.31306882125430113,0.3439335525035858,0.8287791855364045,1.4830898183933845,-0.17707098193625437,0.1071463227272033,0.3233204450452236,1.4573875849444737,-0.32564535199033945,0.3536044061183929,0.8520673282699626,1.4583587573845092,-0.12971586281076244,0.1325230151414871,0.3118331288907713,1.4736878129974191,-0.39964610407686163,0.3929583132266998,0.8428402195356308,1.4520040299391275,-0.12884525573189246,0.1292661428451538,0.3467484226415311,1.4149026918438319,-0.33520867176709057,0.3787145018577575,0.7144325890559956,1.6154584729572603,-0.09130099585982158,0.0992439165711402,0.5090208606621612,1.5628041441427556,0.06555075654936182,0.1310169398784637,0.63016020410363,2.049390105378799,-0.1695593771678649,0.0113118384033441,0.5082300062086469,2.0315781871049077,0.03535838212250911,0.0206814743578434,0.5973236638303524,2.518746464319837,0.20661674764545426,0.0010637028608471,0.4841791865176373,2.4734256199585656,0.22716010009358253,0.0015473183011636,0.6324080098012013,2.618152123010339,0.24817280319849422,0.0011973689543083,0.47725391332977873,2.525678927603722,0.26280320934506485,0.0027082178276032,0.6138511360858977,2.647830236451173,-0.14274344764864483,0.0029979716055095,0.45460588572520066,2.58282084617332,-0.13532143960616394,0.0033363904803991
2025-11-11T0748.106103,191,0.84412806119174,0.9175110194351,-0.6862919534853581,0.9882510304450988,0.8305888295895204,0.8586863863884363,-0.6857066920392352,0.9852171540260316,0.845764695288013,0.8756226341574933,-0.6784198114105011,0.9838738441467284,0.8407837495516197,0.8741279456343064,-0.7071834490147514,0.9854098558425904,0.8134228828767224,0.8433488260336031,-0.7598883121338322,0.9870627522468568,0.8040978925484176,0.8545554118456251,-0.7781225215369709,0.9854781031608582,0.8035515755688273,0.8596181965484215,-0.7401914382849399,0.986587643623352,0.8072508731383129,0.8493344517420733,-0.5493375746755984,0.9884594082832336,0.7683921546968363,0.8015873063156057,-0.7926104052993552,0.9903638958930968,0.8380373603556974,0.9338461970066732,-0.626878967789683,0.9905616641044616,0.8345039102290287,0.9177344588888456,-0.7248921188908267,0.9912668466567992,0.782875717254147,0.9542654610107848,-0.36387005497112856,0.9922274947166444,0.6335697306379946,0.8748354105834873,-0.7293835349250529,0.9900625348091124,0.8076625651991713,1.1364954491548056,-0.10691859600574023,0.2607034742832184,0.5198508623633692,1.0724843250286547,-0.6830597162099828,0.5410767197608948,0.8055533526641689,1.2414790861278988,-0.022867907999020644,0.0996844843029975,0.5489495458461928,1.25220251876874,-0.6795206062649708,0.321461409330368,0.8103262535287323,1.294271055368086,0.006245922459689345,0.1010524481534957,0.4969551049290009,1.2839328883925232,-0.7142706787164081,0.3297026753425598,0.823834911027128,1.3347466519820572,-0.039270863802861766,0.1251100152730941,0.5133099054953855,1.3125141592040017,-0.7398456548301785,0.3682600855827331,0.7995520617741496,1.2961894771105706,-0.047465616149429936,0.1230726540088653,0.5270612464299075,1.3067676061784048,-0.6925288660662572,0.3535482585430145,0.7015405367825287,1.239929512803566,0.05487159638444025,0.0911422818899154,0.5679852265368276,1.20557720852145,-0.05971032024629951,0.1200848221778869,0.6300134207304818,1.5147440199523479,0.291231342005463,0.0103948134928941,0.5241828510444722,1.4858518919728179,0.14117749659296897,0.0189586542546749,0.5992350525539466,1.7507612111505995,0.7415703016696895,0.0009776682127267,0.5100128890169122,1.7209015765917512,0.5086216735159961,0.0014363788068294,0.5674319564361366,1.7680918004933683,0.7837469171117549,0.0010872032726183,0.44245737080646347,1.7467122357627158,0.5365552599699284,0.0024958653375506,0.6007113907489522,1.8558011269435295,0.6051009423777591,0.0028816722333431,0.5390873675485008,1.7911137040324705,0.3006622074895633,0.0031323723960667
2025-11-11T0772.696280,192,0.840065572330715,0.8837940576384272,-0.5345018430955348,0.985144019126892,0.8290596406955648,0.8555922728392851,-0.5267507984607077,0.9832590818405152,0.8266360770547869,0.842916282368634,-0.5052265842802505,0.9819445610046388,0.8472739889968307,0.8333388393679636,-0.4849665459406716,0.983999490737915,0.8340816342916796,0.8273756996311588,-0.559600516124766,0.9855517745018004,0.8494226379266925,0.8307539825840802,-0.5493686735324728,0.9838942289352416,0.8291889363424225,0.8241071773832337,-0.5705756385424154,0.9848957061767578,0.8090239327974369,0.8363708292427513,-0.35448775020743617,0.9871703386306764,0.7900146366829783,0.8257810901551698,-0.6708665963417587,0.9896357655525208,0.8408974712125681,0.8813171736112978,-0.4622219708244839,0.9877125024795532,0.8287044380472576,0.8856588159824638,-0.5676346530185619,0.9903026223182678,0.7650535367696933,0.898369697380031,-0.18049908690332114,0.9896173477172852,0.6764697884211588,0.8753453274796827,-0.6487201904066142,0.9892476201057434,0.7342728584923662,1.083918026027562,-0.07123940078589658,0.2386455237865448,0.5668968191485169,1.0445717152612046,-0.6221881858440087,0.5099030137062073,0.7454910374178616,1.21052324293249,-0.03341613901261408,0.093984343111515,0.5521995332801585,1.2263421719598533,-0.5445634900313374,0.296671450138092,0.7754592561868645,1.2506229212626434,-0.067367721457268,0.0960351303219795,0.5665720774835912,1.2653098883014826,-0.5661546233913453,0.3059752881526947,0.7702050512563856,1.2379473222846946,-0.07369617003156254,0.1190408021211624,0.586962478415627,1.2880840297851466,-0.547282829246155,0.3434513211250305,0.7560658454730502,1.2276203762872167,-0.07531988379403423,0.1173697710037231,0.5913489405393362,1.2655358331786184,-0.5206865560484034,0.3283625841140747,0.6670028899434988,1.2239451515265787,0.08743938959909381,0.0828984677791595,0.5586853728224046,1.2258301564052048,-0.11441695841861689,0.1091881543397903,0.6543811811671555,1.5057384615045695,0.27961495307755274,0.0096027450636029,0.5358000287600566,1.484735799195453,0.01384306015196134,0.0174096617847681,0.5979739537822644,1.754848345107631,0.637269177061918,0.0009151345002464,0.5296100396542618,1.7686095103356314,0.32303868494844823,0.0013848507078364,0.5816758993672233,1.7707652707780994,0.6640059328448897,0.0010091828880831,0.4904934253238106,1.7743365041890715,0.3474307750637117,0.0023675409611314,0.6401359330216851,1.8128600924625502,0.4964301294425055,0.0028974362649023,0.5511368841980802,1.8148948485103014,0.1219629011380368,0.0030740988440811
2025-11-11T0721.242964,193,0.8073931175009585,0.7802792378772628,-0.30525209095300077,0.9860349893569946,0.8342255312501773,0.7739550979195449,-0.2742390163565035,0.984192192554474,0.7947696828940959,0.7465444346185224,-0.28640732845626016,0.9828714728355408,0.8208676223699135,0.7749834326045166,-0.2853136121583309,0.9849093556404114,0.817150363424016,0.7733506184077354,-0.34632301691114475,0.9864377975463868,0.8138904031647527,0.7517925429858987,-0.3689451368261139,0.984882950782776,0.8004834085308336,0.7703667657924632,-0.3667794915282164,0.9858449697494508,0.7848483456839068,0.7799202406618054,-0.13855738168925527,0.987735629081726,0.7702036646047884,0.7553295520821023,-0.4475873239488964,0.9903048872947692,0.8193180309994516,0.8136966177621984,-0.2727167170636183,0.9883884787559508,0.8019958529636315,0.8082952981144825,-0.3474236058740255,0.991032063961029,0.7661818914471161,0.8453871658267194,0.012002232928319125,0.9898535013198853,0.6295162983098713,0.8544422107120663,-0.5233007233571411,0.9900848865509032,0.7374364578241203,1.0739384525025588,0.17590008023369066,0.2181064039468765,0.5197275575071346,1.0606594496758026,-0.5421921351817992,0.4970147311687469,0.7064934647288074,1.2315018350875473,0.18355717095955326,0.0881041288375854,0.5263124809829559,1.2242820851287617,-0.4860692458527811,0.2874992787837982,0.7325939681148442,1.2395218790173124,0.1997853121911848,0.0912683382630348,0.53527052005372,1.2799630755042315,-0.5329400925440053,0.3010443747043609,0.7263620543081681,1.2796664195765268,0.18249855413141283,0.1139557883143425,0.5617760745156326,1.2860628999211852,-0.5620425073049855,0.3427021503448486,0.7139492985301081,1.253870025769733,0.17013073473622103,0.1128548979759216,0.5511639854307759,1.2468123637439616,-0.5175863148954221,0.3241175413131714,0.6619514722063551,1.2268883655241667,0.10346097906254706,0.0748280063271522,0.548798656930015,1.2045544232333638,-0.14637241143713137,0.0985062941908836,0.6233726005810533,1.4892268464562561,0.22267894617765674,0.0086954645812511,0.538666221706932,1.5280187293539633,-0.004104558962938038,0.0157379917800426,0.595820471751816,1.7474356182877755,0.5760078508896325,0.0008314934675581,0.48584068913246226,1.7409595139461773,0.2998898591663813,0.0012557361042127,0.5795862155934404,1.788162854024801,0.6053881227012553,0.0009133226121775,0.4850760557018869,1.7927445960849107,0.28923219251094145,0.0021479071583598,0.6325948466123549,1.8532525624895462,0.4241928701929675,0.0026981532573699,0.5450011278384354,1.8302970844271218,0.07089152142718774,0.0028198389336466
2025-11-11T0710.718245,195,0.7245392650741388,0.625383520005209,-0.4915506696642207,0.9871565103530884,0.7059612177319837,0.6296862663213748,-0.478011430697478,0.9853373765945436,0.7050772111616394,0.614045167679341,-0.45547602514504804,0.9841055870056152,0.7272456034552741,0.6294132607711422,-0.4826881576718161,0.9859112501144408,0.7183403189378099,0.6075486724595881,-0.5300174917102487,0.987477719783783,0.7150473812865717,0.6222035303255667,-0.5684711629527915,0.986081063747406,0.6775009811215364,0.6222068106443868,-0.5570468596928928,0.9869219064712524,0.7137342418525883,0.6105898818023682,-0.28037999672239644,0.9884703755378724,0.6721896470053319,0.654835358697611,-0.580885800125423,0.9911171197891236,0.6974698602579884,0.6868924372798026,-0.4265375021476244,0.989299178123474,0.6886932996253574,0.7196850258025249,-0.5201090926852767,0.991828203201294,0.6980174206517684,0.8272910732506908,-0.10531246040766812,0.9903854727745056,0.5401150515483419,0.7974888121104505,-0.6149484459414736,0.9908492565155028,0.7180906093225771,1.048255231259485,0.11314867359761699,0.2073066085577011,0.47539791570579804,1.1030500179195875,-0.685484861676891,0.496208131313324,0.8019131322658338,1.1736610611915024,0.049948107616012906,0.0852999687194824,0.5504308993872902,1.2156773196501933,-0.6703867112213739,0.2745134532451629,0.7912706172377943,1.2423787355055924,0.058875926679500236,0.088562935590744,0.5993577248955178,1.3196636934546857,-0.6997934244459878,0.2887053787708282,0.8046218303193768,1.2130971589794544,0.004329460755104698,0.111571654677391,0.621151657072919,1.2979056987399353,-0.7654308316798405,0.331747829914093,0.8038160548528527,1.2111562041827018,0.033041057384648416,0.1109620481729507,0.6030559904032078,1.250807676019002,-0.6989114445112896,0.3107695877552032,0.663118330713746,1.2205667289796998,0.0855794648916754,0.0676993653178215,0.5486625009401438,1.216998874805148,-0.11100624908338107,0.0889003500342369,0.6618219022988236,1.5111530539007296,0.2934481542815849,0.007952420040965,0.5747948066553134,1.5412213280619116,0.07085662900144665,0.0143181961029767,0.6758833822499817,1.7962362859122585,0.750141943393161,0.0007579979137517,0.5364108674115527,1.8156512164083531,0.44585264436412253,0.0011391344014555,0.6624802834481296,1.8275421889784085,0.7554054598140578,0.0008288499084301,0.5257772070688002,1.8219885435912164,0.4776577746421041,0.0019510005367919,0.7047809197519955,1.866642349583096,0.5949934575579156,0.0025086051318794,0.5983735578980616,1.8920268440413348,0.18799543498727048,0.0025773153174668
2025-11-11T0765.508229,196,0.7134406888935942,0.6412655753823152,-0.6660613981233846,0.98840993642807,0.7083380307842231,0.5783718002064714,-0.6366725608085269,0.986738920211792,0.6982019259491139,0.5836143716674552,-0.6321648856343864,0.9856400489807128,0.7029027148643674,0.5926045667724127,-0.664052171531703,0.9872590899467468,0.6703770658736631,0.6198874886899288,-0.6907080929889472,0.9886707067489624,0.6486053308939941,0.585541619605233,-0.705011309499431,0.9874180555343628,0.6461962169340912,0.6161133782575786,-0.6882705438283353,0.98815655708313,0.6636575263290156,0.6122537892427773,-0.36634975618112914,0.9895635843276978,0.6121463414316393,0.6044797187606217,-0.5767851979146866,0.9919615983963012,0.6995832475466272,0.6653490835585764,-0.6055521153027141,0.9903475046157836,0.7116655796230745,0.6935620060562071,-0.6679239591354552,0.9926297664642334,0.7251758038682067,0.8217231977862519,-0.21316570363910808,0.9912801384925842,0.5066018368919288,0.7859438555182388,-0.5376347138197113,0.99155855178833,0.7415229207398766,1.0281913154362055,-0.04332646751573451,0.2194333374500274,0.46963187647709503,1.152339707446592,-0.5638877305196585,0.4923197329044342,0.8273822463562259,1.2199599169213982,-0.14379295579194085,0.0795775726437568,0.5513048338957257,1.2839427527983476,-0.659350950206444,0.251886785030365,0.8302724056518224,1.2721467752131213,-0.21531212571225364,0.082023486495018,0.5338173696995615,1.3463686941445434,-0.718588747096212,0.263617992401123,0.8042623049720882,1.2838628327968205,-0.29893885704027007,0.1043583005666732,0.5550014293709093,1.3401789432758493,-0.7550344918542146,0.3038582801818847,0.8145687360670512,1.230614696869243,-0.21985903954652433,0.1039222404360771,0.5769639454706698,1.3010943978767426,-0.663226086926437,0.2846428453922272,0.694438852891176,1.2286673698342134,0.06978101181574223,0.0613916181027889,0.5181105686684926,1.2391446568709352,-0.04478064818291164,0.0803269520401954,0.6899200033414843,1.563701350636595,0.22226305072550534,0.0072863614186644,0.5845791006034076,1.6137982826001116,0.192000677767616,0.0129476552829146,0.7213835664324966,1.9042315259625477,0.7525832434528381,0.0006966128130443,0.5787352946201977,1.8951697338068518,0.6549957942303775,0.0010319895809516,0.7239962708619399,1.9168755640390145,0.8099931796977181,0.0007553909672424,0.5966632432144517,1.940747602404865,0.7203581116895916,0.00176924362313,0.7265079451052325,1.9808878215168437,0.5056936158202231,0.0022944365628063,0.626874056574026,2.007796926854063,0.3574335592540879,0.0023370392154902
2025-11-11T0791.237015,197,0.6839047330915693,0.6008675873418746,-0.6792470095045207,0.9895358085632324,0.6834077761890027,0.5665083079187142,-0.6451435525039259,0.987998366355896,0.6798775510881723,0.5805195289378257,-0.6939227516007687,0.9870255589485168,0.6880899722882243,0.5631445856504387,-0.674697740928392,0.9884823560714722,0.6375416540566707,0.5789709823988499,-0.7224235470446555,0.9897236227989196,0.6637337791706811,0.5997160717072124,-0.7248345808950838,0.9885982871055604,0.629424579742156,0.5850071831599921,-0.7101394717523488,0.9892334938049316,0.6829331449428306,0.5893649091097121,-0.4465373957227013,0.9905655980110168,0.5674565306593652,0.6325583086058969,-0.6132815975825568,0.9926937818527222,0.7057918498428708,0.6325256650516398,-0.601110175231758,0.9912923574447632,0.6599484123074291,0.673033767821953,-0.6686368959549299,0.9933435916900636,0.732718819378835,0.8252953422871221,-0.24731028382104459,0.9921103715896606,0.4973675095541899,0.8049602940447249,-0.5278107403167394,0.9920414686203004,0.7335185257108825,1.0299249624832634,-0.13660280647287512,0.2342021465301513,0.45434772526047995,1.1176915788572717,-0.46498410214155034,0.4657127559185028,0.8046292473587279,1.2364139114073283,-0.3359779452961564,0.0743157118558883,0.5238583024617482,1.3120991856182957,-0.5878642029461881,0.229020819067955,0.8381784367198373,1.3100065226012187,-0.3827828306882891,0.0762633606791496,0.5169831446685732,1.3641439548576937,-0.6748765364971212,0.2394373118877411,0.8135764941336658,1.3387306005742556,-0.42493898449890904,0.0984084904193878,0.5493651236145973,1.3497653092847397,-0.7324275534528029,0.2767636477947235,0.7921504469640097,1.3160441016719717,-0.3578520813000634,0.0982624366879463,0.5664063082229044,1.3170382627483201,-0.6043958152872276,0.2594655752182007,0.7098574364595439,1.2361208996199946,0.012356098528378457,0.0555901750922203,0.5586093874024008,1.2704298595745689,-0.041530263558973234,0.0725191682577133,0.6891099560868432,1.5799605368545584,0.21186127895794868,0.0066479090601205,0.566059015914014,1.6000896727930094,0.2037270955843005,0.0116936843842267,0.7383619720231068,1.8979532444562026,0.7751835666187227,0.0006336036021821,0.5758198536967041,1.9159495091750645,0.6648747684382545,0.0009311048779636,0.7444845438008609,1.954086183225417,0.7825878943949323,0.0006851883954368,0.5724993871554005,1.9781516511141888,0.7216515052847876,0.0015963148325681,0.7500792343053315,1.9965854898165367,0.5111250789205367,0.0020799147896468,0.6414493018055928,1.999186744836916,0.3734952456564912,0.0021084556356072
2025-11-11T0784.942512,198,0.6880291865833985,0.6017095629074952,-0.9424172953093649,0.9905616641044616,0.6738219003527578,0.5943755790609173,-0.8979475178101389,0.9891464114189148,0.6703263965390023,0.5799092301382764,-0.8801493083822213,0.9882805347442628,0.6932885737071734,0.5611329178214574,-0.8983675948878672,0.9895939826965332,0.6432308545159604,0.5719660719631979,-0.9502290341421682,0.9906826615333556,0.6732383150641529,0.5592478732579349,-0.9171268970643772,0.9896584153175354,0.6199198178722878,0.5859989596280839,-0.927440048407587,0.9902041554450988,0.6969166503004393,0.55384867219683,-0.6132359193976213,0.9914706945419312,0.6124936148162435,0.606481504091676,-0.7396207052894398,0.9933298230171204,0.6981287007546666,0.6272747373266425,-0.8457931744146845,0.9921435713768004,0.6335301880935692,0.6613104186261209,-0.8777091787087928,0.9939817190170288,0.7475271792136972,0.8112638896951462,-0.4159498805253278,0.9928401708602904,0.4960912315314228,0.8263189677652827,-0.5466064732595204,0.9918622374534608,0.7731203527861977,0.981645257711012,-0.356297522439005,0.2473093122243881,0.502842133409096,1.1467378761754232,-0.5320283382338318,0.4356950223445892,0.8427343227607192,1.2684012402420146,-0.5974699623155157,0.0722526088356971,0.5405392415771264,1.3065710238462689,-0.6939670175237997,0.2090431004762649,0.8465112259537567,1.326593620094794,-0.6588163784716722,0.0733692646026611,0.5429043196306547,1.3491023807621279,-0.7944435174721979,0.2183672785758972,0.853346268845387,1.345361779014865,-0.725290552844459,0.0969764366745948,0.5824262421977078,1.3606062638739593,-0.8435025853209396,0.2535108625888824,0.8389320667198237,1.3168410487030966,-0.6342365221801328,0.0973492413759231,0.5615275303495667,1.3475822955569823,-0.7360864972972055,0.2379647344350814,0.7418038055135899,1.2672589094899445,-0.029111005861876392,0.050182320177555,0.5841227020841774,1.2998543968439318,-0.014240195253123325,0.0653657466173172,0.7450517543033286,1.5675973407169839,0.2138482078333175,0.0060098865069448,0.5753268372674804,1.6047835987728685,0.3089835552082694,0.010535099543631,0.7336882529682113,1.8876694131063314,0.8217058944590976,0.0005708701210096,0.6193033980341843,1.9315859780492286,0.8923878409237135,0.0008382311207242,0.7458259820653038,1.969727213573311,0.8946647342915252,0.0006172611610963,0.5876248175775092,1.979163646353702,0.944342966011916,0.001437037368305,0.7304901567794206,2.052965308420685,0.5004516872156511,0.0018741858657449,0.641542693769233,2.0426318804911228,0.5829601422877404,0.0018988127121701
2025-11-11T0725.392340,199,0.6817004307624035,0.6071055492646857,-1.0658224377962318,0.991480588912964,0.6993153143079307,0.5429941262483339,-1.015222924446706,0.99017333984375,0.6861024116472767,0.5675089376174633,-1.0142372736939291,0.9894075989723206,0.724933861602469,0.5343715121963953,-1.009940644074966,0.9905819296836852,0.6388882797009788,0.5558034137767324,-1.040292741720825,0.991536557674408,0.6535307419667206,0.5769772878392637,-1.0076682808317474,0.99061781167984,0.6385549794210672,0.5865315026285896,-1.0190209029068915,0.9910762310028076,0.7069294597874917,0.5991992559145304,-0.6987069286849656,0.9922755360603333,0.6315404723196486,0.5999233496791646,-0.801441267817349,0.9939203858375548,0.6638018937127633,0.6379134037081674,-0.9415461646893124,0.992904245853424,0.6513663698485196,0.6374949334316077,-0.9484815756583191,0.9945541024208068,0.7579374214166628,0.8254351619642382,-0.5085305104943613,0.9934433698654176,0.5252512281425322,0.7944956865637541,-0.5551711591929361,0.9914872646331788,0.8249725994617536,1.0169450992033544,-0.4439158821556837,0.2581992447376251,0.4534474496884165,1.060097689091244,-0.5428571823447361,0.4066919386386871,0.8410403130156572,1.248692370742145,-0.690460210047136,0.0685036554932594,0.5485762005717276,1.306811015080264,-0.7355812267886076,0.1894943565130233,0.8635751755653889,1.3550689163667646,-0.7496360981855731,0.069134809076786,0.5233747882439259,1.341074777766062,-0.8090477619979345,0.1979579776525497,0.8375112123074785,1.3533213025116309,-0.8359823716404249,0.0926381349563598,0.5727000501308999,1.3525786614251416,-0.9028563449003667,0.2303932607173919,0.8171644668949795,1.3403621629641793,-0.7321433336532917,0.0931768715381622,0.5349207922358269,1.330017538286069,-0.756579228703028,0.2164489775896072,0.7434990060100871,1.238816731223528,-0.026945836060861504,0.045319378376007,0.5921789189520262,1.265681767501191,0.019642924546397628,0.0589464828372001,0.7263589454315188,1.6188309759151167,0.14583627552711081,0.0054581868462264,0.5819136974359761,1.622189475655687,0.21883920500251186,0.0094959801062941,0.756429149083483,1.9247842256900867,0.7571297504891126,0.0005148909986019,0.6232000650633047,1.905286356163832,0.7403084186569797,0.0007547924178652,0.7474853649160587,1.9831140186278087,0.7835554246543487,0.0005565422470681,0.5926376284753118,1.9943986630037358,0.784627929094078,0.0012938405852764,0.7218993369002411,2.036410198048854,0.3892176972576447,0.0016890813130885,0.6251288400293648,2.0390667224151393,0.4121293573608264,0.0017105879960581
2025-11-11T0743.278078,200,0.7018846960422093,0.6288649248804858,-1.205974409218543,0.9922028183937072,0.6837185545955087,0.5430924477672096,-1.1657576190965813,0.9908912777900696,0.7430619398580526,0.5769258347885634,-1.1652270991522151,0.9902231097221376,0.7587029691256904,0.5399197683795562,-1.164877432237885,0.991266906261444,0.6777896423531914,0.5748248783137868,-1.2018196621479977,0.9920185208320618,0.643326277985674,0.5524741036146327,-1.1927080918653783,0.9911630749702454,0.6407467638776613,0.570216768630869,-1.1920632893954974,0.9914555549621582,0.7358831316343661,0.5909106870382694,-0.8440062056119235,0.9928017258644104,0.630483156559714,0.5704660147758333,-0.9164492481698071,0.9941792488098145,0.7247215350535055,0.6047526002510475,-1.0811131276516774,0.993529736995697,0.6893796632376983,0.6596767907468197,-1.0976339035558629,0.9949859976768494,0.8091423857216258,0.8159087550254468,-0.5982020666268647,0.9938623905181884,0.5339435449111767,0.7641345990582664,-0.6044466436725222,0.9899898171424866,0.8469636230435098,1.0135297484306838,-0.5346146154246701,0.2620297968387604,0.5463692726041762,1.0226512875867237,-0.5229649940770977,0.3895754218101501,0.8686399839019038,1.2507871555735655,-0.7352328154427638,0.0689917579293251,0.5498605915281999,1.2790329129609774,-0.7442867477731689,0.172973096370697,0.9044149510771066,1.3065857875087108,-0.8200509204465473,0.0684354901313781,0.5314362584036695,1.3214112468628154,-0.8167351004455519,0.180375263094902,0.868912277977558,1.3104892963803993,-0.8885783279825128,0.0927711501717567,0.5547886486204374,1.338549709522403,-0.9295900856416335,0.2108586728572845,0.8385699677826534,1.2909263524684973,-0.7604062104029413,0.0939359739422798,0.5640889060396904,1.2879109841920438,-0.7688778495643848,0.1984757483005523,0.7748026583449622,1.2461369763020371,-0.07250497087659336,0.0409260094165802,0.6068374946069306,1.3031214595856822,0.05975517793091077,0.0531396009027957,0.7804580401854159,1.5983270250572652,0.09492155746376303,0.0049553113058209,0.5926559245567634,1.6088374816623636,0.23017244600581263,0.0085597531870007,0.7862918550462493,1.8870510970835765,0.7615536275786187,0.0004650175687856,0.6312056215263416,1.9189948783853135,0.863017699762298,0.0006796951056458,0.7711663876585464,1.9567645584409894,0.8070365218767007,0.0005020826356485,0.6125182832920821,1.9682741397811163,0.8732634784496958,0.0011654158588498,0.7656389309238865,2.046588429761228,0.39006902252594966,0.0015215512830764,0.6520985047022262,2.0486713598242905,0.4413493564421631,0.0015429459745064
2025-11-11T0748.984807,201,0.7177407886224787,0.5835028025620043,-0.9885620836755477,0.9919533729553224,0.7364556003897405,0.5395299038645335,-0.9984574569845032,0.9899681210517884,0.7541559676301369,0.5434267244406202,-0.9676733232278268,0.989600658416748,0.7821944157777817,0.5427174760779536,-1.006600890578864,0.9904771447181702,0.7177202938876566,0.5479703291016395,-0.9800176125159008,0.990587830543518,0.699025529705735,0.5232545412076138,-1.0043751481782175,0.9898545145988464,0.6707002901148551,0.5213944817031744,-1.0140372428883866,0.9898413419723512,0.7919598131962512,0.5412916911999532,-0.6586497721617415,0.992299735546112,0.6836504337024715,0.5493373963449579,-0.8121248563354745,0.9931807518005372,0.7384855644297112,0.6148050709641492,-0.869572149624868,0.993720769882202,0.6944314289267427,0.6198112244416365,-0.9029826381926235,0.994979739189148,0.8416568554668191,0.7846368542552226,-0.4319150329859656,0.9941225647926332,0.5920693434492422,0.7410349296537203,-0.4717300307343377,0.989547848701477,0.8816037618807203,0.9897346247887712,-0.40921504320888596,0.2829799056053161,0.5581919255824456,1.0043805820166447,-0.3121319709429756,0.3856150209903717,0.9029226366872932,1.1865825669291583,-0.6468467528732926,0.0689911022782325,0.5797572519757819,1.2033313405467476,-0.5784951452062018,0.1580341309309005,0.9042410293764268,1.2373730112049963,-0.7627583250880182,0.0669358223676681,0.5677671183791645,1.2640959867178634,-0.6646932705457349,0.1643586754798889,0.8765314539050882,1.2217319360153112,-0.7783334351616991,0.0914005860686302,0.5481656000485206,1.231376427508439,-0.748949012829305,0.19291552901268,0.8831017574551934,1.2241322826403587,-0.6754321299621691,0.0926245152950286,0.6348009122127672,1.220860915571884,-0.6011724658986596,0.1819780021905899,0.7602168917061365,1.2096555804831055,-0.04203393222660312,0.0371066257357597,0.6129775226112166,1.2201839343788623,0.05081019328571076,0.0480634942650795,0.7887015095929468,1.5814340733656325,0.041231640332697966,0.0046359351836144,0.6245801857772738,1.5731615112098853,0.07479463268061148,0.00777277816087,0.7856082940655997,1.9120848381248123,0.6036580660288425,0.0004249281191732,0.6255938194902841,1.8925136886110874,0.5117762808662141,0.0006155012524686,0.7714244303818691,1.9521378583037063,0.6105559240569272,0.0004561281821224,0.6193776122042797,1.963580265600696,0.5386173812773206,0.0010582495015114,0.750732560862819,2.006782024422909,0.22710444556939977,0.0013746357290074,0.6410933413442352,2.024767607258024,0.10110352651375822,0.0014047406148165
2025-11-11T0755.266606,202,0.7367792971720817,0.5514779522152478,-0.9577123193002642,0.991762638092041,0.7597333540591505,0.5457339810371341,-0.9079979040880858,0.9890018105506896,0.770180355454225,0.5367596081789562,-0.8985936782327743,0.9889109134674072,0.7853517044309726,0.5083177642734761,-0.9193595738948501,0.9897876381874084,0.7355851901557748,0.5421550532475956,-0.909219056640282,0.9888570308685304,0.7211231435057633,0.5455359678079676,-0.9108937168233481,0.9882379174232484,0.6882722651783499,0.5386039543348563,-0.9313642855391594,0.9879795908927916,0.8112893660868201,0.5649699833110371,-0.6299794611295231,0.9913588166236876,0.7010722891747293,0.5359609968762551,-0.6324366903744214,0.9907252192497252,0.7827034370117203,0.6113340193734726,-0.8232912738963447,0.9939340353012084,0.7358464728678293,0.5868263262554095,-0.8478840269098253,0.9947811961174012,0.8636513418518124,0.7413571149383659,-0.4445782222979484,0.9944140911102296,0.5858637849948001,0.7091461938383555,-0.3797247965336032,0.9893405437469482,0.8930169720229341,0.9789051024822876,-0.4058997057365797,0.3044159710407257,0.5939197029682144,0.9695079564023524,-0.26753783138479326,0.3953973054885864,0.9222677036862406,1.1887477164830162,-0.6964027021651022,0.0695510432124137,0.636203581347833,1.1811221297980061,-0.513702294103375,0.1457300633192062,0.9204159698085751,1.2382166228574056,-0.8327741349852995,0.0654542222619056,0.6111009536262247,1.2523172753056675,-0.5806372537733816,0.1503912508487701,0.920551150040784,1.2260526580433457,-0.8220650013568301,0.0904270634055137,0.6320291809056132,1.2801961259561212,-0.6684698419396229,0.1775800883769989,0.8679036962760126,1.2287215803850253,-0.7434779487645066,0.0914844125509262,0.6530587833320185,1.2416079261235322,-0.5473462902407814,0.1680431216955185,0.8305231674313924,1.203234648702381,-0.08798879869078492,0.0336705818772316,0.6549982709475983,1.210538422650269,0.0795981964465807,0.0435216501355171,0.8251507196692681,1.6200729045649218,0.0826389521427419,0.0043513844721019,0.6582957640664858,1.5833081160616738,0.24508944841399968,0.007091793231666,0.8169431814829495,1.9349642407156145,0.6562100177292488,0.0004007167008239,0.6705119637791509,1.9148194327906431,0.7557383408436463,0.0005592115921899,0.7923693799656699,1.96875124161251,0.7152124661097686,0.0004204599244985,0.6626084176172818,1.9559973104088662,0.8196890931653945,0.0009763061534613,0.7639004590690223,2.0393567328159943,0.28128862778398805,0.001245864550583,0.7091192429261471,2.0230912710378055,0.3807426406694287,0.0012841068673878
2025-11-11T0754.898099,203,0.7158896372031157,0.6001987190765201,-0.9737771251374504,0.9913510084152222,0.7470503599832645,0.5440589214067953,-0.9249146569846973,0.9881670475006104,0.7675368305727828,0.5219996364166302,-0.9545569735802999,0.9884138107299804,0.7460720302368269,0.5475187651865947,-0.923252537356897,0.9893174767494202,0.7246393596052148,0.5612410410945118,-0.8987787045254322,0.987625777721405,0.7105981338445758,0.535441986640941,-0.9516299801036016,0.987186312675476,0.7087742719736442,0.5586040079907052,-0.9169830999360516,0.9869261980056764,0.755722748586222,0.555284047858499,-0.6852192262328488,0.9908617734909058,0.6969443768561812,0.5725385352112299,-0.6404590035142226,0.9895495176315308,0.7483593576736474,0.6015208590596046,-0.8726755989542491,0.994051992893219,0.7004406173673721,0.6316953094398416,-0.8757526887481214,0.9945632815361024,0.8666931453262386,0.7991171888380219,-0.5136312338660883,0.9942426681518556,0.637615325027052,0.7425746030617522,-0.41741345645671774,0.989240825176239,0.9352313607738387,0.994919382201725,-0.5058166322497435,0.3110897243022918,0.6116450760731849,0.9795146254470514,-0.30524806254448944,0.3982133865356445,0.9359937110151194,1.1869367402605422,-0.7925758844245615,0.0687330663204193,0.6061302172973901,1.2013556138387282,-0.5449469139702438,0.1355183869600296,0.9281626637841318,1.2496060067212251,-0.8871808956716144,0.0632598847150802,0.6069568456907269,1.266731435743222,-0.602393384044727,0.1383959203958511,0.8875548639647733,1.251374580703568,-0.9427749510800548,0.0876777619123458,0.6396489987455684,1.3003627077496842,-0.6474956951456932,0.1645742654800415,0.890670787198292,1.2295899289363932,-0.8373305196780177,0.0888864248991012,0.6352439919799413,1.2321870279481248,-0.5862000375117156,0.1564275473356247,0.8399855611106292,1.2363759827470089,-0.09923379448134995,0.0305609703063964,0.6785982216540587,1.254745503643255,0.09392335155668811,0.0394860729575157,0.8512084380822672,1.606137023711138,0.008176770006165594,0.0040994482114911,0.695912386995352,1.6224042873565663,0.10303335237819922,0.0064749089069664,0.8440430035247414,1.9570448903196185,0.48166112186029075,0.0003762285341508,0.6806519906725647,1.94338870972297,0.4172500018098648,0.0005075262160971,0.8443650936597763,1.9967379069830706,0.4729425706870089,0.0003902168245986,0.6851326403959973,2.02826446782227,0.46233359536610125,0.0008923692512325,0.7977783476569775,2.0731726584101757,0.08422146374174858,0.0011310561094433,0.6868395357353817,2.071991040245581,0.030635708355615045,0.0011841690866276
2025-11-11T0784.774973,204,0.7464839870010473,0.7387016156791197,-0.9926918835800552,0.986253559589386,0.7806473395485263,0.6970310182410677,-0.996177080388106,0.9793243408203124,0.7861311745375343,0.7290926888706665,-1.0066521054285495,0.9795857667922974,0.7811960795157836,0.7164863445435107,-0.9738540477875249,0.981868326663971,0.7375203987965337,0.7271727929788443,-0.9691865297396971,0.978200137615204,0.7369450688928433,0.7280081262833,-0.9542387243903113,0.9776915907859802,0.7163216340551537,0.6912896581799376,-0.9540740725687551,0.9787433743476868,0.7760725204225966,0.7003925435506411,-0.7922580888553509,0.9842187166213988,0.7189485579124584,0.7272718522755625,-0.6702973845116523,0.9803915023803712,0.801888316789081,0.7843302028488234,-0.912669861762552,0.991726577281952,0.7650479848810401,0.7957282405566956,-0.8671550763158679,0.9904693961143494,0.8855650204055896,0.8727694222234769,-0.5990612270958469,0.9930047392845154,0.6768452423289786,0.8514124722405877,-0.38354679536260444,0.988707721233368,0.9587105249650619,1.0016818748561047,-0.6106413006981435,0.3285969793796539,0.6188321883532256,1.0860495183667536,-0.17568719307198982,0.3927038013935089,0.9897840446809634,1.2386861690072923,-0.8146114485294713,0.0655249282717704,0.6359355930268851,1.2436868110420156,-0.4646902560051447,0.1276849657297134,0.9863980317803632,1.3168700676333542,-0.9178450554717282,0.0607926845550537,0.6049297260448234,1.2942459328377085,-0.4973612327875024,0.1300575584173202,0.989508564286814,1.28887755807425,-0.9264488986599997,0.0845623165369033,0.620446811994632,1.3031750875098171,-0.5778198910259147,0.1563468426465988,0.9779475752490785,1.2643763886372028,-0.8412596196665076,0.0854301899671554,0.654948758442367,1.275707710427585,-0.4727580124244628,0.1492943465709686,0.840598556998737,1.3468847178167425,-0.14137513518522576,0.0275405384600162,0.6844110485290053,1.2919947125922926,0.1126065736651414,0.0355803333222866,0.8409214271843678,1.6852661515369238,-0.16584748797686283,0.00380140542984,0.7097437111144419,1.6839561772491998,0.0559858705647913,0.0059388470835983,0.8560822846997259,2.051242676324721,0.2314855616220742,0.0003746917645912,0.7052202730188759,2.0166160181049504,0.35290818404289903,0.0004716043767984,0.8565578733207138,2.0768649365143452,0.264118624518083,0.0003652977175079,0.7311669971550757,2.0981412766083167,0.362734354804626,0.0008517776732333,0.8227187858645909,2.1275263461750975,-0.18575215285696398,0.0010367445647716,0.7120558085727892,2.1356490339914287,-0.07025818396819339,0.0011324887163937
2025-11-11T0748.501743,205,0.7500979394758763,0.8623160628401793,-1.0232828622834396,0.9692832827568054,0.7656241527017508,0.7953222903238711,-0.9934922545739872,0.9533681869506836,0.7777795781316471,0.795272211193554,-1.0233702207839213,0.9549909830093384,0.7827184307388707,0.7648913675731107,-1.0225718466735128,0.9602264761924744,0.7484282535938556,0.8165104947192695,-0.9946453204261215,0.9560099244117736,0.7500023016806027,0.7987932419851071,-1.0079434242392202,0.9558377861976624,0.765402962427249,0.8338152792393284,-0.984587956697224,0.960326850414276,0.8199782347354784,0.7734274839286794,-0.7888351379181447,0.9638388752937316,0.7532640196680115,0.7643373915453963,-0.6403520065405737,0.95958149433136,0.8000429183336559,0.8482003526034845,-0.905518930610842,0.9788188338279724,0.7456448111274787,0.8485418449474323,-0.8756305542599963,0.9775957465171814,0.9266385523519083,0.9346792618546623,-0.57335426869894,0.9873666763305664,0.6797415419787516,0.9360685659833601,-0.3907389546429262,0.9877532720565796,0.9982444966080013,1.0616882641741316,-0.5221195648683037,0.3251530230045318,0.6408897995412841,1.0946060216630094,-0.22413982125201426,0.3799612820148468,0.9999986621944285,1.276864683649455,-0.7507912880702098,0.0603359676897525,0.6461257419648364,1.287733272535946,-0.4538159302137442,0.1179486885666847,1.0268484753019427,1.3123113526440624,-0.8414649996964736,0.0562707334756851,0.6150270573089149,1.3364268633464218,-0.4970957769975113,0.120445393025875,0.9965121596398548,1.3177430040283973,-0.8834379039952764,0.0782561302185058,0.6345973967769533,1.3590600153444754,-0.5678862323888957,0.145565778017044,1.0085938707942346,1.3085030692003323,-0.7683141880056983,0.0789204388856887,0.6630438342007142,1.3103754165743962,-0.4852536483704411,0.1390271633863449,0.898784747333725,1.355384256592765,-0.06545141197320009,0.0250736214220523,0.7297255399211114,1.3491651756424548,0.08386204146191316,0.0324538573622703,0.9018111789566361,1.6693174128626276,-0.3405321649342068,0.0043125278316438,0.7221519367233225,1.6607053817602826,-0.16563229458270312,0.0065360441803932,0.8995052367111337,1.9903546112391537,-0.035505986969012034,0.0004528834833763,0.771856000665379,1.964843983646265,-0.011556685028053848,0.0005910862237215,0.8766183099746462,2.0351692907989425,-0.033434577342583385,0.0003960575268138,0.7678979876258984,2.0513792897672825,-0.002778208972268637,0.0010349614312872,0.8850515988623047,2.102019664106512,-0.4196199033226214,0.0010629356838762,0.7664344907563622,2.1167239414563985,-0.362483114334357,0.0014126850292086
2025-11-11T0796.591693,206,0.764527301859783,0.8521531866177707,-0.7239706718225458,0.9677886366844176,0.7763581479683204,0.8359678123087625,-0.7402045357139576,0.9504335522651672,0.7985354630682321,0.8049138374657402,-0.7294270754009293,0.953259527683258,0.7846576538136297,0.8108878147327258,-0.7224172060404555,0.9582685828208924,0.758866328736171,0.8471298159273355,-0.7008397756856704,0.9512211084365844,0.7540174954678005,0.8559466102098602,-0.6963261102763446,0.9515509605407716,0.7683292387788929,0.829248956765891,-0.6769553348424605,0.9553543329238892,0.7984729037825482,0.812889283716384,-0.586049117493916,0.962666392326355,0.7628019027918954,0.8035114993678,-0.38729551919992034,0.9538992643356324,0.7734268731302905,0.8792608857926124,-0.654213423151208,0.977978765964508,0.7709348549077172,0.8718380807302415,-0.6153511862209814,0.9752242565155028,0.9366669115490901,0.926375545489438,-0.43694252412962514,0.986571192741394,0.7249166873994768,0.9319343581136067,-0.12711957639101554,0.986870527267456,1.01186227406182,1.1154057359015248,-0.4950620299019318,0.332223117351532,0.6631396663106264,1.1440527652226848,0.04925566773988408,0.3632424175739288,1.0079495809207915,1.3064510973376775,-0.7602030674560956,0.0579250715672969,0.6540410924289474,1.3056345325856422,-0.15785039293081884,0.1096842959523201,1.026106029611806,1.350167388807571,-0.8552061479050392,0.0546142533421516,0.6357288784720472,1.3867141182227452,-0.22929051407788484,0.1123818531632423,1.0053731171669948,1.344541551045964,-0.901846986414597,0.0762152448296547,0.6622600218158876,1.3833821546210325,-0.3140447214155893,0.1374231129884719,1.0035324128917509,1.3238619944087053,-0.7977353590779447,0.0758786648511886,0.6357125357935082,1.3511731905286575,-0.20978119736328815,0.131194993853569,0.9078941814590623,1.3772018351866842,-0.11092775762363329,0.0227587055414915,0.7554785599660915,1.3897827049636924,0.12253730367840711,0.0294185169041156,0.8963515905546174,1.7157320574234944,-0.2852879788863918,0.0045825066044926,0.7569133082338453,1.7018599859108938,-0.056454984636857115,0.0065888967365026,0.9009310805760249,2.055566430300139,-0.03574597587356242,0.0005306583479978,0.7656235852040456,2.0393347881300508,0.04898053297378031,0.0006367026362568,0.934157793378234,2.102696024051729,-0.04922858934350896,0.0004255038802511,0.7728291196482717,2.0611144748869648,0.05860235178168119,0.0012018912239,0.8812872964425805,2.110567945029133,-0.41126386556573125,0.0010356808779761,0.7664076496610014,2.144011205611636,-0.29003269500862805,0.0015150605468079
2025-11-11T0721.804044,207,0.740242390528474,0.8588596934242633,-0.52887613609589,0.9695576429367064,0.7702731023477016,0.8731994133789694,-0.5694748992861576,0.953187882900238,0.7971399805308662,0.8289588543540142,-0.5456463058589812,0.9561185240745544,0.7777489422890639,0.822716847157636,-0.5368715849649676,0.9607861638069152,0.7853947520856039,0.8633094955056364,-0.47297929940043054,0.9528725743293762,0.7910634231752743,0.841990996183833,-0.47953506936613094,0.9530056715011596,0.7729747359027748,0.8516353002455377,-0.4829932872990702,0.9561727643013,0.838041725498994,0.826607862089456,-0.3893132555283907,0.9652201533317566,0.7893114690201936,0.8611293463704252,-0.18098187217390138,0.9544724225997924,0.8188296744020004,0.9059717156812557,-0.453168948840576,0.9792380928993224,0.787302237504674,0.8979055070291887,-0.4232753144026851,0.9755497574806212,0.9294419621507254,0.9604647796995792,-0.3285868891290104,0.987058401107788,0.7388694131193729,0.9813924206082603,-0.0003797037697720997,0.9860820770263672,1.0405116065376938,1.1184367176766095,-0.47491731251780955,0.3410718441009521,0.6949721067573509,1.1498505728494126,0.1686899734570436,0.3378069996833801,1.0044521138070945,1.2845626395680556,-0.6850298692427673,0.0592881627380847,0.665775515842232,1.288550989202074,-0.06597667025081261,0.1015321165323257,1.043350727352437,1.341052760647496,-0.8104278904722014,0.0582299120724201,0.6696533826826273,1.3282189834620985,-0.11478779505648148,0.1054042503237724,1.0185249884702374,1.3645717042073118,-0.8514071176517548,0.0822912156581878,0.6927826075808355,1.3531447066277322,-0.19697608057011692,0.131007507443428,0.991486232673734,1.346426346729123,-0.7344139445873294,0.079331986606121,0.6862385214140582,1.3346238341099046,-0.10053386300670134,0.1248645484447479,0.9367108162003023,1.3659952503382022,-0.08807769046758944,0.0206244457513093,0.7609186237247353,1.3932040891050006,0.10690523573624124,0.0265947729349136,0.9041112126977585,1.7086773640733628,-0.2856511287262138,0.0045840116217732,0.7652837771510183,1.676827992647942,-0.041472026893907006,0.0063770678825676,0.9281648536382324,2.0532196306398056,-0.09102545272359004,0.0005251771071925,0.7613069034109176,2.033603832931172,0.03140205903421306,0.0006083890330046,0.9491610352197977,2.0810996159359836,-0.06806059887192699,0.0004149772867094,0.794814487880076,2.1067300871637804,0.03342263072062378,0.0011851774761453,0.9193201073622449,2.1326386338910983,-0.43581403930779816,0.0009720433154143,0.777712876518746,2.1302505895720296,-0.31257585930920656,0.0014522173441946
2025-11-11T0754.680617,208,0.7835535702124806,0.8773735324659702,-0.7010122088345389,0.9702282547950744,0.7800814381620603,0.859414969806334,-0.7424137027560274,0.954387903213501,0.8045724971892723,0.8241311124122068,-0.73095051585461,0.9572039842605592,0.8347288599174726,0.8432577979548828,-0.7183108356255846,0.9621688723564148,0.782907834758906,0.8465772053756231,-0.678858656129603,0.9534375071525574,0.7602204253685622,0.8390710375631912,-0.646204684544362,0.952850878238678,0.7424602181098935,0.8426960188496607,-0.6544059334745054,0.9563176035881042,0.8077309785716567,0.8447990354199072,-0.5243450855573895,0.966833472251892,0.7690014488732262,0.819539972966936,-0.3912949627925362,0.9541457891464232,0.8028459018797135,0.9104350094466002,-0.6403176540416121,0.9800958037376404,0.7812248588918819,0.9243634118075407,-0.5014909249171069,0.9758896827697754,0.8992084794316003,0.9477698617375816,-0.31411989564885245,0.9873329401016236,0.7067063180308228,0.9736710243766931,-0.22915260566908002,0.98534494638443,1.0141006992543689,1.1245287100724706,-0.46738354688089073,0.3546029329299927,0.7007866436821317,1.2042119793717128,-0.06139917910388211,0.323678970336914,1.006757208346549,1.2963287859408148,-0.679766153739538,0.0576706267893314,0.7033250733828112,1.301823610657469,-0.2717259606569456,0.0942688286304473,1.0331368946377673,1.3376381038748921,-0.771364712635051,0.0572397299110889,0.6725398671005903,1.3718948537659201,-0.3301059848424509,0.0985870659351348,1.0023156183928659,1.360189293085409,-0.8040476200205621,0.0810843855142593,0.6956850853641033,1.3711702767520761,-0.3642273693955042,0.1235597357153892,0.9800427484694924,1.3427607039721219,-0.7380670889213692,0.077613353729248,0.7075621169902643,1.3530556274516023,-0.3085211176514717,0.1176113039255142,0.9033651031596317,1.3833992834521633,-0.10203638240992186,0.0188529472798109,0.767879600488645,1.3897189329139092,0.0877249173759123,0.0242005325853824,0.8967519654370163,1.7144425678305826,-0.2723275519636639,0.0047470801509916,0.8071163379209868,1.7062478471640834,-0.1677444715480395,0.0064336042851209,0.925865193230582,2.0480143949021046,-0.04894566765771595,0.000529705255758,0.7927187073839931,2.0326808221825594,-0.03280150474592141,0.0006330584874376,0.9031078675203074,2.0762868706142545,-0.03759990217752123,0.0004054435994476,0.7925913294653545,2.108355372803561,-0.02523683438214281,0.0012040645815432,0.9124730947816317,2.125731054946631,-0.4337686075166539,0.0009421946597285,0.7760957282793832,2.112723908527813,-0.4051171071966044,0.0015513114631175
2025-11-11T0781.337929,209,0.7562139845877508,0.8406611593132693,-0.6939231772178265,0.970320999622345,0.796195104252609,0.8464384448191085,-0.6809380578329953,0.9542009830474854,0.7872748861639269,0.8193914991888271,-0.690314118128262,0.9573670029640198,0.7985631391594856,0.8200140885252939,-0.7062798295023495,0.9624621868133544,0.7648729169202896,0.8249364365047298,-0.6232796529483925,0.9517682194709778,0.7563694013237814,0.8512728607028439,-0.6336699179841606,0.9512117505073548,0.7574939402321347,0.8338794389481837,-0.6560654969481852,0.9546622037887572,0.8115993513595896,0.8220897542682631,-0.5416537085339914,0.9678239822387696,0.7103013895622158,0.8612909839481797,-0.3988473645862435,0.9525377750396729,0.7979536875168062,0.8687530848289041,-0.6277597553712423,0.9806534051895142,0.7424380249488726,0.8840922636297635,-0.5676761330511959,0.9752714037895204,0.9227434043625748,0.9478328476188579,-0.3356909890419345,0.9874730706214904,0.6994296118220902,0.973713212528712,-0.15202788067990794,0.9845489859580994,1.0231746647213993,1.1248305665505287,-0.443314115070776,0.368954062461853,0.6551053606234755,1.1685012591613666,-0.03846626035079661,0.3074632287025451,1.0081350581189137,1.32827352280826,-0.7180770693156383,0.0567039474844932,0.6961071235396135,1.3034186265249625,-0.2805119305478312,0.0874753892421722,1.011715137982554,1.363913404065433,-0.8054302886662459,0.0568800456821918,0.6570020991975843,1.3781067751259524,-0.3350032425952207,0.0922193527221679,0.9907064484129108,1.3503616433737973,-0.828366084253025,0.0813299342989921,0.6310287327527259,1.370026182370869,-0.40218863136345234,0.1169509142637252,0.978868044253057,1.3284499181288216,-0.7301521608487663,0.0768652632832527,0.6880348652521645,1.331301288403289,-0.32206811627316373,0.1110476180911064,0.9032505239139983,1.3796708732349319,-0.0997522304664099,0.0171014964580535,0.7361676414575389,1.3760559677281083,0.09186563258594957,0.0219168849289417,0.87729955584339,1.6995281400964586,-0.2922787762765397,0.0045826844871044,0.7554815906788521,1.70001167791154,-0.07696516463236712,0.0060555450618267,0.8975675481307435,2.0381153492194852,-0.013886349412283578,0.0005128292250446,0.725486475018966,1.9967174557277043,0.030252180288123137,0.0006042929599061,0.9083807657466394,2.083295054071906,-0.013648636129376855,0.0003853328234981,0.7626393948796439,2.0629079546059073,0.026411227946290607,0.0011386255500838,0.8764731275429287,2.087076987246279,-0.3943850182884053,0.0008882659603841,0.7759285345814936,2.1205821021639477,-0.3329279371812141,0.0014883195981383
2025-11-11T0723.594447,210,0.7537596078049227,0.8199669028887898,-0.6147094913954985,0.9599958658218384,0.7467688849428752,0.8010032625868699,-0.6228096199903258,0.9401819705963136,0.7605918422836011,0.7957487751501908,-0.6200716891677066,0.943886399269104,0.7842270556638876,0.843738875751729,-0.6042230977146318,0.9521086812019348,0.7516116095075479,0.7925133539685892,-0.5833785583745554,0.9340772032737732,0.7472392093908866,0.8012995376415509,-0.5781057232214963,0.932777464389801,0.7594104931262982,0.7840344826372118,-0.5607650028624155,0.938826322555542,0.7889833173310391,0.7996895904258242,-0.4737844133578163,0.9588288068771362,0.7471678299732841,0.8184428613198286,-0.3308737127836848,0.933073878288269,0.758328129060396,0.8471523853526015,-0.5560554181591992,0.9748663306236268,0.7426010031665918,0.8625586785766797,-0.49697719428630194,0.9633463621139526,0.9149507670608494,0.923829171593285,-0.35248692013635485,0.984310269355774,0.6988502728240973,0.9800639480326505,-0.0956368089630397,0.9777478575706482,0.9964527120668841,1.0918961135400418,-0.45486919265156794,0.3550321161746979,0.6651373667581393,1.1550274074878137,-0.013088430851759505,0.2844844162464142,1.021426845176253,1.2923831090135949,-0.7146433266836569,0.0526555478572845,0.6503945681322532,1.3181303508962985,-0.2453080815716621,0.0798336938023567,1.0078123391148215,1.3493158736031727,-0.8067917741153565,0.0535484962165355,0.6640004406775933,1.3732669714330838,-0.29467695633852137,0.0846944078803062,0.9696044460812533,1.3526060874043198,-0.8129087316154824,0.0768820196390152,0.6670207198373669,1.3586050258991214,-0.35216783481593306,0.1081511452794075,0.9610926620373926,1.347113925429048,-0.7158171744753102,0.0722786709666252,0.6936122536113513,1.350630611767581,-0.2838297338816025,0.1026031598448753,0.8590398757306469,1.3700230657954113,-0.13319780297946943,0.015431560575962,0.7568745523025469,1.397423105689832,0.11616955992164525,0.019768226891756,0.8993915579086594,1.694048921896348,-0.2816084233256092,0.0043193418532609,0.7786590462497395,1.6913520119531693,-0.07261087899387866,0.0055918330326676,0.8954027463592169,2.0081369420793544,-0.03395529390543764,0.0004812723782379,0.7765317601466558,2.0090666868827833,0.08398401025128822,0.0005615795962512,0.9381506215770193,2.076608321713457,-0.02758700615497608,0.0003563395293895,0.7915000239644576,2.068150438167386,0.0847412715655063,0.0010657453676685,0.8976855775866345,2.1034212205685052,-0.42035868032726686,0.0008227249491028,0.7839395310962635,2.11978568216749,-0.27475726798301836,0.001410148339346
2025-11-11T0747.212961,211,0.762741375292556,0.8317396077125754,-0.5361982925482401,0.9466962814331056,0.746773684264276,0.769776372962539,-0.5376677470320733,0.9224452376365662,0.7659423539487273,0.79817419296352,-0.5684352452433113,0.9285268783569336,0.7391090308004692,0.8011973939119796,-0.5763700014481082,0.93897145986557,0.7181387354007769,0.8230222184533398,-0.4991694084674474,0.9103190302848816,0.7323738548585482,0.8013834382494294,-0.5297999312353656,0.9090315103530884,0.7238913007194474,0.8002463343405504,-0.5153859198681373,0.9160133004188538,0.7740402643834915,0.8215932196439013,-0.4592112722300301,0.9490825533866882,0.7346968958892369,0.8320359747106054,-0.2753501212130103,0.9085811376571656,0.7502240421247094,0.8820845328893376,-0.48969095341353164,0.967859387397766,0.722988230407284,0.873076443811564,-0.4573415672554267,0.9484792351722716,0.9074974015256554,0.9150094775143313,-0.3637298902611238,0.981833040714264,0.716141864797469,1.0020299059613622,-0.08403293371662315,0.9705427885055542,0.9722587887180287,1.0870914191456702,-0.4347040111660037,0.3398686051368713,0.6674308930292263,1.1795455112171704,0.03490463318503608,0.2620626091957092,0.9946236412595336,1.3096301793240677,-0.6444923195174401,0.0491541214287281,0.6753684053471725,1.3268891162296153,-0.15852752052314142,0.0728237703442573,1.0166637919931725,1.3352325813502246,-0.7033534591245282,0.0506312027573585,0.6536061348328238,1.3886290298041746,-0.21537151735111212,0.0776272192597389,1.0007698300470438,1.3488697995434564,-0.752092644679461,0.0730666369199752,0.6822749011272599,1.4249520309731385,-0.3003117521891242,0.0998018756508827,0.9787501540094093,1.3734901737862164,-0.6488541943312046,0.0682786107063293,0.6731275954250934,1.3549943915369669,-0.2092126678852727,0.0946518704295158,0.8772153322529295,1.374644123399795,-0.09590073735523098,0.0139167718589305,0.7745896826345742,1.383101467692612,0.09973692985646271,0.0178219061344862,0.897700478205102,1.7108343090003295,-0.22448798263636438,0.0040500410832464,0.7595884236915218,1.7161610489577088,-0.028535885450538916,0.0051886029541492,0.9303155612920804,2.0165761551797865,-0.013858980016602516,0.000454999768408,0.7772177876141028,2.014784507092793,0.05705305255506887,0.0005250492249615,0.9247652962642195,2.0461634690371175,0.03303603891936141,0.0003315203648526,0.777021663246496,2.0292462230264277,0.07820671866563465,0.0010054995073005,0.8835673853900313,2.108742675960074,-0.3869807639282297,0.0007647795137017,0.7843192301071009,2.092538378493294,-0.2979809207133493,0.0013408787781372
2025-11-11T0794.585029,212,0.7407368523837573,0.8637806567105489,-0.4846185877147298,0.9408644437789916,0.7596417415624649,0.8181013233639858,-0.48136538559862213,0.9131014347076416,0.7425790129698365,0.8206758579118484,-0.4458682638514454,0.9229741096496582,0.760415312351857,0.7852098014525528,-0.4633452395589638,0.9330140948295592,0.7054653621488988,0.8254330742289999,-0.4308646512187975,0.8968067169189453,0.7033569312773045,0.8178909287211592,-0.440708685486963,0.8973355889320374,0.6936537194000737,0.833779161599673,-0.4249548031309362,0.9020004868507384,0.7811825806431619,0.8285123315917479,-0.4217799278916445,0.945811688899994,0.71249045746376,0.8207202300774711,-0.19297808564797414,0.8949287533760071,0.7508181678137471,0.8709150177600601,-0.42990011253684673,0.964396834373474,0.7085386202348863,0.8719883664622228,-0.3911481578503533,0.9400832653045654,0.8883757305297263,0.9513629286213865,-0.329409692012799,0.9812000393867492,0.697946300075007,0.9789626442791284,-0.06438349022501984,0.9668198227882384,0.9955463535662845,1.0625693303257924,-0.3608058808324474,0.3280938267707824,0.6546124721491201,1.1948468636899363,0.0935229586897571,0.2403855323791504,1.0049906414271255,1.293961723730773,-0.5573449165401019,0.0472146235406398,0.6608158152171182,1.346438161817004,-0.15643256747094966,0.0664026662707328,1.0457145082334933,1.3635376006047073,-0.608468600278043,0.0493958704173564,0.659022480776914,1.4342290248440217,-0.22883603249054305,0.0711304172873497,1.0242214551453732,1.3746877889675178,-0.6822222302222638,0.0718611702322959,0.6483058388413936,1.4145194138554251,-0.24233941223906652,0.0920573025941848,1.0118322447382835,1.331422370874025,-0.5440554115506062,0.0665226653218269,0.6942569854663805,1.385821331991734,-0.1827832228197482,0.0872526988387107,0.875749062421114,1.3982000636651641,-0.09075692454791781,0.0125551465898752,0.7368888331668472,1.3668166733973188,0.06904626776358494,0.0160729829221963,0.9077090945163785,1.707591929044453,-0.21888766382952055,0.0037926249206066,0.7666260386586362,1.7204232217674469,-0.0979373385741288,0.0048155398108065,0.942242898845045,2.0450472475208543,0.034971230296831364,0.0004315282567404,0.7925876479088152,2.04871463123143,0.07070976081702265,0.0004890792188234,0.9394830767328312,2.0896563856819212,0.0002756023548425371,0.0003109851968474,0.7812256517134781,2.076832618428239,0.01729085483965802,0.0009389794431626,0.9075437191047028,2.1173896083647583,-0.33860703489486915,0.0007207366288639,0.7834853906253374,2.1175592566786094,-0.3010744293621572,0.0012721144594252
2025-11-11T0742.750296,213,0.7263586850807655,0.8670240713741963,-0.5079733927419903,0.9408799409866332,0.7101579066481433,0.8548427402742238,-0.49623999904415705,0.9157977104187012,0.7445717918159058,0.8282587857747341,-0.4971347519430573,0.925920069217682,0.7225534964689911,0.8151283119168423,-0.469281210310615,0.9354625940322876,0.710220081092873,0.8698727458737998,-0.49576638792231936,0.898830771446228,0.7057876072933851,0.8642317144309923,-0.44730012545084863,0.8986538052558899,0.7268956762102619,0.8498330697632396,-0.45984099784296967,0.902831256389618,0.7385846075455186,0.8435604981683784,-0.4026822217039792,0.9488155245780944,0.7382597786805706,0.8585308012368381,-0.23670233872238094,0.8985421061515808,0.7283471464360695,0.9058786182691346,-0.46700225390100264,0.9648385047912598,0.7276677153464532,0.8801527617125335,-0.37416057592336693,0.9394909739494324,0.9142970202007288,0.9755692990891294,-0.2671201528218469,0.979243278503418,0.6782811181736892,1.0215837844341957,-0.010574959041964758,0.9601534008979796,0.9740842556327192,1.0383714589979935,-0.3434372261143342,0.3221083879470825,0.6654346350849839,1.1816156261540696,0.26027676886843976,0.2216993272304535,1.0159228506546012,1.2574419188009132,-0.5541980683384503,0.0478082373738288,0.6357586175873783,1.255662627633346,0.16052880411118176,0.0618204325437545,1.0343348894134676,1.2806828943746718,-0.6177993778457245,0.0518107265233993,0.6353679707293182,1.2825728799475866,0.10697708468333539,0.0674836710095405,1.01591249502854,1.2833205373987826,-0.6722087286628021,0.0749401971697807,0.6362920771150383,1.2164972519636972,0.09141589861543607,0.0882846117019653,1.0211447159695068,1.2369439020654658,-0.5984908960030194,0.0683034658432006,0.6419962769093756,1.2207766210154725,0.11385676351103484,0.0835897922515869,0.8936756211189292,1.3874474999610498,-0.09611556300401,0.0113971270620822,0.7535840159581798,1.3590981669465452,0.08949759692735113,0.014567763544619,0.8956290981052973,1.702910880505298,-0.23789591689227804,0.0038390115369111,0.7516124639589752,1.706507299000881,-0.1439495926320568,0.0048332014121115,0.8943500369806768,2.020373153033141,-0.08352453942794139,0.0004217496607452,0.7688766942858853,2.0552862819622497,-0.05376053285493792,0.0004910435527563,0.9172225553262161,2.083198229603337,-0.03551143211164649,0.000304460467305,0.7874182703833126,2.0976069409154174,-0.05927298883234692,0.0009274904732592,0.8996553018438797,2.0739464769760136,-0.4084012659609706,0.0007080871728248,0.779637581924054,2.111959975228051,-0.39667460517907427,0.00132081808988
2025-11-11T0710.573590,214,0.7187543319479238,0.8990066996434937,-0.4987978636339797,0.9379857778549194,0.7316546370492882,0.8216138404202015,-0.4822841839912248,0.9158913493156432,0.7428407800560194,0.8541065620851225,-0.5207504986016805,0.926086962223053,0.731536483478645,0.8431030544907195,-0.5134819431141074,0.935574471950531,0.7016423036296071,0.8619130793383998,-0.46482991983733696,0.8981994390487671,0.7169100848262601,0.860431060442754,-0.4734584590588668,0.8965572118759155,0.6971155130220753,0.8704561666502065,-0.4774437620553751,0.900949239730835,0.7667170467789559,0.8639159272081027,-0.3716915635782834,0.9499195218086244,0.7176855407231028,0.8882874634142874,-0.18260110694292253,0.8995414972305298,0.749596432738164,0.9029553050264264,-0.4639557989491303,0.9627581834793092,0.726107264261444,0.9077217785714151,-0.37363490403146704,0.9352640509605408,0.8767942444477842,0.9710971779794159,-0.22553315296608314,0.9750177264213562,0.7137459745240742,0.9860601419857923,-0.005153632198715293,0.9501489996910096,0.9768093387044969,1.060432459269767,-0.34459164762289207,0.318878710269928,0.6174633884211944,1.2000310874305158,0.16901760497152638,0.2071158438920974,0.9773941041691276,1.1488780007422916,-0.6507837589700763,0.0506134927272796,0.6375488831014866,1.1715600229848355,-0.04702892457308921,0.0593307390809059,0.9691475910249583,1.119679477414262,-0.7331942896859385,0.0570653341710567,0.6272372189541532,1.2358897715714745,-0.1081799994028774,0.066560074687004,0.9965266933762204,1.1132863496398238,-0.7191094474993636,0.0810534283518791,0.6329075324454603,1.2150376206550686,-0.15424504087563445,0.0879900082945823,0.9304450272363174,1.1043684485403193,-0.6810725884805062,0.072155125439167,0.6857628986311427,1.1864629092117045,-0.07095539948046489,0.0830448493361473,0.883356277190487,1.382805917378022,-0.08334311153313098,0.010438279248774,0.7297426531703964,1.4032508667543653,0.07671983795830623,0.0132858958095312,0.9158174006881556,1.6767118025063612,-0.23783461620878127,0.0044892742298543,0.763126759417512,1.6674567952660182,-0.12568857562499114,0.0052299476228654,0.8864794403948139,1.9699439510151981,-0.07474482476155432,0.0004727599152829,0.7906182391603259,1.9806263613365087,-0.020242033508160354,0.0005574931856244,0.9015074271769545,2.0366643991153226,-0.048232814427002245,0.0003482217434793,0.7806830405918316,2.034919151521869,-0.02761033608648822,0.0010297447443008,0.8890164771648222,2.0541755245391498,-0.35935083926608036,0.0007732504163868,0.7799481051104874,2.0873569493733135,-0.3520024070111884,0.0015357418451458
2025-11-11T0738.834165,215,0.7039156707126196,0.8808633777833765,-0.5300729625320524,0.936271607875824,0.7132110186698947,0.862663812779763,-0.5187791740614243,0.9161853194236756,0.6945775876612891,0.8681928342561611,-0.4909530283075575,0.926398754119873,0.7319988542694579,0.8344321594251776,-0.4863150250910408,0.9361017942428588,0.7096201132467725,0.8592857410677938,-0.4562319598822661,0.8980672359466553,0.7107229446283508,0.8517654440080583,-0.5010274001667023,0.8948760032653809,0.7126348948824208,0.8759862075234595,-0.4647744603202117,0.9000978469848633,0.7268376165261874,0.8282237278514284,-0.34816860961456514,0.9512794017791748,0.7028768019921594,0.8719252618998504,-0.17202659111152685,0.9006720781326294,0.764822576641154,0.899200677638909,-0.4252459902394857,0.9613664150238036,0.7505983959378489,0.9129709145240615,-0.37413797834635126,0.93259459733963,0.9096805919638847,0.9498638314036066,-0.1815689281780651,0.9727839231491088,0.6780796526940522,0.9689710968237801,0.009026405242749287,0.9451149106025696,0.9583296287696478,1.061306420227875,-0.3585519898892398,0.3123136162757873,0.6505122448718565,1.1675447937185608,0.08693433744371988,0.1959557086229324,0.9193797967256885,1.1295101421877392,-0.6392640488077668,0.0510291047394275,0.6816979587695523,1.2633382228685108,-0.17743956479778397,0.0563243813812732,0.9298407635401026,1.1215470037696154,-0.7657926377814204,0.0588461086153984,0.7091676076165784,1.2421008035825882,-0.2646403433074325,0.0643422156572341,0.9396773317794402,1.1024210307460076,-0.7872634186155725,0.0828442424535751,0.6811363167016589,1.2220327792389678,-0.2801658537118638,0.0857513397932052,0.9270699200222298,1.1091231886967727,-0.6712145572602185,0.0728218257427215,0.6914728897602194,1.1934046619658676,-0.19635010438854353,0.0808776691555976,0.8945375224580562,1.4033893456970903,-0.08215201662417525,0.0097251236438751,0.7301754936419148,1.405460224940382,0.07615070091397685,0.0122999772429466,0.8861071463291593,1.6511653788712508,-0.28634672736393385,0.005061978008598,0.7652405853557058,1.64817055896167,-0.1655019905896916,0.0060985526069998,0.8951473450298909,1.9664414152072498,-0.1348464874614393,0.0004860121407546,0.7825349039005479,1.9957874219891314,-0.08572537930796009,0.0005944829317741,0.9091114099014864,2.013534988095356,-0.11558442942136864,0.0003646259428933,0.7860009880185885,2.0165772113033675,-0.12150931612185104,0.001103438436985,0.8511719394141194,2.026851356166976,-0.45816072276630937,0.0007958185160532,0.7955793529622347,2.1004124363672867,-0.4139249577867399,0.0016860965406522
2025-11-11T0748.839690,216,0.7186219260634853,0.9074234673824304,-0.4635714836934594,0.9407911896705629,0.6792204246494609,0.8524199027711055,-0.48987781573000194,0.9218544960021972,0.7116614572870228,0.8452466989398711,-0.4523585150629579,0.9317603707313538,0.7132481100611254,0.8562338658276714,-0.48742624136616974,0.9404937624931335,0.6853572843321369,0.8837999108766909,-0.3978630120040929,0.90433007478714,0.6820817494301205,0.8585914828044703,-0.4332286779637361,0.9015584588050842,0.6703851917730027,0.9118538381806801,-0.41402177294828163,0.9059871435165404,0.7377245301899902,0.8358780126889326,-0.3628131502110314,0.9549843072891236,0.6494310479473038,0.8499314549642197,-0.17340493959357445,0.9069383144378662,0.7315475145392045,0.8981940515739848,-0.44343822257618626,0.9639996290206908,0.7085469892604012,0.9135558275439649,-0.3446701696366522,0.9363747835159302,0.8697116253201234,0.957650388442788,-0.21894699932929956,0.9740548729896544,0.6803439242914417,1.0331424619338903,-0.017932970604177575,0.9470457434654236,0.9617654836899302,1.045812388984246,-0.2556805003355007,0.2966493666172027,0.6602873642020092,1.1992345733870955,0.12257715247421316,0.1830457895994186,0.9507909288387663,1.2631674699379658,-0.44776320866299474,0.0482325330376625,0.670195491427205,1.3238239680000157,-0.0625263724494617,0.0520160049200058,0.9786986656848286,1.3204312171529498,-0.5310007208064316,0.0562287829816341,0.6637687551291463,1.3763476286519152,-0.13954663570832432,0.0597644858062267,0.9554613266873137,1.2817903333060365,-0.5601935217650311,0.079853743314743,0.6622534558858477,1.339635463733524,-0.1639343412225786,0.080342523753643,0.9527243572373918,1.2678200964383173,-0.5151892392099661,0.0697476714849472,0.6864131143565888,1.333576685407597,-0.11645274332337785,0.0757224410772323,0.9036961460067726,1.3926493909462525,-0.09144681666797164,0.0088016577064991,0.6921113759659722,1.3787659488911574,0.10538273606083237,0.0111232828348875,0.8637539276204987,1.6637872776163707,-0.3018892608981721,0.0046911719255149,0.7731400894551683,1.673141424148515,-0.10428799612534267,0.0056577939540147,0.8913242958871137,1.9819104539942718,-0.03871157142783022,0.0004575730999931,0.7691935634526686,1.976912542147344,-0.03704198996894644,0.0005496741505339,0.9231295428843067,2.0112678441763343,-0.044414479397519156,0.000343833991792,0.7527835266154353,2.0235513428283713,-0.023519452288368638,0.0010208528256043,0.8774795266384215,2.053357776766028,-0.36772980771979114,0.0007464188383892,0.7779542678382647,2.0965556928081366,-0.397632966086628,0.0015636251773685
2025-11-11T0727.138956,217,0.6684857443271118,0.9256348285489824,-0.46143328698499875,0.9458163976669312,0.692772972816157,0.8728662806588983,-0.46696129511375983,0.9282842874526978,0.6981839771852107,0.8510698088149861,-0.4705410606761,0.9375461935997008,0.6721662616981867,0.8733436859662799,-0.4562613171913769,0.9454289674758912,0.6868495317537212,0.8678578293546012,-0.41791114610777785,0.9114890098571776,0.685334901846008,0.8677947120405382,-0.4245948803942977,0.9089245200157166,0.656583631921795,0.9002622571021762,-0.4099017895433672,0.9125731587409972,0.7153315712001737,0.8330439614534194,-0.39839043816473413,0.9589200615882874,0.6671618855520876,0.8863699984070108,-0.11134579271355617,0.9137375950813292,0.7142928467851143,0.919424530071145,-0.40354441855844814,0.9669747948646544,0.6794332331178901,0.9172284200607927,-0.37112488623336504,0.9408001899719238,0.870222049778179,0.9532352662524313,-0.24566224418445337,0.9760369658470154,0.6748700094670409,1.0019606161866228,-0.008898998585326983,0.9486623406410216,0.9841524148793406,1.029298773388439,-0.29340727394356214,0.2898128032684326,0.6908193065313426,1.201551448832301,0.13736219464586485,0.1690580695867538,0.9615869255307887,1.2863851400496946,-0.49161306134154126,0.0476351082324981,0.6473710366557845,1.3639618560546447,-0.12660664238982577,0.0479779094457626,0.993196946815414,1.304441915877191,-0.5493547896360877,0.0564736649394035,0.6816412174194023,1.4119325935916989,-0.17015437765530617,0.0556415691971778,1.0022219281717448,1.34872308162802,-0.5891047917371297,0.0818032473325729,0.6721878815321107,1.3999937619165679,-0.2127319581533882,0.0756746232509613,0.945042657548607,1.3412803897009151,-0.4894758647742558,0.070527546107769,0.7012759101469135,1.3633403162578923,-0.12529085821419536,0.0713745579123497,0.8621670511202129,1.3874713960602225,-0.10073316722044896,0.0079331630840897,0.7219464574360093,1.4023313384192921,0.0954580222225641,0.0100215710699558,0.8762437856593329,1.7030717882004018,-0.1988484083602319,0.0042567355558276,0.7475016184693393,1.6641104232883581,0.01167279467150089,0.0051335440948605,0.873789749546442,1.9555269667032942,0.05718154775008532,0.0004190244944766,0.7747720848904085,1.986529522757837,0.16687539117719843,0.0004983874969184,0.8843973436195137,2.0059144645838565,0.057100654760860445,0.0003140156914014,0.7805957296768287,2.0561091703773,0.13457519339433516,0.0009273454197682,0.8660932658571474,2.067877432429255,-0.2887741937557725,0.0006832412327639,0.788358719337709,2.085864689989067,-0.15666565531341162,0.0014239802258089
2025-11-11T0796.597824,218,0.6322991676057649,0.8958718184087145,-0.3566083538819282,0.9507094025611876,0.676100883130567,0.8506798359446285,-0.3918663144022053,0.9345657229423524,0.6834623922220671,0.8352095003346351,-0.39279663154349065,0.9431766271591188,0.6661826407625581,0.891524105413002,-0.39483691529621384,0.9502822160720824,0.6633933898174994,0.8442345988146548,-0.34780469405399694,0.9187847375869752,0.661264693095841,0.8551873209805859,-0.34089303763623974,0.9165723919868468,0.6187094488634459,0.8723338330454848,-0.37650082647285427,0.9196556806564332,0.7114702305785731,0.8440567302067573,-0.33121173094773443,0.9626431465148926,0.6568355520205758,0.8815385927418954,-0.10354324349860353,0.9210413694381714,0.691463265224163,0.9091046274394542,-0.33681092260787043,0.9698231816291808,0.6986402921970586,0.924690716331674,-0.2768454774940597,0.9452863335609436,0.8570506167584725,0.9698601368974352,-0.20482269207489956,0.9777382016181946,0.6562365658944048,1.0067088284285348,0.013204956710857576,0.950961172580719,0.964908253776013,1.0481849515374067,-0.2758680593007231,0.2826851606369018,0.6568741767359634,1.2164657138042057,0.20321868806042556,0.1573814153671264,0.9470750361388424,1.3568745592674578,-0.41011285618757104,0.0490750335156917,0.6839285993457123,1.3584304395121176,0.03856010290691841,0.0447605103254318,0.9857856086628636,1.3755573005100123,-0.47750723708908205,0.0579804666340351,0.6446069574257666,1.3837921649071083,0.010491915277811004,0.0522369369864463,0.9519263703118559,1.3726181664355237,-0.4867976188184338,0.0851050540804863,0.684734298999129,1.410939533170349,-0.02666386233661022,0.0719019696116447,0.9500726924673524,1.367728239456296,-0.40809056895515805,0.0735310763120651,0.6408546662166376,1.3678885490753048,0.004895307071651726,0.0681408643722534,0.8891744986260928,1.385081789196087,-0.09494838818905359,0.0071547315455973,0.6939554661536302,1.391023781172839,0.05471028418225057,0.0090354699641466,0.8584758075058576,1.7032030348483056,-0.19415513891963865,0.003841089317575,0.6949612279691578,1.6969321867774425,-0.004991633275335857,0.0046366499736905,0.8797543257676018,1.9655587618638868,0.11285078878274078,0.0003794687218032,0.7351547247904001,1.9837085417626696,0.19006960385290655,0.0004502182709984,0.869466272386553,2.0596770155650206,0.12280701022016512,0.0002846755378413,0.7507781130173329,2.053863060084313,0.23130686129485556,0.0008391452138312,0.8688555221068606,2.080305857964101,-0.27727203949261253,0.0006199851632118,0.7512620088146038,2.0923161283434064,-0.13248019158100116,0.0012958942679688
2025-11-11T0727.143891,219,0.6327493701519682,0.893411071004693,-0.3482743958964795,0.955261766910553,0.6517623324062519,0.8784641740496838,-0.37564016313203136,0.9405467510223388,0.6340290266878711,0.851799715311162,-0.39264543805235735,0.9484952688217164,0.6726180402490405,0.8334271018554725,-0.36719510545602607,0.9548718333244324,0.6251733933121398,0.8745460736426844,-0.32135353195526,0.9258763790130616,0.5979172973202675,0.8725387055524051,-0.31791556857536774,0.9239991903305054,0.635610566816286,0.8523118407498377,-0.33070639726861245,0.9265841245651244,0.6575958980602326,0.8085223467152215,-0.33447983518892127,0.966161847114563,0.6356600439256931,0.8715517099259164,-0.07862248472776136,0.9281820058822632,0.6633317343030029,0.8922743523460551,-0.3559747823716987,0.9725525379180908,0.6691235130349084,0.8954665103618378,-0.26180543672726125,0.9498317837715148,0.8554505426965989,0.9314824257352665,-0.2599378433355336,0.9795004725456238,0.6808873695022712,1.0139815760251893,0.038721845238761876,0.9539664387702942,0.9152397276456989,1.0281065925750303,-0.2866896632961536,0.2735979855060577,0.6306064789373624,1.2006827567243163,0.21883668548323795,0.1467726081609726,0.9688149000153999,1.323689423866581,-0.39688739706648524,0.0496545173227787,0.648855348238834,1.3646329951381377,0.09700775827472621,0.0416141562163829,0.9716911575810739,1.3839705957416466,-0.4517010974951017,0.0584201253950595,0.657509472848377,1.3956015328722609,0.07887472633172568,0.0487660616636276,0.962651551894467,1.3927570490472716,-0.48787717628314586,0.0869693681597709,0.6268418327586326,1.4213071753278417,0.03153128119697536,0.0679314360022544,0.9332696376825967,1.3764664847054906,-0.40803887643415293,0.0750163197517395,0.6624045663409904,1.3636696885066943,0.07659871710383204,0.0645631998777389,0.855027934957985,1.3934214703511763,-0.0946742610239519,0.0064524756744503,0.7077289366401069,1.3977710733632305,0.07913208734644178,0.0081465737894177,0.837869066364788,1.7153576685103917,-0.17000909986630264,0.0034654845949262,0.7509602898557151,1.7075656928406204,0.0661256465767956,0.0041862563230097,0.8565280049583974,1.980595533147332,0.11252319737082284,0.0003442182787694,0.7284690168451424,1.9610326995677938,0.2820197676166752,0.0004064748063683,0.8786311089313005,2.032501805615575,0.164380860975901,0.0002586460323072,0.7110157048749529,2.011408874288802,0.27478383742058016,0.0007594867493025,0.8453515362363477,2.0613788927007595,-0.21377070458148395,0.0005633205873891,0.7218851451332444,2.0788934960155374,-0.05858333261288195,0.0011778103653341
2025-11-11T0710.495852,220,0.6556715037363479,0.8594986856947152,-0.28526823375446136,0.9593850374221802,0.6269509946694648,0.8335539674833001,-0.3284526237848031,0.9459619522094728,0.6722679041032906,0.8479826463540623,-0.29528752248757445,0.9532294273376464,0.6801346961308659,0.8301160242487937,-0.3262746118902052,0.958992063999176,0.6197179256223027,0.8448229061439941,-0.27054025230543277,0.932396650314331,0.6126511799772274,0.8674207082197445,-0.26835543672756257,0.9307523369789124,0.6140190375148399,0.8638334887562763,-0.28072692929367893,0.933023989200592,0.6917986367200298,0.8447224722283746,-0.314822390038503,0.9692765474319458,0.6321357607247723,0.8881838447173332,-0.06780254253898971,0.9346453547477722,0.684459209348546,0.8650542350723871,-0.30532556294729607,0.9749817848205566,0.6602004959750342,0.9045559661408094,-0.18938867045932573,0.9539218544960022,0.867374961210213,0.9470481449436037,-0.26299196876029374,0.9810830354690552,0.6557366742370309,1.0095174387870043,0.046472714597191975,0.956136167049408,0.9195848393354802,1.132319402684915,-0.30670849838235653,0.2649658322334289,0.6496176592135494,1.2219825397333937,0.2183872816857786,0.1362371444702148,0.9454074950273509,1.2873847030932881,-0.4214285095677014,0.0486850328743457,0.6314680986349449,1.3380079061260164,-0.029995990885283666,0.0381984524428844,1.0017039174027038,1.3797566049856465,-0.45268803335696445,0.0574879087507724,0.6653303404107722,1.4246654545406021,-0.022178564959648393,0.0449897646903991,0.9834813888408902,1.3549202523997326,-0.4995010925809598,0.086747720837593,0.6691875904352266,1.3845570631373125,-0.00810716662914503,0.0632455125451088,0.9722322886346113,1.3664348174908767,-0.4429811831647765,0.0748729333281517,0.6448233053255789,1.402770720605493,-0.056670973048122464,0.0603791512548923,0.8504918627664216,1.3639067235715412,-0.09289863819164572,0.0058129196986556,0.6948044014758167,1.3918348194808916,0.08688429609648651,0.0073388470336794,0.8448392611253962,1.7104793960299174,-0.08412807477504658,0.0031219993252307,0.7069949605538691,1.7218259621510346,0.1366211666651083,0.0037710254546254,0.8593886982328893,1.9564283185057951,0.306712630027598,0.0003104898205492,0.7230849258439578,1.9888238594913368,0.40421919479202123,0.0003661594528239,0.8598314486973233,2.0197206465099673,0.32009278747952696,0.0002332742878934,0.7418972473767728,2.0343353887898328,0.4170493200225064,0.0006846262840554,0.8385125812902351,2.070034077026572,-0.016838363421938816,0.0005086564924567,0.743862573554501,2.0750698423270695,0.12618706029891358,0.0010637623490765
2025-11-11T0768.886622,221,0.628573250948089,0.8860929332014789,-0.2743443870179489,0.963173806667328,0.6183483093519324,0.8703734701563609,-0.2941653916154492,0.950986921787262,0.6207549304870444,0.8076317152262491,-0.29822935882589047,0.957587957382202,0.6110949425533564,0.8360165691238888,-0.3101450371081117,0.9628056883811952,0.6173537184692383,0.8641482857818213,-0.24192134147444908,0.9384742379188538,0.5996995250497952,0.8680509963851682,-0.22877064452844056,0.9369809031486512,0.5957380487388424,0.8692795411968586,-0.2389789558634827,0.9390015602111816,0.654528283172408,0.81838312423442,-0.3208330538565164,0.972176432609558,0.6212633847997054,0.8753179222768904,-0.02012182039741916,0.9405508637428284,0.6590812362502794,0.8751088584987737,-0.25882666317317043,0.9772640466690063,0.6235500919781423,0.8888680597846764,-0.19182387888799918,0.9577905535697936,0.8438627108730341,0.9427482009473057,-0.3196076272379329,0.982699990272522,0.6464084463994615,1.0033620500507936,0.017772402801365165,0.9583842158317566,0.9371418106485382,1.0452033675702639,-0.361679569860475,0.266937106847763,0.6339622763319623,1.1816373336061283,0.16075620824400363,0.1281272768974304,0.9633724761645748,1.304333208841648,-0.4267366970586942,0.0494092479348182,0.6352706423900124,1.3311177793140472,-0.1324025568900236,0.0353440269827842,0.9728671669920349,1.3680313079038462,-0.45183210026331855,0.0582532696425914,0.6102272450157541,1.3818967107358537,-0.14109730366712483,0.041959673166275,0.9449749665465585,1.348145289184826,-0.45067407466315557,0.0890126675367355,0.5752713572234603,1.391552111392262,-0.20428182865152564,0.0597483068704605,0.9282603545388948,1.3311142951033121,-0.42559641185309793,0.0770719945430755,0.6195348141202118,1.342383558984143,-0.1868366108519231,0.057388599961996,0.84334868965042,1.35634056234913,-0.10985503034033002,0.0052381474524736,0.6898997036473542,1.3623822177658473,0.12461789914949672,0.0066120009869337,0.8361754401674891,1.7078940944063974,-0.13011659947718796,0.002813130384311,0.7264043629879642,1.6851623171525305,0.16093064392103917,0.0033975599799305,0.8590001519638067,1.9540434286414479,0.2456432505089593,0.0002798131899908,0.7280916352798912,1.9728258567792787,0.41564648889655936,0.0003297681687399,0.8948058061260478,2.0306163675243583,0.273856678769849,0.0002101879072142,0.7471957092912895,2.0336968752062594,0.4326048978015489,0.0006169641856104,0.842225107984233,2.0816541774087836,-0.05425584582664278,0.0004587389121297,0.7356185051469205,2.0743440033167544,0.12339304360933132,0.0009597016614861
2025-11-11T0720.915869,222,0.5969201169648242,0.8397030723785324,-0.25888282207430224,0.9662944078445436,0.6015037010295421,0.8210602876008489,-0.29303548787405564,0.9551945924758912,0.6243087969498567,0.8206650161339277,-0.32527637630537687,0.9612407684326172,0.6036825765720063,0.7848374264697205,-0.30723827520407426,0.966015875339508,0.5909753235534362,0.8366432623510828,-0.2620065317441507,0.9433690309524536,0.6039406687378279,0.8362572703909684,-0.25858586453935595,0.9418958425521852,0.5808962207481105,0.8471553884111642,-0.26982265600192135,0.9436930418014526,0.5859834121210905,0.8059189985685301,-0.33983403048076094,0.974681317806244,0.6188516402989575,0.8442666483412513,-0.07158436950017139,0.94527930021286,0.6396218330135891,0.8705825325433593,-0.3006396752541955,0.9792059659957886,0.6266113467642853,0.8711012189566141,-0.1991062389172031,0.9608917832374572,0.8291241523131606,0.9173007745129648,-0.4200378398137728,0.9842293858528136,0.5985907330999598,0.9972444197660915,0.06585210397173373,0.9603006839752196,0.9262019286835755,1.05987204868738,-0.4479855578051178,0.2748260796070099,0.6045291218381053,1.2165941097524136,0.17880330464345962,0.119689330458641,0.9471610548851066,1.3046080840387588,-0.4652488805987893,0.0494243241846561,0.6199434161858,1.332130028114431,-0.08487489240440725,0.0324302166700363,0.9609525265633259,1.364098616297834,-0.5550365286652603,0.0578536763787269,0.6094177597516708,1.4070368388056826,-0.09758247380924807,0.0387559756636619,0.9293530662014414,1.3463660234672463,-0.502941107165413,0.0890512317419052,0.6454787852703577,1.4026907352424587,-0.14730034074912196,0.0556751936674118,0.9242523060707627,1.3570826081154825,-0.48809998685649125,0.0770445764064788,0.5975448114034099,1.3600578991087624,-0.09487793968006672,0.0537098310887813,0.8301303552887657,1.3457397133269202,-0.16419859442071574,0.0047211442142724,0.6840351753862681,1.3454671957394821,0.1566553472296469,0.0059577287174761,0.8421989321725392,1.708867565186097,-0.10388701575203373,0.0025344626046717,0.7275270088850612,1.6914671492630629,0.2191113515688233,0.0030610414687544,0.8599766603335554,2.0025759425606178,0.3010280092111367,0.0002521108835935,0.742420019098244,1.9797499806393903,0.5178276837816966,0.0002969549095723,0.8875687288577433,2.0451290382287515,0.3241967055967605,0.0001893513835966,0.718243554126435,2.023263391427776,0.5517396668771728,0.0005561042344197,0.7979574132236834,2.069450074066116,0.00725966951038861,0.0004135273629799,0.7264234182565124,2.078458178289735,0.21669390379596593,0.0008655497222207
2025-11-11T0758.232931,223,0.583629813096059,0.839795132265352,-0.2670527345538342,0.9690880179405212,0.5862844189293982,0.8103488342319819,-0.3017913918670356,0.959062397480011,0.5723303416689529,0.8124223327571168,-0.3023379972631379,0.9645308256149292,0.5921181173776744,0.8070498422777691,-0.30062215391525926,0.9689697623252868,0.5447961435468824,0.8259037724562595,-0.23175118969685063,0.947748601436615,0.5383345067995985,0.8283510296827621,-0.18969114523936845,0.9461079239845276,0.5411144315240201,0.8512878587300886,-0.21764348789152754,0.9479459524154664,0.6156402681208405,0.8110317825559982,-0.3246382882877365,0.9769878387451172,0.5800731102497259,0.8431481260498035,-0.02218641357943785,0.9492729306221008,0.6057017338876455,0.8723384220349208,-0.29185776716984885,0.9809597134590148,0.5924842753228083,0.8977590398368209,-0.17691488081555795,0.963645040988922,0.7912622378861043,0.892776128718517,-0.4490887386522011,0.9856441020965576,0.6071690944665789,0.981921859059789,0.17134239667639722,0.9597374796867372,0.9283376766718839,1.0176438167307855,-0.5281883175194118,0.3039788901805877,0.6102680345817,1.197350445040484,0.24135564991848465,0.1107466593384742,0.8947211695580405,1.3112105912173573,-0.6364139864548312,0.0535364188253879,0.623673889464366,1.3614220367204652,0.014658975648845213,0.0298115015029907,0.9128629762662505,1.371849325060731,-0.7062772265566013,0.0620933249592781,0.6004958561391969,1.4107493060951544,-0.023221211784144893,0.0359650738537311,0.9207739429047914,1.3959256907247983,-0.7090162294755945,0.0964729115366935,0.6066098887666035,1.3763175438437572,-0.10262790884381648,0.0521987490355968,0.9067732575581653,1.3445383011899876,-0.6436199454586679,0.0818198397755622,0.5937177333196819,1.3451861490588408,-0.02831436105539284,0.0504695028066635,0.8230636773980228,1.3315416328820144,-0.18569223395134973,0.0042618638835847,0.6675475159062161,1.3537595317566284,0.20009911578661602,0.0053710965439677,0.8002929724731729,1.679358058838512,-0.11841015275150941,0.0023142804857343,0.6945069705215471,1.6989477101414294,0.22413887747934558,0.0027874249499291,0.8336956724946745,1.9892334522980413,0.2259906908154109,0.0002290215052198,0.7090557901286071,1.9647538787721868,0.503502274097951,0.0002686732041183,0.8477915944068976,2.005332826950101,0.25013394819044377,0.000171628431417,0.6881271548158253,2.0151078159609424,0.5020152770912896,0.0005078379181213,0.7991711555721348,2.0675018222379347,-0.07503858087077463,0.0003759650862775,0.6945936971905949,2.0811848766525385,0.20036492062224948,0.0007870382396504
2025-11-11T0783.539662,224,0.5714394149811846,0.8788414150814483,-0.2643054360269477,0.9717538356781006,0.5599910115692754,0.8333013575755857,-0.3037679002211708,0.9626837372779846,0.5664451031866908,0.822317305784442,-0.280194939377984,0.9676515460014344,0.6022250367856875,0.799756847604732,-0.3109731003267743,0.9717425107955932,0.5571323905266334,0.8428698072389429,-0.1824369989991167,0.951978087425232,0.5481863709108358,0.8277324303474287,-0.21928509070484298,0.9503055214881896,0.5679696675050239,0.8161528453688983,-0.2221467650057876,0.9520370364189148,0.5911354342513576,0.8090746325099227,-0.36424538835429326,0.9791261553764344,0.569533751503892,0.8363183726977026,-0.014549695223235622,0.9531858563423156,0.5932385821348283,0.8537928516075547,-0.2810016950738375,0.9826482534408568,0.5569976684889968,0.8960858022975857,-0.15881915274152214,0.9664369225502014,0.774864510779726,0.8892390595559487,-0.42325737020815746,0.986979842185974,0.6288048823202178,0.9537378117179498,0.1996800329705432,0.9613569378852844,0.887153379512579,1.0469896437821768,-0.5220943841567429,0.3375610411167145,0.6192777219883321,1.1950900234253063,0.29654374050607696,0.1035023182630539,0.8950948184450928,1.3458916066075475,-0.5754598215399749,0.0583489537239074,0.5663007382788765,1.3141522664368535,0.10174831754145053,0.0278711020946502,0.883876941385002,1.3594723272579157,-0.6437327798715717,0.066119872033596,0.542120661783063,1.3845355789279739,0.036367174843811544,0.0340624488890171,0.8319268254445634,1.388592304711196,-0.67197291931112,0.1034295186400413,0.5699241065654224,1.3676264250740566,-0.00011548724145206413,0.0502203702926635,0.8581507990247967,1.3424592664043942,-0.5987287331252228,0.0866672545671463,0.5929472808181481,1.33370581534442,0.033401565031169915,0.0486706718802452,0.8025386515969727,1.3042101518231972,-0.21487960771260475,0.0038467831909656,0.664490196566013,1.3537022958214373,0.20310265678369846,0.0048414166085422,0.8296954691440672,1.6967301367253822,-0.1855201660127507,0.0021029356867074,0.694931101833123,1.7238296441433762,0.22214467061646215,0.0025262131821364,0.8148973960751075,2.006315971606977,0.142650311963613,0.0002072303177556,0.6846060827042538,1.9743679849232287,0.46956993989279017,0.0002424678095849,0.8590950669385105,2.0320121631428765,0.15184498013024986,0.0001551418681629,0.673135446396947,2.041811866927979,0.4380171100783919,0.0004606048460118,0.7690102148523377,2.070942259266259,-0.15695801217727653,0.0003405047755222,0.7097949012986656,2.1123117931702247,0.15121179866278933,0.0007125923293642
